 # Detector n:            1   ep_prist  (integrated over solid angle)
 # N. of energy intervals        1000
  1.000E-04  1.199E-04  0.000E+00  0.000E+00
  1.199E-04  1.398E-04  0.000E+00  0.000E+00
  1.398E-04  1.597E-04  0.000E+00  0.000E+00
  1.597E-04  1.796E-04  0.000E+00  0.000E+00
  1.796E-04  1.995E-04  0.000E+00  0.000E+00
  1.995E-04  2.194E-04  0.000E+00  0.000E+00
  2.194E-04  2.393E-04  0.000E+00  0.000E+00
  2.393E-04  2.592E-04  0.000E+00  0.000E+00
  2.592E-04  2.791E-04  0.000E+00  0.000E+00
  2.791E-04  2.990E-04  0.000E+00  0.000E+00
  2.990E-04  3.189E-04  0.000E+00  0.000E+00
  3.189E-04  3.388E-04  0.000E+00  0.000E+00
  3.388E-04  3.587E-04  0.000E+00  0.000E+00
  3.587E-04  3.786E-04  0.000E+00  0.000E+00
  3.786E-04  3.985E-04  0.000E+00  0.000E+00
  3.985E-04  4.184E-04  0.000E+00  0.000E+00
  4.184E-04  4.383E-04  0.000E+00  0.000E+00
  4.383E-04  4.582E-04  0.000E+00  0.000E+00
  4.582E-04  4.781E-04  0.000E+00  0.000E+00
  4.781E-04  4.980E-04  0.000E+00  0.000E+00
  4.980E-04  5.179E-04  0.000E+00  0.000E+00
  5.179E-04  5.378E-04  0.000E+00  0.000E+00
  5.378E-04  5.577E-04  0.000E+00  0.000E+00
  5.577E-04  5.776E-04  0.000E+00  0.000E+00
  5.776E-04  5.975E-04  0.000E+00  0.000E+00
  5.975E-04  6.174E-04  0.000E+00  0.000E+00
  6.174E-04  6.373E-04  0.000E+00  0.000E+00
  6.373E-04  6.572E-04  0.000E+00  0.000E+00
  6.572E-04  6.771E-04  0.000E+00  0.000E+00
  6.771E-04  6.970E-04  0.000E+00  0.000E+00
  6.970E-04  7.169E-04  0.000E+00  0.000E+00
  7.169E-04  7.368E-04  0.000E+00  0.000E+00
  7.368E-04  7.567E-04  0.000E+00  0.000E+00
  7.567E-04  7.766E-04  0.000E+00  0.000E+00
  7.766E-04  7.965E-04  0.000E+00  0.000E+00
  7.965E-04  8.164E-04  0.000E+00  0.000E+00
  8.164E-04  8.363E-04  0.000E+00  0.000E+00
  8.363E-04  8.562E-04  0.000E+00  0.000E+00
  8.562E-04  8.761E-04  0.000E+00  0.000E+00
  8.761E-04  8.960E-04  0.000E+00  0.000E+00
  8.960E-04  9.159E-04  0.000E+00  0.000E+00
  9.159E-04  9.358E-04  0.000E+00  0.000E+00
  9.358E-04  9.557E-04  0.000E+00  0.000E+00
  9.557E-04  9.756E-04  0.000E+00  0.000E+00
  9.756E-04  9.955E-04  0.000E+00  0.000E+00
  9.955E-04  1.015E-03  0.000E+00  0.000E+00
  1.015E-03  1.035E-03  0.000E+00  0.000E+00
  1.035E-03  1.055E-03  0.000E+00  0.000E+00
  1.055E-03  1.075E-03  0.000E+00  0.000E+00
  1.075E-03  1.095E-03  0.000E+00  0.000E+00
  1.095E-03  1.115E-03  0.000E+00  0.000E+00
  1.115E-03  1.135E-03  0.000E+00  0.000E+00
  1.135E-03  1.155E-03  0.000E+00  0.000E+00
  1.155E-03  1.175E-03  0.000E+00  0.000E+00
  1.175E-03  1.195E-03  0.000E+00  0.000E+00
  1.195E-03  1.214E-03  0.000E+00  0.000E+00
  1.214E-03  1.234E-03  0.000E+00  0.000E+00
  1.234E-03  1.254E-03  0.000E+00  0.000E+00
  1.254E-03  1.274E-03  0.000E+00  0.000E+00
  1.274E-03  1.294E-03  0.000E+00  0.000E+00
  1.294E-03  1.314E-03  0.000E+00  0.000E+00
  1.314E-03  1.334E-03  0.000E+00  0.000E+00
  1.334E-03  1.354E-03  0.000E+00  0.000E+00
  1.354E-03  1.374E-03  0.000E+00  0.000E+00
  1.374E-03  1.394E-03  0.000E+00  0.000E+00
  1.394E-03  1.413E-03  0.000E+00  0.000E+00
  1.413E-03  1.433E-03  0.000E+00  0.000E+00
  1.433E-03  1.453E-03  0.000E+00  0.000E+00
  1.453E-03  1.473E-03  0.000E+00  0.000E+00
  1.473E-03  1.493E-03  0.000E+00  0.000E+00
  1.493E-03  1.513E-03  0.000E+00  0.000E+00
  1.513E-03  1.533E-03  0.000E+00  0.000E+00
  1.533E-03  1.553E-03  0.000E+00  0.000E+00
  1.553E-03  1.573E-03  0.000E+00  0.000E+00
  1.573E-03  1.593E-03  0.000E+00  0.000E+00
  1.593E-03  1.612E-03  0.000E+00  0.000E+00
  1.612E-03  1.632E-03  0.000E+00  0.000E+00
  1.632E-03  1.652E-03  0.000E+00  0.000E+00
  1.652E-03  1.672E-03  0.000E+00  0.000E+00
  1.672E-03  1.692E-03  0.000E+00  0.000E+00
  1.692E-03  1.712E-03  0.000E+00  0.000E+00
  1.712E-03  1.732E-03  0.000E+00  0.000E+00
  1.732E-03  1.752E-03  0.000E+00  0.000E+00
  1.752E-03  1.772E-03  0.000E+00  0.000E+00
  1.772E-03  1.792E-03  0.000E+00  0.000E+00
  1.792E-03  1.811E-03  0.000E+00  0.000E+00
  1.811E-03  1.831E-03  0.000E+00  0.000E+00
  1.831E-03  1.851E-03  0.000E+00  0.000E+00
  1.851E-03  1.871E-03  0.000E+00  0.000E+00
  1.871E-03  1.891E-03  0.000E+00  0.000E+00
  1.891E-03  1.911E-03  0.000E+00  0.000E+00
  1.911E-03  1.931E-03  0.000E+00  0.000E+00
  1.931E-03  1.951E-03  0.000E+00  0.000E+00
  1.951E-03  1.971E-03  0.000E+00  0.000E+00
  1.971E-03  1.991E-03  0.000E+00  0.000E+00
  1.991E-03  2.010E-03  0.000E+00  0.000E+00
  2.010E-03  2.030E-03  0.000E+00  0.000E+00
  2.030E-03  2.050E-03  0.000E+00  0.000E+00
  2.050E-03  2.070E-03  0.000E+00  0.000E+00
  2.070E-03  2.090E-03  0.000E+00  0.000E+00
  2.090E-03  2.110E-03  0.000E+00  0.000E+00
  2.110E-03  2.130E-03  0.000E+00  0.000E+00
  2.130E-03  2.150E-03  0.000E+00  0.000E+00
  2.150E-03  2.170E-03  0.000E+00  0.000E+00
  2.170E-03  2.190E-03  0.000E+00  0.000E+00
  2.190E-03  2.209E-03  0.000E+00  0.000E+00
  2.209E-03  2.229E-03  0.000E+00  0.000E+00
  2.229E-03  2.249E-03  0.000E+00  0.000E+00
  2.249E-03  2.269E-03  0.000E+00  0.000E+00
  2.269E-03  2.289E-03  0.000E+00  0.000E+00
  2.289E-03  2.309E-03  0.000E+00  0.000E+00
  2.309E-03  2.329E-03  0.000E+00  0.000E+00
  2.329E-03  2.349E-03  0.000E+00  0.000E+00
  2.349E-03  2.369E-03  0.000E+00  0.000E+00
  2.369E-03  2.389E-03  0.000E+00  0.000E+00
  2.389E-03  2.408E-03  0.000E+00  0.000E+00
  2.408E-03  2.428E-03  0.000E+00  0.000E+00
  2.428E-03  2.448E-03  0.000E+00  0.000E+00
  2.448E-03  2.468E-03  0.000E+00  0.000E+00
  2.468E-03  2.488E-03  0.000E+00  0.000E+00
  2.488E-03  2.508E-03  0.000E+00  0.000E+00
  2.508E-03  2.528E-03  0.000E+00  0.000E+00
  2.528E-03  2.548E-03  0.000E+00  0.000E+00
  2.548E-03  2.568E-03  0.000E+00  0.000E+00
  2.568E-03  2.588E-03  0.000E+00  0.000E+00
  2.588E-03  2.607E-03  0.000E+00  0.000E+00
  2.607E-03  2.627E-03  0.000E+00  0.000E+00
  2.627E-03  2.647E-03  0.000E+00  0.000E+00
  2.647E-03  2.667E-03  0.000E+00  0.000E+00
  2.667E-03  2.687E-03  0.000E+00  0.000E+00
  2.687E-03  2.707E-03  0.000E+00  0.000E+00
  2.707E-03  2.727E-03  0.000E+00  0.000E+00
  2.727E-03  2.747E-03  0.000E+00  0.000E+00
  2.747E-03  2.767E-03  0.000E+00  0.000E+00
  2.767E-03  2.787E-03  0.000E+00  0.000E+00
  2.787E-03  2.806E-03  0.000E+00  0.000E+00
  2.806E-03  2.826E-03  0.000E+00  0.000E+00
  2.826E-03  2.846E-03  0.000E+00  0.000E+00
  2.846E-03  2.866E-03  0.000E+00  0.000E+00
  2.866E-03  2.886E-03  0.000E+00  0.000E+00
  2.886E-03  2.906E-03  0.000E+00  0.000E+00
  2.906E-03  2.926E-03  0.000E+00  0.000E+00
  2.926E-03  2.946E-03  0.000E+00  0.000E+00
  2.946E-03  2.966E-03  0.000E+00  0.000E+00
  2.966E-03  2.986E-03  0.000E+00  0.000E+00
  2.986E-03  3.005E-03  0.000E+00  0.000E+00
  3.005E-03  3.025E-03  0.000E+00  0.000E+00
  3.025E-03  3.045E-03  0.000E+00  0.000E+00
  3.045E-03  3.065E-03  0.000E+00  0.000E+00
  3.065E-03  3.085E-03  0.000E+00  0.000E+00
  3.085E-03  3.105E-03  0.000E+00  0.000E+00
  3.105E-03  3.125E-03  0.000E+00  0.000E+00
  3.125E-03  3.145E-03  0.000E+00  0.000E+00
  3.145E-03  3.165E-03  0.000E+00  0.000E+00
  3.165E-03  3.185E-03  0.000E+00  0.000E+00
  3.185E-03  3.204E-03  0.000E+00  0.000E+00
  3.204E-03  3.224E-03  0.000E+00  0.000E+00
  3.224E-03  3.244E-03  0.000E+00  0.000E+00
  3.244E-03  3.264E-03  0.000E+00  0.000E+00
  3.264E-03  3.284E-03  0.000E+00  0.000E+00
  3.284E-03  3.304E-03  0.000E+00  0.000E+00
  3.304E-03  3.324E-03  0.000E+00  0.000E+00
  3.324E-03  3.344E-03  0.000E+00  0.000E+00
  3.344E-03  3.364E-03  0.000E+00  0.000E+00
  3.364E-03  3.384E-03  0.000E+00  0.000E+00
  3.384E-03  3.403E-03  0.000E+00  0.000E+00
  3.403E-03  3.423E-03  0.000E+00  0.000E+00
  3.423E-03  3.443E-03  0.000E+00  0.000E+00
  3.443E-03  3.463E-03  0.000E+00  0.000E+00
  3.463E-03  3.483E-03  0.000E+00  0.000E+00
  3.483E-03  3.503E-03  0.000E+00  0.000E+00
  3.503E-03  3.523E-03  0.000E+00  0.000E+00
  3.523E-03  3.543E-03  0.000E+00  0.000E+00
  3.543E-03  3.563E-03  0.000E+00  0.000E+00
  3.563E-03  3.583E-03  0.000E+00  0.000E+00
  3.583E-03  3.602E-03  0.000E+00  0.000E+00
  3.602E-03  3.622E-03  0.000E+00  0.000E+00
  3.622E-03  3.642E-03  0.000E+00  0.000E+00
  3.642E-03  3.662E-03  0.000E+00  0.000E+00
  3.662E-03  3.682E-03  0.000E+00  0.000E+00
  3.682E-03  3.702E-03  0.000E+00  0.000E+00
  3.702E-03  3.722E-03  0.000E+00  0.000E+00
  3.722E-03  3.742E-03  0.000E+00  0.000E+00
  3.742E-03  3.762E-03  0.000E+00  0.000E+00
  3.762E-03  3.782E-03  0.000E+00  0.000E+00
  3.782E-03  3.801E-03  0.000E+00  0.000E+00
  3.801E-03  3.821E-03  0.000E+00  0.000E+00
  3.821E-03  3.841E-03  0.000E+00  0.000E+00
  3.841E-03  3.861E-03  0.000E+00  0.000E+00
  3.861E-03  3.881E-03  0.000E+00  0.000E+00
  3.881E-03  3.901E-03  0.000E+00  0.000E+00
  3.901E-03  3.921E-03  0.000E+00  0.000E+00
  3.921E-03  3.941E-03  0.000E+00  0.000E+00
  3.941E-03  3.961E-03  0.000E+00  0.000E+00
  3.961E-03  3.981E-03  0.000E+00  0.000E+00
  3.981E-03  4.000E-03  0.000E+00  0.000E+00
  4.000E-03  4.020E-03  0.000E+00  0.000E+00
  4.020E-03  4.040E-03  0.000E+00  0.000E+00
  4.040E-03  4.060E-03  0.000E+00  0.000E+00
  4.060E-03  4.080E-03  0.000E+00  0.000E+00
  4.080E-03  4.100E-03  0.000E+00  0.000E+00
  4.100E-03  4.120E-03  0.000E+00  0.000E+00
  4.120E-03  4.140E-03  0.000E+00  0.000E+00
  4.140E-03  4.160E-03  0.000E+00  0.000E+00
  4.160E-03  4.180E-03  0.000E+00  0.000E+00
  4.180E-03  4.199E-03  0.000E+00  0.000E+00
  4.199E-03  4.219E-03  0.000E+00  0.000E+00
  4.219E-03  4.239E-03  0.000E+00  0.000E+00
  4.239E-03  4.259E-03  0.000E+00  0.000E+00
  4.259E-03  4.279E-03  0.000E+00  0.000E+00
  4.279E-03  4.299E-03  0.000E+00  0.000E+00
  4.299E-03  4.319E-03  0.000E+00  0.000E+00
  4.319E-03  4.339E-03  0.000E+00  0.000E+00
  4.339E-03  4.359E-03  0.000E+00  0.000E+00
  4.359E-03  4.378E-03  0.000E+00  0.000E+00
  4.378E-03  4.398E-03  0.000E+00  0.000E+00
  4.398E-03  4.418E-03  0.000E+00  0.000E+00
  4.418E-03  4.438E-03  0.000E+00  0.000E+00
  4.438E-03  4.458E-03  0.000E+00  0.000E+00
  4.458E-03  4.478E-03  0.000E+00  0.000E+00
  4.478E-03  4.498E-03  0.000E+00  0.000E+00
  4.498E-03  4.518E-03  0.000E+00  0.000E+00
  4.518E-03  4.538E-03  0.000E+00  0.000E+00
  4.538E-03  4.558E-03  0.000E+00  0.000E+00
  4.558E-03  4.577E-03  0.000E+00  0.000E+00
  4.577E-03  4.597E-03  0.000E+00  0.000E+00
  4.597E-03  4.617E-03  0.000E+00  0.000E+00
  4.617E-03  4.637E-03  0.000E+00  0.000E+00
  4.637E-03  4.657E-03  0.000E+00  0.000E+00
  4.657E-03  4.677E-03  0.000E+00  0.000E+00
  4.677E-03  4.697E-03  0.000E+00  0.000E+00
  4.697E-03  4.717E-03  0.000E+00  0.000E+00
  4.717E-03  4.737E-03  0.000E+00  0.000E+00
  4.737E-03  4.757E-03  0.000E+00  0.000E+00
  4.757E-03  4.777E-03  0.000E+00  0.000E+00
  4.777E-03  4.796E-03  0.000E+00  0.000E+00
  4.796E-03  4.816E-03  0.000E+00  0.000E+00
  4.816E-03  4.836E-03  0.000E+00  0.000E+00
  4.836E-03  4.856E-03  0.000E+00  0.000E+00
  4.856E-03  4.876E-03  0.000E+00  0.000E+00
  4.876E-03  4.896E-03  0.000E+00  0.000E+00
  4.896E-03  4.916E-03  0.000E+00  0.000E+00
  4.916E-03  4.936E-03  0.000E+00  0.000E+00
  4.936E-03  4.956E-03  0.000E+00  0.000E+00
  4.956E-03  4.976E-03  0.000E+00  0.000E+00
  4.976E-03  4.995E-03  0.000E+00  0.000E+00
  4.995E-03  5.015E-03  0.000E+00  0.000E+00
  5.015E-03  5.035E-03  0.000E+00  0.000E+00
  5.035E-03  5.055E-03  0.000E+00  0.000E+00
  5.055E-03  5.075E-03  0.000E+00  0.000E+00
  5.075E-03  5.095E-03  0.000E+00  0.000E+00
  5.095E-03  5.115E-03  0.000E+00  0.000E+00
  5.115E-03  5.135E-03  0.000E+00  0.000E+00
  5.135E-03  5.155E-03  0.000E+00  0.000E+00
  5.155E-03  5.174E-03  0.000E+00  0.000E+00
  5.174E-03  5.194E-03  0.000E+00  0.000E+00
  5.194E-03  5.214E-03  0.000E+00  0.000E+00
  5.214E-03  5.234E-03  0.000E+00  0.000E+00
  5.234E-03  5.254E-03  0.000E+00  0.000E+00
  5.254E-03  5.274E-03  0.000E+00  0.000E+00
  5.274E-03  5.294E-03  0.000E+00  0.000E+00
  5.294E-03  5.314E-03  0.000E+00  0.000E+00
  5.314E-03  5.334E-03  0.000E+00  0.000E+00
  5.334E-03  5.354E-03  0.000E+00  0.000E+00
  5.354E-03  5.373E-03  0.000E+00  0.000E+00
  5.373E-03  5.393E-03  0.000E+00  0.000E+00
  5.393E-03  5.413E-03  0.000E+00  0.000E+00
  5.413E-03  5.433E-03  0.000E+00  0.000E+00
  5.433E-03  5.453E-03  0.000E+00  0.000E+00
  5.453E-03  5.473E-03  0.000E+00  0.000E+00
  5.473E-03  5.493E-03  0.000E+00  0.000E+00
  5.493E-03  5.513E-03  0.000E+00  0.000E+00
  5.513E-03  5.533E-03  0.000E+00  0.000E+00
  5.533E-03  5.553E-03  0.000E+00  0.000E+00
  5.553E-03  5.573E-03  0.000E+00  0.000E+00
  5.573E-03  5.592E-03  0.000E+00  0.000E+00
  5.592E-03  5.612E-03  0.000E+00  0.000E+00
  5.612E-03  5.632E-03  0.000E+00  0.000E+00
  5.632E-03  5.652E-03  0.000E+00  0.000E+00
  5.652E-03  5.672E-03  0.000E+00  0.000E+00
  5.672E-03  5.692E-03  0.000E+00  0.000E+00
  5.692E-03  5.712E-03  0.000E+00  0.000E+00
  5.712E-03  5.732E-03  0.000E+00  0.000E+00
  5.732E-03  5.752E-03  0.000E+00  0.000E+00
  5.752E-03  5.772E-03  0.000E+00  0.000E+00
  5.772E-03  5.791E-03  0.000E+00  0.000E+00
  5.791E-03  5.811E-03  0.000E+00  0.000E+00
  5.811E-03  5.831E-03  0.000E+00  0.000E+00
  5.831E-03  5.851E-03  0.000E+00  0.000E+00
  5.851E-03  5.871E-03  0.000E+00  0.000E+00
  5.871E-03  5.891E-03  0.000E+00  0.000E+00
  5.891E-03  5.911E-03  0.000E+00  0.000E+00
  5.911E-03  5.931E-03  0.000E+00  0.000E+00
  5.931E-03  5.951E-03  0.000E+00  0.000E+00
  5.951E-03  5.970E-03  0.000E+00  0.000E+00
  5.970E-03  5.990E-03  0.000E+00  0.000E+00
  5.990E-03  6.010E-03  0.000E+00  0.000E+00
  6.010E-03  6.030E-03  0.000E+00  0.000E+00
  6.030E-03  6.050E-03  0.000E+00  0.000E+00
  6.050E-03  6.070E-03  0.000E+00  0.000E+00
  6.070E-03  6.090E-03  0.000E+00  0.000E+00
  6.090E-03  6.110E-03  0.000E+00  0.000E+00
  6.110E-03  6.130E-03  0.000E+00  0.000E+00
  6.130E-03  6.150E-03  0.000E+00  0.000E+00
  6.150E-03  6.169E-03  0.000E+00  0.000E+00
  6.169E-03  6.189E-03  0.000E+00  0.000E+00
  6.189E-03  6.209E-03  0.000E+00  0.000E+00
  6.209E-03  6.229E-03  0.000E+00  0.000E+00
  6.229E-03  6.249E-03  0.000E+00  0.000E+00
  6.249E-03  6.269E-03  0.000E+00  0.000E+00
  6.269E-03  6.289E-03  0.000E+00  0.000E+00
  6.289E-03  6.309E-03  0.000E+00  0.000E+00
  6.309E-03  6.329E-03  0.000E+00  0.000E+00
  6.329E-03  6.349E-03  0.000E+00  0.000E+00
  6.349E-03  6.369E-03  0.000E+00  0.000E+00
  6.369E-03  6.388E-03  0.000E+00  0.000E+00
  6.388E-03  6.408E-03  0.000E+00  0.000E+00
  6.408E-03  6.428E-03  0.000E+00  0.000E+00
  6.428E-03  6.448E-03  0.000E+00  0.000E+00
  6.448E-03  6.468E-03  0.000E+00  0.000E+00
  6.468E-03  6.488E-03  0.000E+00  0.000E+00
  6.488E-03  6.508E-03  0.000E+00  0.000E+00
  6.508E-03  6.528E-03  0.000E+00  0.000E+00
  6.528E-03  6.548E-03  0.000E+00  0.000E+00
  6.548E-03  6.568E-03  0.000E+00  0.000E+00
  6.568E-03  6.587E-03  0.000E+00  0.000E+00
  6.587E-03  6.607E-03  0.000E+00  0.000E+00
  6.607E-03  6.627E-03  0.000E+00  0.000E+00
  6.627E-03  6.647E-03  0.000E+00  0.000E+00
  6.647E-03  6.667E-03  0.000E+00  0.000E+00
  6.667E-03  6.687E-03  0.000E+00  0.000E+00
  6.687E-03  6.707E-03  0.000E+00  0.000E+00
  6.707E-03  6.727E-03  0.000E+00  0.000E+00
  6.727E-03  6.747E-03  0.000E+00  0.000E+00
  6.747E-03  6.766E-03  0.000E+00  0.000E+00
  6.766E-03  6.786E-03  0.000E+00  0.000E+00
  6.786E-03  6.806E-03  0.000E+00  0.000E+00
  6.806E-03  6.826E-03  0.000E+00  0.000E+00
  6.826E-03  6.846E-03  0.000E+00  0.000E+00
  6.846E-03  6.866E-03  0.000E+00  0.000E+00
  6.866E-03  6.886E-03  0.000E+00  0.000E+00
  6.886E-03  6.906E-03  0.000E+00  0.000E+00
  6.906E-03  6.926E-03  0.000E+00  0.000E+00
  6.926E-03  6.946E-03  0.000E+00  0.000E+00
  6.946E-03  6.965E-03  0.000E+00  0.000E+00
  6.965E-03  6.985E-03  0.000E+00  0.000E+00
  6.985E-03  7.005E-03  0.000E+00  0.000E+00
  7.005E-03  7.025E-03  0.000E+00  0.000E+00
  7.025E-03  7.045E-03  0.000E+00  0.000E+00
  7.045E-03  7.065E-03  0.000E+00  0.000E+00
  7.065E-03  7.085E-03  0.000E+00  0.000E+00
  7.085E-03  7.105E-03  0.000E+00  0.000E+00
  7.105E-03  7.125E-03  0.000E+00  0.000E+00
  7.125E-03  7.145E-03  0.000E+00  0.000E+00
  7.145E-03  7.165E-03  0.000E+00  0.000E+00
  7.165E-03  7.184E-03  0.000E+00  0.000E+00
  7.184E-03  7.204E-03  0.000E+00  0.000E+00
  7.204E-03  7.224E-03  0.000E+00  0.000E+00
  7.224E-03  7.244E-03  0.000E+00  0.000E+00
  7.244E-03  7.264E-03  0.000E+00  0.000E+00
  7.264E-03  7.284E-03  0.000E+00  0.000E+00
  7.284E-03  7.304E-03  0.000E+00  0.000E+00
  7.304E-03  7.324E-03  0.000E+00  0.000E+00
  7.324E-03  7.344E-03  0.000E+00  0.000E+00
  7.344E-03  7.364E-03  0.000E+00  0.000E+00
  7.364E-03  7.383E-03  0.000E+00  0.000E+00
  7.383E-03  7.403E-03  0.000E+00  0.000E+00
  7.403E-03  7.423E-03  0.000E+00  0.000E+00
  7.423E-03  7.443E-03  0.000E+00  0.000E+00
  7.443E-03  7.463E-03  0.000E+00  0.000E+00
  7.463E-03  7.483E-03  0.000E+00  0.000E+00
  7.483E-03  7.503E-03  0.000E+00  0.000E+00
  7.503E-03  7.523E-03  0.000E+00  0.000E+00
  7.523E-03  7.543E-03  0.000E+00  0.000E+00
  7.543E-03  7.562E-03  0.000E+00  0.000E+00
  7.562E-03  7.582E-03  0.000E+00  0.000E+00
  7.582E-03  7.602E-03  0.000E+00  0.000E+00
  7.602E-03  7.622E-03  0.000E+00  0.000E+00
  7.622E-03  7.642E-03  0.000E+00  0.000E+00
  7.642E-03  7.662E-03  0.000E+00  0.000E+00
  7.662E-03  7.682E-03  0.000E+00  0.000E+00
  7.682E-03  7.702E-03  0.000E+00  0.000E+00
  7.702E-03  7.722E-03  0.000E+00  0.000E+00
  7.722E-03  7.742E-03  0.000E+00  0.000E+00
  7.742E-03  7.761E-03  0.000E+00  0.000E+00
  7.761E-03  7.781E-03  0.000E+00  0.000E+00
  7.781E-03  7.801E-03  0.000E+00  0.000E+00
  7.801E-03  7.821E-03  0.000E+00  0.000E+00
  7.821E-03  7.841E-03  0.000E+00  0.000E+00
  7.841E-03  7.861E-03  0.000E+00  0.000E+00
  7.861E-03  7.881E-03  0.000E+00  0.000E+00
  7.881E-03  7.901E-03  0.000E+00  0.000E+00
  7.901E-03  7.921E-03  0.000E+00  0.000E+00
  7.921E-03  7.941E-03  0.000E+00  0.000E+00
  7.941E-03  7.961E-03  0.000E+00  0.000E+00
  7.961E-03  7.980E-03  0.000E+00  0.000E+00
  7.980E-03  8.000E-03  0.000E+00  0.000E+00
  8.000E-03  8.020E-03  0.000E+00  0.000E+00
  8.020E-03  8.040E-03  0.000E+00  0.000E+00
  8.040E-03  8.060E-03  0.000E+00  0.000E+00
  8.060E-03  8.080E-03  0.000E+00  0.000E+00
  8.080E-03  8.100E-03  0.000E+00  0.000E+00
  8.100E-03  8.120E-03  0.000E+00  0.000E+00
  8.120E-03  8.140E-03  0.000E+00  0.000E+00
  8.140E-03  8.159E-03  0.000E+00  0.000E+00
  8.159E-03  8.179E-03  0.000E+00  0.000E+00
  8.179E-03  8.199E-03  0.000E+00  0.000E+00
  8.199E-03  8.219E-03  0.000E+00  0.000E+00
  8.219E-03  8.239E-03  0.000E+00  0.000E+00
  8.239E-03  8.259E-03  0.000E+00  0.000E+00
  8.259E-03  8.279E-03  0.000E+00  0.000E+00
  8.279E-03  8.299E-03  0.000E+00  0.000E+00
  8.299E-03  8.319E-03  0.000E+00  0.000E+00
  8.319E-03  8.339E-03  0.000E+00  0.000E+00
  8.339E-03  8.358E-03  0.000E+00  0.000E+00
  8.358E-03  8.378E-03  0.000E+00  0.000E+00
  8.378E-03  8.398E-03  0.000E+00  0.000E+00
  8.398E-03  8.418E-03  0.000E+00  0.000E+00
  8.418E-03  8.438E-03  0.000E+00  0.000E+00
  8.438E-03  8.458E-03  0.000E+00  0.000E+00
  8.458E-03  8.478E-03  0.000E+00  0.000E+00
  8.478E-03  8.498E-03  0.000E+00  0.000E+00
  8.498E-03  8.518E-03  0.000E+00  0.000E+00
  8.518E-03  8.538E-03  0.000E+00  0.000E+00
  8.538E-03  8.558E-03  0.000E+00  0.000E+00
  8.558E-03  8.577E-03  0.000E+00  0.000E+00
  8.577E-03  8.597E-03  0.000E+00  0.000E+00
  8.597E-03  8.617E-03  0.000E+00  0.000E+00
  8.617E-03  8.637E-03  0.000E+00  0.000E+00
  8.637E-03  8.657E-03  0.000E+00  0.000E+00
  8.657E-03  8.677E-03  0.000E+00  0.000E+00
  8.677E-03  8.697E-03  0.000E+00  0.000E+00
  8.697E-03  8.717E-03  0.000E+00  0.000E+00
  8.717E-03  8.737E-03  0.000E+00  0.000E+00
  8.737E-03  8.756E-03  0.000E+00  0.000E+00
  8.756E-03  8.776E-03  0.000E+00  0.000E+00
  8.776E-03  8.796E-03  0.000E+00  0.000E+00
  8.796E-03  8.816E-03  0.000E+00  0.000E+00
  8.816E-03  8.836E-03  0.000E+00  0.000E+00
  8.836E-03  8.856E-03  0.000E+00  0.000E+00
  8.856E-03  8.876E-03  0.000E+00  0.000E+00
  8.876E-03  8.896E-03  0.000E+00  0.000E+00
  8.896E-03  8.916E-03  0.000E+00  0.000E+00
  8.916E-03  8.936E-03  0.000E+00  0.000E+00
  8.936E-03  8.956E-03  0.000E+00  0.000E+00
  8.956E-03  8.975E-03  0.000E+00  0.000E+00
  8.975E-03  8.995E-03  0.000E+00  0.000E+00
  8.995E-03  9.015E-03  0.000E+00  0.000E+00
  9.015E-03  9.035E-03  0.000E+00  0.000E+00
  9.035E-03  9.055E-03  0.000E+00  0.000E+00
  9.055E-03  9.075E-03  0.000E+00  0.000E+00
  9.075E-03  9.095E-03  0.000E+00  0.000E+00
  9.095E-03  9.115E-03  0.000E+00  0.000E+00
  9.115E-03  9.135E-03  0.000E+00  0.000E+00
  9.135E-03  9.155E-03  0.000E+00  0.000E+00
  9.155E-03  9.174E-03  0.000E+00  0.000E+00
  9.174E-03  9.194E-03  0.000E+00  0.000E+00
  9.194E-03  9.214E-03  0.000E+00  0.000E+00
  9.214E-03  9.234E-03  0.000E+00  0.000E+00
  9.234E-03  9.254E-03  0.000E+00  0.000E+00
  9.254E-03  9.274E-03  0.000E+00  0.000E+00
  9.274E-03  9.294E-03  0.000E+00  0.000E+00
  9.294E-03  9.314E-03  0.000E+00  0.000E+00
  9.314E-03  9.334E-03  0.000E+00  0.000E+00
  9.334E-03  9.353E-03  0.000E+00  0.000E+00
  9.353E-03  9.373E-03  0.000E+00  0.000E+00
  9.373E-03  9.393E-03  0.000E+00  0.000E+00
  9.393E-03  9.413E-03  0.000E+00  0.000E+00
  9.413E-03  9.433E-03  0.000E+00  0.000E+00
  9.433E-03  9.453E-03  0.000E+00  0.000E+00
  9.453E-03  9.473E-03  0.000E+00  0.000E+00
  9.473E-03  9.493E-03  0.000E+00  0.000E+00
  9.493E-03  9.513E-03  0.000E+00  0.000E+00
  9.513E-03  9.533E-03  0.000E+00  0.000E+00
  9.533E-03  9.553E-03  0.000E+00  0.000E+00
  9.553E-03  9.572E-03  0.000E+00  0.000E+00
  9.572E-03  9.592E-03  0.000E+00  0.000E+00
  9.592E-03  9.612E-03  0.000E+00  0.000E+00
  9.612E-03  9.632E-03  0.000E+00  0.000E+00
  9.632E-03  9.652E-03  0.000E+00  0.000E+00
  9.652E-03  9.672E-03  0.000E+00  0.000E+00
  9.672E-03  9.692E-03  0.000E+00  0.000E+00
  9.692E-03  9.712E-03  0.000E+00  0.000E+00
  9.712E-03  9.732E-03  0.000E+00  0.000E+00
  9.732E-03  9.752E-03  0.000E+00  0.000E+00
  9.752E-03  9.771E-03  0.000E+00  0.000E+00
  9.771E-03  9.791E-03  0.000E+00  0.000E+00
  9.791E-03  9.811E-03  0.000E+00  0.000E+00
  9.811E-03  9.831E-03  0.000E+00  0.000E+00
  9.831E-03  9.851E-03  0.000E+00  0.000E+00
  9.851E-03  9.871E-03  0.000E+00  0.000E+00
  9.871E-03  9.891E-03  0.000E+00  0.000E+00
  9.891E-03  9.911E-03  0.000E+00  0.000E+00
  9.911E-03  9.931E-03  0.000E+00  0.000E+00
  9.931E-03  9.950E-03  0.000E+00  0.000E+00
  9.950E-03  9.970E-03  0.000E+00  0.000E+00
  9.970E-03  9.990E-03  0.000E+00  0.000E+00
  9.990E-03  1.001E-02  0.000E+00  0.000E+00
  1.001E-02  1.003E-02  0.000E+00  0.000E+00
  1.003E-02  1.005E-02  0.000E+00  0.000E+00
  1.005E-02  1.007E-02  0.000E+00  0.000E+00
  1.007E-02  1.009E-02  0.000E+00  0.000E+00
  1.009E-02  1.011E-02  0.000E+00  0.000E+00
  1.011E-02  1.013E-02  0.000E+00  0.000E+00
  1.013E-02  1.015E-02  0.000E+00  0.000E+00
  1.015E-02  1.017E-02  0.000E+00  0.000E+00
  1.017E-02  1.019E-02  0.000E+00  0.000E+00
  1.019E-02  1.021E-02  0.000E+00  0.000E+00
  1.021E-02  1.023E-02  0.000E+00  0.000E+00
  1.023E-02  1.025E-02  0.000E+00  0.000E+00
  1.025E-02  1.027E-02  0.000E+00  0.000E+00
  1.027E-02  1.029E-02  0.000E+00  0.000E+00
  1.029E-02  1.031E-02  6.429E+01  9.900E+01
  1.031E-02  1.033E-02  0.000E+00  0.000E+00
  1.033E-02  1.035E-02  0.000E+00  0.000E+00
  1.035E-02  1.037E-02  0.000E+00  0.000E+00
  1.037E-02  1.039E-02  0.000E+00  0.000E+00
  1.039E-02  1.041E-02  0.000E+00  0.000E+00
  1.041E-02  1.043E-02  0.000E+00  0.000E+00
  1.043E-02  1.045E-02  0.000E+00  0.000E+00
  1.045E-02  1.047E-02  0.000E+00  0.000E+00
  1.047E-02  1.049E-02  0.000E+00  0.000E+00
  1.049E-02  1.051E-02  0.000E+00  0.000E+00
  1.051E-02  1.053E-02  0.000E+00  0.000E+00
  1.053E-02  1.055E-02  0.000E+00  0.000E+00
  1.055E-02  1.057E-02  0.000E+00  0.000E+00
  1.057E-02  1.059E-02  0.000E+00  0.000E+00
  1.059E-02  1.061E-02  0.000E+00  0.000E+00
  1.061E-02  1.063E-02  0.000E+00  0.000E+00
  1.063E-02  1.065E-02  0.000E+00  0.000E+00
  1.065E-02  1.067E-02  0.000E+00  0.000E+00
  1.067E-02  1.069E-02  0.000E+00  0.000E+00
  1.069E-02  1.071E-02  0.000E+00  0.000E+00
  1.071E-02  1.073E-02  0.000E+00  0.000E+00
  1.073E-02  1.075E-02  0.000E+00  0.000E+00
  1.075E-02  1.077E-02  0.000E+00  0.000E+00
  1.077E-02  1.079E-02  0.000E+00  0.000E+00
  1.079E-02  1.081E-02  0.000E+00  0.000E+00
  1.081E-02  1.083E-02  0.000E+00  0.000E+00
  1.083E-02  1.085E-02  0.000E+00  0.000E+00
  1.085E-02  1.087E-02  0.000E+00  0.000E+00
  1.087E-02  1.089E-02  0.000E+00  0.000E+00
  1.089E-02  1.091E-02  0.000E+00  0.000E+00
  1.091E-02  1.093E-02  0.000E+00  0.000E+00
  1.093E-02  1.095E-02  0.000E+00  0.000E+00
  1.095E-02  1.097E-02  0.000E+00  0.000E+00
  1.097E-02  1.099E-02  0.000E+00  0.000E+00
  1.099E-02  1.101E-02  0.000E+00  0.000E+00
  1.101E-02  1.103E-02  0.000E+00  0.000E+00
  1.103E-02  1.105E-02  0.000E+00  0.000E+00
  1.105E-02  1.106E-02  0.000E+00  0.000E+00
  1.106E-02  1.108E-02  0.000E+00  0.000E+00
  1.108E-02  1.110E-02  0.000E+00  0.000E+00
  1.110E-02  1.112E-02  0.000E+00  0.000E+00
  1.112E-02  1.114E-02  0.000E+00  0.000E+00
  1.114E-02  1.116E-02  0.000E+00  0.000E+00
  1.116E-02  1.118E-02  0.000E+00  0.000E+00
  1.118E-02  1.120E-02  0.000E+00  0.000E+00
  1.120E-02  1.122E-02  0.000E+00  0.000E+00
  1.122E-02  1.124E-02  0.000E+00  0.000E+00
  1.124E-02  1.126E-02  0.000E+00  0.000E+00
  1.126E-02  1.128E-02  0.000E+00  0.000E+00
  1.128E-02  1.130E-02  0.000E+00  0.000E+00
  1.130E-02  1.132E-02  0.000E+00  0.000E+00
  1.132E-02  1.134E-02  0.000E+00  0.000E+00
  1.134E-02  1.136E-02  0.000E+00  0.000E+00
  1.136E-02  1.138E-02  0.000E+00  0.000E+00
  1.138E-02  1.140E-02  0.000E+00  0.000E+00
  1.140E-02  1.142E-02  0.000E+00  0.000E+00
  1.142E-02  1.144E-02  0.000E+00  0.000E+00
  1.144E-02  1.146E-02  0.000E+00  0.000E+00
  1.146E-02  1.148E-02  0.000E+00  0.000E+00
  1.148E-02  1.150E-02  0.000E+00  0.000E+00
  1.150E-02  1.152E-02  0.000E+00  0.000E+00
  1.152E-02  1.154E-02  0.000E+00  0.000E+00
  1.154E-02  1.156E-02  0.000E+00  0.000E+00
  1.156E-02  1.158E-02  0.000E+00  0.000E+00
  1.158E-02  1.160E-02  0.000E+00  0.000E+00
  1.160E-02  1.162E-02  0.000E+00  0.000E+00
  1.162E-02  1.164E-02  0.000E+00  0.000E+00
  1.164E-02  1.166E-02  0.000E+00  0.000E+00
  1.166E-02  1.168E-02  0.000E+00  0.000E+00
  1.168E-02  1.170E-02  0.000E+00  0.000E+00
  1.170E-02  1.172E-02  0.000E+00  0.000E+00
  1.172E-02  1.174E-02  0.000E+00  0.000E+00
  1.174E-02  1.176E-02  0.000E+00  0.000E+00
  1.176E-02  1.178E-02  0.000E+00  0.000E+00
  1.178E-02  1.180E-02  0.000E+00  0.000E+00
  1.180E-02  1.182E-02  0.000E+00  0.000E+00
  1.182E-02  1.184E-02  0.000E+00  0.000E+00
  1.184E-02  1.186E-02  0.000E+00  0.000E+00
  1.186E-02  1.188E-02  0.000E+00  0.000E+00
  1.188E-02  1.190E-02  0.000E+00  0.000E+00
  1.190E-02  1.192E-02  0.000E+00  0.000E+00
  1.192E-02  1.194E-02  0.000E+00  0.000E+00
  1.194E-02  1.196E-02  0.000E+00  0.000E+00
  1.196E-02  1.198E-02  0.000E+00  0.000E+00
  1.198E-02  1.200E-02  0.000E+00  0.000E+00
  1.200E-02  1.202E-02  0.000E+00  0.000E+00
  1.202E-02  1.204E-02  0.000E+00  0.000E+00
  1.204E-02  1.206E-02  0.000E+00  0.000E+00
  1.206E-02  1.208E-02  0.000E+00  0.000E+00
  1.208E-02  1.210E-02  0.000E+00  0.000E+00
  1.210E-02  1.212E-02  0.000E+00  0.000E+00
  1.212E-02  1.214E-02  0.000E+00  0.000E+00
  1.214E-02  1.216E-02  0.000E+00  0.000E+00
  1.216E-02  1.218E-02  0.000E+00  0.000E+00
  1.218E-02  1.220E-02  0.000E+00  0.000E+00
  1.220E-02  1.222E-02  0.000E+00  0.000E+00
  1.222E-02  1.224E-02  0.000E+00  0.000E+00
  1.224E-02  1.226E-02  0.000E+00  0.000E+00
  1.226E-02  1.228E-02  0.000E+00  0.000E+00
  1.228E-02  1.230E-02  0.000E+00  0.000E+00
  1.230E-02  1.232E-02  0.000E+00  0.000E+00
  1.232E-02  1.234E-02  0.000E+00  0.000E+00
  1.234E-02  1.236E-02  0.000E+00  0.000E+00
  1.236E-02  1.238E-02  0.000E+00  0.000E+00
  1.238E-02  1.240E-02  0.000E+00  0.000E+00
  1.240E-02  1.242E-02  0.000E+00  0.000E+00
  1.242E-02  1.244E-02  0.000E+00  0.000E+00
  1.244E-02  1.246E-02  0.000E+00  0.000E+00
  1.246E-02  1.248E-02  0.000E+00  0.000E+00
  1.248E-02  1.250E-02  0.000E+00  0.000E+00
  1.250E-02  1.252E-02  0.000E+00  0.000E+00
  1.252E-02  1.254E-02  0.000E+00  0.000E+00
  1.254E-02  1.256E-02  0.000E+00  0.000E+00
  1.256E-02  1.258E-02  0.000E+00  0.000E+00
  1.258E-02  1.260E-02  0.000E+00  0.000E+00
  1.260E-02  1.262E-02  0.000E+00  0.000E+00
  1.262E-02  1.264E-02  0.000E+00  0.000E+00
  1.264E-02  1.266E-02  0.000E+00  0.000E+00
  1.266E-02  1.268E-02  0.000E+00  0.000E+00
  1.268E-02  1.270E-02  0.000E+00  0.000E+00
  1.270E-02  1.272E-02  0.000E+00  0.000E+00
  1.272E-02  1.274E-02  0.000E+00  0.000E+00
  1.274E-02  1.276E-02  0.000E+00  0.000E+00
  1.276E-02  1.278E-02  0.000E+00  0.000E+00
  1.278E-02  1.280E-02  0.000E+00  0.000E+00
  1.280E-02  1.282E-02  0.000E+00  0.000E+00
  1.282E-02  1.284E-02  0.000E+00  0.000E+00
  1.284E-02  1.286E-02  0.000E+00  0.000E+00
  1.286E-02  1.288E-02  0.000E+00  0.000E+00
  1.288E-02  1.290E-02  0.000E+00  0.000E+00
  1.290E-02  1.292E-02  0.000E+00  0.000E+00
  1.292E-02  1.294E-02  0.000E+00  0.000E+00
  1.294E-02  1.296E-02  0.000E+00  0.000E+00
  1.296E-02  1.298E-02  0.000E+00  0.000E+00
  1.298E-02  1.300E-02  0.000E+00  0.000E+00
  1.300E-02  1.302E-02  0.000E+00  0.000E+00
  1.302E-02  1.304E-02  0.000E+00  0.000E+00
  1.304E-02  1.305E-02  0.000E+00  0.000E+00
  1.305E-02  1.307E-02  0.000E+00  0.000E+00
  1.307E-02  1.309E-02  0.000E+00  0.000E+00
  1.309E-02  1.311E-02  0.000E+00  0.000E+00
  1.311E-02  1.313E-02  0.000E+00  0.000E+00
  1.313E-02  1.315E-02  0.000E+00  0.000E+00
  1.315E-02  1.317E-02  0.000E+00  0.000E+00
  1.317E-02  1.319E-02  0.000E+00  0.000E+00
  1.319E-02  1.321E-02  0.000E+00  0.000E+00
  1.321E-02  1.323E-02  0.000E+00  0.000E+00
  1.323E-02  1.325E-02  0.000E+00  0.000E+00
  1.325E-02  1.327E-02  0.000E+00  0.000E+00
  1.327E-02  1.329E-02  0.000E+00  0.000E+00
  1.329E-02  1.331E-02  0.000E+00  0.000E+00
  1.331E-02  1.333E-02  0.000E+00  0.000E+00
  1.333E-02  1.335E-02  0.000E+00  0.000E+00
  1.335E-02  1.337E-02  0.000E+00  0.000E+00
  1.337E-02  1.339E-02  0.000E+00  0.000E+00
  1.339E-02  1.341E-02  0.000E+00  0.000E+00
  1.341E-02  1.343E-02  0.000E+00  0.000E+00
  1.343E-02  1.345E-02  0.000E+00  0.000E+00
  1.345E-02  1.347E-02  0.000E+00  0.000E+00
  1.347E-02  1.349E-02  0.000E+00  0.000E+00
  1.349E-02  1.351E-02  0.000E+00  0.000E+00
  1.351E-02  1.353E-02  0.000E+00  0.000E+00
  1.353E-02  1.355E-02  0.000E+00  0.000E+00
  1.355E-02  1.357E-02  0.000E+00  0.000E+00
  1.357E-02  1.359E-02  0.000E+00  0.000E+00
  1.359E-02  1.361E-02  0.000E+00  0.000E+00
  1.361E-02  1.363E-02  0.000E+00  0.000E+00
  1.363E-02  1.365E-02  0.000E+00  0.000E+00
  1.365E-02  1.367E-02  0.000E+00  0.000E+00
  1.367E-02  1.369E-02  0.000E+00  0.000E+00
  1.369E-02  1.371E-02  0.000E+00  0.000E+00
  1.371E-02  1.373E-02  0.000E+00  0.000E+00
  1.373E-02  1.375E-02  0.000E+00  0.000E+00
  1.375E-02  1.377E-02  0.000E+00  0.000E+00
  1.377E-02  1.379E-02  0.000E+00  0.000E+00
  1.379E-02  1.381E-02  0.000E+00  0.000E+00
  1.381E-02  1.383E-02  0.000E+00  0.000E+00
  1.383E-02  1.385E-02  0.000E+00  0.000E+00
  1.385E-02  1.387E-02  0.000E+00  0.000E+00
  1.387E-02  1.389E-02  0.000E+00  0.000E+00
  1.389E-02  1.391E-02  0.000E+00  0.000E+00
  1.391E-02  1.393E-02  0.000E+00  0.000E+00
  1.393E-02  1.395E-02  0.000E+00  0.000E+00
  1.395E-02  1.397E-02  0.000E+00  0.000E+00
  1.397E-02  1.399E-02  0.000E+00  0.000E+00
  1.399E-02  1.401E-02  0.000E+00  0.000E+00
  1.401E-02  1.403E-02  0.000E+00  0.000E+00
  1.403E-02  1.405E-02  0.000E+00  0.000E+00
  1.405E-02  1.407E-02  0.000E+00  0.000E+00
  1.407E-02  1.409E-02  0.000E+00  0.000E+00
  1.409E-02  1.411E-02  0.000E+00  0.000E+00
  1.411E-02  1.413E-02  0.000E+00  0.000E+00
  1.413E-02  1.415E-02  0.000E+00  0.000E+00
  1.415E-02  1.417E-02  0.000E+00  0.000E+00
  1.417E-02  1.419E-02  0.000E+00  0.000E+00
  1.419E-02  1.421E-02  0.000E+00  0.000E+00
  1.421E-02  1.423E-02  0.000E+00  0.000E+00
  1.423E-02  1.425E-02  0.000E+00  0.000E+00
  1.425E-02  1.427E-02  0.000E+00  0.000E+00
  1.427E-02  1.429E-02  0.000E+00  0.000E+00
  1.429E-02  1.431E-02  0.000E+00  0.000E+00
  1.431E-02  1.433E-02  0.000E+00  0.000E+00
  1.433E-02  1.435E-02  0.000E+00  0.000E+00
  1.435E-02  1.437E-02  0.000E+00  0.000E+00
  1.437E-02  1.439E-02  0.000E+00  0.000E+00
  1.439E-02  1.441E-02  0.000E+00  0.000E+00
  1.441E-02  1.443E-02  0.000E+00  0.000E+00
  1.443E-02  1.445E-02  0.000E+00  0.000E+00
  1.445E-02  1.447E-02  0.000E+00  0.000E+00
  1.447E-02  1.449E-02  0.000E+00  0.000E+00
  1.449E-02  1.451E-02  0.000E+00  0.000E+00
  1.451E-02  1.453E-02  0.000E+00  0.000E+00
  1.453E-02  1.455E-02  0.000E+00  0.000E+00
  1.455E-02  1.457E-02  0.000E+00  0.000E+00
  1.457E-02  1.459E-02  0.000E+00  0.000E+00
  1.459E-02  1.461E-02  0.000E+00  0.000E+00
  1.461E-02  1.463E-02  0.000E+00  0.000E+00
  1.463E-02  1.465E-02  0.000E+00  0.000E+00
  1.465E-02  1.467E-02  0.000E+00  0.000E+00
  1.467E-02  1.469E-02  0.000E+00  0.000E+00
  1.469E-02  1.471E-02  0.000E+00  0.000E+00
  1.471E-02  1.473E-02  0.000E+00  0.000E+00
  1.473E-02  1.475E-02  0.000E+00  0.000E+00
  1.475E-02  1.477E-02  0.000E+00  0.000E+00
  1.477E-02  1.479E-02  0.000E+00  0.000E+00
  1.479E-02  1.481E-02  0.000E+00  0.000E+00
  1.481E-02  1.483E-02  0.000E+00  0.000E+00
  1.483E-02  1.485E-02  0.000E+00  0.000E+00
  1.485E-02  1.487E-02  0.000E+00  0.000E+00
  1.487E-02  1.489E-02  0.000E+00  0.000E+00
  1.489E-02  1.491E-02  0.000E+00  0.000E+00
  1.491E-02  1.493E-02  0.000E+00  0.000E+00
  1.493E-02  1.495E-02  0.000E+00  0.000E+00
  1.495E-02  1.497E-02  0.000E+00  0.000E+00
  1.497E-02  1.499E-02  0.000E+00  0.000E+00
  1.499E-02  1.501E-02  0.000E+00  0.000E+00
  1.501E-02  1.503E-02  0.000E+00  0.000E+00
  1.503E-02  1.504E-02  0.000E+00  0.000E+00
  1.504E-02  1.506E-02  0.000E+00  0.000E+00
  1.506E-02  1.508E-02  0.000E+00  0.000E+00
  1.508E-02  1.510E-02  0.000E+00  0.000E+00
  1.510E-02  1.512E-02  0.000E+00  0.000E+00
  1.512E-02  1.514E-02  0.000E+00  0.000E+00
  1.514E-02  1.516E-02  0.000E+00  0.000E+00
  1.516E-02  1.518E-02  0.000E+00  0.000E+00
  1.518E-02  1.520E-02  0.000E+00  0.000E+00
  1.520E-02  1.522E-02  0.000E+00  0.000E+00
  1.522E-02  1.524E-02  0.000E+00  0.000E+00
  1.524E-02  1.526E-02  0.000E+00  0.000E+00
  1.526E-02  1.528E-02  0.000E+00  0.000E+00
  1.528E-02  1.530E-02  0.000E+00  0.000E+00
  1.530E-02  1.532E-02  0.000E+00  0.000E+00
  1.532E-02  1.534E-02  0.000E+00  0.000E+00
  1.534E-02  1.536E-02  0.000E+00  0.000E+00
  1.536E-02  1.538E-02  0.000E+00  0.000E+00
  1.538E-02  1.540E-02  0.000E+00  0.000E+00
  1.540E-02  1.542E-02  0.000E+00  0.000E+00
  1.542E-02  1.544E-02  0.000E+00  0.000E+00
  1.544E-02  1.546E-02  0.000E+00  0.000E+00
  1.546E-02  1.548E-02  0.000E+00  0.000E+00
  1.548E-02  1.550E-02  0.000E+00  0.000E+00
  1.550E-02  1.552E-02  0.000E+00  0.000E+00
  1.552E-02  1.554E-02  0.000E+00  0.000E+00
  1.554E-02  1.556E-02  0.000E+00  0.000E+00
  1.556E-02  1.558E-02  0.000E+00  0.000E+00
  1.558E-02  1.560E-02  0.000E+00  0.000E+00
  1.560E-02  1.562E-02  0.000E+00  0.000E+00
  1.562E-02  1.564E-02  0.000E+00  0.000E+00
  1.564E-02  1.566E-02  0.000E+00  0.000E+00
  1.566E-02  1.568E-02  0.000E+00  0.000E+00
  1.568E-02  1.570E-02  0.000E+00  0.000E+00
  1.570E-02  1.572E-02  0.000E+00  0.000E+00
  1.572E-02  1.574E-02  0.000E+00  0.000E+00
  1.574E-02  1.576E-02  0.000E+00  0.000E+00
  1.576E-02  1.578E-02  0.000E+00  0.000E+00
  1.578E-02  1.580E-02  0.000E+00  0.000E+00
  1.580E-02  1.582E-02  0.000E+00  0.000E+00
  1.582E-02  1.584E-02  0.000E+00  0.000E+00
  1.584E-02  1.586E-02  0.000E+00  0.000E+00
  1.586E-02  1.588E-02  0.000E+00  0.000E+00
  1.588E-02  1.590E-02  0.000E+00  0.000E+00
  1.590E-02  1.592E-02  0.000E+00  0.000E+00
  1.592E-02  1.594E-02  0.000E+00  0.000E+00
  1.594E-02  1.596E-02  0.000E+00  0.000E+00
  1.596E-02  1.598E-02  0.000E+00  0.000E+00
  1.598E-02  1.600E-02  0.000E+00  0.000E+00
  1.600E-02  1.602E-02  0.000E+00  0.000E+00
  1.602E-02  1.604E-02  0.000E+00  0.000E+00
  1.604E-02  1.606E-02  0.000E+00  0.000E+00
  1.606E-02  1.608E-02  0.000E+00  0.000E+00
  1.608E-02  1.610E-02  0.000E+00  0.000E+00
  1.610E-02  1.612E-02  0.000E+00  0.000E+00
  1.612E-02  1.614E-02  0.000E+00  0.000E+00
  1.614E-02  1.616E-02  0.000E+00  0.000E+00
  1.616E-02  1.618E-02  0.000E+00  0.000E+00
  1.618E-02  1.620E-02  0.000E+00  0.000E+00
  1.620E-02  1.622E-02  0.000E+00  0.000E+00
  1.622E-02  1.624E-02  0.000E+00  0.000E+00
  1.624E-02  1.626E-02  0.000E+00  0.000E+00
  1.626E-02  1.628E-02  0.000E+00  0.000E+00
  1.628E-02  1.630E-02  0.000E+00  0.000E+00
  1.630E-02  1.632E-02  0.000E+00  0.000E+00
  1.632E-02  1.634E-02  0.000E+00  0.000E+00
  1.634E-02  1.636E-02  0.000E+00  0.000E+00
  1.636E-02  1.638E-02  0.000E+00  0.000E+00
  1.638E-02  1.640E-02  0.000E+00  0.000E+00
  1.640E-02  1.642E-02  0.000E+00  0.000E+00
  1.642E-02  1.644E-02  0.000E+00  0.000E+00
  1.644E-02  1.646E-02  0.000E+00  0.000E+00
  1.646E-02  1.648E-02  0.000E+00  0.000E+00
  1.648E-02  1.650E-02  0.000E+00  0.000E+00
  1.650E-02  1.652E-02  0.000E+00  0.000E+00
  1.652E-02  1.654E-02  0.000E+00  0.000E+00
  1.654E-02  1.656E-02  0.000E+00  0.000E+00
  1.656E-02  1.658E-02  0.000E+00  0.000E+00
  1.658E-02  1.660E-02  0.000E+00  0.000E+00
  1.660E-02  1.662E-02  0.000E+00  0.000E+00
  1.662E-02  1.664E-02  0.000E+00  0.000E+00
  1.664E-02  1.666E-02  0.000E+00  0.000E+00
  1.666E-02  1.668E-02  0.000E+00  0.000E+00
  1.668E-02  1.670E-02  0.000E+00  0.000E+00
  1.670E-02  1.672E-02  0.000E+00  0.000E+00
  1.672E-02  1.674E-02  0.000E+00  0.000E+00
  1.674E-02  1.676E-02  0.000E+00  0.000E+00
  1.676E-02  1.678E-02  0.000E+00  0.000E+00
  1.678E-02  1.680E-02  0.000E+00  0.000E+00
  1.680E-02  1.682E-02  0.000E+00  0.000E+00
  1.682E-02  1.684E-02  0.000E+00  0.000E+00
  1.684E-02  1.686E-02  0.000E+00  0.000E+00
  1.686E-02  1.688E-02  0.000E+00  0.000E+00
  1.688E-02  1.690E-02  0.000E+00  0.000E+00
  1.690E-02  1.692E-02  0.000E+00  0.000E+00
  1.692E-02  1.694E-02  0.000E+00  0.000E+00
  1.694E-02  1.696E-02  0.000E+00  0.000E+00
  1.696E-02  1.698E-02  0.000E+00  0.000E+00
  1.698E-02  1.700E-02  0.000E+00  0.000E+00
  1.700E-02  1.702E-02  0.000E+00  0.000E+00
  1.702E-02  1.703E-02  0.000E+00  0.000E+00
  1.703E-02  1.705E-02  0.000E+00  0.000E+00
  1.705E-02  1.707E-02  0.000E+00  0.000E+00
  1.707E-02  1.709E-02  0.000E+00  0.000E+00
  1.709E-02  1.711E-02  0.000E+00  0.000E+00
  1.711E-02  1.713E-02  0.000E+00  0.000E+00
  1.713E-02  1.715E-02  0.000E+00  0.000E+00
  1.715E-02  1.717E-02  0.000E+00  0.000E+00
  1.717E-02  1.719E-02  0.000E+00  0.000E+00
  1.719E-02  1.721E-02  0.000E+00  0.000E+00
  1.721E-02  1.723E-02  0.000E+00  0.000E+00
  1.723E-02  1.725E-02  0.000E+00  0.000E+00
  1.725E-02  1.727E-02  0.000E+00  0.000E+00
  1.727E-02  1.729E-02  0.000E+00  0.000E+00
  1.729E-02  1.731E-02  0.000E+00  0.000E+00
  1.731E-02  1.733E-02  0.000E+00  0.000E+00
  1.733E-02  1.735E-02  0.000E+00  0.000E+00
  1.735E-02  1.737E-02  0.000E+00  0.000E+00
  1.737E-02  1.739E-02  0.000E+00  0.000E+00
  1.739E-02  1.741E-02  0.000E+00  0.000E+00
  1.741E-02  1.743E-02  0.000E+00  0.000E+00
  1.743E-02  1.745E-02  0.000E+00  0.000E+00
  1.745E-02  1.747E-02  0.000E+00  0.000E+00
  1.747E-02  1.749E-02  0.000E+00  0.000E+00
  1.749E-02  1.751E-02  0.000E+00  0.000E+00
  1.751E-02  1.753E-02  0.000E+00  0.000E+00
  1.753E-02  1.755E-02  0.000E+00  0.000E+00
  1.755E-02  1.757E-02  0.000E+00  0.000E+00
  1.757E-02  1.759E-02  0.000E+00  0.000E+00
  1.759E-02  1.761E-02  0.000E+00  0.000E+00
  1.761E-02  1.763E-02  0.000E+00  0.000E+00
  1.763E-02  1.765E-02  0.000E+00  0.000E+00
  1.765E-02  1.767E-02  0.000E+00  0.000E+00
  1.767E-02  1.769E-02  0.000E+00  0.000E+00
  1.769E-02  1.771E-02  0.000E+00  0.000E+00
  1.771E-02  1.773E-02  0.000E+00  0.000E+00
  1.773E-02  1.775E-02  0.000E+00  0.000E+00
  1.775E-02  1.777E-02  0.000E+00  0.000E+00
  1.777E-02  1.779E-02  0.000E+00  0.000E+00
  1.779E-02  1.781E-02  0.000E+00  0.000E+00
  1.781E-02  1.783E-02  0.000E+00  0.000E+00
  1.783E-02  1.785E-02  0.000E+00  0.000E+00
  1.785E-02  1.787E-02  0.000E+00  0.000E+00
  1.787E-02  1.789E-02  0.000E+00  0.000E+00
  1.789E-02  1.791E-02  0.000E+00  0.000E+00
  1.791E-02  1.793E-02  0.000E+00  0.000E+00
  1.793E-02  1.795E-02  6.398E+01  9.900E+01
  1.795E-02  1.797E-02  0.000E+00  0.000E+00
  1.797E-02  1.799E-02  1.919E+02  9.900E+01
  1.799E-02  1.801E-02  1.919E+02  9.900E+01
  1.801E-02  1.803E-02  6.398E+01  9.900E+01
  1.803E-02  1.805E-02  1.919E+02  9.900E+01
  1.805E-02  1.807E-02  2.559E+02  9.900E+01
  1.807E-02  1.809E-02  8.318E+02  9.900E+01
  1.809E-02  1.811E-02  6.398E+02  9.900E+01
  1.811E-02  1.813E-02  1.152E+03  9.900E+01
  1.813E-02  1.815E-02  1.216E+03  9.900E+01
  1.815E-02  1.817E-02  1.216E+03  9.900E+01
  1.817E-02  1.819E-02  1.088E+03  9.900E+01
  1.819E-02  1.821E-02  1.600E+03  9.900E+01
  1.821E-02  1.823E-02  9.597E+02  9.900E+01
  1.823E-02  1.825E-02  1.088E+03  9.900E+01
  1.825E-02  1.827E-02  9.597E+02  9.900E+01
  1.827E-02  1.829E-02  8.318E+02  9.900E+01
  1.829E-02  1.831E-02  7.678E+02  9.900E+01
  1.831E-02  1.833E-02  3.199E+02  9.900E+01
  1.833E-02  1.835E-02  1.919E+02  9.900E+01
  1.835E-02  1.837E-02  6.398E+01  9.900E+01
  1.837E-02  1.839E-02  1.280E+02  9.900E+01
  1.839E-02  1.841E-02  6.398E+01  9.900E+01
  1.841E-02  1.843E-02  1.280E+02  9.900E+01
  1.843E-02  1.845E-02  6.398E+01  9.900E+01
  1.845E-02  1.847E-02  0.000E+00  0.000E+00
  1.847E-02  1.849E-02  0.000E+00  0.000E+00
  1.849E-02  1.851E-02  0.000E+00  0.000E+00
  1.851E-02  1.853E-02  0.000E+00  0.000E+00
  1.853E-02  1.855E-02  0.000E+00  0.000E+00
  1.855E-02  1.857E-02  0.000E+00  0.000E+00
  1.857E-02  1.859E-02  0.000E+00  0.000E+00
  1.859E-02  1.861E-02  0.000E+00  0.000E+00
  1.861E-02  1.863E-02  0.000E+00  0.000E+00
  1.863E-02  1.865E-02  0.000E+00  0.000E+00
  1.865E-02  1.867E-02  0.000E+00  0.000E+00
  1.867E-02  1.869E-02  0.000E+00  0.000E+00
  1.869E-02  1.871E-02  0.000E+00  0.000E+00
  1.871E-02  1.873E-02  0.000E+00  0.000E+00
  1.873E-02  1.875E-02  0.000E+00  0.000E+00
  1.875E-02  1.877E-02  0.000E+00  0.000E+00
  1.877E-02  1.879E-02  0.000E+00  0.000E+00
  1.879E-02  1.881E-02  0.000E+00  0.000E+00
  1.881E-02  1.883E-02  0.000E+00  0.000E+00
  1.883E-02  1.885E-02  0.000E+00  0.000E+00
  1.885E-02  1.887E-02  0.000E+00  0.000E+00
  1.887E-02  1.889E-02  0.000E+00  0.000E+00
  1.889E-02  1.891E-02  0.000E+00  0.000E+00
  1.891E-02  1.893E-02  0.000E+00  0.000E+00
  1.893E-02  1.895E-02  0.000E+00  0.000E+00
  1.895E-02  1.897E-02  0.000E+00  0.000E+00
  1.897E-02  1.899E-02  0.000E+00  0.000E+00
  1.899E-02  1.901E-02  0.000E+00  0.000E+00
  1.901E-02  1.902E-02  0.000E+00  0.000E+00
  1.902E-02  1.904E-02  0.000E+00  0.000E+00
  1.904E-02  1.906E-02  0.000E+00  0.000E+00
  1.906E-02  1.908E-02  0.000E+00  0.000E+00
  1.908E-02  1.910E-02  0.000E+00  0.000E+00
  1.910E-02  1.912E-02  0.000E+00  0.000E+00
  1.912E-02  1.914E-02  0.000E+00  0.000E+00
  1.914E-02  1.916E-02  0.000E+00  0.000E+00
  1.916E-02  1.918E-02  0.000E+00  0.000E+00
  1.918E-02  1.920E-02  0.000E+00  0.000E+00
  1.920E-02  1.922E-02  0.000E+00  0.000E+00
  1.922E-02  1.924E-02  0.000E+00  0.000E+00
  1.924E-02  1.926E-02  0.000E+00  0.000E+00
  1.926E-02  1.928E-02  0.000E+00  0.000E+00
  1.928E-02  1.930E-02  0.000E+00  0.000E+00
  1.930E-02  1.932E-02  0.000E+00  0.000E+00
  1.932E-02  1.934E-02  0.000E+00  0.000E+00
  1.934E-02  1.936E-02  0.000E+00  0.000E+00
  1.936E-02  1.938E-02  0.000E+00  0.000E+00
  1.938E-02  1.940E-02  0.000E+00  0.000E+00
  1.940E-02  1.942E-02  0.000E+00  0.000E+00
  1.942E-02  1.944E-02  0.000E+00  0.000E+00
  1.944E-02  1.946E-02  0.000E+00  0.000E+00
  1.946E-02  1.948E-02  0.000E+00  0.000E+00
  1.948E-02  1.950E-02  0.000E+00  0.000E+00
  1.950E-02  1.952E-02  0.000E+00  0.000E+00
  1.952E-02  1.954E-02  0.000E+00  0.000E+00
  1.954E-02  1.956E-02  0.000E+00  0.000E+00
  1.956E-02  1.958E-02  0.000E+00  0.000E+00
  1.958E-02  1.960E-02  0.000E+00  0.000E+00
  1.960E-02  1.962E-02  0.000E+00  0.000E+00
  1.962E-02  1.964E-02  0.000E+00  0.000E+00
  1.964E-02  1.966E-02  0.000E+00  0.000E+00
  1.966E-02  1.968E-02  0.000E+00  0.000E+00
  1.968E-02  1.970E-02  0.000E+00  0.000E+00
  1.970E-02  1.972E-02  0.000E+00  0.000E+00
  1.972E-02  1.974E-02  0.000E+00  0.000E+00
  1.974E-02  1.976E-02  0.000E+00  0.000E+00
  1.976E-02  1.978E-02  0.000E+00  0.000E+00
  1.978E-02  1.980E-02  0.000E+00  0.000E+00
  1.980E-02  1.982E-02  0.000E+00  0.000E+00
  1.982E-02  1.984E-02  0.000E+00  0.000E+00
  1.984E-02  1.986E-02  0.000E+00  0.000E+00
  1.986E-02  1.988E-02  0.000E+00  0.000E+00
  1.988E-02  1.990E-02  0.000E+00  0.000E+00
  1.990E-02  1.992E-02  0.000E+00  0.000E+00
  1.992E-02  1.994E-02  0.000E+00  0.000E+00
  1.994E-02  1.996E-02  0.000E+00  0.000E+00
  1.996E-02  1.998E-02  0.000E+00  0.000E+00
  1.998E-02  2.000E-02  0.000E+00  0.000E+00


 # double differential distributions
 # number of solid angle intervals           1
 # Block n:            1     0.00000000      :   6.28318548    
  1.000E-04  1.199E-04  0.000E+00  0.000E+00  0.000E+00  6.283E+00
  1.199E-04  1.398E-04  0.000E+00  0.000E+00  0.000E+00  6.283E+00
  1.398E-04  1.597E-04  0.000E+00  0.000E+00  0.000E+00  6.283E+00
  1.597E-04  1.796E-04  0.000E+00  0.000E+00  0.000E+00  6.283E+00
  1.796E-04  1.995E-04  0.000E+00  0.000E+00  0.000E+00  6.283E+00
  1.995E-04  2.194E-04  0.000E+00  0.000E+00  0.000E+00  6.283E+00
  2.194E-04  2.393E-04  0.000E+00  0.000E+00  0.000E+00  6.283E+00
  2.393E-04  2.592E-04  0.000E+00  0.000E+00  0.000E+00  6.283E+00
  2.592E-04  2.791E-04  0.000E+00  0.000E+00  0.000E+00  6.283E+00
  2.791E-04  2.990E-04  0.000E+00  0.000E+00  0.000E+00  6.283E+00
  2.990E-04  3.189E-04  0.000E+00  0.000E+00  0.000E+00  6.283E+00
  3.189E-04  3.388E-04  0.000E+00  0.000E+00  0.000E+00  6.283E+00
  3.388E-04  3.587E-04  0.000E+00  0.000E+00  0.000E+00  6.283E+00
  3.587E-04  3.786E-04  0.000E+00  0.000E+00  0.000E+00  6.283E+00
  3.786E-04  3.985E-04  0.000E+00  0.000E+00  0.000E+00  6.283E+00
  3.985E-04  4.184E-04  0.000E+00  0.000E+00  0.000E+00  6.283E+00
  4.184E-04  4.383E-04  0.000E+00  0.000E+00  0.000E+00  6.283E+00
  4.383E-04  4.582E-04  0.000E+00  0.000E+00  0.000E+00  6.283E+00
  4.582E-04  4.781E-04  0.000E+00  0.000E+00  0.000E+00  6.283E+00
  4.781E-04  4.980E-04  0.000E+00  0.000E+00  0.000E+00  6.283E+00
  4.980E-04  5.179E-04  0.000E+00  0.000E+00  0.000E+00  6.283E+00
  5.179E-04  5.378E-04  0.000E+00  0.000E+00  0.000E+00  6.283E+00
  5.378E-04  5.577E-04  0.000E+00  0.000E+00  0.000E+00  6.283E+00
  5.577E-04  5.776E-04  0.000E+00  0.000E+00  0.000E+00  6.283E+00
  5.776E-04  5.975E-04  0.000E+00  0.000E+00  0.000E+00  6.283E+00
  5.975E-04  6.174E-04  0.000E+00  0.000E+00  0.000E+00  6.283E+00
  6.174E-04  6.373E-04  0.000E+00  0.000E+00  0.000E+00  6.283E+00
  6.373E-04  6.572E-04  0.000E+00  0.000E+00  0.000E+00  6.283E+00
  6.572E-04  6.771E-04  0.000E+00  0.000E+00  0.000E+00  6.283E+00
  6.771E-04  6.970E-04  0.000E+00  0.000E+00  0.000E+00  6.283E+00
  6.970E-04  7.169E-04  0.000E+00  0.000E+00  0.000E+00  6.283E+00
  7.169E-04  7.368E-04  0.000E+00  0.000E+00  0.000E+00  6.283E+00
  7.368E-04  7.567E-04  0.000E+00  0.000E+00  0.000E+00  6.283E+00
  7.567E-04  7.766E-04  0.000E+00  0.000E+00  0.000E+00  6.283E+00
  7.766E-04  7.965E-04  0.000E+00  0.000E+00  0.000E+00  6.283E+00
  7.965E-04  8.164E-04  0.000E+00  0.000E+00  0.000E+00  6.283E+00
  8.164E-04  8.363E-04  0.000E+00  0.000E+00  0.000E+00  6.283E+00
  8.363E-04  8.562E-04  0.000E+00  0.000E+00  0.000E+00  6.283E+00
  8.562E-04  8.761E-04  0.000E+00  0.000E+00  0.000E+00  6.283E+00
  8.761E-04  8.960E-04  0.000E+00  0.000E+00  0.000E+00  6.283E+00
  8.960E-04  9.159E-04  0.000E+00  0.000E+00  0.000E+00  6.283E+00
  9.159E-04  9.358E-04  0.000E+00  0.000E+00  0.000E+00  6.283E+00
  9.358E-04  9.557E-04  0.000E+00  0.000E+00  0.000E+00  6.283E+00
  9.557E-04  9.756E-04  0.000E+00  0.000E+00  0.000E+00  6.283E+00
  9.756E-04  9.955E-04  0.000E+00  0.000E+00  0.000E+00  6.283E+00
  9.955E-04  1.015E-03  0.000E+00  0.000E+00  0.000E+00  6.283E+00
  1.015E-03  1.035E-03  0.000E+00  0.000E+00  0.000E+00  6.283E+00
  1.035E-03  1.055E-03  0.000E+00  0.000E+00  0.000E+00  6.283E+00
  1.055E-03  1.075E-03  0.000E+00  0.000E+00  0.000E+00  6.283E+00
  1.075E-03  1.095E-03  0.000E+00  0.000E+00  0.000E+00  6.283E+00
  1.095E-03  1.115E-03  0.000E+00  0.000E+00  0.000E+00  6.283E+00
  1.115E-03  1.135E-03  0.000E+00  0.000E+00  0.000E+00  6.283E+00
  1.135E-03  1.155E-03  0.000E+00  0.000E+00  0.000E+00  6.283E+00
  1.155E-03  1.175E-03  0.000E+00  0.000E+00  0.000E+00  6.283E+00
  1.175E-03  1.195E-03  0.000E+00  0.000E+00  0.000E+00  6.283E+00
  1.195E-03  1.214E-03  0.000E+00  0.000E+00  0.000E+00  6.283E+00
  1.214E-03  1.234E-03  0.000E+00  0.000E+00  0.000E+00  6.283E+00
  1.234E-03  1.254E-03  0.000E+00  0.000E+00  0.000E+00  6.283E+00
  1.254E-03  1.274E-03  0.000E+00  0.000E+00  0.000E+00  6.283E+00
  1.274E-03  1.294E-03  0.000E+00  0.000E+00  0.000E+00  6.283E+00
  1.294E-03  1.314E-03  0.000E+00  0.000E+00  0.000E+00  6.283E+00
  1.314E-03  1.334E-03  0.000E+00  0.000E+00  0.000E+00  6.283E+00
  1.334E-03  1.354E-03  0.000E+00  0.000E+00  0.000E+00  6.283E+00
  1.354E-03  1.374E-03  0.000E+00  0.000E+00  0.000E+00  6.283E+00
  1.374E-03  1.394E-03  0.000E+00  0.000E+00  0.000E+00  6.283E+00
  1.394E-03  1.413E-03  0.000E+00  0.000E+00  0.000E+00  6.283E+00
  1.413E-03  1.433E-03  0.000E+00  0.000E+00  0.000E+00  6.283E+00
  1.433E-03  1.453E-03  0.000E+00  0.000E+00  0.000E+00  6.283E+00
  1.453E-03  1.473E-03  0.000E+00  0.000E+00  0.000E+00  6.283E+00
  1.473E-03  1.493E-03  0.000E+00  0.000E+00  0.000E+00  6.283E+00
  1.493E-03  1.513E-03  0.000E+00  0.000E+00  0.000E+00  6.283E+00
  1.513E-03  1.533E-03  0.000E+00  0.000E+00  0.000E+00  6.283E+00
  1.533E-03  1.553E-03  0.000E+00  0.000E+00  0.000E+00  6.283E+00
  1.553E-03  1.573E-03  0.000E+00  0.000E+00  0.000E+00  6.283E+00
  1.573E-03  1.593E-03  0.000E+00  0.000E+00  0.000E+00  6.283E+00
  1.593E-03  1.612E-03  0.000E+00  0.000E+00  0.000E+00  6.283E+00
  1.612E-03  1.632E-03  0.000E+00  0.000E+00  0.000E+00  6.283E+00
  1.632E-03  1.652E-03  0.000E+00  0.000E+00  0.000E+00  6.283E+00
  1.652E-03  1.672E-03  0.000E+00  0.000E+00  0.000E+00  6.283E+00
  1.672E-03  1.692E-03  0.000E+00  0.000E+00  0.000E+00  6.283E+00
  1.692E-03  1.712E-03  0.000E+00  0.000E+00  0.000E+00  6.283E+00
  1.712E-03  1.732E-03  0.000E+00  0.000E+00  0.000E+00  6.283E+00
  1.732E-03  1.752E-03  0.000E+00  0.000E+00  0.000E+00  6.283E+00
  1.752E-03  1.772E-03  0.000E+00  0.000E+00  0.000E+00  6.283E+00
  1.772E-03  1.792E-03  0.000E+00  0.000E+00  0.000E+00  6.283E+00
  1.792E-03  1.811E-03  0.000E+00  0.000E+00  0.000E+00  6.283E+00
  1.811E-03  1.831E-03  0.000E+00  0.000E+00  0.000E+00  6.283E+00
  1.831E-03  1.851E-03  0.000E+00  0.000E+00  0.000E+00  6.283E+00
  1.851E-03  1.871E-03  0.000E+00  0.000E+00  0.000E+00  6.283E+00
  1.871E-03  1.891E-03  0.000E+00  0.000E+00  0.000E+00  6.283E+00
  1.891E-03  1.911E-03  0.000E+00  0.000E+00  0.000E+00  6.283E+00
  1.911E-03  1.931E-03  0.000E+00  0.000E+00  0.000E+00  6.283E+00
  1.931E-03  1.951E-03  0.000E+00  0.000E+00  0.000E+00  6.283E+00
  1.951E-03  1.971E-03  0.000E+00  0.000E+00  0.000E+00  6.283E+00
  1.971E-03  1.991E-03  0.000E+00  0.000E+00  0.000E+00  6.283E+00
  1.991E-03  2.010E-03  0.000E+00  0.000E+00  0.000E+00  6.283E+00
  2.010E-03  2.030E-03  0.000E+00  0.000E+00  0.000E+00  6.283E+00
  2.030E-03  2.050E-03  0.000E+00  0.000E+00  0.000E+00  6.283E+00
  2.050E-03  2.070E-03  0.000E+00  0.000E+00  0.000E+00  6.283E+00
  2.070E-03  2.090E-03  0.000E+00  0.000E+00  0.000E+00  6.283E+00
  2.090E-03  2.110E-03  0.000E+00  0.000E+00  0.000E+00  6.283E+00
  2.110E-03  2.130E-03  0.000E+00  0.000E+00  0.000E+00  6.283E+00
  2.130E-03  2.150E-03  0.000E+00  0.000E+00  0.000E+00  6.283E+00
  2.150E-03  2.170E-03  0.000E+00  0.000E+00  0.000E+00  6.283E+00
  2.170E-03  2.190E-03  0.000E+00  0.000E+00  0.000E+00  6.283E+00
  2.190E-03  2.209E-03  0.000E+00  0.000E+00  0.000E+00  6.283E+00
  2.209E-03  2.229E-03  0.000E+00  0.000E+00  0.000E+00  6.283E+00
  2.229E-03  2.249E-03  0.000E+00  0.000E+00  0.000E+00  6.283E+00
  2.249E-03  2.269E-03  0.000E+00  0.000E+00  0.000E+00  6.283E+00
  2.269E-03  2.289E-03  0.000E+00  0.000E+00  0.000E+00  6.283E+00
  2.289E-03  2.309E-03  0.000E+00  0.000E+00  0.000E+00  6.283E+00
  2.309E-03  2.329E-03  0.000E+00  0.000E+00  0.000E+00  6.283E+00
  2.329E-03  2.349E-03  0.000E+00  0.000E+00  0.000E+00  6.283E+00
  2.349E-03  2.369E-03  0.000E+00  0.000E+00  0.000E+00  6.283E+00
  2.369E-03  2.389E-03  0.000E+00  0.000E+00  0.000E+00  6.283E+00
  2.389E-03  2.408E-03  0.000E+00  0.000E+00  0.000E+00  6.283E+00
  2.408E-03  2.428E-03  0.000E+00  0.000E+00  0.000E+00  6.283E+00
  2.428E-03  2.448E-03  0.000E+00  0.000E+00  0.000E+00  6.283E+00
  2.448E-03  2.468E-03  0.000E+00  0.000E+00  0.000E+00  6.283E+00
  2.468E-03  2.488E-03  0.000E+00  0.000E+00  0.000E+00  6.283E+00
  2.488E-03  2.508E-03  0.000E+00  0.000E+00  0.000E+00  6.283E+00
  2.508E-03  2.528E-03  0.000E+00  0.000E+00  0.000E+00  6.283E+00
  2.528E-03  2.548E-03  0.000E+00  0.000E+00  0.000E+00  6.283E+00
  2.548E-03  2.568E-03  0.000E+00  0.000E+00  0.000E+00  6.283E+00
  2.568E-03  2.588E-03  0.000E+00  0.000E+00  0.000E+00  6.283E+00
  2.588E-03  2.607E-03  0.000E+00  0.000E+00  0.000E+00  6.283E+00
  2.607E-03  2.627E-03  0.000E+00  0.000E+00  0.000E+00  6.283E+00
  2.627E-03  2.647E-03  0.000E+00  0.000E+00  0.000E+00  6.283E+00
  2.647E-03  2.667E-03  0.000E+00  0.000E+00  0.000E+00  6.283E+00
  2.667E-03  2.687E-03  0.000E+00  0.000E+00  0.000E+00  6.283E+00
  2.687E-03  2.707E-03  0.000E+00  0.000E+00  0.000E+00  6.283E+00
  2.707E-03  2.727E-03  0.000E+00  0.000E+00  0.000E+00  6.283E+00
  2.727E-03  2.747E-03  0.000E+00  0.000E+00  0.000E+00  6.283E+00
  2.747E-03  2.767E-03  0.000E+00  0.000E+00  0.000E+00  6.283E+00
  2.767E-03  2.787E-03  0.000E+00  0.000E+00  0.000E+00  6.283E+00
  2.787E-03  2.806E-03  0.000E+00  0.000E+00  0.000E+00  6.283E+00
  2.806E-03  2.826E-03  0.000E+00  0.000E+00  0.000E+00  6.283E+00
  2.826E-03  2.846E-03  0.000E+00  0.000E+00  0.000E+00  6.283E+00
  2.846E-03  2.866E-03  0.000E+00  0.000E+00  0.000E+00  6.283E+00
  2.866E-03  2.886E-03  0.000E+00  0.000E+00  0.000E+00  6.283E+00
  2.886E-03  2.906E-03  0.000E+00  0.000E+00  0.000E+00  6.283E+00
  2.906E-03  2.926E-03  0.000E+00  0.000E+00  0.000E+00  6.283E+00
  2.926E-03  2.946E-03  0.000E+00  0.000E+00  0.000E+00  6.283E+00
  2.946E-03  2.966E-03  0.000E+00  0.000E+00  0.000E+00  6.283E+00
  2.966E-03  2.986E-03  0.000E+00  0.000E+00  0.000E+00  6.283E+00
  2.986E-03  3.005E-03  0.000E+00  0.000E+00  0.000E+00  6.283E+00
  3.005E-03  3.025E-03  0.000E+00  0.000E+00  0.000E+00  6.283E+00
  3.025E-03  3.045E-03  0.000E+00  0.000E+00  0.000E+00  6.283E+00
  3.045E-03  3.065E-03  0.000E+00  0.000E+00  0.000E+00  6.283E+00
  3.065E-03  3.085E-03  0.000E+00  0.000E+00  0.000E+00  6.283E+00
  3.085E-03  3.105E-03  0.000E+00  0.000E+00  0.000E+00  6.283E+00
  3.105E-03  3.125E-03  0.000E+00  0.000E+00  0.000E+00  6.283E+00
  3.125E-03  3.145E-03  0.000E+00  0.000E+00  0.000E+00  6.283E+00
  3.145E-03  3.165E-03  0.000E+00  0.000E+00  0.000E+00  6.283E+00
  3.165E-03  3.185E-03  0.000E+00  0.000E+00  0.000E+00  6.283E+00
  3.185E-03  3.204E-03  0.000E+00  0.000E+00  0.000E+00  6.283E+00
  3.204E-03  3.224E-03  0.000E+00  0.000E+00  0.000E+00  6.283E+00
  3.224E-03  3.244E-03  0.000E+00  0.000E+00  0.000E+00  6.283E+00
  3.244E-03  3.264E-03  0.000E+00  0.000E+00  0.000E+00  6.283E+00
  3.264E-03  3.284E-03  0.000E+00  0.000E+00  0.000E+00  6.283E+00
  3.284E-03  3.304E-03  0.000E+00  0.000E+00  0.000E+00  6.283E+00
  3.304E-03  3.324E-03  0.000E+00  0.000E+00  0.000E+00  6.283E+00
  3.324E-03  3.344E-03  0.000E+00  0.000E+00  0.000E+00  6.283E+00
  3.344E-03  3.364E-03  0.000E+00  0.000E+00  0.000E+00  6.283E+00
  3.364E-03  3.384E-03  0.000E+00  0.000E+00  0.000E+00  6.283E+00
  3.384E-03  3.403E-03  0.000E+00  0.000E+00  0.000E+00  6.283E+00
  3.403E-03  3.423E-03  0.000E+00  0.000E+00  0.000E+00  6.283E+00
  3.423E-03  3.443E-03  0.000E+00  0.000E+00  0.000E+00  6.283E+00
  3.443E-03  3.463E-03  0.000E+00  0.000E+00  0.000E+00  6.283E+00
  3.463E-03  3.483E-03  0.000E+00  0.000E+00  0.000E+00  6.283E+00
  3.483E-03  3.503E-03  0.000E+00  0.000E+00  0.000E+00  6.283E+00
  3.503E-03  3.523E-03  0.000E+00  0.000E+00  0.000E+00  6.283E+00
  3.523E-03  3.543E-03  0.000E+00  0.000E+00  0.000E+00  6.283E+00
  3.543E-03  3.563E-03  0.000E+00  0.000E+00  0.000E+00  6.283E+00
  3.563E-03  3.583E-03  0.000E+00  0.000E+00  0.000E+00  6.283E+00
  3.583E-03  3.602E-03  0.000E+00  0.000E+00  0.000E+00  6.283E+00
  3.602E-03  3.622E-03  0.000E+00  0.000E+00  0.000E+00  6.283E+00
  3.622E-03  3.642E-03  0.000E+00  0.000E+00  0.000E+00  6.283E+00
  3.642E-03  3.662E-03  0.000E+00  0.000E+00  0.000E+00  6.283E+00
  3.662E-03  3.682E-03  0.000E+00  0.000E+00  0.000E+00  6.283E+00
  3.682E-03  3.702E-03  0.000E+00  0.000E+00  0.000E+00  6.283E+00
  3.702E-03  3.722E-03  0.000E+00  0.000E+00  0.000E+00  6.283E+00
  3.722E-03  3.742E-03  0.000E+00  0.000E+00  0.000E+00  6.283E+00
  3.742E-03  3.762E-03  0.000E+00  0.000E+00  0.000E+00  6.283E+00
  3.762E-03  3.782E-03  0.000E+00  0.000E+00  0.000E+00  6.283E+00
  3.782E-03  3.801E-03  0.000E+00  0.000E+00  0.000E+00  6.283E+00
  3.801E-03  3.821E-03  0.000E+00  0.000E+00  0.000E+00  6.283E+00
  3.821E-03  3.841E-03  0.000E+00  0.000E+00  0.000E+00  6.283E+00
  3.841E-03  3.861E-03  0.000E+00  0.000E+00  0.000E+00  6.283E+00
  3.861E-03  3.881E-03  0.000E+00  0.000E+00  0.000E+00  6.283E+00
  3.881E-03  3.901E-03  0.000E+00  0.000E+00  0.000E+00  6.283E+00
  3.901E-03  3.921E-03  0.000E+00  0.000E+00  0.000E+00  6.283E+00
  3.921E-03  3.941E-03  0.000E+00  0.000E+00  0.000E+00  6.283E+00
  3.941E-03  3.961E-03  0.000E+00  0.000E+00  0.000E+00  6.283E+00
  3.961E-03  3.981E-03  0.000E+00  0.000E+00  0.000E+00  6.283E+00
  3.981E-03  4.000E-03  0.000E+00  0.000E+00  0.000E+00  6.283E+00
  4.000E-03  4.020E-03  0.000E+00  0.000E+00  0.000E+00  6.283E+00
  4.020E-03  4.040E-03  0.000E+00  0.000E+00  0.000E+00  6.283E+00
  4.040E-03  4.060E-03  0.000E+00  0.000E+00  0.000E+00  6.283E+00
  4.060E-03  4.080E-03  0.000E+00  0.000E+00  0.000E+00  6.283E+00
  4.080E-03  4.100E-03  0.000E+00  0.000E+00  0.000E+00  6.283E+00
  4.100E-03  4.120E-03  0.000E+00  0.000E+00  0.000E+00  6.283E+00
  4.120E-03  4.140E-03  0.000E+00  0.000E+00  0.000E+00  6.283E+00
  4.140E-03  4.160E-03  0.000E+00  0.000E+00  0.000E+00  6.283E+00
  4.160E-03  4.180E-03  0.000E+00  0.000E+00  0.000E+00  6.283E+00
  4.180E-03  4.199E-03  0.000E+00  0.000E+00  0.000E+00  6.283E+00
  4.199E-03  4.219E-03  0.000E+00  0.000E+00  0.000E+00  6.283E+00
  4.219E-03  4.239E-03  0.000E+00  0.000E+00  0.000E+00  6.283E+00
  4.239E-03  4.259E-03  0.000E+00  0.000E+00  0.000E+00  6.283E+00
  4.259E-03  4.279E-03  0.000E+00  0.000E+00  0.000E+00  6.283E+00
  4.279E-03  4.299E-03  0.000E+00  0.000E+00  0.000E+00  6.283E+00
  4.299E-03  4.319E-03  0.000E+00  0.000E+00  0.000E+00  6.283E+00
  4.319E-03  4.339E-03  0.000E+00  0.000E+00  0.000E+00  6.283E+00
  4.339E-03  4.359E-03  0.000E+00  0.000E+00  0.000E+00  6.283E+00
  4.359E-03  4.378E-03  0.000E+00  0.000E+00  0.000E+00  6.283E+00
  4.378E-03  4.398E-03  0.000E+00  0.000E+00  0.000E+00  6.283E+00
  4.398E-03  4.418E-03  0.000E+00  0.000E+00  0.000E+00  6.283E+00
  4.418E-03  4.438E-03  0.000E+00  0.000E+00  0.000E+00  6.283E+00
  4.438E-03  4.458E-03  0.000E+00  0.000E+00  0.000E+00  6.283E+00
  4.458E-03  4.478E-03  0.000E+00  0.000E+00  0.000E+00  6.283E+00
  4.478E-03  4.498E-03  0.000E+00  0.000E+00  0.000E+00  6.283E+00
  4.498E-03  4.518E-03  0.000E+00  0.000E+00  0.000E+00  6.283E+00
  4.518E-03  4.538E-03  0.000E+00  0.000E+00  0.000E+00  6.283E+00
  4.538E-03  4.558E-03  0.000E+00  0.000E+00  0.000E+00  6.283E+00
  4.558E-03  4.577E-03  0.000E+00  0.000E+00  0.000E+00  6.283E+00
  4.577E-03  4.597E-03  0.000E+00  0.000E+00  0.000E+00  6.283E+00
  4.597E-03  4.617E-03  0.000E+00  0.000E+00  0.000E+00  6.283E+00
  4.617E-03  4.637E-03  0.000E+00  0.000E+00  0.000E+00  6.283E+00
  4.637E-03  4.657E-03  0.000E+00  0.000E+00  0.000E+00  6.283E+00
  4.657E-03  4.677E-03  0.000E+00  0.000E+00  0.000E+00  6.283E+00
  4.677E-03  4.697E-03  0.000E+00  0.000E+00  0.000E+00  6.283E+00
  4.697E-03  4.717E-03  0.000E+00  0.000E+00  0.000E+00  6.283E+00
  4.717E-03  4.737E-03  0.000E+00  0.000E+00  0.000E+00  6.283E+00
  4.737E-03  4.757E-03  0.000E+00  0.000E+00  0.000E+00  6.283E+00
  4.757E-03  4.777E-03  0.000E+00  0.000E+00  0.000E+00  6.283E+00
  4.777E-03  4.796E-03  0.000E+00  0.000E+00  0.000E+00  6.283E+00
  4.796E-03  4.816E-03  0.000E+00  0.000E+00  0.000E+00  6.283E+00
  4.816E-03  4.836E-03  0.000E+00  0.000E+00  0.000E+00  6.283E+00
  4.836E-03  4.856E-03  0.000E+00  0.000E+00  0.000E+00  6.283E+00
  4.856E-03  4.876E-03  0.000E+00  0.000E+00  0.000E+00  6.283E+00
  4.876E-03  4.896E-03  0.000E+00  0.000E+00  0.000E+00  6.283E+00
  4.896E-03  4.916E-03  0.000E+00  0.000E+00  0.000E+00  6.283E+00
  4.916E-03  4.936E-03  0.000E+00  0.000E+00  0.000E+00  6.283E+00
  4.936E-03  4.956E-03  0.000E+00  0.000E+00  0.000E+00  6.283E+00
  4.956E-03  4.976E-03  0.000E+00  0.000E+00  0.000E+00  6.283E+00
  4.976E-03  4.995E-03  0.000E+00  0.000E+00  0.000E+00  6.283E+00
  4.995E-03  5.015E-03  0.000E+00  0.000E+00  0.000E+00  6.283E+00
  5.015E-03  5.035E-03  0.000E+00  0.000E+00  0.000E+00  6.283E+00
  5.035E-03  5.055E-03  0.000E+00  0.000E+00  0.000E+00  6.283E+00
  5.055E-03  5.075E-03  0.000E+00  0.000E+00  0.000E+00  6.283E+00
  5.075E-03  5.095E-03  0.000E+00  0.000E+00  0.000E+00  6.283E+00
  5.095E-03  5.115E-03  0.000E+00  0.000E+00  0.000E+00  6.283E+00
  5.115E-03  5.135E-03  0.000E+00  0.000E+00  0.000E+00  6.283E+00
  5.135E-03  5.155E-03  0.000E+00  0.000E+00  0.000E+00  6.283E+00
  5.155E-03  5.174E-03  0.000E+00  0.000E+00  0.000E+00  6.283E+00
  5.174E-03  5.194E-03  0.000E+00  0.000E+00  0.000E+00  6.283E+00
  5.194E-03  5.214E-03  0.000E+00  0.000E+00  0.000E+00  6.283E+00
  5.214E-03  5.234E-03  0.000E+00  0.000E+00  0.000E+00  6.283E+00
  5.234E-03  5.254E-03  0.000E+00  0.000E+00  0.000E+00  6.283E+00
  5.254E-03  5.274E-03  0.000E+00  0.000E+00  0.000E+00  6.283E+00
  5.274E-03  5.294E-03  0.000E+00  0.000E+00  0.000E+00  6.283E+00
  5.294E-03  5.314E-03  0.000E+00  0.000E+00  0.000E+00  6.283E+00
  5.314E-03  5.334E-03  0.000E+00  0.000E+00  0.000E+00  6.283E+00
  5.334E-03  5.354E-03  0.000E+00  0.000E+00  0.000E+00  6.283E+00
  5.354E-03  5.373E-03  0.000E+00  0.000E+00  0.000E+00  6.283E+00
  5.373E-03  5.393E-03  0.000E+00  0.000E+00  0.000E+00  6.283E+00
  5.393E-03  5.413E-03  0.000E+00  0.000E+00  0.000E+00  6.283E+00
  5.413E-03  5.433E-03  0.000E+00  0.000E+00  0.000E+00  6.283E+00
  5.433E-03  5.453E-03  0.000E+00  0.000E+00  0.000E+00  6.283E+00
  5.453E-03  5.473E-03  0.000E+00  0.000E+00  0.000E+00  6.283E+00
  5.473E-03  5.493E-03  0.000E+00  0.000E+00  0.000E+00  6.283E+00
  5.493E-03  5.513E-03  0.000E+00  0.000E+00  0.000E+00  6.283E+00
  5.513E-03  5.533E-03  0.000E+00  0.000E+00  0.000E+00  6.283E+00
  5.533E-03  5.553E-03  0.000E+00  0.000E+00  0.000E+00  6.283E+00
  5.553E-03  5.573E-03  0.000E+00  0.000E+00  0.000E+00  6.283E+00
  5.573E-03  5.592E-03  0.000E+00  0.000E+00  0.000E+00  6.283E+00
  5.592E-03  5.612E-03  0.000E+00  0.000E+00  0.000E+00  6.283E+00
  5.612E-03  5.632E-03  0.000E+00  0.000E+00  0.000E+00  6.283E+00
  5.632E-03  5.652E-03  0.000E+00  0.000E+00  0.000E+00  6.283E+00
  5.652E-03  5.672E-03  0.000E+00  0.000E+00  0.000E+00  6.283E+00
  5.672E-03  5.692E-03  0.000E+00  0.000E+00  0.000E+00  6.283E+00
  5.692E-03  5.712E-03  0.000E+00  0.000E+00  0.000E+00  6.283E+00
  5.712E-03  5.732E-03  0.000E+00  0.000E+00  0.000E+00  6.283E+00
  5.732E-03  5.752E-03  0.000E+00  0.000E+00  0.000E+00  6.283E+00
  5.752E-03  5.772E-03  0.000E+00  0.000E+00  0.000E+00  6.283E+00
  5.772E-03  5.791E-03  0.000E+00  0.000E+00  0.000E+00  6.283E+00
  5.791E-03  5.811E-03  0.000E+00  0.000E+00  0.000E+00  6.283E+00
  5.811E-03  5.831E-03  0.000E+00  0.000E+00  0.000E+00  6.283E+00
  5.831E-03  5.851E-03  0.000E+00  0.000E+00  0.000E+00  6.283E+00
  5.851E-03  5.871E-03  0.000E+00  0.000E+00  0.000E+00  6.283E+00
  5.871E-03  5.891E-03  0.000E+00  0.000E+00  0.000E+00  6.283E+00
  5.891E-03  5.911E-03  0.000E+00  0.000E+00  0.000E+00  6.283E+00
  5.911E-03  5.931E-03  0.000E+00  0.000E+00  0.000E+00  6.283E+00
  5.931E-03  5.951E-03  0.000E+00  0.000E+00  0.000E+00  6.283E+00
  5.951E-03  5.970E-03  0.000E+00  0.000E+00  0.000E+00  6.283E+00
  5.970E-03  5.990E-03  0.000E+00  0.000E+00  0.000E+00  6.283E+00
  5.990E-03  6.010E-03  0.000E+00  0.000E+00  0.000E+00  6.283E+00
  6.010E-03  6.030E-03  0.000E+00  0.000E+00  0.000E+00  6.283E+00
  6.030E-03  6.050E-03  0.000E+00  0.000E+00  0.000E+00  6.283E+00
  6.050E-03  6.070E-03  0.000E+00  0.000E+00  0.000E+00  6.283E+00
  6.070E-03  6.090E-03  0.000E+00  0.000E+00  0.000E+00  6.283E+00
  6.090E-03  6.110E-03  0.000E+00  0.000E+00  0.000E+00  6.283E+00
  6.110E-03  6.130E-03  0.000E+00  0.000E+00  0.000E+00  6.283E+00
  6.130E-03  6.150E-03  0.000E+00  0.000E+00  0.000E+00  6.283E+00
  6.150E-03  6.169E-03  0.000E+00  0.000E+00  0.000E+00  6.283E+00
  6.169E-03  6.189E-03  0.000E+00  0.000E+00  0.000E+00  6.283E+00
  6.189E-03  6.209E-03  0.000E+00  0.000E+00  0.000E+00  6.283E+00
  6.209E-03  6.229E-03  0.000E+00  0.000E+00  0.000E+00  6.283E+00
  6.229E-03  6.249E-03  0.000E+00  0.000E+00  0.000E+00  6.283E+00
  6.249E-03  6.269E-03  0.000E+00  0.000E+00  0.000E+00  6.283E+00
  6.269E-03  6.289E-03  0.000E+00  0.000E+00  0.000E+00  6.283E+00
  6.289E-03  6.309E-03  0.000E+00  0.000E+00  0.000E+00  6.283E+00
  6.309E-03  6.329E-03  0.000E+00  0.000E+00  0.000E+00  6.283E+00
  6.329E-03  6.349E-03  0.000E+00  0.000E+00  0.000E+00  6.283E+00
  6.349E-03  6.369E-03  0.000E+00  0.000E+00  0.000E+00  6.283E+00
  6.369E-03  6.388E-03  0.000E+00  0.000E+00  0.000E+00  6.283E+00
  6.388E-03  6.408E-03  0.000E+00  0.000E+00  0.000E+00  6.283E+00
  6.408E-03  6.428E-03  0.000E+00  0.000E+00  0.000E+00  6.283E+00
  6.428E-03  6.448E-03  0.000E+00  0.000E+00  0.000E+00  6.283E+00
  6.448E-03  6.468E-03  0.000E+00  0.000E+00  0.000E+00  6.283E+00
  6.468E-03  6.488E-03  0.000E+00  0.000E+00  0.000E+00  6.283E+00
  6.488E-03  6.508E-03  0.000E+00  0.000E+00  0.000E+00  6.283E+00
  6.508E-03  6.528E-03  0.000E+00  0.000E+00  0.000E+00  6.283E+00
  6.528E-03  6.548E-03  0.000E+00  0.000E+00  0.000E+00  6.283E+00
  6.548E-03  6.568E-03  0.000E+00  0.000E+00  0.000E+00  6.283E+00
  6.568E-03  6.587E-03  0.000E+00  0.000E+00  0.000E+00  6.283E+00
  6.587E-03  6.607E-03  0.000E+00  0.000E+00  0.000E+00  6.283E+00
  6.607E-03  6.627E-03  0.000E+00  0.000E+00  0.000E+00  6.283E+00
  6.627E-03  6.647E-03  0.000E+00  0.000E+00  0.000E+00  6.283E+00
  6.647E-03  6.667E-03  0.000E+00  0.000E+00  0.000E+00  6.283E+00
  6.667E-03  6.687E-03  0.000E+00  0.000E+00  0.000E+00  6.283E+00
  6.687E-03  6.707E-03  0.000E+00  0.000E+00  0.000E+00  6.283E+00
  6.707E-03  6.727E-03  0.000E+00  0.000E+00  0.000E+00  6.283E+00
  6.727E-03  6.747E-03  0.000E+00  0.000E+00  0.000E+00  6.283E+00
  6.747E-03  6.766E-03  0.000E+00  0.000E+00  0.000E+00  6.283E+00
  6.766E-03  6.786E-03  0.000E+00  0.000E+00  0.000E+00  6.283E+00
  6.786E-03  6.806E-03  0.000E+00  0.000E+00  0.000E+00  6.283E+00
  6.806E-03  6.826E-03  0.000E+00  0.000E+00  0.000E+00  6.283E+00
  6.826E-03  6.846E-03  0.000E+00  0.000E+00  0.000E+00  6.283E+00
  6.846E-03  6.866E-03  0.000E+00  0.000E+00  0.000E+00  6.283E+00
  6.866E-03  6.886E-03  0.000E+00  0.000E+00  0.000E+00  6.283E+00
  6.886E-03  6.906E-03  0.000E+00  0.000E+00  0.000E+00  6.283E+00
  6.906E-03  6.926E-03  0.000E+00  0.000E+00  0.000E+00  6.283E+00
  6.926E-03  6.946E-03  0.000E+00  0.000E+00  0.000E+00  6.283E+00
  6.946E-03  6.965E-03  0.000E+00  0.000E+00  0.000E+00  6.283E+00
  6.965E-03  6.985E-03  0.000E+00  0.000E+00  0.000E+00  6.283E+00
  6.985E-03  7.005E-03  0.000E+00  0.000E+00  0.000E+00  6.283E+00
  7.005E-03  7.025E-03  0.000E+00  0.000E+00  0.000E+00  6.283E+00
  7.025E-03  7.045E-03  0.000E+00  0.000E+00  0.000E+00  6.283E+00
  7.045E-03  7.065E-03  0.000E+00  0.000E+00  0.000E+00  6.283E+00
  7.065E-03  7.085E-03  0.000E+00  0.000E+00  0.000E+00  6.283E+00
  7.085E-03  7.105E-03  0.000E+00  0.000E+00  0.000E+00  6.283E+00
  7.105E-03  7.125E-03  0.000E+00  0.000E+00  0.000E+00  6.283E+00
  7.125E-03  7.145E-03  0.000E+00  0.000E+00  0.000E+00  6.283E+00
  7.145E-03  7.165E-03  0.000E+00  0.000E+00  0.000E+00  6.283E+00
  7.165E-03  7.184E-03  0.000E+00  0.000E+00  0.000E+00  6.283E+00
  7.184E-03  7.204E-03  0.000E+00  0.000E+00  0.000E+00  6.283E+00
  7.204E-03  7.224E-03  0.000E+00  0.000E+00  0.000E+00  6.283E+00
  7.224E-03  7.244E-03  0.000E+00  0.000E+00  0.000E+00  6.283E+00
  7.244E-03  7.264E-03  0.000E+00  0.000E+00  0.000E+00  6.283E+00
  7.264E-03  7.284E-03  0.000E+00  0.000E+00  0.000E+00  6.283E+00
  7.284E-03  7.304E-03  0.000E+00  0.000E+00  0.000E+00  6.283E+00
  7.304E-03  7.324E-03  0.000E+00  0.000E+00  0.000E+00  6.283E+00
  7.324E-03  7.344E-03  0.000E+00  0.000E+00  0.000E+00  6.283E+00
  7.344E-03  7.364E-03  0.000E+00  0.000E+00  0.000E+00  6.283E+00
  7.364E-03  7.383E-03  0.000E+00  0.000E+00  0.000E+00  6.283E+00
  7.383E-03  7.403E-03  0.000E+00  0.000E+00  0.000E+00  6.283E+00
  7.403E-03  7.423E-03  0.000E+00  0.000E+00  0.000E+00  6.283E+00
  7.423E-03  7.443E-03  0.000E+00  0.000E+00  0.000E+00  6.283E+00
  7.443E-03  7.463E-03  0.000E+00  0.000E+00  0.000E+00  6.283E+00
  7.463E-03  7.483E-03  0.000E+00  0.000E+00  0.000E+00  6.283E+00
  7.483E-03  7.503E-03  0.000E+00  0.000E+00  0.000E+00  6.283E+00
  7.503E-03  7.523E-03  0.000E+00  0.000E+00  0.000E+00  6.283E+00
  7.523E-03  7.543E-03  0.000E+00  0.000E+00  0.000E+00  6.283E+00
  7.543E-03  7.562E-03  0.000E+00  0.000E+00  0.000E+00  6.283E+00
  7.562E-03  7.582E-03  0.000E+00  0.000E+00  0.000E+00  6.283E+00
  7.582E-03  7.602E-03  0.000E+00  0.000E+00  0.000E+00  6.283E+00
  7.602E-03  7.622E-03  0.000E+00  0.000E+00  0.000E+00  6.283E+00
  7.622E-03  7.642E-03  0.000E+00  0.000E+00  0.000E+00  6.283E+00
  7.642E-03  7.662E-03  0.000E+00  0.000E+00  0.000E+00  6.283E+00
  7.662E-03  7.682E-03  0.000E+00  0.000E+00  0.000E+00  6.283E+00
  7.682E-03  7.702E-03  0.000E+00  0.000E+00  0.000E+00  6.283E+00
  7.702E-03  7.722E-03  0.000E+00  0.000E+00  0.000E+00  6.283E+00
  7.722E-03  7.742E-03  0.000E+00  0.000E+00  0.000E+00  6.283E+00
  7.742E-03  7.761E-03  0.000E+00  0.000E+00  0.000E+00  6.283E+00
  7.761E-03  7.781E-03  0.000E+00  0.000E+00  0.000E+00  6.283E+00
  7.781E-03  7.801E-03  0.000E+00  0.000E+00  0.000E+00  6.283E+00
  7.801E-03  7.821E-03  0.000E+00  0.000E+00  0.000E+00  6.283E+00
  7.821E-03  7.841E-03  0.000E+00  0.000E+00  0.000E+00  6.283E+00
  7.841E-03  7.861E-03  0.000E+00  0.000E+00  0.000E+00  6.283E+00
  7.861E-03  7.881E-03  0.000E+00  0.000E+00  0.000E+00  6.283E+00
  7.881E-03  7.901E-03  0.000E+00  0.000E+00  0.000E+00  6.283E+00
  7.901E-03  7.921E-03  0.000E+00  0.000E+00  0.000E+00  6.283E+00
  7.921E-03  7.941E-03  0.000E+00  0.000E+00  0.000E+00  6.283E+00
  7.941E-03  7.961E-03  0.000E+00  0.000E+00  0.000E+00  6.283E+00
  7.961E-03  7.980E-03  0.000E+00  0.000E+00  0.000E+00  6.283E+00
  7.980E-03  8.000E-03  0.000E+00  0.000E+00  0.000E+00  6.283E+00
  8.000E-03  8.020E-03  0.000E+00  0.000E+00  0.000E+00  6.283E+00
  8.020E-03  8.040E-03  0.000E+00  0.000E+00  0.000E+00  6.283E+00
  8.040E-03  8.060E-03  0.000E+00  0.000E+00  0.000E+00  6.283E+00
  8.060E-03  8.080E-03  0.000E+00  0.000E+00  0.000E+00  6.283E+00
  8.080E-03  8.100E-03  0.000E+00  0.000E+00  0.000E+00  6.283E+00
  8.100E-03  8.120E-03  0.000E+00  0.000E+00  0.000E+00  6.283E+00
  8.120E-03  8.140E-03  0.000E+00  0.000E+00  0.000E+00  6.283E+00
  8.140E-03  8.159E-03  0.000E+00  0.000E+00  0.000E+00  6.283E+00
  8.159E-03  8.179E-03  0.000E+00  0.000E+00  0.000E+00  6.283E+00
  8.179E-03  8.199E-03  0.000E+00  0.000E+00  0.000E+00  6.283E+00
  8.199E-03  8.219E-03  0.000E+00  0.000E+00  0.000E+00  6.283E+00
  8.219E-03  8.239E-03  0.000E+00  0.000E+00  0.000E+00  6.283E+00
  8.239E-03  8.259E-03  0.000E+00  0.000E+00  0.000E+00  6.283E+00
  8.259E-03  8.279E-03  0.000E+00  0.000E+00  0.000E+00  6.283E+00
  8.279E-03  8.299E-03  0.000E+00  0.000E+00  0.000E+00  6.283E+00
  8.299E-03  8.319E-03  0.000E+00  0.000E+00  0.000E+00  6.283E+00
  8.319E-03  8.339E-03  0.000E+00  0.000E+00  0.000E+00  6.283E+00
  8.339E-03  8.358E-03  0.000E+00  0.000E+00  0.000E+00  6.283E+00
  8.358E-03  8.378E-03  0.000E+00  0.000E+00  0.000E+00  6.283E+00
  8.378E-03  8.398E-03  0.000E+00  0.000E+00  0.000E+00  6.283E+00
  8.398E-03  8.418E-03  0.000E+00  0.000E+00  0.000E+00  6.283E+00
  8.418E-03  8.438E-03  0.000E+00  0.000E+00  0.000E+00  6.283E+00
  8.438E-03  8.458E-03  0.000E+00  0.000E+00  0.000E+00  6.283E+00
  8.458E-03  8.478E-03  0.000E+00  0.000E+00  0.000E+00  6.283E+00
  8.478E-03  8.498E-03  0.000E+00  0.000E+00  0.000E+00  6.283E+00
  8.498E-03  8.518E-03  0.000E+00  0.000E+00  0.000E+00  6.283E+00
  8.518E-03  8.538E-03  0.000E+00  0.000E+00  0.000E+00  6.283E+00
  8.538E-03  8.558E-03  0.000E+00  0.000E+00  0.000E+00  6.283E+00
  8.558E-03  8.577E-03  0.000E+00  0.000E+00  0.000E+00  6.283E+00
  8.577E-03  8.597E-03  0.000E+00  0.000E+00  0.000E+00  6.283E+00
  8.597E-03  8.617E-03  0.000E+00  0.000E+00  0.000E+00  6.283E+00
  8.617E-03  8.637E-03  0.000E+00  0.000E+00  0.000E+00  6.283E+00
  8.637E-03  8.657E-03  0.000E+00  0.000E+00  0.000E+00  6.283E+00
  8.657E-03  8.677E-03  0.000E+00  0.000E+00  0.000E+00  6.283E+00
  8.677E-03  8.697E-03  0.000E+00  0.000E+00  0.000E+00  6.283E+00
  8.697E-03  8.717E-03  0.000E+00  0.000E+00  0.000E+00  6.283E+00
  8.717E-03  8.737E-03  0.000E+00  0.000E+00  0.000E+00  6.283E+00
  8.737E-03  8.756E-03  0.000E+00  0.000E+00  0.000E+00  6.283E+00
  8.756E-03  8.776E-03  0.000E+00  0.000E+00  0.000E+00  6.283E+00
  8.776E-03  8.796E-03  0.000E+00  0.000E+00  0.000E+00  6.283E+00
  8.796E-03  8.816E-03  0.000E+00  0.000E+00  0.000E+00  6.283E+00
  8.816E-03  8.836E-03  0.000E+00  0.000E+00  0.000E+00  6.283E+00
  8.836E-03  8.856E-03  0.000E+00  0.000E+00  0.000E+00  6.283E+00
  8.856E-03  8.876E-03  0.000E+00  0.000E+00  0.000E+00  6.283E+00
  8.876E-03  8.896E-03  0.000E+00  0.000E+00  0.000E+00  6.283E+00
  8.896E-03  8.916E-03  0.000E+00  0.000E+00  0.000E+00  6.283E+00
  8.916E-03  8.936E-03  0.000E+00  0.000E+00  0.000E+00  6.283E+00
  8.936E-03  8.956E-03  0.000E+00  0.000E+00  0.000E+00  6.283E+00
  8.956E-03  8.975E-03  0.000E+00  0.000E+00  0.000E+00  6.283E+00
  8.975E-03  8.995E-03  0.000E+00  0.000E+00  0.000E+00  6.283E+00
  8.995E-03  9.015E-03  0.000E+00  0.000E+00  0.000E+00  6.283E+00
  9.015E-03  9.035E-03  0.000E+00  0.000E+00  0.000E+00  6.283E+00
  9.035E-03  9.055E-03  0.000E+00  0.000E+00  0.000E+00  6.283E+00
  9.055E-03  9.075E-03  0.000E+00  0.000E+00  0.000E+00  6.283E+00
  9.075E-03  9.095E-03  0.000E+00  0.000E+00  0.000E+00  6.283E+00
  9.095E-03  9.115E-03  0.000E+00  0.000E+00  0.000E+00  6.283E+00
  9.115E-03  9.135E-03  0.000E+00  0.000E+00  0.000E+00  6.283E+00
  9.135E-03  9.155E-03  0.000E+00  0.000E+00  0.000E+00  6.283E+00
  9.155E-03  9.174E-03  0.000E+00  0.000E+00  0.000E+00  6.283E+00
  9.174E-03  9.194E-03  0.000E+00  0.000E+00  0.000E+00  6.283E+00
  9.194E-03  9.214E-03  0.000E+00  0.000E+00  0.000E+00  6.283E+00
  9.214E-03  9.234E-03  0.000E+00  0.000E+00  0.000E+00  6.283E+00
  9.234E-03  9.254E-03  0.000E+00  0.000E+00  0.000E+00  6.283E+00
  9.254E-03  9.274E-03  0.000E+00  0.000E+00  0.000E+00  6.283E+00
  9.274E-03  9.294E-03  0.000E+00  0.000E+00  0.000E+00  6.283E+00
  9.294E-03  9.314E-03  0.000E+00  0.000E+00  0.000E+00  6.283E+00
  9.314E-03  9.334E-03  0.000E+00  0.000E+00  0.000E+00  6.283E+00
  9.334E-03  9.353E-03  0.000E+00  0.000E+00  0.000E+00  6.283E+00
  9.353E-03  9.373E-03  0.000E+00  0.000E+00  0.000E+00  6.283E+00
  9.373E-03  9.393E-03  0.000E+00  0.000E+00  0.000E+00  6.283E+00
  9.393E-03  9.413E-03  0.000E+00  0.000E+00  0.000E+00  6.283E+00
  9.413E-03  9.433E-03  0.000E+00  0.000E+00  0.000E+00  6.283E+00
  9.433E-03  9.453E-03  0.000E+00  0.000E+00  0.000E+00  6.283E+00
  9.453E-03  9.473E-03  0.000E+00  0.000E+00  0.000E+00  6.283E+00
  9.473E-03  9.493E-03  0.000E+00  0.000E+00  0.000E+00  6.283E+00
  9.493E-03  9.513E-03  0.000E+00  0.000E+00  0.000E+00  6.283E+00
  9.513E-03  9.533E-03  0.000E+00  0.000E+00  0.000E+00  6.283E+00
  9.533E-03  9.553E-03  0.000E+00  0.000E+00  0.000E+00  6.283E+00
  9.553E-03  9.572E-03  0.000E+00  0.000E+00  0.000E+00  6.283E+00
  9.572E-03  9.592E-03  0.000E+00  0.000E+00  0.000E+00  6.283E+00
  9.592E-03  9.612E-03  0.000E+00  0.000E+00  0.000E+00  6.283E+00
  9.612E-03  9.632E-03  0.000E+00  0.000E+00  0.000E+00  6.283E+00
  9.632E-03  9.652E-03  0.000E+00  0.000E+00  0.000E+00  6.283E+00
  9.652E-03  9.672E-03  0.000E+00  0.000E+00  0.000E+00  6.283E+00
  9.672E-03  9.692E-03  0.000E+00  0.000E+00  0.000E+00  6.283E+00
  9.692E-03  9.712E-03  0.000E+00  0.000E+00  0.000E+00  6.283E+00
  9.712E-03  9.732E-03  0.000E+00  0.000E+00  0.000E+00  6.283E+00
  9.732E-03  9.752E-03  0.000E+00  0.000E+00  0.000E+00  6.283E+00
  9.752E-03  9.771E-03  0.000E+00  0.000E+00  0.000E+00  6.283E+00
  9.771E-03  9.791E-03  0.000E+00  0.000E+00  0.000E+00  6.283E+00
  9.791E-03  9.811E-03  0.000E+00  0.000E+00  0.000E+00  6.283E+00
  9.811E-03  9.831E-03  0.000E+00  0.000E+00  0.000E+00  6.283E+00
  9.831E-03  9.851E-03  0.000E+00  0.000E+00  0.000E+00  6.283E+00
  9.851E-03  9.871E-03  0.000E+00  0.000E+00  0.000E+00  6.283E+00
  9.871E-03  9.891E-03  0.000E+00  0.000E+00  0.000E+00  6.283E+00
  9.891E-03  9.911E-03  0.000E+00  0.000E+00  0.000E+00  6.283E+00
  9.911E-03  9.931E-03  0.000E+00  0.000E+00  0.000E+00  6.283E+00
  9.931E-03  9.950E-03  0.000E+00  0.000E+00  0.000E+00  6.283E+00
  9.950E-03  9.970E-03  0.000E+00  0.000E+00  0.000E+00  6.283E+00
  9.970E-03  9.990E-03  0.000E+00  0.000E+00  0.000E+00  6.283E+00
  9.990E-03  1.001E-02  0.000E+00  0.000E+00  0.000E+00  6.283E+00
  1.001E-02  1.003E-02  0.000E+00  0.000E+00  0.000E+00  6.283E+00
  1.003E-02  1.005E-02  0.000E+00  0.000E+00  0.000E+00  6.283E+00
  1.005E-02  1.007E-02  0.000E+00  0.000E+00  0.000E+00  6.283E+00
  1.007E-02  1.009E-02  0.000E+00  0.000E+00  0.000E+00  6.283E+00
  1.009E-02  1.011E-02  0.000E+00  0.000E+00  0.000E+00  6.283E+00
  1.011E-02  1.013E-02  0.000E+00  0.000E+00  0.000E+00  6.283E+00
  1.013E-02  1.015E-02  0.000E+00  0.000E+00  0.000E+00  6.283E+00
  1.015E-02  1.017E-02  0.000E+00  0.000E+00  0.000E+00  6.283E+00
  1.017E-02  1.019E-02  0.000E+00  0.000E+00  0.000E+00  6.283E+00
  1.019E-02  1.021E-02  0.000E+00  0.000E+00  0.000E+00  6.283E+00
  1.021E-02  1.023E-02  0.000E+00  0.000E+00  0.000E+00  6.283E+00
  1.023E-02  1.025E-02  0.000E+00  0.000E+00  0.000E+00  6.283E+00
  1.025E-02  1.027E-02  0.000E+00  0.000E+00  0.000E+00  6.283E+00
  1.027E-02  1.029E-02  0.000E+00  0.000E+00  0.000E+00  6.283E+00
  1.029E-02  1.031E-02  1.023E+01  9.900E+01  0.000E+00  6.283E+00
  1.031E-02  1.033E-02  0.000E+00  0.000E+00  0.000E+00  6.283E+00
  1.033E-02  1.035E-02  0.000E+00  0.000E+00  0.000E+00  6.283E+00
  1.035E-02  1.037E-02  0.000E+00  0.000E+00  0.000E+00  6.283E+00
  1.037E-02  1.039E-02  0.000E+00  0.000E+00  0.000E+00  6.283E+00
  1.039E-02  1.041E-02  0.000E+00  0.000E+00  0.000E+00  6.283E+00
  1.041E-02  1.043E-02  0.000E+00  0.000E+00  0.000E+00  6.283E+00
  1.043E-02  1.045E-02  0.000E+00  0.000E+00  0.000E+00  6.283E+00
  1.045E-02  1.047E-02  0.000E+00  0.000E+00  0.000E+00  6.283E+00
  1.047E-02  1.049E-02  0.000E+00  0.000E+00  0.000E+00  6.283E+00
  1.049E-02  1.051E-02  0.000E+00  0.000E+00  0.000E+00  6.283E+00
  1.051E-02  1.053E-02  0.000E+00  0.000E+00  0.000E+00  6.283E+00
  1.053E-02  1.055E-02  0.000E+00  0.000E+00  0.000E+00  6.283E+00
  1.055E-02  1.057E-02  0.000E+00  0.000E+00  0.000E+00  6.283E+00
  1.057E-02  1.059E-02  0.000E+00  0.000E+00  0.000E+00  6.283E+00
  1.059E-02  1.061E-02  0.000E+00  0.000E+00  0.000E+00  6.283E+00
  1.061E-02  1.063E-02  0.000E+00  0.000E+00  0.000E+00  6.283E+00
  1.063E-02  1.065E-02  0.000E+00  0.000E+00  0.000E+00  6.283E+00
  1.065E-02  1.067E-02  0.000E+00  0.000E+00  0.000E+00  6.283E+00
  1.067E-02  1.069E-02  0.000E+00  0.000E+00  0.000E+00  6.283E+00
  1.069E-02  1.071E-02  0.000E+00  0.000E+00  0.000E+00  6.283E+00
  1.071E-02  1.073E-02  0.000E+00  0.000E+00  0.000E+00  6.283E+00
  1.073E-02  1.075E-02  0.000E+00  0.000E+00  0.000E+00  6.283E+00
  1.075E-02  1.077E-02  0.000E+00  0.000E+00  0.000E+00  6.283E+00
  1.077E-02  1.079E-02  0.000E+00  0.000E+00  0.000E+00  6.283E+00
  1.079E-02  1.081E-02  0.000E+00  0.000E+00  0.000E+00  6.283E+00
  1.081E-02  1.083E-02  0.000E+00  0.000E+00  0.000E+00  6.283E+00
  1.083E-02  1.085E-02  0.000E+00  0.000E+00  0.000E+00  6.283E+00
  1.085E-02  1.087E-02  0.000E+00  0.000E+00  0.000E+00  6.283E+00
  1.087E-02  1.089E-02  0.000E+00  0.000E+00  0.000E+00  6.283E+00
  1.089E-02  1.091E-02  0.000E+00  0.000E+00  0.000E+00  6.283E+00
  1.091E-02  1.093E-02  0.000E+00  0.000E+00  0.000E+00  6.283E+00
  1.093E-02  1.095E-02  0.000E+00  0.000E+00  0.000E+00  6.283E+00
  1.095E-02  1.097E-02  0.000E+00  0.000E+00  0.000E+00  6.283E+00
  1.097E-02  1.099E-02  0.000E+00  0.000E+00  0.000E+00  6.283E+00
  1.099E-02  1.101E-02  0.000E+00  0.000E+00  0.000E+00  6.283E+00
  1.101E-02  1.103E-02  0.000E+00  0.000E+00  0.000E+00  6.283E+00
  1.103E-02  1.105E-02  0.000E+00  0.000E+00  0.000E+00  6.283E+00
  1.105E-02  1.106E-02  0.000E+00  0.000E+00  0.000E+00  6.283E+00
  1.106E-02  1.108E-02  0.000E+00  0.000E+00  0.000E+00  6.283E+00
  1.108E-02  1.110E-02  0.000E+00  0.000E+00  0.000E+00  6.283E+00
  1.110E-02  1.112E-02  0.000E+00  0.000E+00  0.000E+00  6.283E+00
  1.112E-02  1.114E-02  0.000E+00  0.000E+00  0.000E+00  6.283E+00
  1.114E-02  1.116E-02  0.000E+00  0.000E+00  0.000E+00  6.283E+00
  1.116E-02  1.118E-02  0.000E+00  0.000E+00  0.000E+00  6.283E+00
  1.118E-02  1.120E-02  0.000E+00  0.000E+00  0.000E+00  6.283E+00
  1.120E-02  1.122E-02  0.000E+00  0.000E+00  0.000E+00  6.283E+00
  1.122E-02  1.124E-02  0.000E+00  0.000E+00  0.000E+00  6.283E+00
  1.124E-02  1.126E-02  0.000E+00  0.000E+00  0.000E+00  6.283E+00
  1.126E-02  1.128E-02  0.000E+00  0.000E+00  0.000E+00  6.283E+00
  1.128E-02  1.130E-02  0.000E+00  0.000E+00  0.000E+00  6.283E+00
  1.130E-02  1.132E-02  0.000E+00  0.000E+00  0.000E+00  6.283E+00
  1.132E-02  1.134E-02  0.000E+00  0.000E+00  0.000E+00  6.283E+00
  1.134E-02  1.136E-02  0.000E+00  0.000E+00  0.000E+00  6.283E+00
  1.136E-02  1.138E-02  0.000E+00  0.000E+00  0.000E+00  6.283E+00
  1.138E-02  1.140E-02  0.000E+00  0.000E+00  0.000E+00  6.283E+00
  1.140E-02  1.142E-02  0.000E+00  0.000E+00  0.000E+00  6.283E+00
  1.142E-02  1.144E-02  0.000E+00  0.000E+00  0.000E+00  6.283E+00
  1.144E-02  1.146E-02  0.000E+00  0.000E+00  0.000E+00  6.283E+00
  1.146E-02  1.148E-02  0.000E+00  0.000E+00  0.000E+00  6.283E+00
  1.148E-02  1.150E-02  0.000E+00  0.000E+00  0.000E+00  6.283E+00
  1.150E-02  1.152E-02  0.000E+00  0.000E+00  0.000E+00  6.283E+00
  1.152E-02  1.154E-02  0.000E+00  0.000E+00  0.000E+00  6.283E+00
  1.154E-02  1.156E-02  0.000E+00  0.000E+00  0.000E+00  6.283E+00
  1.156E-02  1.158E-02  0.000E+00  0.000E+00  0.000E+00  6.283E+00
  1.158E-02  1.160E-02  0.000E+00  0.000E+00  0.000E+00  6.283E+00
  1.160E-02  1.162E-02  0.000E+00  0.000E+00  0.000E+00  6.283E+00
  1.162E-02  1.164E-02  0.000E+00  0.000E+00  0.000E+00  6.283E+00
  1.164E-02  1.166E-02  0.000E+00  0.000E+00  0.000E+00  6.283E+00
  1.166E-02  1.168E-02  0.000E+00  0.000E+00  0.000E+00  6.283E+00
  1.168E-02  1.170E-02  0.000E+00  0.000E+00  0.000E+00  6.283E+00
  1.170E-02  1.172E-02  0.000E+00  0.000E+00  0.000E+00  6.283E+00
  1.172E-02  1.174E-02  0.000E+00  0.000E+00  0.000E+00  6.283E+00
  1.174E-02  1.176E-02  0.000E+00  0.000E+00  0.000E+00  6.283E+00
  1.176E-02  1.178E-02  0.000E+00  0.000E+00  0.000E+00  6.283E+00
  1.178E-02  1.180E-02  0.000E+00  0.000E+00  0.000E+00  6.283E+00
  1.180E-02  1.182E-02  0.000E+00  0.000E+00  0.000E+00  6.283E+00
  1.182E-02  1.184E-02  0.000E+00  0.000E+00  0.000E+00  6.283E+00
  1.184E-02  1.186E-02  0.000E+00  0.000E+00  0.000E+00  6.283E+00
  1.186E-02  1.188E-02  0.000E+00  0.000E+00  0.000E+00  6.283E+00
  1.188E-02  1.190E-02  0.000E+00  0.000E+00  0.000E+00  6.283E+00
  1.190E-02  1.192E-02  0.000E+00  0.000E+00  0.000E+00  6.283E+00
  1.192E-02  1.194E-02  0.000E+00  0.000E+00  0.000E+00  6.283E+00
  1.194E-02  1.196E-02  0.000E+00  0.000E+00  0.000E+00  6.283E+00
  1.196E-02  1.198E-02  0.000E+00  0.000E+00  0.000E+00  6.283E+00
  1.198E-02  1.200E-02  0.000E+00  0.000E+00  0.000E+00  6.283E+00
  1.200E-02  1.202E-02  0.000E+00  0.000E+00  0.000E+00  6.283E+00
  1.202E-02  1.204E-02  0.000E+00  0.000E+00  0.000E+00  6.283E+00
  1.204E-02  1.206E-02  0.000E+00  0.000E+00  0.000E+00  6.283E+00
  1.206E-02  1.208E-02  0.000E+00  0.000E+00  0.000E+00  6.283E+00
  1.208E-02  1.210E-02  0.000E+00  0.000E+00  0.000E+00  6.283E+00
  1.210E-02  1.212E-02  0.000E+00  0.000E+00  0.000E+00  6.283E+00
  1.212E-02  1.214E-02  0.000E+00  0.000E+00  0.000E+00  6.283E+00
  1.214E-02  1.216E-02  0.000E+00  0.000E+00  0.000E+00  6.283E+00
  1.216E-02  1.218E-02  0.000E+00  0.000E+00  0.000E+00  6.283E+00
  1.218E-02  1.220E-02  0.000E+00  0.000E+00  0.000E+00  6.283E+00
  1.220E-02  1.222E-02  0.000E+00  0.000E+00  0.000E+00  6.283E+00
  1.222E-02  1.224E-02  0.000E+00  0.000E+00  0.000E+00  6.283E+00
  1.224E-02  1.226E-02  0.000E+00  0.000E+00  0.000E+00  6.283E+00
  1.226E-02  1.228E-02  0.000E+00  0.000E+00  0.000E+00  6.283E+00
  1.228E-02  1.230E-02  0.000E+00  0.000E+00  0.000E+00  6.283E+00
  1.230E-02  1.232E-02  0.000E+00  0.000E+00  0.000E+00  6.283E+00
  1.232E-02  1.234E-02  0.000E+00  0.000E+00  0.000E+00  6.283E+00
  1.234E-02  1.236E-02  0.000E+00  0.000E+00  0.000E+00  6.283E+00
  1.236E-02  1.238E-02  0.000E+00  0.000E+00  0.000E+00  6.283E+00
  1.238E-02  1.240E-02  0.000E+00  0.000E+00  0.000E+00  6.283E+00
  1.240E-02  1.242E-02  0.000E+00  0.000E+00  0.000E+00  6.283E+00
  1.242E-02  1.244E-02  0.000E+00  0.000E+00  0.000E+00  6.283E+00
  1.244E-02  1.246E-02  0.000E+00  0.000E+00  0.000E+00  6.283E+00
  1.246E-02  1.248E-02  0.000E+00  0.000E+00  0.000E+00  6.283E+00
  1.248E-02  1.250E-02  0.000E+00  0.000E+00  0.000E+00  6.283E+00
  1.250E-02  1.252E-02  0.000E+00  0.000E+00  0.000E+00  6.283E+00
  1.252E-02  1.254E-02  0.000E+00  0.000E+00  0.000E+00  6.283E+00
  1.254E-02  1.256E-02  0.000E+00  0.000E+00  0.000E+00  6.283E+00
  1.256E-02  1.258E-02  0.000E+00  0.000E+00  0.000E+00  6.283E+00
  1.258E-02  1.260E-02  0.000E+00  0.000E+00  0.000E+00  6.283E+00
  1.260E-02  1.262E-02  0.000E+00  0.000E+00  0.000E+00  6.283E+00
  1.262E-02  1.264E-02  0.000E+00  0.000E+00  0.000E+00  6.283E+00
  1.264E-02  1.266E-02  0.000E+00  0.000E+00  0.000E+00  6.283E+00
  1.266E-02  1.268E-02  0.000E+00  0.000E+00  0.000E+00  6.283E+00
  1.268E-02  1.270E-02  0.000E+00  0.000E+00  0.000E+00  6.283E+00
  1.270E-02  1.272E-02  0.000E+00  0.000E+00  0.000E+00  6.283E+00
  1.272E-02  1.274E-02  0.000E+00  0.000E+00  0.000E+00  6.283E+00
  1.274E-02  1.276E-02  0.000E+00  0.000E+00  0.000E+00  6.283E+00
  1.276E-02  1.278E-02  0.000E+00  0.000E+00  0.000E+00  6.283E+00
  1.278E-02  1.280E-02  0.000E+00  0.000E+00  0.000E+00  6.283E+00
  1.280E-02  1.282E-02  0.000E+00  0.000E+00  0.000E+00  6.283E+00
  1.282E-02  1.284E-02  0.000E+00  0.000E+00  0.000E+00  6.283E+00
  1.284E-02  1.286E-02  0.000E+00  0.000E+00  0.000E+00  6.283E+00
  1.286E-02  1.288E-02  0.000E+00  0.000E+00  0.000E+00  6.283E+00
  1.288E-02  1.290E-02  0.000E+00  0.000E+00  0.000E+00  6.283E+00
  1.290E-02  1.292E-02  0.000E+00  0.000E+00  0.000E+00  6.283E+00
  1.292E-02  1.294E-02  0.000E+00  0.000E+00  0.000E+00  6.283E+00
  1.294E-02  1.296E-02  0.000E+00  0.000E+00  0.000E+00  6.283E+00
  1.296E-02  1.298E-02  0.000E+00  0.000E+00  0.000E+00  6.283E+00
  1.298E-02  1.300E-02  0.000E+00  0.000E+00  0.000E+00  6.283E+00
  1.300E-02  1.302E-02  0.000E+00  0.000E+00  0.000E+00  6.283E+00
  1.302E-02  1.304E-02  0.000E+00  0.000E+00  0.000E+00  6.283E+00
  1.304E-02  1.305E-02  0.000E+00  0.000E+00  0.000E+00  6.283E+00
  1.305E-02  1.307E-02  0.000E+00  0.000E+00  0.000E+00  6.283E+00
  1.307E-02  1.309E-02  0.000E+00  0.000E+00  0.000E+00  6.283E+00
  1.309E-02  1.311E-02  0.000E+00  0.000E+00  0.000E+00  6.283E+00
  1.311E-02  1.313E-02  0.000E+00  0.000E+00  0.000E+00  6.283E+00
  1.313E-02  1.315E-02  0.000E+00  0.000E+00  0.000E+00  6.283E+00
  1.315E-02  1.317E-02  0.000E+00  0.000E+00  0.000E+00  6.283E+00
  1.317E-02  1.319E-02  0.000E+00  0.000E+00  0.000E+00  6.283E+00
  1.319E-02  1.321E-02  0.000E+00  0.000E+00  0.000E+00  6.283E+00
  1.321E-02  1.323E-02  0.000E+00  0.000E+00  0.000E+00  6.283E+00
  1.323E-02  1.325E-02  0.000E+00  0.000E+00  0.000E+00  6.283E+00
  1.325E-02  1.327E-02  0.000E+00  0.000E+00  0.000E+00  6.283E+00
  1.327E-02  1.329E-02  0.000E+00  0.000E+00  0.000E+00  6.283E+00
  1.329E-02  1.331E-02  0.000E+00  0.000E+00  0.000E+00  6.283E+00
  1.331E-02  1.333E-02  0.000E+00  0.000E+00  0.000E+00  6.283E+00
  1.333E-02  1.335E-02  0.000E+00  0.000E+00  0.000E+00  6.283E+00
  1.335E-02  1.337E-02  0.000E+00  0.000E+00  0.000E+00  6.283E+00
  1.337E-02  1.339E-02  0.000E+00  0.000E+00  0.000E+00  6.283E+00
  1.339E-02  1.341E-02  0.000E+00  0.000E+00  0.000E+00  6.283E+00
  1.341E-02  1.343E-02  0.000E+00  0.000E+00  0.000E+00  6.283E+00
  1.343E-02  1.345E-02  0.000E+00  0.000E+00  0.000E+00  6.283E+00
  1.345E-02  1.347E-02  0.000E+00  0.000E+00  0.000E+00  6.283E+00
  1.347E-02  1.349E-02  0.000E+00  0.000E+00  0.000E+00  6.283E+00
  1.349E-02  1.351E-02  0.000E+00  0.000E+00  0.000E+00  6.283E+00
  1.351E-02  1.353E-02  0.000E+00  0.000E+00  0.000E+00  6.283E+00
  1.353E-02  1.355E-02  0.000E+00  0.000E+00  0.000E+00  6.283E+00
  1.355E-02  1.357E-02  0.000E+00  0.000E+00  0.000E+00  6.283E+00
  1.357E-02  1.359E-02  0.000E+00  0.000E+00  0.000E+00  6.283E+00
  1.359E-02  1.361E-02  0.000E+00  0.000E+00  0.000E+00  6.283E+00
  1.361E-02  1.363E-02  0.000E+00  0.000E+00  0.000E+00  6.283E+00
  1.363E-02  1.365E-02  0.000E+00  0.000E+00  0.000E+00  6.283E+00
  1.365E-02  1.367E-02  0.000E+00  0.000E+00  0.000E+00  6.283E+00
  1.367E-02  1.369E-02  0.000E+00  0.000E+00  0.000E+00  6.283E+00
  1.369E-02  1.371E-02  0.000E+00  0.000E+00  0.000E+00  6.283E+00
  1.371E-02  1.373E-02  0.000E+00  0.000E+00  0.000E+00  6.283E+00
  1.373E-02  1.375E-02  0.000E+00  0.000E+00  0.000E+00  6.283E+00
  1.375E-02  1.377E-02  0.000E+00  0.000E+00  0.000E+00  6.283E+00
  1.377E-02  1.379E-02  0.000E+00  0.000E+00  0.000E+00  6.283E+00
  1.379E-02  1.381E-02  0.000E+00  0.000E+00  0.000E+00  6.283E+00
  1.381E-02  1.383E-02  0.000E+00  0.000E+00  0.000E+00  6.283E+00
  1.383E-02  1.385E-02  0.000E+00  0.000E+00  0.000E+00  6.283E+00
  1.385E-02  1.387E-02  0.000E+00  0.000E+00  0.000E+00  6.283E+00
  1.387E-02  1.389E-02  0.000E+00  0.000E+00  0.000E+00  6.283E+00
  1.389E-02  1.391E-02  0.000E+00  0.000E+00  0.000E+00  6.283E+00
  1.391E-02  1.393E-02  0.000E+00  0.000E+00  0.000E+00  6.283E+00
  1.393E-02  1.395E-02  0.000E+00  0.000E+00  0.000E+00  6.283E+00
  1.395E-02  1.397E-02  0.000E+00  0.000E+00  0.000E+00  6.283E+00
  1.397E-02  1.399E-02  0.000E+00  0.000E+00  0.000E+00  6.283E+00
  1.399E-02  1.401E-02  0.000E+00  0.000E+00  0.000E+00  6.283E+00
  1.401E-02  1.403E-02  0.000E+00  0.000E+00  0.000E+00  6.283E+00
  1.403E-02  1.405E-02  0.000E+00  0.000E+00  0.000E+00  6.283E+00
  1.405E-02  1.407E-02  0.000E+00  0.000E+00  0.000E+00  6.283E+00
  1.407E-02  1.409E-02  0.000E+00  0.000E+00  0.000E+00  6.283E+00
  1.409E-02  1.411E-02  0.000E+00  0.000E+00  0.000E+00  6.283E+00
  1.411E-02  1.413E-02  0.000E+00  0.000E+00  0.000E+00  6.283E+00
  1.413E-02  1.415E-02  0.000E+00  0.000E+00  0.000E+00  6.283E+00
  1.415E-02  1.417E-02  0.000E+00  0.000E+00  0.000E+00  6.283E+00
  1.417E-02  1.419E-02  0.000E+00  0.000E+00  0.000E+00  6.283E+00
  1.419E-02  1.421E-02  0.000E+00  0.000E+00  0.000E+00  6.283E+00
  1.421E-02  1.423E-02  0.000E+00  0.000E+00  0.000E+00  6.283E+00
  1.423E-02  1.425E-02  0.000E+00  0.000E+00  0.000E+00  6.283E+00
  1.425E-02  1.427E-02  0.000E+00  0.000E+00  0.000E+00  6.283E+00
  1.427E-02  1.429E-02  0.000E+00  0.000E+00  0.000E+00  6.283E+00
  1.429E-02  1.431E-02  0.000E+00  0.000E+00  0.000E+00  6.283E+00
  1.431E-02  1.433E-02  0.000E+00  0.000E+00  0.000E+00  6.283E+00
  1.433E-02  1.435E-02  0.000E+00  0.000E+00  0.000E+00  6.283E+00
  1.435E-02  1.437E-02  0.000E+00  0.000E+00  0.000E+00  6.283E+00
  1.437E-02  1.439E-02  0.000E+00  0.000E+00  0.000E+00  6.283E+00
  1.439E-02  1.441E-02  0.000E+00  0.000E+00  0.000E+00  6.283E+00
  1.441E-02  1.443E-02  0.000E+00  0.000E+00  0.000E+00  6.283E+00
  1.443E-02  1.445E-02  0.000E+00  0.000E+00  0.000E+00  6.283E+00
  1.445E-02  1.447E-02  0.000E+00  0.000E+00  0.000E+00  6.283E+00
  1.447E-02  1.449E-02  0.000E+00  0.000E+00  0.000E+00  6.283E+00
  1.449E-02  1.451E-02  0.000E+00  0.000E+00  0.000E+00  6.283E+00
  1.451E-02  1.453E-02  0.000E+00  0.000E+00  0.000E+00  6.283E+00
  1.453E-02  1.455E-02  0.000E+00  0.000E+00  0.000E+00  6.283E+00
  1.455E-02  1.457E-02  0.000E+00  0.000E+00  0.000E+00  6.283E+00
  1.457E-02  1.459E-02  0.000E+00  0.000E+00  0.000E+00  6.283E+00
  1.459E-02  1.461E-02  0.000E+00  0.000E+00  0.000E+00  6.283E+00
  1.461E-02  1.463E-02  0.000E+00  0.000E+00  0.000E+00  6.283E+00
  1.463E-02  1.465E-02  0.000E+00  0.000E+00  0.000E+00  6.283E+00
  1.465E-02  1.467E-02  0.000E+00  0.000E+00  0.000E+00  6.283E+00
  1.467E-02  1.469E-02  0.000E+00  0.000E+00  0.000E+00  6.283E+00
  1.469E-02  1.471E-02  0.000E+00  0.000E+00  0.000E+00  6.283E+00
  1.471E-02  1.473E-02  0.000E+00  0.000E+00  0.000E+00  6.283E+00
  1.473E-02  1.475E-02  0.000E+00  0.000E+00  0.000E+00  6.283E+00
  1.475E-02  1.477E-02  0.000E+00  0.000E+00  0.000E+00  6.283E+00
  1.477E-02  1.479E-02  0.000E+00  0.000E+00  0.000E+00  6.283E+00
  1.479E-02  1.481E-02  0.000E+00  0.000E+00  0.000E+00  6.283E+00
  1.481E-02  1.483E-02  0.000E+00  0.000E+00  0.000E+00  6.283E+00
  1.483E-02  1.485E-02  0.000E+00  0.000E+00  0.000E+00  6.283E+00
  1.485E-02  1.487E-02  0.000E+00  0.000E+00  0.000E+00  6.283E+00
  1.487E-02  1.489E-02  0.000E+00  0.000E+00  0.000E+00  6.283E+00
  1.489E-02  1.491E-02  0.000E+00  0.000E+00  0.000E+00  6.283E+00
  1.491E-02  1.493E-02  0.000E+00  0.000E+00  0.000E+00  6.283E+00
  1.493E-02  1.495E-02  0.000E+00  0.000E+00  0.000E+00  6.283E+00
  1.495E-02  1.497E-02  0.000E+00  0.000E+00  0.000E+00  6.283E+00
  1.497E-02  1.499E-02  0.000E+00  0.000E+00  0.000E+00  6.283E+00
  1.499E-02  1.501E-02  0.000E+00  0.000E+00  0.000E+00  6.283E+00
  1.501E-02  1.503E-02  0.000E+00  0.000E+00  0.000E+00  6.283E+00
  1.503E-02  1.504E-02  0.000E+00  0.000E+00  0.000E+00  6.283E+00
  1.504E-02  1.506E-02  0.000E+00  0.000E+00  0.000E+00  6.283E+00
  1.506E-02  1.508E-02  0.000E+00  0.000E+00  0.000E+00  6.283E+00
  1.508E-02  1.510E-02  0.000E+00  0.000E+00  0.000E+00  6.283E+00
  1.510E-02  1.512E-02  0.000E+00  0.000E+00  0.000E+00  6.283E+00
  1.512E-02  1.514E-02  0.000E+00  0.000E+00  0.000E+00  6.283E+00
  1.514E-02  1.516E-02  0.000E+00  0.000E+00  0.000E+00  6.283E+00
  1.516E-02  1.518E-02  0.000E+00  0.000E+00  0.000E+00  6.283E+00
  1.518E-02  1.520E-02  0.000E+00  0.000E+00  0.000E+00  6.283E+00
  1.520E-02  1.522E-02  0.000E+00  0.000E+00  0.000E+00  6.283E+00
  1.522E-02  1.524E-02  0.000E+00  0.000E+00  0.000E+00  6.283E+00
  1.524E-02  1.526E-02  0.000E+00  0.000E+00  0.000E+00  6.283E+00
  1.526E-02  1.528E-02  0.000E+00  0.000E+00  0.000E+00  6.283E+00
  1.528E-02  1.530E-02  0.000E+00  0.000E+00  0.000E+00  6.283E+00
  1.530E-02  1.532E-02  0.000E+00  0.000E+00  0.000E+00  6.283E+00
  1.532E-02  1.534E-02  0.000E+00  0.000E+00  0.000E+00  6.283E+00
  1.534E-02  1.536E-02  0.000E+00  0.000E+00  0.000E+00  6.283E+00
  1.536E-02  1.538E-02  0.000E+00  0.000E+00  0.000E+00  6.283E+00
  1.538E-02  1.540E-02  0.000E+00  0.000E+00  0.000E+00  6.283E+00
  1.540E-02  1.542E-02  0.000E+00  0.000E+00  0.000E+00  6.283E+00
  1.542E-02  1.544E-02  0.000E+00  0.000E+00  0.000E+00  6.283E+00
  1.544E-02  1.546E-02  0.000E+00  0.000E+00  0.000E+00  6.283E+00
  1.546E-02  1.548E-02  0.000E+00  0.000E+00  0.000E+00  6.283E+00
  1.548E-02  1.550E-02  0.000E+00  0.000E+00  0.000E+00  6.283E+00
  1.550E-02  1.552E-02  0.000E+00  0.000E+00  0.000E+00  6.283E+00
  1.552E-02  1.554E-02  0.000E+00  0.000E+00  0.000E+00  6.283E+00
  1.554E-02  1.556E-02  0.000E+00  0.000E+00  0.000E+00  6.283E+00
  1.556E-02  1.558E-02  0.000E+00  0.000E+00  0.000E+00  6.283E+00
  1.558E-02  1.560E-02  0.000E+00  0.000E+00  0.000E+00  6.283E+00
  1.560E-02  1.562E-02  0.000E+00  0.000E+00  0.000E+00  6.283E+00
  1.562E-02  1.564E-02  0.000E+00  0.000E+00  0.000E+00  6.283E+00
  1.564E-02  1.566E-02  0.000E+00  0.000E+00  0.000E+00  6.283E+00
  1.566E-02  1.568E-02  0.000E+00  0.000E+00  0.000E+00  6.283E+00
  1.568E-02  1.570E-02  0.000E+00  0.000E+00  0.000E+00  6.283E+00
  1.570E-02  1.572E-02  0.000E+00  0.000E+00  0.000E+00  6.283E+00
  1.572E-02  1.574E-02  0.000E+00  0.000E+00  0.000E+00  6.283E+00
  1.574E-02  1.576E-02  0.000E+00  0.000E+00  0.000E+00  6.283E+00
  1.576E-02  1.578E-02  0.000E+00  0.000E+00  0.000E+00  6.283E+00
  1.578E-02  1.580E-02  0.000E+00  0.000E+00  0.000E+00  6.283E+00
  1.580E-02  1.582E-02  0.000E+00  0.000E+00  0.000E+00  6.283E+00
  1.582E-02  1.584E-02  0.000E+00  0.000E+00  0.000E+00  6.283E+00
  1.584E-02  1.586E-02  0.000E+00  0.000E+00  0.000E+00  6.283E+00
  1.586E-02  1.588E-02  0.000E+00  0.000E+00  0.000E+00  6.283E+00
  1.588E-02  1.590E-02  0.000E+00  0.000E+00  0.000E+00  6.283E+00
  1.590E-02  1.592E-02  0.000E+00  0.000E+00  0.000E+00  6.283E+00
  1.592E-02  1.594E-02  0.000E+00  0.000E+00  0.000E+00  6.283E+00
  1.594E-02  1.596E-02  0.000E+00  0.000E+00  0.000E+00  6.283E+00
  1.596E-02  1.598E-02  0.000E+00  0.000E+00  0.000E+00  6.283E+00
  1.598E-02  1.600E-02  0.000E+00  0.000E+00  0.000E+00  6.283E+00
  1.600E-02  1.602E-02  0.000E+00  0.000E+00  0.000E+00  6.283E+00
  1.602E-02  1.604E-02  0.000E+00  0.000E+00  0.000E+00  6.283E+00
  1.604E-02  1.606E-02  0.000E+00  0.000E+00  0.000E+00  6.283E+00
  1.606E-02  1.608E-02  0.000E+00  0.000E+00  0.000E+00  6.283E+00
  1.608E-02  1.610E-02  0.000E+00  0.000E+00  0.000E+00  6.283E+00
  1.610E-02  1.612E-02  0.000E+00  0.000E+00  0.000E+00  6.283E+00
  1.612E-02  1.614E-02  0.000E+00  0.000E+00  0.000E+00  6.283E+00
  1.614E-02  1.616E-02  0.000E+00  0.000E+00  0.000E+00  6.283E+00
  1.616E-02  1.618E-02  0.000E+00  0.000E+00  0.000E+00  6.283E+00
  1.618E-02  1.620E-02  0.000E+00  0.000E+00  0.000E+00  6.283E+00
  1.620E-02  1.622E-02  0.000E+00  0.000E+00  0.000E+00  6.283E+00
  1.622E-02  1.624E-02  0.000E+00  0.000E+00  0.000E+00  6.283E+00
  1.624E-02  1.626E-02  0.000E+00  0.000E+00  0.000E+00  6.283E+00
  1.626E-02  1.628E-02  0.000E+00  0.000E+00  0.000E+00  6.283E+00
  1.628E-02  1.630E-02  0.000E+00  0.000E+00  0.000E+00  6.283E+00
  1.630E-02  1.632E-02  0.000E+00  0.000E+00  0.000E+00  6.283E+00
  1.632E-02  1.634E-02  0.000E+00  0.000E+00  0.000E+00  6.283E+00
  1.634E-02  1.636E-02  0.000E+00  0.000E+00  0.000E+00  6.283E+00
  1.636E-02  1.638E-02  0.000E+00  0.000E+00  0.000E+00  6.283E+00
  1.638E-02  1.640E-02  0.000E+00  0.000E+00  0.000E+00  6.283E+00
  1.640E-02  1.642E-02  0.000E+00  0.000E+00  0.000E+00  6.283E+00
  1.642E-02  1.644E-02  0.000E+00  0.000E+00  0.000E+00  6.283E+00
  1.644E-02  1.646E-02  0.000E+00  0.000E+00  0.000E+00  6.283E+00
  1.646E-02  1.648E-02  0.000E+00  0.000E+00  0.000E+00  6.283E+00
  1.648E-02  1.650E-02  0.000E+00  0.000E+00  0.000E+00  6.283E+00
  1.650E-02  1.652E-02  0.000E+00  0.000E+00  0.000E+00  6.283E+00
  1.652E-02  1.654E-02  0.000E+00  0.000E+00  0.000E+00  6.283E+00
  1.654E-02  1.656E-02  0.000E+00  0.000E+00  0.000E+00  6.283E+00
  1.656E-02  1.658E-02  0.000E+00  0.000E+00  0.000E+00  6.283E+00
  1.658E-02  1.660E-02  0.000E+00  0.000E+00  0.000E+00  6.283E+00
  1.660E-02  1.662E-02  0.000E+00  0.000E+00  0.000E+00  6.283E+00
  1.662E-02  1.664E-02  0.000E+00  0.000E+00  0.000E+00  6.283E+00
  1.664E-02  1.666E-02  0.000E+00  0.000E+00  0.000E+00  6.283E+00
  1.666E-02  1.668E-02  0.000E+00  0.000E+00  0.000E+00  6.283E+00
  1.668E-02  1.670E-02  0.000E+00  0.000E+00  0.000E+00  6.283E+00
  1.670E-02  1.672E-02  0.000E+00  0.000E+00  0.000E+00  6.283E+00
  1.672E-02  1.674E-02  0.000E+00  0.000E+00  0.000E+00  6.283E+00
  1.674E-02  1.676E-02  0.000E+00  0.000E+00  0.000E+00  6.283E+00
  1.676E-02  1.678E-02  0.000E+00  0.000E+00  0.000E+00  6.283E+00
  1.678E-02  1.680E-02  0.000E+00  0.000E+00  0.000E+00  6.283E+00
  1.680E-02  1.682E-02  0.000E+00  0.000E+00  0.000E+00  6.283E+00
  1.682E-02  1.684E-02  0.000E+00  0.000E+00  0.000E+00  6.283E+00
  1.684E-02  1.686E-02  0.000E+00  0.000E+00  0.000E+00  6.283E+00
  1.686E-02  1.688E-02  0.000E+00  0.000E+00  0.000E+00  6.283E+00
  1.688E-02  1.690E-02  0.000E+00  0.000E+00  0.000E+00  6.283E+00
  1.690E-02  1.692E-02  0.000E+00  0.000E+00  0.000E+00  6.283E+00
  1.692E-02  1.694E-02  0.000E+00  0.000E+00  0.000E+00  6.283E+00
  1.694E-02  1.696E-02  0.000E+00  0.000E+00  0.000E+00  6.283E+00
  1.696E-02  1.698E-02  0.000E+00  0.000E+00  0.000E+00  6.283E+00
  1.698E-02  1.700E-02  0.000E+00  0.000E+00  0.000E+00  6.283E+00
  1.700E-02  1.702E-02  0.000E+00  0.000E+00  0.000E+00  6.283E+00
  1.702E-02  1.703E-02  0.000E+00  0.000E+00  0.000E+00  6.283E+00
  1.703E-02  1.705E-02  0.000E+00  0.000E+00  0.000E+00  6.283E+00
  1.705E-02  1.707E-02  0.000E+00  0.000E+00  0.000E+00  6.283E+00
  1.707E-02  1.709E-02  0.000E+00  0.000E+00  0.000E+00  6.283E+00
  1.709E-02  1.711E-02  0.000E+00  0.000E+00  0.000E+00  6.283E+00
  1.711E-02  1.713E-02  0.000E+00  0.000E+00  0.000E+00  6.283E+00
  1.713E-02  1.715E-02  0.000E+00  0.000E+00  0.000E+00  6.283E+00
  1.715E-02  1.717E-02  0.000E+00  0.000E+00  0.000E+00  6.283E+00
  1.717E-02  1.719E-02  0.000E+00  0.000E+00  0.000E+00  6.283E+00
  1.719E-02  1.721E-02  0.000E+00  0.000E+00  0.000E+00  6.283E+00
  1.721E-02  1.723E-02  0.000E+00  0.000E+00  0.000E+00  6.283E+00
  1.723E-02  1.725E-02  0.000E+00  0.000E+00  0.000E+00  6.283E+00
  1.725E-02  1.727E-02  0.000E+00  0.000E+00  0.000E+00  6.283E+00
  1.727E-02  1.729E-02  0.000E+00  0.000E+00  0.000E+00  6.283E+00
  1.729E-02  1.731E-02  0.000E+00  0.000E+00  0.000E+00  6.283E+00
  1.731E-02  1.733E-02  0.000E+00  0.000E+00  0.000E+00  6.283E+00
  1.733E-02  1.735E-02  0.000E+00  0.000E+00  0.000E+00  6.283E+00
  1.735E-02  1.737E-02  0.000E+00  0.000E+00  0.000E+00  6.283E+00
  1.737E-02  1.739E-02  0.000E+00  0.000E+00  0.000E+00  6.283E+00
  1.739E-02  1.741E-02  0.000E+00  0.000E+00  0.000E+00  6.283E+00
  1.741E-02  1.743E-02  0.000E+00  0.000E+00  0.000E+00  6.283E+00
  1.743E-02  1.745E-02  0.000E+00  0.000E+00  0.000E+00  6.283E+00
  1.745E-02  1.747E-02  0.000E+00  0.000E+00  0.000E+00  6.283E+00
  1.747E-02  1.749E-02  0.000E+00  0.000E+00  0.000E+00  6.283E+00
  1.749E-02  1.751E-02  0.000E+00  0.000E+00  0.000E+00  6.283E+00
  1.751E-02  1.753E-02  0.000E+00  0.000E+00  0.000E+00  6.283E+00
  1.753E-02  1.755E-02  0.000E+00  0.000E+00  0.000E+00  6.283E+00
  1.755E-02  1.757E-02  0.000E+00  0.000E+00  0.000E+00  6.283E+00
  1.757E-02  1.759E-02  0.000E+00  0.000E+00  0.000E+00  6.283E+00
  1.759E-02  1.761E-02  0.000E+00  0.000E+00  0.000E+00  6.283E+00
  1.761E-02  1.763E-02  0.000E+00  0.000E+00  0.000E+00  6.283E+00
  1.763E-02  1.765E-02  0.000E+00  0.000E+00  0.000E+00  6.283E+00
  1.765E-02  1.767E-02  0.000E+00  0.000E+00  0.000E+00  6.283E+00
  1.767E-02  1.769E-02  0.000E+00  0.000E+00  0.000E+00  6.283E+00
  1.769E-02  1.771E-02  0.000E+00  0.000E+00  0.000E+00  6.283E+00
  1.771E-02  1.773E-02  0.000E+00  0.000E+00  0.000E+00  6.283E+00
  1.773E-02  1.775E-02  0.000E+00  0.000E+00  0.000E+00  6.283E+00
  1.775E-02  1.777E-02  0.000E+00  0.000E+00  0.000E+00  6.283E+00
  1.777E-02  1.779E-02  0.000E+00  0.000E+00  0.000E+00  6.283E+00
  1.779E-02  1.781E-02  0.000E+00  0.000E+00  0.000E+00  6.283E+00
  1.781E-02  1.783E-02  0.000E+00  0.000E+00  0.000E+00  6.283E+00
  1.783E-02  1.785E-02  0.000E+00  0.000E+00  0.000E+00  6.283E+00
  1.785E-02  1.787E-02  0.000E+00  0.000E+00  0.000E+00  6.283E+00
  1.787E-02  1.789E-02  0.000E+00  0.000E+00  0.000E+00  6.283E+00
  1.789E-02  1.791E-02  0.000E+00  0.000E+00  0.000E+00  6.283E+00
  1.791E-02  1.793E-02  0.000E+00  0.000E+00  0.000E+00  6.283E+00
  1.793E-02  1.795E-02  1.018E+01  9.900E+01  0.000E+00  6.283E+00
  1.795E-02  1.797E-02  0.000E+00  0.000E+00  0.000E+00  6.283E+00
  1.797E-02  1.799E-02  3.055E+01  9.900E+01  0.000E+00  6.283E+00
  1.799E-02  1.801E-02  3.055E+01  9.900E+01  0.000E+00  6.283E+00
  1.801E-02  1.803E-02  1.018E+01  9.900E+01  0.000E+00  6.283E+00
  1.803E-02  1.805E-02  3.055E+01  9.900E+01  0.000E+00  6.283E+00
  1.805E-02  1.807E-02  4.073E+01  9.900E+01  0.000E+00  6.283E+00
  1.807E-02  1.809E-02  1.324E+02  9.900E+01  0.000E+00  6.283E+00
  1.809E-02  1.811E-02  1.018E+02  9.900E+01  0.000E+00  6.283E+00
  1.811E-02  1.813E-02  1.833E+02  9.900E+01  0.000E+00  6.283E+00
  1.813E-02  1.815E-02  1.935E+02  9.900E+01  0.000E+00  6.283E+00
  1.815E-02  1.817E-02  1.935E+02  9.900E+01  0.000E+00  6.283E+00
  1.817E-02  1.819E-02  1.731E+02  9.900E+01  0.000E+00  6.283E+00
  1.819E-02  1.821E-02  2.546E+02  9.900E+01  0.000E+00  6.283E+00
  1.821E-02  1.823E-02  1.527E+02  9.900E+01  0.000E+00  6.283E+00
  1.823E-02  1.825E-02  1.731E+02  9.900E+01  0.000E+00  6.283E+00
  1.825E-02  1.827E-02  1.527E+02  9.900E+01  0.000E+00  6.283E+00
  1.827E-02  1.829E-02  1.324E+02  9.900E+01  0.000E+00  6.283E+00
  1.829E-02  1.831E-02  1.222E+02  9.900E+01  0.000E+00  6.283E+00
  1.831E-02  1.833E-02  5.092E+01  9.900E+01  0.000E+00  6.283E+00
  1.833E-02  1.835E-02  3.055E+01  9.900E+01  0.000E+00  6.283E+00
  1.835E-02  1.837E-02  1.018E+01  9.900E+01  0.000E+00  6.283E+00
  1.837E-02  1.839E-02  2.037E+01  9.900E+01  0.000E+00  6.283E+00
  1.839E-02  1.841E-02  1.018E+01  9.900E+01  0.000E+00  6.283E+00
  1.841E-02  1.843E-02  2.037E+01  9.900E+01  0.000E+00  6.283E+00
  1.843E-02  1.845E-02  1.018E+01  9.900E+01  0.000E+00  6.283E+00
  1.845E-02  1.847E-02  0.000E+00  0.000E+00  0.000E+00  6.283E+00
  1.847E-02  1.849E-02  0.000E+00  0.000E+00  0.000E+00  6.283E+00
  1.849E-02  1.851E-02  0.000E+00  0.000E+00  0.000E+00  6.283E+00
  1.851E-02  1.853E-02  0.000E+00  0.000E+00  0.000E+00  6.283E+00
  1.853E-02  1.855E-02  0.000E+00  0.000E+00  0.000E+00  6.283E+00
  1.855E-02  1.857E-02  0.000E+00  0.000E+00  0.000E+00  6.283E+00
  1.857E-02  1.859E-02  0.000E+00  0.000E+00  0.000E+00  6.283E+00
  1.859E-02  1.861E-02  0.000E+00  0.000E+00  0.000E+00  6.283E+00
  1.861E-02  1.863E-02  0.000E+00  0.000E+00  0.000E+00  6.283E+00
  1.863E-02  1.865E-02  0.000E+00  0.000E+00  0.000E+00  6.283E+00
  1.865E-02  1.867E-02  0.000E+00  0.000E+00  0.000E+00  6.283E+00
  1.867E-02  1.869E-02  0.000E+00  0.000E+00  0.000E+00  6.283E+00
  1.869E-02  1.871E-02  0.000E+00  0.000E+00  0.000E+00  6.283E+00
  1.871E-02  1.873E-02  0.000E+00  0.000E+00  0.000E+00  6.283E+00
  1.873E-02  1.875E-02  0.000E+00  0.000E+00  0.000E+00  6.283E+00
  1.875E-02  1.877E-02  0.000E+00  0.000E+00  0.000E+00  6.283E+00
  1.877E-02  1.879E-02  0.000E+00  0.000E+00  0.000E+00  6.283E+00
  1.879E-02  1.881E-02  0.000E+00  0.000E+00  0.000E+00  6.283E+00
  1.881E-02  1.883E-02  0.000E+00  0.000E+00  0.000E+00  6.283E+00
  1.883E-02  1.885E-02  0.000E+00  0.000E+00  0.000E+00  6.283E+00
  1.885E-02  1.887E-02  0.000E+00  0.000E+00  0.000E+00  6.283E+00
  1.887E-02  1.889E-02  0.000E+00  0.000E+00  0.000E+00  6.283E+00
  1.889E-02  1.891E-02  0.000E+00  0.000E+00  0.000E+00  6.283E+00
  1.891E-02  1.893E-02  0.000E+00  0.000E+00  0.000E+00  6.283E+00
  1.893E-02  1.895E-02  0.000E+00  0.000E+00  0.000E+00  6.283E+00
  1.895E-02  1.897E-02  0.000E+00  0.000E+00  0.000E+00  6.283E+00
  1.897E-02  1.899E-02  0.000E+00  0.000E+00  0.000E+00  6.283E+00
  1.899E-02  1.901E-02  0.000E+00  0.000E+00  0.000E+00  6.283E+00
  1.901E-02  1.902E-02  0.000E+00  0.000E+00  0.000E+00  6.283E+00
  1.902E-02  1.904E-02  0.000E+00  0.000E+00  0.000E+00  6.283E+00
  1.904E-02  1.906E-02  0.000E+00  0.000E+00  0.000E+00  6.283E+00
  1.906E-02  1.908E-02  0.000E+00  0.000E+00  0.000E+00  6.283E+00
  1.908E-02  1.910E-02  0.000E+00  0.000E+00  0.000E+00  6.283E+00
  1.910E-02  1.912E-02  0.000E+00  0.000E+00  0.000E+00  6.283E+00
  1.912E-02  1.914E-02  0.000E+00  0.000E+00  0.000E+00  6.283E+00
  1.914E-02  1.916E-02  0.000E+00  0.000E+00  0.000E+00  6.283E+00
  1.916E-02  1.918E-02  0.000E+00  0.000E+00  0.000E+00  6.283E+00
  1.918E-02  1.920E-02  0.000E+00  0.000E+00  0.000E+00  6.283E+00
  1.920E-02  1.922E-02  0.000E+00  0.000E+00  0.000E+00  6.283E+00
  1.922E-02  1.924E-02  0.000E+00  0.000E+00  0.000E+00  6.283E+00
  1.924E-02  1.926E-02  0.000E+00  0.000E+00  0.000E+00  6.283E+00
  1.926E-02  1.928E-02  0.000E+00  0.000E+00  0.000E+00  6.283E+00
  1.928E-02  1.930E-02  0.000E+00  0.000E+00  0.000E+00  6.283E+00
  1.930E-02  1.932E-02  0.000E+00  0.000E+00  0.000E+00  6.283E+00
  1.932E-02  1.934E-02  0.000E+00  0.000E+00  0.000E+00  6.283E+00
  1.934E-02  1.936E-02  0.000E+00  0.000E+00  0.000E+00  6.283E+00
  1.936E-02  1.938E-02  0.000E+00  0.000E+00  0.000E+00  6.283E+00
  1.938E-02  1.940E-02  0.000E+00  0.000E+00  0.000E+00  6.283E+00
  1.940E-02  1.942E-02  0.000E+00  0.000E+00  0.000E+00  6.283E+00
  1.942E-02  1.944E-02  0.000E+00  0.000E+00  0.000E+00  6.283E+00
  1.944E-02  1.946E-02  0.000E+00  0.000E+00  0.000E+00  6.283E+00
  1.946E-02  1.948E-02  0.000E+00  0.000E+00  0.000E+00  6.283E+00
  1.948E-02  1.950E-02  0.000E+00  0.000E+00  0.000E+00  6.283E+00
  1.950E-02  1.952E-02  0.000E+00  0.000E+00  0.000E+00  6.283E+00
  1.952E-02  1.954E-02  0.000E+00  0.000E+00  0.000E+00  6.283E+00
  1.954E-02  1.956E-02  0.000E+00  0.000E+00  0.000E+00  6.283E+00
  1.956E-02  1.958E-02  0.000E+00  0.000E+00  0.000E+00  6.283E+00
  1.958E-02  1.960E-02  0.000E+00  0.000E+00  0.000E+00  6.283E+00
  1.960E-02  1.962E-02  0.000E+00  0.000E+00  0.000E+00  6.283E+00
  1.962E-02  1.964E-02  0.000E+00  0.000E+00  0.000E+00  6.283E+00
  1.964E-02  1.966E-02  0.000E+00  0.000E+00  0.000E+00  6.283E+00
  1.966E-02  1.968E-02  0.000E+00  0.000E+00  0.000E+00  6.283E+00
  1.968E-02  1.970E-02  0.000E+00  0.000E+00  0.000E+00  6.283E+00
  1.970E-02  1.972E-02  0.000E+00  0.000E+00  0.000E+00  6.283E+00
  1.972E-02  1.974E-02  0.000E+00  0.000E+00  0.000E+00  6.283E+00
  1.974E-02  1.976E-02  0.000E+00  0.000E+00  0.000E+00  6.283E+00
  1.976E-02  1.978E-02  0.000E+00  0.000E+00  0.000E+00  6.283E+00
  1.978E-02  1.980E-02  0.000E+00  0.000E+00  0.000E+00  6.283E+00
  1.980E-02  1.982E-02  0.000E+00  0.000E+00  0.000E+00  6.283E+00
  1.982E-02  1.984E-02  0.000E+00  0.000E+00  0.000E+00  6.283E+00
  1.984E-02  1.986E-02  0.000E+00  0.000E+00  0.000E+00  6.283E+00
  1.986E-02  1.988E-02  0.000E+00  0.000E+00  0.000E+00  6.283E+00
  1.988E-02  1.990E-02  0.000E+00  0.000E+00  0.000E+00  6.283E+00
  1.990E-02  1.992E-02  0.000E+00  0.000E+00  0.000E+00  6.283E+00
  1.992E-02  1.994E-02  0.000E+00  0.000E+00  0.000E+00  6.283E+00
  1.994E-02  1.996E-02  0.000E+00  0.000E+00  0.000E+00  6.283E+00
  1.996E-02  1.998E-02  0.000E+00  0.000E+00  0.000E+00  6.283E+00
  1.998E-02  2.000E-02  0.000E+00  0.000E+00  0.000E+00  6.283E+00
  2.000E-02  2.000E-02  0.000E+00  0.000E+00  0.000E+00  6.283E+00

  1.000E-04  1.000E-04  0.000E+00  0.000E+00  6.283E+00  6.283E+00
  1.199E-04  1.199E-04  0.000E+00  0.000E+00  6.283E+00  6.283E+00
  1.398E-04  1.398E-04  0.000E+00  0.000E+00  6.283E+00  6.283E+00
  1.597E-04  1.597E-04  0.000E+00  0.000E+00  6.283E+00  6.283E+00
  1.796E-04  1.796E-04  0.000E+00  0.000E+00  6.283E+00  6.283E+00
  1.995E-04  1.995E-04  0.000E+00  0.000E+00  6.283E+00  6.283E+00
  2.194E-04  2.194E-04  0.000E+00  0.000E+00  6.283E+00  6.283E+00
  2.393E-04  2.393E-04  0.000E+00  0.000E+00  6.283E+00  6.283E+00
  2.592E-04  2.592E-04  0.000E+00  0.000E+00  6.283E+00  6.283E+00
  2.791E-04  2.791E-04  0.000E+00  0.000E+00  6.283E+00  6.283E+00
  2.990E-04  2.990E-04  0.000E+00  0.000E+00  6.283E+00  6.283E+00
  3.189E-04  3.189E-04  0.000E+00  0.000E+00  6.283E+00  6.283E+00
  3.388E-04  3.388E-04  0.000E+00  0.000E+00  6.283E+00  6.283E+00
  3.587E-04  3.587E-04  0.000E+00  0.000E+00  6.283E+00  6.283E+00
  3.786E-04  3.786E-04  0.000E+00  0.000E+00  6.283E+00  6.283E+00
  3.985E-04  3.985E-04  0.000E+00  0.000E+00  6.283E+00  6.283E+00
  4.184E-04  4.184E-04  0.000E+00  0.000E+00  6.283E+00  6.283E+00
  4.383E-04  4.383E-04  0.000E+00  0.000E+00  6.283E+00  6.283E+00
  4.582E-04  4.582E-04  0.000E+00  0.000E+00  6.283E+00  6.283E+00
  4.781E-04  4.781E-04  0.000E+00  0.000E+00  6.283E+00  6.283E+00
  4.980E-04  4.980E-04  0.000E+00  0.000E+00  6.283E+00  6.283E+00
  5.179E-04  5.179E-04  0.000E+00  0.000E+00  6.283E+00  6.283E+00
  5.378E-04  5.378E-04  0.000E+00  0.000E+00  6.283E+00  6.283E+00
  5.577E-04  5.577E-04  0.000E+00  0.000E+00  6.283E+00  6.283E+00
  5.776E-04  5.776E-04  0.000E+00  0.000E+00  6.283E+00  6.283E+00
  5.975E-04  5.975E-04  0.000E+00  0.000E+00  6.283E+00  6.283E+00
  6.174E-04  6.174E-04  0.000E+00  0.000E+00  6.283E+00  6.283E+00
  6.373E-04  6.373E-04  0.000E+00  0.000E+00  6.283E+00  6.283E+00
  6.572E-04  6.572E-04  0.000E+00  0.000E+00  6.283E+00  6.283E+00
  6.771E-04  6.771E-04  0.000E+00  0.000E+00  6.283E+00  6.283E+00
  6.970E-04  6.970E-04  0.000E+00  0.000E+00  6.283E+00  6.283E+00
  7.169E-04  7.169E-04  0.000E+00  0.000E+00  6.283E+00  6.283E+00
  7.368E-04  7.368E-04  0.000E+00  0.000E+00  6.283E+00  6.283E+00
  7.567E-04  7.567E-04  0.000E+00  0.000E+00  6.283E+00  6.283E+00
  7.766E-04  7.766E-04  0.000E+00  0.000E+00  6.283E+00  6.283E+00
  7.965E-04  7.965E-04  0.000E+00  0.000E+00  6.283E+00  6.283E+00
  8.164E-04  8.164E-04  0.000E+00  0.000E+00  6.283E+00  6.283E+00
  8.363E-04  8.363E-04  0.000E+00  0.000E+00  6.283E+00  6.283E+00
  8.562E-04  8.562E-04  0.000E+00  0.000E+00  6.283E+00  6.283E+00
  8.761E-04  8.761E-04  0.000E+00  0.000E+00  6.283E+00  6.283E+00
  8.960E-04  8.960E-04  0.000E+00  0.000E+00  6.283E+00  6.283E+00
  9.159E-04  9.159E-04  0.000E+00  0.000E+00  6.283E+00  6.283E+00
  9.358E-04  9.358E-04  0.000E+00  0.000E+00  6.283E+00  6.283E+00
  9.557E-04  9.557E-04  0.000E+00  0.000E+00  6.283E+00  6.283E+00
  9.756E-04  9.756E-04  0.000E+00  0.000E+00  6.283E+00  6.283E+00
  9.955E-04  9.955E-04  0.000E+00  0.000E+00  6.283E+00  6.283E+00
  1.015E-03  1.015E-03  0.000E+00  0.000E+00  6.283E+00  6.283E+00
  1.035E-03  1.035E-03  0.000E+00  0.000E+00  6.283E+00  6.283E+00
  1.055E-03  1.055E-03  0.000E+00  0.000E+00  6.283E+00  6.283E+00
  1.075E-03  1.075E-03  0.000E+00  0.000E+00  6.283E+00  6.283E+00
  1.095E-03  1.095E-03  0.000E+00  0.000E+00  6.283E+00  6.283E+00
  1.115E-03  1.115E-03  0.000E+00  0.000E+00  6.283E+00  6.283E+00
  1.135E-03  1.135E-03  0.000E+00  0.000E+00  6.283E+00  6.283E+00
  1.155E-03  1.155E-03  0.000E+00  0.000E+00  6.283E+00  6.283E+00
  1.175E-03  1.175E-03  0.000E+00  0.000E+00  6.283E+00  6.283E+00
  1.195E-03  1.195E-03  0.000E+00  0.000E+00  6.283E+00  6.283E+00
  1.214E-03  1.214E-03  0.000E+00  0.000E+00  6.283E+00  6.283E+00
  1.234E-03  1.234E-03  0.000E+00  0.000E+00  6.283E+00  6.283E+00
  1.254E-03  1.254E-03  0.000E+00  0.000E+00  6.283E+00  6.283E+00
  1.274E-03  1.274E-03  0.000E+00  0.000E+00  6.283E+00  6.283E+00
  1.294E-03  1.294E-03  0.000E+00  0.000E+00  6.283E+00  6.283E+00
  1.314E-03  1.314E-03  0.000E+00  0.000E+00  6.283E+00  6.283E+00
  1.334E-03  1.334E-03  0.000E+00  0.000E+00  6.283E+00  6.283E+00
  1.354E-03  1.354E-03  0.000E+00  0.000E+00  6.283E+00  6.283E+00
  1.374E-03  1.374E-03  0.000E+00  0.000E+00  6.283E+00  6.283E+00
  1.394E-03  1.394E-03  0.000E+00  0.000E+00  6.283E+00  6.283E+00
  1.413E-03  1.413E-03  0.000E+00  0.000E+00  6.283E+00  6.283E+00
  1.433E-03  1.433E-03  0.000E+00  0.000E+00  6.283E+00  6.283E+00
  1.453E-03  1.453E-03  0.000E+00  0.000E+00  6.283E+00  6.283E+00
  1.473E-03  1.473E-03  0.000E+00  0.000E+00  6.283E+00  6.283E+00
  1.493E-03  1.493E-03  0.000E+00  0.000E+00  6.283E+00  6.283E+00
  1.513E-03  1.513E-03  0.000E+00  0.000E+00  6.283E+00  6.283E+00
  1.533E-03  1.533E-03  0.000E+00  0.000E+00  6.283E+00  6.283E+00
  1.553E-03  1.553E-03  0.000E+00  0.000E+00  6.283E+00  6.283E+00
  1.573E-03  1.573E-03  0.000E+00  0.000E+00  6.283E+00  6.283E+00
  1.593E-03  1.593E-03  0.000E+00  0.000E+00  6.283E+00  6.283E+00
  1.612E-03  1.612E-03  0.000E+00  0.000E+00  6.283E+00  6.283E+00
  1.632E-03  1.632E-03  0.000E+00  0.000E+00  6.283E+00  6.283E+00
  1.652E-03  1.652E-03  0.000E+00  0.000E+00  6.283E+00  6.283E+00
  1.672E-03  1.672E-03  0.000E+00  0.000E+00  6.283E+00  6.283E+00
  1.692E-03  1.692E-03  0.000E+00  0.000E+00  6.283E+00  6.283E+00
  1.712E-03  1.712E-03  0.000E+00  0.000E+00  6.283E+00  6.283E+00
  1.732E-03  1.732E-03  0.000E+00  0.000E+00  6.283E+00  6.283E+00
  1.752E-03  1.752E-03  0.000E+00  0.000E+00  6.283E+00  6.283E+00
  1.772E-03  1.772E-03  0.000E+00  0.000E+00  6.283E+00  6.283E+00
  1.792E-03  1.792E-03  0.000E+00  0.000E+00  6.283E+00  6.283E+00
  1.811E-03  1.811E-03  0.000E+00  0.000E+00  6.283E+00  6.283E+00
  1.831E-03  1.831E-03  0.000E+00  0.000E+00  6.283E+00  6.283E+00
  1.851E-03  1.851E-03  0.000E+00  0.000E+00  6.283E+00  6.283E+00
  1.871E-03  1.871E-03  0.000E+00  0.000E+00  6.283E+00  6.283E+00
  1.891E-03  1.891E-03  0.000E+00  0.000E+00  6.283E+00  6.283E+00
  1.911E-03  1.911E-03  0.000E+00  0.000E+00  6.283E+00  6.283E+00
  1.931E-03  1.931E-03  0.000E+00  0.000E+00  6.283E+00  6.283E+00
  1.951E-03  1.951E-03  0.000E+00  0.000E+00  6.283E+00  6.283E+00
  1.971E-03  1.971E-03  0.000E+00  0.000E+00  6.283E+00  6.283E+00
  1.991E-03  1.991E-03  0.000E+00  0.000E+00  6.283E+00  6.283E+00
  2.010E-03  2.010E-03  0.000E+00  0.000E+00  6.283E+00  6.283E+00
  2.030E-03  2.030E-03  0.000E+00  0.000E+00  6.283E+00  6.283E+00
  2.050E-03  2.050E-03  0.000E+00  0.000E+00  6.283E+00  6.283E+00
  2.070E-03  2.070E-03  0.000E+00  0.000E+00  6.283E+00  6.283E+00
  2.090E-03  2.090E-03  0.000E+00  0.000E+00  6.283E+00  6.283E+00
  2.110E-03  2.110E-03  0.000E+00  0.000E+00  6.283E+00  6.283E+00
  2.130E-03  2.130E-03  0.000E+00  0.000E+00  6.283E+00  6.283E+00
  2.150E-03  2.150E-03  0.000E+00  0.000E+00  6.283E+00  6.283E+00
  2.170E-03  2.170E-03  0.000E+00  0.000E+00  6.283E+00  6.283E+00
  2.190E-03  2.190E-03  0.000E+00  0.000E+00  6.283E+00  6.283E+00
  2.209E-03  2.209E-03  0.000E+00  0.000E+00  6.283E+00  6.283E+00
  2.229E-03  2.229E-03  0.000E+00  0.000E+00  6.283E+00  6.283E+00
  2.249E-03  2.249E-03  0.000E+00  0.000E+00  6.283E+00  6.283E+00
  2.269E-03  2.269E-03  0.000E+00  0.000E+00  6.283E+00  6.283E+00
  2.289E-03  2.289E-03  0.000E+00  0.000E+00  6.283E+00  6.283E+00
  2.309E-03  2.309E-03  0.000E+00  0.000E+00  6.283E+00  6.283E+00
  2.329E-03  2.329E-03  0.000E+00  0.000E+00  6.283E+00  6.283E+00
  2.349E-03  2.349E-03  0.000E+00  0.000E+00  6.283E+00  6.283E+00
  2.369E-03  2.369E-03  0.000E+00  0.000E+00  6.283E+00  6.283E+00
  2.389E-03  2.389E-03  0.000E+00  0.000E+00  6.283E+00  6.283E+00
  2.408E-03  2.408E-03  0.000E+00  0.000E+00  6.283E+00  6.283E+00
  2.428E-03  2.428E-03  0.000E+00  0.000E+00  6.283E+00  6.283E+00
  2.448E-03  2.448E-03  0.000E+00  0.000E+00  6.283E+00  6.283E+00
  2.468E-03  2.468E-03  0.000E+00  0.000E+00  6.283E+00  6.283E+00
  2.488E-03  2.488E-03  0.000E+00  0.000E+00  6.283E+00  6.283E+00
  2.508E-03  2.508E-03  0.000E+00  0.000E+00  6.283E+00  6.283E+00
  2.528E-03  2.528E-03  0.000E+00  0.000E+00  6.283E+00  6.283E+00
  2.548E-03  2.548E-03  0.000E+00  0.000E+00  6.283E+00  6.283E+00
  2.568E-03  2.568E-03  0.000E+00  0.000E+00  6.283E+00  6.283E+00
  2.588E-03  2.588E-03  0.000E+00  0.000E+00  6.283E+00  6.283E+00
  2.607E-03  2.607E-03  0.000E+00  0.000E+00  6.283E+00  6.283E+00
  2.627E-03  2.627E-03  0.000E+00  0.000E+00  6.283E+00  6.283E+00
  2.647E-03  2.647E-03  0.000E+00  0.000E+00  6.283E+00  6.283E+00
  2.667E-03  2.667E-03  0.000E+00  0.000E+00  6.283E+00  6.283E+00
  2.687E-03  2.687E-03  0.000E+00  0.000E+00  6.283E+00  6.283E+00
  2.707E-03  2.707E-03  0.000E+00  0.000E+00  6.283E+00  6.283E+00
  2.727E-03  2.727E-03  0.000E+00  0.000E+00  6.283E+00  6.283E+00
  2.747E-03  2.747E-03  0.000E+00  0.000E+00  6.283E+00  6.283E+00
  2.767E-03  2.767E-03  0.000E+00  0.000E+00  6.283E+00  6.283E+00
  2.787E-03  2.787E-03  0.000E+00  0.000E+00  6.283E+00  6.283E+00
  2.806E-03  2.806E-03  0.000E+00  0.000E+00  6.283E+00  6.283E+00
  2.826E-03  2.826E-03  0.000E+00  0.000E+00  6.283E+00  6.283E+00
  2.846E-03  2.846E-03  0.000E+00  0.000E+00  6.283E+00  6.283E+00
  2.866E-03  2.866E-03  0.000E+00  0.000E+00  6.283E+00  6.283E+00
  2.886E-03  2.886E-03  0.000E+00  0.000E+00  6.283E+00  6.283E+00
  2.906E-03  2.906E-03  0.000E+00  0.000E+00  6.283E+00  6.283E+00
  2.926E-03  2.926E-03  0.000E+00  0.000E+00  6.283E+00  6.283E+00
  2.946E-03  2.946E-03  0.000E+00  0.000E+00  6.283E+00  6.283E+00
  2.966E-03  2.966E-03  0.000E+00  0.000E+00  6.283E+00  6.283E+00
  2.986E-03  2.986E-03  0.000E+00  0.000E+00  6.283E+00  6.283E+00
  3.005E-03  3.005E-03  0.000E+00  0.000E+00  6.283E+00  6.283E+00
  3.025E-03  3.025E-03  0.000E+00  0.000E+00  6.283E+00  6.283E+00
  3.045E-03  3.045E-03  0.000E+00  0.000E+00  6.283E+00  6.283E+00
  3.065E-03  3.065E-03  0.000E+00  0.000E+00  6.283E+00  6.283E+00
  3.085E-03  3.085E-03  0.000E+00  0.000E+00  6.283E+00  6.283E+00
  3.105E-03  3.105E-03  0.000E+00  0.000E+00  6.283E+00  6.283E+00
  3.125E-03  3.125E-03  0.000E+00  0.000E+00  6.283E+00  6.283E+00
  3.145E-03  3.145E-03  0.000E+00  0.000E+00  6.283E+00  6.283E+00
  3.165E-03  3.165E-03  0.000E+00  0.000E+00  6.283E+00  6.283E+00
  3.185E-03  3.185E-03  0.000E+00  0.000E+00  6.283E+00  6.283E+00
  3.204E-03  3.204E-03  0.000E+00  0.000E+00  6.283E+00  6.283E+00
  3.224E-03  3.224E-03  0.000E+00  0.000E+00  6.283E+00  6.283E+00
  3.244E-03  3.244E-03  0.000E+00  0.000E+00  6.283E+00  6.283E+00
  3.264E-03  3.264E-03  0.000E+00  0.000E+00  6.283E+00  6.283E+00
  3.284E-03  3.284E-03  0.000E+00  0.000E+00  6.283E+00  6.283E+00
  3.304E-03  3.304E-03  0.000E+00  0.000E+00  6.283E+00  6.283E+00
  3.324E-03  3.324E-03  0.000E+00  0.000E+00  6.283E+00  6.283E+00
  3.344E-03  3.344E-03  0.000E+00  0.000E+00  6.283E+00  6.283E+00
  3.364E-03  3.364E-03  0.000E+00  0.000E+00  6.283E+00  6.283E+00
  3.384E-03  3.384E-03  0.000E+00  0.000E+00  6.283E+00  6.283E+00
  3.403E-03  3.403E-03  0.000E+00  0.000E+00  6.283E+00  6.283E+00
  3.423E-03  3.423E-03  0.000E+00  0.000E+00  6.283E+00  6.283E+00
  3.443E-03  3.443E-03  0.000E+00  0.000E+00  6.283E+00  6.283E+00
  3.463E-03  3.463E-03  0.000E+00  0.000E+00  6.283E+00  6.283E+00
  3.483E-03  3.483E-03  0.000E+00  0.000E+00  6.283E+00  6.283E+00
  3.503E-03  3.503E-03  0.000E+00  0.000E+00  6.283E+00  6.283E+00
  3.523E-03  3.523E-03  0.000E+00  0.000E+00  6.283E+00  6.283E+00
  3.543E-03  3.543E-03  0.000E+00  0.000E+00  6.283E+00  6.283E+00
  3.563E-03  3.563E-03  0.000E+00  0.000E+00  6.283E+00  6.283E+00
  3.583E-03  3.583E-03  0.000E+00  0.000E+00  6.283E+00  6.283E+00
  3.602E-03  3.602E-03  0.000E+00  0.000E+00  6.283E+00  6.283E+00
  3.622E-03  3.622E-03  0.000E+00  0.000E+00  6.283E+00  6.283E+00
  3.642E-03  3.642E-03  0.000E+00  0.000E+00  6.283E+00  6.283E+00
  3.662E-03  3.662E-03  0.000E+00  0.000E+00  6.283E+00  6.283E+00
  3.682E-03  3.682E-03  0.000E+00  0.000E+00  6.283E+00  6.283E+00
  3.702E-03  3.702E-03  0.000E+00  0.000E+00  6.283E+00  6.283E+00
  3.722E-03  3.722E-03  0.000E+00  0.000E+00  6.283E+00  6.283E+00
  3.742E-03  3.742E-03  0.000E+00  0.000E+00  6.283E+00  6.283E+00
  3.762E-03  3.762E-03  0.000E+00  0.000E+00  6.283E+00  6.283E+00
  3.782E-03  3.782E-03  0.000E+00  0.000E+00  6.283E+00  6.283E+00
  3.801E-03  3.801E-03  0.000E+00  0.000E+00  6.283E+00  6.283E+00
  3.821E-03  3.821E-03  0.000E+00  0.000E+00  6.283E+00  6.283E+00
  3.841E-03  3.841E-03  0.000E+00  0.000E+00  6.283E+00  6.283E+00
  3.861E-03  3.861E-03  0.000E+00  0.000E+00  6.283E+00  6.283E+00
  3.881E-03  3.881E-03  0.000E+00  0.000E+00  6.283E+00  6.283E+00
  3.901E-03  3.901E-03  0.000E+00  0.000E+00  6.283E+00  6.283E+00
  3.921E-03  3.921E-03  0.000E+00  0.000E+00  6.283E+00  6.283E+00
  3.941E-03  3.941E-03  0.000E+00  0.000E+00  6.283E+00  6.283E+00
  3.961E-03  3.961E-03  0.000E+00  0.000E+00  6.283E+00  6.283E+00
  3.981E-03  3.981E-03  0.000E+00  0.000E+00  6.283E+00  6.283E+00
  4.000E-03  4.000E-03  0.000E+00  0.000E+00  6.283E+00  6.283E+00
  4.020E-03  4.020E-03  0.000E+00  0.000E+00  6.283E+00  6.283E+00
  4.040E-03  4.040E-03  0.000E+00  0.000E+00  6.283E+00  6.283E+00
  4.060E-03  4.060E-03  0.000E+00  0.000E+00  6.283E+00  6.283E+00
  4.080E-03  4.080E-03  0.000E+00  0.000E+00  6.283E+00  6.283E+00
  4.100E-03  4.100E-03  0.000E+00  0.000E+00  6.283E+00  6.283E+00
  4.120E-03  4.120E-03  0.000E+00  0.000E+00  6.283E+00  6.283E+00
  4.140E-03  4.140E-03  0.000E+00  0.000E+00  6.283E+00  6.283E+00
  4.160E-03  4.160E-03  0.000E+00  0.000E+00  6.283E+00  6.283E+00
  4.180E-03  4.180E-03  0.000E+00  0.000E+00  6.283E+00  6.283E+00
  4.199E-03  4.199E-03  0.000E+00  0.000E+00  6.283E+00  6.283E+00
  4.219E-03  4.219E-03  0.000E+00  0.000E+00  6.283E+00  6.283E+00
  4.239E-03  4.239E-03  0.000E+00  0.000E+00  6.283E+00  6.283E+00
  4.259E-03  4.259E-03  0.000E+00  0.000E+00  6.283E+00  6.283E+00
  4.279E-03  4.279E-03  0.000E+00  0.000E+00  6.283E+00  6.283E+00
  4.299E-03  4.299E-03  0.000E+00  0.000E+00  6.283E+00  6.283E+00
  4.319E-03  4.319E-03  0.000E+00  0.000E+00  6.283E+00  6.283E+00
  4.339E-03  4.339E-03  0.000E+00  0.000E+00  6.283E+00  6.283E+00
  4.359E-03  4.359E-03  0.000E+00  0.000E+00  6.283E+00  6.283E+00
  4.378E-03  4.378E-03  0.000E+00  0.000E+00  6.283E+00  6.283E+00
  4.398E-03  4.398E-03  0.000E+00  0.000E+00  6.283E+00  6.283E+00
  4.418E-03  4.418E-03  0.000E+00  0.000E+00  6.283E+00  6.283E+00
  4.438E-03  4.438E-03  0.000E+00  0.000E+00  6.283E+00  6.283E+00
  4.458E-03  4.458E-03  0.000E+00  0.000E+00  6.283E+00  6.283E+00
  4.478E-03  4.478E-03  0.000E+00  0.000E+00  6.283E+00  6.283E+00
  4.498E-03  4.498E-03  0.000E+00  0.000E+00  6.283E+00  6.283E+00
  4.518E-03  4.518E-03  0.000E+00  0.000E+00  6.283E+00  6.283E+00
  4.538E-03  4.538E-03  0.000E+00  0.000E+00  6.283E+00  6.283E+00
  4.558E-03  4.558E-03  0.000E+00  0.000E+00  6.283E+00  6.283E+00
  4.577E-03  4.577E-03  0.000E+00  0.000E+00  6.283E+00  6.283E+00
  4.597E-03  4.597E-03  0.000E+00  0.000E+00  6.283E+00  6.283E+00
  4.617E-03  4.617E-03  0.000E+00  0.000E+00  6.283E+00  6.283E+00
  4.637E-03  4.637E-03  0.000E+00  0.000E+00  6.283E+00  6.283E+00
  4.657E-03  4.657E-03  0.000E+00  0.000E+00  6.283E+00  6.283E+00
  4.677E-03  4.677E-03  0.000E+00  0.000E+00  6.283E+00  6.283E+00
  4.697E-03  4.697E-03  0.000E+00  0.000E+00  6.283E+00  6.283E+00
  4.717E-03  4.717E-03  0.000E+00  0.000E+00  6.283E+00  6.283E+00
  4.737E-03  4.737E-03  0.000E+00  0.000E+00  6.283E+00  6.283E+00
  4.757E-03  4.757E-03  0.000E+00  0.000E+00  6.283E+00  6.283E+00
  4.777E-03  4.777E-03  0.000E+00  0.000E+00  6.283E+00  6.283E+00
  4.796E-03  4.796E-03  0.000E+00  0.000E+00  6.283E+00  6.283E+00
  4.816E-03  4.816E-03  0.000E+00  0.000E+00  6.283E+00  6.283E+00
  4.836E-03  4.836E-03  0.000E+00  0.000E+00  6.283E+00  6.283E+00
  4.856E-03  4.856E-03  0.000E+00  0.000E+00  6.283E+00  6.283E+00
  4.876E-03  4.876E-03  0.000E+00  0.000E+00  6.283E+00  6.283E+00
  4.896E-03  4.896E-03  0.000E+00  0.000E+00  6.283E+00  6.283E+00
  4.916E-03  4.916E-03  0.000E+00  0.000E+00  6.283E+00  6.283E+00
  4.936E-03  4.936E-03  0.000E+00  0.000E+00  6.283E+00  6.283E+00
  4.956E-03  4.956E-03  0.000E+00  0.000E+00  6.283E+00  6.283E+00
  4.976E-03  4.976E-03  0.000E+00  0.000E+00  6.283E+00  6.283E+00
  4.995E-03  4.995E-03  0.000E+00  0.000E+00  6.283E+00  6.283E+00
  5.015E-03  5.015E-03  0.000E+00  0.000E+00  6.283E+00  6.283E+00
  5.035E-03  5.035E-03  0.000E+00  0.000E+00  6.283E+00  6.283E+00
  5.055E-03  5.055E-03  0.000E+00  0.000E+00  6.283E+00  6.283E+00
  5.075E-03  5.075E-03  0.000E+00  0.000E+00  6.283E+00  6.283E+00
  5.095E-03  5.095E-03  0.000E+00  0.000E+00  6.283E+00  6.283E+00
  5.115E-03  5.115E-03  0.000E+00  0.000E+00  6.283E+00  6.283E+00
  5.135E-03  5.135E-03  0.000E+00  0.000E+00  6.283E+00  6.283E+00
  5.155E-03  5.155E-03  0.000E+00  0.000E+00  6.283E+00  6.283E+00
  5.174E-03  5.174E-03  0.000E+00  0.000E+00  6.283E+00  6.283E+00
  5.194E-03  5.194E-03  0.000E+00  0.000E+00  6.283E+00  6.283E+00
  5.214E-03  5.214E-03  0.000E+00  0.000E+00  6.283E+00  6.283E+00
  5.234E-03  5.234E-03  0.000E+00  0.000E+00  6.283E+00  6.283E+00
  5.254E-03  5.254E-03  0.000E+00  0.000E+00  6.283E+00  6.283E+00
  5.274E-03  5.274E-03  0.000E+00  0.000E+00  6.283E+00  6.283E+00
  5.294E-03  5.294E-03  0.000E+00  0.000E+00  6.283E+00  6.283E+00
  5.314E-03  5.314E-03  0.000E+00  0.000E+00  6.283E+00  6.283E+00
  5.334E-03  5.334E-03  0.000E+00  0.000E+00  6.283E+00  6.283E+00
  5.354E-03  5.354E-03  0.000E+00  0.000E+00  6.283E+00  6.283E+00
  5.373E-03  5.373E-03  0.000E+00  0.000E+00  6.283E+00  6.283E+00
  5.393E-03  5.393E-03  0.000E+00  0.000E+00  6.283E+00  6.283E+00
  5.413E-03  5.413E-03  0.000E+00  0.000E+00  6.283E+00  6.283E+00
  5.433E-03  5.433E-03  0.000E+00  0.000E+00  6.283E+00  6.283E+00
  5.453E-03  5.453E-03  0.000E+00  0.000E+00  6.283E+00  6.283E+00
  5.473E-03  5.473E-03  0.000E+00  0.000E+00  6.283E+00  6.283E+00
  5.493E-03  5.493E-03  0.000E+00  0.000E+00  6.283E+00  6.283E+00
  5.513E-03  5.513E-03  0.000E+00  0.000E+00  6.283E+00  6.283E+00
  5.533E-03  5.533E-03  0.000E+00  0.000E+00  6.283E+00  6.283E+00
  5.553E-03  5.553E-03  0.000E+00  0.000E+00  6.283E+00  6.283E+00
  5.573E-03  5.573E-03  0.000E+00  0.000E+00  6.283E+00  6.283E+00
  5.592E-03  5.592E-03  0.000E+00  0.000E+00  6.283E+00  6.283E+00
  5.612E-03  5.612E-03  0.000E+00  0.000E+00  6.283E+00  6.283E+00
  5.632E-03  5.632E-03  0.000E+00  0.000E+00  6.283E+00  6.283E+00
  5.652E-03  5.652E-03  0.000E+00  0.000E+00  6.283E+00  6.283E+00
  5.672E-03  5.672E-03  0.000E+00  0.000E+00  6.283E+00  6.283E+00
  5.692E-03  5.692E-03  0.000E+00  0.000E+00  6.283E+00  6.283E+00
  5.712E-03  5.712E-03  0.000E+00  0.000E+00  6.283E+00  6.283E+00
  5.732E-03  5.732E-03  0.000E+00  0.000E+00  6.283E+00  6.283E+00
  5.752E-03  5.752E-03  0.000E+00  0.000E+00  6.283E+00  6.283E+00
  5.772E-03  5.772E-03  0.000E+00  0.000E+00  6.283E+00  6.283E+00
  5.791E-03  5.791E-03  0.000E+00  0.000E+00  6.283E+00  6.283E+00
  5.811E-03  5.811E-03  0.000E+00  0.000E+00  6.283E+00  6.283E+00
  5.831E-03  5.831E-03  0.000E+00  0.000E+00  6.283E+00  6.283E+00
  5.851E-03  5.851E-03  0.000E+00  0.000E+00  6.283E+00  6.283E+00
  5.871E-03  5.871E-03  0.000E+00  0.000E+00  6.283E+00  6.283E+00
  5.891E-03  5.891E-03  0.000E+00  0.000E+00  6.283E+00  6.283E+00
  5.911E-03  5.911E-03  0.000E+00  0.000E+00  6.283E+00  6.283E+00
  5.931E-03  5.931E-03  0.000E+00  0.000E+00  6.283E+00  6.283E+00
  5.951E-03  5.951E-03  0.000E+00  0.000E+00  6.283E+00  6.283E+00
  5.970E-03  5.970E-03  0.000E+00  0.000E+00  6.283E+00  6.283E+00
  5.990E-03  5.990E-03  0.000E+00  0.000E+00  6.283E+00  6.283E+00
  6.010E-03  6.010E-03  0.000E+00  0.000E+00  6.283E+00  6.283E+00
  6.030E-03  6.030E-03  0.000E+00  0.000E+00  6.283E+00  6.283E+00
  6.050E-03  6.050E-03  0.000E+00  0.000E+00  6.283E+00  6.283E+00
  6.070E-03  6.070E-03  0.000E+00  0.000E+00  6.283E+00  6.283E+00
  6.090E-03  6.090E-03  0.000E+00  0.000E+00  6.283E+00  6.283E+00
  6.110E-03  6.110E-03  0.000E+00  0.000E+00  6.283E+00  6.283E+00
  6.130E-03  6.130E-03  0.000E+00  0.000E+00  6.283E+00  6.283E+00
  6.150E-03  6.150E-03  0.000E+00  0.000E+00  6.283E+00  6.283E+00
  6.169E-03  6.169E-03  0.000E+00  0.000E+00  6.283E+00  6.283E+00
  6.189E-03  6.189E-03  0.000E+00  0.000E+00  6.283E+00  6.283E+00
  6.209E-03  6.209E-03  0.000E+00  0.000E+00  6.283E+00  6.283E+00
  6.229E-03  6.229E-03  0.000E+00  0.000E+00  6.283E+00  6.283E+00
  6.249E-03  6.249E-03  0.000E+00  0.000E+00  6.283E+00  6.283E+00
  6.269E-03  6.269E-03  0.000E+00  0.000E+00  6.283E+00  6.283E+00
  6.289E-03  6.289E-03  0.000E+00  0.000E+00  6.283E+00  6.283E+00
  6.309E-03  6.309E-03  0.000E+00  0.000E+00  6.283E+00  6.283E+00
  6.329E-03  6.329E-03  0.000E+00  0.000E+00  6.283E+00  6.283E+00
  6.349E-03  6.349E-03  0.000E+00  0.000E+00  6.283E+00  6.283E+00
  6.369E-03  6.369E-03  0.000E+00  0.000E+00  6.283E+00  6.283E+00
  6.388E-03  6.388E-03  0.000E+00  0.000E+00  6.283E+00  6.283E+00
  6.408E-03  6.408E-03  0.000E+00  0.000E+00  6.283E+00  6.283E+00
  6.428E-03  6.428E-03  0.000E+00  0.000E+00  6.283E+00  6.283E+00
  6.448E-03  6.448E-03  0.000E+00  0.000E+00  6.283E+00  6.283E+00
  6.468E-03  6.468E-03  0.000E+00  0.000E+00  6.283E+00  6.283E+00
  6.488E-03  6.488E-03  0.000E+00  0.000E+00  6.283E+00  6.283E+00
  6.508E-03  6.508E-03  0.000E+00  0.000E+00  6.283E+00  6.283E+00
  6.528E-03  6.528E-03  0.000E+00  0.000E+00  6.283E+00  6.283E+00
  6.548E-03  6.548E-03  0.000E+00  0.000E+00  6.283E+00  6.283E+00
  6.568E-03  6.568E-03  0.000E+00  0.000E+00  6.283E+00  6.283E+00
  6.587E-03  6.587E-03  0.000E+00  0.000E+00  6.283E+00  6.283E+00
  6.607E-03  6.607E-03  0.000E+00  0.000E+00  6.283E+00  6.283E+00
  6.627E-03  6.627E-03  0.000E+00  0.000E+00  6.283E+00  6.283E+00
  6.647E-03  6.647E-03  0.000E+00  0.000E+00  6.283E+00  6.283E+00
  6.667E-03  6.667E-03  0.000E+00  0.000E+00  6.283E+00  6.283E+00
  6.687E-03  6.687E-03  0.000E+00  0.000E+00  6.283E+00  6.283E+00
  6.707E-03  6.707E-03  0.000E+00  0.000E+00  6.283E+00  6.283E+00
  6.727E-03  6.727E-03  0.000E+00  0.000E+00  6.283E+00  6.283E+00
  6.747E-03  6.747E-03  0.000E+00  0.000E+00  6.283E+00  6.283E+00
  6.766E-03  6.766E-03  0.000E+00  0.000E+00  6.283E+00  6.283E+00
  6.786E-03  6.786E-03  0.000E+00  0.000E+00  6.283E+00  6.283E+00
  6.806E-03  6.806E-03  0.000E+00  0.000E+00  6.283E+00  6.283E+00
  6.826E-03  6.826E-03  0.000E+00  0.000E+00  6.283E+00  6.283E+00
  6.846E-03  6.846E-03  0.000E+00  0.000E+00  6.283E+00  6.283E+00
  6.866E-03  6.866E-03  0.000E+00  0.000E+00  6.283E+00  6.283E+00
  6.886E-03  6.886E-03  0.000E+00  0.000E+00  6.283E+00  6.283E+00
  6.906E-03  6.906E-03  0.000E+00  0.000E+00  6.283E+00  6.283E+00
  6.926E-03  6.926E-03  0.000E+00  0.000E+00  6.283E+00  6.283E+00
  6.946E-03  6.946E-03  0.000E+00  0.000E+00  6.283E+00  6.283E+00
  6.965E-03  6.965E-03  0.000E+00  0.000E+00  6.283E+00  6.283E+00
  6.985E-03  6.985E-03  0.000E+00  0.000E+00  6.283E+00  6.283E+00
  7.005E-03  7.005E-03  0.000E+00  0.000E+00  6.283E+00  6.283E+00
  7.025E-03  7.025E-03  0.000E+00  0.000E+00  6.283E+00  6.283E+00
  7.045E-03  7.045E-03  0.000E+00  0.000E+00  6.283E+00  6.283E+00
  7.065E-03  7.065E-03  0.000E+00  0.000E+00  6.283E+00  6.283E+00
  7.085E-03  7.085E-03  0.000E+00  0.000E+00  6.283E+00  6.283E+00
  7.105E-03  7.105E-03  0.000E+00  0.000E+00  6.283E+00  6.283E+00
  7.125E-03  7.125E-03  0.000E+00  0.000E+00  6.283E+00  6.283E+00
  7.145E-03  7.145E-03  0.000E+00  0.000E+00  6.283E+00  6.283E+00
  7.165E-03  7.165E-03  0.000E+00  0.000E+00  6.283E+00  6.283E+00
  7.184E-03  7.184E-03  0.000E+00  0.000E+00  6.283E+00  6.283E+00
  7.204E-03  7.204E-03  0.000E+00  0.000E+00  6.283E+00  6.283E+00
  7.224E-03  7.224E-03  0.000E+00  0.000E+00  6.283E+00  6.283E+00
  7.244E-03  7.244E-03  0.000E+00  0.000E+00  6.283E+00  6.283E+00
  7.264E-03  7.264E-03  0.000E+00  0.000E+00  6.283E+00  6.283E+00
  7.284E-03  7.284E-03  0.000E+00  0.000E+00  6.283E+00  6.283E+00
  7.304E-03  7.304E-03  0.000E+00  0.000E+00  6.283E+00  6.283E+00
  7.324E-03  7.324E-03  0.000E+00  0.000E+00  6.283E+00  6.283E+00
  7.344E-03  7.344E-03  0.000E+00  0.000E+00  6.283E+00  6.283E+00
  7.364E-03  7.364E-03  0.000E+00  0.000E+00  6.283E+00  6.283E+00
  7.383E-03  7.383E-03  0.000E+00  0.000E+00  6.283E+00  6.283E+00
  7.403E-03  7.403E-03  0.000E+00  0.000E+00  6.283E+00  6.283E+00
  7.423E-03  7.423E-03  0.000E+00  0.000E+00  6.283E+00  6.283E+00
  7.443E-03  7.443E-03  0.000E+00  0.000E+00  6.283E+00  6.283E+00
  7.463E-03  7.463E-03  0.000E+00  0.000E+00  6.283E+00  6.283E+00
  7.483E-03  7.483E-03  0.000E+00  0.000E+00  6.283E+00  6.283E+00
  7.503E-03  7.503E-03  0.000E+00  0.000E+00  6.283E+00  6.283E+00
  7.523E-03  7.523E-03  0.000E+00  0.000E+00  6.283E+00  6.283E+00
  7.543E-03  7.543E-03  0.000E+00  0.000E+00  6.283E+00  6.283E+00
  7.562E-03  7.562E-03  0.000E+00  0.000E+00  6.283E+00  6.283E+00
  7.582E-03  7.582E-03  0.000E+00  0.000E+00  6.283E+00  6.283E+00
  7.602E-03  7.602E-03  0.000E+00  0.000E+00  6.283E+00  6.283E+00
  7.622E-03  7.622E-03  0.000E+00  0.000E+00  6.283E+00  6.283E+00
  7.642E-03  7.642E-03  0.000E+00  0.000E+00  6.283E+00  6.283E+00
  7.662E-03  7.662E-03  0.000E+00  0.000E+00  6.283E+00  6.283E+00
  7.682E-03  7.682E-03  0.000E+00  0.000E+00  6.283E+00  6.283E+00
  7.702E-03  7.702E-03  0.000E+00  0.000E+00  6.283E+00  6.283E+00
  7.722E-03  7.722E-03  0.000E+00  0.000E+00  6.283E+00  6.283E+00
  7.742E-03  7.742E-03  0.000E+00  0.000E+00  6.283E+00  6.283E+00
  7.761E-03  7.761E-03  0.000E+00  0.000E+00  6.283E+00  6.283E+00
  7.781E-03  7.781E-03  0.000E+00  0.000E+00  6.283E+00  6.283E+00
  7.801E-03  7.801E-03  0.000E+00  0.000E+00  6.283E+00  6.283E+00
  7.821E-03  7.821E-03  0.000E+00  0.000E+00  6.283E+00  6.283E+00
  7.841E-03  7.841E-03  0.000E+00  0.000E+00  6.283E+00  6.283E+00
  7.861E-03  7.861E-03  0.000E+00  0.000E+00  6.283E+00  6.283E+00
  7.881E-03  7.881E-03  0.000E+00  0.000E+00  6.283E+00  6.283E+00
  7.901E-03  7.901E-03  0.000E+00  0.000E+00  6.283E+00  6.283E+00
  7.921E-03  7.921E-03  0.000E+00  0.000E+00  6.283E+00  6.283E+00
  7.941E-03  7.941E-03  0.000E+00  0.000E+00  6.283E+00  6.283E+00
  7.961E-03  7.961E-03  0.000E+00  0.000E+00  6.283E+00  6.283E+00
  7.980E-03  7.980E-03  0.000E+00  0.000E+00  6.283E+00  6.283E+00
  8.000E-03  8.000E-03  0.000E+00  0.000E+00  6.283E+00  6.283E+00
  8.020E-03  8.020E-03  0.000E+00  0.000E+00  6.283E+00  6.283E+00
  8.040E-03  8.040E-03  0.000E+00  0.000E+00  6.283E+00  6.283E+00
  8.060E-03  8.060E-03  0.000E+00  0.000E+00  6.283E+00  6.283E+00
  8.080E-03  8.080E-03  0.000E+00  0.000E+00  6.283E+00  6.283E+00
  8.100E-03  8.100E-03  0.000E+00  0.000E+00  6.283E+00  6.283E+00
  8.120E-03  8.120E-03  0.000E+00  0.000E+00  6.283E+00  6.283E+00
  8.140E-03  8.140E-03  0.000E+00  0.000E+00  6.283E+00  6.283E+00
  8.159E-03  8.159E-03  0.000E+00  0.000E+00  6.283E+00  6.283E+00
  8.179E-03  8.179E-03  0.000E+00  0.000E+00  6.283E+00  6.283E+00
  8.199E-03  8.199E-03  0.000E+00  0.000E+00  6.283E+00  6.283E+00
  8.219E-03  8.219E-03  0.000E+00  0.000E+00  6.283E+00  6.283E+00
  8.239E-03  8.239E-03  0.000E+00  0.000E+00  6.283E+00  6.283E+00
  8.259E-03  8.259E-03  0.000E+00  0.000E+00  6.283E+00  6.283E+00
  8.279E-03  8.279E-03  0.000E+00  0.000E+00  6.283E+00  6.283E+00
  8.299E-03  8.299E-03  0.000E+00  0.000E+00  6.283E+00  6.283E+00
  8.319E-03  8.319E-03  0.000E+00  0.000E+00  6.283E+00  6.283E+00
  8.339E-03  8.339E-03  0.000E+00  0.000E+00  6.283E+00  6.283E+00
  8.358E-03  8.358E-03  0.000E+00  0.000E+00  6.283E+00  6.283E+00
  8.378E-03  8.378E-03  0.000E+00  0.000E+00  6.283E+00  6.283E+00
  8.398E-03  8.398E-03  0.000E+00  0.000E+00  6.283E+00  6.283E+00
  8.418E-03  8.418E-03  0.000E+00  0.000E+00  6.283E+00  6.283E+00
  8.438E-03  8.438E-03  0.000E+00  0.000E+00  6.283E+00  6.283E+00
  8.458E-03  8.458E-03  0.000E+00  0.000E+00  6.283E+00  6.283E+00
  8.478E-03  8.478E-03  0.000E+00  0.000E+00  6.283E+00  6.283E+00
  8.498E-03  8.498E-03  0.000E+00  0.000E+00  6.283E+00  6.283E+00
  8.518E-03  8.518E-03  0.000E+00  0.000E+00  6.283E+00  6.283E+00
  8.538E-03  8.538E-03  0.000E+00  0.000E+00  6.283E+00  6.283E+00
  8.558E-03  8.558E-03  0.000E+00  0.000E+00  6.283E+00  6.283E+00
  8.577E-03  8.577E-03  0.000E+00  0.000E+00  6.283E+00  6.283E+00
  8.597E-03  8.597E-03  0.000E+00  0.000E+00  6.283E+00  6.283E+00
  8.617E-03  8.617E-03  0.000E+00  0.000E+00  6.283E+00  6.283E+00
  8.637E-03  8.637E-03  0.000E+00  0.000E+00  6.283E+00  6.283E+00
  8.657E-03  8.657E-03  0.000E+00  0.000E+00  6.283E+00  6.283E+00
  8.677E-03  8.677E-03  0.000E+00  0.000E+00  6.283E+00  6.283E+00
  8.697E-03  8.697E-03  0.000E+00  0.000E+00  6.283E+00  6.283E+00
  8.717E-03  8.717E-03  0.000E+00  0.000E+00  6.283E+00  6.283E+00
  8.737E-03  8.737E-03  0.000E+00  0.000E+00  6.283E+00  6.283E+00
  8.756E-03  8.756E-03  0.000E+00  0.000E+00  6.283E+00  6.283E+00
  8.776E-03  8.776E-03  0.000E+00  0.000E+00  6.283E+00  6.283E+00
  8.796E-03  8.796E-03  0.000E+00  0.000E+00  6.283E+00  6.283E+00
  8.816E-03  8.816E-03  0.000E+00  0.000E+00  6.283E+00  6.283E+00
  8.836E-03  8.836E-03  0.000E+00  0.000E+00  6.283E+00  6.283E+00
  8.856E-03  8.856E-03  0.000E+00  0.000E+00  6.283E+00  6.283E+00
  8.876E-03  8.876E-03  0.000E+00  0.000E+00  6.283E+00  6.283E+00
  8.896E-03  8.896E-03  0.000E+00  0.000E+00  6.283E+00  6.283E+00
  8.916E-03  8.916E-03  0.000E+00  0.000E+00  6.283E+00  6.283E+00
  8.936E-03  8.936E-03  0.000E+00  0.000E+00  6.283E+00  6.283E+00
  8.956E-03  8.956E-03  0.000E+00  0.000E+00  6.283E+00  6.283E+00
  8.975E-03  8.975E-03  0.000E+00  0.000E+00  6.283E+00  6.283E+00
  8.995E-03  8.995E-03  0.000E+00  0.000E+00  6.283E+00  6.283E+00
  9.015E-03  9.015E-03  0.000E+00  0.000E+00  6.283E+00  6.283E+00
  9.035E-03  9.035E-03  0.000E+00  0.000E+00  6.283E+00  6.283E+00
  9.055E-03  9.055E-03  0.000E+00  0.000E+00  6.283E+00  6.283E+00
  9.075E-03  9.075E-03  0.000E+00  0.000E+00  6.283E+00  6.283E+00
  9.095E-03  9.095E-03  0.000E+00  0.000E+00  6.283E+00  6.283E+00
  9.115E-03  9.115E-03  0.000E+00  0.000E+00  6.283E+00  6.283E+00
  9.135E-03  9.135E-03  0.000E+00  0.000E+00  6.283E+00  6.283E+00
  9.155E-03  9.155E-03  0.000E+00  0.000E+00  6.283E+00  6.283E+00
  9.174E-03  9.174E-03  0.000E+00  0.000E+00  6.283E+00  6.283E+00
  9.194E-03  9.194E-03  0.000E+00  0.000E+00  6.283E+00  6.283E+00
  9.214E-03  9.214E-03  0.000E+00  0.000E+00  6.283E+00  6.283E+00
  9.234E-03  9.234E-03  0.000E+00  0.000E+00  6.283E+00  6.283E+00
  9.254E-03  9.254E-03  0.000E+00  0.000E+00  6.283E+00  6.283E+00
  9.274E-03  9.274E-03  0.000E+00  0.000E+00  6.283E+00  6.283E+00
  9.294E-03  9.294E-03  0.000E+00  0.000E+00  6.283E+00  6.283E+00
  9.314E-03  9.314E-03  0.000E+00  0.000E+00  6.283E+00  6.283E+00
  9.334E-03  9.334E-03  0.000E+00  0.000E+00  6.283E+00  6.283E+00
  9.353E-03  9.353E-03  0.000E+00  0.000E+00  6.283E+00  6.283E+00
  9.373E-03  9.373E-03  0.000E+00  0.000E+00  6.283E+00  6.283E+00
  9.393E-03  9.393E-03  0.000E+00  0.000E+00  6.283E+00  6.283E+00
  9.413E-03  9.413E-03  0.000E+00  0.000E+00  6.283E+00  6.283E+00
  9.433E-03  9.433E-03  0.000E+00  0.000E+00  6.283E+00  6.283E+00
  9.453E-03  9.453E-03  0.000E+00  0.000E+00  6.283E+00  6.283E+00
  9.473E-03  9.473E-03  0.000E+00  0.000E+00  6.283E+00  6.283E+00
  9.493E-03  9.493E-03  0.000E+00  0.000E+00  6.283E+00  6.283E+00
  9.513E-03  9.513E-03  0.000E+00  0.000E+00  6.283E+00  6.283E+00
  9.533E-03  9.533E-03  0.000E+00  0.000E+00  6.283E+00  6.283E+00
  9.553E-03  9.553E-03  0.000E+00  0.000E+00  6.283E+00  6.283E+00
  9.572E-03  9.572E-03  0.000E+00  0.000E+00  6.283E+00  6.283E+00
  9.592E-03  9.592E-03  0.000E+00  0.000E+00  6.283E+00  6.283E+00
  9.612E-03  9.612E-03  0.000E+00  0.000E+00  6.283E+00  6.283E+00
  9.632E-03  9.632E-03  0.000E+00  0.000E+00  6.283E+00  6.283E+00
  9.652E-03  9.652E-03  0.000E+00  0.000E+00  6.283E+00  6.283E+00
  9.672E-03  9.672E-03  0.000E+00  0.000E+00  6.283E+00  6.283E+00
  9.692E-03  9.692E-03  0.000E+00  0.000E+00  6.283E+00  6.283E+00
  9.712E-03  9.712E-03  0.000E+00  0.000E+00  6.283E+00  6.283E+00
  9.732E-03  9.732E-03  0.000E+00  0.000E+00  6.283E+00  6.283E+00
  9.752E-03  9.752E-03  0.000E+00  0.000E+00  6.283E+00  6.283E+00
  9.771E-03  9.771E-03  0.000E+00  0.000E+00  6.283E+00  6.283E+00
  9.791E-03  9.791E-03  0.000E+00  0.000E+00  6.283E+00  6.283E+00
  9.811E-03  9.811E-03  0.000E+00  0.000E+00  6.283E+00  6.283E+00
  9.831E-03  9.831E-03  0.000E+00  0.000E+00  6.283E+00  6.283E+00
  9.851E-03  9.851E-03  0.000E+00  0.000E+00  6.283E+00  6.283E+00
  9.871E-03  9.871E-03  0.000E+00  0.000E+00  6.283E+00  6.283E+00
  9.891E-03  9.891E-03  0.000E+00  0.000E+00  6.283E+00  6.283E+00
  9.911E-03  9.911E-03  0.000E+00  0.000E+00  6.283E+00  6.283E+00
  9.931E-03  9.931E-03  0.000E+00  0.000E+00  6.283E+00  6.283E+00
  9.950E-03  9.950E-03  0.000E+00  0.000E+00  6.283E+00  6.283E+00
  9.970E-03  9.970E-03  0.000E+00  0.000E+00  6.283E+00  6.283E+00
  9.990E-03  9.990E-03  0.000E+00  0.000E+00  6.283E+00  6.283E+00
  1.001E-02  1.001E-02  0.000E+00  0.000E+00  6.283E+00  6.283E+00
  1.003E-02  1.003E-02  0.000E+00  0.000E+00  6.283E+00  6.283E+00
  1.005E-02  1.005E-02  0.000E+00  0.000E+00  6.283E+00  6.283E+00
  1.007E-02  1.007E-02  0.000E+00  0.000E+00  6.283E+00  6.283E+00
  1.009E-02  1.009E-02  0.000E+00  0.000E+00  6.283E+00  6.283E+00
  1.011E-02  1.011E-02  0.000E+00  0.000E+00  6.283E+00  6.283E+00
  1.013E-02  1.013E-02  0.000E+00  0.000E+00  6.283E+00  6.283E+00
  1.015E-02  1.015E-02  0.000E+00  0.000E+00  6.283E+00  6.283E+00
  1.017E-02  1.017E-02  0.000E+00  0.000E+00  6.283E+00  6.283E+00
  1.019E-02  1.019E-02  0.000E+00  0.000E+00  6.283E+00  6.283E+00
  1.021E-02  1.021E-02  0.000E+00  0.000E+00  6.283E+00  6.283E+00
  1.023E-02  1.023E-02  0.000E+00  0.000E+00  6.283E+00  6.283E+00
  1.025E-02  1.025E-02  0.000E+00  0.000E+00  6.283E+00  6.283E+00
  1.027E-02  1.027E-02  0.000E+00  0.000E+00  6.283E+00  6.283E+00
  1.029E-02  1.029E-02  0.000E+00  0.000E+00  6.283E+00  6.283E+00
  1.031E-02  1.031E-02  0.000E+00  0.000E+00  6.283E+00  6.283E+00
  1.033E-02  1.033E-02  0.000E+00  0.000E+00  6.283E+00  6.283E+00
  1.035E-02  1.035E-02  0.000E+00  0.000E+00  6.283E+00  6.283E+00
  1.037E-02  1.037E-02  0.000E+00  0.000E+00  6.283E+00  6.283E+00
  1.039E-02  1.039E-02  0.000E+00  0.000E+00  6.283E+00  6.283E+00
  1.041E-02  1.041E-02  0.000E+00  0.000E+00  6.283E+00  6.283E+00
  1.043E-02  1.043E-02  0.000E+00  0.000E+00  6.283E+00  6.283E+00
  1.045E-02  1.045E-02  0.000E+00  0.000E+00  6.283E+00  6.283E+00
  1.047E-02  1.047E-02  0.000E+00  0.000E+00  6.283E+00  6.283E+00
  1.049E-02  1.049E-02  0.000E+00  0.000E+00  6.283E+00  6.283E+00
  1.051E-02  1.051E-02  0.000E+00  0.000E+00  6.283E+00  6.283E+00
  1.053E-02  1.053E-02  0.000E+00  0.000E+00  6.283E+00  6.283E+00
  1.055E-02  1.055E-02  0.000E+00  0.000E+00  6.283E+00  6.283E+00
  1.057E-02  1.057E-02  0.000E+00  0.000E+00  6.283E+00  6.283E+00
  1.059E-02  1.059E-02  0.000E+00  0.000E+00  6.283E+00  6.283E+00
  1.061E-02  1.061E-02  0.000E+00  0.000E+00  6.283E+00  6.283E+00
  1.063E-02  1.063E-02  0.000E+00  0.000E+00  6.283E+00  6.283E+00
  1.065E-02  1.065E-02  0.000E+00  0.000E+00  6.283E+00  6.283E+00
  1.067E-02  1.067E-02  0.000E+00  0.000E+00  6.283E+00  6.283E+00
  1.069E-02  1.069E-02  0.000E+00  0.000E+00  6.283E+00  6.283E+00
  1.071E-02  1.071E-02  0.000E+00  0.000E+00  6.283E+00  6.283E+00
  1.073E-02  1.073E-02  0.000E+00  0.000E+00  6.283E+00  6.283E+00
  1.075E-02  1.075E-02  0.000E+00  0.000E+00  6.283E+00  6.283E+00
  1.077E-02  1.077E-02  0.000E+00  0.000E+00  6.283E+00  6.283E+00
  1.079E-02  1.079E-02  0.000E+00  0.000E+00  6.283E+00  6.283E+00
  1.081E-02  1.081E-02  0.000E+00  0.000E+00  6.283E+00  6.283E+00
  1.083E-02  1.083E-02  0.000E+00  0.000E+00  6.283E+00  6.283E+00
  1.085E-02  1.085E-02  0.000E+00  0.000E+00  6.283E+00  6.283E+00
  1.087E-02  1.087E-02  0.000E+00  0.000E+00  6.283E+00  6.283E+00
  1.089E-02  1.089E-02  0.000E+00  0.000E+00  6.283E+00  6.283E+00
  1.091E-02  1.091E-02  0.000E+00  0.000E+00  6.283E+00  6.283E+00
  1.093E-02  1.093E-02  0.000E+00  0.000E+00  6.283E+00  6.283E+00
  1.095E-02  1.095E-02  0.000E+00  0.000E+00  6.283E+00  6.283E+00
  1.097E-02  1.097E-02  0.000E+00  0.000E+00  6.283E+00  6.283E+00
  1.099E-02  1.099E-02  0.000E+00  0.000E+00  6.283E+00  6.283E+00
  1.101E-02  1.101E-02  0.000E+00  0.000E+00  6.283E+00  6.283E+00
  1.103E-02  1.103E-02  0.000E+00  0.000E+00  6.283E+00  6.283E+00
  1.105E-02  1.105E-02  0.000E+00  0.000E+00  6.283E+00  6.283E+00
  1.106E-02  1.106E-02  0.000E+00  0.000E+00  6.283E+00  6.283E+00
  1.108E-02  1.108E-02  0.000E+00  0.000E+00  6.283E+00  6.283E+00
  1.110E-02  1.110E-02  0.000E+00  0.000E+00  6.283E+00  6.283E+00
  1.112E-02  1.112E-02  0.000E+00  0.000E+00  6.283E+00  6.283E+00
  1.114E-02  1.114E-02  0.000E+00  0.000E+00  6.283E+00  6.283E+00
  1.116E-02  1.116E-02  0.000E+00  0.000E+00  6.283E+00  6.283E+00
  1.118E-02  1.118E-02  0.000E+00  0.000E+00  6.283E+00  6.283E+00
  1.120E-02  1.120E-02  0.000E+00  0.000E+00  6.283E+00  6.283E+00
  1.122E-02  1.122E-02  0.000E+00  0.000E+00  6.283E+00  6.283E+00
  1.124E-02  1.124E-02  0.000E+00  0.000E+00  6.283E+00  6.283E+00
  1.126E-02  1.126E-02  0.000E+00  0.000E+00  6.283E+00  6.283E+00
  1.128E-02  1.128E-02  0.000E+00  0.000E+00  6.283E+00  6.283E+00
  1.130E-02  1.130E-02  0.000E+00  0.000E+00  6.283E+00  6.283E+00
  1.132E-02  1.132E-02  0.000E+00  0.000E+00  6.283E+00  6.283E+00
  1.134E-02  1.134E-02  0.000E+00  0.000E+00  6.283E+00  6.283E+00
  1.136E-02  1.136E-02  0.000E+00  0.000E+00  6.283E+00  6.283E+00
  1.138E-02  1.138E-02  0.000E+00  0.000E+00  6.283E+00  6.283E+00
  1.140E-02  1.140E-02  0.000E+00  0.000E+00  6.283E+00  6.283E+00
  1.142E-02  1.142E-02  0.000E+00  0.000E+00  6.283E+00  6.283E+00
  1.144E-02  1.144E-02  0.000E+00  0.000E+00  6.283E+00  6.283E+00
  1.146E-02  1.146E-02  0.000E+00  0.000E+00  6.283E+00  6.283E+00
  1.148E-02  1.148E-02  0.000E+00  0.000E+00  6.283E+00  6.283E+00
  1.150E-02  1.150E-02  0.000E+00  0.000E+00  6.283E+00  6.283E+00
  1.152E-02  1.152E-02  0.000E+00  0.000E+00  6.283E+00  6.283E+00
  1.154E-02  1.154E-02  0.000E+00  0.000E+00  6.283E+00  6.283E+00
  1.156E-02  1.156E-02  0.000E+00  0.000E+00  6.283E+00  6.283E+00
  1.158E-02  1.158E-02  0.000E+00  0.000E+00  6.283E+00  6.283E+00
  1.160E-02  1.160E-02  0.000E+00  0.000E+00  6.283E+00  6.283E+00
  1.162E-02  1.162E-02  0.000E+00  0.000E+00  6.283E+00  6.283E+00
  1.164E-02  1.164E-02  0.000E+00  0.000E+00  6.283E+00  6.283E+00
  1.166E-02  1.166E-02  0.000E+00  0.000E+00  6.283E+00  6.283E+00
  1.168E-02  1.168E-02  0.000E+00  0.000E+00  6.283E+00  6.283E+00
  1.170E-02  1.170E-02  0.000E+00  0.000E+00  6.283E+00  6.283E+00
  1.172E-02  1.172E-02  0.000E+00  0.000E+00  6.283E+00  6.283E+00
  1.174E-02  1.174E-02  0.000E+00  0.000E+00  6.283E+00  6.283E+00
  1.176E-02  1.176E-02  0.000E+00  0.000E+00  6.283E+00  6.283E+00
  1.178E-02  1.178E-02  0.000E+00  0.000E+00  6.283E+00  6.283E+00
  1.180E-02  1.180E-02  0.000E+00  0.000E+00  6.283E+00  6.283E+00
  1.182E-02  1.182E-02  0.000E+00  0.000E+00  6.283E+00  6.283E+00
  1.184E-02  1.184E-02  0.000E+00  0.000E+00  6.283E+00  6.283E+00
  1.186E-02  1.186E-02  0.000E+00  0.000E+00  6.283E+00  6.283E+00
  1.188E-02  1.188E-02  0.000E+00  0.000E+00  6.283E+00  6.283E+00
  1.190E-02  1.190E-02  0.000E+00  0.000E+00  6.283E+00  6.283E+00
  1.192E-02  1.192E-02  0.000E+00  0.000E+00  6.283E+00  6.283E+00
  1.194E-02  1.194E-02  0.000E+00  0.000E+00  6.283E+00  6.283E+00
  1.196E-02  1.196E-02  0.000E+00  0.000E+00  6.283E+00  6.283E+00
  1.198E-02  1.198E-02  0.000E+00  0.000E+00  6.283E+00  6.283E+00
  1.200E-02  1.200E-02  0.000E+00  0.000E+00  6.283E+00  6.283E+00
  1.202E-02  1.202E-02  0.000E+00  0.000E+00  6.283E+00  6.283E+00
  1.204E-02  1.204E-02  0.000E+00  0.000E+00  6.283E+00  6.283E+00
  1.206E-02  1.206E-02  0.000E+00  0.000E+00  6.283E+00  6.283E+00
  1.208E-02  1.208E-02  0.000E+00  0.000E+00  6.283E+00  6.283E+00
  1.210E-02  1.210E-02  0.000E+00  0.000E+00  6.283E+00  6.283E+00
  1.212E-02  1.212E-02  0.000E+00  0.000E+00  6.283E+00  6.283E+00
  1.214E-02  1.214E-02  0.000E+00  0.000E+00  6.283E+00  6.283E+00
  1.216E-02  1.216E-02  0.000E+00  0.000E+00  6.283E+00  6.283E+00
  1.218E-02  1.218E-02  0.000E+00  0.000E+00  6.283E+00  6.283E+00
  1.220E-02  1.220E-02  0.000E+00  0.000E+00  6.283E+00  6.283E+00
  1.222E-02  1.222E-02  0.000E+00  0.000E+00  6.283E+00  6.283E+00
  1.224E-02  1.224E-02  0.000E+00  0.000E+00  6.283E+00  6.283E+00
  1.226E-02  1.226E-02  0.000E+00  0.000E+00  6.283E+00  6.283E+00
  1.228E-02  1.228E-02  0.000E+00  0.000E+00  6.283E+00  6.283E+00
  1.230E-02  1.230E-02  0.000E+00  0.000E+00  6.283E+00  6.283E+00
  1.232E-02  1.232E-02  0.000E+00  0.000E+00  6.283E+00  6.283E+00
  1.234E-02  1.234E-02  0.000E+00  0.000E+00  6.283E+00  6.283E+00
  1.236E-02  1.236E-02  0.000E+00  0.000E+00  6.283E+00  6.283E+00
  1.238E-02  1.238E-02  0.000E+00  0.000E+00  6.283E+00  6.283E+00
  1.240E-02  1.240E-02  0.000E+00  0.000E+00  6.283E+00  6.283E+00
  1.242E-02  1.242E-02  0.000E+00  0.000E+00  6.283E+00  6.283E+00
  1.244E-02  1.244E-02  0.000E+00  0.000E+00  6.283E+00  6.283E+00
  1.246E-02  1.246E-02  0.000E+00  0.000E+00  6.283E+00  6.283E+00
  1.248E-02  1.248E-02  0.000E+00  0.000E+00  6.283E+00  6.283E+00
  1.250E-02  1.250E-02  0.000E+00  0.000E+00  6.283E+00  6.283E+00
  1.252E-02  1.252E-02  0.000E+00  0.000E+00  6.283E+00  6.283E+00
  1.254E-02  1.254E-02  0.000E+00  0.000E+00  6.283E+00  6.283E+00
  1.256E-02  1.256E-02  0.000E+00  0.000E+00  6.283E+00  6.283E+00
  1.258E-02  1.258E-02  0.000E+00  0.000E+00  6.283E+00  6.283E+00
  1.260E-02  1.260E-02  0.000E+00  0.000E+00  6.283E+00  6.283E+00
  1.262E-02  1.262E-02  0.000E+00  0.000E+00  6.283E+00  6.283E+00
  1.264E-02  1.264E-02  0.000E+00  0.000E+00  6.283E+00  6.283E+00
  1.266E-02  1.266E-02  0.000E+00  0.000E+00  6.283E+00  6.283E+00
  1.268E-02  1.268E-02  0.000E+00  0.000E+00  6.283E+00  6.283E+00
  1.270E-02  1.270E-02  0.000E+00  0.000E+00  6.283E+00  6.283E+00
  1.272E-02  1.272E-02  0.000E+00  0.000E+00  6.283E+00  6.283E+00
  1.274E-02  1.274E-02  0.000E+00  0.000E+00  6.283E+00  6.283E+00
  1.276E-02  1.276E-02  0.000E+00  0.000E+00  6.283E+00  6.283E+00
  1.278E-02  1.278E-02  0.000E+00  0.000E+00  6.283E+00  6.283E+00
  1.280E-02  1.280E-02  0.000E+00  0.000E+00  6.283E+00  6.283E+00
  1.282E-02  1.282E-02  0.000E+00  0.000E+00  6.283E+00  6.283E+00
  1.284E-02  1.284E-02  0.000E+00  0.000E+00  6.283E+00  6.283E+00
  1.286E-02  1.286E-02  0.000E+00  0.000E+00  6.283E+00  6.283E+00
  1.288E-02  1.288E-02  0.000E+00  0.000E+00  6.283E+00  6.283E+00
  1.290E-02  1.290E-02  0.000E+00  0.000E+00  6.283E+00  6.283E+00
  1.292E-02  1.292E-02  0.000E+00  0.000E+00  6.283E+00  6.283E+00
  1.294E-02  1.294E-02  0.000E+00  0.000E+00  6.283E+00  6.283E+00
  1.296E-02  1.296E-02  0.000E+00  0.000E+00  6.283E+00  6.283E+00
  1.298E-02  1.298E-02  0.000E+00  0.000E+00  6.283E+00  6.283E+00
  1.300E-02  1.300E-02  0.000E+00  0.000E+00  6.283E+00  6.283E+00
  1.302E-02  1.302E-02  0.000E+00  0.000E+00  6.283E+00  6.283E+00
  1.304E-02  1.304E-02  0.000E+00  0.000E+00  6.283E+00  6.283E+00
  1.305E-02  1.305E-02  0.000E+00  0.000E+00  6.283E+00  6.283E+00
  1.307E-02  1.307E-02  0.000E+00  0.000E+00  6.283E+00  6.283E+00
  1.309E-02  1.309E-02  0.000E+00  0.000E+00  6.283E+00  6.283E+00
  1.311E-02  1.311E-02  0.000E+00  0.000E+00  6.283E+00  6.283E+00
  1.313E-02  1.313E-02  0.000E+00  0.000E+00  6.283E+00  6.283E+00
  1.315E-02  1.315E-02  0.000E+00  0.000E+00  6.283E+00  6.283E+00
  1.317E-02  1.317E-02  0.000E+00  0.000E+00  6.283E+00  6.283E+00
  1.319E-02  1.319E-02  0.000E+00  0.000E+00  6.283E+00  6.283E+00
  1.321E-02  1.321E-02  0.000E+00  0.000E+00  6.283E+00  6.283E+00
  1.323E-02  1.323E-02  0.000E+00  0.000E+00  6.283E+00  6.283E+00
  1.325E-02  1.325E-02  0.000E+00  0.000E+00  6.283E+00  6.283E+00
  1.327E-02  1.327E-02  0.000E+00  0.000E+00  6.283E+00  6.283E+00
  1.329E-02  1.329E-02  0.000E+00  0.000E+00  6.283E+00  6.283E+00
  1.331E-02  1.331E-02  0.000E+00  0.000E+00  6.283E+00  6.283E+00
  1.333E-02  1.333E-02  0.000E+00  0.000E+00  6.283E+00  6.283E+00
  1.335E-02  1.335E-02  0.000E+00  0.000E+00  6.283E+00  6.283E+00
  1.337E-02  1.337E-02  0.000E+00  0.000E+00  6.283E+00  6.283E+00
  1.339E-02  1.339E-02  0.000E+00  0.000E+00  6.283E+00  6.283E+00
  1.341E-02  1.341E-02  0.000E+00  0.000E+00  6.283E+00  6.283E+00
  1.343E-02  1.343E-02  0.000E+00  0.000E+00  6.283E+00  6.283E+00
  1.345E-02  1.345E-02  0.000E+00  0.000E+00  6.283E+00  6.283E+00
  1.347E-02  1.347E-02  0.000E+00  0.000E+00  6.283E+00  6.283E+00
  1.349E-02  1.349E-02  0.000E+00  0.000E+00  6.283E+00  6.283E+00
  1.351E-02  1.351E-02  0.000E+00  0.000E+00  6.283E+00  6.283E+00
  1.353E-02  1.353E-02  0.000E+00  0.000E+00  6.283E+00  6.283E+00
  1.355E-02  1.355E-02  0.000E+00  0.000E+00  6.283E+00  6.283E+00
  1.357E-02  1.357E-02  0.000E+00  0.000E+00  6.283E+00  6.283E+00
  1.359E-02  1.359E-02  0.000E+00  0.000E+00  6.283E+00  6.283E+00
  1.361E-02  1.361E-02  0.000E+00  0.000E+00  6.283E+00  6.283E+00
  1.363E-02  1.363E-02  0.000E+00  0.000E+00  6.283E+00  6.283E+00
  1.365E-02  1.365E-02  0.000E+00  0.000E+00  6.283E+00  6.283E+00
  1.367E-02  1.367E-02  0.000E+00  0.000E+00  6.283E+00  6.283E+00
  1.369E-02  1.369E-02  0.000E+00  0.000E+00  6.283E+00  6.283E+00
  1.371E-02  1.371E-02  0.000E+00  0.000E+00  6.283E+00  6.283E+00
  1.373E-02  1.373E-02  0.000E+00  0.000E+00  6.283E+00  6.283E+00
  1.375E-02  1.375E-02  0.000E+00  0.000E+00  6.283E+00  6.283E+00
  1.377E-02  1.377E-02  0.000E+00  0.000E+00  6.283E+00  6.283E+00
  1.379E-02  1.379E-02  0.000E+00  0.000E+00  6.283E+00  6.283E+00
  1.381E-02  1.381E-02  0.000E+00  0.000E+00  6.283E+00  6.283E+00
  1.383E-02  1.383E-02  0.000E+00  0.000E+00  6.283E+00  6.283E+00
  1.385E-02  1.385E-02  0.000E+00  0.000E+00  6.283E+00  6.283E+00
  1.387E-02  1.387E-02  0.000E+00  0.000E+00  6.283E+00  6.283E+00
  1.389E-02  1.389E-02  0.000E+00  0.000E+00  6.283E+00  6.283E+00
  1.391E-02  1.391E-02  0.000E+00  0.000E+00  6.283E+00  6.283E+00
  1.393E-02  1.393E-02  0.000E+00  0.000E+00  6.283E+00  6.283E+00
  1.395E-02  1.395E-02  0.000E+00  0.000E+00  6.283E+00  6.283E+00
  1.397E-02  1.397E-02  0.000E+00  0.000E+00  6.283E+00  6.283E+00
  1.399E-02  1.399E-02  0.000E+00  0.000E+00  6.283E+00  6.283E+00
  1.401E-02  1.401E-02  0.000E+00  0.000E+00  6.283E+00  6.283E+00
  1.403E-02  1.403E-02  0.000E+00  0.000E+00  6.283E+00  6.283E+00
  1.405E-02  1.405E-02  0.000E+00  0.000E+00  6.283E+00  6.283E+00
  1.407E-02  1.407E-02  0.000E+00  0.000E+00  6.283E+00  6.283E+00
  1.409E-02  1.409E-02  0.000E+00  0.000E+00  6.283E+00  6.283E+00
  1.411E-02  1.411E-02  0.000E+00  0.000E+00  6.283E+00  6.283E+00
  1.413E-02  1.413E-02  0.000E+00  0.000E+00  6.283E+00  6.283E+00
  1.415E-02  1.415E-02  0.000E+00  0.000E+00  6.283E+00  6.283E+00
  1.417E-02  1.417E-02  0.000E+00  0.000E+00  6.283E+00  6.283E+00
  1.419E-02  1.419E-02  0.000E+00  0.000E+00  6.283E+00  6.283E+00
  1.421E-02  1.421E-02  0.000E+00  0.000E+00  6.283E+00  6.283E+00
  1.423E-02  1.423E-02  0.000E+00  0.000E+00  6.283E+00  6.283E+00
  1.425E-02  1.425E-02  0.000E+00  0.000E+00  6.283E+00  6.283E+00
  1.427E-02  1.427E-02  0.000E+00  0.000E+00  6.283E+00  6.283E+00
  1.429E-02  1.429E-02  0.000E+00  0.000E+00  6.283E+00  6.283E+00
  1.431E-02  1.431E-02  0.000E+00  0.000E+00  6.283E+00  6.283E+00
  1.433E-02  1.433E-02  0.000E+00  0.000E+00  6.283E+00  6.283E+00
  1.435E-02  1.435E-02  0.000E+00  0.000E+00  6.283E+00  6.283E+00
  1.437E-02  1.437E-02  0.000E+00  0.000E+00  6.283E+00  6.283E+00
  1.439E-02  1.439E-02  0.000E+00  0.000E+00  6.283E+00  6.283E+00
  1.441E-02  1.441E-02  0.000E+00  0.000E+00  6.283E+00  6.283E+00
  1.443E-02  1.443E-02  0.000E+00  0.000E+00  6.283E+00  6.283E+00
  1.445E-02  1.445E-02  0.000E+00  0.000E+00  6.283E+00  6.283E+00
  1.447E-02  1.447E-02  0.000E+00  0.000E+00  6.283E+00  6.283E+00
  1.449E-02  1.449E-02  0.000E+00  0.000E+00  6.283E+00  6.283E+00
  1.451E-02  1.451E-02  0.000E+00  0.000E+00  6.283E+00  6.283E+00
  1.453E-02  1.453E-02  0.000E+00  0.000E+00  6.283E+00  6.283E+00
  1.455E-02  1.455E-02  0.000E+00  0.000E+00  6.283E+00  6.283E+00
  1.457E-02  1.457E-02  0.000E+00  0.000E+00  6.283E+00  6.283E+00
  1.459E-02  1.459E-02  0.000E+00  0.000E+00  6.283E+00  6.283E+00
  1.461E-02  1.461E-02  0.000E+00  0.000E+00  6.283E+00  6.283E+00
  1.463E-02  1.463E-02  0.000E+00  0.000E+00  6.283E+00  6.283E+00
  1.465E-02  1.465E-02  0.000E+00  0.000E+00  6.283E+00  6.283E+00
  1.467E-02  1.467E-02  0.000E+00  0.000E+00  6.283E+00  6.283E+00
  1.469E-02  1.469E-02  0.000E+00  0.000E+00  6.283E+00  6.283E+00
  1.471E-02  1.471E-02  0.000E+00  0.000E+00  6.283E+00  6.283E+00
  1.473E-02  1.473E-02  0.000E+00  0.000E+00  6.283E+00  6.283E+00
  1.475E-02  1.475E-02  0.000E+00  0.000E+00  6.283E+00  6.283E+00
  1.477E-02  1.477E-02  0.000E+00  0.000E+00  6.283E+00  6.283E+00
  1.479E-02  1.479E-02  0.000E+00  0.000E+00  6.283E+00  6.283E+00
  1.481E-02  1.481E-02  0.000E+00  0.000E+00  6.283E+00  6.283E+00
  1.483E-02  1.483E-02  0.000E+00  0.000E+00  6.283E+00  6.283E+00
  1.485E-02  1.485E-02  0.000E+00  0.000E+00  6.283E+00  6.283E+00
  1.487E-02  1.487E-02  0.000E+00  0.000E+00  6.283E+00  6.283E+00
  1.489E-02  1.489E-02  0.000E+00  0.000E+00  6.283E+00  6.283E+00
  1.491E-02  1.491E-02  0.000E+00  0.000E+00  6.283E+00  6.283E+00
  1.493E-02  1.493E-02  0.000E+00  0.000E+00  6.283E+00  6.283E+00
  1.495E-02  1.495E-02  0.000E+00  0.000E+00  6.283E+00  6.283E+00
  1.497E-02  1.497E-02  0.000E+00  0.000E+00  6.283E+00  6.283E+00
  1.499E-02  1.499E-02  0.000E+00  0.000E+00  6.283E+00  6.283E+00
  1.501E-02  1.501E-02  0.000E+00  0.000E+00  6.283E+00  6.283E+00
  1.503E-02  1.503E-02  0.000E+00  0.000E+00  6.283E+00  6.283E+00
  1.504E-02  1.504E-02  0.000E+00  0.000E+00  6.283E+00  6.283E+00
  1.506E-02  1.506E-02  0.000E+00  0.000E+00  6.283E+00  6.283E+00
  1.508E-02  1.508E-02  0.000E+00  0.000E+00  6.283E+00  6.283E+00
  1.510E-02  1.510E-02  0.000E+00  0.000E+00  6.283E+00  6.283E+00
  1.512E-02  1.512E-02  0.000E+00  0.000E+00  6.283E+00  6.283E+00
  1.514E-02  1.514E-02  0.000E+00  0.000E+00  6.283E+00  6.283E+00
  1.516E-02  1.516E-02  0.000E+00  0.000E+00  6.283E+00  6.283E+00
  1.518E-02  1.518E-02  0.000E+00  0.000E+00  6.283E+00  6.283E+00
  1.520E-02  1.520E-02  0.000E+00  0.000E+00  6.283E+00  6.283E+00
  1.522E-02  1.522E-02  0.000E+00  0.000E+00  6.283E+00  6.283E+00
  1.524E-02  1.524E-02  0.000E+00  0.000E+00  6.283E+00  6.283E+00
  1.526E-02  1.526E-02  0.000E+00  0.000E+00  6.283E+00  6.283E+00
  1.528E-02  1.528E-02  0.000E+00  0.000E+00  6.283E+00  6.283E+00
  1.530E-02  1.530E-02  0.000E+00  0.000E+00  6.283E+00  6.283E+00
  1.532E-02  1.532E-02  0.000E+00  0.000E+00  6.283E+00  6.283E+00
  1.534E-02  1.534E-02  0.000E+00  0.000E+00  6.283E+00  6.283E+00
  1.536E-02  1.536E-02  0.000E+00  0.000E+00  6.283E+00  6.283E+00
  1.538E-02  1.538E-02  0.000E+00  0.000E+00  6.283E+00  6.283E+00
  1.540E-02  1.540E-02  0.000E+00  0.000E+00  6.283E+00  6.283E+00
  1.542E-02  1.542E-02  0.000E+00  0.000E+00  6.283E+00  6.283E+00
  1.544E-02  1.544E-02  0.000E+00  0.000E+00  6.283E+00  6.283E+00
  1.546E-02  1.546E-02  0.000E+00  0.000E+00  6.283E+00  6.283E+00
  1.548E-02  1.548E-02  0.000E+00  0.000E+00  6.283E+00  6.283E+00
  1.550E-02  1.550E-02  0.000E+00  0.000E+00  6.283E+00  6.283E+00
  1.552E-02  1.552E-02  0.000E+00  0.000E+00  6.283E+00  6.283E+00
  1.554E-02  1.554E-02  0.000E+00  0.000E+00  6.283E+00  6.283E+00
  1.556E-02  1.556E-02  0.000E+00  0.000E+00  6.283E+00  6.283E+00
  1.558E-02  1.558E-02  0.000E+00  0.000E+00  6.283E+00  6.283E+00
  1.560E-02  1.560E-02  0.000E+00  0.000E+00  6.283E+00  6.283E+00
  1.562E-02  1.562E-02  0.000E+00  0.000E+00  6.283E+00  6.283E+00
  1.564E-02  1.564E-02  0.000E+00  0.000E+00  6.283E+00  6.283E+00
  1.566E-02  1.566E-02  0.000E+00  0.000E+00  6.283E+00  6.283E+00
  1.568E-02  1.568E-02  0.000E+00  0.000E+00  6.283E+00  6.283E+00
  1.570E-02  1.570E-02  0.000E+00  0.000E+00  6.283E+00  6.283E+00
  1.572E-02  1.572E-02  0.000E+00  0.000E+00  6.283E+00  6.283E+00
  1.574E-02  1.574E-02  0.000E+00  0.000E+00  6.283E+00  6.283E+00
  1.576E-02  1.576E-02  0.000E+00  0.000E+00  6.283E+00  6.283E+00
  1.578E-02  1.578E-02  0.000E+00  0.000E+00  6.283E+00  6.283E+00
  1.580E-02  1.580E-02  0.000E+00  0.000E+00  6.283E+00  6.283E+00
  1.582E-02  1.582E-02  0.000E+00  0.000E+00  6.283E+00  6.283E+00
  1.584E-02  1.584E-02  0.000E+00  0.000E+00  6.283E+00  6.283E+00
  1.586E-02  1.586E-02  0.000E+00  0.000E+00  6.283E+00  6.283E+00
  1.588E-02  1.588E-02  0.000E+00  0.000E+00  6.283E+00  6.283E+00
  1.590E-02  1.590E-02  0.000E+00  0.000E+00  6.283E+00  6.283E+00
  1.592E-02  1.592E-02  0.000E+00  0.000E+00  6.283E+00  6.283E+00
  1.594E-02  1.594E-02  0.000E+00  0.000E+00  6.283E+00  6.283E+00
  1.596E-02  1.596E-02  0.000E+00  0.000E+00  6.283E+00  6.283E+00
  1.598E-02  1.598E-02  0.000E+00  0.000E+00  6.283E+00  6.283E+00
  1.600E-02  1.600E-02  0.000E+00  0.000E+00  6.283E+00  6.283E+00
  1.602E-02  1.602E-02  0.000E+00  0.000E+00  6.283E+00  6.283E+00
  1.604E-02  1.604E-02  0.000E+00  0.000E+00  6.283E+00  6.283E+00
  1.606E-02  1.606E-02  0.000E+00  0.000E+00  6.283E+00  6.283E+00
  1.608E-02  1.608E-02  0.000E+00  0.000E+00  6.283E+00  6.283E+00
  1.610E-02  1.610E-02  0.000E+00  0.000E+00  6.283E+00  6.283E+00
  1.612E-02  1.612E-02  0.000E+00  0.000E+00  6.283E+00  6.283E+00
  1.614E-02  1.614E-02  0.000E+00  0.000E+00  6.283E+00  6.283E+00
  1.616E-02  1.616E-02  0.000E+00  0.000E+00  6.283E+00  6.283E+00
  1.618E-02  1.618E-02  0.000E+00  0.000E+00  6.283E+00  6.283E+00
  1.620E-02  1.620E-02  0.000E+00  0.000E+00  6.283E+00  6.283E+00
  1.622E-02  1.622E-02  0.000E+00  0.000E+00  6.283E+00  6.283E+00
  1.624E-02  1.624E-02  0.000E+00  0.000E+00  6.283E+00  6.283E+00
  1.626E-02  1.626E-02  0.000E+00  0.000E+00  6.283E+00  6.283E+00
  1.628E-02  1.628E-02  0.000E+00  0.000E+00  6.283E+00  6.283E+00
  1.630E-02  1.630E-02  0.000E+00  0.000E+00  6.283E+00  6.283E+00
  1.632E-02  1.632E-02  0.000E+00  0.000E+00  6.283E+00  6.283E+00
  1.634E-02  1.634E-02  0.000E+00  0.000E+00  6.283E+00  6.283E+00
  1.636E-02  1.636E-02  0.000E+00  0.000E+00  6.283E+00  6.283E+00
  1.638E-02  1.638E-02  0.000E+00  0.000E+00  6.283E+00  6.283E+00
  1.640E-02  1.640E-02  0.000E+00  0.000E+00  6.283E+00  6.283E+00
  1.642E-02  1.642E-02  0.000E+00  0.000E+00  6.283E+00  6.283E+00
  1.644E-02  1.644E-02  0.000E+00  0.000E+00  6.283E+00  6.283E+00
  1.646E-02  1.646E-02  0.000E+00  0.000E+00  6.283E+00  6.283E+00
  1.648E-02  1.648E-02  0.000E+00  0.000E+00  6.283E+00  6.283E+00
  1.650E-02  1.650E-02  0.000E+00  0.000E+00  6.283E+00  6.283E+00
  1.652E-02  1.652E-02  0.000E+00  0.000E+00  6.283E+00  6.283E+00
  1.654E-02  1.654E-02  0.000E+00  0.000E+00  6.283E+00  6.283E+00
  1.656E-02  1.656E-02  0.000E+00  0.000E+00  6.283E+00  6.283E+00
  1.658E-02  1.658E-02  0.000E+00  0.000E+00  6.283E+00  6.283E+00
  1.660E-02  1.660E-02  0.000E+00  0.000E+00  6.283E+00  6.283E+00
  1.662E-02  1.662E-02  0.000E+00  0.000E+00  6.283E+00  6.283E+00
  1.664E-02  1.664E-02  0.000E+00  0.000E+00  6.283E+00  6.283E+00
  1.666E-02  1.666E-02  0.000E+00  0.000E+00  6.283E+00  6.283E+00
  1.668E-02  1.668E-02  0.000E+00  0.000E+00  6.283E+00  6.283E+00
  1.670E-02  1.670E-02  0.000E+00  0.000E+00  6.283E+00  6.283E+00
  1.672E-02  1.672E-02  0.000E+00  0.000E+00  6.283E+00  6.283E+00
  1.674E-02  1.674E-02  0.000E+00  0.000E+00  6.283E+00  6.283E+00
  1.676E-02  1.676E-02  0.000E+00  0.000E+00  6.283E+00  6.283E+00
  1.678E-02  1.678E-02  0.000E+00  0.000E+00  6.283E+00  6.283E+00
  1.680E-02  1.680E-02  0.000E+00  0.000E+00  6.283E+00  6.283E+00
  1.682E-02  1.682E-02  0.000E+00  0.000E+00  6.283E+00  6.283E+00
  1.684E-02  1.684E-02  0.000E+00  0.000E+00  6.283E+00  6.283E+00
  1.686E-02  1.686E-02  0.000E+00  0.000E+00  6.283E+00  6.283E+00
  1.688E-02  1.688E-02  0.000E+00  0.000E+00  6.283E+00  6.283E+00
  1.690E-02  1.690E-02  0.000E+00  0.000E+00  6.283E+00  6.283E+00
  1.692E-02  1.692E-02  0.000E+00  0.000E+00  6.283E+00  6.283E+00
  1.694E-02  1.694E-02  0.000E+00  0.000E+00  6.283E+00  6.283E+00
  1.696E-02  1.696E-02  0.000E+00  0.000E+00  6.283E+00  6.283E+00
  1.698E-02  1.698E-02  0.000E+00  0.000E+00  6.283E+00  6.283E+00
  1.700E-02  1.700E-02  0.000E+00  0.000E+00  6.283E+00  6.283E+00
  1.702E-02  1.702E-02  0.000E+00  0.000E+00  6.283E+00  6.283E+00
  1.703E-02  1.703E-02  0.000E+00  0.000E+00  6.283E+00  6.283E+00
  1.705E-02  1.705E-02  0.000E+00  0.000E+00  6.283E+00  6.283E+00
  1.707E-02  1.707E-02  0.000E+00  0.000E+00  6.283E+00  6.283E+00
  1.709E-02  1.709E-02  0.000E+00  0.000E+00  6.283E+00  6.283E+00
  1.711E-02  1.711E-02  0.000E+00  0.000E+00  6.283E+00  6.283E+00
  1.713E-02  1.713E-02  0.000E+00  0.000E+00  6.283E+00  6.283E+00
  1.715E-02  1.715E-02  0.000E+00  0.000E+00  6.283E+00  6.283E+00
  1.717E-02  1.717E-02  0.000E+00  0.000E+00  6.283E+00  6.283E+00
  1.719E-02  1.719E-02  0.000E+00  0.000E+00  6.283E+00  6.283E+00
  1.721E-02  1.721E-02  0.000E+00  0.000E+00  6.283E+00  6.283E+00
  1.723E-02  1.723E-02  0.000E+00  0.000E+00  6.283E+00  6.283E+00
  1.725E-02  1.725E-02  0.000E+00  0.000E+00  6.283E+00  6.283E+00
  1.727E-02  1.727E-02  0.000E+00  0.000E+00  6.283E+00  6.283E+00
  1.729E-02  1.729E-02  0.000E+00  0.000E+00  6.283E+00  6.283E+00
  1.731E-02  1.731E-02  0.000E+00  0.000E+00  6.283E+00  6.283E+00
  1.733E-02  1.733E-02  0.000E+00  0.000E+00  6.283E+00  6.283E+00
  1.735E-02  1.735E-02  0.000E+00  0.000E+00  6.283E+00  6.283E+00
  1.737E-02  1.737E-02  0.000E+00  0.000E+00  6.283E+00  6.283E+00
  1.739E-02  1.739E-02  0.000E+00  0.000E+00  6.283E+00  6.283E+00
  1.741E-02  1.741E-02  0.000E+00  0.000E+00  6.283E+00  6.283E+00
  1.743E-02  1.743E-02  0.000E+00  0.000E+00  6.283E+00  6.283E+00
  1.745E-02  1.745E-02  0.000E+00  0.000E+00  6.283E+00  6.283E+00
  1.747E-02  1.747E-02  0.000E+00  0.000E+00  6.283E+00  6.283E+00
  1.749E-02  1.749E-02  0.000E+00  0.000E+00  6.283E+00  6.283E+00
  1.751E-02  1.751E-02  0.000E+00  0.000E+00  6.283E+00  6.283E+00
  1.753E-02  1.753E-02  0.000E+00  0.000E+00  6.283E+00  6.283E+00
  1.755E-02  1.755E-02  0.000E+00  0.000E+00  6.283E+00  6.283E+00
  1.757E-02  1.757E-02  0.000E+00  0.000E+00  6.283E+00  6.283E+00
  1.759E-02  1.759E-02  0.000E+00  0.000E+00  6.283E+00  6.283E+00
  1.761E-02  1.761E-02  0.000E+00  0.000E+00  6.283E+00  6.283E+00
  1.763E-02  1.763E-02  0.000E+00  0.000E+00  6.283E+00  6.283E+00
  1.765E-02  1.765E-02  0.000E+00  0.000E+00  6.283E+00  6.283E+00
  1.767E-02  1.767E-02  0.000E+00  0.000E+00  6.283E+00  6.283E+00
  1.769E-02  1.769E-02  0.000E+00  0.000E+00  6.283E+00  6.283E+00
  1.771E-02  1.771E-02  0.000E+00  0.000E+00  6.283E+00  6.283E+00
  1.773E-02  1.773E-02  0.000E+00  0.000E+00  6.283E+00  6.283E+00
  1.775E-02  1.775E-02  0.000E+00  0.000E+00  6.283E+00  6.283E+00
  1.777E-02  1.777E-02  0.000E+00  0.000E+00  6.283E+00  6.283E+00
  1.779E-02  1.779E-02  0.000E+00  0.000E+00  6.283E+00  6.283E+00
  1.781E-02  1.781E-02  0.000E+00  0.000E+00  6.283E+00  6.283E+00
  1.783E-02  1.783E-02  0.000E+00  0.000E+00  6.283E+00  6.283E+00
  1.785E-02  1.785E-02  0.000E+00  0.000E+00  6.283E+00  6.283E+00
  1.787E-02  1.787E-02  0.000E+00  0.000E+00  6.283E+00  6.283E+00
  1.789E-02  1.789E-02  0.000E+00  0.000E+00  6.283E+00  6.283E+00
  1.791E-02  1.791E-02  0.000E+00  0.000E+00  6.283E+00  6.283E+00
  1.793E-02  1.793E-02  0.000E+00  0.000E+00  6.283E+00  6.283E+00
  1.795E-02  1.795E-02  0.000E+00  0.000E+00  6.283E+00  6.283E+00
  1.797E-02  1.797E-02  0.000E+00  0.000E+00  6.283E+00  6.283E+00
  1.799E-02  1.799E-02  0.000E+00  0.000E+00  6.283E+00  6.283E+00
  1.801E-02  1.801E-02  0.000E+00  0.000E+00  6.283E+00  6.283E+00
  1.803E-02  1.803E-02  0.000E+00  0.000E+00  6.283E+00  6.283E+00
  1.805E-02  1.805E-02  0.000E+00  0.000E+00  6.283E+00  6.283E+00
  1.807E-02  1.807E-02  0.000E+00  0.000E+00  6.283E+00  6.283E+00
  1.809E-02  1.809E-02  0.000E+00  0.000E+00  6.283E+00  6.283E+00
  1.811E-02  1.811E-02  0.000E+00  0.000E+00  6.283E+00  6.283E+00
  1.813E-02  1.813E-02  0.000E+00  0.000E+00  6.283E+00  6.283E+00
  1.815E-02  1.815E-02  0.000E+00  0.000E+00  6.283E+00  6.283E+00
  1.817E-02  1.817E-02  0.000E+00  0.000E+00  6.283E+00  6.283E+00
  1.819E-02  1.819E-02  0.000E+00  0.000E+00  6.283E+00  6.283E+00
  1.821E-02  1.821E-02  0.000E+00  0.000E+00  6.283E+00  6.283E+00
  1.823E-02  1.823E-02  0.000E+00  0.000E+00  6.283E+00  6.283E+00
  1.825E-02  1.825E-02  0.000E+00  0.000E+00  6.283E+00  6.283E+00
  1.827E-02  1.827E-02  0.000E+00  0.000E+00  6.283E+00  6.283E+00
  1.829E-02  1.829E-02  0.000E+00  0.000E+00  6.283E+00  6.283E+00
  1.831E-02  1.831E-02  0.000E+00  0.000E+00  6.283E+00  6.283E+00
  1.833E-02  1.833E-02  0.000E+00  0.000E+00  6.283E+00  6.283E+00
  1.835E-02  1.835E-02  0.000E+00  0.000E+00  6.283E+00  6.283E+00
  1.837E-02  1.837E-02  0.000E+00  0.000E+00  6.283E+00  6.283E+00
  1.839E-02  1.839E-02  0.000E+00  0.000E+00  6.283E+00  6.283E+00
  1.841E-02  1.841E-02  0.000E+00  0.000E+00  6.283E+00  6.283E+00
  1.843E-02  1.843E-02  0.000E+00  0.000E+00  6.283E+00  6.283E+00
  1.845E-02  1.845E-02  0.000E+00  0.000E+00  6.283E+00  6.283E+00
  1.847E-02  1.847E-02  0.000E+00  0.000E+00  6.283E+00  6.283E+00
  1.849E-02  1.849E-02  0.000E+00  0.000E+00  6.283E+00  6.283E+00
  1.851E-02  1.851E-02  0.000E+00  0.000E+00  6.283E+00  6.283E+00
  1.853E-02  1.853E-02  0.000E+00  0.000E+00  6.283E+00  6.283E+00
  1.855E-02  1.855E-02  0.000E+00  0.000E+00  6.283E+00  6.283E+00
  1.857E-02  1.857E-02  0.000E+00  0.000E+00  6.283E+00  6.283E+00
  1.859E-02  1.859E-02  0.000E+00  0.000E+00  6.283E+00  6.283E+00
  1.861E-02  1.861E-02  0.000E+00  0.000E+00  6.283E+00  6.283E+00
  1.863E-02  1.863E-02  0.000E+00  0.000E+00  6.283E+00  6.283E+00
  1.865E-02  1.865E-02  0.000E+00  0.000E+00  6.283E+00  6.283E+00
  1.867E-02  1.867E-02  0.000E+00  0.000E+00  6.283E+00  6.283E+00
  1.869E-02  1.869E-02  0.000E+00  0.000E+00  6.283E+00  6.283E+00
  1.871E-02  1.871E-02  0.000E+00  0.000E+00  6.283E+00  6.283E+00
  1.873E-02  1.873E-02  0.000E+00  0.000E+00  6.283E+00  6.283E+00
  1.875E-02  1.875E-02  0.000E+00  0.000E+00  6.283E+00  6.283E+00
  1.877E-02  1.877E-02  0.000E+00  0.000E+00  6.283E+00  6.283E+00
  1.879E-02  1.879E-02  0.000E+00  0.000E+00  6.283E+00  6.283E+00
  1.881E-02  1.881E-02  0.000E+00  0.000E+00  6.283E+00  6.283E+00
  1.883E-02  1.883E-02  0.000E+00  0.000E+00  6.283E+00  6.283E+00
  1.885E-02  1.885E-02  0.000E+00  0.000E+00  6.283E+00  6.283E+00
  1.887E-02  1.887E-02  0.000E+00  0.000E+00  6.283E+00  6.283E+00
  1.889E-02  1.889E-02  0.000E+00  0.000E+00  6.283E+00  6.283E+00
  1.891E-02  1.891E-02  0.000E+00  0.000E+00  6.283E+00  6.283E+00
  1.893E-02  1.893E-02  0.000E+00  0.000E+00  6.283E+00  6.283E+00
  1.895E-02  1.895E-02  0.000E+00  0.000E+00  6.283E+00  6.283E+00
  1.897E-02  1.897E-02  0.000E+00  0.000E+00  6.283E+00  6.283E+00
  1.899E-02  1.899E-02  0.000E+00  0.000E+00  6.283E+00  6.283E+00
  1.901E-02  1.901E-02  0.000E+00  0.000E+00  6.283E+00  6.283E+00
  1.902E-02  1.902E-02  0.000E+00  0.000E+00  6.283E+00  6.283E+00
  1.904E-02  1.904E-02  0.000E+00  0.000E+00  6.283E+00  6.283E+00
  1.906E-02  1.906E-02  0.000E+00  0.000E+00  6.283E+00  6.283E+00
  1.908E-02  1.908E-02  0.000E+00  0.000E+00  6.283E+00  6.283E+00
  1.910E-02  1.910E-02  0.000E+00  0.000E+00  6.283E+00  6.283E+00
  1.912E-02  1.912E-02  0.000E+00  0.000E+00  6.283E+00  6.283E+00
  1.914E-02  1.914E-02  0.000E+00  0.000E+00  6.283E+00  6.283E+00
  1.916E-02  1.916E-02  0.000E+00  0.000E+00  6.283E+00  6.283E+00
  1.918E-02  1.918E-02  0.000E+00  0.000E+00  6.283E+00  6.283E+00
  1.920E-02  1.920E-02  0.000E+00  0.000E+00  6.283E+00  6.283E+00
  1.922E-02  1.922E-02  0.000E+00  0.000E+00  6.283E+00  6.283E+00
  1.924E-02  1.924E-02  0.000E+00  0.000E+00  6.283E+00  6.283E+00
  1.926E-02  1.926E-02  0.000E+00  0.000E+00  6.283E+00  6.283E+00
  1.928E-02  1.928E-02  0.000E+00  0.000E+00  6.283E+00  6.283E+00
  1.930E-02  1.930E-02  0.000E+00  0.000E+00  6.283E+00  6.283E+00
  1.932E-02  1.932E-02  0.000E+00  0.000E+00  6.283E+00  6.283E+00
  1.934E-02  1.934E-02  0.000E+00  0.000E+00  6.283E+00  6.283E+00
  1.936E-02  1.936E-02  0.000E+00  0.000E+00  6.283E+00  6.283E+00
  1.938E-02  1.938E-02  0.000E+00  0.000E+00  6.283E+00  6.283E+00
  1.940E-02  1.940E-02  0.000E+00  0.000E+00  6.283E+00  6.283E+00
  1.942E-02  1.942E-02  0.000E+00  0.000E+00  6.283E+00  6.283E+00
  1.944E-02  1.944E-02  0.000E+00  0.000E+00  6.283E+00  6.283E+00
  1.946E-02  1.946E-02  0.000E+00  0.000E+00  6.283E+00  6.283E+00
  1.948E-02  1.948E-02  0.000E+00  0.000E+00  6.283E+00  6.283E+00
  1.950E-02  1.950E-02  0.000E+00  0.000E+00  6.283E+00  6.283E+00
  1.952E-02  1.952E-02  0.000E+00  0.000E+00  6.283E+00  6.283E+00
  1.954E-02  1.954E-02  0.000E+00  0.000E+00  6.283E+00  6.283E+00
  1.956E-02  1.956E-02  0.000E+00  0.000E+00  6.283E+00  6.283E+00
  1.958E-02  1.958E-02  0.000E+00  0.000E+00  6.283E+00  6.283E+00
  1.960E-02  1.960E-02  0.000E+00  0.000E+00  6.283E+00  6.283E+00
  1.962E-02  1.962E-02  0.000E+00  0.000E+00  6.283E+00  6.283E+00
  1.964E-02  1.964E-02  0.000E+00  0.000E+00  6.283E+00  6.283E+00
  1.966E-02  1.966E-02  0.000E+00  0.000E+00  6.283E+00  6.283E+00
  1.968E-02  1.968E-02  0.000E+00  0.000E+00  6.283E+00  6.283E+00
  1.970E-02  1.970E-02  0.000E+00  0.000E+00  6.283E+00  6.283E+00
  1.972E-02  1.972E-02  0.000E+00  0.000E+00  6.283E+00  6.283E+00
  1.974E-02  1.974E-02  0.000E+00  0.000E+00  6.283E+00  6.283E+00
  1.976E-02  1.976E-02  0.000E+00  0.000E+00  6.283E+00  6.283E+00
  1.978E-02  1.978E-02  0.000E+00  0.000E+00  6.283E+00  6.283E+00
  1.980E-02  1.980E-02  0.000E+00  0.000E+00  6.283E+00  6.283E+00
  1.982E-02  1.982E-02  0.000E+00  0.000E+00  6.283E+00  6.283E+00
  1.984E-02  1.984E-02  0.000E+00  0.000E+00  6.283E+00  6.283E+00
  1.986E-02  1.986E-02  0.000E+00  0.000E+00  6.283E+00  6.283E+00
  1.988E-02  1.988E-02  0.000E+00  0.000E+00  6.283E+00  6.283E+00
  1.990E-02  1.990E-02  0.000E+00  0.000E+00  6.283E+00  6.283E+00
  1.992E-02  1.992E-02  0.000E+00  0.000E+00  6.283E+00  6.283E+00
  1.994E-02  1.994E-02  0.000E+00  0.000E+00  6.283E+00  6.283E+00
  1.996E-02  1.996E-02  0.000E+00  0.000E+00  6.283E+00  6.283E+00
  1.998E-02  1.998E-02  0.000E+00  0.000E+00  6.283E+00  6.283E+00
  2.000E-02  2.000E-02  0.000E+00  0.000E+00  6.283E+00  6.283E+00


 # Detector n:            2   ep_aftdeg (integrated over solid angle)
 # N. of energy intervals        1000
  1.000E-04  1.199E-04  0.000E+00  0.000E+00
  1.199E-04  1.398E-04  0.000E+00  0.000E+00
  1.398E-04  1.597E-04  0.000E+00  0.000E+00
  1.597E-04  1.796E-04  0.000E+00  0.000E+00
  1.796E-04  1.995E-04  0.000E+00  0.000E+00
  1.995E-04  2.194E-04  0.000E+00  0.000E+00
  2.194E-04  2.393E-04  0.000E+00  0.000E+00
  2.393E-04  2.592E-04  0.000E+00  0.000E+00
  2.592E-04  2.791E-04  0.000E+00  0.000E+00
  2.791E-04  2.990E-04  0.000E+00  0.000E+00
  2.990E-04  3.189E-04  0.000E+00  0.000E+00
  3.189E-04  3.388E-04  0.000E+00  0.000E+00
  3.388E-04  3.587E-04  0.000E+00  0.000E+00
  3.587E-04  3.786E-04  0.000E+00  0.000E+00
  3.786E-04  3.985E-04  0.000E+00  0.000E+00
  3.985E-04  4.184E-04  0.000E+00  0.000E+00
  4.184E-04  4.383E-04  0.000E+00  0.000E+00
  4.383E-04  4.582E-04  0.000E+00  0.000E+00
  4.582E-04  4.781E-04  0.000E+00  0.000E+00
  4.781E-04  4.980E-04  0.000E+00  0.000E+00
  4.980E-04  5.179E-04  0.000E+00  0.000E+00
  5.179E-04  5.378E-04  0.000E+00  0.000E+00
  5.378E-04  5.577E-04  0.000E+00  0.000E+00
  5.577E-04  5.776E-04  0.000E+00  0.000E+00
  5.776E-04  5.975E-04  0.000E+00  0.000E+00
  5.975E-04  6.174E-04  0.000E+00  0.000E+00
  6.174E-04  6.373E-04  0.000E+00  0.000E+00
  6.373E-04  6.572E-04  0.000E+00  0.000E+00
  6.572E-04  6.771E-04  0.000E+00  0.000E+00
  6.771E-04  6.970E-04  0.000E+00  0.000E+00
  6.970E-04  7.169E-04  0.000E+00  0.000E+00
  7.169E-04  7.368E-04  0.000E+00  0.000E+00
  7.368E-04  7.567E-04  0.000E+00  0.000E+00
  7.567E-04  7.766E-04  0.000E+00  0.000E+00
  7.766E-04  7.965E-04  0.000E+00  0.000E+00
  7.965E-04  8.164E-04  0.000E+00  0.000E+00
  8.164E-04  8.363E-04  0.000E+00  0.000E+00
  8.363E-04  8.562E-04  0.000E+00  0.000E+00
  8.562E-04  8.761E-04  0.000E+00  0.000E+00
  8.761E-04  8.960E-04  0.000E+00  0.000E+00
  8.960E-04  9.159E-04  0.000E+00  0.000E+00
  9.159E-04  9.358E-04  0.000E+00  0.000E+00
  9.358E-04  9.557E-04  0.000E+00  0.000E+00
  9.557E-04  9.756E-04  0.000E+00  0.000E+00
  9.756E-04  9.955E-04  0.000E+00  0.000E+00
  9.955E-04  1.015E-03  0.000E+00  0.000E+00
  1.015E-03  1.035E-03  0.000E+00  0.000E+00
  1.035E-03  1.055E-03  0.000E+00  0.000E+00
  1.055E-03  1.075E-03  0.000E+00  0.000E+00
  1.075E-03  1.095E-03  0.000E+00  0.000E+00
  1.095E-03  1.115E-03  0.000E+00  0.000E+00
  1.115E-03  1.135E-03  0.000E+00  0.000E+00
  1.135E-03  1.155E-03  0.000E+00  0.000E+00
  1.155E-03  1.175E-03  0.000E+00  0.000E+00
  1.175E-03  1.195E-03  0.000E+00  0.000E+00
  1.195E-03  1.214E-03  0.000E+00  0.000E+00
  1.214E-03  1.234E-03  0.000E+00  0.000E+00
  1.234E-03  1.254E-03  0.000E+00  0.000E+00
  1.254E-03  1.274E-03  0.000E+00  0.000E+00
  1.274E-03  1.294E-03  0.000E+00  0.000E+00
  1.294E-03  1.314E-03  0.000E+00  0.000E+00
  1.314E-03  1.334E-03  0.000E+00  0.000E+00
  1.334E-03  1.354E-03  0.000E+00  0.000E+00
  1.354E-03  1.374E-03  0.000E+00  0.000E+00
  1.374E-03  1.394E-03  0.000E+00  0.000E+00
  1.394E-03  1.413E-03  0.000E+00  0.000E+00
  1.413E-03  1.433E-03  0.000E+00  0.000E+00
  1.433E-03  1.453E-03  0.000E+00  0.000E+00
  1.453E-03  1.473E-03  0.000E+00  0.000E+00
  1.473E-03  1.493E-03  0.000E+00  0.000E+00
  1.493E-03  1.513E-03  0.000E+00  0.000E+00
  1.513E-03  1.533E-03  0.000E+00  0.000E+00
  1.533E-03  1.553E-03  0.000E+00  0.000E+00
  1.553E-03  1.573E-03  0.000E+00  0.000E+00
  1.573E-03  1.593E-03  0.000E+00  0.000E+00
  1.593E-03  1.612E-03  0.000E+00  0.000E+00
  1.612E-03  1.632E-03  0.000E+00  0.000E+00
  1.632E-03  1.652E-03  0.000E+00  0.000E+00
  1.652E-03  1.672E-03  0.000E+00  0.000E+00
  1.672E-03  1.692E-03  0.000E+00  0.000E+00
  1.692E-03  1.712E-03  0.000E+00  0.000E+00
  1.712E-03  1.732E-03  0.000E+00  0.000E+00
  1.732E-03  1.752E-03  0.000E+00  0.000E+00
  1.752E-03  1.772E-03  0.000E+00  0.000E+00
  1.772E-03  1.792E-03  0.000E+00  0.000E+00
  1.792E-03  1.811E-03  0.000E+00  0.000E+00
  1.811E-03  1.831E-03  0.000E+00  0.000E+00
  1.831E-03  1.851E-03  0.000E+00  0.000E+00
  1.851E-03  1.871E-03  0.000E+00  0.000E+00
  1.871E-03  1.891E-03  0.000E+00  0.000E+00
  1.891E-03  1.911E-03  0.000E+00  0.000E+00
  1.911E-03  1.931E-03  0.000E+00  0.000E+00
  1.931E-03  1.951E-03  0.000E+00  0.000E+00
  1.951E-03  1.971E-03  0.000E+00  0.000E+00
  1.971E-03  1.991E-03  0.000E+00  0.000E+00
  1.991E-03  2.010E-03  0.000E+00  0.000E+00
  2.010E-03  2.030E-03  0.000E+00  0.000E+00
  2.030E-03  2.050E-03  0.000E+00  0.000E+00
  2.050E-03  2.070E-03  0.000E+00  0.000E+00
  2.070E-03  2.090E-03  0.000E+00  0.000E+00
  2.090E-03  2.110E-03  0.000E+00  0.000E+00
  2.110E-03  2.130E-03  0.000E+00  0.000E+00
  2.130E-03  2.150E-03  0.000E+00  0.000E+00
  2.150E-03  2.170E-03  0.000E+00  0.000E+00
  2.170E-03  2.190E-03  0.000E+00  0.000E+00
  2.190E-03  2.209E-03  0.000E+00  0.000E+00
  2.209E-03  2.229E-03  0.000E+00  0.000E+00
  2.229E-03  2.249E-03  0.000E+00  0.000E+00
  2.249E-03  2.269E-03  0.000E+00  0.000E+00
  2.269E-03  2.289E-03  0.000E+00  0.000E+00
  2.289E-03  2.309E-03  0.000E+00  0.000E+00
  2.309E-03  2.329E-03  0.000E+00  0.000E+00
  2.329E-03  2.349E-03  0.000E+00  0.000E+00
  2.349E-03  2.369E-03  0.000E+00  0.000E+00
  2.369E-03  2.389E-03  0.000E+00  0.000E+00
  2.389E-03  2.408E-03  0.000E+00  0.000E+00
  2.408E-03  2.428E-03  0.000E+00  0.000E+00
  2.428E-03  2.448E-03  0.000E+00  0.000E+00
  2.448E-03  2.468E-03  0.000E+00  0.000E+00
  2.468E-03  2.488E-03  0.000E+00  0.000E+00
  2.488E-03  2.508E-03  0.000E+00  0.000E+00
  2.508E-03  2.528E-03  0.000E+00  0.000E+00
  2.528E-03  2.548E-03  0.000E+00  0.000E+00
  2.548E-03  2.568E-03  0.000E+00  0.000E+00
  2.568E-03  2.588E-03  0.000E+00  0.000E+00
  2.588E-03  2.607E-03  0.000E+00  0.000E+00
  2.607E-03  2.627E-03  0.000E+00  0.000E+00
  2.627E-03  2.647E-03  0.000E+00  0.000E+00
  2.647E-03  2.667E-03  0.000E+00  0.000E+00
  2.667E-03  2.687E-03  0.000E+00  0.000E+00
  2.687E-03  2.707E-03  0.000E+00  0.000E+00
  2.707E-03  2.727E-03  0.000E+00  0.000E+00
  2.727E-03  2.747E-03  0.000E+00  0.000E+00
  2.747E-03  2.767E-03  0.000E+00  0.000E+00
  2.767E-03  2.787E-03  0.000E+00  0.000E+00
  2.787E-03  2.806E-03  0.000E+00  0.000E+00
  2.806E-03  2.826E-03  0.000E+00  0.000E+00
  2.826E-03  2.846E-03  0.000E+00  0.000E+00
  2.846E-03  2.866E-03  0.000E+00  0.000E+00
  2.866E-03  2.886E-03  0.000E+00  0.000E+00
  2.886E-03  2.906E-03  0.000E+00  0.000E+00
  2.906E-03  2.926E-03  0.000E+00  0.000E+00
  2.926E-03  2.946E-03  0.000E+00  0.000E+00
  2.946E-03  2.966E-03  0.000E+00  0.000E+00
  2.966E-03  2.986E-03  0.000E+00  0.000E+00
  2.986E-03  3.005E-03  0.000E+00  0.000E+00
  3.005E-03  3.025E-03  0.000E+00  0.000E+00
  3.025E-03  3.045E-03  0.000E+00  0.000E+00
  3.045E-03  3.065E-03  0.000E+00  0.000E+00
  3.065E-03  3.085E-03  0.000E+00  0.000E+00
  3.085E-03  3.105E-03  0.000E+00  0.000E+00
  3.105E-03  3.125E-03  0.000E+00  0.000E+00
  3.125E-03  3.145E-03  0.000E+00  0.000E+00
  3.145E-03  3.165E-03  0.000E+00  0.000E+00
  3.165E-03  3.185E-03  0.000E+00  0.000E+00
  3.185E-03  3.204E-03  0.000E+00  0.000E+00
  3.204E-03  3.224E-03  0.000E+00  0.000E+00
  3.224E-03  3.244E-03  0.000E+00  0.000E+00
  3.244E-03  3.264E-03  0.000E+00  0.000E+00
  3.264E-03  3.284E-03  0.000E+00  0.000E+00
  3.284E-03  3.304E-03  0.000E+00  0.000E+00
  3.304E-03  3.324E-03  0.000E+00  0.000E+00
  3.324E-03  3.344E-03  0.000E+00  0.000E+00
  3.344E-03  3.364E-03  0.000E+00  0.000E+00
  3.364E-03  3.384E-03  0.000E+00  0.000E+00
  3.384E-03  3.403E-03  0.000E+00  0.000E+00
  3.403E-03  3.423E-03  0.000E+00  0.000E+00
  3.423E-03  3.443E-03  0.000E+00  0.000E+00
  3.443E-03  3.463E-03  0.000E+00  0.000E+00
  3.463E-03  3.483E-03  0.000E+00  0.000E+00
  3.483E-03  3.503E-03  0.000E+00  0.000E+00
  3.503E-03  3.523E-03  0.000E+00  0.000E+00
  3.523E-03  3.543E-03  0.000E+00  0.000E+00
  3.543E-03  3.563E-03  0.000E+00  0.000E+00
  3.563E-03  3.583E-03  0.000E+00  0.000E+00
  3.583E-03  3.602E-03  0.000E+00  0.000E+00
  3.602E-03  3.622E-03  0.000E+00  0.000E+00
  3.622E-03  3.642E-03  0.000E+00  0.000E+00
  3.642E-03  3.662E-03  0.000E+00  0.000E+00
  3.662E-03  3.682E-03  0.000E+00  0.000E+00
  3.682E-03  3.702E-03  0.000E+00  0.000E+00
  3.702E-03  3.722E-03  0.000E+00  0.000E+00
  3.722E-03  3.742E-03  0.000E+00  0.000E+00
  3.742E-03  3.762E-03  0.000E+00  0.000E+00
  3.762E-03  3.782E-03  0.000E+00  0.000E+00
  3.782E-03  3.801E-03  0.000E+00  0.000E+00
  3.801E-03  3.821E-03  0.000E+00  0.000E+00
  3.821E-03  3.841E-03  0.000E+00  0.000E+00
  3.841E-03  3.861E-03  0.000E+00  0.000E+00
  3.861E-03  3.881E-03  0.000E+00  0.000E+00
  3.881E-03  3.901E-03  0.000E+00  0.000E+00
  3.901E-03  3.921E-03  0.000E+00  0.000E+00
  3.921E-03  3.941E-03  0.000E+00  0.000E+00
  3.941E-03  3.961E-03  0.000E+00  0.000E+00
  3.961E-03  3.981E-03  0.000E+00  0.000E+00
  3.981E-03  4.000E-03  0.000E+00  0.000E+00
  4.000E-03  4.020E-03  0.000E+00  0.000E+00
  4.020E-03  4.040E-03  0.000E+00  0.000E+00
  4.040E-03  4.060E-03  0.000E+00  0.000E+00
  4.060E-03  4.080E-03  0.000E+00  0.000E+00
  4.080E-03  4.100E-03  0.000E+00  0.000E+00
  4.100E-03  4.120E-03  0.000E+00  0.000E+00
  4.120E-03  4.140E-03  0.000E+00  0.000E+00
  4.140E-03  4.160E-03  0.000E+00  0.000E+00
  4.160E-03  4.180E-03  0.000E+00  0.000E+00
  4.180E-03  4.199E-03  0.000E+00  0.000E+00
  4.199E-03  4.219E-03  0.000E+00  0.000E+00
  4.219E-03  4.239E-03  0.000E+00  0.000E+00
  4.239E-03  4.259E-03  0.000E+00  0.000E+00
  4.259E-03  4.279E-03  0.000E+00  0.000E+00
  4.279E-03  4.299E-03  0.000E+00  0.000E+00
  4.299E-03  4.319E-03  0.000E+00  0.000E+00
  4.319E-03  4.339E-03  0.000E+00  0.000E+00
  4.339E-03  4.359E-03  0.000E+00  0.000E+00
  4.359E-03  4.378E-03  0.000E+00  0.000E+00
  4.378E-03  4.398E-03  0.000E+00  0.000E+00
  4.398E-03  4.418E-03  0.000E+00  0.000E+00
  4.418E-03  4.438E-03  0.000E+00  0.000E+00
  4.438E-03  4.458E-03  0.000E+00  0.000E+00
  4.458E-03  4.478E-03  0.000E+00  0.000E+00
  4.478E-03  4.498E-03  0.000E+00  0.000E+00
  4.498E-03  4.518E-03  0.000E+00  0.000E+00
  4.518E-03  4.538E-03  0.000E+00  0.000E+00
  4.538E-03  4.558E-03  0.000E+00  0.000E+00
  4.558E-03  4.577E-03  0.000E+00  0.000E+00
  4.577E-03  4.597E-03  0.000E+00  0.000E+00
  4.597E-03  4.617E-03  0.000E+00  0.000E+00
  4.617E-03  4.637E-03  0.000E+00  0.000E+00
  4.637E-03  4.657E-03  0.000E+00  0.000E+00
  4.657E-03  4.677E-03  0.000E+00  0.000E+00
  4.677E-03  4.697E-03  0.000E+00  0.000E+00
  4.697E-03  4.717E-03  0.000E+00  0.000E+00
  4.717E-03  4.737E-03  0.000E+00  0.000E+00
  4.737E-03  4.757E-03  0.000E+00  0.000E+00
  4.757E-03  4.777E-03  0.000E+00  0.000E+00
  4.777E-03  4.796E-03  0.000E+00  0.000E+00
  4.796E-03  4.816E-03  0.000E+00  0.000E+00
  4.816E-03  4.836E-03  0.000E+00  0.000E+00
  4.836E-03  4.856E-03  0.000E+00  0.000E+00
  4.856E-03  4.876E-03  0.000E+00  0.000E+00
  4.876E-03  4.896E-03  0.000E+00  0.000E+00
  4.896E-03  4.916E-03  0.000E+00  0.000E+00
  4.916E-03  4.936E-03  0.000E+00  0.000E+00
  4.936E-03  4.956E-03  0.000E+00  0.000E+00
  4.956E-03  4.976E-03  0.000E+00  0.000E+00
  4.976E-03  4.995E-03  0.000E+00  0.000E+00
  4.995E-03  5.015E-03  0.000E+00  0.000E+00
  5.015E-03  5.035E-03  0.000E+00  0.000E+00
  5.035E-03  5.055E-03  0.000E+00  0.000E+00
  5.055E-03  5.075E-03  0.000E+00  0.000E+00
  5.075E-03  5.095E-03  0.000E+00  0.000E+00
  5.095E-03  5.115E-03  0.000E+00  0.000E+00
  5.115E-03  5.135E-03  0.000E+00  0.000E+00
  5.135E-03  5.155E-03  0.000E+00  0.000E+00
  5.155E-03  5.174E-03  0.000E+00  0.000E+00
  5.174E-03  5.194E-03  0.000E+00  0.000E+00
  5.194E-03  5.214E-03  0.000E+00  0.000E+00
  5.214E-03  5.234E-03  0.000E+00  0.000E+00
  5.234E-03  5.254E-03  0.000E+00  0.000E+00
  5.254E-03  5.274E-03  0.000E+00  0.000E+00
  5.274E-03  5.294E-03  0.000E+00  0.000E+00
  5.294E-03  5.314E-03  0.000E+00  0.000E+00
  5.314E-03  5.334E-03  0.000E+00  0.000E+00
  5.334E-03  5.354E-03  0.000E+00  0.000E+00
  5.354E-03  5.373E-03  0.000E+00  0.000E+00
  5.373E-03  5.393E-03  0.000E+00  0.000E+00
  5.393E-03  5.413E-03  0.000E+00  0.000E+00
  5.413E-03  5.433E-03  0.000E+00  0.000E+00
  5.433E-03  5.453E-03  0.000E+00  0.000E+00
  5.453E-03  5.473E-03  0.000E+00  0.000E+00
  5.473E-03  5.493E-03  0.000E+00  0.000E+00
  5.493E-03  5.513E-03  0.000E+00  0.000E+00
  5.513E-03  5.533E-03  0.000E+00  0.000E+00
  5.533E-03  5.553E-03  0.000E+00  0.000E+00
  5.553E-03  5.573E-03  0.000E+00  0.000E+00
  5.573E-03  5.592E-03  0.000E+00  0.000E+00
  5.592E-03  5.612E-03  0.000E+00  0.000E+00
  5.612E-03  5.632E-03  0.000E+00  0.000E+00
  5.632E-03  5.652E-03  0.000E+00  0.000E+00
  5.652E-03  5.672E-03  0.000E+00  0.000E+00
  5.672E-03  5.692E-03  0.000E+00  0.000E+00
  5.692E-03  5.712E-03  0.000E+00  0.000E+00
  5.712E-03  5.732E-03  0.000E+00  0.000E+00
  5.732E-03  5.752E-03  0.000E+00  0.000E+00
  5.752E-03  5.772E-03  0.000E+00  0.000E+00
  5.772E-03  5.791E-03  0.000E+00  0.000E+00
  5.791E-03  5.811E-03  0.000E+00  0.000E+00
  5.811E-03  5.831E-03  0.000E+00  0.000E+00
  5.831E-03  5.851E-03  0.000E+00  0.000E+00
  5.851E-03  5.871E-03  0.000E+00  0.000E+00
  5.871E-03  5.891E-03  0.000E+00  0.000E+00
  5.891E-03  5.911E-03  0.000E+00  0.000E+00
  5.911E-03  5.931E-03  0.000E+00  0.000E+00
  5.931E-03  5.951E-03  0.000E+00  0.000E+00
  5.951E-03  5.970E-03  0.000E+00  0.000E+00
  5.970E-03  5.990E-03  0.000E+00  0.000E+00
  5.990E-03  6.010E-03  0.000E+00  0.000E+00
  6.010E-03  6.030E-03  0.000E+00  0.000E+00
  6.030E-03  6.050E-03  0.000E+00  0.000E+00
  6.050E-03  6.070E-03  0.000E+00  0.000E+00
  6.070E-03  6.090E-03  0.000E+00  0.000E+00
  6.090E-03  6.110E-03  0.000E+00  0.000E+00
  6.110E-03  6.130E-03  0.000E+00  0.000E+00
  6.130E-03  6.150E-03  0.000E+00  0.000E+00
  6.150E-03  6.169E-03  0.000E+00  0.000E+00
  6.169E-03  6.189E-03  0.000E+00  0.000E+00
  6.189E-03  6.209E-03  0.000E+00  0.000E+00
  6.209E-03  6.229E-03  0.000E+00  0.000E+00
  6.229E-03  6.249E-03  0.000E+00  0.000E+00
  6.249E-03  6.269E-03  0.000E+00  0.000E+00
  6.269E-03  6.289E-03  0.000E+00  0.000E+00
  6.289E-03  6.309E-03  0.000E+00  0.000E+00
  6.309E-03  6.329E-03  0.000E+00  0.000E+00
  6.329E-03  6.349E-03  0.000E+00  0.000E+00
  6.349E-03  6.369E-03  0.000E+00  0.000E+00
  6.369E-03  6.388E-03  0.000E+00  0.000E+00
  6.388E-03  6.408E-03  0.000E+00  0.000E+00
  6.408E-03  6.428E-03  0.000E+00  0.000E+00
  6.428E-03  6.448E-03  0.000E+00  0.000E+00
  6.448E-03  6.468E-03  0.000E+00  0.000E+00
  6.468E-03  6.488E-03  0.000E+00  0.000E+00
  6.488E-03  6.508E-03  0.000E+00  0.000E+00
  6.508E-03  6.528E-03  0.000E+00  0.000E+00
  6.528E-03  6.548E-03  0.000E+00  0.000E+00
  6.548E-03  6.568E-03  0.000E+00  0.000E+00
  6.568E-03  6.587E-03  0.000E+00  0.000E+00
  6.587E-03  6.607E-03  0.000E+00  0.000E+00
  6.607E-03  6.627E-03  0.000E+00  0.000E+00
  6.627E-03  6.647E-03  0.000E+00  0.000E+00
  6.647E-03  6.667E-03  0.000E+00  0.000E+00
  6.667E-03  6.687E-03  0.000E+00  0.000E+00
  6.687E-03  6.707E-03  0.000E+00  0.000E+00
  6.707E-03  6.727E-03  0.000E+00  0.000E+00
  6.727E-03  6.747E-03  0.000E+00  0.000E+00
  6.747E-03  6.766E-03  0.000E+00  0.000E+00
  6.766E-03  6.786E-03  0.000E+00  0.000E+00
  6.786E-03  6.806E-03  0.000E+00  0.000E+00
  6.806E-03  6.826E-03  0.000E+00  0.000E+00
  6.826E-03  6.846E-03  0.000E+00  0.000E+00
  6.846E-03  6.866E-03  0.000E+00  0.000E+00
  6.866E-03  6.886E-03  0.000E+00  0.000E+00
  6.886E-03  6.906E-03  0.000E+00  0.000E+00
  6.906E-03  6.926E-03  0.000E+00  0.000E+00
  6.926E-03  6.946E-03  0.000E+00  0.000E+00
  6.946E-03  6.965E-03  0.000E+00  0.000E+00
  6.965E-03  6.985E-03  0.000E+00  0.000E+00
  6.985E-03  7.005E-03  0.000E+00  0.000E+00
  7.005E-03  7.025E-03  0.000E+00  0.000E+00
  7.025E-03  7.045E-03  0.000E+00  0.000E+00
  7.045E-03  7.065E-03  0.000E+00  0.000E+00
  7.065E-03  7.085E-03  0.000E+00  0.000E+00
  7.085E-03  7.105E-03  0.000E+00  0.000E+00
  7.105E-03  7.125E-03  0.000E+00  0.000E+00
  7.125E-03  7.145E-03  0.000E+00  0.000E+00
  7.145E-03  7.165E-03  0.000E+00  0.000E+00
  7.165E-03  7.184E-03  0.000E+00  0.000E+00
  7.184E-03  7.204E-03  0.000E+00  0.000E+00
  7.204E-03  7.224E-03  0.000E+00  0.000E+00
  7.224E-03  7.244E-03  0.000E+00  0.000E+00
  7.244E-03  7.264E-03  0.000E+00  0.000E+00
  7.264E-03  7.284E-03  0.000E+00  0.000E+00
  7.284E-03  7.304E-03  0.000E+00  0.000E+00
  7.304E-03  7.324E-03  0.000E+00  0.000E+00
  7.324E-03  7.344E-03  0.000E+00  0.000E+00
  7.344E-03  7.364E-03  0.000E+00  0.000E+00
  7.364E-03  7.383E-03  0.000E+00  0.000E+00
  7.383E-03  7.403E-03  0.000E+00  0.000E+00
  7.403E-03  7.423E-03  0.000E+00  0.000E+00
  7.423E-03  7.443E-03  0.000E+00  0.000E+00
  7.443E-03  7.463E-03  0.000E+00  0.000E+00
  7.463E-03  7.483E-03  0.000E+00  0.000E+00
  7.483E-03  7.503E-03  0.000E+00  0.000E+00
  7.503E-03  7.523E-03  0.000E+00  0.000E+00
  7.523E-03  7.543E-03  0.000E+00  0.000E+00
  7.543E-03  7.562E-03  0.000E+00  0.000E+00
  7.562E-03  7.582E-03  0.000E+00  0.000E+00
  7.582E-03  7.602E-03  0.000E+00  0.000E+00
  7.602E-03  7.622E-03  0.000E+00  0.000E+00
  7.622E-03  7.642E-03  0.000E+00  0.000E+00
  7.642E-03  7.662E-03  0.000E+00  0.000E+00
  7.662E-03  7.682E-03  0.000E+00  0.000E+00
  7.682E-03  7.702E-03  0.000E+00  0.000E+00
  7.702E-03  7.722E-03  0.000E+00  0.000E+00
  7.722E-03  7.742E-03  0.000E+00  0.000E+00
  7.742E-03  7.761E-03  0.000E+00  0.000E+00
  7.761E-03  7.781E-03  0.000E+00  0.000E+00
  7.781E-03  7.801E-03  0.000E+00  0.000E+00
  7.801E-03  7.821E-03  0.000E+00  0.000E+00
  7.821E-03  7.841E-03  0.000E+00  0.000E+00
  7.841E-03  7.861E-03  0.000E+00  0.000E+00
  7.861E-03  7.881E-03  0.000E+00  0.000E+00
  7.881E-03  7.901E-03  0.000E+00  0.000E+00
  7.901E-03  7.921E-03  0.000E+00  0.000E+00
  7.921E-03  7.941E-03  0.000E+00  0.000E+00
  7.941E-03  7.961E-03  0.000E+00  0.000E+00
  7.961E-03  7.980E-03  0.000E+00  0.000E+00
  7.980E-03  8.000E-03  0.000E+00  0.000E+00
  8.000E-03  8.020E-03  0.000E+00  0.000E+00
  8.020E-03  8.040E-03  0.000E+00  0.000E+00
  8.040E-03  8.060E-03  0.000E+00  0.000E+00
  8.060E-03  8.080E-03  0.000E+00  0.000E+00
  8.080E-03  8.100E-03  0.000E+00  0.000E+00
  8.100E-03  8.120E-03  0.000E+00  0.000E+00
  8.120E-03  8.140E-03  0.000E+00  0.000E+00
  8.140E-03  8.159E-03  0.000E+00  0.000E+00
  8.159E-03  8.179E-03  0.000E+00  0.000E+00
  8.179E-03  8.199E-03  0.000E+00  0.000E+00
  8.199E-03  8.219E-03  0.000E+00  0.000E+00
  8.219E-03  8.239E-03  0.000E+00  0.000E+00
  8.239E-03  8.259E-03  0.000E+00  0.000E+00
  8.259E-03  8.279E-03  0.000E+00  0.000E+00
  8.279E-03  8.299E-03  0.000E+00  0.000E+00
  8.299E-03  8.319E-03  0.000E+00  0.000E+00
  8.319E-03  8.339E-03  0.000E+00  0.000E+00
  8.339E-03  8.358E-03  0.000E+00  0.000E+00
  8.358E-03  8.378E-03  0.000E+00  0.000E+00
  8.378E-03  8.398E-03  0.000E+00  0.000E+00
  8.398E-03  8.418E-03  0.000E+00  0.000E+00
  8.418E-03  8.438E-03  0.000E+00  0.000E+00
  8.438E-03  8.458E-03  0.000E+00  0.000E+00
  8.458E-03  8.478E-03  0.000E+00  0.000E+00
  8.478E-03  8.498E-03  0.000E+00  0.000E+00
  8.498E-03  8.518E-03  0.000E+00  0.000E+00
  8.518E-03  8.538E-03  0.000E+00  0.000E+00
  8.538E-03  8.558E-03  0.000E+00  0.000E+00
  8.558E-03  8.577E-03  0.000E+00  0.000E+00
  8.577E-03  8.597E-03  0.000E+00  0.000E+00
  8.597E-03  8.617E-03  0.000E+00  0.000E+00
  8.617E-03  8.637E-03  0.000E+00  0.000E+00
  8.637E-03  8.657E-03  0.000E+00  0.000E+00
  8.657E-03  8.677E-03  0.000E+00  0.000E+00
  8.677E-03  8.697E-03  0.000E+00  0.000E+00
  8.697E-03  8.717E-03  0.000E+00  0.000E+00
  8.717E-03  8.737E-03  0.000E+00  0.000E+00
  8.737E-03  8.756E-03  0.000E+00  0.000E+00
  8.756E-03  8.776E-03  0.000E+00  0.000E+00
  8.776E-03  8.796E-03  0.000E+00  0.000E+00
  8.796E-03  8.816E-03  0.000E+00  0.000E+00
  8.816E-03  8.836E-03  0.000E+00  0.000E+00
  8.836E-03  8.856E-03  0.000E+00  0.000E+00
  8.856E-03  8.876E-03  0.000E+00  0.000E+00
  8.876E-03  8.896E-03  0.000E+00  0.000E+00
  8.896E-03  8.916E-03  0.000E+00  0.000E+00
  8.916E-03  8.936E-03  0.000E+00  0.000E+00
  8.936E-03  8.956E-03  0.000E+00  0.000E+00
  8.956E-03  8.975E-03  0.000E+00  0.000E+00
  8.975E-03  8.995E-03  0.000E+00  0.000E+00
  8.995E-03  9.015E-03  0.000E+00  0.000E+00
  9.015E-03  9.035E-03  0.000E+00  0.000E+00
  9.035E-03  9.055E-03  0.000E+00  0.000E+00
  9.055E-03  9.075E-03  0.000E+00  0.000E+00
  9.075E-03  9.095E-03  0.000E+00  0.000E+00
  9.095E-03  9.115E-03  0.000E+00  0.000E+00
  9.115E-03  9.135E-03  0.000E+00  0.000E+00
  9.135E-03  9.155E-03  0.000E+00  0.000E+00
  9.155E-03  9.174E-03  0.000E+00  0.000E+00
  9.174E-03  9.194E-03  0.000E+00  0.000E+00
  9.194E-03  9.214E-03  0.000E+00  0.000E+00
  9.214E-03  9.234E-03  0.000E+00  0.000E+00
  9.234E-03  9.254E-03  0.000E+00  0.000E+00
  9.254E-03  9.274E-03  0.000E+00  0.000E+00
  9.274E-03  9.294E-03  0.000E+00  0.000E+00
  9.294E-03  9.314E-03  0.000E+00  0.000E+00
  9.314E-03  9.334E-03  0.000E+00  0.000E+00
  9.334E-03  9.353E-03  0.000E+00  0.000E+00
  9.353E-03  9.373E-03  0.000E+00  0.000E+00
  9.373E-03  9.393E-03  0.000E+00  0.000E+00
  9.393E-03  9.413E-03  0.000E+00  0.000E+00
  9.413E-03  9.433E-03  0.000E+00  0.000E+00
  9.433E-03  9.453E-03  0.000E+00  0.000E+00
  9.453E-03  9.473E-03  0.000E+00  0.000E+00
  9.473E-03  9.493E-03  0.000E+00  0.000E+00
  9.493E-03  9.513E-03  0.000E+00  0.000E+00
  9.513E-03  9.533E-03  0.000E+00  0.000E+00
  9.533E-03  9.553E-03  0.000E+00  0.000E+00
  9.553E-03  9.572E-03  0.000E+00  0.000E+00
  9.572E-03  9.592E-03  0.000E+00  0.000E+00
  9.592E-03  9.612E-03  0.000E+00  0.000E+00
  9.612E-03  9.632E-03  0.000E+00  0.000E+00
  9.632E-03  9.652E-03  0.000E+00  0.000E+00
  9.652E-03  9.672E-03  0.000E+00  0.000E+00
  9.672E-03  9.692E-03  0.000E+00  0.000E+00
  9.692E-03  9.712E-03  0.000E+00  0.000E+00
  9.712E-03  9.732E-03  0.000E+00  0.000E+00
  9.732E-03  9.752E-03  0.000E+00  0.000E+00
  9.752E-03  9.771E-03  0.000E+00  0.000E+00
  9.771E-03  9.791E-03  6.432E+01  9.900E+01
  9.791E-03  9.811E-03  0.000E+00  0.000E+00
  9.811E-03  9.831E-03  0.000E+00  0.000E+00
  9.831E-03  9.851E-03  0.000E+00  0.000E+00
  9.851E-03  9.871E-03  0.000E+00  0.000E+00
  9.871E-03  9.891E-03  0.000E+00  0.000E+00
  9.891E-03  9.911E-03  0.000E+00  0.000E+00
  9.911E-03  9.931E-03  0.000E+00  0.000E+00
  9.931E-03  9.950E-03  0.000E+00  0.000E+00
  9.950E-03  9.970E-03  0.000E+00  0.000E+00
  9.970E-03  9.990E-03  0.000E+00  0.000E+00
  9.990E-03  1.001E-02  0.000E+00  0.000E+00
  1.001E-02  1.003E-02  0.000E+00  0.000E+00
  1.003E-02  1.005E-02  0.000E+00  0.000E+00
  1.005E-02  1.007E-02  0.000E+00  0.000E+00
  1.007E-02  1.009E-02  0.000E+00  0.000E+00
  1.009E-02  1.011E-02  0.000E+00  0.000E+00
  1.011E-02  1.013E-02  0.000E+00  0.000E+00
  1.013E-02  1.015E-02  0.000E+00  0.000E+00
  1.015E-02  1.017E-02  0.000E+00  0.000E+00
  1.017E-02  1.019E-02  0.000E+00  0.000E+00
  1.019E-02  1.021E-02  0.000E+00  0.000E+00
  1.021E-02  1.023E-02  0.000E+00  0.000E+00
  1.023E-02  1.025E-02  0.000E+00  0.000E+00
  1.025E-02  1.027E-02  0.000E+00  0.000E+00
  1.027E-02  1.029E-02  0.000E+00  0.000E+00
  1.029E-02  1.031E-02  0.000E+00  0.000E+00
  1.031E-02  1.033E-02  0.000E+00  0.000E+00
  1.033E-02  1.035E-02  0.000E+00  0.000E+00
  1.035E-02  1.037E-02  0.000E+00  0.000E+00
  1.037E-02  1.039E-02  0.000E+00  0.000E+00
  1.039E-02  1.041E-02  0.000E+00  0.000E+00
  1.041E-02  1.043E-02  0.000E+00  0.000E+00
  1.043E-02  1.045E-02  0.000E+00  0.000E+00
  1.045E-02  1.047E-02  0.000E+00  0.000E+00
  1.047E-02  1.049E-02  0.000E+00  0.000E+00
  1.049E-02  1.051E-02  0.000E+00  0.000E+00
  1.051E-02  1.053E-02  0.000E+00  0.000E+00
  1.053E-02  1.055E-02  0.000E+00  0.000E+00
  1.055E-02  1.057E-02  0.000E+00  0.000E+00
  1.057E-02  1.059E-02  0.000E+00  0.000E+00
  1.059E-02  1.061E-02  0.000E+00  0.000E+00
  1.061E-02  1.063E-02  0.000E+00  0.000E+00
  1.063E-02  1.065E-02  0.000E+00  0.000E+00
  1.065E-02  1.067E-02  0.000E+00  0.000E+00
  1.067E-02  1.069E-02  0.000E+00  0.000E+00
  1.069E-02  1.071E-02  0.000E+00  0.000E+00
  1.071E-02  1.073E-02  0.000E+00  0.000E+00
  1.073E-02  1.075E-02  0.000E+00  0.000E+00
  1.075E-02  1.077E-02  0.000E+00  0.000E+00
  1.077E-02  1.079E-02  0.000E+00  0.000E+00
  1.079E-02  1.081E-02  0.000E+00  0.000E+00
  1.081E-02  1.083E-02  0.000E+00  0.000E+00
  1.083E-02  1.085E-02  0.000E+00  0.000E+00
  1.085E-02  1.087E-02  0.000E+00  0.000E+00
  1.087E-02  1.089E-02  0.000E+00  0.000E+00
  1.089E-02  1.091E-02  0.000E+00  0.000E+00
  1.091E-02  1.093E-02  0.000E+00  0.000E+00
  1.093E-02  1.095E-02  0.000E+00  0.000E+00
  1.095E-02  1.097E-02  0.000E+00  0.000E+00
  1.097E-02  1.099E-02  0.000E+00  0.000E+00
  1.099E-02  1.101E-02  0.000E+00  0.000E+00
  1.101E-02  1.103E-02  0.000E+00  0.000E+00
  1.103E-02  1.105E-02  0.000E+00  0.000E+00
  1.105E-02  1.106E-02  0.000E+00  0.000E+00
  1.106E-02  1.108E-02  0.000E+00  0.000E+00
  1.108E-02  1.110E-02  0.000E+00  0.000E+00
  1.110E-02  1.112E-02  0.000E+00  0.000E+00
  1.112E-02  1.114E-02  0.000E+00  0.000E+00
  1.114E-02  1.116E-02  0.000E+00  0.000E+00
  1.116E-02  1.118E-02  0.000E+00  0.000E+00
  1.118E-02  1.120E-02  0.000E+00  0.000E+00
  1.120E-02  1.122E-02  0.000E+00  0.000E+00
  1.122E-02  1.124E-02  0.000E+00  0.000E+00
  1.124E-02  1.126E-02  0.000E+00  0.000E+00
  1.126E-02  1.128E-02  0.000E+00  0.000E+00
  1.128E-02  1.130E-02  0.000E+00  0.000E+00
  1.130E-02  1.132E-02  0.000E+00  0.000E+00
  1.132E-02  1.134E-02  0.000E+00  0.000E+00
  1.134E-02  1.136E-02  0.000E+00  0.000E+00
  1.136E-02  1.138E-02  0.000E+00  0.000E+00
  1.138E-02  1.140E-02  0.000E+00  0.000E+00
  1.140E-02  1.142E-02  0.000E+00  0.000E+00
  1.142E-02  1.144E-02  0.000E+00  0.000E+00
  1.144E-02  1.146E-02  0.000E+00  0.000E+00
  1.146E-02  1.148E-02  0.000E+00  0.000E+00
  1.148E-02  1.150E-02  0.000E+00  0.000E+00
  1.150E-02  1.152E-02  0.000E+00  0.000E+00
  1.152E-02  1.154E-02  0.000E+00  0.000E+00
  1.154E-02  1.156E-02  0.000E+00  0.000E+00
  1.156E-02  1.158E-02  0.000E+00  0.000E+00
  1.158E-02  1.160E-02  0.000E+00  0.000E+00
  1.160E-02  1.162E-02  0.000E+00  0.000E+00
  1.162E-02  1.164E-02  0.000E+00  0.000E+00
  1.164E-02  1.166E-02  0.000E+00  0.000E+00
  1.166E-02  1.168E-02  0.000E+00  0.000E+00
  1.168E-02  1.170E-02  0.000E+00  0.000E+00
  1.170E-02  1.172E-02  0.000E+00  0.000E+00
  1.172E-02  1.174E-02  0.000E+00  0.000E+00
  1.174E-02  1.176E-02  0.000E+00  0.000E+00
  1.176E-02  1.178E-02  0.000E+00  0.000E+00
  1.178E-02  1.180E-02  0.000E+00  0.000E+00
  1.180E-02  1.182E-02  0.000E+00  0.000E+00
  1.182E-02  1.184E-02  0.000E+00  0.000E+00
  1.184E-02  1.186E-02  0.000E+00  0.000E+00
  1.186E-02  1.188E-02  0.000E+00  0.000E+00
  1.188E-02  1.190E-02  0.000E+00  0.000E+00
  1.190E-02  1.192E-02  0.000E+00  0.000E+00
  1.192E-02  1.194E-02  0.000E+00  0.000E+00
  1.194E-02  1.196E-02  0.000E+00  0.000E+00
  1.196E-02  1.198E-02  0.000E+00  0.000E+00
  1.198E-02  1.200E-02  0.000E+00  0.000E+00
  1.200E-02  1.202E-02  0.000E+00  0.000E+00
  1.202E-02  1.204E-02  0.000E+00  0.000E+00
  1.204E-02  1.206E-02  0.000E+00  0.000E+00
  1.206E-02  1.208E-02  0.000E+00  0.000E+00
  1.208E-02  1.210E-02  0.000E+00  0.000E+00
  1.210E-02  1.212E-02  0.000E+00  0.000E+00
  1.212E-02  1.214E-02  0.000E+00  0.000E+00
  1.214E-02  1.216E-02  0.000E+00  0.000E+00
  1.216E-02  1.218E-02  0.000E+00  0.000E+00
  1.218E-02  1.220E-02  0.000E+00  0.000E+00
  1.220E-02  1.222E-02  0.000E+00  0.000E+00
  1.222E-02  1.224E-02  0.000E+00  0.000E+00
  1.224E-02  1.226E-02  0.000E+00  0.000E+00
  1.226E-02  1.228E-02  0.000E+00  0.000E+00
  1.228E-02  1.230E-02  0.000E+00  0.000E+00
  1.230E-02  1.232E-02  0.000E+00  0.000E+00
  1.232E-02  1.234E-02  0.000E+00  0.000E+00
  1.234E-02  1.236E-02  0.000E+00  0.000E+00
  1.236E-02  1.238E-02  0.000E+00  0.000E+00
  1.238E-02  1.240E-02  0.000E+00  0.000E+00
  1.240E-02  1.242E-02  0.000E+00  0.000E+00
  1.242E-02  1.244E-02  0.000E+00  0.000E+00
  1.244E-02  1.246E-02  0.000E+00  0.000E+00
  1.246E-02  1.248E-02  0.000E+00  0.000E+00
  1.248E-02  1.250E-02  0.000E+00  0.000E+00
  1.250E-02  1.252E-02  0.000E+00  0.000E+00
  1.252E-02  1.254E-02  0.000E+00  0.000E+00
  1.254E-02  1.256E-02  0.000E+00  0.000E+00
  1.256E-02  1.258E-02  0.000E+00  0.000E+00
  1.258E-02  1.260E-02  0.000E+00  0.000E+00
  1.260E-02  1.262E-02  0.000E+00  0.000E+00
  1.262E-02  1.264E-02  0.000E+00  0.000E+00
  1.264E-02  1.266E-02  0.000E+00  0.000E+00
  1.266E-02  1.268E-02  0.000E+00  0.000E+00
  1.268E-02  1.270E-02  0.000E+00  0.000E+00
  1.270E-02  1.272E-02  0.000E+00  0.000E+00
  1.272E-02  1.274E-02  0.000E+00  0.000E+00
  1.274E-02  1.276E-02  0.000E+00  0.000E+00
  1.276E-02  1.278E-02  0.000E+00  0.000E+00
  1.278E-02  1.280E-02  0.000E+00  0.000E+00
  1.280E-02  1.282E-02  0.000E+00  0.000E+00
  1.282E-02  1.284E-02  0.000E+00  0.000E+00
  1.284E-02  1.286E-02  0.000E+00  0.000E+00
  1.286E-02  1.288E-02  0.000E+00  0.000E+00
  1.288E-02  1.290E-02  0.000E+00  0.000E+00
  1.290E-02  1.292E-02  0.000E+00  0.000E+00
  1.292E-02  1.294E-02  0.000E+00  0.000E+00
  1.294E-02  1.296E-02  0.000E+00  0.000E+00
  1.296E-02  1.298E-02  0.000E+00  0.000E+00
  1.298E-02  1.300E-02  0.000E+00  0.000E+00
  1.300E-02  1.302E-02  0.000E+00  0.000E+00
  1.302E-02  1.304E-02  0.000E+00  0.000E+00
  1.304E-02  1.305E-02  0.000E+00  0.000E+00
  1.305E-02  1.307E-02  0.000E+00  0.000E+00
  1.307E-02  1.309E-02  0.000E+00  0.000E+00
  1.309E-02  1.311E-02  0.000E+00  0.000E+00
  1.311E-02  1.313E-02  0.000E+00  0.000E+00
  1.313E-02  1.315E-02  0.000E+00  0.000E+00
  1.315E-02  1.317E-02  0.000E+00  0.000E+00
  1.317E-02  1.319E-02  0.000E+00  0.000E+00
  1.319E-02  1.321E-02  0.000E+00  0.000E+00
  1.321E-02  1.323E-02  0.000E+00  0.000E+00
  1.323E-02  1.325E-02  0.000E+00  0.000E+00
  1.325E-02  1.327E-02  0.000E+00  0.000E+00
  1.327E-02  1.329E-02  0.000E+00  0.000E+00
  1.329E-02  1.331E-02  0.000E+00  0.000E+00
  1.331E-02  1.333E-02  0.000E+00  0.000E+00
  1.333E-02  1.335E-02  0.000E+00  0.000E+00
  1.335E-02  1.337E-02  0.000E+00  0.000E+00
  1.337E-02  1.339E-02  0.000E+00  0.000E+00
  1.339E-02  1.341E-02  0.000E+00  0.000E+00
  1.341E-02  1.343E-02  0.000E+00  0.000E+00
  1.343E-02  1.345E-02  0.000E+00  0.000E+00
  1.345E-02  1.347E-02  0.000E+00  0.000E+00
  1.347E-02  1.349E-02  0.000E+00  0.000E+00
  1.349E-02  1.351E-02  0.000E+00  0.000E+00
  1.351E-02  1.353E-02  0.000E+00  0.000E+00
  1.353E-02  1.355E-02  0.000E+00  0.000E+00
  1.355E-02  1.357E-02  0.000E+00  0.000E+00
  1.357E-02  1.359E-02  0.000E+00  0.000E+00
  1.359E-02  1.361E-02  0.000E+00  0.000E+00
  1.361E-02  1.363E-02  0.000E+00  0.000E+00
  1.363E-02  1.365E-02  0.000E+00  0.000E+00
  1.365E-02  1.367E-02  0.000E+00  0.000E+00
  1.367E-02  1.369E-02  0.000E+00  0.000E+00
  1.369E-02  1.371E-02  0.000E+00  0.000E+00
  1.371E-02  1.373E-02  0.000E+00  0.000E+00
  1.373E-02  1.375E-02  0.000E+00  0.000E+00
  1.375E-02  1.377E-02  0.000E+00  0.000E+00
  1.377E-02  1.379E-02  0.000E+00  0.000E+00
  1.379E-02  1.381E-02  0.000E+00  0.000E+00
  1.381E-02  1.383E-02  0.000E+00  0.000E+00
  1.383E-02  1.385E-02  0.000E+00  0.000E+00
  1.385E-02  1.387E-02  0.000E+00  0.000E+00
  1.387E-02  1.389E-02  0.000E+00  0.000E+00
  1.389E-02  1.391E-02  0.000E+00  0.000E+00
  1.391E-02  1.393E-02  0.000E+00  0.000E+00
  1.393E-02  1.395E-02  0.000E+00  0.000E+00
  1.395E-02  1.397E-02  0.000E+00  0.000E+00
  1.397E-02  1.399E-02  0.000E+00  0.000E+00
  1.399E-02  1.401E-02  0.000E+00  0.000E+00
  1.401E-02  1.403E-02  0.000E+00  0.000E+00
  1.403E-02  1.405E-02  0.000E+00  0.000E+00
  1.405E-02  1.407E-02  0.000E+00  0.000E+00
  1.407E-02  1.409E-02  0.000E+00  0.000E+00
  1.409E-02  1.411E-02  0.000E+00  0.000E+00
  1.411E-02  1.413E-02  0.000E+00  0.000E+00
  1.413E-02  1.415E-02  0.000E+00  0.000E+00
  1.415E-02  1.417E-02  0.000E+00  0.000E+00
  1.417E-02  1.419E-02  0.000E+00  0.000E+00
  1.419E-02  1.421E-02  0.000E+00  0.000E+00
  1.421E-02  1.423E-02  0.000E+00  0.000E+00
  1.423E-02  1.425E-02  0.000E+00  0.000E+00
  1.425E-02  1.427E-02  0.000E+00  0.000E+00
  1.427E-02  1.429E-02  0.000E+00  0.000E+00
  1.429E-02  1.431E-02  0.000E+00  0.000E+00
  1.431E-02  1.433E-02  0.000E+00  0.000E+00
  1.433E-02  1.435E-02  0.000E+00  0.000E+00
  1.435E-02  1.437E-02  0.000E+00  0.000E+00
  1.437E-02  1.439E-02  0.000E+00  0.000E+00
  1.439E-02  1.441E-02  0.000E+00  0.000E+00
  1.441E-02  1.443E-02  0.000E+00  0.000E+00
  1.443E-02  1.445E-02  0.000E+00  0.000E+00
  1.445E-02  1.447E-02  0.000E+00  0.000E+00
  1.447E-02  1.449E-02  0.000E+00  0.000E+00
  1.449E-02  1.451E-02  0.000E+00  0.000E+00
  1.451E-02  1.453E-02  0.000E+00  0.000E+00
  1.453E-02  1.455E-02  0.000E+00  0.000E+00
  1.455E-02  1.457E-02  0.000E+00  0.000E+00
  1.457E-02  1.459E-02  0.000E+00  0.000E+00
  1.459E-02  1.461E-02  0.000E+00  0.000E+00
  1.461E-02  1.463E-02  0.000E+00  0.000E+00
  1.463E-02  1.465E-02  0.000E+00  0.000E+00
  1.465E-02  1.467E-02  0.000E+00  0.000E+00
  1.467E-02  1.469E-02  0.000E+00  0.000E+00
  1.469E-02  1.471E-02  0.000E+00  0.000E+00
  1.471E-02  1.473E-02  0.000E+00  0.000E+00
  1.473E-02  1.475E-02  0.000E+00  0.000E+00
  1.475E-02  1.477E-02  0.000E+00  0.000E+00
  1.477E-02  1.479E-02  0.000E+00  0.000E+00
  1.479E-02  1.481E-02  0.000E+00  0.000E+00
  1.481E-02  1.483E-02  0.000E+00  0.000E+00
  1.483E-02  1.485E-02  0.000E+00  0.000E+00
  1.485E-02  1.487E-02  0.000E+00  0.000E+00
  1.487E-02  1.489E-02  0.000E+00  0.000E+00
  1.489E-02  1.491E-02  0.000E+00  0.000E+00
  1.491E-02  1.493E-02  0.000E+00  0.000E+00
  1.493E-02  1.495E-02  0.000E+00  0.000E+00
  1.495E-02  1.497E-02  0.000E+00  0.000E+00
  1.497E-02  1.499E-02  0.000E+00  0.000E+00
  1.499E-02  1.501E-02  0.000E+00  0.000E+00
  1.501E-02  1.503E-02  0.000E+00  0.000E+00
  1.503E-02  1.504E-02  0.000E+00  0.000E+00
  1.504E-02  1.506E-02  0.000E+00  0.000E+00
  1.506E-02  1.508E-02  0.000E+00  0.000E+00
  1.508E-02  1.510E-02  0.000E+00  0.000E+00
  1.510E-02  1.512E-02  0.000E+00  0.000E+00
  1.512E-02  1.514E-02  0.000E+00  0.000E+00
  1.514E-02  1.516E-02  0.000E+00  0.000E+00
  1.516E-02  1.518E-02  0.000E+00  0.000E+00
  1.518E-02  1.520E-02  0.000E+00  0.000E+00
  1.520E-02  1.522E-02  0.000E+00  0.000E+00
  1.522E-02  1.524E-02  0.000E+00  0.000E+00
  1.524E-02  1.526E-02  0.000E+00  0.000E+00
  1.526E-02  1.528E-02  0.000E+00  0.000E+00
  1.528E-02  1.530E-02  0.000E+00  0.000E+00
  1.530E-02  1.532E-02  0.000E+00  0.000E+00
  1.532E-02  1.534E-02  0.000E+00  0.000E+00
  1.534E-02  1.536E-02  0.000E+00  0.000E+00
  1.536E-02  1.538E-02  0.000E+00  0.000E+00
  1.538E-02  1.540E-02  0.000E+00  0.000E+00
  1.540E-02  1.542E-02  0.000E+00  0.000E+00
  1.542E-02  1.544E-02  0.000E+00  0.000E+00
  1.544E-02  1.546E-02  0.000E+00  0.000E+00
  1.546E-02  1.548E-02  0.000E+00  0.000E+00
  1.548E-02  1.550E-02  0.000E+00  0.000E+00
  1.550E-02  1.552E-02  0.000E+00  0.000E+00
  1.552E-02  1.554E-02  0.000E+00  0.000E+00
  1.554E-02  1.556E-02  0.000E+00  0.000E+00
  1.556E-02  1.558E-02  0.000E+00  0.000E+00
  1.558E-02  1.560E-02  0.000E+00  0.000E+00
  1.560E-02  1.562E-02  0.000E+00  0.000E+00
  1.562E-02  1.564E-02  0.000E+00  0.000E+00
  1.564E-02  1.566E-02  0.000E+00  0.000E+00
  1.566E-02  1.568E-02  0.000E+00  0.000E+00
  1.568E-02  1.570E-02  0.000E+00  0.000E+00
  1.570E-02  1.572E-02  0.000E+00  0.000E+00
  1.572E-02  1.574E-02  0.000E+00  0.000E+00
  1.574E-02  1.576E-02  0.000E+00  0.000E+00
  1.576E-02  1.578E-02  0.000E+00  0.000E+00
  1.578E-02  1.580E-02  0.000E+00  0.000E+00
  1.580E-02  1.582E-02  0.000E+00  0.000E+00
  1.582E-02  1.584E-02  0.000E+00  0.000E+00
  1.584E-02  1.586E-02  0.000E+00  0.000E+00
  1.586E-02  1.588E-02  0.000E+00  0.000E+00
  1.588E-02  1.590E-02  0.000E+00  0.000E+00
  1.590E-02  1.592E-02  0.000E+00  0.000E+00
  1.592E-02  1.594E-02  0.000E+00  0.000E+00
  1.594E-02  1.596E-02  0.000E+00  0.000E+00
  1.596E-02  1.598E-02  0.000E+00  0.000E+00
  1.598E-02  1.600E-02  0.000E+00  0.000E+00
  1.600E-02  1.602E-02  0.000E+00  0.000E+00
  1.602E-02  1.604E-02  0.000E+00  0.000E+00
  1.604E-02  1.606E-02  0.000E+00  0.000E+00
  1.606E-02  1.608E-02  0.000E+00  0.000E+00
  1.608E-02  1.610E-02  0.000E+00  0.000E+00
  1.610E-02  1.612E-02  0.000E+00  0.000E+00
  1.612E-02  1.614E-02  0.000E+00  0.000E+00
  1.614E-02  1.616E-02  0.000E+00  0.000E+00
  1.616E-02  1.618E-02  0.000E+00  0.000E+00
  1.618E-02  1.620E-02  0.000E+00  0.000E+00
  1.620E-02  1.622E-02  0.000E+00  0.000E+00
  1.622E-02  1.624E-02  0.000E+00  0.000E+00
  1.624E-02  1.626E-02  0.000E+00  0.000E+00
  1.626E-02  1.628E-02  0.000E+00  0.000E+00
  1.628E-02  1.630E-02  0.000E+00  0.000E+00
  1.630E-02  1.632E-02  0.000E+00  0.000E+00
  1.632E-02  1.634E-02  0.000E+00  0.000E+00
  1.634E-02  1.636E-02  0.000E+00  0.000E+00
  1.636E-02  1.638E-02  0.000E+00  0.000E+00
  1.638E-02  1.640E-02  0.000E+00  0.000E+00
  1.640E-02  1.642E-02  0.000E+00  0.000E+00
  1.642E-02  1.644E-02  0.000E+00  0.000E+00
  1.644E-02  1.646E-02  0.000E+00  0.000E+00
  1.646E-02  1.648E-02  0.000E+00  0.000E+00
  1.648E-02  1.650E-02  0.000E+00  0.000E+00
  1.650E-02  1.652E-02  0.000E+00  0.000E+00
  1.652E-02  1.654E-02  0.000E+00  0.000E+00
  1.654E-02  1.656E-02  0.000E+00  0.000E+00
  1.656E-02  1.658E-02  0.000E+00  0.000E+00
  1.658E-02  1.660E-02  0.000E+00  0.000E+00
  1.660E-02  1.662E-02  0.000E+00  0.000E+00
  1.662E-02  1.664E-02  0.000E+00  0.000E+00
  1.664E-02  1.666E-02  0.000E+00  0.000E+00
  1.666E-02  1.668E-02  0.000E+00  0.000E+00
  1.668E-02  1.670E-02  0.000E+00  0.000E+00
  1.670E-02  1.672E-02  0.000E+00  0.000E+00
  1.672E-02  1.674E-02  0.000E+00  0.000E+00
  1.674E-02  1.676E-02  0.000E+00  0.000E+00
  1.676E-02  1.678E-02  0.000E+00  0.000E+00
  1.678E-02  1.680E-02  0.000E+00  0.000E+00
  1.680E-02  1.682E-02  0.000E+00  0.000E+00
  1.682E-02  1.684E-02  0.000E+00  0.000E+00
  1.684E-02  1.686E-02  0.000E+00  0.000E+00
  1.686E-02  1.688E-02  0.000E+00  0.000E+00
  1.688E-02  1.690E-02  0.000E+00  0.000E+00
  1.690E-02  1.692E-02  0.000E+00  0.000E+00
  1.692E-02  1.694E-02  0.000E+00  0.000E+00
  1.694E-02  1.696E-02  0.000E+00  0.000E+00
  1.696E-02  1.698E-02  0.000E+00  0.000E+00
  1.698E-02  1.700E-02  0.000E+00  0.000E+00
  1.700E-02  1.702E-02  0.000E+00  0.000E+00
  1.702E-02  1.703E-02  0.000E+00  0.000E+00
  1.703E-02  1.705E-02  0.000E+00  0.000E+00
  1.705E-02  1.707E-02  0.000E+00  0.000E+00
  1.707E-02  1.709E-02  0.000E+00  0.000E+00
  1.709E-02  1.711E-02  0.000E+00  0.000E+00
  1.711E-02  1.713E-02  0.000E+00  0.000E+00
  1.713E-02  1.715E-02  0.000E+00  0.000E+00
  1.715E-02  1.717E-02  0.000E+00  0.000E+00
  1.717E-02  1.719E-02  0.000E+00  0.000E+00
  1.719E-02  1.721E-02  0.000E+00  0.000E+00
  1.721E-02  1.723E-02  0.000E+00  0.000E+00
  1.723E-02  1.725E-02  0.000E+00  0.000E+00
  1.725E-02  1.727E-02  0.000E+00  0.000E+00
  1.727E-02  1.729E-02  0.000E+00  0.000E+00
  1.729E-02  1.731E-02  0.000E+00  0.000E+00
  1.731E-02  1.733E-02  0.000E+00  0.000E+00
  1.733E-02  1.735E-02  0.000E+00  0.000E+00
  1.735E-02  1.737E-02  0.000E+00  0.000E+00
  1.737E-02  1.739E-02  0.000E+00  0.000E+00
  1.739E-02  1.741E-02  0.000E+00  0.000E+00
  1.741E-02  1.743E-02  0.000E+00  0.000E+00
  1.743E-02  1.745E-02  0.000E+00  0.000E+00
  1.745E-02  1.747E-02  0.000E+00  0.000E+00
  1.747E-02  1.749E-02  0.000E+00  0.000E+00
  1.749E-02  1.751E-02  0.000E+00  0.000E+00
  1.751E-02  1.753E-02  0.000E+00  0.000E+00
  1.753E-02  1.755E-02  0.000E+00  0.000E+00
  1.755E-02  1.757E-02  0.000E+00  0.000E+00
  1.757E-02  1.759E-02  0.000E+00  0.000E+00
  1.759E-02  1.761E-02  0.000E+00  0.000E+00
  1.761E-02  1.763E-02  6.398E+01  9.900E+01
  1.763E-02  1.765E-02  6.398E+01  9.900E+01
  1.765E-02  1.767E-02  1.280E+02  9.900E+01
  1.767E-02  1.769E-02  6.399E+01  9.900E+01
  1.769E-02  1.771E-02  1.920E+02  9.900E+01
  1.771E-02  1.773E-02  4.479E+02  9.900E+01
  1.773E-02  1.775E-02  8.318E+02  9.900E+01
  1.775E-02  1.777E-02  3.199E+02  9.900E+01
  1.777E-02  1.779E-02  7.039E+02  9.900E+01
  1.779E-02  1.781E-02  6.398E+02  9.900E+01
  1.781E-02  1.783E-02  1.024E+03  9.900E+01
  1.783E-02  1.785E-02  1.408E+03  9.900E+01
  1.785E-02  1.787E-02  1.344E+03  9.900E+01
  1.787E-02  1.789E-02  1.152E+03  9.900E+01
  1.789E-02  1.791E-02  1.344E+03  9.900E+01
  1.791E-02  1.793E-02  1.088E+03  9.900E+01
  1.793E-02  1.795E-02  7.038E+02  9.900E+01
  1.795E-02  1.797E-02  5.760E+02  9.900E+01
  1.797E-02  1.799E-02  6.399E+02  9.900E+01
  1.799E-02  1.801E-02  8.318E+02  9.900E+01
  1.801E-02  1.803E-02  1.920E+02  9.900E+01
  1.803E-02  1.805E-02  1.280E+02  9.900E+01
  1.805E-02  1.807E-02  1.920E+02  9.900E+01
  1.807E-02  1.809E-02  6.399E+01  9.900E+01
  1.809E-02  1.811E-02  1.280E+02  9.900E+01
  1.811E-02  1.813E-02  0.000E+00  0.000E+00
  1.813E-02  1.815E-02  0.000E+00  0.000E+00
  1.815E-02  1.817E-02  0.000E+00  0.000E+00
  1.817E-02  1.819E-02  0.000E+00  0.000E+00
  1.819E-02  1.821E-02  0.000E+00  0.000E+00
  1.821E-02  1.823E-02  0.000E+00  0.000E+00
  1.823E-02  1.825E-02  0.000E+00  0.000E+00
  1.825E-02  1.827E-02  0.000E+00  0.000E+00
  1.827E-02  1.829E-02  0.000E+00  0.000E+00
  1.829E-02  1.831E-02  0.000E+00  0.000E+00
  1.831E-02  1.833E-02  0.000E+00  0.000E+00
  1.833E-02  1.835E-02  0.000E+00  0.000E+00
  1.835E-02  1.837E-02  0.000E+00  0.000E+00
  1.837E-02  1.839E-02  0.000E+00  0.000E+00
  1.839E-02  1.841E-02  0.000E+00  0.000E+00
  1.841E-02  1.843E-02  0.000E+00  0.000E+00
  1.843E-02  1.845E-02  0.000E+00  0.000E+00
  1.845E-02  1.847E-02  0.000E+00  0.000E+00
  1.847E-02  1.849E-02  0.000E+00  0.000E+00
  1.849E-02  1.851E-02  0.000E+00  0.000E+00
  1.851E-02  1.853E-02  0.000E+00  0.000E+00
  1.853E-02  1.855E-02  0.000E+00  0.000E+00
  1.855E-02  1.857E-02  0.000E+00  0.000E+00
  1.857E-02  1.859E-02  0.000E+00  0.000E+00
  1.859E-02  1.861E-02  0.000E+00  0.000E+00
  1.861E-02  1.863E-02  0.000E+00  0.000E+00
  1.863E-02  1.865E-02  0.000E+00  0.000E+00
  1.865E-02  1.867E-02  0.000E+00  0.000E+00
  1.867E-02  1.869E-02  0.000E+00  0.000E+00
  1.869E-02  1.871E-02  0.000E+00  0.000E+00
  1.871E-02  1.873E-02  0.000E+00  0.000E+00
  1.873E-02  1.875E-02  0.000E+00  0.000E+00
  1.875E-02  1.877E-02  0.000E+00  0.000E+00
  1.877E-02  1.879E-02  0.000E+00  0.000E+00
  1.879E-02  1.881E-02  0.000E+00  0.000E+00
  1.881E-02  1.883E-02  0.000E+00  0.000E+00
  1.883E-02  1.885E-02  0.000E+00  0.000E+00
  1.885E-02  1.887E-02  0.000E+00  0.000E+00
  1.887E-02  1.889E-02  0.000E+00  0.000E+00
  1.889E-02  1.891E-02  0.000E+00  0.000E+00
  1.891E-02  1.893E-02  0.000E+00  0.000E+00
  1.893E-02  1.895E-02  0.000E+00  0.000E+00
  1.895E-02  1.897E-02  0.000E+00  0.000E+00
  1.897E-02  1.899E-02  0.000E+00  0.000E+00
  1.899E-02  1.901E-02  0.000E+00  0.000E+00
  1.901E-02  1.902E-02  0.000E+00  0.000E+00
  1.902E-02  1.904E-02  0.000E+00  0.000E+00
  1.904E-02  1.906E-02  0.000E+00  0.000E+00
  1.906E-02  1.908E-02  0.000E+00  0.000E+00
  1.908E-02  1.910E-02  0.000E+00  0.000E+00
  1.910E-02  1.912E-02  0.000E+00  0.000E+00
  1.912E-02  1.914E-02  0.000E+00  0.000E+00
  1.914E-02  1.916E-02  0.000E+00  0.000E+00
  1.916E-02  1.918E-02  0.000E+00  0.000E+00
  1.918E-02  1.920E-02  0.000E+00  0.000E+00
  1.920E-02  1.922E-02  0.000E+00  0.000E+00
  1.922E-02  1.924E-02  0.000E+00  0.000E+00
  1.924E-02  1.926E-02  0.000E+00  0.000E+00
  1.926E-02  1.928E-02  0.000E+00  0.000E+00
  1.928E-02  1.930E-02  0.000E+00  0.000E+00
  1.930E-02  1.932E-02  0.000E+00  0.000E+00
  1.932E-02  1.934E-02  0.000E+00  0.000E+00
  1.934E-02  1.936E-02  0.000E+00  0.000E+00
  1.936E-02  1.938E-02  0.000E+00  0.000E+00
  1.938E-02  1.940E-02  0.000E+00  0.000E+00
  1.940E-02  1.942E-02  0.000E+00  0.000E+00
  1.942E-02  1.944E-02  0.000E+00  0.000E+00
  1.944E-02  1.946E-02  0.000E+00  0.000E+00
  1.946E-02  1.948E-02  0.000E+00  0.000E+00
  1.948E-02  1.950E-02  0.000E+00  0.000E+00
  1.950E-02  1.952E-02  0.000E+00  0.000E+00
  1.952E-02  1.954E-02  0.000E+00  0.000E+00
  1.954E-02  1.956E-02  0.000E+00  0.000E+00
  1.956E-02  1.958E-02  0.000E+00  0.000E+00
  1.958E-02  1.960E-02  0.000E+00  0.000E+00
  1.960E-02  1.962E-02  0.000E+00  0.000E+00
  1.962E-02  1.964E-02  0.000E+00  0.000E+00
  1.964E-02  1.966E-02  0.000E+00  0.000E+00
  1.966E-02  1.968E-02  0.000E+00  0.000E+00
  1.968E-02  1.970E-02  0.000E+00  0.000E+00
  1.970E-02  1.972E-02  0.000E+00  0.000E+00
  1.972E-02  1.974E-02  0.000E+00  0.000E+00
  1.974E-02  1.976E-02  0.000E+00  0.000E+00
  1.976E-02  1.978E-02  0.000E+00  0.000E+00
  1.978E-02  1.980E-02  0.000E+00  0.000E+00
  1.980E-02  1.982E-02  0.000E+00  0.000E+00
  1.982E-02  1.984E-02  0.000E+00  0.000E+00
  1.984E-02  1.986E-02  0.000E+00  0.000E+00
  1.986E-02  1.988E-02  0.000E+00  0.000E+00
  1.988E-02  1.990E-02  0.000E+00  0.000E+00
  1.990E-02  1.992E-02  0.000E+00  0.000E+00
  1.992E-02  1.994E-02  0.000E+00  0.000E+00
  1.994E-02  1.996E-02  0.000E+00  0.000E+00
  1.996E-02  1.998E-02  0.000E+00  0.000E+00
  1.998E-02  2.000E-02  0.000E+00  0.000E+00


 # double differential distributions
 # number of solid angle intervals           1
 # Block n:            1     0.00000000      :   6.28318548    
  1.000E-04  1.199E-04  0.000E+00  0.000E+00  0.000E+00  6.283E+00
  1.199E-04  1.398E-04  0.000E+00  0.000E+00  0.000E+00  6.283E+00
  1.398E-04  1.597E-04  0.000E+00  0.000E+00  0.000E+00  6.283E+00
  1.597E-04  1.796E-04  0.000E+00  0.000E+00  0.000E+00  6.283E+00
  1.796E-04  1.995E-04  0.000E+00  0.000E+00  0.000E+00  6.283E+00
  1.995E-04  2.194E-04  0.000E+00  0.000E+00  0.000E+00  6.283E+00
  2.194E-04  2.393E-04  0.000E+00  0.000E+00  0.000E+00  6.283E+00
  2.393E-04  2.592E-04  0.000E+00  0.000E+00  0.000E+00  6.283E+00
  2.592E-04  2.791E-04  0.000E+00  0.000E+00  0.000E+00  6.283E+00
  2.791E-04  2.990E-04  0.000E+00  0.000E+00  0.000E+00  6.283E+00
  2.990E-04  3.189E-04  0.000E+00  0.000E+00  0.000E+00  6.283E+00
  3.189E-04  3.388E-04  0.000E+00  0.000E+00  0.000E+00  6.283E+00
  3.388E-04  3.587E-04  0.000E+00  0.000E+00  0.000E+00  6.283E+00
  3.587E-04  3.786E-04  0.000E+00  0.000E+00  0.000E+00  6.283E+00
  3.786E-04  3.985E-04  0.000E+00  0.000E+00  0.000E+00  6.283E+00
  3.985E-04  4.184E-04  0.000E+00  0.000E+00  0.000E+00  6.283E+00
  4.184E-04  4.383E-04  0.000E+00  0.000E+00  0.000E+00  6.283E+00
  4.383E-04  4.582E-04  0.000E+00  0.000E+00  0.000E+00  6.283E+00
  4.582E-04  4.781E-04  0.000E+00  0.000E+00  0.000E+00  6.283E+00
  4.781E-04  4.980E-04  0.000E+00  0.000E+00  0.000E+00  6.283E+00
  4.980E-04  5.179E-04  0.000E+00  0.000E+00  0.000E+00  6.283E+00
  5.179E-04  5.378E-04  0.000E+00  0.000E+00  0.000E+00  6.283E+00
  5.378E-04  5.577E-04  0.000E+00  0.000E+00  0.000E+00  6.283E+00
  5.577E-04  5.776E-04  0.000E+00  0.000E+00  0.000E+00  6.283E+00
  5.776E-04  5.975E-04  0.000E+00  0.000E+00  0.000E+00  6.283E+00
  5.975E-04  6.174E-04  0.000E+00  0.000E+00  0.000E+00  6.283E+00
  6.174E-04  6.373E-04  0.000E+00  0.000E+00  0.000E+00  6.283E+00
  6.373E-04  6.572E-04  0.000E+00  0.000E+00  0.000E+00  6.283E+00
  6.572E-04  6.771E-04  0.000E+00  0.000E+00  0.000E+00  6.283E+00
  6.771E-04  6.970E-04  0.000E+00  0.000E+00  0.000E+00  6.283E+00
  6.970E-04  7.169E-04  0.000E+00  0.000E+00  0.000E+00  6.283E+00
  7.169E-04  7.368E-04  0.000E+00  0.000E+00  0.000E+00  6.283E+00
  7.368E-04  7.567E-04  0.000E+00  0.000E+00  0.000E+00  6.283E+00
  7.567E-04  7.766E-04  0.000E+00  0.000E+00  0.000E+00  6.283E+00
  7.766E-04  7.965E-04  0.000E+00  0.000E+00  0.000E+00  6.283E+00
  7.965E-04  8.164E-04  0.000E+00  0.000E+00  0.000E+00  6.283E+00
  8.164E-04  8.363E-04  0.000E+00  0.000E+00  0.000E+00  6.283E+00
  8.363E-04  8.562E-04  0.000E+00  0.000E+00  0.000E+00  6.283E+00
  8.562E-04  8.761E-04  0.000E+00  0.000E+00  0.000E+00  6.283E+00
  8.761E-04  8.960E-04  0.000E+00  0.000E+00  0.000E+00  6.283E+00
  8.960E-04  9.159E-04  0.000E+00  0.000E+00  0.000E+00  6.283E+00
  9.159E-04  9.358E-04  0.000E+00  0.000E+00  0.000E+00  6.283E+00
  9.358E-04  9.557E-04  0.000E+00  0.000E+00  0.000E+00  6.283E+00
  9.557E-04  9.756E-04  0.000E+00  0.000E+00  0.000E+00  6.283E+00
  9.756E-04  9.955E-04  0.000E+00  0.000E+00  0.000E+00  6.283E+00
  9.955E-04  1.015E-03  0.000E+00  0.000E+00  0.000E+00  6.283E+00
  1.015E-03  1.035E-03  0.000E+00  0.000E+00  0.000E+00  6.283E+00
  1.035E-03  1.055E-03  0.000E+00  0.000E+00  0.000E+00  6.283E+00
  1.055E-03  1.075E-03  0.000E+00  0.000E+00  0.000E+00  6.283E+00
  1.075E-03  1.095E-03  0.000E+00  0.000E+00  0.000E+00  6.283E+00
  1.095E-03  1.115E-03  0.000E+00  0.000E+00  0.000E+00  6.283E+00
  1.115E-03  1.135E-03  0.000E+00  0.000E+00  0.000E+00  6.283E+00
  1.135E-03  1.155E-03  0.000E+00  0.000E+00  0.000E+00  6.283E+00
  1.155E-03  1.175E-03  0.000E+00  0.000E+00  0.000E+00  6.283E+00
  1.175E-03  1.195E-03  0.000E+00  0.000E+00  0.000E+00  6.283E+00
  1.195E-03  1.214E-03  0.000E+00  0.000E+00  0.000E+00  6.283E+00
  1.214E-03  1.234E-03  0.000E+00  0.000E+00  0.000E+00  6.283E+00
  1.234E-03  1.254E-03  0.000E+00  0.000E+00  0.000E+00  6.283E+00
  1.254E-03  1.274E-03  0.000E+00  0.000E+00  0.000E+00  6.283E+00
  1.274E-03  1.294E-03  0.000E+00  0.000E+00  0.000E+00  6.283E+00
  1.294E-03  1.314E-03  0.000E+00  0.000E+00  0.000E+00  6.283E+00
  1.314E-03  1.334E-03  0.000E+00  0.000E+00  0.000E+00  6.283E+00
  1.334E-03  1.354E-03  0.000E+00  0.000E+00  0.000E+00  6.283E+00
  1.354E-03  1.374E-03  0.000E+00  0.000E+00  0.000E+00  6.283E+00
  1.374E-03  1.394E-03  0.000E+00  0.000E+00  0.000E+00  6.283E+00
  1.394E-03  1.413E-03  0.000E+00  0.000E+00  0.000E+00  6.283E+00
  1.413E-03  1.433E-03  0.000E+00  0.000E+00  0.000E+00  6.283E+00
  1.433E-03  1.453E-03  0.000E+00  0.000E+00  0.000E+00  6.283E+00
  1.453E-03  1.473E-03  0.000E+00  0.000E+00  0.000E+00  6.283E+00
  1.473E-03  1.493E-03  0.000E+00  0.000E+00  0.000E+00  6.283E+00
  1.493E-03  1.513E-03  0.000E+00  0.000E+00  0.000E+00  6.283E+00
  1.513E-03  1.533E-03  0.000E+00  0.000E+00  0.000E+00  6.283E+00
  1.533E-03  1.553E-03  0.000E+00  0.000E+00  0.000E+00  6.283E+00
  1.553E-03  1.573E-03  0.000E+00  0.000E+00  0.000E+00  6.283E+00
  1.573E-03  1.593E-03  0.000E+00  0.000E+00  0.000E+00  6.283E+00
  1.593E-03  1.612E-03  0.000E+00  0.000E+00  0.000E+00  6.283E+00
  1.612E-03  1.632E-03  0.000E+00  0.000E+00  0.000E+00  6.283E+00
  1.632E-03  1.652E-03  0.000E+00  0.000E+00  0.000E+00  6.283E+00
  1.652E-03  1.672E-03  0.000E+00  0.000E+00  0.000E+00  6.283E+00
  1.672E-03  1.692E-03  0.000E+00  0.000E+00  0.000E+00  6.283E+00
  1.692E-03  1.712E-03  0.000E+00  0.000E+00  0.000E+00  6.283E+00
  1.712E-03  1.732E-03  0.000E+00  0.000E+00  0.000E+00  6.283E+00
  1.732E-03  1.752E-03  0.000E+00  0.000E+00  0.000E+00  6.283E+00
  1.752E-03  1.772E-03  0.000E+00  0.000E+00  0.000E+00  6.283E+00
  1.772E-03  1.792E-03  0.000E+00  0.000E+00  0.000E+00  6.283E+00
  1.792E-03  1.811E-03  0.000E+00  0.000E+00  0.000E+00  6.283E+00
  1.811E-03  1.831E-03  0.000E+00  0.000E+00  0.000E+00  6.283E+00
  1.831E-03  1.851E-03  0.000E+00  0.000E+00  0.000E+00  6.283E+00
  1.851E-03  1.871E-03  0.000E+00  0.000E+00  0.000E+00  6.283E+00
  1.871E-03  1.891E-03  0.000E+00  0.000E+00  0.000E+00  6.283E+00
  1.891E-03  1.911E-03  0.000E+00  0.000E+00  0.000E+00  6.283E+00
  1.911E-03  1.931E-03  0.000E+00  0.000E+00  0.000E+00  6.283E+00
  1.931E-03  1.951E-03  0.000E+00  0.000E+00  0.000E+00  6.283E+00
  1.951E-03  1.971E-03  0.000E+00  0.000E+00  0.000E+00  6.283E+00
  1.971E-03  1.991E-03  0.000E+00  0.000E+00  0.000E+00  6.283E+00
  1.991E-03  2.010E-03  0.000E+00  0.000E+00  0.000E+00  6.283E+00
  2.010E-03  2.030E-03  0.000E+00  0.000E+00  0.000E+00  6.283E+00
  2.030E-03  2.050E-03  0.000E+00  0.000E+00  0.000E+00  6.283E+00
  2.050E-03  2.070E-03  0.000E+00  0.000E+00  0.000E+00  6.283E+00
  2.070E-03  2.090E-03  0.000E+00  0.000E+00  0.000E+00  6.283E+00
  2.090E-03  2.110E-03  0.000E+00  0.000E+00  0.000E+00  6.283E+00
  2.110E-03  2.130E-03  0.000E+00  0.000E+00  0.000E+00  6.283E+00
  2.130E-03  2.150E-03  0.000E+00  0.000E+00  0.000E+00  6.283E+00
  2.150E-03  2.170E-03  0.000E+00  0.000E+00  0.000E+00  6.283E+00
  2.170E-03  2.190E-03  0.000E+00  0.000E+00  0.000E+00  6.283E+00
  2.190E-03  2.209E-03  0.000E+00  0.000E+00  0.000E+00  6.283E+00
  2.209E-03  2.229E-03  0.000E+00  0.000E+00  0.000E+00  6.283E+00
  2.229E-03  2.249E-03  0.000E+00  0.000E+00  0.000E+00  6.283E+00
  2.249E-03  2.269E-03  0.000E+00  0.000E+00  0.000E+00  6.283E+00
  2.269E-03  2.289E-03  0.000E+00  0.000E+00  0.000E+00  6.283E+00
  2.289E-03  2.309E-03  0.000E+00  0.000E+00  0.000E+00  6.283E+00
  2.309E-03  2.329E-03  0.000E+00  0.000E+00  0.000E+00  6.283E+00
  2.329E-03  2.349E-03  0.000E+00  0.000E+00  0.000E+00  6.283E+00
  2.349E-03  2.369E-03  0.000E+00  0.000E+00  0.000E+00  6.283E+00
  2.369E-03  2.389E-03  0.000E+00  0.000E+00  0.000E+00  6.283E+00
  2.389E-03  2.408E-03  0.000E+00  0.000E+00  0.000E+00  6.283E+00
  2.408E-03  2.428E-03  0.000E+00  0.000E+00  0.000E+00  6.283E+00
  2.428E-03  2.448E-03  0.000E+00  0.000E+00  0.000E+00  6.283E+00
  2.448E-03  2.468E-03  0.000E+00  0.000E+00  0.000E+00  6.283E+00
  2.468E-03  2.488E-03  0.000E+00  0.000E+00  0.000E+00  6.283E+00
  2.488E-03  2.508E-03  0.000E+00  0.000E+00  0.000E+00  6.283E+00
  2.508E-03  2.528E-03  0.000E+00  0.000E+00  0.000E+00  6.283E+00
  2.528E-03  2.548E-03  0.000E+00  0.000E+00  0.000E+00  6.283E+00
  2.548E-03  2.568E-03  0.000E+00  0.000E+00  0.000E+00  6.283E+00
  2.568E-03  2.588E-03  0.000E+00  0.000E+00  0.000E+00  6.283E+00
  2.588E-03  2.607E-03  0.000E+00  0.000E+00  0.000E+00  6.283E+00
  2.607E-03  2.627E-03  0.000E+00  0.000E+00  0.000E+00  6.283E+00
  2.627E-03  2.647E-03  0.000E+00  0.000E+00  0.000E+00  6.283E+00
  2.647E-03  2.667E-03  0.000E+00  0.000E+00  0.000E+00  6.283E+00
  2.667E-03  2.687E-03  0.000E+00  0.000E+00  0.000E+00  6.283E+00
  2.687E-03  2.707E-03  0.000E+00  0.000E+00  0.000E+00  6.283E+00
  2.707E-03  2.727E-03  0.000E+00  0.000E+00  0.000E+00  6.283E+00
  2.727E-03  2.747E-03  0.000E+00  0.000E+00  0.000E+00  6.283E+00
  2.747E-03  2.767E-03  0.000E+00  0.000E+00  0.000E+00  6.283E+00
  2.767E-03  2.787E-03  0.000E+00  0.000E+00  0.000E+00  6.283E+00
  2.787E-03  2.806E-03  0.000E+00  0.000E+00  0.000E+00  6.283E+00
  2.806E-03  2.826E-03  0.000E+00  0.000E+00  0.000E+00  6.283E+00
  2.826E-03  2.846E-03  0.000E+00  0.000E+00  0.000E+00  6.283E+00
  2.846E-03  2.866E-03  0.000E+00  0.000E+00  0.000E+00  6.283E+00
  2.866E-03  2.886E-03  0.000E+00  0.000E+00  0.000E+00  6.283E+00
  2.886E-03  2.906E-03  0.000E+00  0.000E+00  0.000E+00  6.283E+00
  2.906E-03  2.926E-03  0.000E+00  0.000E+00  0.000E+00  6.283E+00
  2.926E-03  2.946E-03  0.000E+00  0.000E+00  0.000E+00  6.283E+00
  2.946E-03  2.966E-03  0.000E+00  0.000E+00  0.000E+00  6.283E+00
  2.966E-03  2.986E-03  0.000E+00  0.000E+00  0.000E+00  6.283E+00
  2.986E-03  3.005E-03  0.000E+00  0.000E+00  0.000E+00  6.283E+00
  3.005E-03  3.025E-03  0.000E+00  0.000E+00  0.000E+00  6.283E+00
  3.025E-03  3.045E-03  0.000E+00  0.000E+00  0.000E+00  6.283E+00
  3.045E-03  3.065E-03  0.000E+00  0.000E+00  0.000E+00  6.283E+00
  3.065E-03  3.085E-03  0.000E+00  0.000E+00  0.000E+00  6.283E+00
  3.085E-03  3.105E-03  0.000E+00  0.000E+00  0.000E+00  6.283E+00
  3.105E-03  3.125E-03  0.000E+00  0.000E+00  0.000E+00  6.283E+00
  3.125E-03  3.145E-03  0.000E+00  0.000E+00  0.000E+00  6.283E+00
  3.145E-03  3.165E-03  0.000E+00  0.000E+00  0.000E+00  6.283E+00
  3.165E-03  3.185E-03  0.000E+00  0.000E+00  0.000E+00  6.283E+00
  3.185E-03  3.204E-03  0.000E+00  0.000E+00  0.000E+00  6.283E+00
  3.204E-03  3.224E-03  0.000E+00  0.000E+00  0.000E+00  6.283E+00
  3.224E-03  3.244E-03  0.000E+00  0.000E+00  0.000E+00  6.283E+00
  3.244E-03  3.264E-03  0.000E+00  0.000E+00  0.000E+00  6.283E+00
  3.264E-03  3.284E-03  0.000E+00  0.000E+00  0.000E+00  6.283E+00
  3.284E-03  3.304E-03  0.000E+00  0.000E+00  0.000E+00  6.283E+00
  3.304E-03  3.324E-03  0.000E+00  0.000E+00  0.000E+00  6.283E+00
  3.324E-03  3.344E-03  0.000E+00  0.000E+00  0.000E+00  6.283E+00
  3.344E-03  3.364E-03  0.000E+00  0.000E+00  0.000E+00  6.283E+00
  3.364E-03  3.384E-03  0.000E+00  0.000E+00  0.000E+00  6.283E+00
  3.384E-03  3.403E-03  0.000E+00  0.000E+00  0.000E+00  6.283E+00
  3.403E-03  3.423E-03  0.000E+00  0.000E+00  0.000E+00  6.283E+00
  3.423E-03  3.443E-03  0.000E+00  0.000E+00  0.000E+00  6.283E+00
  3.443E-03  3.463E-03  0.000E+00  0.000E+00  0.000E+00  6.283E+00
  3.463E-03  3.483E-03  0.000E+00  0.000E+00  0.000E+00  6.283E+00
  3.483E-03  3.503E-03  0.000E+00  0.000E+00  0.000E+00  6.283E+00
  3.503E-03  3.523E-03  0.000E+00  0.000E+00  0.000E+00  6.283E+00
  3.523E-03  3.543E-03  0.000E+00  0.000E+00  0.000E+00  6.283E+00
  3.543E-03  3.563E-03  0.000E+00  0.000E+00  0.000E+00  6.283E+00
  3.563E-03  3.583E-03  0.000E+00  0.000E+00  0.000E+00  6.283E+00
  3.583E-03  3.602E-03  0.000E+00  0.000E+00  0.000E+00  6.283E+00
  3.602E-03  3.622E-03  0.000E+00  0.000E+00  0.000E+00  6.283E+00
  3.622E-03  3.642E-03  0.000E+00  0.000E+00  0.000E+00  6.283E+00
  3.642E-03  3.662E-03  0.000E+00  0.000E+00  0.000E+00  6.283E+00
  3.662E-03  3.682E-03  0.000E+00  0.000E+00  0.000E+00  6.283E+00
  3.682E-03  3.702E-03  0.000E+00  0.000E+00  0.000E+00  6.283E+00
  3.702E-03  3.722E-03  0.000E+00  0.000E+00  0.000E+00  6.283E+00
  3.722E-03  3.742E-03  0.000E+00  0.000E+00  0.000E+00  6.283E+00
  3.742E-03  3.762E-03  0.000E+00  0.000E+00  0.000E+00  6.283E+00
  3.762E-03  3.782E-03  0.000E+00  0.000E+00  0.000E+00  6.283E+00
  3.782E-03  3.801E-03  0.000E+00  0.000E+00  0.000E+00  6.283E+00
  3.801E-03  3.821E-03  0.000E+00  0.000E+00  0.000E+00  6.283E+00
  3.821E-03  3.841E-03  0.000E+00  0.000E+00  0.000E+00  6.283E+00
  3.841E-03  3.861E-03  0.000E+00  0.000E+00  0.000E+00  6.283E+00
  3.861E-03  3.881E-03  0.000E+00  0.000E+00  0.000E+00  6.283E+00
  3.881E-03  3.901E-03  0.000E+00  0.000E+00  0.000E+00  6.283E+00
  3.901E-03  3.921E-03  0.000E+00  0.000E+00  0.000E+00  6.283E+00
  3.921E-03  3.941E-03  0.000E+00  0.000E+00  0.000E+00  6.283E+00
  3.941E-03  3.961E-03  0.000E+00  0.000E+00  0.000E+00  6.283E+00
  3.961E-03  3.981E-03  0.000E+00  0.000E+00  0.000E+00  6.283E+00
  3.981E-03  4.000E-03  0.000E+00  0.000E+00  0.000E+00  6.283E+00
  4.000E-03  4.020E-03  0.000E+00  0.000E+00  0.000E+00  6.283E+00
  4.020E-03  4.040E-03  0.000E+00  0.000E+00  0.000E+00  6.283E+00
  4.040E-03  4.060E-03  0.000E+00  0.000E+00  0.000E+00  6.283E+00
  4.060E-03  4.080E-03  0.000E+00  0.000E+00  0.000E+00  6.283E+00
  4.080E-03  4.100E-03  0.000E+00  0.000E+00  0.000E+00  6.283E+00
  4.100E-03  4.120E-03  0.000E+00  0.000E+00  0.000E+00  6.283E+00
  4.120E-03  4.140E-03  0.000E+00  0.000E+00  0.000E+00  6.283E+00
  4.140E-03  4.160E-03  0.000E+00  0.000E+00  0.000E+00  6.283E+00
  4.160E-03  4.180E-03  0.000E+00  0.000E+00  0.000E+00  6.283E+00
  4.180E-03  4.199E-03  0.000E+00  0.000E+00  0.000E+00  6.283E+00
  4.199E-03  4.219E-03  0.000E+00  0.000E+00  0.000E+00  6.283E+00
  4.219E-03  4.239E-03  0.000E+00  0.000E+00  0.000E+00  6.283E+00
  4.239E-03  4.259E-03  0.000E+00  0.000E+00  0.000E+00  6.283E+00
  4.259E-03  4.279E-03  0.000E+00  0.000E+00  0.000E+00  6.283E+00
  4.279E-03  4.299E-03  0.000E+00  0.000E+00  0.000E+00  6.283E+00
  4.299E-03  4.319E-03  0.000E+00  0.000E+00  0.000E+00  6.283E+00
  4.319E-03  4.339E-03  0.000E+00  0.000E+00  0.000E+00  6.283E+00
  4.339E-03  4.359E-03  0.000E+00  0.000E+00  0.000E+00  6.283E+00
  4.359E-03  4.378E-03  0.000E+00  0.000E+00  0.000E+00  6.283E+00
  4.378E-03  4.398E-03  0.000E+00  0.000E+00  0.000E+00  6.283E+00
  4.398E-03  4.418E-03  0.000E+00  0.000E+00  0.000E+00  6.283E+00
  4.418E-03  4.438E-03  0.000E+00  0.000E+00  0.000E+00  6.283E+00
  4.438E-03  4.458E-03  0.000E+00  0.000E+00  0.000E+00  6.283E+00
  4.458E-03  4.478E-03  0.000E+00  0.000E+00  0.000E+00  6.283E+00
  4.478E-03  4.498E-03  0.000E+00  0.000E+00  0.000E+00  6.283E+00
  4.498E-03  4.518E-03  0.000E+00  0.000E+00  0.000E+00  6.283E+00
  4.518E-03  4.538E-03  0.000E+00  0.000E+00  0.000E+00  6.283E+00
  4.538E-03  4.558E-03  0.000E+00  0.000E+00  0.000E+00  6.283E+00
  4.558E-03  4.577E-03  0.000E+00  0.000E+00  0.000E+00  6.283E+00
  4.577E-03  4.597E-03  0.000E+00  0.000E+00  0.000E+00  6.283E+00
  4.597E-03  4.617E-03  0.000E+00  0.000E+00  0.000E+00  6.283E+00
  4.617E-03  4.637E-03  0.000E+00  0.000E+00  0.000E+00  6.283E+00
  4.637E-03  4.657E-03  0.000E+00  0.000E+00  0.000E+00  6.283E+00
  4.657E-03  4.677E-03  0.000E+00  0.000E+00  0.000E+00  6.283E+00
  4.677E-03  4.697E-03  0.000E+00  0.000E+00  0.000E+00  6.283E+00
  4.697E-03  4.717E-03  0.000E+00  0.000E+00  0.000E+00  6.283E+00
  4.717E-03  4.737E-03  0.000E+00  0.000E+00  0.000E+00  6.283E+00
  4.737E-03  4.757E-03  0.000E+00  0.000E+00  0.000E+00  6.283E+00
  4.757E-03  4.777E-03  0.000E+00  0.000E+00  0.000E+00  6.283E+00
  4.777E-03  4.796E-03  0.000E+00  0.000E+00  0.000E+00  6.283E+00
  4.796E-03  4.816E-03  0.000E+00  0.000E+00  0.000E+00  6.283E+00
  4.816E-03  4.836E-03  0.000E+00  0.000E+00  0.000E+00  6.283E+00
  4.836E-03  4.856E-03  0.000E+00  0.000E+00  0.000E+00  6.283E+00
  4.856E-03  4.876E-03  0.000E+00  0.000E+00  0.000E+00  6.283E+00
  4.876E-03  4.896E-03  0.000E+00  0.000E+00  0.000E+00  6.283E+00
  4.896E-03  4.916E-03  0.000E+00  0.000E+00  0.000E+00  6.283E+00
  4.916E-03  4.936E-03  0.000E+00  0.000E+00  0.000E+00  6.283E+00
  4.936E-03  4.956E-03  0.000E+00  0.000E+00  0.000E+00  6.283E+00
  4.956E-03  4.976E-03  0.000E+00  0.000E+00  0.000E+00  6.283E+00
  4.976E-03  4.995E-03  0.000E+00  0.000E+00  0.000E+00  6.283E+00
  4.995E-03  5.015E-03  0.000E+00  0.000E+00  0.000E+00  6.283E+00
  5.015E-03  5.035E-03  0.000E+00  0.000E+00  0.000E+00  6.283E+00
  5.035E-03  5.055E-03  0.000E+00  0.000E+00  0.000E+00  6.283E+00
  5.055E-03  5.075E-03  0.000E+00  0.000E+00  0.000E+00  6.283E+00
  5.075E-03  5.095E-03  0.000E+00  0.000E+00  0.000E+00  6.283E+00
  5.095E-03  5.115E-03  0.000E+00  0.000E+00  0.000E+00  6.283E+00
  5.115E-03  5.135E-03  0.000E+00  0.000E+00  0.000E+00  6.283E+00
  5.135E-03  5.155E-03  0.000E+00  0.000E+00  0.000E+00  6.283E+00
  5.155E-03  5.174E-03  0.000E+00  0.000E+00  0.000E+00  6.283E+00
  5.174E-03  5.194E-03  0.000E+00  0.000E+00  0.000E+00  6.283E+00
  5.194E-03  5.214E-03  0.000E+00  0.000E+00  0.000E+00  6.283E+00
  5.214E-03  5.234E-03  0.000E+00  0.000E+00  0.000E+00  6.283E+00
  5.234E-03  5.254E-03  0.000E+00  0.000E+00  0.000E+00  6.283E+00
  5.254E-03  5.274E-03  0.000E+00  0.000E+00  0.000E+00  6.283E+00
  5.274E-03  5.294E-03  0.000E+00  0.000E+00  0.000E+00  6.283E+00
  5.294E-03  5.314E-03  0.000E+00  0.000E+00  0.000E+00  6.283E+00
  5.314E-03  5.334E-03  0.000E+00  0.000E+00  0.000E+00  6.283E+00
  5.334E-03  5.354E-03  0.000E+00  0.000E+00  0.000E+00  6.283E+00
  5.354E-03  5.373E-03  0.000E+00  0.000E+00  0.000E+00  6.283E+00
  5.373E-03  5.393E-03  0.000E+00  0.000E+00  0.000E+00  6.283E+00
  5.393E-03  5.413E-03  0.000E+00  0.000E+00  0.000E+00  6.283E+00
  5.413E-03  5.433E-03  0.000E+00  0.000E+00  0.000E+00  6.283E+00
  5.433E-03  5.453E-03  0.000E+00  0.000E+00  0.000E+00  6.283E+00
  5.453E-03  5.473E-03  0.000E+00  0.000E+00  0.000E+00  6.283E+00
  5.473E-03  5.493E-03  0.000E+00  0.000E+00  0.000E+00  6.283E+00
  5.493E-03  5.513E-03  0.000E+00  0.000E+00  0.000E+00  6.283E+00
  5.513E-03  5.533E-03  0.000E+00  0.000E+00  0.000E+00  6.283E+00
  5.533E-03  5.553E-03  0.000E+00  0.000E+00  0.000E+00  6.283E+00
  5.553E-03  5.573E-03  0.000E+00  0.000E+00  0.000E+00  6.283E+00
  5.573E-03  5.592E-03  0.000E+00  0.000E+00  0.000E+00  6.283E+00
  5.592E-03  5.612E-03  0.000E+00  0.000E+00  0.000E+00  6.283E+00
  5.612E-03  5.632E-03  0.000E+00  0.000E+00  0.000E+00  6.283E+00
  5.632E-03  5.652E-03  0.000E+00  0.000E+00  0.000E+00  6.283E+00
  5.652E-03  5.672E-03  0.000E+00  0.000E+00  0.000E+00  6.283E+00
  5.672E-03  5.692E-03  0.000E+00  0.000E+00  0.000E+00  6.283E+00
  5.692E-03  5.712E-03  0.000E+00  0.000E+00  0.000E+00  6.283E+00
  5.712E-03  5.732E-03  0.000E+00  0.000E+00  0.000E+00  6.283E+00
  5.732E-03  5.752E-03  0.000E+00  0.000E+00  0.000E+00  6.283E+00
  5.752E-03  5.772E-03  0.000E+00  0.000E+00  0.000E+00  6.283E+00
  5.772E-03  5.791E-03  0.000E+00  0.000E+00  0.000E+00  6.283E+00
  5.791E-03  5.811E-03  0.000E+00  0.000E+00  0.000E+00  6.283E+00
  5.811E-03  5.831E-03  0.000E+00  0.000E+00  0.000E+00  6.283E+00
  5.831E-03  5.851E-03  0.000E+00  0.000E+00  0.000E+00  6.283E+00
  5.851E-03  5.871E-03  0.000E+00  0.000E+00  0.000E+00  6.283E+00
  5.871E-03  5.891E-03  0.000E+00  0.000E+00  0.000E+00  6.283E+00
  5.891E-03  5.911E-03  0.000E+00  0.000E+00  0.000E+00  6.283E+00
  5.911E-03  5.931E-03  0.000E+00  0.000E+00  0.000E+00  6.283E+00
  5.931E-03  5.951E-03  0.000E+00  0.000E+00  0.000E+00  6.283E+00
  5.951E-03  5.970E-03  0.000E+00  0.000E+00  0.000E+00  6.283E+00
  5.970E-03  5.990E-03  0.000E+00  0.000E+00  0.000E+00  6.283E+00
  5.990E-03  6.010E-03  0.000E+00  0.000E+00  0.000E+00  6.283E+00
  6.010E-03  6.030E-03  0.000E+00  0.000E+00  0.000E+00  6.283E+00
  6.030E-03  6.050E-03  0.000E+00  0.000E+00  0.000E+00  6.283E+00
  6.050E-03  6.070E-03  0.000E+00  0.000E+00  0.000E+00  6.283E+00
  6.070E-03  6.090E-03  0.000E+00  0.000E+00  0.000E+00  6.283E+00
  6.090E-03  6.110E-03  0.000E+00  0.000E+00  0.000E+00  6.283E+00
  6.110E-03  6.130E-03  0.000E+00  0.000E+00  0.000E+00  6.283E+00
  6.130E-03  6.150E-03  0.000E+00  0.000E+00  0.000E+00  6.283E+00
  6.150E-03  6.169E-03  0.000E+00  0.000E+00  0.000E+00  6.283E+00
  6.169E-03  6.189E-03  0.000E+00  0.000E+00  0.000E+00  6.283E+00
  6.189E-03  6.209E-03  0.000E+00  0.000E+00  0.000E+00  6.283E+00
  6.209E-03  6.229E-03  0.000E+00  0.000E+00  0.000E+00  6.283E+00
  6.229E-03  6.249E-03  0.000E+00  0.000E+00  0.000E+00  6.283E+00
  6.249E-03  6.269E-03  0.000E+00  0.000E+00  0.000E+00  6.283E+00
  6.269E-03  6.289E-03  0.000E+00  0.000E+00  0.000E+00  6.283E+00
  6.289E-03  6.309E-03  0.000E+00  0.000E+00  0.000E+00  6.283E+00
  6.309E-03  6.329E-03  0.000E+00  0.000E+00  0.000E+00  6.283E+00
  6.329E-03  6.349E-03  0.000E+00  0.000E+00  0.000E+00  6.283E+00
  6.349E-03  6.369E-03  0.000E+00  0.000E+00  0.000E+00  6.283E+00
  6.369E-03  6.388E-03  0.000E+00  0.000E+00  0.000E+00  6.283E+00
  6.388E-03  6.408E-03  0.000E+00  0.000E+00  0.000E+00  6.283E+00
  6.408E-03  6.428E-03  0.000E+00  0.000E+00  0.000E+00  6.283E+00
  6.428E-03  6.448E-03  0.000E+00  0.000E+00  0.000E+00  6.283E+00
  6.448E-03  6.468E-03  0.000E+00  0.000E+00  0.000E+00  6.283E+00
  6.468E-03  6.488E-03  0.000E+00  0.000E+00  0.000E+00  6.283E+00
  6.488E-03  6.508E-03  0.000E+00  0.000E+00  0.000E+00  6.283E+00
  6.508E-03  6.528E-03  0.000E+00  0.000E+00  0.000E+00  6.283E+00
  6.528E-03  6.548E-03  0.000E+00  0.000E+00  0.000E+00  6.283E+00
  6.548E-03  6.568E-03  0.000E+00  0.000E+00  0.000E+00  6.283E+00
  6.568E-03  6.587E-03  0.000E+00  0.000E+00  0.000E+00  6.283E+00
  6.587E-03  6.607E-03  0.000E+00  0.000E+00  0.000E+00  6.283E+00
  6.607E-03  6.627E-03  0.000E+00  0.000E+00  0.000E+00  6.283E+00
  6.627E-03  6.647E-03  0.000E+00  0.000E+00  0.000E+00  6.283E+00
  6.647E-03  6.667E-03  0.000E+00  0.000E+00  0.000E+00  6.283E+00
  6.667E-03  6.687E-03  0.000E+00  0.000E+00  0.000E+00  6.283E+00
  6.687E-03  6.707E-03  0.000E+00  0.000E+00  0.000E+00  6.283E+00
  6.707E-03  6.727E-03  0.000E+00  0.000E+00  0.000E+00  6.283E+00
  6.727E-03  6.747E-03  0.000E+00  0.000E+00  0.000E+00  6.283E+00
  6.747E-03  6.766E-03  0.000E+00  0.000E+00  0.000E+00  6.283E+00
  6.766E-03  6.786E-03  0.000E+00  0.000E+00  0.000E+00  6.283E+00
  6.786E-03  6.806E-03  0.000E+00  0.000E+00  0.000E+00  6.283E+00
  6.806E-03  6.826E-03  0.000E+00  0.000E+00  0.000E+00  6.283E+00
  6.826E-03  6.846E-03  0.000E+00  0.000E+00  0.000E+00  6.283E+00
  6.846E-03  6.866E-03  0.000E+00  0.000E+00  0.000E+00  6.283E+00
  6.866E-03  6.886E-03  0.000E+00  0.000E+00  0.000E+00  6.283E+00
  6.886E-03  6.906E-03  0.000E+00  0.000E+00  0.000E+00  6.283E+00
  6.906E-03  6.926E-03  0.000E+00  0.000E+00  0.000E+00  6.283E+00
  6.926E-03  6.946E-03  0.000E+00  0.000E+00  0.000E+00  6.283E+00
  6.946E-03  6.965E-03  0.000E+00  0.000E+00  0.000E+00  6.283E+00
  6.965E-03  6.985E-03  0.000E+00  0.000E+00  0.000E+00  6.283E+00
  6.985E-03  7.005E-03  0.000E+00  0.000E+00  0.000E+00  6.283E+00
  7.005E-03  7.025E-03  0.000E+00  0.000E+00  0.000E+00  6.283E+00
  7.025E-03  7.045E-03  0.000E+00  0.000E+00  0.000E+00  6.283E+00
  7.045E-03  7.065E-03  0.000E+00  0.000E+00  0.000E+00  6.283E+00
  7.065E-03  7.085E-03  0.000E+00  0.000E+00  0.000E+00  6.283E+00
  7.085E-03  7.105E-03  0.000E+00  0.000E+00  0.000E+00  6.283E+00
  7.105E-03  7.125E-03  0.000E+00  0.000E+00  0.000E+00  6.283E+00
  7.125E-03  7.145E-03  0.000E+00  0.000E+00  0.000E+00  6.283E+00
  7.145E-03  7.165E-03  0.000E+00  0.000E+00  0.000E+00  6.283E+00
  7.165E-03  7.184E-03  0.000E+00  0.000E+00  0.000E+00  6.283E+00
  7.184E-03  7.204E-03  0.000E+00  0.000E+00  0.000E+00  6.283E+00
  7.204E-03  7.224E-03  0.000E+00  0.000E+00  0.000E+00  6.283E+00
  7.224E-03  7.244E-03  0.000E+00  0.000E+00  0.000E+00  6.283E+00
  7.244E-03  7.264E-03  0.000E+00  0.000E+00  0.000E+00  6.283E+00
  7.264E-03  7.284E-03  0.000E+00  0.000E+00  0.000E+00  6.283E+00
  7.284E-03  7.304E-03  0.000E+00  0.000E+00  0.000E+00  6.283E+00
  7.304E-03  7.324E-03  0.000E+00  0.000E+00  0.000E+00  6.283E+00
  7.324E-03  7.344E-03  0.000E+00  0.000E+00  0.000E+00  6.283E+00
  7.344E-03  7.364E-03  0.000E+00  0.000E+00  0.000E+00  6.283E+00
  7.364E-03  7.383E-03  0.000E+00  0.000E+00  0.000E+00  6.283E+00
  7.383E-03  7.403E-03  0.000E+00  0.000E+00  0.000E+00  6.283E+00
  7.403E-03  7.423E-03  0.000E+00  0.000E+00  0.000E+00  6.283E+00
  7.423E-03  7.443E-03  0.000E+00  0.000E+00  0.000E+00  6.283E+00
  7.443E-03  7.463E-03  0.000E+00  0.000E+00  0.000E+00  6.283E+00
  7.463E-03  7.483E-03  0.000E+00  0.000E+00  0.000E+00  6.283E+00
  7.483E-03  7.503E-03  0.000E+00  0.000E+00  0.000E+00  6.283E+00
  7.503E-03  7.523E-03  0.000E+00  0.000E+00  0.000E+00  6.283E+00
  7.523E-03  7.543E-03  0.000E+00  0.000E+00  0.000E+00  6.283E+00
  7.543E-03  7.562E-03  0.000E+00  0.000E+00  0.000E+00  6.283E+00
  7.562E-03  7.582E-03  0.000E+00  0.000E+00  0.000E+00  6.283E+00
  7.582E-03  7.602E-03  0.000E+00  0.000E+00  0.000E+00  6.283E+00
  7.602E-03  7.622E-03  0.000E+00  0.000E+00  0.000E+00  6.283E+00
  7.622E-03  7.642E-03  0.000E+00  0.000E+00  0.000E+00  6.283E+00
  7.642E-03  7.662E-03  0.000E+00  0.000E+00  0.000E+00  6.283E+00
  7.662E-03  7.682E-03  0.000E+00  0.000E+00  0.000E+00  6.283E+00
  7.682E-03  7.702E-03  0.000E+00  0.000E+00  0.000E+00  6.283E+00
  7.702E-03  7.722E-03  0.000E+00  0.000E+00  0.000E+00  6.283E+00
  7.722E-03  7.742E-03  0.000E+00  0.000E+00  0.000E+00  6.283E+00
  7.742E-03  7.761E-03  0.000E+00  0.000E+00  0.000E+00  6.283E+00
  7.761E-03  7.781E-03  0.000E+00  0.000E+00  0.000E+00  6.283E+00
  7.781E-03  7.801E-03  0.000E+00  0.000E+00  0.000E+00  6.283E+00
  7.801E-03  7.821E-03  0.000E+00  0.000E+00  0.000E+00  6.283E+00
  7.821E-03  7.841E-03  0.000E+00  0.000E+00  0.000E+00  6.283E+00
  7.841E-03  7.861E-03  0.000E+00  0.000E+00  0.000E+00  6.283E+00
  7.861E-03  7.881E-03  0.000E+00  0.000E+00  0.000E+00  6.283E+00
  7.881E-03  7.901E-03  0.000E+00  0.000E+00  0.000E+00  6.283E+00
  7.901E-03  7.921E-03  0.000E+00  0.000E+00  0.000E+00  6.283E+00
  7.921E-03  7.941E-03  0.000E+00  0.000E+00  0.000E+00  6.283E+00
  7.941E-03  7.961E-03  0.000E+00  0.000E+00  0.000E+00  6.283E+00
  7.961E-03  7.980E-03  0.000E+00  0.000E+00  0.000E+00  6.283E+00
  7.980E-03  8.000E-03  0.000E+00  0.000E+00  0.000E+00  6.283E+00
  8.000E-03  8.020E-03  0.000E+00  0.000E+00  0.000E+00  6.283E+00
  8.020E-03  8.040E-03  0.000E+00  0.000E+00  0.000E+00  6.283E+00
  8.040E-03  8.060E-03  0.000E+00  0.000E+00  0.000E+00  6.283E+00
  8.060E-03  8.080E-03  0.000E+00  0.000E+00  0.000E+00  6.283E+00
  8.080E-03  8.100E-03  0.000E+00  0.000E+00  0.000E+00  6.283E+00
  8.100E-03  8.120E-03  0.000E+00  0.000E+00  0.000E+00  6.283E+00
  8.120E-03  8.140E-03  0.000E+00  0.000E+00  0.000E+00  6.283E+00
  8.140E-03  8.159E-03  0.000E+00  0.000E+00  0.000E+00  6.283E+00
  8.159E-03  8.179E-03  0.000E+00  0.000E+00  0.000E+00  6.283E+00
  8.179E-03  8.199E-03  0.000E+00  0.000E+00  0.000E+00  6.283E+00
  8.199E-03  8.219E-03  0.000E+00  0.000E+00  0.000E+00  6.283E+00
  8.219E-03  8.239E-03  0.000E+00  0.000E+00  0.000E+00  6.283E+00
  8.239E-03  8.259E-03  0.000E+00  0.000E+00  0.000E+00  6.283E+00
  8.259E-03  8.279E-03  0.000E+00  0.000E+00  0.000E+00  6.283E+00
  8.279E-03  8.299E-03  0.000E+00  0.000E+00  0.000E+00  6.283E+00
  8.299E-03  8.319E-03  0.000E+00  0.000E+00  0.000E+00  6.283E+00
  8.319E-03  8.339E-03  0.000E+00  0.000E+00  0.000E+00  6.283E+00
  8.339E-03  8.358E-03  0.000E+00  0.000E+00  0.000E+00  6.283E+00
  8.358E-03  8.378E-03  0.000E+00  0.000E+00  0.000E+00  6.283E+00
  8.378E-03  8.398E-03  0.000E+00  0.000E+00  0.000E+00  6.283E+00
  8.398E-03  8.418E-03  0.000E+00  0.000E+00  0.000E+00  6.283E+00
  8.418E-03  8.438E-03  0.000E+00  0.000E+00  0.000E+00  6.283E+00
  8.438E-03  8.458E-03  0.000E+00  0.000E+00  0.000E+00  6.283E+00
  8.458E-03  8.478E-03  0.000E+00  0.000E+00  0.000E+00  6.283E+00
  8.478E-03  8.498E-03  0.000E+00  0.000E+00  0.000E+00  6.283E+00
  8.498E-03  8.518E-03  0.000E+00  0.000E+00  0.000E+00  6.283E+00
  8.518E-03  8.538E-03  0.000E+00  0.000E+00  0.000E+00  6.283E+00
  8.538E-03  8.558E-03  0.000E+00  0.000E+00  0.000E+00  6.283E+00
  8.558E-03  8.577E-03  0.000E+00  0.000E+00  0.000E+00  6.283E+00
  8.577E-03  8.597E-03  0.000E+00  0.000E+00  0.000E+00  6.283E+00
  8.597E-03  8.617E-03  0.000E+00  0.000E+00  0.000E+00  6.283E+00
  8.617E-03  8.637E-03  0.000E+00  0.000E+00  0.000E+00  6.283E+00
  8.637E-03  8.657E-03  0.000E+00  0.000E+00  0.000E+00  6.283E+00
  8.657E-03  8.677E-03  0.000E+00  0.000E+00  0.000E+00  6.283E+00
  8.677E-03  8.697E-03  0.000E+00  0.000E+00  0.000E+00  6.283E+00
  8.697E-03  8.717E-03  0.000E+00  0.000E+00  0.000E+00  6.283E+00
  8.717E-03  8.737E-03  0.000E+00  0.000E+00  0.000E+00  6.283E+00
  8.737E-03  8.756E-03  0.000E+00  0.000E+00  0.000E+00  6.283E+00
  8.756E-03  8.776E-03  0.000E+00  0.000E+00  0.000E+00  6.283E+00
  8.776E-03  8.796E-03  0.000E+00  0.000E+00  0.000E+00  6.283E+00
  8.796E-03  8.816E-03  0.000E+00  0.000E+00  0.000E+00  6.283E+00
  8.816E-03  8.836E-03  0.000E+00  0.000E+00  0.000E+00  6.283E+00
  8.836E-03  8.856E-03  0.000E+00  0.000E+00  0.000E+00  6.283E+00
  8.856E-03  8.876E-03  0.000E+00  0.000E+00  0.000E+00  6.283E+00
  8.876E-03  8.896E-03  0.000E+00  0.000E+00  0.000E+00  6.283E+00
  8.896E-03  8.916E-03  0.000E+00  0.000E+00  0.000E+00  6.283E+00
  8.916E-03  8.936E-03  0.000E+00  0.000E+00  0.000E+00  6.283E+00
  8.936E-03  8.956E-03  0.000E+00  0.000E+00  0.000E+00  6.283E+00
  8.956E-03  8.975E-03  0.000E+00  0.000E+00  0.000E+00  6.283E+00
  8.975E-03  8.995E-03  0.000E+00  0.000E+00  0.000E+00  6.283E+00
  8.995E-03  9.015E-03  0.000E+00  0.000E+00  0.000E+00  6.283E+00
  9.015E-03  9.035E-03  0.000E+00  0.000E+00  0.000E+00  6.283E+00
  9.035E-03  9.055E-03  0.000E+00  0.000E+00  0.000E+00  6.283E+00
  9.055E-03  9.075E-03  0.000E+00  0.000E+00  0.000E+00  6.283E+00
  9.075E-03  9.095E-03  0.000E+00  0.000E+00  0.000E+00  6.283E+00
  9.095E-03  9.115E-03  0.000E+00  0.000E+00  0.000E+00  6.283E+00
  9.115E-03  9.135E-03  0.000E+00  0.000E+00  0.000E+00  6.283E+00
  9.135E-03  9.155E-03  0.000E+00  0.000E+00  0.000E+00  6.283E+00
  9.155E-03  9.174E-03  0.000E+00  0.000E+00  0.000E+00  6.283E+00
  9.174E-03  9.194E-03  0.000E+00  0.000E+00  0.000E+00  6.283E+00
  9.194E-03  9.214E-03  0.000E+00  0.000E+00  0.000E+00  6.283E+00
  9.214E-03  9.234E-03  0.000E+00  0.000E+00  0.000E+00  6.283E+00
  9.234E-03  9.254E-03  0.000E+00  0.000E+00  0.000E+00  6.283E+00
  9.254E-03  9.274E-03  0.000E+00  0.000E+00  0.000E+00  6.283E+00
  9.274E-03  9.294E-03  0.000E+00  0.000E+00  0.000E+00  6.283E+00
  9.294E-03  9.314E-03  0.000E+00  0.000E+00  0.000E+00  6.283E+00
  9.314E-03  9.334E-03  0.000E+00  0.000E+00  0.000E+00  6.283E+00
  9.334E-03  9.353E-03  0.000E+00  0.000E+00  0.000E+00  6.283E+00
  9.353E-03  9.373E-03  0.000E+00  0.000E+00  0.000E+00  6.283E+00
  9.373E-03  9.393E-03  0.000E+00  0.000E+00  0.000E+00  6.283E+00
  9.393E-03  9.413E-03  0.000E+00  0.000E+00  0.000E+00  6.283E+00
  9.413E-03  9.433E-03  0.000E+00  0.000E+00  0.000E+00  6.283E+00
  9.433E-03  9.453E-03  0.000E+00  0.000E+00  0.000E+00  6.283E+00
  9.453E-03  9.473E-03  0.000E+00  0.000E+00  0.000E+00  6.283E+00
  9.473E-03  9.493E-03  0.000E+00  0.000E+00  0.000E+00  6.283E+00
  9.493E-03  9.513E-03  0.000E+00  0.000E+00  0.000E+00  6.283E+00
  9.513E-03  9.533E-03  0.000E+00  0.000E+00  0.000E+00  6.283E+00
  9.533E-03  9.553E-03  0.000E+00  0.000E+00  0.000E+00  6.283E+00
  9.553E-03  9.572E-03  0.000E+00  0.000E+00  0.000E+00  6.283E+00
  9.572E-03  9.592E-03  0.000E+00  0.000E+00  0.000E+00  6.283E+00
  9.592E-03  9.612E-03  0.000E+00  0.000E+00  0.000E+00  6.283E+00
  9.612E-03  9.632E-03  0.000E+00  0.000E+00  0.000E+00  6.283E+00
  9.632E-03  9.652E-03  0.000E+00  0.000E+00  0.000E+00  6.283E+00
  9.652E-03  9.672E-03  0.000E+00  0.000E+00  0.000E+00  6.283E+00
  9.672E-03  9.692E-03  0.000E+00  0.000E+00  0.000E+00  6.283E+00
  9.692E-03  9.712E-03  0.000E+00  0.000E+00  0.000E+00  6.283E+00
  9.712E-03  9.732E-03  0.000E+00  0.000E+00  0.000E+00  6.283E+00
  9.732E-03  9.752E-03  0.000E+00  0.000E+00  0.000E+00  6.283E+00
  9.752E-03  9.771E-03  0.000E+00  0.000E+00  0.000E+00  6.283E+00
  9.771E-03  9.791E-03  1.024E+01  9.900E+01  0.000E+00  6.283E+00
  9.791E-03  9.811E-03  0.000E+00  0.000E+00  0.000E+00  6.283E+00
  9.811E-03  9.831E-03  0.000E+00  0.000E+00  0.000E+00  6.283E+00
  9.831E-03  9.851E-03  0.000E+00  0.000E+00  0.000E+00  6.283E+00
  9.851E-03  9.871E-03  0.000E+00  0.000E+00  0.000E+00  6.283E+00
  9.871E-03  9.891E-03  0.000E+00  0.000E+00  0.000E+00  6.283E+00
  9.891E-03  9.911E-03  0.000E+00  0.000E+00  0.000E+00  6.283E+00
  9.911E-03  9.931E-03  0.000E+00  0.000E+00  0.000E+00  6.283E+00
  9.931E-03  9.950E-03  0.000E+00  0.000E+00  0.000E+00  6.283E+00
  9.950E-03  9.970E-03  0.000E+00  0.000E+00  0.000E+00  6.283E+00
  9.970E-03  9.990E-03  0.000E+00  0.000E+00  0.000E+00  6.283E+00
  9.990E-03  1.001E-02  0.000E+00  0.000E+00  0.000E+00  6.283E+00
  1.001E-02  1.003E-02  0.000E+00  0.000E+00  0.000E+00  6.283E+00
  1.003E-02  1.005E-02  0.000E+00  0.000E+00  0.000E+00  6.283E+00
  1.005E-02  1.007E-02  0.000E+00  0.000E+00  0.000E+00  6.283E+00
  1.007E-02  1.009E-02  0.000E+00  0.000E+00  0.000E+00  6.283E+00
  1.009E-02  1.011E-02  0.000E+00  0.000E+00  0.000E+00  6.283E+00
  1.011E-02  1.013E-02  0.000E+00  0.000E+00  0.000E+00  6.283E+00
  1.013E-02  1.015E-02  0.000E+00  0.000E+00  0.000E+00  6.283E+00
  1.015E-02  1.017E-02  0.000E+00  0.000E+00  0.000E+00  6.283E+00
  1.017E-02  1.019E-02  0.000E+00  0.000E+00  0.000E+00  6.283E+00
  1.019E-02  1.021E-02  0.000E+00  0.000E+00  0.000E+00  6.283E+00
  1.021E-02  1.023E-02  0.000E+00  0.000E+00  0.000E+00  6.283E+00
  1.023E-02  1.025E-02  0.000E+00  0.000E+00  0.000E+00  6.283E+00
  1.025E-02  1.027E-02  0.000E+00  0.000E+00  0.000E+00  6.283E+00
  1.027E-02  1.029E-02  0.000E+00  0.000E+00  0.000E+00  6.283E+00
  1.029E-02  1.031E-02  0.000E+00  0.000E+00  0.000E+00  6.283E+00
  1.031E-02  1.033E-02  0.000E+00  0.000E+00  0.000E+00  6.283E+00
  1.033E-02  1.035E-02  0.000E+00  0.000E+00  0.000E+00  6.283E+00
  1.035E-02  1.037E-02  0.000E+00  0.000E+00  0.000E+00  6.283E+00
  1.037E-02  1.039E-02  0.000E+00  0.000E+00  0.000E+00  6.283E+00
  1.039E-02  1.041E-02  0.000E+00  0.000E+00  0.000E+00  6.283E+00
  1.041E-02  1.043E-02  0.000E+00  0.000E+00  0.000E+00  6.283E+00
  1.043E-02  1.045E-02  0.000E+00  0.000E+00  0.000E+00  6.283E+00
  1.045E-02  1.047E-02  0.000E+00  0.000E+00  0.000E+00  6.283E+00
  1.047E-02  1.049E-02  0.000E+00  0.000E+00  0.000E+00  6.283E+00
  1.049E-02  1.051E-02  0.000E+00  0.000E+00  0.000E+00  6.283E+00
  1.051E-02  1.053E-02  0.000E+00  0.000E+00  0.000E+00  6.283E+00
  1.053E-02  1.055E-02  0.000E+00  0.000E+00  0.000E+00  6.283E+00
  1.055E-02  1.057E-02  0.000E+00  0.000E+00  0.000E+00  6.283E+00
  1.057E-02  1.059E-02  0.000E+00  0.000E+00  0.000E+00  6.283E+00
  1.059E-02  1.061E-02  0.000E+00  0.000E+00  0.000E+00  6.283E+00
  1.061E-02  1.063E-02  0.000E+00  0.000E+00  0.000E+00  6.283E+00
  1.063E-02  1.065E-02  0.000E+00  0.000E+00  0.000E+00  6.283E+00
  1.065E-02  1.067E-02  0.000E+00  0.000E+00  0.000E+00  6.283E+00
  1.067E-02  1.069E-02  0.000E+00  0.000E+00  0.000E+00  6.283E+00
  1.069E-02  1.071E-02  0.000E+00  0.000E+00  0.000E+00  6.283E+00
  1.071E-02  1.073E-02  0.000E+00  0.000E+00  0.000E+00  6.283E+00
  1.073E-02  1.075E-02  0.000E+00  0.000E+00  0.000E+00  6.283E+00
  1.075E-02  1.077E-02  0.000E+00  0.000E+00  0.000E+00  6.283E+00
  1.077E-02  1.079E-02  0.000E+00  0.000E+00  0.000E+00  6.283E+00
  1.079E-02  1.081E-02  0.000E+00  0.000E+00  0.000E+00  6.283E+00
  1.081E-02  1.083E-02  0.000E+00  0.000E+00  0.000E+00  6.283E+00
  1.083E-02  1.085E-02  0.000E+00  0.000E+00  0.000E+00  6.283E+00
  1.085E-02  1.087E-02  0.000E+00  0.000E+00  0.000E+00  6.283E+00
  1.087E-02  1.089E-02  0.000E+00  0.000E+00  0.000E+00  6.283E+00
  1.089E-02  1.091E-02  0.000E+00  0.000E+00  0.000E+00  6.283E+00
  1.091E-02  1.093E-02  0.000E+00  0.000E+00  0.000E+00  6.283E+00
  1.093E-02  1.095E-02  0.000E+00  0.000E+00  0.000E+00  6.283E+00
  1.095E-02  1.097E-02  0.000E+00  0.000E+00  0.000E+00  6.283E+00
  1.097E-02  1.099E-02  0.000E+00  0.000E+00  0.000E+00  6.283E+00
  1.099E-02  1.101E-02  0.000E+00  0.000E+00  0.000E+00  6.283E+00
  1.101E-02  1.103E-02  0.000E+00  0.000E+00  0.000E+00  6.283E+00
  1.103E-02  1.105E-02  0.000E+00  0.000E+00  0.000E+00  6.283E+00
  1.105E-02  1.106E-02  0.000E+00  0.000E+00  0.000E+00  6.283E+00
  1.106E-02  1.108E-02  0.000E+00  0.000E+00  0.000E+00  6.283E+00
  1.108E-02  1.110E-02  0.000E+00  0.000E+00  0.000E+00  6.283E+00
  1.110E-02  1.112E-02  0.000E+00  0.000E+00  0.000E+00  6.283E+00
  1.112E-02  1.114E-02  0.000E+00  0.000E+00  0.000E+00  6.283E+00
  1.114E-02  1.116E-02  0.000E+00  0.000E+00  0.000E+00  6.283E+00
  1.116E-02  1.118E-02  0.000E+00  0.000E+00  0.000E+00  6.283E+00
  1.118E-02  1.120E-02  0.000E+00  0.000E+00  0.000E+00  6.283E+00
  1.120E-02  1.122E-02  0.000E+00  0.000E+00  0.000E+00  6.283E+00
  1.122E-02  1.124E-02  0.000E+00  0.000E+00  0.000E+00  6.283E+00
  1.124E-02  1.126E-02  0.000E+00  0.000E+00  0.000E+00  6.283E+00
  1.126E-02  1.128E-02  0.000E+00  0.000E+00  0.000E+00  6.283E+00
  1.128E-02  1.130E-02  0.000E+00  0.000E+00  0.000E+00  6.283E+00
  1.130E-02  1.132E-02  0.000E+00  0.000E+00  0.000E+00  6.283E+00
  1.132E-02  1.134E-02  0.000E+00  0.000E+00  0.000E+00  6.283E+00
  1.134E-02  1.136E-02  0.000E+00  0.000E+00  0.000E+00  6.283E+00
  1.136E-02  1.138E-02  0.000E+00  0.000E+00  0.000E+00  6.283E+00
  1.138E-02  1.140E-02  0.000E+00  0.000E+00  0.000E+00  6.283E+00
  1.140E-02  1.142E-02  0.000E+00  0.000E+00  0.000E+00  6.283E+00
  1.142E-02  1.144E-02  0.000E+00  0.000E+00  0.000E+00  6.283E+00
  1.144E-02  1.146E-02  0.000E+00  0.000E+00  0.000E+00  6.283E+00
  1.146E-02  1.148E-02  0.000E+00  0.000E+00  0.000E+00  6.283E+00
  1.148E-02  1.150E-02  0.000E+00  0.000E+00  0.000E+00  6.283E+00
  1.150E-02  1.152E-02  0.000E+00  0.000E+00  0.000E+00  6.283E+00
  1.152E-02  1.154E-02  0.000E+00  0.000E+00  0.000E+00  6.283E+00
  1.154E-02  1.156E-02  0.000E+00  0.000E+00  0.000E+00  6.283E+00
  1.156E-02  1.158E-02  0.000E+00  0.000E+00  0.000E+00  6.283E+00
  1.158E-02  1.160E-02  0.000E+00  0.000E+00  0.000E+00  6.283E+00
  1.160E-02  1.162E-02  0.000E+00  0.000E+00  0.000E+00  6.283E+00
  1.162E-02  1.164E-02  0.000E+00  0.000E+00  0.000E+00  6.283E+00
  1.164E-02  1.166E-02  0.000E+00  0.000E+00  0.000E+00  6.283E+00
  1.166E-02  1.168E-02  0.000E+00  0.000E+00  0.000E+00  6.283E+00
  1.168E-02  1.170E-02  0.000E+00  0.000E+00  0.000E+00  6.283E+00
  1.170E-02  1.172E-02  0.000E+00  0.000E+00  0.000E+00  6.283E+00
  1.172E-02  1.174E-02  0.000E+00  0.000E+00  0.000E+00  6.283E+00
  1.174E-02  1.176E-02  0.000E+00  0.000E+00  0.000E+00  6.283E+00
  1.176E-02  1.178E-02  0.000E+00  0.000E+00  0.000E+00  6.283E+00
  1.178E-02  1.180E-02  0.000E+00  0.000E+00  0.000E+00  6.283E+00
  1.180E-02  1.182E-02  0.000E+00  0.000E+00  0.000E+00  6.283E+00
  1.182E-02  1.184E-02  0.000E+00  0.000E+00  0.000E+00  6.283E+00
  1.184E-02  1.186E-02  0.000E+00  0.000E+00  0.000E+00  6.283E+00
  1.186E-02  1.188E-02  0.000E+00  0.000E+00  0.000E+00  6.283E+00
  1.188E-02  1.190E-02  0.000E+00  0.000E+00  0.000E+00  6.283E+00
  1.190E-02  1.192E-02  0.000E+00  0.000E+00  0.000E+00  6.283E+00
  1.192E-02  1.194E-02  0.000E+00  0.000E+00  0.000E+00  6.283E+00
  1.194E-02  1.196E-02  0.000E+00  0.000E+00  0.000E+00  6.283E+00
  1.196E-02  1.198E-02  0.000E+00  0.000E+00  0.000E+00  6.283E+00
  1.198E-02  1.200E-02  0.000E+00  0.000E+00  0.000E+00  6.283E+00
  1.200E-02  1.202E-02  0.000E+00  0.000E+00  0.000E+00  6.283E+00
  1.202E-02  1.204E-02  0.000E+00  0.000E+00  0.000E+00  6.283E+00
  1.204E-02  1.206E-02  0.000E+00  0.000E+00  0.000E+00  6.283E+00
  1.206E-02  1.208E-02  0.000E+00  0.000E+00  0.000E+00  6.283E+00
  1.208E-02  1.210E-02  0.000E+00  0.000E+00  0.000E+00  6.283E+00
  1.210E-02  1.212E-02  0.000E+00  0.000E+00  0.000E+00  6.283E+00
  1.212E-02  1.214E-02  0.000E+00  0.000E+00  0.000E+00  6.283E+00
  1.214E-02  1.216E-02  0.000E+00  0.000E+00  0.000E+00  6.283E+00
  1.216E-02  1.218E-02  0.000E+00  0.000E+00  0.000E+00  6.283E+00
  1.218E-02  1.220E-02  0.000E+00  0.000E+00  0.000E+00  6.283E+00
  1.220E-02  1.222E-02  0.000E+00  0.000E+00  0.000E+00  6.283E+00
  1.222E-02  1.224E-02  0.000E+00  0.000E+00  0.000E+00  6.283E+00
  1.224E-02  1.226E-02  0.000E+00  0.000E+00  0.000E+00  6.283E+00
  1.226E-02  1.228E-02  0.000E+00  0.000E+00  0.000E+00  6.283E+00
  1.228E-02  1.230E-02  0.000E+00  0.000E+00  0.000E+00  6.283E+00
  1.230E-02  1.232E-02  0.000E+00  0.000E+00  0.000E+00  6.283E+00
  1.232E-02  1.234E-02  0.000E+00  0.000E+00  0.000E+00  6.283E+00
  1.234E-02  1.236E-02  0.000E+00  0.000E+00  0.000E+00  6.283E+00
  1.236E-02  1.238E-02  0.000E+00  0.000E+00  0.000E+00  6.283E+00
  1.238E-02  1.240E-02  0.000E+00  0.000E+00  0.000E+00  6.283E+00
  1.240E-02  1.242E-02  0.000E+00  0.000E+00  0.000E+00  6.283E+00
  1.242E-02  1.244E-02  0.000E+00  0.000E+00  0.000E+00  6.283E+00
  1.244E-02  1.246E-02  0.000E+00  0.000E+00  0.000E+00  6.283E+00
  1.246E-02  1.248E-02  0.000E+00  0.000E+00  0.000E+00  6.283E+00
  1.248E-02  1.250E-02  0.000E+00  0.000E+00  0.000E+00  6.283E+00
  1.250E-02  1.252E-02  0.000E+00  0.000E+00  0.000E+00  6.283E+00
  1.252E-02  1.254E-02  0.000E+00  0.000E+00  0.000E+00  6.283E+00
  1.254E-02  1.256E-02  0.000E+00  0.000E+00  0.000E+00  6.283E+00
  1.256E-02  1.258E-02  0.000E+00  0.000E+00  0.000E+00  6.283E+00
  1.258E-02  1.260E-02  0.000E+00  0.000E+00  0.000E+00  6.283E+00
  1.260E-02  1.262E-02  0.000E+00  0.000E+00  0.000E+00  6.283E+00
  1.262E-02  1.264E-02  0.000E+00  0.000E+00  0.000E+00  6.283E+00
  1.264E-02  1.266E-02  0.000E+00  0.000E+00  0.000E+00  6.283E+00
  1.266E-02  1.268E-02  0.000E+00  0.000E+00  0.000E+00  6.283E+00
  1.268E-02  1.270E-02  0.000E+00  0.000E+00  0.000E+00  6.283E+00
  1.270E-02  1.272E-02  0.000E+00  0.000E+00  0.000E+00  6.283E+00
  1.272E-02  1.274E-02  0.000E+00  0.000E+00  0.000E+00  6.283E+00
  1.274E-02  1.276E-02  0.000E+00  0.000E+00  0.000E+00  6.283E+00
  1.276E-02  1.278E-02  0.000E+00  0.000E+00  0.000E+00  6.283E+00
  1.278E-02  1.280E-02  0.000E+00  0.000E+00  0.000E+00  6.283E+00
  1.280E-02  1.282E-02  0.000E+00  0.000E+00  0.000E+00  6.283E+00
  1.282E-02  1.284E-02  0.000E+00  0.000E+00  0.000E+00  6.283E+00
  1.284E-02  1.286E-02  0.000E+00  0.000E+00  0.000E+00  6.283E+00
  1.286E-02  1.288E-02  0.000E+00  0.000E+00  0.000E+00  6.283E+00
  1.288E-02  1.290E-02  0.000E+00  0.000E+00  0.000E+00  6.283E+00
  1.290E-02  1.292E-02  0.000E+00  0.000E+00  0.000E+00  6.283E+00
  1.292E-02  1.294E-02  0.000E+00  0.000E+00  0.000E+00  6.283E+00
  1.294E-02  1.296E-02  0.000E+00  0.000E+00  0.000E+00  6.283E+00
  1.296E-02  1.298E-02  0.000E+00  0.000E+00  0.000E+00  6.283E+00
  1.298E-02  1.300E-02  0.000E+00  0.000E+00  0.000E+00  6.283E+00
  1.300E-02  1.302E-02  0.000E+00  0.000E+00  0.000E+00  6.283E+00
  1.302E-02  1.304E-02  0.000E+00  0.000E+00  0.000E+00  6.283E+00
  1.304E-02  1.305E-02  0.000E+00  0.000E+00  0.000E+00  6.283E+00
  1.305E-02  1.307E-02  0.000E+00  0.000E+00  0.000E+00  6.283E+00
  1.307E-02  1.309E-02  0.000E+00  0.000E+00  0.000E+00  6.283E+00
  1.309E-02  1.311E-02  0.000E+00  0.000E+00  0.000E+00  6.283E+00
  1.311E-02  1.313E-02  0.000E+00  0.000E+00  0.000E+00  6.283E+00
  1.313E-02  1.315E-02  0.000E+00  0.000E+00  0.000E+00  6.283E+00
  1.315E-02  1.317E-02  0.000E+00  0.000E+00  0.000E+00  6.283E+00
  1.317E-02  1.319E-02  0.000E+00  0.000E+00  0.000E+00  6.283E+00
  1.319E-02  1.321E-02  0.000E+00  0.000E+00  0.000E+00  6.283E+00
  1.321E-02  1.323E-02  0.000E+00  0.000E+00  0.000E+00  6.283E+00
  1.323E-02  1.325E-02  0.000E+00  0.000E+00  0.000E+00  6.283E+00
  1.325E-02  1.327E-02  0.000E+00  0.000E+00  0.000E+00  6.283E+00
  1.327E-02  1.329E-02  0.000E+00  0.000E+00  0.000E+00  6.283E+00
  1.329E-02  1.331E-02  0.000E+00  0.000E+00  0.000E+00  6.283E+00
  1.331E-02  1.333E-02  0.000E+00  0.000E+00  0.000E+00  6.283E+00
  1.333E-02  1.335E-02  0.000E+00  0.000E+00  0.000E+00  6.283E+00
  1.335E-02  1.337E-02  0.000E+00  0.000E+00  0.000E+00  6.283E+00
  1.337E-02  1.339E-02  0.000E+00  0.000E+00  0.000E+00  6.283E+00
  1.339E-02  1.341E-02  0.000E+00  0.000E+00  0.000E+00  6.283E+00
  1.341E-02  1.343E-02  0.000E+00  0.000E+00  0.000E+00  6.283E+00
  1.343E-02  1.345E-02  0.000E+00  0.000E+00  0.000E+00  6.283E+00
  1.345E-02  1.347E-02  0.000E+00  0.000E+00  0.000E+00  6.283E+00
  1.347E-02  1.349E-02  0.000E+00  0.000E+00  0.000E+00  6.283E+00
  1.349E-02  1.351E-02  0.000E+00  0.000E+00  0.000E+00  6.283E+00
  1.351E-02  1.353E-02  0.000E+00  0.000E+00  0.000E+00  6.283E+00
  1.353E-02  1.355E-02  0.000E+00  0.000E+00  0.000E+00  6.283E+00
  1.355E-02  1.357E-02  0.000E+00  0.000E+00  0.000E+00  6.283E+00
  1.357E-02  1.359E-02  0.000E+00  0.000E+00  0.000E+00  6.283E+00
  1.359E-02  1.361E-02  0.000E+00  0.000E+00  0.000E+00  6.283E+00
  1.361E-02  1.363E-02  0.000E+00  0.000E+00  0.000E+00  6.283E+00
  1.363E-02  1.365E-02  0.000E+00  0.000E+00  0.000E+00  6.283E+00
  1.365E-02  1.367E-02  0.000E+00  0.000E+00  0.000E+00  6.283E+00
  1.367E-02  1.369E-02  0.000E+00  0.000E+00  0.000E+00  6.283E+00
  1.369E-02  1.371E-02  0.000E+00  0.000E+00  0.000E+00  6.283E+00
  1.371E-02  1.373E-02  0.000E+00  0.000E+00  0.000E+00  6.283E+00
  1.373E-02  1.375E-02  0.000E+00  0.000E+00  0.000E+00  6.283E+00
  1.375E-02  1.377E-02  0.000E+00  0.000E+00  0.000E+00  6.283E+00
  1.377E-02  1.379E-02  0.000E+00  0.000E+00  0.000E+00  6.283E+00
  1.379E-02  1.381E-02  0.000E+00  0.000E+00  0.000E+00  6.283E+00
  1.381E-02  1.383E-02  0.000E+00  0.000E+00  0.000E+00  6.283E+00
  1.383E-02  1.385E-02  0.000E+00  0.000E+00  0.000E+00  6.283E+00
  1.385E-02  1.387E-02  0.000E+00  0.000E+00  0.000E+00  6.283E+00
  1.387E-02  1.389E-02  0.000E+00  0.000E+00  0.000E+00  6.283E+00
  1.389E-02  1.391E-02  0.000E+00  0.000E+00  0.000E+00  6.283E+00
  1.391E-02  1.393E-02  0.000E+00  0.000E+00  0.000E+00  6.283E+00
  1.393E-02  1.395E-02  0.000E+00  0.000E+00  0.000E+00  6.283E+00
  1.395E-02  1.397E-02  0.000E+00  0.000E+00  0.000E+00  6.283E+00
  1.397E-02  1.399E-02  0.000E+00  0.000E+00  0.000E+00  6.283E+00
  1.399E-02  1.401E-02  0.000E+00  0.000E+00  0.000E+00  6.283E+00
  1.401E-02  1.403E-02  0.000E+00  0.000E+00  0.000E+00  6.283E+00
  1.403E-02  1.405E-02  0.000E+00  0.000E+00  0.000E+00  6.283E+00
  1.405E-02  1.407E-02  0.000E+00  0.000E+00  0.000E+00  6.283E+00
  1.407E-02  1.409E-02  0.000E+00  0.000E+00  0.000E+00  6.283E+00
  1.409E-02  1.411E-02  0.000E+00  0.000E+00  0.000E+00  6.283E+00
  1.411E-02  1.413E-02  0.000E+00  0.000E+00  0.000E+00  6.283E+00
  1.413E-02  1.415E-02  0.000E+00  0.000E+00  0.000E+00  6.283E+00
  1.415E-02  1.417E-02  0.000E+00  0.000E+00  0.000E+00  6.283E+00
  1.417E-02  1.419E-02  0.000E+00  0.000E+00  0.000E+00  6.283E+00
  1.419E-02  1.421E-02  0.000E+00  0.000E+00  0.000E+00  6.283E+00
  1.421E-02  1.423E-02  0.000E+00  0.000E+00  0.000E+00  6.283E+00
  1.423E-02  1.425E-02  0.000E+00  0.000E+00  0.000E+00  6.283E+00
  1.425E-02  1.427E-02  0.000E+00  0.000E+00  0.000E+00  6.283E+00
  1.427E-02  1.429E-02  0.000E+00  0.000E+00  0.000E+00  6.283E+00
  1.429E-02  1.431E-02  0.000E+00  0.000E+00  0.000E+00  6.283E+00
  1.431E-02  1.433E-02  0.000E+00  0.000E+00  0.000E+00  6.283E+00
  1.433E-02  1.435E-02  0.000E+00  0.000E+00  0.000E+00  6.283E+00
  1.435E-02  1.437E-02  0.000E+00  0.000E+00  0.000E+00  6.283E+00
  1.437E-02  1.439E-02  0.000E+00  0.000E+00  0.000E+00  6.283E+00
  1.439E-02  1.441E-02  0.000E+00  0.000E+00  0.000E+00  6.283E+00
  1.441E-02  1.443E-02  0.000E+00  0.000E+00  0.000E+00  6.283E+00
  1.443E-02  1.445E-02  0.000E+00  0.000E+00  0.000E+00  6.283E+00
  1.445E-02  1.447E-02  0.000E+00  0.000E+00  0.000E+00  6.283E+00
  1.447E-02  1.449E-02  0.000E+00  0.000E+00  0.000E+00  6.283E+00
  1.449E-02  1.451E-02  0.000E+00  0.000E+00  0.000E+00  6.283E+00
  1.451E-02  1.453E-02  0.000E+00  0.000E+00  0.000E+00  6.283E+00
  1.453E-02  1.455E-02  0.000E+00  0.000E+00  0.000E+00  6.283E+00
  1.455E-02  1.457E-02  0.000E+00  0.000E+00  0.000E+00  6.283E+00
  1.457E-02  1.459E-02  0.000E+00  0.000E+00  0.000E+00  6.283E+00
  1.459E-02  1.461E-02  0.000E+00  0.000E+00  0.000E+00  6.283E+00
  1.461E-02  1.463E-02  0.000E+00  0.000E+00  0.000E+00  6.283E+00
  1.463E-02  1.465E-02  0.000E+00  0.000E+00  0.000E+00  6.283E+00
  1.465E-02  1.467E-02  0.000E+00  0.000E+00  0.000E+00  6.283E+00
  1.467E-02  1.469E-02  0.000E+00  0.000E+00  0.000E+00  6.283E+00
  1.469E-02  1.471E-02  0.000E+00  0.000E+00  0.000E+00  6.283E+00
  1.471E-02  1.473E-02  0.000E+00  0.000E+00  0.000E+00  6.283E+00
  1.473E-02  1.475E-02  0.000E+00  0.000E+00  0.000E+00  6.283E+00
  1.475E-02  1.477E-02  0.000E+00  0.000E+00  0.000E+00  6.283E+00
  1.477E-02  1.479E-02  0.000E+00  0.000E+00  0.000E+00  6.283E+00
  1.479E-02  1.481E-02  0.000E+00  0.000E+00  0.000E+00  6.283E+00
  1.481E-02  1.483E-02  0.000E+00  0.000E+00  0.000E+00  6.283E+00
  1.483E-02  1.485E-02  0.000E+00  0.000E+00  0.000E+00  6.283E+00
  1.485E-02  1.487E-02  0.000E+00  0.000E+00  0.000E+00  6.283E+00
  1.487E-02  1.489E-02  0.000E+00  0.000E+00  0.000E+00  6.283E+00
  1.489E-02  1.491E-02  0.000E+00  0.000E+00  0.000E+00  6.283E+00
  1.491E-02  1.493E-02  0.000E+00  0.000E+00  0.000E+00  6.283E+00
  1.493E-02  1.495E-02  0.000E+00  0.000E+00  0.000E+00  6.283E+00
  1.495E-02  1.497E-02  0.000E+00  0.000E+00  0.000E+00  6.283E+00
  1.497E-02  1.499E-02  0.000E+00  0.000E+00  0.000E+00  6.283E+00
  1.499E-02  1.501E-02  0.000E+00  0.000E+00  0.000E+00  6.283E+00
  1.501E-02  1.503E-02  0.000E+00  0.000E+00  0.000E+00  6.283E+00
  1.503E-02  1.504E-02  0.000E+00  0.000E+00  0.000E+00  6.283E+00
  1.504E-02  1.506E-02  0.000E+00  0.000E+00  0.000E+00  6.283E+00
  1.506E-02  1.508E-02  0.000E+00  0.000E+00  0.000E+00  6.283E+00
  1.508E-02  1.510E-02  0.000E+00  0.000E+00  0.000E+00  6.283E+00
  1.510E-02  1.512E-02  0.000E+00  0.000E+00  0.000E+00  6.283E+00
  1.512E-02  1.514E-02  0.000E+00  0.000E+00  0.000E+00  6.283E+00
  1.514E-02  1.516E-02  0.000E+00  0.000E+00  0.000E+00  6.283E+00
  1.516E-02  1.518E-02  0.000E+00  0.000E+00  0.000E+00  6.283E+00
  1.518E-02  1.520E-02  0.000E+00  0.000E+00  0.000E+00  6.283E+00
  1.520E-02  1.522E-02  0.000E+00  0.000E+00  0.000E+00  6.283E+00
  1.522E-02  1.524E-02  0.000E+00  0.000E+00  0.000E+00  6.283E+00
  1.524E-02  1.526E-02  0.000E+00  0.000E+00  0.000E+00  6.283E+00
  1.526E-02  1.528E-02  0.000E+00  0.000E+00  0.000E+00  6.283E+00
  1.528E-02  1.530E-02  0.000E+00  0.000E+00  0.000E+00  6.283E+00
  1.530E-02  1.532E-02  0.000E+00  0.000E+00  0.000E+00  6.283E+00
  1.532E-02  1.534E-02  0.000E+00  0.000E+00  0.000E+00  6.283E+00
  1.534E-02  1.536E-02  0.000E+00  0.000E+00  0.000E+00  6.283E+00
  1.536E-02  1.538E-02  0.000E+00  0.000E+00  0.000E+00  6.283E+00
  1.538E-02  1.540E-02  0.000E+00  0.000E+00  0.000E+00  6.283E+00
  1.540E-02  1.542E-02  0.000E+00  0.000E+00  0.000E+00  6.283E+00
  1.542E-02  1.544E-02  0.000E+00  0.000E+00  0.000E+00  6.283E+00
  1.544E-02  1.546E-02  0.000E+00  0.000E+00  0.000E+00  6.283E+00
  1.546E-02  1.548E-02  0.000E+00  0.000E+00  0.000E+00  6.283E+00
  1.548E-02  1.550E-02  0.000E+00  0.000E+00  0.000E+00  6.283E+00
  1.550E-02  1.552E-02  0.000E+00  0.000E+00  0.000E+00  6.283E+00
  1.552E-02  1.554E-02  0.000E+00  0.000E+00  0.000E+00  6.283E+00
  1.554E-02  1.556E-02  0.000E+00  0.000E+00  0.000E+00  6.283E+00
  1.556E-02  1.558E-02  0.000E+00  0.000E+00  0.000E+00  6.283E+00
  1.558E-02  1.560E-02  0.000E+00  0.000E+00  0.000E+00  6.283E+00
  1.560E-02  1.562E-02  0.000E+00  0.000E+00  0.000E+00  6.283E+00
  1.562E-02  1.564E-02  0.000E+00  0.000E+00  0.000E+00  6.283E+00
  1.564E-02  1.566E-02  0.000E+00  0.000E+00  0.000E+00  6.283E+00
  1.566E-02  1.568E-02  0.000E+00  0.000E+00  0.000E+00  6.283E+00
  1.568E-02  1.570E-02  0.000E+00  0.000E+00  0.000E+00  6.283E+00
  1.570E-02  1.572E-02  0.000E+00  0.000E+00  0.000E+00  6.283E+00
  1.572E-02  1.574E-02  0.000E+00  0.000E+00  0.000E+00  6.283E+00
  1.574E-02  1.576E-02  0.000E+00  0.000E+00  0.000E+00  6.283E+00
  1.576E-02  1.578E-02  0.000E+00  0.000E+00  0.000E+00  6.283E+00
  1.578E-02  1.580E-02  0.000E+00  0.000E+00  0.000E+00  6.283E+00
  1.580E-02  1.582E-02  0.000E+00  0.000E+00  0.000E+00  6.283E+00
  1.582E-02  1.584E-02  0.000E+00  0.000E+00  0.000E+00  6.283E+00
  1.584E-02  1.586E-02  0.000E+00  0.000E+00  0.000E+00  6.283E+00
  1.586E-02  1.588E-02  0.000E+00  0.000E+00  0.000E+00  6.283E+00
  1.588E-02  1.590E-02  0.000E+00  0.000E+00  0.000E+00  6.283E+00
  1.590E-02  1.592E-02  0.000E+00  0.000E+00  0.000E+00  6.283E+00
  1.592E-02  1.594E-02  0.000E+00  0.000E+00  0.000E+00  6.283E+00
  1.594E-02  1.596E-02  0.000E+00  0.000E+00  0.000E+00  6.283E+00
  1.596E-02  1.598E-02  0.000E+00  0.000E+00  0.000E+00  6.283E+00
  1.598E-02  1.600E-02  0.000E+00  0.000E+00  0.000E+00  6.283E+00
  1.600E-02  1.602E-02  0.000E+00  0.000E+00  0.000E+00  6.283E+00
  1.602E-02  1.604E-02  0.000E+00  0.000E+00  0.000E+00  6.283E+00
  1.604E-02  1.606E-02  0.000E+00  0.000E+00  0.000E+00  6.283E+00
  1.606E-02  1.608E-02  0.000E+00  0.000E+00  0.000E+00  6.283E+00
  1.608E-02  1.610E-02  0.000E+00  0.000E+00  0.000E+00  6.283E+00
  1.610E-02  1.612E-02  0.000E+00  0.000E+00  0.000E+00  6.283E+00
  1.612E-02  1.614E-02  0.000E+00  0.000E+00  0.000E+00  6.283E+00
  1.614E-02  1.616E-02  0.000E+00  0.000E+00  0.000E+00  6.283E+00
  1.616E-02  1.618E-02  0.000E+00  0.000E+00  0.000E+00  6.283E+00
  1.618E-02  1.620E-02  0.000E+00  0.000E+00  0.000E+00  6.283E+00
  1.620E-02  1.622E-02  0.000E+00  0.000E+00  0.000E+00  6.283E+00
  1.622E-02  1.624E-02  0.000E+00  0.000E+00  0.000E+00  6.283E+00
  1.624E-02  1.626E-02  0.000E+00  0.000E+00  0.000E+00  6.283E+00
  1.626E-02  1.628E-02  0.000E+00  0.000E+00  0.000E+00  6.283E+00
  1.628E-02  1.630E-02  0.000E+00  0.000E+00  0.000E+00  6.283E+00
  1.630E-02  1.632E-02  0.000E+00  0.000E+00  0.000E+00  6.283E+00
  1.632E-02  1.634E-02  0.000E+00  0.000E+00  0.000E+00  6.283E+00
  1.634E-02  1.636E-02  0.000E+00  0.000E+00  0.000E+00  6.283E+00
  1.636E-02  1.638E-02  0.000E+00  0.000E+00  0.000E+00  6.283E+00
  1.638E-02  1.640E-02  0.000E+00  0.000E+00  0.000E+00  6.283E+00
  1.640E-02  1.642E-02  0.000E+00  0.000E+00  0.000E+00  6.283E+00
  1.642E-02  1.644E-02  0.000E+00  0.000E+00  0.000E+00  6.283E+00
  1.644E-02  1.646E-02  0.000E+00  0.000E+00  0.000E+00  6.283E+00
  1.646E-02  1.648E-02  0.000E+00  0.000E+00  0.000E+00  6.283E+00
  1.648E-02  1.650E-02  0.000E+00  0.000E+00  0.000E+00  6.283E+00
  1.650E-02  1.652E-02  0.000E+00  0.000E+00  0.000E+00  6.283E+00
  1.652E-02  1.654E-02  0.000E+00  0.000E+00  0.000E+00  6.283E+00
  1.654E-02  1.656E-02  0.000E+00  0.000E+00  0.000E+00  6.283E+00
  1.656E-02  1.658E-02  0.000E+00  0.000E+00  0.000E+00  6.283E+00
  1.658E-02  1.660E-02  0.000E+00  0.000E+00  0.000E+00  6.283E+00
  1.660E-02  1.662E-02  0.000E+00  0.000E+00  0.000E+00  6.283E+00
  1.662E-02  1.664E-02  0.000E+00  0.000E+00  0.000E+00  6.283E+00
  1.664E-02  1.666E-02  0.000E+00  0.000E+00  0.000E+00  6.283E+00
  1.666E-02  1.668E-02  0.000E+00  0.000E+00  0.000E+00  6.283E+00
  1.668E-02  1.670E-02  0.000E+00  0.000E+00  0.000E+00  6.283E+00
  1.670E-02  1.672E-02  0.000E+00  0.000E+00  0.000E+00  6.283E+00
  1.672E-02  1.674E-02  0.000E+00  0.000E+00  0.000E+00  6.283E+00
  1.674E-02  1.676E-02  0.000E+00  0.000E+00  0.000E+00  6.283E+00
  1.676E-02  1.678E-02  0.000E+00  0.000E+00  0.000E+00  6.283E+00
  1.678E-02  1.680E-02  0.000E+00  0.000E+00  0.000E+00  6.283E+00
  1.680E-02  1.682E-02  0.000E+00  0.000E+00  0.000E+00  6.283E+00
  1.682E-02  1.684E-02  0.000E+00  0.000E+00  0.000E+00  6.283E+00
  1.684E-02  1.686E-02  0.000E+00  0.000E+00  0.000E+00  6.283E+00
  1.686E-02  1.688E-02  0.000E+00  0.000E+00  0.000E+00  6.283E+00
  1.688E-02  1.690E-02  0.000E+00  0.000E+00  0.000E+00  6.283E+00
  1.690E-02  1.692E-02  0.000E+00  0.000E+00  0.000E+00  6.283E+00
  1.692E-02  1.694E-02  0.000E+00  0.000E+00  0.000E+00  6.283E+00
  1.694E-02  1.696E-02  0.000E+00  0.000E+00  0.000E+00  6.283E+00
  1.696E-02  1.698E-02  0.000E+00  0.000E+00  0.000E+00  6.283E+00
  1.698E-02  1.700E-02  0.000E+00  0.000E+00  0.000E+00  6.283E+00
  1.700E-02  1.702E-02  0.000E+00  0.000E+00  0.000E+00  6.283E+00
  1.702E-02  1.703E-02  0.000E+00  0.000E+00  0.000E+00  6.283E+00
  1.703E-02  1.705E-02  0.000E+00  0.000E+00  0.000E+00  6.283E+00
  1.705E-02  1.707E-02  0.000E+00  0.000E+00  0.000E+00  6.283E+00
  1.707E-02  1.709E-02  0.000E+00  0.000E+00  0.000E+00  6.283E+00
  1.709E-02  1.711E-02  0.000E+00  0.000E+00  0.000E+00  6.283E+00
  1.711E-02  1.713E-02  0.000E+00  0.000E+00  0.000E+00  6.283E+00
  1.713E-02  1.715E-02  0.000E+00  0.000E+00  0.000E+00  6.283E+00
  1.715E-02  1.717E-02  0.000E+00  0.000E+00  0.000E+00  6.283E+00
  1.717E-02  1.719E-02  0.000E+00  0.000E+00  0.000E+00  6.283E+00
  1.719E-02  1.721E-02  0.000E+00  0.000E+00  0.000E+00  6.283E+00
  1.721E-02  1.723E-02  0.000E+00  0.000E+00  0.000E+00  6.283E+00
  1.723E-02  1.725E-02  0.000E+00  0.000E+00  0.000E+00  6.283E+00
  1.725E-02  1.727E-02  0.000E+00  0.000E+00  0.000E+00  6.283E+00
  1.727E-02  1.729E-02  0.000E+00  0.000E+00  0.000E+00  6.283E+00
  1.729E-02  1.731E-02  0.000E+00  0.000E+00  0.000E+00  6.283E+00
  1.731E-02  1.733E-02  0.000E+00  0.000E+00  0.000E+00  6.283E+00
  1.733E-02  1.735E-02  0.000E+00  0.000E+00  0.000E+00  6.283E+00
  1.735E-02  1.737E-02  0.000E+00  0.000E+00  0.000E+00  6.283E+00
  1.737E-02  1.739E-02  0.000E+00  0.000E+00  0.000E+00  6.283E+00
  1.739E-02  1.741E-02  0.000E+00  0.000E+00  0.000E+00  6.283E+00
  1.741E-02  1.743E-02  0.000E+00  0.000E+00  0.000E+00  6.283E+00
  1.743E-02  1.745E-02  0.000E+00  0.000E+00  0.000E+00  6.283E+00
  1.745E-02  1.747E-02  0.000E+00  0.000E+00  0.000E+00  6.283E+00
  1.747E-02  1.749E-02  0.000E+00  0.000E+00  0.000E+00  6.283E+00
  1.749E-02  1.751E-02  0.000E+00  0.000E+00  0.000E+00  6.283E+00
  1.751E-02  1.753E-02  0.000E+00  0.000E+00  0.000E+00  6.283E+00
  1.753E-02  1.755E-02  0.000E+00  0.000E+00  0.000E+00  6.283E+00
  1.755E-02  1.757E-02  0.000E+00  0.000E+00  0.000E+00  6.283E+00
  1.757E-02  1.759E-02  0.000E+00  0.000E+00  0.000E+00  6.283E+00
  1.759E-02  1.761E-02  0.000E+00  0.000E+00  0.000E+00  6.283E+00
  1.761E-02  1.763E-02  1.018E+01  9.900E+01  0.000E+00  6.283E+00
  1.763E-02  1.765E-02  1.018E+01  9.900E+01  0.000E+00  6.283E+00
  1.765E-02  1.767E-02  2.037E+01  9.900E+01  0.000E+00  6.283E+00
  1.767E-02  1.769E-02  1.018E+01  9.900E+01  0.000E+00  6.283E+00
  1.769E-02  1.771E-02  3.055E+01  9.900E+01  0.000E+00  6.283E+00
  1.771E-02  1.773E-02  7.129E+01  9.900E+01  0.000E+00  6.283E+00
  1.773E-02  1.775E-02  1.324E+02  9.900E+01  0.000E+00  6.283E+00
  1.775E-02  1.777E-02  5.092E+01  9.900E+01  0.000E+00  6.283E+00
  1.777E-02  1.779E-02  1.120E+02  9.900E+01  0.000E+00  6.283E+00
  1.779E-02  1.781E-02  1.018E+02  9.900E+01  0.000E+00  6.283E+00
  1.781E-02  1.783E-02  1.629E+02  9.900E+01  0.000E+00  6.283E+00
  1.783E-02  1.785E-02  2.240E+02  9.900E+01  0.000E+00  6.283E+00
  1.785E-02  1.787E-02  2.139E+02  9.900E+01  0.000E+00  6.283E+00
  1.787E-02  1.789E-02  1.833E+02  9.900E+01  0.000E+00  6.283E+00
  1.789E-02  1.791E-02  2.139E+02  9.900E+01  0.000E+00  6.283E+00
  1.791E-02  1.793E-02  1.731E+02  9.900E+01  0.000E+00  6.283E+00
  1.793E-02  1.795E-02  1.120E+02  9.900E+01  0.000E+00  6.283E+00
  1.795E-02  1.797E-02  9.167E+01  9.900E+01  0.000E+00  6.283E+00
  1.797E-02  1.799E-02  1.018E+02  9.900E+01  0.000E+00  6.283E+00
  1.799E-02  1.801E-02  1.324E+02  9.900E+01  0.000E+00  6.283E+00
  1.801E-02  1.803E-02  3.055E+01  9.900E+01  0.000E+00  6.283E+00
  1.803E-02  1.805E-02  2.037E+01  9.900E+01  0.000E+00  6.283E+00
  1.805E-02  1.807E-02  3.055E+01  9.900E+01  0.000E+00  6.283E+00
  1.807E-02  1.809E-02  1.018E+01  9.900E+01  0.000E+00  6.283E+00
  1.809E-02  1.811E-02  2.037E+01  9.900E+01  0.000E+00  6.283E+00
  1.811E-02  1.813E-02  0.000E+00  0.000E+00  0.000E+00  6.283E+00
  1.813E-02  1.815E-02  0.000E+00  0.000E+00  0.000E+00  6.283E+00
  1.815E-02  1.817E-02  0.000E+00  0.000E+00  0.000E+00  6.283E+00
  1.817E-02  1.819E-02  0.000E+00  0.000E+00  0.000E+00  6.283E+00
  1.819E-02  1.821E-02  0.000E+00  0.000E+00  0.000E+00  6.283E+00
  1.821E-02  1.823E-02  0.000E+00  0.000E+00  0.000E+00  6.283E+00
  1.823E-02  1.825E-02  0.000E+00  0.000E+00  0.000E+00  6.283E+00
  1.825E-02  1.827E-02  0.000E+00  0.000E+00  0.000E+00  6.283E+00
  1.827E-02  1.829E-02  0.000E+00  0.000E+00  0.000E+00  6.283E+00
  1.829E-02  1.831E-02  0.000E+00  0.000E+00  0.000E+00  6.283E+00
  1.831E-02  1.833E-02  0.000E+00  0.000E+00  0.000E+00  6.283E+00
  1.833E-02  1.835E-02  0.000E+00  0.000E+00  0.000E+00  6.283E+00
  1.835E-02  1.837E-02  0.000E+00  0.000E+00  0.000E+00  6.283E+00
  1.837E-02  1.839E-02  0.000E+00  0.000E+00  0.000E+00  6.283E+00
  1.839E-02  1.841E-02  0.000E+00  0.000E+00  0.000E+00  6.283E+00
  1.841E-02  1.843E-02  0.000E+00  0.000E+00  0.000E+00  6.283E+00
  1.843E-02  1.845E-02  0.000E+00  0.000E+00  0.000E+00  6.283E+00
  1.845E-02  1.847E-02  0.000E+00  0.000E+00  0.000E+00  6.283E+00
  1.847E-02  1.849E-02  0.000E+00  0.000E+00  0.000E+00  6.283E+00
  1.849E-02  1.851E-02  0.000E+00  0.000E+00  0.000E+00  6.283E+00
  1.851E-02  1.853E-02  0.000E+00  0.000E+00  0.000E+00  6.283E+00
  1.853E-02  1.855E-02  0.000E+00  0.000E+00  0.000E+00  6.283E+00
  1.855E-02  1.857E-02  0.000E+00  0.000E+00  0.000E+00  6.283E+00
  1.857E-02  1.859E-02  0.000E+00  0.000E+00  0.000E+00  6.283E+00
  1.859E-02  1.861E-02  0.000E+00  0.000E+00  0.000E+00  6.283E+00
  1.861E-02  1.863E-02  0.000E+00  0.000E+00  0.000E+00  6.283E+00
  1.863E-02  1.865E-02  0.000E+00  0.000E+00  0.000E+00  6.283E+00
  1.865E-02  1.867E-02  0.000E+00  0.000E+00  0.000E+00  6.283E+00
  1.867E-02  1.869E-02  0.000E+00  0.000E+00  0.000E+00  6.283E+00
  1.869E-02  1.871E-02  0.000E+00  0.000E+00  0.000E+00  6.283E+00
  1.871E-02  1.873E-02  0.000E+00  0.000E+00  0.000E+00  6.283E+00
  1.873E-02  1.875E-02  0.000E+00  0.000E+00  0.000E+00  6.283E+00
  1.875E-02  1.877E-02  0.000E+00  0.000E+00  0.000E+00  6.283E+00
  1.877E-02  1.879E-02  0.000E+00  0.000E+00  0.000E+00  6.283E+00
  1.879E-02  1.881E-02  0.000E+00  0.000E+00  0.000E+00  6.283E+00
  1.881E-02  1.883E-02  0.000E+00  0.000E+00  0.000E+00  6.283E+00
  1.883E-02  1.885E-02  0.000E+00  0.000E+00  0.000E+00  6.283E+00
  1.885E-02  1.887E-02  0.000E+00  0.000E+00  0.000E+00  6.283E+00
  1.887E-02  1.889E-02  0.000E+00  0.000E+00  0.000E+00  6.283E+00
  1.889E-02  1.891E-02  0.000E+00  0.000E+00  0.000E+00  6.283E+00
  1.891E-02  1.893E-02  0.000E+00  0.000E+00  0.000E+00  6.283E+00
  1.893E-02  1.895E-02  0.000E+00  0.000E+00  0.000E+00  6.283E+00
  1.895E-02  1.897E-02  0.000E+00  0.000E+00  0.000E+00  6.283E+00
  1.897E-02  1.899E-02  0.000E+00  0.000E+00  0.000E+00  6.283E+00
  1.899E-02  1.901E-02  0.000E+00  0.000E+00  0.000E+00  6.283E+00
  1.901E-02  1.902E-02  0.000E+00  0.000E+00  0.000E+00  6.283E+00
  1.902E-02  1.904E-02  0.000E+00  0.000E+00  0.000E+00  6.283E+00
  1.904E-02  1.906E-02  0.000E+00  0.000E+00  0.000E+00  6.283E+00
  1.906E-02  1.908E-02  0.000E+00  0.000E+00  0.000E+00  6.283E+00
  1.908E-02  1.910E-02  0.000E+00  0.000E+00  0.000E+00  6.283E+00
  1.910E-02  1.912E-02  0.000E+00  0.000E+00  0.000E+00  6.283E+00
  1.912E-02  1.914E-02  0.000E+00  0.000E+00  0.000E+00  6.283E+00
  1.914E-02  1.916E-02  0.000E+00  0.000E+00  0.000E+00  6.283E+00
  1.916E-02  1.918E-02  0.000E+00  0.000E+00  0.000E+00  6.283E+00
  1.918E-02  1.920E-02  0.000E+00  0.000E+00  0.000E+00  6.283E+00
  1.920E-02  1.922E-02  0.000E+00  0.000E+00  0.000E+00  6.283E+00
  1.922E-02  1.924E-02  0.000E+00  0.000E+00  0.000E+00  6.283E+00
  1.924E-02  1.926E-02  0.000E+00  0.000E+00  0.000E+00  6.283E+00
  1.926E-02  1.928E-02  0.000E+00  0.000E+00  0.000E+00  6.283E+00
  1.928E-02  1.930E-02  0.000E+00  0.000E+00  0.000E+00  6.283E+00
  1.930E-02  1.932E-02  0.000E+00  0.000E+00  0.000E+00  6.283E+00
  1.932E-02  1.934E-02  0.000E+00  0.000E+00  0.000E+00  6.283E+00
  1.934E-02  1.936E-02  0.000E+00  0.000E+00  0.000E+00  6.283E+00
  1.936E-02  1.938E-02  0.000E+00  0.000E+00  0.000E+00  6.283E+00
  1.938E-02  1.940E-02  0.000E+00  0.000E+00  0.000E+00  6.283E+00
  1.940E-02  1.942E-02  0.000E+00  0.000E+00  0.000E+00  6.283E+00
  1.942E-02  1.944E-02  0.000E+00  0.000E+00  0.000E+00  6.283E+00
  1.944E-02  1.946E-02  0.000E+00  0.000E+00  0.000E+00  6.283E+00
  1.946E-02  1.948E-02  0.000E+00  0.000E+00  0.000E+00  6.283E+00
  1.948E-02  1.950E-02  0.000E+00  0.000E+00  0.000E+00  6.283E+00
  1.950E-02  1.952E-02  0.000E+00  0.000E+00  0.000E+00  6.283E+00
  1.952E-02  1.954E-02  0.000E+00  0.000E+00  0.000E+00  6.283E+00
  1.954E-02  1.956E-02  0.000E+00  0.000E+00  0.000E+00  6.283E+00
  1.956E-02  1.958E-02  0.000E+00  0.000E+00  0.000E+00  6.283E+00
  1.958E-02  1.960E-02  0.000E+00  0.000E+00  0.000E+00  6.283E+00
  1.960E-02  1.962E-02  0.000E+00  0.000E+00  0.000E+00  6.283E+00
  1.962E-02  1.964E-02  0.000E+00  0.000E+00  0.000E+00  6.283E+00
  1.964E-02  1.966E-02  0.000E+00  0.000E+00  0.000E+00  6.283E+00
  1.966E-02  1.968E-02  0.000E+00  0.000E+00  0.000E+00  6.283E+00
  1.968E-02  1.970E-02  0.000E+00  0.000E+00  0.000E+00  6.283E+00
  1.970E-02  1.972E-02  0.000E+00  0.000E+00  0.000E+00  6.283E+00
  1.972E-02  1.974E-02  0.000E+00  0.000E+00  0.000E+00  6.283E+00
  1.974E-02  1.976E-02  0.000E+00  0.000E+00  0.000E+00  6.283E+00
  1.976E-02  1.978E-02  0.000E+00  0.000E+00  0.000E+00  6.283E+00
  1.978E-02  1.980E-02  0.000E+00  0.000E+00  0.000E+00  6.283E+00
  1.980E-02  1.982E-02  0.000E+00  0.000E+00  0.000E+00  6.283E+00
  1.982E-02  1.984E-02  0.000E+00  0.000E+00  0.000E+00  6.283E+00
  1.984E-02  1.986E-02  0.000E+00  0.000E+00  0.000E+00  6.283E+00
  1.986E-02  1.988E-02  0.000E+00  0.000E+00  0.000E+00  6.283E+00
  1.988E-02  1.990E-02  0.000E+00  0.000E+00  0.000E+00  6.283E+00
  1.990E-02  1.992E-02  0.000E+00  0.000E+00  0.000E+00  6.283E+00
  1.992E-02  1.994E-02  0.000E+00  0.000E+00  0.000E+00  6.283E+00
  1.994E-02  1.996E-02  0.000E+00  0.000E+00  0.000E+00  6.283E+00
  1.996E-02  1.998E-02  0.000E+00  0.000E+00  0.000E+00  6.283E+00
  1.998E-02  2.000E-02  0.000E+00  0.000E+00  0.000E+00  6.283E+00
  2.000E-02  2.000E-02  0.000E+00  0.000E+00  0.000E+00  6.283E+00

  1.000E-04  1.000E-04  0.000E+00  0.000E+00  6.283E+00  6.283E+00
  1.199E-04  1.199E-04  0.000E+00  0.000E+00  6.283E+00  6.283E+00
  1.398E-04  1.398E-04  0.000E+00  0.000E+00  6.283E+00  6.283E+00
  1.597E-04  1.597E-04  0.000E+00  0.000E+00  6.283E+00  6.283E+00
  1.796E-04  1.796E-04  0.000E+00  0.000E+00  6.283E+00  6.283E+00
  1.995E-04  1.995E-04  0.000E+00  0.000E+00  6.283E+00  6.283E+00
  2.194E-04  2.194E-04  0.000E+00  0.000E+00  6.283E+00  6.283E+00
  2.393E-04  2.393E-04  0.000E+00  0.000E+00  6.283E+00  6.283E+00
  2.592E-04  2.592E-04  0.000E+00  0.000E+00  6.283E+00  6.283E+00
  2.791E-04  2.791E-04  0.000E+00  0.000E+00  6.283E+00  6.283E+00
  2.990E-04  2.990E-04  0.000E+00  0.000E+00  6.283E+00  6.283E+00
  3.189E-04  3.189E-04  0.000E+00  0.000E+00  6.283E+00  6.283E+00
  3.388E-04  3.388E-04  0.000E+00  0.000E+00  6.283E+00  6.283E+00
  3.587E-04  3.587E-04  0.000E+00  0.000E+00  6.283E+00  6.283E+00
  3.786E-04  3.786E-04  0.000E+00  0.000E+00  6.283E+00  6.283E+00
  3.985E-04  3.985E-04  0.000E+00  0.000E+00  6.283E+00  6.283E+00
  4.184E-04  4.184E-04  0.000E+00  0.000E+00  6.283E+00  6.283E+00
  4.383E-04  4.383E-04  0.000E+00  0.000E+00  6.283E+00  6.283E+00
  4.582E-04  4.582E-04  0.000E+00  0.000E+00  6.283E+00  6.283E+00
  4.781E-04  4.781E-04  0.000E+00  0.000E+00  6.283E+00  6.283E+00
  4.980E-04  4.980E-04  0.000E+00  0.000E+00  6.283E+00  6.283E+00
  5.179E-04  5.179E-04  0.000E+00  0.000E+00  6.283E+00  6.283E+00
  5.378E-04  5.378E-04  0.000E+00  0.000E+00  6.283E+00  6.283E+00
  5.577E-04  5.577E-04  0.000E+00  0.000E+00  6.283E+00  6.283E+00
  5.776E-04  5.776E-04  0.000E+00  0.000E+00  6.283E+00  6.283E+00
  5.975E-04  5.975E-04  0.000E+00  0.000E+00  6.283E+00  6.283E+00
  6.174E-04  6.174E-04  0.000E+00  0.000E+00  6.283E+00  6.283E+00
  6.373E-04  6.373E-04  0.000E+00  0.000E+00  6.283E+00  6.283E+00
  6.572E-04  6.572E-04  0.000E+00  0.000E+00  6.283E+00  6.283E+00
  6.771E-04  6.771E-04  0.000E+00  0.000E+00  6.283E+00  6.283E+00
  6.970E-04  6.970E-04  0.000E+00  0.000E+00  6.283E+00  6.283E+00
  7.169E-04  7.169E-04  0.000E+00  0.000E+00  6.283E+00  6.283E+00
  7.368E-04  7.368E-04  0.000E+00  0.000E+00  6.283E+00  6.283E+00
  7.567E-04  7.567E-04  0.000E+00  0.000E+00  6.283E+00  6.283E+00
  7.766E-04  7.766E-04  0.000E+00  0.000E+00  6.283E+00  6.283E+00
  7.965E-04  7.965E-04  0.000E+00  0.000E+00  6.283E+00  6.283E+00
  8.164E-04  8.164E-04  0.000E+00  0.000E+00  6.283E+00  6.283E+00
  8.363E-04  8.363E-04  0.000E+00  0.000E+00  6.283E+00  6.283E+00
  8.562E-04  8.562E-04  0.000E+00  0.000E+00  6.283E+00  6.283E+00
  8.761E-04  8.761E-04  0.000E+00  0.000E+00  6.283E+00  6.283E+00
  8.960E-04  8.960E-04  0.000E+00  0.000E+00  6.283E+00  6.283E+00
  9.159E-04  9.159E-04  0.000E+00  0.000E+00  6.283E+00  6.283E+00
  9.358E-04  9.358E-04  0.000E+00  0.000E+00  6.283E+00  6.283E+00
  9.557E-04  9.557E-04  0.000E+00  0.000E+00  6.283E+00  6.283E+00
  9.756E-04  9.756E-04  0.000E+00  0.000E+00  6.283E+00  6.283E+00
  9.955E-04  9.955E-04  0.000E+00  0.000E+00  6.283E+00  6.283E+00
  1.015E-03  1.015E-03  0.000E+00  0.000E+00  6.283E+00  6.283E+00
  1.035E-03  1.035E-03  0.000E+00  0.000E+00  6.283E+00  6.283E+00
  1.055E-03  1.055E-03  0.000E+00  0.000E+00  6.283E+00  6.283E+00
  1.075E-03  1.075E-03  0.000E+00  0.000E+00  6.283E+00  6.283E+00
  1.095E-03  1.095E-03  0.000E+00  0.000E+00  6.283E+00  6.283E+00
  1.115E-03  1.115E-03  0.000E+00  0.000E+00  6.283E+00  6.283E+00
  1.135E-03  1.135E-03  0.000E+00  0.000E+00  6.283E+00  6.283E+00
  1.155E-03  1.155E-03  0.000E+00  0.000E+00  6.283E+00  6.283E+00
  1.175E-03  1.175E-03  0.000E+00  0.000E+00  6.283E+00  6.283E+00
  1.195E-03  1.195E-03  0.000E+00  0.000E+00  6.283E+00  6.283E+00
  1.214E-03  1.214E-03  0.000E+00  0.000E+00  6.283E+00  6.283E+00
  1.234E-03  1.234E-03  0.000E+00  0.000E+00  6.283E+00  6.283E+00
  1.254E-03  1.254E-03  0.000E+00  0.000E+00  6.283E+00  6.283E+00
  1.274E-03  1.274E-03  0.000E+00  0.000E+00  6.283E+00  6.283E+00
  1.294E-03  1.294E-03  0.000E+00  0.000E+00  6.283E+00  6.283E+00
  1.314E-03  1.314E-03  0.000E+00  0.000E+00  6.283E+00  6.283E+00
  1.334E-03  1.334E-03  0.000E+00  0.000E+00  6.283E+00  6.283E+00
  1.354E-03  1.354E-03  0.000E+00  0.000E+00  6.283E+00  6.283E+00
  1.374E-03  1.374E-03  0.000E+00  0.000E+00  6.283E+00  6.283E+00
  1.394E-03  1.394E-03  0.000E+00  0.000E+00  6.283E+00  6.283E+00
  1.413E-03  1.413E-03  0.000E+00  0.000E+00  6.283E+00  6.283E+00
  1.433E-03  1.433E-03  0.000E+00  0.000E+00  6.283E+00  6.283E+00
  1.453E-03  1.453E-03  0.000E+00  0.000E+00  6.283E+00  6.283E+00
  1.473E-03  1.473E-03  0.000E+00  0.000E+00  6.283E+00  6.283E+00
  1.493E-03  1.493E-03  0.000E+00  0.000E+00  6.283E+00  6.283E+00
  1.513E-03  1.513E-03  0.000E+00  0.000E+00  6.283E+00  6.283E+00
  1.533E-03  1.533E-03  0.000E+00  0.000E+00  6.283E+00  6.283E+00
  1.553E-03  1.553E-03  0.000E+00  0.000E+00  6.283E+00  6.283E+00
  1.573E-03  1.573E-03  0.000E+00  0.000E+00  6.283E+00  6.283E+00
  1.593E-03  1.593E-03  0.000E+00  0.000E+00  6.283E+00  6.283E+00
  1.612E-03  1.612E-03  0.000E+00  0.000E+00  6.283E+00  6.283E+00
  1.632E-03  1.632E-03  0.000E+00  0.000E+00  6.283E+00  6.283E+00
  1.652E-03  1.652E-03  0.000E+00  0.000E+00  6.283E+00  6.283E+00
  1.672E-03  1.672E-03  0.000E+00  0.000E+00  6.283E+00  6.283E+00
  1.692E-03  1.692E-03  0.000E+00  0.000E+00  6.283E+00  6.283E+00
  1.712E-03  1.712E-03  0.000E+00  0.000E+00  6.283E+00  6.283E+00
  1.732E-03  1.732E-03  0.000E+00  0.000E+00  6.283E+00  6.283E+00
  1.752E-03  1.752E-03  0.000E+00  0.000E+00  6.283E+00  6.283E+00
  1.772E-03  1.772E-03  0.000E+00  0.000E+00  6.283E+00  6.283E+00
  1.792E-03  1.792E-03  0.000E+00  0.000E+00  6.283E+00  6.283E+00
  1.811E-03  1.811E-03  0.000E+00  0.000E+00  6.283E+00  6.283E+00
  1.831E-03  1.831E-03  0.000E+00  0.000E+00  6.283E+00  6.283E+00
  1.851E-03  1.851E-03  0.000E+00  0.000E+00  6.283E+00  6.283E+00
  1.871E-03  1.871E-03  0.000E+00  0.000E+00  6.283E+00  6.283E+00
  1.891E-03  1.891E-03  0.000E+00  0.000E+00  6.283E+00  6.283E+00
  1.911E-03  1.911E-03  0.000E+00  0.000E+00  6.283E+00  6.283E+00
  1.931E-03  1.931E-03  0.000E+00  0.000E+00  6.283E+00  6.283E+00
  1.951E-03  1.951E-03  0.000E+00  0.000E+00  6.283E+00  6.283E+00
  1.971E-03  1.971E-03  0.000E+00  0.000E+00  6.283E+00  6.283E+00
  1.991E-03  1.991E-03  0.000E+00  0.000E+00  6.283E+00  6.283E+00
  2.010E-03  2.010E-03  0.000E+00  0.000E+00  6.283E+00  6.283E+00
  2.030E-03  2.030E-03  0.000E+00  0.000E+00  6.283E+00  6.283E+00
  2.050E-03  2.050E-03  0.000E+00  0.000E+00  6.283E+00  6.283E+00
  2.070E-03  2.070E-03  0.000E+00  0.000E+00  6.283E+00  6.283E+00
  2.090E-03  2.090E-03  0.000E+00  0.000E+00  6.283E+00  6.283E+00
  2.110E-03  2.110E-03  0.000E+00  0.000E+00  6.283E+00  6.283E+00
  2.130E-03  2.130E-03  0.000E+00  0.000E+00  6.283E+00  6.283E+00
  2.150E-03  2.150E-03  0.000E+00  0.000E+00  6.283E+00  6.283E+00
  2.170E-03  2.170E-03  0.000E+00  0.000E+00  6.283E+00  6.283E+00
  2.190E-03  2.190E-03  0.000E+00  0.000E+00  6.283E+00  6.283E+00
  2.209E-03  2.209E-03  0.000E+00  0.000E+00  6.283E+00  6.283E+00
  2.229E-03  2.229E-03  0.000E+00  0.000E+00  6.283E+00  6.283E+00
  2.249E-03  2.249E-03  0.000E+00  0.000E+00  6.283E+00  6.283E+00
  2.269E-03  2.269E-03  0.000E+00  0.000E+00  6.283E+00  6.283E+00
  2.289E-03  2.289E-03  0.000E+00  0.000E+00  6.283E+00  6.283E+00
  2.309E-03  2.309E-03  0.000E+00  0.000E+00  6.283E+00  6.283E+00
  2.329E-03  2.329E-03  0.000E+00  0.000E+00  6.283E+00  6.283E+00
  2.349E-03  2.349E-03  0.000E+00  0.000E+00  6.283E+00  6.283E+00
  2.369E-03  2.369E-03  0.000E+00  0.000E+00  6.283E+00  6.283E+00
  2.389E-03  2.389E-03  0.000E+00  0.000E+00  6.283E+00  6.283E+00
  2.408E-03  2.408E-03  0.000E+00  0.000E+00  6.283E+00  6.283E+00
  2.428E-03  2.428E-03  0.000E+00  0.000E+00  6.283E+00  6.283E+00
  2.448E-03  2.448E-03  0.000E+00  0.000E+00  6.283E+00  6.283E+00
  2.468E-03  2.468E-03  0.000E+00  0.000E+00  6.283E+00  6.283E+00
  2.488E-03  2.488E-03  0.000E+00  0.000E+00  6.283E+00  6.283E+00
  2.508E-03  2.508E-03  0.000E+00  0.000E+00  6.283E+00  6.283E+00
  2.528E-03  2.528E-03  0.000E+00  0.000E+00  6.283E+00  6.283E+00
  2.548E-03  2.548E-03  0.000E+00  0.000E+00  6.283E+00  6.283E+00
  2.568E-03  2.568E-03  0.000E+00  0.000E+00  6.283E+00  6.283E+00
  2.588E-03  2.588E-03  0.000E+00  0.000E+00  6.283E+00  6.283E+00
  2.607E-03  2.607E-03  0.000E+00  0.000E+00  6.283E+00  6.283E+00
  2.627E-03  2.627E-03  0.000E+00  0.000E+00  6.283E+00  6.283E+00
  2.647E-03  2.647E-03  0.000E+00  0.000E+00  6.283E+00  6.283E+00
  2.667E-03  2.667E-03  0.000E+00  0.000E+00  6.283E+00  6.283E+00
  2.687E-03  2.687E-03  0.000E+00  0.000E+00  6.283E+00  6.283E+00
  2.707E-03  2.707E-03  0.000E+00  0.000E+00  6.283E+00  6.283E+00
  2.727E-03  2.727E-03  0.000E+00  0.000E+00  6.283E+00  6.283E+00
  2.747E-03  2.747E-03  0.000E+00  0.000E+00  6.283E+00  6.283E+00
  2.767E-03  2.767E-03  0.000E+00  0.000E+00  6.283E+00  6.283E+00
  2.787E-03  2.787E-03  0.000E+00  0.000E+00  6.283E+00  6.283E+00
  2.806E-03  2.806E-03  0.000E+00  0.000E+00  6.283E+00  6.283E+00
  2.826E-03  2.826E-03  0.000E+00  0.000E+00  6.283E+00  6.283E+00
  2.846E-03  2.846E-03  0.000E+00  0.000E+00  6.283E+00  6.283E+00
  2.866E-03  2.866E-03  0.000E+00  0.000E+00  6.283E+00  6.283E+00
  2.886E-03  2.886E-03  0.000E+00  0.000E+00  6.283E+00  6.283E+00
  2.906E-03  2.906E-03  0.000E+00  0.000E+00  6.283E+00  6.283E+00
  2.926E-03  2.926E-03  0.000E+00  0.000E+00  6.283E+00  6.283E+00
  2.946E-03  2.946E-03  0.000E+00  0.000E+00  6.283E+00  6.283E+00
  2.966E-03  2.966E-03  0.000E+00  0.000E+00  6.283E+00  6.283E+00
  2.986E-03  2.986E-03  0.000E+00  0.000E+00  6.283E+00  6.283E+00
  3.005E-03  3.005E-03  0.000E+00  0.000E+00  6.283E+00  6.283E+00
  3.025E-03  3.025E-03  0.000E+00  0.000E+00  6.283E+00  6.283E+00
  3.045E-03  3.045E-03  0.000E+00  0.000E+00  6.283E+00  6.283E+00
  3.065E-03  3.065E-03  0.000E+00  0.000E+00  6.283E+00  6.283E+00
  3.085E-03  3.085E-03  0.000E+00  0.000E+00  6.283E+00  6.283E+00
  3.105E-03  3.105E-03  0.000E+00  0.000E+00  6.283E+00  6.283E+00
  3.125E-03  3.125E-03  0.000E+00  0.000E+00  6.283E+00  6.283E+00
  3.145E-03  3.145E-03  0.000E+00  0.000E+00  6.283E+00  6.283E+00
  3.165E-03  3.165E-03  0.000E+00  0.000E+00  6.283E+00  6.283E+00
  3.185E-03  3.185E-03  0.000E+00  0.000E+00  6.283E+00  6.283E+00
  3.204E-03  3.204E-03  0.000E+00  0.000E+00  6.283E+00  6.283E+00
  3.224E-03  3.224E-03  0.000E+00  0.000E+00  6.283E+00  6.283E+00
  3.244E-03  3.244E-03  0.000E+00  0.000E+00  6.283E+00  6.283E+00
  3.264E-03  3.264E-03  0.000E+00  0.000E+00  6.283E+00  6.283E+00
  3.284E-03  3.284E-03  0.000E+00  0.000E+00  6.283E+00  6.283E+00
  3.304E-03  3.304E-03  0.000E+00  0.000E+00  6.283E+00  6.283E+00
  3.324E-03  3.324E-03  0.000E+00  0.000E+00  6.283E+00  6.283E+00
  3.344E-03  3.344E-03  0.000E+00  0.000E+00  6.283E+00  6.283E+00
  3.364E-03  3.364E-03  0.000E+00  0.000E+00  6.283E+00  6.283E+00
  3.384E-03  3.384E-03  0.000E+00  0.000E+00  6.283E+00  6.283E+00
  3.403E-03  3.403E-03  0.000E+00  0.000E+00  6.283E+00  6.283E+00
  3.423E-03  3.423E-03  0.000E+00  0.000E+00  6.283E+00  6.283E+00
  3.443E-03  3.443E-03  0.000E+00  0.000E+00  6.283E+00  6.283E+00
  3.463E-03  3.463E-03  0.000E+00  0.000E+00  6.283E+00  6.283E+00
  3.483E-03  3.483E-03  0.000E+00  0.000E+00  6.283E+00  6.283E+00
  3.503E-03  3.503E-03  0.000E+00  0.000E+00  6.283E+00  6.283E+00
  3.523E-03  3.523E-03  0.000E+00  0.000E+00  6.283E+00  6.283E+00
  3.543E-03  3.543E-03  0.000E+00  0.000E+00  6.283E+00  6.283E+00
  3.563E-03  3.563E-03  0.000E+00  0.000E+00  6.283E+00  6.283E+00
  3.583E-03  3.583E-03  0.000E+00  0.000E+00  6.283E+00  6.283E+00
  3.602E-03  3.602E-03  0.000E+00  0.000E+00  6.283E+00  6.283E+00
  3.622E-03  3.622E-03  0.000E+00  0.000E+00  6.283E+00  6.283E+00
  3.642E-03  3.642E-03  0.000E+00  0.000E+00  6.283E+00  6.283E+00
  3.662E-03  3.662E-03  0.000E+00  0.000E+00  6.283E+00  6.283E+00
  3.682E-03  3.682E-03  0.000E+00  0.000E+00  6.283E+00  6.283E+00
  3.702E-03  3.702E-03  0.000E+00  0.000E+00  6.283E+00  6.283E+00
  3.722E-03  3.722E-03  0.000E+00  0.000E+00  6.283E+00  6.283E+00
  3.742E-03  3.742E-03  0.000E+00  0.000E+00  6.283E+00  6.283E+00
  3.762E-03  3.762E-03  0.000E+00  0.000E+00  6.283E+00  6.283E+00
  3.782E-03  3.782E-03  0.000E+00  0.000E+00  6.283E+00  6.283E+00
  3.801E-03  3.801E-03  0.000E+00  0.000E+00  6.283E+00  6.283E+00
  3.821E-03  3.821E-03  0.000E+00  0.000E+00  6.283E+00  6.283E+00
  3.841E-03  3.841E-03  0.000E+00  0.000E+00  6.283E+00  6.283E+00
  3.861E-03  3.861E-03  0.000E+00  0.000E+00  6.283E+00  6.283E+00
  3.881E-03  3.881E-03  0.000E+00  0.000E+00  6.283E+00  6.283E+00
  3.901E-03  3.901E-03  0.000E+00  0.000E+00  6.283E+00  6.283E+00
  3.921E-03  3.921E-03  0.000E+00  0.000E+00  6.283E+00  6.283E+00
  3.941E-03  3.941E-03  0.000E+00  0.000E+00  6.283E+00  6.283E+00
  3.961E-03  3.961E-03  0.000E+00  0.000E+00  6.283E+00  6.283E+00
  3.981E-03  3.981E-03  0.000E+00  0.000E+00  6.283E+00  6.283E+00
  4.000E-03  4.000E-03  0.000E+00  0.000E+00  6.283E+00  6.283E+00
  4.020E-03  4.020E-03  0.000E+00  0.000E+00  6.283E+00  6.283E+00
  4.040E-03  4.040E-03  0.000E+00  0.000E+00  6.283E+00  6.283E+00
  4.060E-03  4.060E-03  0.000E+00  0.000E+00  6.283E+00  6.283E+00
  4.080E-03  4.080E-03  0.000E+00  0.000E+00  6.283E+00  6.283E+00
  4.100E-03  4.100E-03  0.000E+00  0.000E+00  6.283E+00  6.283E+00
  4.120E-03  4.120E-03  0.000E+00  0.000E+00  6.283E+00  6.283E+00
  4.140E-03  4.140E-03  0.000E+00  0.000E+00  6.283E+00  6.283E+00
  4.160E-03  4.160E-03  0.000E+00  0.000E+00  6.283E+00  6.283E+00
  4.180E-03  4.180E-03  0.000E+00  0.000E+00  6.283E+00  6.283E+00
  4.199E-03  4.199E-03  0.000E+00  0.000E+00  6.283E+00  6.283E+00
  4.219E-03  4.219E-03  0.000E+00  0.000E+00  6.283E+00  6.283E+00
  4.239E-03  4.239E-03  0.000E+00  0.000E+00  6.283E+00  6.283E+00
  4.259E-03  4.259E-03  0.000E+00  0.000E+00  6.283E+00  6.283E+00
  4.279E-03  4.279E-03  0.000E+00  0.000E+00  6.283E+00  6.283E+00
  4.299E-03  4.299E-03  0.000E+00  0.000E+00  6.283E+00  6.283E+00
  4.319E-03  4.319E-03  0.000E+00  0.000E+00  6.283E+00  6.283E+00
  4.339E-03  4.339E-03  0.000E+00  0.000E+00  6.283E+00  6.283E+00
  4.359E-03  4.359E-03  0.000E+00  0.000E+00  6.283E+00  6.283E+00
  4.378E-03  4.378E-03  0.000E+00  0.000E+00  6.283E+00  6.283E+00
  4.398E-03  4.398E-03  0.000E+00  0.000E+00  6.283E+00  6.283E+00
  4.418E-03  4.418E-03  0.000E+00  0.000E+00  6.283E+00  6.283E+00
  4.438E-03  4.438E-03  0.000E+00  0.000E+00  6.283E+00  6.283E+00
  4.458E-03  4.458E-03  0.000E+00  0.000E+00  6.283E+00  6.283E+00
  4.478E-03  4.478E-03  0.000E+00  0.000E+00  6.283E+00  6.283E+00
  4.498E-03  4.498E-03  0.000E+00  0.000E+00  6.283E+00  6.283E+00
  4.518E-03  4.518E-03  0.000E+00  0.000E+00  6.283E+00  6.283E+00
  4.538E-03  4.538E-03  0.000E+00  0.000E+00  6.283E+00  6.283E+00
  4.558E-03  4.558E-03  0.000E+00  0.000E+00  6.283E+00  6.283E+00
  4.577E-03  4.577E-03  0.000E+00  0.000E+00  6.283E+00  6.283E+00
  4.597E-03  4.597E-03  0.000E+00  0.000E+00  6.283E+00  6.283E+00
  4.617E-03  4.617E-03  0.000E+00  0.000E+00  6.283E+00  6.283E+00
  4.637E-03  4.637E-03  0.000E+00  0.000E+00  6.283E+00  6.283E+00
  4.657E-03  4.657E-03  0.000E+00  0.000E+00  6.283E+00  6.283E+00
  4.677E-03  4.677E-03  0.000E+00  0.000E+00  6.283E+00  6.283E+00
  4.697E-03  4.697E-03  0.000E+00  0.000E+00  6.283E+00  6.283E+00
  4.717E-03  4.717E-03  0.000E+00  0.000E+00  6.283E+00  6.283E+00
  4.737E-03  4.737E-03  0.000E+00  0.000E+00  6.283E+00  6.283E+00
  4.757E-03  4.757E-03  0.000E+00  0.000E+00  6.283E+00  6.283E+00
  4.777E-03  4.777E-03  0.000E+00  0.000E+00  6.283E+00  6.283E+00
  4.796E-03  4.796E-03  0.000E+00  0.000E+00  6.283E+00  6.283E+00
  4.816E-03  4.816E-03  0.000E+00  0.000E+00  6.283E+00  6.283E+00
  4.836E-03  4.836E-03  0.000E+00  0.000E+00  6.283E+00  6.283E+00
  4.856E-03  4.856E-03  0.000E+00  0.000E+00  6.283E+00  6.283E+00
  4.876E-03  4.876E-03  0.000E+00  0.000E+00  6.283E+00  6.283E+00
  4.896E-03  4.896E-03  0.000E+00  0.000E+00  6.283E+00  6.283E+00
  4.916E-03  4.916E-03  0.000E+00  0.000E+00  6.283E+00  6.283E+00
  4.936E-03  4.936E-03  0.000E+00  0.000E+00  6.283E+00  6.283E+00
  4.956E-03  4.956E-03  0.000E+00  0.000E+00  6.283E+00  6.283E+00
  4.976E-03  4.976E-03  0.000E+00  0.000E+00  6.283E+00  6.283E+00
  4.995E-03  4.995E-03  0.000E+00  0.000E+00  6.283E+00  6.283E+00
  5.015E-03  5.015E-03  0.000E+00  0.000E+00  6.283E+00  6.283E+00
  5.035E-03  5.035E-03  0.000E+00  0.000E+00  6.283E+00  6.283E+00
  5.055E-03  5.055E-03  0.000E+00  0.000E+00  6.283E+00  6.283E+00
  5.075E-03  5.075E-03  0.000E+00  0.000E+00  6.283E+00  6.283E+00
  5.095E-03  5.095E-03  0.000E+00  0.000E+00  6.283E+00  6.283E+00
  5.115E-03  5.115E-03  0.000E+00  0.000E+00  6.283E+00  6.283E+00
  5.135E-03  5.135E-03  0.000E+00  0.000E+00  6.283E+00  6.283E+00
  5.155E-03  5.155E-03  0.000E+00  0.000E+00  6.283E+00  6.283E+00
  5.174E-03  5.174E-03  0.000E+00  0.000E+00  6.283E+00  6.283E+00
  5.194E-03  5.194E-03  0.000E+00  0.000E+00  6.283E+00  6.283E+00
  5.214E-03  5.214E-03  0.000E+00  0.000E+00  6.283E+00  6.283E+00
  5.234E-03  5.234E-03  0.000E+00  0.000E+00  6.283E+00  6.283E+00
  5.254E-03  5.254E-03  0.000E+00  0.000E+00  6.283E+00  6.283E+00
  5.274E-03  5.274E-03  0.000E+00  0.000E+00  6.283E+00  6.283E+00
  5.294E-03  5.294E-03  0.000E+00  0.000E+00  6.283E+00  6.283E+00
  5.314E-03  5.314E-03  0.000E+00  0.000E+00  6.283E+00  6.283E+00
  5.334E-03  5.334E-03  0.000E+00  0.000E+00  6.283E+00  6.283E+00
  5.354E-03  5.354E-03  0.000E+00  0.000E+00  6.283E+00  6.283E+00
  5.373E-03  5.373E-03  0.000E+00  0.000E+00  6.283E+00  6.283E+00
  5.393E-03  5.393E-03  0.000E+00  0.000E+00  6.283E+00  6.283E+00
  5.413E-03  5.413E-03  0.000E+00  0.000E+00  6.283E+00  6.283E+00
  5.433E-03  5.433E-03  0.000E+00  0.000E+00  6.283E+00  6.283E+00
  5.453E-03  5.453E-03  0.000E+00  0.000E+00  6.283E+00  6.283E+00
  5.473E-03  5.473E-03  0.000E+00  0.000E+00  6.283E+00  6.283E+00
  5.493E-03  5.493E-03  0.000E+00  0.000E+00  6.283E+00  6.283E+00
  5.513E-03  5.513E-03  0.000E+00  0.000E+00  6.283E+00  6.283E+00
  5.533E-03  5.533E-03  0.000E+00  0.000E+00  6.283E+00  6.283E+00
  5.553E-03  5.553E-03  0.000E+00  0.000E+00  6.283E+00  6.283E+00
  5.573E-03  5.573E-03  0.000E+00  0.000E+00  6.283E+00  6.283E+00
  5.592E-03  5.592E-03  0.000E+00  0.000E+00  6.283E+00  6.283E+00
  5.612E-03  5.612E-03  0.000E+00  0.000E+00  6.283E+00  6.283E+00
  5.632E-03  5.632E-03  0.000E+00  0.000E+00  6.283E+00  6.283E+00
  5.652E-03  5.652E-03  0.000E+00  0.000E+00  6.283E+00  6.283E+00
  5.672E-03  5.672E-03  0.000E+00  0.000E+00  6.283E+00  6.283E+00
  5.692E-03  5.692E-03  0.000E+00  0.000E+00  6.283E+00  6.283E+00
  5.712E-03  5.712E-03  0.000E+00  0.000E+00  6.283E+00  6.283E+00
  5.732E-03  5.732E-03  0.000E+00  0.000E+00  6.283E+00  6.283E+00
  5.752E-03  5.752E-03  0.000E+00  0.000E+00  6.283E+00  6.283E+00
  5.772E-03  5.772E-03  0.000E+00  0.000E+00  6.283E+00  6.283E+00
  5.791E-03  5.791E-03  0.000E+00  0.000E+00  6.283E+00  6.283E+00
  5.811E-03  5.811E-03  0.000E+00  0.000E+00  6.283E+00  6.283E+00
  5.831E-03  5.831E-03  0.000E+00  0.000E+00  6.283E+00  6.283E+00
  5.851E-03  5.851E-03  0.000E+00  0.000E+00  6.283E+00  6.283E+00
  5.871E-03  5.871E-03  0.000E+00  0.000E+00  6.283E+00  6.283E+00
  5.891E-03  5.891E-03  0.000E+00  0.000E+00  6.283E+00  6.283E+00
  5.911E-03  5.911E-03  0.000E+00  0.000E+00  6.283E+00  6.283E+00
  5.931E-03  5.931E-03  0.000E+00  0.000E+00  6.283E+00  6.283E+00
  5.951E-03  5.951E-03  0.000E+00  0.000E+00  6.283E+00  6.283E+00
  5.970E-03  5.970E-03  0.000E+00  0.000E+00  6.283E+00  6.283E+00
  5.990E-03  5.990E-03  0.000E+00  0.000E+00  6.283E+00  6.283E+00
  6.010E-03  6.010E-03  0.000E+00  0.000E+00  6.283E+00  6.283E+00
  6.030E-03  6.030E-03  0.000E+00  0.000E+00  6.283E+00  6.283E+00
  6.050E-03  6.050E-03  0.000E+00  0.000E+00  6.283E+00  6.283E+00
  6.070E-03  6.070E-03  0.000E+00  0.000E+00  6.283E+00  6.283E+00
  6.090E-03  6.090E-03  0.000E+00  0.000E+00  6.283E+00  6.283E+00
  6.110E-03  6.110E-03  0.000E+00  0.000E+00  6.283E+00  6.283E+00
  6.130E-03  6.130E-03  0.000E+00  0.000E+00  6.283E+00  6.283E+00
  6.150E-03  6.150E-03  0.000E+00  0.000E+00  6.283E+00  6.283E+00
  6.169E-03  6.169E-03  0.000E+00  0.000E+00  6.283E+00  6.283E+00
  6.189E-03  6.189E-03  0.000E+00  0.000E+00  6.283E+00  6.283E+00
  6.209E-03  6.209E-03  0.000E+00  0.000E+00  6.283E+00  6.283E+00
  6.229E-03  6.229E-03  0.000E+00  0.000E+00  6.283E+00  6.283E+00
  6.249E-03  6.249E-03  0.000E+00  0.000E+00  6.283E+00  6.283E+00
  6.269E-03  6.269E-03  0.000E+00  0.000E+00  6.283E+00  6.283E+00
  6.289E-03  6.289E-03  0.000E+00  0.000E+00  6.283E+00  6.283E+00
  6.309E-03  6.309E-03  0.000E+00  0.000E+00  6.283E+00  6.283E+00
  6.329E-03  6.329E-03  0.000E+00  0.000E+00  6.283E+00  6.283E+00
  6.349E-03  6.349E-03  0.000E+00  0.000E+00  6.283E+00  6.283E+00
  6.369E-03  6.369E-03  0.000E+00  0.000E+00  6.283E+00  6.283E+00
  6.388E-03  6.388E-03  0.000E+00  0.000E+00  6.283E+00  6.283E+00
  6.408E-03  6.408E-03  0.000E+00  0.000E+00  6.283E+00  6.283E+00
  6.428E-03  6.428E-03  0.000E+00  0.000E+00  6.283E+00  6.283E+00
  6.448E-03  6.448E-03  0.000E+00  0.000E+00  6.283E+00  6.283E+00
  6.468E-03  6.468E-03  0.000E+00  0.000E+00  6.283E+00  6.283E+00
  6.488E-03  6.488E-03  0.000E+00  0.000E+00  6.283E+00  6.283E+00
  6.508E-03  6.508E-03  0.000E+00  0.000E+00  6.283E+00  6.283E+00
  6.528E-03  6.528E-03  0.000E+00  0.000E+00  6.283E+00  6.283E+00
  6.548E-03  6.548E-03  0.000E+00  0.000E+00  6.283E+00  6.283E+00
  6.568E-03  6.568E-03  0.000E+00  0.000E+00  6.283E+00  6.283E+00
  6.587E-03  6.587E-03  0.000E+00  0.000E+00  6.283E+00  6.283E+00
  6.607E-03  6.607E-03  0.000E+00  0.000E+00  6.283E+00  6.283E+00
  6.627E-03  6.627E-03  0.000E+00  0.000E+00  6.283E+00  6.283E+00
  6.647E-03  6.647E-03  0.000E+00  0.000E+00  6.283E+00  6.283E+00
  6.667E-03  6.667E-03  0.000E+00  0.000E+00  6.283E+00  6.283E+00
  6.687E-03  6.687E-03  0.000E+00  0.000E+00  6.283E+00  6.283E+00
  6.707E-03  6.707E-03  0.000E+00  0.000E+00  6.283E+00  6.283E+00
  6.727E-03  6.727E-03  0.000E+00  0.000E+00  6.283E+00  6.283E+00
  6.747E-03  6.747E-03  0.000E+00  0.000E+00  6.283E+00  6.283E+00
  6.766E-03  6.766E-03  0.000E+00  0.000E+00  6.283E+00  6.283E+00
  6.786E-03  6.786E-03  0.000E+00  0.000E+00  6.283E+00  6.283E+00
  6.806E-03  6.806E-03  0.000E+00  0.000E+00  6.283E+00  6.283E+00
  6.826E-03  6.826E-03  0.000E+00  0.000E+00  6.283E+00  6.283E+00
  6.846E-03  6.846E-03  0.000E+00  0.000E+00  6.283E+00  6.283E+00
  6.866E-03  6.866E-03  0.000E+00  0.000E+00  6.283E+00  6.283E+00
  6.886E-03  6.886E-03  0.000E+00  0.000E+00  6.283E+00  6.283E+00
  6.906E-03  6.906E-03  0.000E+00  0.000E+00  6.283E+00  6.283E+00
  6.926E-03  6.926E-03  0.000E+00  0.000E+00  6.283E+00  6.283E+00
  6.946E-03  6.946E-03  0.000E+00  0.000E+00  6.283E+00  6.283E+00
  6.965E-03  6.965E-03  0.000E+00  0.000E+00  6.283E+00  6.283E+00
  6.985E-03  6.985E-03  0.000E+00  0.000E+00  6.283E+00  6.283E+00
  7.005E-03  7.005E-03  0.000E+00  0.000E+00  6.283E+00  6.283E+00
  7.025E-03  7.025E-03  0.000E+00  0.000E+00  6.283E+00  6.283E+00
  7.045E-03  7.045E-03  0.000E+00  0.000E+00  6.283E+00  6.283E+00
  7.065E-03  7.065E-03  0.000E+00  0.000E+00  6.283E+00  6.283E+00
  7.085E-03  7.085E-03  0.000E+00  0.000E+00  6.283E+00  6.283E+00
  7.105E-03  7.105E-03  0.000E+00  0.000E+00  6.283E+00  6.283E+00
  7.125E-03  7.125E-03  0.000E+00  0.000E+00  6.283E+00  6.283E+00
  7.145E-03  7.145E-03  0.000E+00  0.000E+00  6.283E+00  6.283E+00
  7.165E-03  7.165E-03  0.000E+00  0.000E+00  6.283E+00  6.283E+00
  7.184E-03  7.184E-03  0.000E+00  0.000E+00  6.283E+00  6.283E+00
  7.204E-03  7.204E-03  0.000E+00  0.000E+00  6.283E+00  6.283E+00
  7.224E-03  7.224E-03  0.000E+00  0.000E+00  6.283E+00  6.283E+00
  7.244E-03  7.244E-03  0.000E+00  0.000E+00  6.283E+00  6.283E+00
  7.264E-03  7.264E-03  0.000E+00  0.000E+00  6.283E+00  6.283E+00
  7.284E-03  7.284E-03  0.000E+00  0.000E+00  6.283E+00  6.283E+00
  7.304E-03  7.304E-03  0.000E+00  0.000E+00  6.283E+00  6.283E+00
  7.324E-03  7.324E-03  0.000E+00  0.000E+00  6.283E+00  6.283E+00
  7.344E-03  7.344E-03  0.000E+00  0.000E+00  6.283E+00  6.283E+00
  7.364E-03  7.364E-03  0.000E+00  0.000E+00  6.283E+00  6.283E+00
  7.383E-03  7.383E-03  0.000E+00  0.000E+00  6.283E+00  6.283E+00
  7.403E-03  7.403E-03  0.000E+00  0.000E+00  6.283E+00  6.283E+00
  7.423E-03  7.423E-03  0.000E+00  0.000E+00  6.283E+00  6.283E+00
  7.443E-03  7.443E-03  0.000E+00  0.000E+00  6.283E+00  6.283E+00
  7.463E-03  7.463E-03  0.000E+00  0.000E+00  6.283E+00  6.283E+00
  7.483E-03  7.483E-03  0.000E+00  0.000E+00  6.283E+00  6.283E+00
  7.503E-03  7.503E-03  0.000E+00  0.000E+00  6.283E+00  6.283E+00
  7.523E-03  7.523E-03  0.000E+00  0.000E+00  6.283E+00  6.283E+00
  7.543E-03  7.543E-03  0.000E+00  0.000E+00  6.283E+00  6.283E+00
  7.562E-03  7.562E-03  0.000E+00  0.000E+00  6.283E+00  6.283E+00
  7.582E-03  7.582E-03  0.000E+00  0.000E+00  6.283E+00  6.283E+00
  7.602E-03  7.602E-03  0.000E+00  0.000E+00  6.283E+00  6.283E+00
  7.622E-03  7.622E-03  0.000E+00  0.000E+00  6.283E+00  6.283E+00
  7.642E-03  7.642E-03  0.000E+00  0.000E+00  6.283E+00  6.283E+00
  7.662E-03  7.662E-03  0.000E+00  0.000E+00  6.283E+00  6.283E+00
  7.682E-03  7.682E-03  0.000E+00  0.000E+00  6.283E+00  6.283E+00
  7.702E-03  7.702E-03  0.000E+00  0.000E+00  6.283E+00  6.283E+00
  7.722E-03  7.722E-03  0.000E+00  0.000E+00  6.283E+00  6.283E+00
  7.742E-03  7.742E-03  0.000E+00  0.000E+00  6.283E+00  6.283E+00
  7.761E-03  7.761E-03  0.000E+00  0.000E+00  6.283E+00  6.283E+00
  7.781E-03  7.781E-03  0.000E+00  0.000E+00  6.283E+00  6.283E+00
  7.801E-03  7.801E-03  0.000E+00  0.000E+00  6.283E+00  6.283E+00
  7.821E-03  7.821E-03  0.000E+00  0.000E+00  6.283E+00  6.283E+00
  7.841E-03  7.841E-03  0.000E+00  0.000E+00  6.283E+00  6.283E+00
  7.861E-03  7.861E-03  0.000E+00  0.000E+00  6.283E+00  6.283E+00
  7.881E-03  7.881E-03  0.000E+00  0.000E+00  6.283E+00  6.283E+00
  7.901E-03  7.901E-03  0.000E+00  0.000E+00  6.283E+00  6.283E+00
  7.921E-03  7.921E-03  0.000E+00  0.000E+00  6.283E+00  6.283E+00
  7.941E-03  7.941E-03  0.000E+00  0.000E+00  6.283E+00  6.283E+00
  7.961E-03  7.961E-03  0.000E+00  0.000E+00  6.283E+00  6.283E+00
  7.980E-03  7.980E-03  0.000E+00  0.000E+00  6.283E+00  6.283E+00
  8.000E-03  8.000E-03  0.000E+00  0.000E+00  6.283E+00  6.283E+00
  8.020E-03  8.020E-03  0.000E+00  0.000E+00  6.283E+00  6.283E+00
  8.040E-03  8.040E-03  0.000E+00  0.000E+00  6.283E+00  6.283E+00
  8.060E-03  8.060E-03  0.000E+00  0.000E+00  6.283E+00  6.283E+00
  8.080E-03  8.080E-03  0.000E+00  0.000E+00  6.283E+00  6.283E+00
  8.100E-03  8.100E-03  0.000E+00  0.000E+00  6.283E+00  6.283E+00
  8.120E-03  8.120E-03  0.000E+00  0.000E+00  6.283E+00  6.283E+00
  8.140E-03  8.140E-03  0.000E+00  0.000E+00  6.283E+00  6.283E+00
  8.159E-03  8.159E-03  0.000E+00  0.000E+00  6.283E+00  6.283E+00
  8.179E-03  8.179E-03  0.000E+00  0.000E+00  6.283E+00  6.283E+00
  8.199E-03  8.199E-03  0.000E+00  0.000E+00  6.283E+00  6.283E+00
  8.219E-03  8.219E-03  0.000E+00  0.000E+00  6.283E+00  6.283E+00
  8.239E-03  8.239E-03  0.000E+00  0.000E+00  6.283E+00  6.283E+00
  8.259E-03  8.259E-03  0.000E+00  0.000E+00  6.283E+00  6.283E+00
  8.279E-03  8.279E-03  0.000E+00  0.000E+00  6.283E+00  6.283E+00
  8.299E-03  8.299E-03  0.000E+00  0.000E+00  6.283E+00  6.283E+00
  8.319E-03  8.319E-03  0.000E+00  0.000E+00  6.283E+00  6.283E+00
  8.339E-03  8.339E-03  0.000E+00  0.000E+00  6.283E+00  6.283E+00
  8.358E-03  8.358E-03  0.000E+00  0.000E+00  6.283E+00  6.283E+00
  8.378E-03  8.378E-03  0.000E+00  0.000E+00  6.283E+00  6.283E+00
  8.398E-03  8.398E-03  0.000E+00  0.000E+00  6.283E+00  6.283E+00
  8.418E-03  8.418E-03  0.000E+00  0.000E+00  6.283E+00  6.283E+00
  8.438E-03  8.438E-03  0.000E+00  0.000E+00  6.283E+00  6.283E+00
  8.458E-03  8.458E-03  0.000E+00  0.000E+00  6.283E+00  6.283E+00
  8.478E-03  8.478E-03  0.000E+00  0.000E+00  6.283E+00  6.283E+00
  8.498E-03  8.498E-03  0.000E+00  0.000E+00  6.283E+00  6.283E+00
  8.518E-03  8.518E-03  0.000E+00  0.000E+00  6.283E+00  6.283E+00
  8.538E-03  8.538E-03  0.000E+00  0.000E+00  6.283E+00  6.283E+00
  8.558E-03  8.558E-03  0.000E+00  0.000E+00  6.283E+00  6.283E+00
  8.577E-03  8.577E-03  0.000E+00  0.000E+00  6.283E+00  6.283E+00
  8.597E-03  8.597E-03  0.000E+00  0.000E+00  6.283E+00  6.283E+00
  8.617E-03  8.617E-03  0.000E+00  0.000E+00  6.283E+00  6.283E+00
  8.637E-03  8.637E-03  0.000E+00  0.000E+00  6.283E+00  6.283E+00
  8.657E-03  8.657E-03  0.000E+00  0.000E+00  6.283E+00  6.283E+00
  8.677E-03  8.677E-03  0.000E+00  0.000E+00  6.283E+00  6.283E+00
  8.697E-03  8.697E-03  0.000E+00  0.000E+00  6.283E+00  6.283E+00
  8.717E-03  8.717E-03  0.000E+00  0.000E+00  6.283E+00  6.283E+00
  8.737E-03  8.737E-03  0.000E+00  0.000E+00  6.283E+00  6.283E+00
  8.756E-03  8.756E-03  0.000E+00  0.000E+00  6.283E+00  6.283E+00
  8.776E-03  8.776E-03  0.000E+00  0.000E+00  6.283E+00  6.283E+00
  8.796E-03  8.796E-03  0.000E+00  0.000E+00  6.283E+00  6.283E+00
  8.816E-03  8.816E-03  0.000E+00  0.000E+00  6.283E+00  6.283E+00
  8.836E-03  8.836E-03  0.000E+00  0.000E+00  6.283E+00  6.283E+00
  8.856E-03  8.856E-03  0.000E+00  0.000E+00  6.283E+00  6.283E+00
  8.876E-03  8.876E-03  0.000E+00  0.000E+00  6.283E+00  6.283E+00
  8.896E-03  8.896E-03  0.000E+00  0.000E+00  6.283E+00  6.283E+00
  8.916E-03  8.916E-03  0.000E+00  0.000E+00  6.283E+00  6.283E+00
  8.936E-03  8.936E-03  0.000E+00  0.000E+00  6.283E+00  6.283E+00
  8.956E-03  8.956E-03  0.000E+00  0.000E+00  6.283E+00  6.283E+00
  8.975E-03  8.975E-03  0.000E+00  0.000E+00  6.283E+00  6.283E+00
  8.995E-03  8.995E-03  0.000E+00  0.000E+00  6.283E+00  6.283E+00
  9.015E-03  9.015E-03  0.000E+00  0.000E+00  6.283E+00  6.283E+00
  9.035E-03  9.035E-03  0.000E+00  0.000E+00  6.283E+00  6.283E+00
  9.055E-03  9.055E-03  0.000E+00  0.000E+00  6.283E+00  6.283E+00
  9.075E-03  9.075E-03  0.000E+00  0.000E+00  6.283E+00  6.283E+00
  9.095E-03  9.095E-03  0.000E+00  0.000E+00  6.283E+00  6.283E+00
  9.115E-03  9.115E-03  0.000E+00  0.000E+00  6.283E+00  6.283E+00
  9.135E-03  9.135E-03  0.000E+00  0.000E+00  6.283E+00  6.283E+00
  9.155E-03  9.155E-03  0.000E+00  0.000E+00  6.283E+00  6.283E+00
  9.174E-03  9.174E-03  0.000E+00  0.000E+00  6.283E+00  6.283E+00
  9.194E-03  9.194E-03  0.000E+00  0.000E+00  6.283E+00  6.283E+00
  9.214E-03  9.214E-03  0.000E+00  0.000E+00  6.283E+00  6.283E+00
  9.234E-03  9.234E-03  0.000E+00  0.000E+00  6.283E+00  6.283E+00
  9.254E-03  9.254E-03  0.000E+00  0.000E+00  6.283E+00  6.283E+00
  9.274E-03  9.274E-03  0.000E+00  0.000E+00  6.283E+00  6.283E+00
  9.294E-03  9.294E-03  0.000E+00  0.000E+00  6.283E+00  6.283E+00
  9.314E-03  9.314E-03  0.000E+00  0.000E+00  6.283E+00  6.283E+00
  9.334E-03  9.334E-03  0.000E+00  0.000E+00  6.283E+00  6.283E+00
  9.353E-03  9.353E-03  0.000E+00  0.000E+00  6.283E+00  6.283E+00
  9.373E-03  9.373E-03  0.000E+00  0.000E+00  6.283E+00  6.283E+00
  9.393E-03  9.393E-03  0.000E+00  0.000E+00  6.283E+00  6.283E+00
  9.413E-03  9.413E-03  0.000E+00  0.000E+00  6.283E+00  6.283E+00
  9.433E-03  9.433E-03  0.000E+00  0.000E+00  6.283E+00  6.283E+00
  9.453E-03  9.453E-03  0.000E+00  0.000E+00  6.283E+00  6.283E+00
  9.473E-03  9.473E-03  0.000E+00  0.000E+00  6.283E+00  6.283E+00
  9.493E-03  9.493E-03  0.000E+00  0.000E+00  6.283E+00  6.283E+00
  9.513E-03  9.513E-03  0.000E+00  0.000E+00  6.283E+00  6.283E+00
  9.533E-03  9.533E-03  0.000E+00  0.000E+00  6.283E+00  6.283E+00
  9.553E-03  9.553E-03  0.000E+00  0.000E+00  6.283E+00  6.283E+00
  9.572E-03  9.572E-03  0.000E+00  0.000E+00  6.283E+00  6.283E+00
  9.592E-03  9.592E-03  0.000E+00  0.000E+00  6.283E+00  6.283E+00
  9.612E-03  9.612E-03  0.000E+00  0.000E+00  6.283E+00  6.283E+00
  9.632E-03  9.632E-03  0.000E+00  0.000E+00  6.283E+00  6.283E+00
  9.652E-03  9.652E-03  0.000E+00  0.000E+00  6.283E+00  6.283E+00
  9.672E-03  9.672E-03  0.000E+00  0.000E+00  6.283E+00  6.283E+00
  9.692E-03  9.692E-03  0.000E+00  0.000E+00  6.283E+00  6.283E+00
  9.712E-03  9.712E-03  0.000E+00  0.000E+00  6.283E+00  6.283E+00
  9.732E-03  9.732E-03  0.000E+00  0.000E+00  6.283E+00  6.283E+00
  9.752E-03  9.752E-03  0.000E+00  0.000E+00  6.283E+00  6.283E+00
  9.771E-03  9.771E-03  0.000E+00  0.000E+00  6.283E+00  6.283E+00
  9.791E-03  9.791E-03  0.000E+00  0.000E+00  6.283E+00  6.283E+00
  9.811E-03  9.811E-03  0.000E+00  0.000E+00  6.283E+00  6.283E+00
  9.831E-03  9.831E-03  0.000E+00  0.000E+00  6.283E+00  6.283E+00
  9.851E-03  9.851E-03  0.000E+00  0.000E+00  6.283E+00  6.283E+00
  9.871E-03  9.871E-03  0.000E+00  0.000E+00  6.283E+00  6.283E+00
  9.891E-03  9.891E-03  0.000E+00  0.000E+00  6.283E+00  6.283E+00
  9.911E-03  9.911E-03  0.000E+00  0.000E+00  6.283E+00  6.283E+00
  9.931E-03  9.931E-03  0.000E+00  0.000E+00  6.283E+00  6.283E+00
  9.950E-03  9.950E-03  0.000E+00  0.000E+00  6.283E+00  6.283E+00
  9.970E-03  9.970E-03  0.000E+00  0.000E+00  6.283E+00  6.283E+00
  9.990E-03  9.990E-03  0.000E+00  0.000E+00  6.283E+00  6.283E+00
  1.001E-02  1.001E-02  0.000E+00  0.000E+00  6.283E+00  6.283E+00
  1.003E-02  1.003E-02  0.000E+00  0.000E+00  6.283E+00  6.283E+00
  1.005E-02  1.005E-02  0.000E+00  0.000E+00  6.283E+00  6.283E+00
  1.007E-02  1.007E-02  0.000E+00  0.000E+00  6.283E+00  6.283E+00
  1.009E-02  1.009E-02  0.000E+00  0.000E+00  6.283E+00  6.283E+00
  1.011E-02  1.011E-02  0.000E+00  0.000E+00  6.283E+00  6.283E+00
  1.013E-02  1.013E-02  0.000E+00  0.000E+00  6.283E+00  6.283E+00
  1.015E-02  1.015E-02  0.000E+00  0.000E+00  6.283E+00  6.283E+00
  1.017E-02  1.017E-02  0.000E+00  0.000E+00  6.283E+00  6.283E+00
  1.019E-02  1.019E-02  0.000E+00  0.000E+00  6.283E+00  6.283E+00
  1.021E-02  1.021E-02  0.000E+00  0.000E+00  6.283E+00  6.283E+00
  1.023E-02  1.023E-02  0.000E+00  0.000E+00  6.283E+00  6.283E+00
  1.025E-02  1.025E-02  0.000E+00  0.000E+00  6.283E+00  6.283E+00
  1.027E-02  1.027E-02  0.000E+00  0.000E+00  6.283E+00  6.283E+00
  1.029E-02  1.029E-02  0.000E+00  0.000E+00  6.283E+00  6.283E+00
  1.031E-02  1.031E-02  0.000E+00  0.000E+00  6.283E+00  6.283E+00
  1.033E-02  1.033E-02  0.000E+00  0.000E+00  6.283E+00  6.283E+00
  1.035E-02  1.035E-02  0.000E+00  0.000E+00  6.283E+00  6.283E+00
  1.037E-02  1.037E-02  0.000E+00  0.000E+00  6.283E+00  6.283E+00
  1.039E-02  1.039E-02  0.000E+00  0.000E+00  6.283E+00  6.283E+00
  1.041E-02  1.041E-02  0.000E+00  0.000E+00  6.283E+00  6.283E+00
  1.043E-02  1.043E-02  0.000E+00  0.000E+00  6.283E+00  6.283E+00
  1.045E-02  1.045E-02  0.000E+00  0.000E+00  6.283E+00  6.283E+00
  1.047E-02  1.047E-02  0.000E+00  0.000E+00  6.283E+00  6.283E+00
  1.049E-02  1.049E-02  0.000E+00  0.000E+00  6.283E+00  6.283E+00
  1.051E-02  1.051E-02  0.000E+00  0.000E+00  6.283E+00  6.283E+00
  1.053E-02  1.053E-02  0.000E+00  0.000E+00  6.283E+00  6.283E+00
  1.055E-02  1.055E-02  0.000E+00  0.000E+00  6.283E+00  6.283E+00
  1.057E-02  1.057E-02  0.000E+00  0.000E+00  6.283E+00  6.283E+00
  1.059E-02  1.059E-02  0.000E+00  0.000E+00  6.283E+00  6.283E+00
  1.061E-02  1.061E-02  0.000E+00  0.000E+00  6.283E+00  6.283E+00
  1.063E-02  1.063E-02  0.000E+00  0.000E+00  6.283E+00  6.283E+00
  1.065E-02  1.065E-02  0.000E+00  0.000E+00  6.283E+00  6.283E+00
  1.067E-02  1.067E-02  0.000E+00  0.000E+00  6.283E+00  6.283E+00
  1.069E-02  1.069E-02  0.000E+00  0.000E+00  6.283E+00  6.283E+00
  1.071E-02  1.071E-02  0.000E+00  0.000E+00  6.283E+00  6.283E+00
  1.073E-02  1.073E-02  0.000E+00  0.000E+00  6.283E+00  6.283E+00
  1.075E-02  1.075E-02  0.000E+00  0.000E+00  6.283E+00  6.283E+00
  1.077E-02  1.077E-02  0.000E+00  0.000E+00  6.283E+00  6.283E+00
  1.079E-02  1.079E-02  0.000E+00  0.000E+00  6.283E+00  6.283E+00
  1.081E-02  1.081E-02  0.000E+00  0.000E+00  6.283E+00  6.283E+00
  1.083E-02  1.083E-02  0.000E+00  0.000E+00  6.283E+00  6.283E+00
  1.085E-02  1.085E-02  0.000E+00  0.000E+00  6.283E+00  6.283E+00
  1.087E-02  1.087E-02  0.000E+00  0.000E+00  6.283E+00  6.283E+00
  1.089E-02  1.089E-02  0.000E+00  0.000E+00  6.283E+00  6.283E+00
  1.091E-02  1.091E-02  0.000E+00  0.000E+00  6.283E+00  6.283E+00
  1.093E-02  1.093E-02  0.000E+00  0.000E+00  6.283E+00  6.283E+00
  1.095E-02  1.095E-02  0.000E+00  0.000E+00  6.283E+00  6.283E+00
  1.097E-02  1.097E-02  0.000E+00  0.000E+00  6.283E+00  6.283E+00
  1.099E-02  1.099E-02  0.000E+00  0.000E+00  6.283E+00  6.283E+00
  1.101E-02  1.101E-02  0.000E+00  0.000E+00  6.283E+00  6.283E+00
  1.103E-02  1.103E-02  0.000E+00  0.000E+00  6.283E+00  6.283E+00
  1.105E-02  1.105E-02  0.000E+00  0.000E+00  6.283E+00  6.283E+00
  1.106E-02  1.106E-02  0.000E+00  0.000E+00  6.283E+00  6.283E+00
  1.108E-02  1.108E-02  0.000E+00  0.000E+00  6.283E+00  6.283E+00
  1.110E-02  1.110E-02  0.000E+00  0.000E+00  6.283E+00  6.283E+00
  1.112E-02  1.112E-02  0.000E+00  0.000E+00  6.283E+00  6.283E+00
  1.114E-02  1.114E-02  0.000E+00  0.000E+00  6.283E+00  6.283E+00
  1.116E-02  1.116E-02  0.000E+00  0.000E+00  6.283E+00  6.283E+00
  1.118E-02  1.118E-02  0.000E+00  0.000E+00  6.283E+00  6.283E+00
  1.120E-02  1.120E-02  0.000E+00  0.000E+00  6.283E+00  6.283E+00
  1.122E-02  1.122E-02  0.000E+00  0.000E+00  6.283E+00  6.283E+00
  1.124E-02  1.124E-02  0.000E+00  0.000E+00  6.283E+00  6.283E+00
  1.126E-02  1.126E-02  0.000E+00  0.000E+00  6.283E+00  6.283E+00
  1.128E-02  1.128E-02  0.000E+00  0.000E+00  6.283E+00  6.283E+00
  1.130E-02  1.130E-02  0.000E+00  0.000E+00  6.283E+00  6.283E+00
  1.132E-02  1.132E-02  0.000E+00  0.000E+00  6.283E+00  6.283E+00
  1.134E-02  1.134E-02  0.000E+00  0.000E+00  6.283E+00  6.283E+00
  1.136E-02  1.136E-02  0.000E+00  0.000E+00  6.283E+00  6.283E+00
  1.138E-02  1.138E-02  0.000E+00  0.000E+00  6.283E+00  6.283E+00
  1.140E-02  1.140E-02  0.000E+00  0.000E+00  6.283E+00  6.283E+00
  1.142E-02  1.142E-02  0.000E+00  0.000E+00  6.283E+00  6.283E+00
  1.144E-02  1.144E-02  0.000E+00  0.000E+00  6.283E+00  6.283E+00
  1.146E-02  1.146E-02  0.000E+00  0.000E+00  6.283E+00  6.283E+00
  1.148E-02  1.148E-02  0.000E+00  0.000E+00  6.283E+00  6.283E+00
  1.150E-02  1.150E-02  0.000E+00  0.000E+00  6.283E+00  6.283E+00
  1.152E-02  1.152E-02  0.000E+00  0.000E+00  6.283E+00  6.283E+00
  1.154E-02  1.154E-02  0.000E+00  0.000E+00  6.283E+00  6.283E+00
  1.156E-02  1.156E-02  0.000E+00  0.000E+00  6.283E+00  6.283E+00
  1.158E-02  1.158E-02  0.000E+00  0.000E+00  6.283E+00  6.283E+00
  1.160E-02  1.160E-02  0.000E+00  0.000E+00  6.283E+00  6.283E+00
  1.162E-02  1.162E-02  0.000E+00  0.000E+00  6.283E+00  6.283E+00
  1.164E-02  1.164E-02  0.000E+00  0.000E+00  6.283E+00  6.283E+00
  1.166E-02  1.166E-02  0.000E+00  0.000E+00  6.283E+00  6.283E+00
  1.168E-02  1.168E-02  0.000E+00  0.000E+00  6.283E+00  6.283E+00
  1.170E-02  1.170E-02  0.000E+00  0.000E+00  6.283E+00  6.283E+00
  1.172E-02  1.172E-02  0.000E+00  0.000E+00  6.283E+00  6.283E+00
  1.174E-02  1.174E-02  0.000E+00  0.000E+00  6.283E+00  6.283E+00
  1.176E-02  1.176E-02  0.000E+00  0.000E+00  6.283E+00  6.283E+00
  1.178E-02  1.178E-02  0.000E+00  0.000E+00  6.283E+00  6.283E+00
  1.180E-02  1.180E-02  0.000E+00  0.000E+00  6.283E+00  6.283E+00
  1.182E-02  1.182E-02  0.000E+00  0.000E+00  6.283E+00  6.283E+00
  1.184E-02  1.184E-02  0.000E+00  0.000E+00  6.283E+00  6.283E+00
  1.186E-02  1.186E-02  0.000E+00  0.000E+00  6.283E+00  6.283E+00
  1.188E-02  1.188E-02  0.000E+00  0.000E+00  6.283E+00  6.283E+00
  1.190E-02  1.190E-02  0.000E+00  0.000E+00  6.283E+00  6.283E+00
  1.192E-02  1.192E-02  0.000E+00  0.000E+00  6.283E+00  6.283E+00
  1.194E-02  1.194E-02  0.000E+00  0.000E+00  6.283E+00  6.283E+00
  1.196E-02  1.196E-02  0.000E+00  0.000E+00  6.283E+00  6.283E+00
  1.198E-02  1.198E-02  0.000E+00  0.000E+00  6.283E+00  6.283E+00
  1.200E-02  1.200E-02  0.000E+00  0.000E+00  6.283E+00  6.283E+00
  1.202E-02  1.202E-02  0.000E+00  0.000E+00  6.283E+00  6.283E+00
  1.204E-02  1.204E-02  0.000E+00  0.000E+00  6.283E+00  6.283E+00
  1.206E-02  1.206E-02  0.000E+00  0.000E+00  6.283E+00  6.283E+00
  1.208E-02  1.208E-02  0.000E+00  0.000E+00  6.283E+00  6.283E+00
  1.210E-02  1.210E-02  0.000E+00  0.000E+00  6.283E+00  6.283E+00
  1.212E-02  1.212E-02  0.000E+00  0.000E+00  6.283E+00  6.283E+00
  1.214E-02  1.214E-02  0.000E+00  0.000E+00  6.283E+00  6.283E+00
  1.216E-02  1.216E-02  0.000E+00  0.000E+00  6.283E+00  6.283E+00
  1.218E-02  1.218E-02  0.000E+00  0.000E+00  6.283E+00  6.283E+00
  1.220E-02  1.220E-02  0.000E+00  0.000E+00  6.283E+00  6.283E+00
  1.222E-02  1.222E-02  0.000E+00  0.000E+00  6.283E+00  6.283E+00
  1.224E-02  1.224E-02  0.000E+00  0.000E+00  6.283E+00  6.283E+00
  1.226E-02  1.226E-02  0.000E+00  0.000E+00  6.283E+00  6.283E+00
  1.228E-02  1.228E-02  0.000E+00  0.000E+00  6.283E+00  6.283E+00
  1.230E-02  1.230E-02  0.000E+00  0.000E+00  6.283E+00  6.283E+00
  1.232E-02  1.232E-02  0.000E+00  0.000E+00  6.283E+00  6.283E+00
  1.234E-02  1.234E-02  0.000E+00  0.000E+00  6.283E+00  6.283E+00
  1.236E-02  1.236E-02  0.000E+00  0.000E+00  6.283E+00  6.283E+00
  1.238E-02  1.238E-02  0.000E+00  0.000E+00  6.283E+00  6.283E+00
  1.240E-02  1.240E-02  0.000E+00  0.000E+00  6.283E+00  6.283E+00
  1.242E-02  1.242E-02  0.000E+00  0.000E+00  6.283E+00  6.283E+00
  1.244E-02  1.244E-02  0.000E+00  0.000E+00  6.283E+00  6.283E+00
  1.246E-02  1.246E-02  0.000E+00  0.000E+00  6.283E+00  6.283E+00
  1.248E-02  1.248E-02  0.000E+00  0.000E+00  6.283E+00  6.283E+00
  1.250E-02  1.250E-02  0.000E+00  0.000E+00  6.283E+00  6.283E+00
  1.252E-02  1.252E-02  0.000E+00  0.000E+00  6.283E+00  6.283E+00
  1.254E-02  1.254E-02  0.000E+00  0.000E+00  6.283E+00  6.283E+00
  1.256E-02  1.256E-02  0.000E+00  0.000E+00  6.283E+00  6.283E+00
  1.258E-02  1.258E-02  0.000E+00  0.000E+00  6.283E+00  6.283E+00
  1.260E-02  1.260E-02  0.000E+00  0.000E+00  6.283E+00  6.283E+00
  1.262E-02  1.262E-02  0.000E+00  0.000E+00  6.283E+00  6.283E+00
  1.264E-02  1.264E-02  0.000E+00  0.000E+00  6.283E+00  6.283E+00
  1.266E-02  1.266E-02  0.000E+00  0.000E+00  6.283E+00  6.283E+00
  1.268E-02  1.268E-02  0.000E+00  0.000E+00  6.283E+00  6.283E+00
  1.270E-02  1.270E-02  0.000E+00  0.000E+00  6.283E+00  6.283E+00
  1.272E-02  1.272E-02  0.000E+00  0.000E+00  6.283E+00  6.283E+00
  1.274E-02  1.274E-02  0.000E+00  0.000E+00  6.283E+00  6.283E+00
  1.276E-02  1.276E-02  0.000E+00  0.000E+00  6.283E+00  6.283E+00
  1.278E-02  1.278E-02  0.000E+00  0.000E+00  6.283E+00  6.283E+00
  1.280E-02  1.280E-02  0.000E+00  0.000E+00  6.283E+00  6.283E+00
  1.282E-02  1.282E-02  0.000E+00  0.000E+00  6.283E+00  6.283E+00
  1.284E-02  1.284E-02  0.000E+00  0.000E+00  6.283E+00  6.283E+00
  1.286E-02  1.286E-02  0.000E+00  0.000E+00  6.283E+00  6.283E+00
  1.288E-02  1.288E-02  0.000E+00  0.000E+00  6.283E+00  6.283E+00
  1.290E-02  1.290E-02  0.000E+00  0.000E+00  6.283E+00  6.283E+00
  1.292E-02  1.292E-02  0.000E+00  0.000E+00  6.283E+00  6.283E+00
  1.294E-02  1.294E-02  0.000E+00  0.000E+00  6.283E+00  6.283E+00
  1.296E-02  1.296E-02  0.000E+00  0.000E+00  6.283E+00  6.283E+00
  1.298E-02  1.298E-02  0.000E+00  0.000E+00  6.283E+00  6.283E+00
  1.300E-02  1.300E-02  0.000E+00  0.000E+00  6.283E+00  6.283E+00
  1.302E-02  1.302E-02  0.000E+00  0.000E+00  6.283E+00  6.283E+00
  1.304E-02  1.304E-02  0.000E+00  0.000E+00  6.283E+00  6.283E+00
  1.305E-02  1.305E-02  0.000E+00  0.000E+00  6.283E+00  6.283E+00
  1.307E-02  1.307E-02  0.000E+00  0.000E+00  6.283E+00  6.283E+00
  1.309E-02  1.309E-02  0.000E+00  0.000E+00  6.283E+00  6.283E+00
  1.311E-02  1.311E-02  0.000E+00  0.000E+00  6.283E+00  6.283E+00
  1.313E-02  1.313E-02  0.000E+00  0.000E+00  6.283E+00  6.283E+00
  1.315E-02  1.315E-02  0.000E+00  0.000E+00  6.283E+00  6.283E+00
  1.317E-02  1.317E-02  0.000E+00  0.000E+00  6.283E+00  6.283E+00
  1.319E-02  1.319E-02  0.000E+00  0.000E+00  6.283E+00  6.283E+00
  1.321E-02  1.321E-02  0.000E+00  0.000E+00  6.283E+00  6.283E+00
  1.323E-02  1.323E-02  0.000E+00  0.000E+00  6.283E+00  6.283E+00
  1.325E-02  1.325E-02  0.000E+00  0.000E+00  6.283E+00  6.283E+00
  1.327E-02  1.327E-02  0.000E+00  0.000E+00  6.283E+00  6.283E+00
  1.329E-02  1.329E-02  0.000E+00  0.000E+00  6.283E+00  6.283E+00
  1.331E-02  1.331E-02  0.000E+00  0.000E+00  6.283E+00  6.283E+00
  1.333E-02  1.333E-02  0.000E+00  0.000E+00  6.283E+00  6.283E+00
  1.335E-02  1.335E-02  0.000E+00  0.000E+00  6.283E+00  6.283E+00
  1.337E-02  1.337E-02  0.000E+00  0.000E+00  6.283E+00  6.283E+00
  1.339E-02  1.339E-02  0.000E+00  0.000E+00  6.283E+00  6.283E+00
  1.341E-02  1.341E-02  0.000E+00  0.000E+00  6.283E+00  6.283E+00
  1.343E-02  1.343E-02  0.000E+00  0.000E+00  6.283E+00  6.283E+00
  1.345E-02  1.345E-02  0.000E+00  0.000E+00  6.283E+00  6.283E+00
  1.347E-02  1.347E-02  0.000E+00  0.000E+00  6.283E+00  6.283E+00
  1.349E-02  1.349E-02  0.000E+00  0.000E+00  6.283E+00  6.283E+00
  1.351E-02  1.351E-02  0.000E+00  0.000E+00  6.283E+00  6.283E+00
  1.353E-02  1.353E-02  0.000E+00  0.000E+00  6.283E+00  6.283E+00
  1.355E-02  1.355E-02  0.000E+00  0.000E+00  6.283E+00  6.283E+00
  1.357E-02  1.357E-02  0.000E+00  0.000E+00  6.283E+00  6.283E+00
  1.359E-02  1.359E-02  0.000E+00  0.000E+00  6.283E+00  6.283E+00
  1.361E-02  1.361E-02  0.000E+00  0.000E+00  6.283E+00  6.283E+00
  1.363E-02  1.363E-02  0.000E+00  0.000E+00  6.283E+00  6.283E+00
  1.365E-02  1.365E-02  0.000E+00  0.000E+00  6.283E+00  6.283E+00
  1.367E-02  1.367E-02  0.000E+00  0.000E+00  6.283E+00  6.283E+00
  1.369E-02  1.369E-02  0.000E+00  0.000E+00  6.283E+00  6.283E+00
  1.371E-02  1.371E-02  0.000E+00  0.000E+00  6.283E+00  6.283E+00
  1.373E-02  1.373E-02  0.000E+00  0.000E+00  6.283E+00  6.283E+00
  1.375E-02  1.375E-02  0.000E+00  0.000E+00  6.283E+00  6.283E+00
  1.377E-02  1.377E-02  0.000E+00  0.000E+00  6.283E+00  6.283E+00
  1.379E-02  1.379E-02  0.000E+00  0.000E+00  6.283E+00  6.283E+00
  1.381E-02  1.381E-02  0.000E+00  0.000E+00  6.283E+00  6.283E+00
  1.383E-02  1.383E-02  0.000E+00  0.000E+00  6.283E+00  6.283E+00
  1.385E-02  1.385E-02  0.000E+00  0.000E+00  6.283E+00  6.283E+00
  1.387E-02  1.387E-02  0.000E+00  0.000E+00  6.283E+00  6.283E+00
  1.389E-02  1.389E-02  0.000E+00  0.000E+00  6.283E+00  6.283E+00
  1.391E-02  1.391E-02  0.000E+00  0.000E+00  6.283E+00  6.283E+00
  1.393E-02  1.393E-02  0.000E+00  0.000E+00  6.283E+00  6.283E+00
  1.395E-02  1.395E-02  0.000E+00  0.000E+00  6.283E+00  6.283E+00
  1.397E-02  1.397E-02  0.000E+00  0.000E+00  6.283E+00  6.283E+00
  1.399E-02  1.399E-02  0.000E+00  0.000E+00  6.283E+00  6.283E+00
  1.401E-02  1.401E-02  0.000E+00  0.000E+00  6.283E+00  6.283E+00
  1.403E-02  1.403E-02  0.000E+00  0.000E+00  6.283E+00  6.283E+00
  1.405E-02  1.405E-02  0.000E+00  0.000E+00  6.283E+00  6.283E+00
  1.407E-02  1.407E-02  0.000E+00  0.000E+00  6.283E+00  6.283E+00
  1.409E-02  1.409E-02  0.000E+00  0.000E+00  6.283E+00  6.283E+00
  1.411E-02  1.411E-02  0.000E+00  0.000E+00  6.283E+00  6.283E+00
  1.413E-02  1.413E-02  0.000E+00  0.000E+00  6.283E+00  6.283E+00
  1.415E-02  1.415E-02  0.000E+00  0.000E+00  6.283E+00  6.283E+00
  1.417E-02  1.417E-02  0.000E+00  0.000E+00  6.283E+00  6.283E+00
  1.419E-02  1.419E-02  0.000E+00  0.000E+00  6.283E+00  6.283E+00
  1.421E-02  1.421E-02  0.000E+00  0.000E+00  6.283E+00  6.283E+00
  1.423E-02  1.423E-02  0.000E+00  0.000E+00  6.283E+00  6.283E+00
  1.425E-02  1.425E-02  0.000E+00  0.000E+00  6.283E+00  6.283E+00
  1.427E-02  1.427E-02  0.000E+00  0.000E+00  6.283E+00  6.283E+00
  1.429E-02  1.429E-02  0.000E+00  0.000E+00  6.283E+00  6.283E+00
  1.431E-02  1.431E-02  0.000E+00  0.000E+00  6.283E+00  6.283E+00
  1.433E-02  1.433E-02  0.000E+00  0.000E+00  6.283E+00  6.283E+00
  1.435E-02  1.435E-02  0.000E+00  0.000E+00  6.283E+00  6.283E+00
  1.437E-02  1.437E-02  0.000E+00  0.000E+00  6.283E+00  6.283E+00
  1.439E-02  1.439E-02  0.000E+00  0.000E+00  6.283E+00  6.283E+00
  1.441E-02  1.441E-02  0.000E+00  0.000E+00  6.283E+00  6.283E+00
  1.443E-02  1.443E-02  0.000E+00  0.000E+00  6.283E+00  6.283E+00
  1.445E-02  1.445E-02  0.000E+00  0.000E+00  6.283E+00  6.283E+00
  1.447E-02  1.447E-02  0.000E+00  0.000E+00  6.283E+00  6.283E+00
  1.449E-02  1.449E-02  0.000E+00  0.000E+00  6.283E+00  6.283E+00
  1.451E-02  1.451E-02  0.000E+00  0.000E+00  6.283E+00  6.283E+00
  1.453E-02  1.453E-02  0.000E+00  0.000E+00  6.283E+00  6.283E+00
  1.455E-02  1.455E-02  0.000E+00  0.000E+00  6.283E+00  6.283E+00
  1.457E-02  1.457E-02  0.000E+00  0.000E+00  6.283E+00  6.283E+00
  1.459E-02  1.459E-02  0.000E+00  0.000E+00  6.283E+00  6.283E+00
  1.461E-02  1.461E-02  0.000E+00  0.000E+00  6.283E+00  6.283E+00
  1.463E-02  1.463E-02  0.000E+00  0.000E+00  6.283E+00  6.283E+00
  1.465E-02  1.465E-02  0.000E+00  0.000E+00  6.283E+00  6.283E+00
  1.467E-02  1.467E-02  0.000E+00  0.000E+00  6.283E+00  6.283E+00
  1.469E-02  1.469E-02  0.000E+00  0.000E+00  6.283E+00  6.283E+00
  1.471E-02  1.471E-02  0.000E+00  0.000E+00  6.283E+00  6.283E+00
  1.473E-02  1.473E-02  0.000E+00  0.000E+00  6.283E+00  6.283E+00
  1.475E-02  1.475E-02  0.000E+00  0.000E+00  6.283E+00  6.283E+00
  1.477E-02  1.477E-02  0.000E+00  0.000E+00  6.283E+00  6.283E+00
  1.479E-02  1.479E-02  0.000E+00  0.000E+00  6.283E+00  6.283E+00
  1.481E-02  1.481E-02  0.000E+00  0.000E+00  6.283E+00  6.283E+00
  1.483E-02  1.483E-02  0.000E+00  0.000E+00  6.283E+00  6.283E+00
  1.485E-02  1.485E-02  0.000E+00  0.000E+00  6.283E+00  6.283E+00
  1.487E-02  1.487E-02  0.000E+00  0.000E+00  6.283E+00  6.283E+00
  1.489E-02  1.489E-02  0.000E+00  0.000E+00  6.283E+00  6.283E+00
  1.491E-02  1.491E-02  0.000E+00  0.000E+00  6.283E+00  6.283E+00
  1.493E-02  1.493E-02  0.000E+00  0.000E+00  6.283E+00  6.283E+00
  1.495E-02  1.495E-02  0.000E+00  0.000E+00  6.283E+00  6.283E+00
  1.497E-02  1.497E-02  0.000E+00  0.000E+00  6.283E+00  6.283E+00
  1.499E-02  1.499E-02  0.000E+00  0.000E+00  6.283E+00  6.283E+00
  1.501E-02  1.501E-02  0.000E+00  0.000E+00  6.283E+00  6.283E+00
  1.503E-02  1.503E-02  0.000E+00  0.000E+00  6.283E+00  6.283E+00
  1.504E-02  1.504E-02  0.000E+00  0.000E+00  6.283E+00  6.283E+00
  1.506E-02  1.506E-02  0.000E+00  0.000E+00  6.283E+00  6.283E+00
  1.508E-02  1.508E-02  0.000E+00  0.000E+00  6.283E+00  6.283E+00
  1.510E-02  1.510E-02  0.000E+00  0.000E+00  6.283E+00  6.283E+00
  1.512E-02  1.512E-02  0.000E+00  0.000E+00  6.283E+00  6.283E+00
  1.514E-02  1.514E-02  0.000E+00  0.000E+00  6.283E+00  6.283E+00
  1.516E-02  1.516E-02  0.000E+00  0.000E+00  6.283E+00  6.283E+00
  1.518E-02  1.518E-02  0.000E+00  0.000E+00  6.283E+00  6.283E+00
  1.520E-02  1.520E-02  0.000E+00  0.000E+00  6.283E+00  6.283E+00
  1.522E-02  1.522E-02  0.000E+00  0.000E+00  6.283E+00  6.283E+00
  1.524E-02  1.524E-02  0.000E+00  0.000E+00  6.283E+00  6.283E+00
  1.526E-02  1.526E-02  0.000E+00  0.000E+00  6.283E+00  6.283E+00
  1.528E-02  1.528E-02  0.000E+00  0.000E+00  6.283E+00  6.283E+00
  1.530E-02  1.530E-02  0.000E+00  0.000E+00  6.283E+00  6.283E+00
  1.532E-02  1.532E-02  0.000E+00  0.000E+00  6.283E+00  6.283E+00
  1.534E-02  1.534E-02  0.000E+00  0.000E+00  6.283E+00  6.283E+00
  1.536E-02  1.536E-02  0.000E+00  0.000E+00  6.283E+00  6.283E+00
  1.538E-02  1.538E-02  0.000E+00  0.000E+00  6.283E+00  6.283E+00
  1.540E-02  1.540E-02  0.000E+00  0.000E+00  6.283E+00  6.283E+00
  1.542E-02  1.542E-02  0.000E+00  0.000E+00  6.283E+00  6.283E+00
  1.544E-02  1.544E-02  0.000E+00  0.000E+00  6.283E+00  6.283E+00
  1.546E-02  1.546E-02  0.000E+00  0.000E+00  6.283E+00  6.283E+00
  1.548E-02  1.548E-02  0.000E+00  0.000E+00  6.283E+00  6.283E+00
  1.550E-02  1.550E-02  0.000E+00  0.000E+00  6.283E+00  6.283E+00
  1.552E-02  1.552E-02  0.000E+00  0.000E+00  6.283E+00  6.283E+00
  1.554E-02  1.554E-02  0.000E+00  0.000E+00  6.283E+00  6.283E+00
  1.556E-02  1.556E-02  0.000E+00  0.000E+00  6.283E+00  6.283E+00
  1.558E-02  1.558E-02  0.000E+00  0.000E+00  6.283E+00  6.283E+00
  1.560E-02  1.560E-02  0.000E+00  0.000E+00  6.283E+00  6.283E+00
  1.562E-02  1.562E-02  0.000E+00  0.000E+00  6.283E+00  6.283E+00
  1.564E-02  1.564E-02  0.000E+00  0.000E+00  6.283E+00  6.283E+00
  1.566E-02  1.566E-02  0.000E+00  0.000E+00  6.283E+00  6.283E+00
  1.568E-02  1.568E-02  0.000E+00  0.000E+00  6.283E+00  6.283E+00
  1.570E-02  1.570E-02  0.000E+00  0.000E+00  6.283E+00  6.283E+00
  1.572E-02  1.572E-02  0.000E+00  0.000E+00  6.283E+00  6.283E+00
  1.574E-02  1.574E-02  0.000E+00  0.000E+00  6.283E+00  6.283E+00
  1.576E-02  1.576E-02  0.000E+00  0.000E+00  6.283E+00  6.283E+00
  1.578E-02  1.578E-02  0.000E+00  0.000E+00  6.283E+00  6.283E+00
  1.580E-02  1.580E-02  0.000E+00  0.000E+00  6.283E+00  6.283E+00
  1.582E-02  1.582E-02  0.000E+00  0.000E+00  6.283E+00  6.283E+00
  1.584E-02  1.584E-02  0.000E+00  0.000E+00  6.283E+00  6.283E+00
  1.586E-02  1.586E-02  0.000E+00  0.000E+00  6.283E+00  6.283E+00
  1.588E-02  1.588E-02  0.000E+00  0.000E+00  6.283E+00  6.283E+00
  1.590E-02  1.590E-02  0.000E+00  0.000E+00  6.283E+00  6.283E+00
  1.592E-02  1.592E-02  0.000E+00  0.000E+00  6.283E+00  6.283E+00
  1.594E-02  1.594E-02  0.000E+00  0.000E+00  6.283E+00  6.283E+00
  1.596E-02  1.596E-02  0.000E+00  0.000E+00  6.283E+00  6.283E+00
  1.598E-02  1.598E-02  0.000E+00  0.000E+00  6.283E+00  6.283E+00
  1.600E-02  1.600E-02  0.000E+00  0.000E+00  6.283E+00  6.283E+00
  1.602E-02  1.602E-02  0.000E+00  0.000E+00  6.283E+00  6.283E+00
  1.604E-02  1.604E-02  0.000E+00  0.000E+00  6.283E+00  6.283E+00
  1.606E-02  1.606E-02  0.000E+00  0.000E+00  6.283E+00  6.283E+00
  1.608E-02  1.608E-02  0.000E+00  0.000E+00  6.283E+00  6.283E+00
  1.610E-02  1.610E-02  0.000E+00  0.000E+00  6.283E+00  6.283E+00
  1.612E-02  1.612E-02  0.000E+00  0.000E+00  6.283E+00  6.283E+00
  1.614E-02  1.614E-02  0.000E+00  0.000E+00  6.283E+00  6.283E+00
  1.616E-02  1.616E-02  0.000E+00  0.000E+00  6.283E+00  6.283E+00
  1.618E-02  1.618E-02  0.000E+00  0.000E+00  6.283E+00  6.283E+00
  1.620E-02  1.620E-02  0.000E+00  0.000E+00  6.283E+00  6.283E+00
  1.622E-02  1.622E-02  0.000E+00  0.000E+00  6.283E+00  6.283E+00
  1.624E-02  1.624E-02  0.000E+00  0.000E+00  6.283E+00  6.283E+00
  1.626E-02  1.626E-02  0.000E+00  0.000E+00  6.283E+00  6.283E+00
  1.628E-02  1.628E-02  0.000E+00  0.000E+00  6.283E+00  6.283E+00
  1.630E-02  1.630E-02  0.000E+00  0.000E+00  6.283E+00  6.283E+00
  1.632E-02  1.632E-02  0.000E+00  0.000E+00  6.283E+00  6.283E+00
  1.634E-02  1.634E-02  0.000E+00  0.000E+00  6.283E+00  6.283E+00
  1.636E-02  1.636E-02  0.000E+00  0.000E+00  6.283E+00  6.283E+00
  1.638E-02  1.638E-02  0.000E+00  0.000E+00  6.283E+00  6.283E+00
  1.640E-02  1.640E-02  0.000E+00  0.000E+00  6.283E+00  6.283E+00
  1.642E-02  1.642E-02  0.000E+00  0.000E+00  6.283E+00  6.283E+00
  1.644E-02  1.644E-02  0.000E+00  0.000E+00  6.283E+00  6.283E+00
  1.646E-02  1.646E-02  0.000E+00  0.000E+00  6.283E+00  6.283E+00
  1.648E-02  1.648E-02  0.000E+00  0.000E+00  6.283E+00  6.283E+00
  1.650E-02  1.650E-02  0.000E+00  0.000E+00  6.283E+00  6.283E+00
  1.652E-02  1.652E-02  0.000E+00  0.000E+00  6.283E+00  6.283E+00
  1.654E-02  1.654E-02  0.000E+00  0.000E+00  6.283E+00  6.283E+00
  1.656E-02  1.656E-02  0.000E+00  0.000E+00  6.283E+00  6.283E+00
  1.658E-02  1.658E-02  0.000E+00  0.000E+00  6.283E+00  6.283E+00
  1.660E-02  1.660E-02  0.000E+00  0.000E+00  6.283E+00  6.283E+00
  1.662E-02  1.662E-02  0.000E+00  0.000E+00  6.283E+00  6.283E+00
  1.664E-02  1.664E-02  0.000E+00  0.000E+00  6.283E+00  6.283E+00
  1.666E-02  1.666E-02  0.000E+00  0.000E+00  6.283E+00  6.283E+00
  1.668E-02  1.668E-02  0.000E+00  0.000E+00  6.283E+00  6.283E+00
  1.670E-02  1.670E-02  0.000E+00  0.000E+00  6.283E+00  6.283E+00
  1.672E-02  1.672E-02  0.000E+00  0.000E+00  6.283E+00  6.283E+00
  1.674E-02  1.674E-02  0.000E+00  0.000E+00  6.283E+00  6.283E+00
  1.676E-02  1.676E-02  0.000E+00  0.000E+00  6.283E+00  6.283E+00
  1.678E-02  1.678E-02  0.000E+00  0.000E+00  6.283E+00  6.283E+00
  1.680E-02  1.680E-02  0.000E+00  0.000E+00  6.283E+00  6.283E+00
  1.682E-02  1.682E-02  0.000E+00  0.000E+00  6.283E+00  6.283E+00
  1.684E-02  1.684E-02  0.000E+00  0.000E+00  6.283E+00  6.283E+00
  1.686E-02  1.686E-02  0.000E+00  0.000E+00  6.283E+00  6.283E+00
  1.688E-02  1.688E-02  0.000E+00  0.000E+00  6.283E+00  6.283E+00
  1.690E-02  1.690E-02  0.000E+00  0.000E+00  6.283E+00  6.283E+00
  1.692E-02  1.692E-02  0.000E+00  0.000E+00  6.283E+00  6.283E+00
  1.694E-02  1.694E-02  0.000E+00  0.000E+00  6.283E+00  6.283E+00
  1.696E-02  1.696E-02  0.000E+00  0.000E+00  6.283E+00  6.283E+00
  1.698E-02  1.698E-02  0.000E+00  0.000E+00  6.283E+00  6.283E+00
  1.700E-02  1.700E-02  0.000E+00  0.000E+00  6.283E+00  6.283E+00
  1.702E-02  1.702E-02  0.000E+00  0.000E+00  6.283E+00  6.283E+00
  1.703E-02  1.703E-02  0.000E+00  0.000E+00  6.283E+00  6.283E+00
  1.705E-02  1.705E-02  0.000E+00  0.000E+00  6.283E+00  6.283E+00
  1.707E-02  1.707E-02  0.000E+00  0.000E+00  6.283E+00  6.283E+00
  1.709E-02  1.709E-02  0.000E+00  0.000E+00  6.283E+00  6.283E+00
  1.711E-02  1.711E-02  0.000E+00  0.000E+00  6.283E+00  6.283E+00
  1.713E-02  1.713E-02  0.000E+00  0.000E+00  6.283E+00  6.283E+00
  1.715E-02  1.715E-02  0.000E+00  0.000E+00  6.283E+00  6.283E+00
  1.717E-02  1.717E-02  0.000E+00  0.000E+00  6.283E+00  6.283E+00
  1.719E-02  1.719E-02  0.000E+00  0.000E+00  6.283E+00  6.283E+00
  1.721E-02  1.721E-02  0.000E+00  0.000E+00  6.283E+00  6.283E+00
  1.723E-02  1.723E-02  0.000E+00  0.000E+00  6.283E+00  6.283E+00
  1.725E-02  1.725E-02  0.000E+00  0.000E+00  6.283E+00  6.283E+00
  1.727E-02  1.727E-02  0.000E+00  0.000E+00  6.283E+00  6.283E+00
  1.729E-02  1.729E-02  0.000E+00  0.000E+00  6.283E+00  6.283E+00
  1.731E-02  1.731E-02  0.000E+00  0.000E+00  6.283E+00  6.283E+00
  1.733E-02  1.733E-02  0.000E+00  0.000E+00  6.283E+00  6.283E+00
  1.735E-02  1.735E-02  0.000E+00  0.000E+00  6.283E+00  6.283E+00
  1.737E-02  1.737E-02  0.000E+00  0.000E+00  6.283E+00  6.283E+00
  1.739E-02  1.739E-02  0.000E+00  0.000E+00  6.283E+00  6.283E+00
  1.741E-02  1.741E-02  0.000E+00  0.000E+00  6.283E+00  6.283E+00
  1.743E-02  1.743E-02  0.000E+00  0.000E+00  6.283E+00  6.283E+00
  1.745E-02  1.745E-02  0.000E+00  0.000E+00  6.283E+00  6.283E+00
  1.747E-02  1.747E-02  0.000E+00  0.000E+00  6.283E+00  6.283E+00
  1.749E-02  1.749E-02  0.000E+00  0.000E+00  6.283E+00  6.283E+00
  1.751E-02  1.751E-02  0.000E+00  0.000E+00  6.283E+00  6.283E+00
  1.753E-02  1.753E-02  0.000E+00  0.000E+00  6.283E+00  6.283E+00
  1.755E-02  1.755E-02  0.000E+00  0.000E+00  6.283E+00  6.283E+00
  1.757E-02  1.757E-02  0.000E+00  0.000E+00  6.283E+00  6.283E+00
  1.759E-02  1.759E-02  0.000E+00  0.000E+00  6.283E+00  6.283E+00
  1.761E-02  1.761E-02  0.000E+00  0.000E+00  6.283E+00  6.283E+00
  1.763E-02  1.763E-02  0.000E+00  0.000E+00  6.283E+00  6.283E+00
  1.765E-02  1.765E-02  0.000E+00  0.000E+00  6.283E+00  6.283E+00
  1.767E-02  1.767E-02  0.000E+00  0.000E+00  6.283E+00  6.283E+00
  1.769E-02  1.769E-02  0.000E+00  0.000E+00  6.283E+00  6.283E+00
  1.771E-02  1.771E-02  0.000E+00  0.000E+00  6.283E+00  6.283E+00
  1.773E-02  1.773E-02  0.000E+00  0.000E+00  6.283E+00  6.283E+00
  1.775E-02  1.775E-02  0.000E+00  0.000E+00  6.283E+00  6.283E+00
  1.777E-02  1.777E-02  0.000E+00  0.000E+00  6.283E+00  6.283E+00
  1.779E-02  1.779E-02  0.000E+00  0.000E+00  6.283E+00  6.283E+00
  1.781E-02  1.781E-02  0.000E+00  0.000E+00  6.283E+00  6.283E+00
  1.783E-02  1.783E-02  0.000E+00  0.000E+00  6.283E+00  6.283E+00
  1.785E-02  1.785E-02  0.000E+00  0.000E+00  6.283E+00  6.283E+00
  1.787E-02  1.787E-02  0.000E+00  0.000E+00  6.283E+00  6.283E+00
  1.789E-02  1.789E-02  0.000E+00  0.000E+00  6.283E+00  6.283E+00
  1.791E-02  1.791E-02  0.000E+00  0.000E+00  6.283E+00  6.283E+00
  1.793E-02  1.793E-02  0.000E+00  0.000E+00  6.283E+00  6.283E+00
  1.795E-02  1.795E-02  0.000E+00  0.000E+00  6.283E+00  6.283E+00
  1.797E-02  1.797E-02  0.000E+00  0.000E+00  6.283E+00  6.283E+00
  1.799E-02  1.799E-02  0.000E+00  0.000E+00  6.283E+00  6.283E+00
  1.801E-02  1.801E-02  0.000E+00  0.000E+00  6.283E+00  6.283E+00
  1.803E-02  1.803E-02  0.000E+00  0.000E+00  6.283E+00  6.283E+00
  1.805E-02  1.805E-02  0.000E+00  0.000E+00  6.283E+00  6.283E+00
  1.807E-02  1.807E-02  0.000E+00  0.000E+00  6.283E+00  6.283E+00
  1.809E-02  1.809E-02  0.000E+00  0.000E+00  6.283E+00  6.283E+00
  1.811E-02  1.811E-02  0.000E+00  0.000E+00  6.283E+00  6.283E+00
  1.813E-02  1.813E-02  0.000E+00  0.000E+00  6.283E+00  6.283E+00
  1.815E-02  1.815E-02  0.000E+00  0.000E+00  6.283E+00  6.283E+00
  1.817E-02  1.817E-02  0.000E+00  0.000E+00  6.283E+00  6.283E+00
  1.819E-02  1.819E-02  0.000E+00  0.000E+00  6.283E+00  6.283E+00
  1.821E-02  1.821E-02  0.000E+00  0.000E+00  6.283E+00  6.283E+00
  1.823E-02  1.823E-02  0.000E+00  0.000E+00  6.283E+00  6.283E+00
  1.825E-02  1.825E-02  0.000E+00  0.000E+00  6.283E+00  6.283E+00
  1.827E-02  1.827E-02  0.000E+00  0.000E+00  6.283E+00  6.283E+00
  1.829E-02  1.829E-02  0.000E+00  0.000E+00  6.283E+00  6.283E+00
  1.831E-02  1.831E-02  0.000E+00  0.000E+00  6.283E+00  6.283E+00
  1.833E-02  1.833E-02  0.000E+00  0.000E+00  6.283E+00  6.283E+00
  1.835E-02  1.835E-02  0.000E+00  0.000E+00  6.283E+00  6.283E+00
  1.837E-02  1.837E-02  0.000E+00  0.000E+00  6.283E+00  6.283E+00
  1.839E-02  1.839E-02  0.000E+00  0.000E+00  6.283E+00  6.283E+00
  1.841E-02  1.841E-02  0.000E+00  0.000E+00  6.283E+00  6.283E+00
  1.843E-02  1.843E-02  0.000E+00  0.000E+00  6.283E+00  6.283E+00
  1.845E-02  1.845E-02  0.000E+00  0.000E+00  6.283E+00  6.283E+00
  1.847E-02  1.847E-02  0.000E+00  0.000E+00  6.283E+00  6.283E+00
  1.849E-02  1.849E-02  0.000E+00  0.000E+00  6.283E+00  6.283E+00
  1.851E-02  1.851E-02  0.000E+00  0.000E+00  6.283E+00  6.283E+00
  1.853E-02  1.853E-02  0.000E+00  0.000E+00  6.283E+00  6.283E+00
  1.855E-02  1.855E-02  0.000E+00  0.000E+00  6.283E+00  6.283E+00
  1.857E-02  1.857E-02  0.000E+00  0.000E+00  6.283E+00  6.283E+00
  1.859E-02  1.859E-02  0.000E+00  0.000E+00  6.283E+00  6.283E+00
  1.861E-02  1.861E-02  0.000E+00  0.000E+00  6.283E+00  6.283E+00
  1.863E-02  1.863E-02  0.000E+00  0.000E+00  6.283E+00  6.283E+00
  1.865E-02  1.865E-02  0.000E+00  0.000E+00  6.283E+00  6.283E+00
  1.867E-02  1.867E-02  0.000E+00  0.000E+00  6.283E+00  6.283E+00
  1.869E-02  1.869E-02  0.000E+00  0.000E+00  6.283E+00  6.283E+00
  1.871E-02  1.871E-02  0.000E+00  0.000E+00  6.283E+00  6.283E+00
  1.873E-02  1.873E-02  0.000E+00  0.000E+00  6.283E+00  6.283E+00
  1.875E-02  1.875E-02  0.000E+00  0.000E+00  6.283E+00  6.283E+00
  1.877E-02  1.877E-02  0.000E+00  0.000E+00  6.283E+00  6.283E+00
  1.879E-02  1.879E-02  0.000E+00  0.000E+00  6.283E+00  6.283E+00
  1.881E-02  1.881E-02  0.000E+00  0.000E+00  6.283E+00  6.283E+00
  1.883E-02  1.883E-02  0.000E+00  0.000E+00  6.283E+00  6.283E+00
  1.885E-02  1.885E-02  0.000E+00  0.000E+00  6.283E+00  6.283E+00
  1.887E-02  1.887E-02  0.000E+00  0.000E+00  6.283E+00  6.283E+00
  1.889E-02  1.889E-02  0.000E+00  0.000E+00  6.283E+00  6.283E+00
  1.891E-02  1.891E-02  0.000E+00  0.000E+00  6.283E+00  6.283E+00
  1.893E-02  1.893E-02  0.000E+00  0.000E+00  6.283E+00  6.283E+00
  1.895E-02  1.895E-02  0.000E+00  0.000E+00  6.283E+00  6.283E+00
  1.897E-02  1.897E-02  0.000E+00  0.000E+00  6.283E+00  6.283E+00
  1.899E-02  1.899E-02  0.000E+00  0.000E+00  6.283E+00  6.283E+00
  1.901E-02  1.901E-02  0.000E+00  0.000E+00  6.283E+00  6.283E+00
  1.902E-02  1.902E-02  0.000E+00  0.000E+00  6.283E+00  6.283E+00
  1.904E-02  1.904E-02  0.000E+00  0.000E+00  6.283E+00  6.283E+00
  1.906E-02  1.906E-02  0.000E+00  0.000E+00  6.283E+00  6.283E+00
  1.908E-02  1.908E-02  0.000E+00  0.000E+00  6.283E+00  6.283E+00
  1.910E-02  1.910E-02  0.000E+00  0.000E+00  6.283E+00  6.283E+00
  1.912E-02  1.912E-02  0.000E+00  0.000E+00  6.283E+00  6.283E+00
  1.914E-02  1.914E-02  0.000E+00  0.000E+00  6.283E+00  6.283E+00
  1.916E-02  1.916E-02  0.000E+00  0.000E+00  6.283E+00  6.283E+00
  1.918E-02  1.918E-02  0.000E+00  0.000E+00  6.283E+00  6.283E+00
  1.920E-02  1.920E-02  0.000E+00  0.000E+00  6.283E+00  6.283E+00
  1.922E-02  1.922E-02  0.000E+00  0.000E+00  6.283E+00  6.283E+00
  1.924E-02  1.924E-02  0.000E+00  0.000E+00  6.283E+00  6.283E+00
  1.926E-02  1.926E-02  0.000E+00  0.000E+00  6.283E+00  6.283E+00
  1.928E-02  1.928E-02  0.000E+00  0.000E+00  6.283E+00  6.283E+00
  1.930E-02  1.930E-02  0.000E+00  0.000E+00  6.283E+00  6.283E+00
  1.932E-02  1.932E-02  0.000E+00  0.000E+00  6.283E+00  6.283E+00
  1.934E-02  1.934E-02  0.000E+00  0.000E+00  6.283E+00  6.283E+00
  1.936E-02  1.936E-02  0.000E+00  0.000E+00  6.283E+00  6.283E+00
  1.938E-02  1.938E-02  0.000E+00  0.000E+00  6.283E+00  6.283E+00
  1.940E-02  1.940E-02  0.000E+00  0.000E+00  6.283E+00  6.283E+00
  1.942E-02  1.942E-02  0.000E+00  0.000E+00  6.283E+00  6.283E+00
  1.944E-02  1.944E-02  0.000E+00  0.000E+00  6.283E+00  6.283E+00
  1.946E-02  1.946E-02  0.000E+00  0.000E+00  6.283E+00  6.283E+00
  1.948E-02  1.948E-02  0.000E+00  0.000E+00  6.283E+00  6.283E+00
  1.950E-02  1.950E-02  0.000E+00  0.000E+00  6.283E+00  6.283E+00
  1.952E-02  1.952E-02  0.000E+00  0.000E+00  6.283E+00  6.283E+00
  1.954E-02  1.954E-02  0.000E+00  0.000E+00  6.283E+00  6.283E+00
  1.956E-02  1.956E-02  0.000E+00  0.000E+00  6.283E+00  6.283E+00
  1.958E-02  1.958E-02  0.000E+00  0.000E+00  6.283E+00  6.283E+00
  1.960E-02  1.960E-02  0.000E+00  0.000E+00  6.283E+00  6.283E+00
  1.962E-02  1.962E-02  0.000E+00  0.000E+00  6.283E+00  6.283E+00
  1.964E-02  1.964E-02  0.000E+00  0.000E+00  6.283E+00  6.283E+00
  1.966E-02  1.966E-02  0.000E+00  0.000E+00  6.283E+00  6.283E+00
  1.968E-02  1.968E-02  0.000E+00  0.000E+00  6.283E+00  6.283E+00
  1.970E-02  1.970E-02  0.000E+00  0.000E+00  6.283E+00  6.283E+00
  1.972E-02  1.972E-02  0.000E+00  0.000E+00  6.283E+00  6.283E+00
  1.974E-02  1.974E-02  0.000E+00  0.000E+00  6.283E+00  6.283E+00
  1.976E-02  1.976E-02  0.000E+00  0.000E+00  6.283E+00  6.283E+00
  1.978E-02  1.978E-02  0.000E+00  0.000E+00  6.283E+00  6.283E+00
  1.980E-02  1.980E-02  0.000E+00  0.000E+00  6.283E+00  6.283E+00
  1.982E-02  1.982E-02  0.000E+00  0.000E+00  6.283E+00  6.283E+00
  1.984E-02  1.984E-02  0.000E+00  0.000E+00  6.283E+00  6.283E+00
  1.986E-02  1.986E-02  0.000E+00  0.000E+00  6.283E+00  6.283E+00
  1.988E-02  1.988E-02  0.000E+00  0.000E+00  6.283E+00  6.283E+00
  1.990E-02  1.990E-02  0.000E+00  0.000E+00  6.283E+00  6.283E+00
  1.992E-02  1.992E-02  0.000E+00  0.000E+00  6.283E+00  6.283E+00
  1.994E-02  1.994E-02  0.000E+00  0.000E+00  6.283E+00  6.283E+00
  1.996E-02  1.996E-02  0.000E+00  0.000E+00  6.283E+00  6.283E+00
  1.998E-02  1.998E-02  0.000E+00  0.000E+00  6.283E+00  6.283E+00
  2.000E-02  2.000E-02  0.000E+00  0.000E+00  6.283E+00  6.283E+00


 # Detector n:            3   ep_targ   (integrated over solid angle)
 # N. of energy intervals        1000
  1.000E-04  1.199E-04  0.000E+00  0.000E+00
  1.199E-04  1.398E-04  0.000E+00  0.000E+00
  1.398E-04  1.597E-04  0.000E+00  0.000E+00
  1.597E-04  1.796E-04  0.000E+00  0.000E+00
  1.796E-04  1.995E-04  0.000E+00  0.000E+00
  1.995E-04  2.194E-04  0.000E+00  0.000E+00
  2.194E-04  2.393E-04  0.000E+00  0.000E+00
  2.393E-04  2.592E-04  0.000E+00  0.000E+00
  2.592E-04  2.791E-04  0.000E+00  0.000E+00
  2.791E-04  2.990E-04  0.000E+00  0.000E+00
  2.990E-04  3.189E-04  0.000E+00  0.000E+00
  3.189E-04  3.388E-04  0.000E+00  0.000E+00
  3.388E-04  3.587E-04  0.000E+00  0.000E+00
  3.587E-04  3.786E-04  0.000E+00  0.000E+00
  3.786E-04  3.985E-04  0.000E+00  0.000E+00
  3.985E-04  4.184E-04  0.000E+00  0.000E+00
  4.184E-04  4.383E-04  0.000E+00  0.000E+00
  4.383E-04  4.582E-04  0.000E+00  0.000E+00
  4.582E-04  4.781E-04  0.000E+00  0.000E+00
  4.781E-04  4.980E-04  0.000E+00  0.000E+00
  4.980E-04  5.179E-04  0.000E+00  0.000E+00
  5.179E-04  5.378E-04  0.000E+00  0.000E+00
  5.378E-04  5.577E-04  0.000E+00  0.000E+00
  5.577E-04  5.776E-04  0.000E+00  0.000E+00
  5.776E-04  5.975E-04  0.000E+00  0.000E+00
  5.975E-04  6.174E-04  0.000E+00  0.000E+00
  6.174E-04  6.373E-04  0.000E+00  0.000E+00
  6.373E-04  6.572E-04  0.000E+00  0.000E+00
  6.572E-04  6.771E-04  0.000E+00  0.000E+00
  6.771E-04  6.970E-04  0.000E+00  0.000E+00
  6.970E-04  7.169E-04  0.000E+00  0.000E+00
  7.169E-04  7.368E-04  0.000E+00  0.000E+00
  7.368E-04  7.567E-04  0.000E+00  0.000E+00
  7.567E-04  7.766E-04  0.000E+00  0.000E+00
  7.766E-04  7.965E-04  0.000E+00  0.000E+00
  7.965E-04  8.164E-04  0.000E+00  0.000E+00
  8.164E-04  8.363E-04  0.000E+00  0.000E+00
  8.363E-04  8.562E-04  0.000E+00  0.000E+00
  8.562E-04  8.761E-04  0.000E+00  0.000E+00
  8.761E-04  8.960E-04  0.000E+00  0.000E+00
  8.960E-04  9.159E-04  0.000E+00  0.000E+00
  9.159E-04  9.358E-04  0.000E+00  0.000E+00
  9.358E-04  9.557E-04  0.000E+00  0.000E+00
  9.557E-04  9.756E-04  0.000E+00  0.000E+00
  9.756E-04  9.955E-04  0.000E+00  0.000E+00
  9.955E-04  1.015E-03  0.000E+00  0.000E+00
  1.015E-03  1.035E-03  0.000E+00  0.000E+00
  1.035E-03  1.055E-03  0.000E+00  0.000E+00
  1.055E-03  1.075E-03  0.000E+00  0.000E+00
  1.075E-03  1.095E-03  0.000E+00  0.000E+00
  1.095E-03  1.115E-03  0.000E+00  0.000E+00
  1.115E-03  1.135E-03  0.000E+00  0.000E+00
  1.135E-03  1.155E-03  0.000E+00  0.000E+00
  1.155E-03  1.175E-03  0.000E+00  0.000E+00
  1.175E-03  1.195E-03  0.000E+00  0.000E+00
  1.195E-03  1.214E-03  0.000E+00  0.000E+00
  1.214E-03  1.234E-03  0.000E+00  0.000E+00
  1.234E-03  1.254E-03  0.000E+00  0.000E+00
  1.254E-03  1.274E-03  0.000E+00  0.000E+00
  1.274E-03  1.294E-03  0.000E+00  0.000E+00
  1.294E-03  1.314E-03  0.000E+00  0.000E+00
  1.314E-03  1.334E-03  0.000E+00  0.000E+00
  1.334E-03  1.354E-03  0.000E+00  0.000E+00
  1.354E-03  1.374E-03  0.000E+00  0.000E+00
  1.374E-03  1.394E-03  0.000E+00  0.000E+00
  1.394E-03  1.413E-03  0.000E+00  0.000E+00
  1.413E-03  1.433E-03  0.000E+00  0.000E+00
  1.433E-03  1.453E-03  0.000E+00  0.000E+00
  1.453E-03  1.473E-03  0.000E+00  0.000E+00
  1.473E-03  1.493E-03  0.000E+00  0.000E+00
  1.493E-03  1.513E-03  0.000E+00  0.000E+00
  1.513E-03  1.533E-03  0.000E+00  0.000E+00
  1.533E-03  1.553E-03  0.000E+00  0.000E+00
  1.553E-03  1.573E-03  0.000E+00  0.000E+00
  1.573E-03  1.593E-03  0.000E+00  0.000E+00
  1.593E-03  1.612E-03  0.000E+00  0.000E+00
  1.612E-03  1.632E-03  0.000E+00  0.000E+00
  1.632E-03  1.652E-03  0.000E+00  0.000E+00
  1.652E-03  1.672E-03  0.000E+00  0.000E+00
  1.672E-03  1.692E-03  0.000E+00  0.000E+00
  1.692E-03  1.712E-03  0.000E+00  0.000E+00
  1.712E-03  1.732E-03  0.000E+00  0.000E+00
  1.732E-03  1.752E-03  0.000E+00  0.000E+00
  1.752E-03  1.772E-03  0.000E+00  0.000E+00
  1.772E-03  1.792E-03  0.000E+00  0.000E+00
  1.792E-03  1.811E-03  0.000E+00  0.000E+00
  1.811E-03  1.831E-03  0.000E+00  0.000E+00
  1.831E-03  1.851E-03  0.000E+00  0.000E+00
  1.851E-03  1.871E-03  0.000E+00  0.000E+00
  1.871E-03  1.891E-03  0.000E+00  0.000E+00
  1.891E-03  1.911E-03  0.000E+00  0.000E+00
  1.911E-03  1.931E-03  0.000E+00  0.000E+00
  1.931E-03  1.951E-03  0.000E+00  0.000E+00
  1.951E-03  1.971E-03  0.000E+00  0.000E+00
  1.971E-03  1.991E-03  0.000E+00  0.000E+00
  1.991E-03  2.010E-03  0.000E+00  0.000E+00
  2.010E-03  2.030E-03  0.000E+00  0.000E+00
  2.030E-03  2.050E-03  0.000E+00  0.000E+00
  2.050E-03  2.070E-03  0.000E+00  0.000E+00
  2.070E-03  2.090E-03  0.000E+00  0.000E+00
  2.090E-03  2.110E-03  0.000E+00  0.000E+00
  2.110E-03  2.130E-03  0.000E+00  0.000E+00
  2.130E-03  2.150E-03  0.000E+00  0.000E+00
  2.150E-03  2.170E-03  0.000E+00  0.000E+00
  2.170E-03  2.190E-03  0.000E+00  0.000E+00
  2.190E-03  2.209E-03  0.000E+00  0.000E+00
  2.209E-03  2.229E-03  0.000E+00  0.000E+00
  2.229E-03  2.249E-03  0.000E+00  0.000E+00
  2.249E-03  2.269E-03  0.000E+00  0.000E+00
  2.269E-03  2.289E-03  0.000E+00  0.000E+00
  2.289E-03  2.309E-03  0.000E+00  0.000E+00
  2.309E-03  2.329E-03  0.000E+00  0.000E+00
  2.329E-03  2.349E-03  0.000E+00  0.000E+00
  2.349E-03  2.369E-03  0.000E+00  0.000E+00
  2.369E-03  2.389E-03  0.000E+00  0.000E+00
  2.389E-03  2.408E-03  0.000E+00  0.000E+00
  2.408E-03  2.428E-03  0.000E+00  0.000E+00
  2.428E-03  2.448E-03  0.000E+00  0.000E+00
  2.448E-03  2.468E-03  0.000E+00  0.000E+00
  2.468E-03  2.488E-03  0.000E+00  0.000E+00
  2.488E-03  2.508E-03  0.000E+00  0.000E+00
  2.508E-03  2.528E-03  0.000E+00  0.000E+00
  2.528E-03  2.548E-03  0.000E+00  0.000E+00
  2.548E-03  2.568E-03  0.000E+00  0.000E+00
  2.568E-03  2.588E-03  0.000E+00  0.000E+00
  2.588E-03  2.607E-03  0.000E+00  0.000E+00
  2.607E-03  2.627E-03  0.000E+00  0.000E+00
  2.627E-03  2.647E-03  0.000E+00  0.000E+00
  2.647E-03  2.667E-03  0.000E+00  0.000E+00
  2.667E-03  2.687E-03  0.000E+00  0.000E+00
  2.687E-03  2.707E-03  0.000E+00  0.000E+00
  2.707E-03  2.727E-03  0.000E+00  0.000E+00
  2.727E-03  2.747E-03  0.000E+00  0.000E+00
  2.747E-03  2.767E-03  0.000E+00  0.000E+00
  2.767E-03  2.787E-03  0.000E+00  0.000E+00
  2.787E-03  2.806E-03  0.000E+00  0.000E+00
  2.806E-03  2.826E-03  0.000E+00  0.000E+00
  2.826E-03  2.846E-03  0.000E+00  0.000E+00
  2.846E-03  2.866E-03  0.000E+00  0.000E+00
  2.866E-03  2.886E-03  0.000E+00  0.000E+00
  2.886E-03  2.906E-03  0.000E+00  0.000E+00
  2.906E-03  2.926E-03  0.000E+00  0.000E+00
  2.926E-03  2.946E-03  0.000E+00  0.000E+00
  2.946E-03  2.966E-03  0.000E+00  0.000E+00
  2.966E-03  2.986E-03  0.000E+00  0.000E+00
  2.986E-03  3.005E-03  0.000E+00  0.000E+00
  3.005E-03  3.025E-03  0.000E+00  0.000E+00
  3.025E-03  3.045E-03  0.000E+00  0.000E+00
  3.045E-03  3.065E-03  0.000E+00  0.000E+00
  3.065E-03  3.085E-03  0.000E+00  0.000E+00
  3.085E-03  3.105E-03  0.000E+00  0.000E+00
  3.105E-03  3.125E-03  0.000E+00  0.000E+00
  3.125E-03  3.145E-03  0.000E+00  0.000E+00
  3.145E-03  3.165E-03  0.000E+00  0.000E+00
  3.165E-03  3.185E-03  0.000E+00  0.000E+00
  3.185E-03  3.204E-03  0.000E+00  0.000E+00
  3.204E-03  3.224E-03  0.000E+00  0.000E+00
  3.224E-03  3.244E-03  0.000E+00  0.000E+00
  3.244E-03  3.264E-03  0.000E+00  0.000E+00
  3.264E-03  3.284E-03  0.000E+00  0.000E+00
  3.284E-03  3.304E-03  0.000E+00  0.000E+00
  3.304E-03  3.324E-03  0.000E+00  0.000E+00
  3.324E-03  3.344E-03  0.000E+00  0.000E+00
  3.344E-03  3.364E-03  0.000E+00  0.000E+00
  3.364E-03  3.384E-03  0.000E+00  0.000E+00
  3.384E-03  3.403E-03  0.000E+00  0.000E+00
  3.403E-03  3.423E-03  0.000E+00  0.000E+00
  3.423E-03  3.443E-03  0.000E+00  0.000E+00
  3.443E-03  3.463E-03  0.000E+00  0.000E+00
  3.463E-03  3.483E-03  0.000E+00  0.000E+00
  3.483E-03  3.503E-03  0.000E+00  0.000E+00
  3.503E-03  3.523E-03  0.000E+00  0.000E+00
  3.523E-03  3.543E-03  0.000E+00  0.000E+00
  3.543E-03  3.563E-03  0.000E+00  0.000E+00
  3.563E-03  3.583E-03  0.000E+00  0.000E+00
  3.583E-03  3.602E-03  0.000E+00  0.000E+00
  3.602E-03  3.622E-03  0.000E+00  0.000E+00
  3.622E-03  3.642E-03  0.000E+00  0.000E+00
  3.642E-03  3.662E-03  0.000E+00  0.000E+00
  3.662E-03  3.682E-03  0.000E+00  0.000E+00
  3.682E-03  3.702E-03  0.000E+00  0.000E+00
  3.702E-03  3.722E-03  0.000E+00  0.000E+00
  3.722E-03  3.742E-03  0.000E+00  0.000E+00
  3.742E-03  3.762E-03  0.000E+00  0.000E+00
  3.762E-03  3.782E-03  0.000E+00  0.000E+00
  3.782E-03  3.801E-03  0.000E+00  0.000E+00
  3.801E-03  3.821E-03  0.000E+00  0.000E+00
  3.821E-03  3.841E-03  0.000E+00  0.000E+00
  3.841E-03  3.861E-03  0.000E+00  0.000E+00
  3.861E-03  3.881E-03  0.000E+00  0.000E+00
  3.881E-03  3.901E-03  0.000E+00  0.000E+00
  3.901E-03  3.921E-03  0.000E+00  0.000E+00
  3.921E-03  3.941E-03  0.000E+00  0.000E+00
  3.941E-03  3.961E-03  0.000E+00  0.000E+00
  3.961E-03  3.981E-03  0.000E+00  0.000E+00
  3.981E-03  4.000E-03  0.000E+00  0.000E+00
  4.000E-03  4.020E-03  0.000E+00  0.000E+00
  4.020E-03  4.040E-03  0.000E+00  0.000E+00
  4.040E-03  4.060E-03  0.000E+00  0.000E+00
  4.060E-03  4.080E-03  0.000E+00  0.000E+00
  4.080E-03  4.100E-03  0.000E+00  0.000E+00
  4.100E-03  4.120E-03  0.000E+00  0.000E+00
  4.120E-03  4.140E-03  0.000E+00  0.000E+00
  4.140E-03  4.160E-03  0.000E+00  0.000E+00
  4.160E-03  4.180E-03  0.000E+00  0.000E+00
  4.180E-03  4.199E-03  0.000E+00  0.000E+00
  4.199E-03  4.219E-03  0.000E+00  0.000E+00
  4.219E-03  4.239E-03  0.000E+00  0.000E+00
  4.239E-03  4.259E-03  0.000E+00  0.000E+00
  4.259E-03  4.279E-03  0.000E+00  0.000E+00
  4.279E-03  4.299E-03  0.000E+00  0.000E+00
  4.299E-03  4.319E-03  0.000E+00  0.000E+00
  4.319E-03  4.339E-03  0.000E+00  0.000E+00
  4.339E-03  4.359E-03  0.000E+00  0.000E+00
  4.359E-03  4.378E-03  0.000E+00  0.000E+00
  4.378E-03  4.398E-03  0.000E+00  0.000E+00
  4.398E-03  4.418E-03  0.000E+00  0.000E+00
  4.418E-03  4.438E-03  0.000E+00  0.000E+00
  4.438E-03  4.458E-03  0.000E+00  0.000E+00
  4.458E-03  4.478E-03  0.000E+00  0.000E+00
  4.478E-03  4.498E-03  0.000E+00  0.000E+00
  4.498E-03  4.518E-03  0.000E+00  0.000E+00
  4.518E-03  4.538E-03  0.000E+00  0.000E+00
  4.538E-03  4.558E-03  0.000E+00  0.000E+00
  4.558E-03  4.577E-03  0.000E+00  0.000E+00
  4.577E-03  4.597E-03  0.000E+00  0.000E+00
  4.597E-03  4.617E-03  0.000E+00  0.000E+00
  4.617E-03  4.637E-03  0.000E+00  0.000E+00
  4.637E-03  4.657E-03  0.000E+00  0.000E+00
  4.657E-03  4.677E-03  0.000E+00  0.000E+00
  4.677E-03  4.697E-03  0.000E+00  0.000E+00
  4.697E-03  4.717E-03  0.000E+00  0.000E+00
  4.717E-03  4.737E-03  0.000E+00  0.000E+00
  4.737E-03  4.757E-03  0.000E+00  0.000E+00
  4.757E-03  4.777E-03  0.000E+00  0.000E+00
  4.777E-03  4.796E-03  0.000E+00  0.000E+00
  4.796E-03  4.816E-03  0.000E+00  0.000E+00
  4.816E-03  4.836E-03  0.000E+00  0.000E+00
  4.836E-03  4.856E-03  0.000E+00  0.000E+00
  4.856E-03  4.876E-03  0.000E+00  0.000E+00
  4.876E-03  4.896E-03  0.000E+00  0.000E+00
  4.896E-03  4.916E-03  0.000E+00  0.000E+00
  4.916E-03  4.936E-03  0.000E+00  0.000E+00
  4.936E-03  4.956E-03  0.000E+00  0.000E+00
  4.956E-03  4.976E-03  0.000E+00  0.000E+00
  4.976E-03  4.995E-03  0.000E+00  0.000E+00
  4.995E-03  5.015E-03  0.000E+00  0.000E+00
  5.015E-03  5.035E-03  0.000E+00  0.000E+00
  5.035E-03  5.055E-03  0.000E+00  0.000E+00
  5.055E-03  5.075E-03  0.000E+00  0.000E+00
  5.075E-03  5.095E-03  0.000E+00  0.000E+00
  5.095E-03  5.115E-03  0.000E+00  0.000E+00
  5.115E-03  5.135E-03  0.000E+00  0.000E+00
  5.135E-03  5.155E-03  0.000E+00  0.000E+00
  5.155E-03  5.174E-03  0.000E+00  0.000E+00
  5.174E-03  5.194E-03  0.000E+00  0.000E+00
  5.194E-03  5.214E-03  0.000E+00  0.000E+00
  5.214E-03  5.234E-03  0.000E+00  0.000E+00
  5.234E-03  5.254E-03  0.000E+00  0.000E+00
  5.254E-03  5.274E-03  0.000E+00  0.000E+00
  5.274E-03  5.294E-03  0.000E+00  0.000E+00
  5.294E-03  5.314E-03  0.000E+00  0.000E+00
  5.314E-03  5.334E-03  0.000E+00  0.000E+00
  5.334E-03  5.354E-03  0.000E+00  0.000E+00
  5.354E-03  5.373E-03  0.000E+00  0.000E+00
  5.373E-03  5.393E-03  0.000E+00  0.000E+00
  5.393E-03  5.413E-03  0.000E+00  0.000E+00
  5.413E-03  5.433E-03  0.000E+00  0.000E+00
  5.433E-03  5.453E-03  0.000E+00  0.000E+00
  5.453E-03  5.473E-03  0.000E+00  0.000E+00
  5.473E-03  5.493E-03  0.000E+00  0.000E+00
  5.493E-03  5.513E-03  0.000E+00  0.000E+00
  5.513E-03  5.533E-03  0.000E+00  0.000E+00
  5.533E-03  5.553E-03  0.000E+00  0.000E+00
  5.553E-03  5.573E-03  0.000E+00  0.000E+00
  5.573E-03  5.592E-03  0.000E+00  0.000E+00
  5.592E-03  5.612E-03  0.000E+00  0.000E+00
  5.612E-03  5.632E-03  0.000E+00  0.000E+00
  5.632E-03  5.652E-03  0.000E+00  0.000E+00
  5.652E-03  5.672E-03  0.000E+00  0.000E+00
  5.672E-03  5.692E-03  0.000E+00  0.000E+00
  5.692E-03  5.712E-03  0.000E+00  0.000E+00
  5.712E-03  5.732E-03  0.000E+00  0.000E+00
  5.732E-03  5.752E-03  0.000E+00  0.000E+00
  5.752E-03  5.772E-03  0.000E+00  0.000E+00
  5.772E-03  5.791E-03  0.000E+00  0.000E+00
  5.791E-03  5.811E-03  0.000E+00  0.000E+00
  5.811E-03  5.831E-03  0.000E+00  0.000E+00
  5.831E-03  5.851E-03  0.000E+00  0.000E+00
  5.851E-03  5.871E-03  0.000E+00  0.000E+00
  5.871E-03  5.891E-03  0.000E+00  0.000E+00
  5.891E-03  5.911E-03  0.000E+00  0.000E+00
  5.911E-03  5.931E-03  0.000E+00  0.000E+00
  5.931E-03  5.951E-03  0.000E+00  0.000E+00
  5.951E-03  5.970E-03  0.000E+00  0.000E+00
  5.970E-03  5.990E-03  0.000E+00  0.000E+00
  5.990E-03  6.010E-03  0.000E+00  0.000E+00
  6.010E-03  6.030E-03  0.000E+00  0.000E+00
  6.030E-03  6.050E-03  0.000E+00  0.000E+00
  6.050E-03  6.070E-03  0.000E+00  0.000E+00
  6.070E-03  6.090E-03  0.000E+00  0.000E+00
  6.090E-03  6.110E-03  0.000E+00  0.000E+00
  6.110E-03  6.130E-03  0.000E+00  0.000E+00
  6.130E-03  6.150E-03  0.000E+00  0.000E+00
  6.150E-03  6.169E-03  0.000E+00  0.000E+00
  6.169E-03  6.189E-03  0.000E+00  0.000E+00
  6.189E-03  6.209E-03  0.000E+00  0.000E+00
  6.209E-03  6.229E-03  0.000E+00  0.000E+00
  6.229E-03  6.249E-03  0.000E+00  0.000E+00
  6.249E-03  6.269E-03  0.000E+00  0.000E+00
  6.269E-03  6.289E-03  0.000E+00  0.000E+00
  6.289E-03  6.309E-03  0.000E+00  0.000E+00
  6.309E-03  6.329E-03  0.000E+00  0.000E+00
  6.329E-03  6.349E-03  0.000E+00  0.000E+00
  6.349E-03  6.369E-03  0.000E+00  0.000E+00
  6.369E-03  6.388E-03  0.000E+00  0.000E+00
  6.388E-03  6.408E-03  0.000E+00  0.000E+00
  6.408E-03  6.428E-03  0.000E+00  0.000E+00
  6.428E-03  6.448E-03  0.000E+00  0.000E+00
  6.448E-03  6.468E-03  0.000E+00  0.000E+00
  6.468E-03  6.488E-03  0.000E+00  0.000E+00
  6.488E-03  6.508E-03  0.000E+00  0.000E+00
  6.508E-03  6.528E-03  0.000E+00  0.000E+00
  6.528E-03  6.548E-03  0.000E+00  0.000E+00
  6.548E-03  6.568E-03  0.000E+00  0.000E+00
  6.568E-03  6.587E-03  0.000E+00  0.000E+00
  6.587E-03  6.607E-03  0.000E+00  0.000E+00
  6.607E-03  6.627E-03  0.000E+00  0.000E+00
  6.627E-03  6.647E-03  0.000E+00  0.000E+00
  6.647E-03  6.667E-03  0.000E+00  0.000E+00
  6.667E-03  6.687E-03  0.000E+00  0.000E+00
  6.687E-03  6.707E-03  0.000E+00  0.000E+00
  6.707E-03  6.727E-03  0.000E+00  0.000E+00
  6.727E-03  6.747E-03  0.000E+00  0.000E+00
  6.747E-03  6.766E-03  0.000E+00  0.000E+00
  6.766E-03  6.786E-03  0.000E+00  0.000E+00
  6.786E-03  6.806E-03  0.000E+00  0.000E+00
  6.806E-03  6.826E-03  0.000E+00  0.000E+00
  6.826E-03  6.846E-03  0.000E+00  0.000E+00
  6.846E-03  6.866E-03  0.000E+00  0.000E+00
  6.866E-03  6.886E-03  0.000E+00  0.000E+00
  6.886E-03  6.906E-03  0.000E+00  0.000E+00
  6.906E-03  6.926E-03  0.000E+00  0.000E+00
  6.926E-03  6.946E-03  0.000E+00  0.000E+00
  6.946E-03  6.965E-03  0.000E+00  0.000E+00
  6.965E-03  6.985E-03  0.000E+00  0.000E+00
  6.985E-03  7.005E-03  0.000E+00  0.000E+00
  7.005E-03  7.025E-03  0.000E+00  0.000E+00
  7.025E-03  7.045E-03  0.000E+00  0.000E+00
  7.045E-03  7.065E-03  0.000E+00  0.000E+00
  7.065E-03  7.085E-03  0.000E+00  0.000E+00
  7.085E-03  7.105E-03  0.000E+00  0.000E+00
  7.105E-03  7.125E-03  0.000E+00  0.000E+00
  7.125E-03  7.145E-03  0.000E+00  0.000E+00
  7.145E-03  7.165E-03  0.000E+00  0.000E+00
  7.165E-03  7.184E-03  0.000E+00  0.000E+00
  7.184E-03  7.204E-03  0.000E+00  0.000E+00
  7.204E-03  7.224E-03  0.000E+00  0.000E+00
  7.224E-03  7.244E-03  0.000E+00  0.000E+00
  7.244E-03  7.264E-03  0.000E+00  0.000E+00
  7.264E-03  7.284E-03  0.000E+00  0.000E+00
  7.284E-03  7.304E-03  0.000E+00  0.000E+00
  7.304E-03  7.324E-03  0.000E+00  0.000E+00
  7.324E-03  7.344E-03  0.000E+00  0.000E+00
  7.344E-03  7.364E-03  0.000E+00  0.000E+00
  7.364E-03  7.383E-03  0.000E+00  0.000E+00
  7.383E-03  7.403E-03  0.000E+00  0.000E+00
  7.403E-03  7.423E-03  0.000E+00  0.000E+00
  7.423E-03  7.443E-03  0.000E+00  0.000E+00
  7.443E-03  7.463E-03  0.000E+00  0.000E+00
  7.463E-03  7.483E-03  0.000E+00  0.000E+00
  7.483E-03  7.503E-03  0.000E+00  0.000E+00
  7.503E-03  7.523E-03  0.000E+00  0.000E+00
  7.523E-03  7.543E-03  0.000E+00  0.000E+00
  7.543E-03  7.562E-03  0.000E+00  0.000E+00
  7.562E-03  7.582E-03  0.000E+00  0.000E+00
  7.582E-03  7.602E-03  0.000E+00  0.000E+00
  7.602E-03  7.622E-03  0.000E+00  0.000E+00
  7.622E-03  7.642E-03  0.000E+00  0.000E+00
  7.642E-03  7.662E-03  0.000E+00  0.000E+00
  7.662E-03  7.682E-03  0.000E+00  0.000E+00
  7.682E-03  7.702E-03  0.000E+00  0.000E+00
  7.702E-03  7.722E-03  0.000E+00  0.000E+00
  7.722E-03  7.742E-03  0.000E+00  0.000E+00
  7.742E-03  7.761E-03  0.000E+00  0.000E+00
  7.761E-03  7.781E-03  0.000E+00  0.000E+00
  7.781E-03  7.801E-03  0.000E+00  0.000E+00
  7.801E-03  7.821E-03  0.000E+00  0.000E+00
  7.821E-03  7.841E-03  0.000E+00  0.000E+00
  7.841E-03  7.861E-03  0.000E+00  0.000E+00
  7.861E-03  7.881E-03  0.000E+00  0.000E+00
  7.881E-03  7.901E-03  0.000E+00  0.000E+00
  7.901E-03  7.921E-03  0.000E+00  0.000E+00
  7.921E-03  7.941E-03  0.000E+00  0.000E+00
  7.941E-03  7.961E-03  0.000E+00  0.000E+00
  7.961E-03  7.980E-03  0.000E+00  0.000E+00
  7.980E-03  8.000E-03  0.000E+00  0.000E+00
  8.000E-03  8.020E-03  0.000E+00  0.000E+00
  8.020E-03  8.040E-03  0.000E+00  0.000E+00
  8.040E-03  8.060E-03  0.000E+00  0.000E+00
  8.060E-03  8.080E-03  0.000E+00  0.000E+00
  8.080E-03  8.100E-03  0.000E+00  0.000E+00
  8.100E-03  8.120E-03  0.000E+00  0.000E+00
  8.120E-03  8.140E-03  0.000E+00  0.000E+00
  8.140E-03  8.159E-03  0.000E+00  0.000E+00
  8.159E-03  8.179E-03  0.000E+00  0.000E+00
  8.179E-03  8.199E-03  0.000E+00  0.000E+00
  8.199E-03  8.219E-03  0.000E+00  0.000E+00
  8.219E-03  8.239E-03  0.000E+00  0.000E+00
  8.239E-03  8.259E-03  0.000E+00  0.000E+00
  8.259E-03  8.279E-03  0.000E+00  0.000E+00
  8.279E-03  8.299E-03  0.000E+00  0.000E+00
  8.299E-03  8.319E-03  0.000E+00  0.000E+00
  8.319E-03  8.339E-03  0.000E+00  0.000E+00
  8.339E-03  8.358E-03  0.000E+00  0.000E+00
  8.358E-03  8.378E-03  0.000E+00  0.000E+00
  8.378E-03  8.398E-03  0.000E+00  0.000E+00
  8.398E-03  8.418E-03  0.000E+00  0.000E+00
  8.418E-03  8.438E-03  0.000E+00  0.000E+00
  8.438E-03  8.458E-03  0.000E+00  0.000E+00
  8.458E-03  8.478E-03  0.000E+00  0.000E+00
  8.478E-03  8.498E-03  0.000E+00  0.000E+00
  8.498E-03  8.518E-03  0.000E+00  0.000E+00
  8.518E-03  8.538E-03  0.000E+00  0.000E+00
  8.538E-03  8.558E-03  0.000E+00  0.000E+00
  8.558E-03  8.577E-03  0.000E+00  0.000E+00
  8.577E-03  8.597E-03  0.000E+00  0.000E+00
  8.597E-03  8.617E-03  0.000E+00  0.000E+00
  8.617E-03  8.637E-03  0.000E+00  0.000E+00
  8.637E-03  8.657E-03  0.000E+00  0.000E+00
  8.657E-03  8.677E-03  0.000E+00  0.000E+00
  8.677E-03  8.697E-03  0.000E+00  0.000E+00
  8.697E-03  8.717E-03  0.000E+00  0.000E+00
  8.717E-03  8.737E-03  0.000E+00  0.000E+00
  8.737E-03  8.756E-03  0.000E+00  0.000E+00
  8.756E-03  8.776E-03  0.000E+00  0.000E+00
  8.776E-03  8.796E-03  0.000E+00  0.000E+00
  8.796E-03  8.816E-03  0.000E+00  0.000E+00
  8.816E-03  8.836E-03  0.000E+00  0.000E+00
  8.836E-03  8.856E-03  0.000E+00  0.000E+00
  8.856E-03  8.876E-03  0.000E+00  0.000E+00
  8.876E-03  8.896E-03  0.000E+00  0.000E+00
  8.896E-03  8.916E-03  0.000E+00  0.000E+00
  8.916E-03  8.936E-03  0.000E+00  0.000E+00
  8.936E-03  8.956E-03  0.000E+00  0.000E+00
  8.956E-03  8.975E-03  0.000E+00  0.000E+00
  8.975E-03  8.995E-03  0.000E+00  0.000E+00
  8.995E-03  9.015E-03  0.000E+00  0.000E+00
  9.015E-03  9.035E-03  0.000E+00  0.000E+00
  9.035E-03  9.055E-03  0.000E+00  0.000E+00
  9.055E-03  9.075E-03  0.000E+00  0.000E+00
  9.075E-03  9.095E-03  0.000E+00  0.000E+00
  9.095E-03  9.115E-03  0.000E+00  0.000E+00
  9.115E-03  9.135E-03  0.000E+00  0.000E+00
  9.135E-03  9.155E-03  0.000E+00  0.000E+00
  9.155E-03  9.174E-03  0.000E+00  0.000E+00
  9.174E-03  9.194E-03  0.000E+00  0.000E+00
  9.194E-03  9.214E-03  0.000E+00  0.000E+00
  9.214E-03  9.234E-03  0.000E+00  0.000E+00
  9.234E-03  9.254E-03  0.000E+00  0.000E+00
  9.254E-03  9.274E-03  0.000E+00  0.000E+00
  9.274E-03  9.294E-03  0.000E+00  0.000E+00
  9.294E-03  9.314E-03  0.000E+00  0.000E+00
  9.314E-03  9.334E-03  0.000E+00  0.000E+00
  9.334E-03  9.353E-03  0.000E+00  0.000E+00
  9.353E-03  9.373E-03  0.000E+00  0.000E+00
  9.373E-03  9.393E-03  0.000E+00  0.000E+00
  9.393E-03  9.413E-03  0.000E+00  0.000E+00
  9.413E-03  9.433E-03  0.000E+00  0.000E+00
  9.433E-03  9.453E-03  0.000E+00  0.000E+00
  9.453E-03  9.473E-03  0.000E+00  0.000E+00
  9.473E-03  9.493E-03  0.000E+00  0.000E+00
  9.493E-03  9.513E-03  0.000E+00  0.000E+00
  9.513E-03  9.533E-03  0.000E+00  0.000E+00
  9.533E-03  9.553E-03  0.000E+00  0.000E+00
  9.553E-03  9.572E-03  0.000E+00  0.000E+00
  9.572E-03  9.592E-03  0.000E+00  0.000E+00
  9.592E-03  9.612E-03  0.000E+00  0.000E+00
  9.612E-03  9.632E-03  0.000E+00  0.000E+00
  9.632E-03  9.652E-03  0.000E+00  0.000E+00
  9.652E-03  9.672E-03  0.000E+00  0.000E+00
  9.672E-03  9.692E-03  0.000E+00  0.000E+00
  9.692E-03  9.712E-03  0.000E+00  0.000E+00
  9.712E-03  9.732E-03  0.000E+00  0.000E+00
  9.732E-03  9.752E-03  0.000E+00  0.000E+00
  9.752E-03  9.771E-03  0.000E+00  0.000E+00
  9.771E-03  9.791E-03  0.000E+00  0.000E+00
  9.791E-03  9.811E-03  0.000E+00  0.000E+00
  9.811E-03  9.831E-03  0.000E+00  0.000E+00
  9.831E-03  9.851E-03  0.000E+00  0.000E+00
  9.851E-03  9.871E-03  0.000E+00  0.000E+00
  9.871E-03  9.891E-03  0.000E+00  0.000E+00
  9.891E-03  9.911E-03  0.000E+00  0.000E+00
  9.911E-03  9.931E-03  0.000E+00  0.000E+00
  9.931E-03  9.950E-03  0.000E+00  0.000E+00
  9.950E-03  9.970E-03  0.000E+00  0.000E+00
  9.970E-03  9.990E-03  0.000E+00  0.000E+00
  9.990E-03  1.001E-02  0.000E+00  0.000E+00
  1.001E-02  1.003E-02  0.000E+00  0.000E+00
  1.003E-02  1.005E-02  0.000E+00  0.000E+00
  1.005E-02  1.007E-02  0.000E+00  0.000E+00
  1.007E-02  1.009E-02  0.000E+00  0.000E+00
  1.009E-02  1.011E-02  0.000E+00  0.000E+00
  1.011E-02  1.013E-02  0.000E+00  0.000E+00
  1.013E-02  1.015E-02  0.000E+00  0.000E+00
  1.015E-02  1.017E-02  0.000E+00  0.000E+00
  1.017E-02  1.019E-02  0.000E+00  0.000E+00
  1.019E-02  1.021E-02  0.000E+00  0.000E+00
  1.021E-02  1.023E-02  0.000E+00  0.000E+00
  1.023E-02  1.025E-02  0.000E+00  0.000E+00
  1.025E-02  1.027E-02  0.000E+00  0.000E+00
  1.027E-02  1.029E-02  0.000E+00  0.000E+00
  1.029E-02  1.031E-02  0.000E+00  0.000E+00
  1.031E-02  1.033E-02  0.000E+00  0.000E+00
  1.033E-02  1.035E-02  0.000E+00  0.000E+00
  1.035E-02  1.037E-02  0.000E+00  0.000E+00
  1.037E-02  1.039E-02  0.000E+00  0.000E+00
  1.039E-02  1.041E-02  0.000E+00  0.000E+00
  1.041E-02  1.043E-02  0.000E+00  0.000E+00
  1.043E-02  1.045E-02  0.000E+00  0.000E+00
  1.045E-02  1.047E-02  0.000E+00  0.000E+00
  1.047E-02  1.049E-02  0.000E+00  0.000E+00
  1.049E-02  1.051E-02  0.000E+00  0.000E+00
  1.051E-02  1.053E-02  0.000E+00  0.000E+00
  1.053E-02  1.055E-02  0.000E+00  0.000E+00
  1.055E-02  1.057E-02  0.000E+00  0.000E+00
  1.057E-02  1.059E-02  0.000E+00  0.000E+00
  1.059E-02  1.061E-02  0.000E+00  0.000E+00
  1.061E-02  1.063E-02  0.000E+00  0.000E+00
  1.063E-02  1.065E-02  0.000E+00  0.000E+00
  1.065E-02  1.067E-02  0.000E+00  0.000E+00
  1.067E-02  1.069E-02  0.000E+00  0.000E+00
  1.069E-02  1.071E-02  0.000E+00  0.000E+00
  1.071E-02  1.073E-02  0.000E+00  0.000E+00
  1.073E-02  1.075E-02  0.000E+00  0.000E+00
  1.075E-02  1.077E-02  0.000E+00  0.000E+00
  1.077E-02  1.079E-02  0.000E+00  0.000E+00
  1.079E-02  1.081E-02  0.000E+00  0.000E+00
  1.081E-02  1.083E-02  0.000E+00  0.000E+00
  1.083E-02  1.085E-02  0.000E+00  0.000E+00
  1.085E-02  1.087E-02  0.000E+00  0.000E+00
  1.087E-02  1.089E-02  0.000E+00  0.000E+00
  1.089E-02  1.091E-02  0.000E+00  0.000E+00
  1.091E-02  1.093E-02  0.000E+00  0.000E+00
  1.093E-02  1.095E-02  0.000E+00  0.000E+00
  1.095E-02  1.097E-02  0.000E+00  0.000E+00
  1.097E-02  1.099E-02  0.000E+00  0.000E+00
  1.099E-02  1.101E-02  0.000E+00  0.000E+00
  1.101E-02  1.103E-02  0.000E+00  0.000E+00
  1.103E-02  1.105E-02  0.000E+00  0.000E+00
  1.105E-02  1.106E-02  0.000E+00  0.000E+00
  1.106E-02  1.108E-02  0.000E+00  0.000E+00
  1.108E-02  1.110E-02  0.000E+00  0.000E+00
  1.110E-02  1.112E-02  0.000E+00  0.000E+00
  1.112E-02  1.114E-02  0.000E+00  0.000E+00
  1.114E-02  1.116E-02  0.000E+00  0.000E+00
  1.116E-02  1.118E-02  0.000E+00  0.000E+00
  1.118E-02  1.120E-02  0.000E+00  0.000E+00
  1.120E-02  1.122E-02  0.000E+00  0.000E+00
  1.122E-02  1.124E-02  0.000E+00  0.000E+00
  1.124E-02  1.126E-02  0.000E+00  0.000E+00
  1.126E-02  1.128E-02  0.000E+00  0.000E+00
  1.128E-02  1.130E-02  0.000E+00  0.000E+00
  1.130E-02  1.132E-02  0.000E+00  0.000E+00
  1.132E-02  1.134E-02  0.000E+00  0.000E+00
  1.134E-02  1.136E-02  0.000E+00  0.000E+00
  1.136E-02  1.138E-02  0.000E+00  0.000E+00
  1.138E-02  1.140E-02  0.000E+00  0.000E+00
  1.140E-02  1.142E-02  0.000E+00  0.000E+00
  1.142E-02  1.144E-02  0.000E+00  0.000E+00
  1.144E-02  1.146E-02  0.000E+00  0.000E+00
  1.146E-02  1.148E-02  0.000E+00  0.000E+00
  1.148E-02  1.150E-02  0.000E+00  0.000E+00
  1.150E-02  1.152E-02  0.000E+00  0.000E+00
  1.152E-02  1.154E-02  0.000E+00  0.000E+00
  1.154E-02  1.156E-02  0.000E+00  0.000E+00
  1.156E-02  1.158E-02  0.000E+00  0.000E+00
  1.158E-02  1.160E-02  0.000E+00  0.000E+00
  1.160E-02  1.162E-02  0.000E+00  0.000E+00
  1.162E-02  1.164E-02  0.000E+00  0.000E+00
  1.164E-02  1.166E-02  0.000E+00  0.000E+00
  1.166E-02  1.168E-02  0.000E+00  0.000E+00
  1.168E-02  1.170E-02  0.000E+00  0.000E+00
  1.170E-02  1.172E-02  0.000E+00  0.000E+00
  1.172E-02  1.174E-02  0.000E+00  0.000E+00
  1.174E-02  1.176E-02  0.000E+00  0.000E+00
  1.176E-02  1.178E-02  0.000E+00  0.000E+00
  1.178E-02  1.180E-02  0.000E+00  0.000E+00
  1.180E-02  1.182E-02  0.000E+00  0.000E+00
  1.182E-02  1.184E-02  0.000E+00  0.000E+00
  1.184E-02  1.186E-02  0.000E+00  0.000E+00
  1.186E-02  1.188E-02  0.000E+00  0.000E+00
  1.188E-02  1.190E-02  0.000E+00  0.000E+00
  1.190E-02  1.192E-02  0.000E+00  0.000E+00
  1.192E-02  1.194E-02  0.000E+00  0.000E+00
  1.194E-02  1.196E-02  0.000E+00  0.000E+00
  1.196E-02  1.198E-02  0.000E+00  0.000E+00
  1.198E-02  1.200E-02  0.000E+00  0.000E+00
  1.200E-02  1.202E-02  0.000E+00  0.000E+00
  1.202E-02  1.204E-02  0.000E+00  0.000E+00
  1.204E-02  1.206E-02  0.000E+00  0.000E+00
  1.206E-02  1.208E-02  0.000E+00  0.000E+00
  1.208E-02  1.210E-02  0.000E+00  0.000E+00
  1.210E-02  1.212E-02  0.000E+00  0.000E+00
  1.212E-02  1.214E-02  0.000E+00  0.000E+00
  1.214E-02  1.216E-02  0.000E+00  0.000E+00
  1.216E-02  1.218E-02  0.000E+00  0.000E+00
  1.218E-02  1.220E-02  0.000E+00  0.000E+00
  1.220E-02  1.222E-02  0.000E+00  0.000E+00
  1.222E-02  1.224E-02  0.000E+00  0.000E+00
  1.224E-02  1.226E-02  0.000E+00  0.000E+00
  1.226E-02  1.228E-02  0.000E+00  0.000E+00
  1.228E-02  1.230E-02  0.000E+00  0.000E+00
  1.230E-02  1.232E-02  0.000E+00  0.000E+00
  1.232E-02  1.234E-02  0.000E+00  0.000E+00
  1.234E-02  1.236E-02  0.000E+00  0.000E+00
  1.236E-02  1.238E-02  0.000E+00  0.000E+00
  1.238E-02  1.240E-02  0.000E+00  0.000E+00
  1.240E-02  1.242E-02  0.000E+00  0.000E+00
  1.242E-02  1.244E-02  0.000E+00  0.000E+00
  1.244E-02  1.246E-02  0.000E+00  0.000E+00
  1.246E-02  1.248E-02  0.000E+00  0.000E+00
  1.248E-02  1.250E-02  0.000E+00  0.000E+00
  1.250E-02  1.252E-02  0.000E+00  0.000E+00
  1.252E-02  1.254E-02  0.000E+00  0.000E+00
  1.254E-02  1.256E-02  0.000E+00  0.000E+00
  1.256E-02  1.258E-02  0.000E+00  0.000E+00
  1.258E-02  1.260E-02  0.000E+00  0.000E+00
  1.260E-02  1.262E-02  0.000E+00  0.000E+00
  1.262E-02  1.264E-02  0.000E+00  0.000E+00
  1.264E-02  1.266E-02  0.000E+00  0.000E+00
  1.266E-02  1.268E-02  0.000E+00  0.000E+00
  1.268E-02  1.270E-02  0.000E+00  0.000E+00
  1.270E-02  1.272E-02  0.000E+00  0.000E+00
  1.272E-02  1.274E-02  0.000E+00  0.000E+00
  1.274E-02  1.276E-02  0.000E+00  0.000E+00
  1.276E-02  1.278E-02  0.000E+00  0.000E+00
  1.278E-02  1.280E-02  0.000E+00  0.000E+00
  1.280E-02  1.282E-02  0.000E+00  0.000E+00
  1.282E-02  1.284E-02  0.000E+00  0.000E+00
  1.284E-02  1.286E-02  0.000E+00  0.000E+00
  1.286E-02  1.288E-02  0.000E+00  0.000E+00
  1.288E-02  1.290E-02  0.000E+00  0.000E+00
  1.290E-02  1.292E-02  0.000E+00  0.000E+00
  1.292E-02  1.294E-02  0.000E+00  0.000E+00
  1.294E-02  1.296E-02  0.000E+00  0.000E+00
  1.296E-02  1.298E-02  0.000E+00  0.000E+00
  1.298E-02  1.300E-02  0.000E+00  0.000E+00
  1.300E-02  1.302E-02  0.000E+00  0.000E+00
  1.302E-02  1.304E-02  0.000E+00  0.000E+00
  1.304E-02  1.305E-02  0.000E+00  0.000E+00
  1.305E-02  1.307E-02  0.000E+00  0.000E+00
  1.307E-02  1.309E-02  0.000E+00  0.000E+00
  1.309E-02  1.311E-02  0.000E+00  0.000E+00
  1.311E-02  1.313E-02  0.000E+00  0.000E+00
  1.313E-02  1.315E-02  0.000E+00  0.000E+00
  1.315E-02  1.317E-02  0.000E+00  0.000E+00
  1.317E-02  1.319E-02  0.000E+00  0.000E+00
  1.319E-02  1.321E-02  0.000E+00  0.000E+00
  1.321E-02  1.323E-02  0.000E+00  0.000E+00
  1.323E-02  1.325E-02  0.000E+00  0.000E+00
  1.325E-02  1.327E-02  0.000E+00  0.000E+00
  1.327E-02  1.329E-02  0.000E+00  0.000E+00
  1.329E-02  1.331E-02  0.000E+00  0.000E+00
  1.331E-02  1.333E-02  0.000E+00  0.000E+00
  1.333E-02  1.335E-02  0.000E+00  0.000E+00
  1.335E-02  1.337E-02  0.000E+00  0.000E+00
  1.337E-02  1.339E-02  0.000E+00  0.000E+00
  1.339E-02  1.341E-02  0.000E+00  0.000E+00
  1.341E-02  1.343E-02  0.000E+00  0.000E+00
  1.343E-02  1.345E-02  0.000E+00  0.000E+00
  1.345E-02  1.347E-02  0.000E+00  0.000E+00
  1.347E-02  1.349E-02  0.000E+00  0.000E+00
  1.349E-02  1.351E-02  0.000E+00  0.000E+00
  1.351E-02  1.353E-02  0.000E+00  0.000E+00
  1.353E-02  1.355E-02  0.000E+00  0.000E+00
  1.355E-02  1.357E-02  0.000E+00  0.000E+00
  1.357E-02  1.359E-02  0.000E+00  0.000E+00
  1.359E-02  1.361E-02  0.000E+00  0.000E+00
  1.361E-02  1.363E-02  0.000E+00  0.000E+00
  1.363E-02  1.365E-02  0.000E+00  0.000E+00
  1.365E-02  1.367E-02  0.000E+00  0.000E+00
  1.367E-02  1.369E-02  0.000E+00  0.000E+00
  1.369E-02  1.371E-02  0.000E+00  0.000E+00
  1.371E-02  1.373E-02  0.000E+00  0.000E+00
  1.373E-02  1.375E-02  0.000E+00  0.000E+00
  1.375E-02  1.377E-02  0.000E+00  0.000E+00
  1.377E-02  1.379E-02  0.000E+00  0.000E+00
  1.379E-02  1.381E-02  0.000E+00  0.000E+00
  1.381E-02  1.383E-02  0.000E+00  0.000E+00
  1.383E-02  1.385E-02  0.000E+00  0.000E+00
  1.385E-02  1.387E-02  0.000E+00  0.000E+00
  1.387E-02  1.389E-02  0.000E+00  0.000E+00
  1.389E-02  1.391E-02  0.000E+00  0.000E+00
  1.391E-02  1.393E-02  0.000E+00  0.000E+00
  1.393E-02  1.395E-02  0.000E+00  0.000E+00
  1.395E-02  1.397E-02  3.630E+02  9.900E+01
  1.397E-02  1.399E-02  0.000E+00  0.000E+00
  1.399E-02  1.401E-02  0.000E+00  0.000E+00
  1.401E-02  1.403E-02  0.000E+00  0.000E+00
  1.403E-02  1.405E-02  0.000E+00  0.000E+00
  1.405E-02  1.407E-02  0.000E+00  0.000E+00
  1.407E-02  1.409E-02  0.000E+00  0.000E+00
  1.409E-02  1.411E-02  0.000E+00  0.000E+00
  1.411E-02  1.413E-02  0.000E+00  0.000E+00
  1.413E-02  1.415E-02  0.000E+00  0.000E+00
  1.415E-02  1.417E-02  0.000E+00  0.000E+00
  1.417E-02  1.419E-02  0.000E+00  0.000E+00
  1.419E-02  1.421E-02  0.000E+00  0.000E+00
  1.421E-02  1.423E-02  0.000E+00  0.000E+00
  1.423E-02  1.425E-02  0.000E+00  0.000E+00
  1.425E-02  1.427E-02  0.000E+00  0.000E+00
  1.427E-02  1.429E-02  0.000E+00  0.000E+00
  1.429E-02  1.431E-02  0.000E+00  0.000E+00
  1.431E-02  1.433E-02  0.000E+00  0.000E+00
  1.433E-02  1.435E-02  0.000E+00  0.000E+00
  1.435E-02  1.437E-02  0.000E+00  0.000E+00
  1.437E-02  1.439E-02  0.000E+00  0.000E+00
  1.439E-02  1.441E-02  0.000E+00  0.000E+00
  1.441E-02  1.443E-02  0.000E+00  0.000E+00
  1.443E-02  1.445E-02  0.000E+00  0.000E+00
  1.445E-02  1.447E-02  0.000E+00  0.000E+00
  1.447E-02  1.449E-02  0.000E+00  0.000E+00
  1.449E-02  1.451E-02  0.000E+00  0.000E+00
  1.451E-02  1.453E-02  0.000E+00  0.000E+00
  1.453E-02  1.455E-02  0.000E+00  0.000E+00
  1.455E-02  1.457E-02  0.000E+00  0.000E+00
  1.457E-02  1.459E-02  0.000E+00  0.000E+00
  1.459E-02  1.461E-02  0.000E+00  0.000E+00
  1.461E-02  1.463E-02  0.000E+00  0.000E+00
  1.463E-02  1.465E-02  0.000E+00  0.000E+00
  1.465E-02  1.467E-02  0.000E+00  0.000E+00
  1.467E-02  1.469E-02  0.000E+00  0.000E+00
  1.469E-02  1.471E-02  0.000E+00  0.000E+00
  1.471E-02  1.473E-02  0.000E+00  0.000E+00
  1.473E-02  1.475E-02  0.000E+00  0.000E+00
  1.475E-02  1.477E-02  0.000E+00  0.000E+00
  1.477E-02  1.479E-02  0.000E+00  0.000E+00
  1.479E-02  1.481E-02  0.000E+00  0.000E+00
  1.481E-02  1.483E-02  0.000E+00  0.000E+00
  1.483E-02  1.485E-02  0.000E+00  0.000E+00
  1.485E-02  1.487E-02  0.000E+00  0.000E+00
  1.487E-02  1.489E-02  0.000E+00  0.000E+00
  1.489E-02  1.491E-02  0.000E+00  0.000E+00
  1.491E-02  1.493E-02  0.000E+00  0.000E+00
  1.493E-02  1.495E-02  0.000E+00  0.000E+00
  1.495E-02  1.497E-02  0.000E+00  0.000E+00
  1.497E-02  1.499E-02  0.000E+00  0.000E+00
  1.499E-02  1.501E-02  0.000E+00  0.000E+00
  1.501E-02  1.503E-02  0.000E+00  0.000E+00
  1.503E-02  1.504E-02  0.000E+00  0.000E+00
  1.504E-02  1.506E-02  0.000E+00  0.000E+00
  1.506E-02  1.508E-02  0.000E+00  0.000E+00
  1.508E-02  1.510E-02  0.000E+00  0.000E+00
  1.510E-02  1.512E-02  0.000E+00  0.000E+00
  1.512E-02  1.514E-02  0.000E+00  0.000E+00
  1.514E-02  1.516E-02  0.000E+00  0.000E+00
  1.516E-02  1.518E-02  0.000E+00  0.000E+00
  1.518E-02  1.520E-02  0.000E+00  0.000E+00
  1.520E-02  1.522E-02  0.000E+00  0.000E+00
  1.522E-02  1.524E-02  0.000E+00  0.000E+00
  1.524E-02  1.526E-02  0.000E+00  0.000E+00
  1.526E-02  1.528E-02  0.000E+00  0.000E+00
  1.528E-02  1.530E-02  0.000E+00  0.000E+00
  1.530E-02  1.532E-02  0.000E+00  0.000E+00
  1.532E-02  1.534E-02  0.000E+00  0.000E+00
  1.534E-02  1.536E-02  0.000E+00  0.000E+00
  1.536E-02  1.538E-02  0.000E+00  0.000E+00
  1.538E-02  1.540E-02  0.000E+00  0.000E+00
  1.540E-02  1.542E-02  0.000E+00  0.000E+00
  1.542E-02  1.544E-02  0.000E+00  0.000E+00
  1.544E-02  1.546E-02  0.000E+00  0.000E+00
  1.546E-02  1.548E-02  0.000E+00  0.000E+00
  1.548E-02  1.550E-02  0.000E+00  0.000E+00
  1.550E-02  1.552E-02  0.000E+00  0.000E+00
  1.552E-02  1.554E-02  0.000E+00  0.000E+00
  1.554E-02  1.556E-02  0.000E+00  0.000E+00
  1.556E-02  1.558E-02  0.000E+00  0.000E+00
  1.558E-02  1.560E-02  0.000E+00  0.000E+00
  1.560E-02  1.562E-02  0.000E+00  0.000E+00
  1.562E-02  1.564E-02  0.000E+00  0.000E+00
  1.564E-02  1.566E-02  0.000E+00  0.000E+00
  1.566E-02  1.568E-02  0.000E+00  0.000E+00
  1.568E-02  1.570E-02  0.000E+00  0.000E+00
  1.570E-02  1.572E-02  0.000E+00  0.000E+00
  1.572E-02  1.574E-02  0.000E+00  0.000E+00
  1.574E-02  1.576E-02  0.000E+00  0.000E+00
  1.576E-02  1.578E-02  0.000E+00  0.000E+00
  1.578E-02  1.580E-02  0.000E+00  0.000E+00
  1.580E-02  1.582E-02  0.000E+00  0.000E+00
  1.582E-02  1.584E-02  0.000E+00  0.000E+00
  1.584E-02  1.586E-02  0.000E+00  0.000E+00
  1.586E-02  1.588E-02  0.000E+00  0.000E+00
  1.588E-02  1.590E-02  0.000E+00  0.000E+00
  1.590E-02  1.592E-02  0.000E+00  0.000E+00
  1.592E-02  1.594E-02  0.000E+00  0.000E+00
  1.594E-02  1.596E-02  0.000E+00  0.000E+00
  1.596E-02  1.598E-02  0.000E+00  0.000E+00
  1.598E-02  1.600E-02  0.000E+00  0.000E+00
  1.600E-02  1.602E-02  0.000E+00  0.000E+00
  1.602E-02  1.604E-02  0.000E+00  0.000E+00
  1.604E-02  1.606E-02  0.000E+00  0.000E+00
  1.606E-02  1.608E-02  0.000E+00  0.000E+00
  1.608E-02  1.610E-02  0.000E+00  0.000E+00
  1.610E-02  1.612E-02  0.000E+00  0.000E+00
  1.612E-02  1.614E-02  0.000E+00  0.000E+00
  1.614E-02  1.616E-02  0.000E+00  0.000E+00
  1.616E-02  1.618E-02  0.000E+00  0.000E+00
  1.618E-02  1.620E-02  0.000E+00  0.000E+00
  1.620E-02  1.622E-02  0.000E+00  0.000E+00
  1.622E-02  1.624E-02  0.000E+00  0.000E+00
  1.624E-02  1.626E-02  0.000E+00  0.000E+00
  1.626E-02  1.628E-02  0.000E+00  0.000E+00
  1.628E-02  1.630E-02  0.000E+00  0.000E+00
  1.630E-02  1.632E-02  0.000E+00  0.000E+00
  1.632E-02  1.634E-02  0.000E+00  0.000E+00
  1.634E-02  1.636E-02  0.000E+00  0.000E+00
  1.636E-02  1.638E-02  0.000E+00  0.000E+00
  1.638E-02  1.640E-02  0.000E+00  0.000E+00
  1.640E-02  1.642E-02  0.000E+00  0.000E+00
  1.642E-02  1.644E-02  0.000E+00  0.000E+00
  1.644E-02  1.646E-02  0.000E+00  0.000E+00
  1.646E-02  1.648E-02  0.000E+00  0.000E+00
  1.648E-02  1.650E-02  0.000E+00  0.000E+00
  1.650E-02  1.652E-02  0.000E+00  0.000E+00
  1.652E-02  1.654E-02  0.000E+00  0.000E+00
  1.654E-02  1.656E-02  0.000E+00  0.000E+00
  1.656E-02  1.658E-02  0.000E+00  0.000E+00
  1.658E-02  1.660E-02  0.000E+00  0.000E+00
  1.660E-02  1.662E-02  0.000E+00  0.000E+00
  1.662E-02  1.664E-02  0.000E+00  0.000E+00
  1.664E-02  1.666E-02  0.000E+00  0.000E+00
  1.666E-02  1.668E-02  0.000E+00  0.000E+00
  1.668E-02  1.670E-02  0.000E+00  0.000E+00
  1.670E-02  1.672E-02  0.000E+00  0.000E+00
  1.672E-02  1.674E-02  0.000E+00  0.000E+00
  1.674E-02  1.676E-02  0.000E+00  0.000E+00
  1.676E-02  1.678E-02  0.000E+00  0.000E+00
  1.678E-02  1.680E-02  0.000E+00  0.000E+00
  1.680E-02  1.682E-02  0.000E+00  0.000E+00
  1.682E-02  1.684E-02  0.000E+00  0.000E+00
  1.684E-02  1.686E-02  0.000E+00  0.000E+00
  1.686E-02  1.688E-02  0.000E+00  0.000E+00
  1.688E-02  1.690E-02  0.000E+00  0.000E+00
  1.690E-02  1.692E-02  0.000E+00  0.000E+00
  1.692E-02  1.694E-02  0.000E+00  0.000E+00
  1.694E-02  1.696E-02  0.000E+00  0.000E+00
  1.696E-02  1.698E-02  0.000E+00  0.000E+00
  1.698E-02  1.700E-02  0.000E+00  0.000E+00
  1.700E-02  1.702E-02  0.000E+00  0.000E+00
  1.702E-02  1.703E-02  0.000E+00  0.000E+00
  1.703E-02  1.705E-02  0.000E+00  0.000E+00
  1.705E-02  1.707E-02  0.000E+00  0.000E+00
  1.707E-02  1.709E-02  0.000E+00  0.000E+00
  1.709E-02  1.711E-02  0.000E+00  0.000E+00
  1.711E-02  1.713E-02  0.000E+00  0.000E+00
  1.713E-02  1.715E-02  0.000E+00  0.000E+00
  1.715E-02  1.717E-02  0.000E+00  0.000E+00
  1.717E-02  1.719E-02  0.000E+00  0.000E+00
  1.719E-02  1.721E-02  0.000E+00  0.000E+00
  1.721E-02  1.723E-02  0.000E+00  0.000E+00
  1.723E-02  1.725E-02  0.000E+00  0.000E+00
  1.725E-02  1.727E-02  0.000E+00  0.000E+00
  1.727E-02  1.729E-02  0.000E+00  0.000E+00
  1.729E-02  1.731E-02  0.000E+00  0.000E+00
  1.731E-02  1.733E-02  0.000E+00  0.000E+00
  1.733E-02  1.735E-02  0.000E+00  0.000E+00
  1.735E-02  1.737E-02  0.000E+00  0.000E+00
  1.737E-02  1.739E-02  0.000E+00  0.000E+00
  1.739E-02  1.741E-02  0.000E+00  0.000E+00
  1.741E-02  1.743E-02  0.000E+00  0.000E+00
  1.743E-02  1.745E-02  0.000E+00  0.000E+00
  1.745E-02  1.747E-02  0.000E+00  0.000E+00
  1.747E-02  1.749E-02  0.000E+00  0.000E+00
  1.749E-02  1.751E-02  0.000E+00  0.000E+00
  1.751E-02  1.753E-02  0.000E+00  0.000E+00
  1.753E-02  1.755E-02  0.000E+00  0.000E+00
  1.755E-02  1.757E-02  0.000E+00  0.000E+00
  1.757E-02  1.759E-02  0.000E+00  0.000E+00
  1.759E-02  1.761E-02  0.000E+00  0.000E+00
  1.761E-02  1.763E-02  3.627E+02  9.900E+01
  1.763E-02  1.765E-02  0.000E+00  0.000E+00
  1.765E-02  1.767E-02  0.000E+00  0.000E+00
  1.767E-02  1.769E-02  3.627E+02  9.900E+01
  1.769E-02  1.771E-02  3.627E+02  9.900E+01
  1.771E-02  1.773E-02  1.451E+03  9.900E+01
  1.773E-02  1.775E-02  2.539E+03  9.900E+01
  1.775E-02  1.777E-02  1.814E+03  9.900E+01
  1.777E-02  1.779E-02  2.902E+03  9.900E+01
  1.779E-02  1.781E-02  2.539E+03  9.900E+01
  1.781E-02  1.783E-02  4.716E+03  9.900E+01
  1.783E-02  1.785E-02  3.627E+03  9.900E+01
  1.785E-02  1.787E-02  3.990E+03  9.900E+01
  1.787E-02  1.789E-02  2.539E+03  9.900E+01
  1.789E-02  1.791E-02  4.716E+03  9.900E+01
  1.791E-02  1.793E-02  1.088E+03  9.900E+01
  1.793E-02  1.795E-02  1.451E+03  9.900E+01
  1.795E-02  1.797E-02  7.254E+02  9.900E+01
  1.797E-02  1.799E-02  1.814E+03  9.900E+01
  1.799E-02  1.801E-02  2.539E+03  9.900E+01
  1.801E-02  1.803E-02  0.000E+00  0.000E+00
  1.803E-02  1.805E-02  3.627E+02  9.900E+01
  1.805E-02  1.807E-02  0.000E+00  0.000E+00
  1.807E-02  1.809E-02  3.628E+02  9.900E+01
  1.809E-02  1.811E-02  7.254E+02  9.900E+01
  1.811E-02  1.813E-02  0.000E+00  0.000E+00
  1.813E-02  1.815E-02  0.000E+00  0.000E+00
  1.815E-02  1.817E-02  0.000E+00  0.000E+00
  1.817E-02  1.819E-02  0.000E+00  0.000E+00
  1.819E-02  1.821E-02  0.000E+00  0.000E+00
  1.821E-02  1.823E-02  0.000E+00  0.000E+00
  1.823E-02  1.825E-02  0.000E+00  0.000E+00
  1.825E-02  1.827E-02  0.000E+00  0.000E+00
  1.827E-02  1.829E-02  0.000E+00  0.000E+00
  1.829E-02  1.831E-02  0.000E+00  0.000E+00
  1.831E-02  1.833E-02  0.000E+00  0.000E+00
  1.833E-02  1.835E-02  0.000E+00  0.000E+00
  1.835E-02  1.837E-02  0.000E+00  0.000E+00
  1.837E-02  1.839E-02  0.000E+00  0.000E+00
  1.839E-02  1.841E-02  0.000E+00  0.000E+00
  1.841E-02  1.843E-02  0.000E+00  0.000E+00
  1.843E-02  1.845E-02  0.000E+00  0.000E+00
  1.845E-02  1.847E-02  0.000E+00  0.000E+00
  1.847E-02  1.849E-02  0.000E+00  0.000E+00
  1.849E-02  1.851E-02  0.000E+00  0.000E+00
  1.851E-02  1.853E-02  0.000E+00  0.000E+00
  1.853E-02  1.855E-02  0.000E+00  0.000E+00
  1.855E-02  1.857E-02  0.000E+00  0.000E+00
  1.857E-02  1.859E-02  0.000E+00  0.000E+00
  1.859E-02  1.861E-02  0.000E+00  0.000E+00
  1.861E-02  1.863E-02  0.000E+00  0.000E+00
  1.863E-02  1.865E-02  0.000E+00  0.000E+00
  1.865E-02  1.867E-02  0.000E+00  0.000E+00
  1.867E-02  1.869E-02  0.000E+00  0.000E+00
  1.869E-02  1.871E-02  0.000E+00  0.000E+00
  1.871E-02  1.873E-02  0.000E+00  0.000E+00
  1.873E-02  1.875E-02  0.000E+00  0.000E+00
  1.875E-02  1.877E-02  0.000E+00  0.000E+00
  1.877E-02  1.879E-02  0.000E+00  0.000E+00
  1.879E-02  1.881E-02  0.000E+00  0.000E+00
  1.881E-02  1.883E-02  0.000E+00  0.000E+00
  1.883E-02  1.885E-02  0.000E+00  0.000E+00
  1.885E-02  1.887E-02  0.000E+00  0.000E+00
  1.887E-02  1.889E-02  0.000E+00  0.000E+00
  1.889E-02  1.891E-02  0.000E+00  0.000E+00
  1.891E-02  1.893E-02  0.000E+00  0.000E+00
  1.893E-02  1.895E-02  0.000E+00  0.000E+00
  1.895E-02  1.897E-02  0.000E+00  0.000E+00
  1.897E-02  1.899E-02  0.000E+00  0.000E+00
  1.899E-02  1.901E-02  0.000E+00  0.000E+00
  1.901E-02  1.902E-02  0.000E+00  0.000E+00
  1.902E-02  1.904E-02  0.000E+00  0.000E+00
  1.904E-02  1.906E-02  0.000E+00  0.000E+00
  1.906E-02  1.908E-02  0.000E+00  0.000E+00
  1.908E-02  1.910E-02  0.000E+00  0.000E+00
  1.910E-02  1.912E-02  0.000E+00  0.000E+00
  1.912E-02  1.914E-02  0.000E+00  0.000E+00
  1.914E-02  1.916E-02  0.000E+00  0.000E+00
  1.916E-02  1.918E-02  0.000E+00  0.000E+00
  1.918E-02  1.920E-02  0.000E+00  0.000E+00
  1.920E-02  1.922E-02  0.000E+00  0.000E+00
  1.922E-02  1.924E-02  0.000E+00  0.000E+00
  1.924E-02  1.926E-02  0.000E+00  0.000E+00
  1.926E-02  1.928E-02  0.000E+00  0.000E+00
  1.928E-02  1.930E-02  0.000E+00  0.000E+00
  1.930E-02  1.932E-02  0.000E+00  0.000E+00
  1.932E-02  1.934E-02  0.000E+00  0.000E+00
  1.934E-02  1.936E-02  0.000E+00  0.000E+00
  1.936E-02  1.938E-02  0.000E+00  0.000E+00
  1.938E-02  1.940E-02  0.000E+00  0.000E+00
  1.940E-02  1.942E-02  0.000E+00  0.000E+00
  1.942E-02  1.944E-02  0.000E+00  0.000E+00
  1.944E-02  1.946E-02  0.000E+00  0.000E+00
  1.946E-02  1.948E-02  0.000E+00  0.000E+00
  1.948E-02  1.950E-02  0.000E+00  0.000E+00
  1.950E-02  1.952E-02  0.000E+00  0.000E+00
  1.952E-02  1.954E-02  0.000E+00  0.000E+00
  1.954E-02  1.956E-02  0.000E+00  0.000E+00
  1.956E-02  1.958E-02  0.000E+00  0.000E+00
  1.958E-02  1.960E-02  0.000E+00  0.000E+00
  1.960E-02  1.962E-02  0.000E+00  0.000E+00
  1.962E-02  1.964E-02  0.000E+00  0.000E+00
  1.964E-02  1.966E-02  0.000E+00  0.000E+00
  1.966E-02  1.968E-02  0.000E+00  0.000E+00
  1.968E-02  1.970E-02  0.000E+00  0.000E+00
  1.970E-02  1.972E-02  0.000E+00  0.000E+00
  1.972E-02  1.974E-02  0.000E+00  0.000E+00
  1.974E-02  1.976E-02  0.000E+00  0.000E+00
  1.976E-02  1.978E-02  0.000E+00  0.000E+00
  1.978E-02  1.980E-02  0.000E+00  0.000E+00
  1.980E-02  1.982E-02  0.000E+00  0.000E+00
  1.982E-02  1.984E-02  0.000E+00  0.000E+00
  1.984E-02  1.986E-02  0.000E+00  0.000E+00
  1.986E-02  1.988E-02  0.000E+00  0.000E+00
  1.988E-02  1.990E-02  0.000E+00  0.000E+00
  1.990E-02  1.992E-02  0.000E+00  0.000E+00
  1.992E-02  1.994E-02  0.000E+00  0.000E+00
  1.994E-02  1.996E-02  0.000E+00  0.000E+00
  1.996E-02  1.998E-02  0.000E+00  0.000E+00
  1.998E-02  2.000E-02  0.000E+00  0.000E+00


 # double differential distributions
 # number of solid angle intervals           1
 # Block n:            1     0.00000000      :   6.28318548    
  1.000E-04  1.199E-04  0.000E+00  0.000E+00  0.000E+00  6.283E+00
  1.199E-04  1.398E-04  0.000E+00  0.000E+00  0.000E+00  6.283E+00
  1.398E-04  1.597E-04  0.000E+00  0.000E+00  0.000E+00  6.283E+00
  1.597E-04  1.796E-04  0.000E+00  0.000E+00  0.000E+00  6.283E+00
  1.796E-04  1.995E-04  0.000E+00  0.000E+00  0.000E+00  6.283E+00
  1.995E-04  2.194E-04  0.000E+00  0.000E+00  0.000E+00  6.283E+00
  2.194E-04  2.393E-04  0.000E+00  0.000E+00  0.000E+00  6.283E+00
  2.393E-04  2.592E-04  0.000E+00  0.000E+00  0.000E+00  6.283E+00
  2.592E-04  2.791E-04  0.000E+00  0.000E+00  0.000E+00  6.283E+00
  2.791E-04  2.990E-04  0.000E+00  0.000E+00  0.000E+00  6.283E+00
  2.990E-04  3.189E-04  0.000E+00  0.000E+00  0.000E+00  6.283E+00
  3.189E-04  3.388E-04  0.000E+00  0.000E+00  0.000E+00  6.283E+00
  3.388E-04  3.587E-04  0.000E+00  0.000E+00  0.000E+00  6.283E+00
  3.587E-04  3.786E-04  0.000E+00  0.000E+00  0.000E+00  6.283E+00
  3.786E-04  3.985E-04  0.000E+00  0.000E+00  0.000E+00  6.283E+00
  3.985E-04  4.184E-04  0.000E+00  0.000E+00  0.000E+00  6.283E+00
  4.184E-04  4.383E-04  0.000E+00  0.000E+00  0.000E+00  6.283E+00
  4.383E-04  4.582E-04  0.000E+00  0.000E+00  0.000E+00  6.283E+00
  4.582E-04  4.781E-04  0.000E+00  0.000E+00  0.000E+00  6.283E+00
  4.781E-04  4.980E-04  0.000E+00  0.000E+00  0.000E+00  6.283E+00
  4.980E-04  5.179E-04  0.000E+00  0.000E+00  0.000E+00  6.283E+00
  5.179E-04  5.378E-04  0.000E+00  0.000E+00  0.000E+00  6.283E+00
  5.378E-04  5.577E-04  0.000E+00  0.000E+00  0.000E+00  6.283E+00
  5.577E-04  5.776E-04  0.000E+00  0.000E+00  0.000E+00  6.283E+00
  5.776E-04  5.975E-04  0.000E+00  0.000E+00  0.000E+00  6.283E+00
  5.975E-04  6.174E-04  0.000E+00  0.000E+00  0.000E+00  6.283E+00
  6.174E-04  6.373E-04  0.000E+00  0.000E+00  0.000E+00  6.283E+00
  6.373E-04  6.572E-04  0.000E+00  0.000E+00  0.000E+00  6.283E+00
  6.572E-04  6.771E-04  0.000E+00  0.000E+00  0.000E+00  6.283E+00
  6.771E-04  6.970E-04  0.000E+00  0.000E+00  0.000E+00  6.283E+00
  6.970E-04  7.169E-04  0.000E+00  0.000E+00  0.000E+00  6.283E+00
  7.169E-04  7.368E-04  0.000E+00  0.000E+00  0.000E+00  6.283E+00
  7.368E-04  7.567E-04  0.000E+00  0.000E+00  0.000E+00  6.283E+00
  7.567E-04  7.766E-04  0.000E+00  0.000E+00  0.000E+00  6.283E+00
  7.766E-04  7.965E-04  0.000E+00  0.000E+00  0.000E+00  6.283E+00
  7.965E-04  8.164E-04  0.000E+00  0.000E+00  0.000E+00  6.283E+00
  8.164E-04  8.363E-04  0.000E+00  0.000E+00  0.000E+00  6.283E+00
  8.363E-04  8.562E-04  0.000E+00  0.000E+00  0.000E+00  6.283E+00
  8.562E-04  8.761E-04  0.000E+00  0.000E+00  0.000E+00  6.283E+00
  8.761E-04  8.960E-04  0.000E+00  0.000E+00  0.000E+00  6.283E+00
  8.960E-04  9.159E-04  0.000E+00  0.000E+00  0.000E+00  6.283E+00
  9.159E-04  9.358E-04  0.000E+00  0.000E+00  0.000E+00  6.283E+00
  9.358E-04  9.557E-04  0.000E+00  0.000E+00  0.000E+00  6.283E+00
  9.557E-04  9.756E-04  0.000E+00  0.000E+00  0.000E+00  6.283E+00
  9.756E-04  9.955E-04  0.000E+00  0.000E+00  0.000E+00  6.283E+00
  9.955E-04  1.015E-03  0.000E+00  0.000E+00  0.000E+00  6.283E+00
  1.015E-03  1.035E-03  0.000E+00  0.000E+00  0.000E+00  6.283E+00
  1.035E-03  1.055E-03  0.000E+00  0.000E+00  0.000E+00  6.283E+00
  1.055E-03  1.075E-03  0.000E+00  0.000E+00  0.000E+00  6.283E+00
  1.075E-03  1.095E-03  0.000E+00  0.000E+00  0.000E+00  6.283E+00
  1.095E-03  1.115E-03  0.000E+00  0.000E+00  0.000E+00  6.283E+00
  1.115E-03  1.135E-03  0.000E+00  0.000E+00  0.000E+00  6.283E+00
  1.135E-03  1.155E-03  0.000E+00  0.000E+00  0.000E+00  6.283E+00
  1.155E-03  1.175E-03  0.000E+00  0.000E+00  0.000E+00  6.283E+00
  1.175E-03  1.195E-03  0.000E+00  0.000E+00  0.000E+00  6.283E+00
  1.195E-03  1.214E-03  0.000E+00  0.000E+00  0.000E+00  6.283E+00
  1.214E-03  1.234E-03  0.000E+00  0.000E+00  0.000E+00  6.283E+00
  1.234E-03  1.254E-03  0.000E+00  0.000E+00  0.000E+00  6.283E+00
  1.254E-03  1.274E-03  0.000E+00  0.000E+00  0.000E+00  6.283E+00
  1.274E-03  1.294E-03  0.000E+00  0.000E+00  0.000E+00  6.283E+00
  1.294E-03  1.314E-03  0.000E+00  0.000E+00  0.000E+00  6.283E+00
  1.314E-03  1.334E-03  0.000E+00  0.000E+00  0.000E+00  6.283E+00
  1.334E-03  1.354E-03  0.000E+00  0.000E+00  0.000E+00  6.283E+00
  1.354E-03  1.374E-03  0.000E+00  0.000E+00  0.000E+00  6.283E+00
  1.374E-03  1.394E-03  0.000E+00  0.000E+00  0.000E+00  6.283E+00
  1.394E-03  1.413E-03  0.000E+00  0.000E+00  0.000E+00  6.283E+00
  1.413E-03  1.433E-03  0.000E+00  0.000E+00  0.000E+00  6.283E+00
  1.433E-03  1.453E-03  0.000E+00  0.000E+00  0.000E+00  6.283E+00
  1.453E-03  1.473E-03  0.000E+00  0.000E+00  0.000E+00  6.283E+00
  1.473E-03  1.493E-03  0.000E+00  0.000E+00  0.000E+00  6.283E+00
  1.493E-03  1.513E-03  0.000E+00  0.000E+00  0.000E+00  6.283E+00
  1.513E-03  1.533E-03  0.000E+00  0.000E+00  0.000E+00  6.283E+00
  1.533E-03  1.553E-03  0.000E+00  0.000E+00  0.000E+00  6.283E+00
  1.553E-03  1.573E-03  0.000E+00  0.000E+00  0.000E+00  6.283E+00
  1.573E-03  1.593E-03  0.000E+00  0.000E+00  0.000E+00  6.283E+00
  1.593E-03  1.612E-03  0.000E+00  0.000E+00  0.000E+00  6.283E+00
  1.612E-03  1.632E-03  0.000E+00  0.000E+00  0.000E+00  6.283E+00
  1.632E-03  1.652E-03  0.000E+00  0.000E+00  0.000E+00  6.283E+00
  1.652E-03  1.672E-03  0.000E+00  0.000E+00  0.000E+00  6.283E+00
  1.672E-03  1.692E-03  0.000E+00  0.000E+00  0.000E+00  6.283E+00
  1.692E-03  1.712E-03  0.000E+00  0.000E+00  0.000E+00  6.283E+00
  1.712E-03  1.732E-03  0.000E+00  0.000E+00  0.000E+00  6.283E+00
  1.732E-03  1.752E-03  0.000E+00  0.000E+00  0.000E+00  6.283E+00
  1.752E-03  1.772E-03  0.000E+00  0.000E+00  0.000E+00  6.283E+00
  1.772E-03  1.792E-03  0.000E+00  0.000E+00  0.000E+00  6.283E+00
  1.792E-03  1.811E-03  0.000E+00  0.000E+00  0.000E+00  6.283E+00
  1.811E-03  1.831E-03  0.000E+00  0.000E+00  0.000E+00  6.283E+00
  1.831E-03  1.851E-03  0.000E+00  0.000E+00  0.000E+00  6.283E+00
  1.851E-03  1.871E-03  0.000E+00  0.000E+00  0.000E+00  6.283E+00
  1.871E-03  1.891E-03  0.000E+00  0.000E+00  0.000E+00  6.283E+00
  1.891E-03  1.911E-03  0.000E+00  0.000E+00  0.000E+00  6.283E+00
  1.911E-03  1.931E-03  0.000E+00  0.000E+00  0.000E+00  6.283E+00
  1.931E-03  1.951E-03  0.000E+00  0.000E+00  0.000E+00  6.283E+00
  1.951E-03  1.971E-03  0.000E+00  0.000E+00  0.000E+00  6.283E+00
  1.971E-03  1.991E-03  0.000E+00  0.000E+00  0.000E+00  6.283E+00
  1.991E-03  2.010E-03  0.000E+00  0.000E+00  0.000E+00  6.283E+00
  2.010E-03  2.030E-03  0.000E+00  0.000E+00  0.000E+00  6.283E+00
  2.030E-03  2.050E-03  0.000E+00  0.000E+00  0.000E+00  6.283E+00
  2.050E-03  2.070E-03  0.000E+00  0.000E+00  0.000E+00  6.283E+00
  2.070E-03  2.090E-03  0.000E+00  0.000E+00  0.000E+00  6.283E+00
  2.090E-03  2.110E-03  0.000E+00  0.000E+00  0.000E+00  6.283E+00
  2.110E-03  2.130E-03  0.000E+00  0.000E+00  0.000E+00  6.283E+00
  2.130E-03  2.150E-03  0.000E+00  0.000E+00  0.000E+00  6.283E+00
  2.150E-03  2.170E-03  0.000E+00  0.000E+00  0.000E+00  6.283E+00
  2.170E-03  2.190E-03  0.000E+00  0.000E+00  0.000E+00  6.283E+00
  2.190E-03  2.209E-03  0.000E+00  0.000E+00  0.000E+00  6.283E+00
  2.209E-03  2.229E-03  0.000E+00  0.000E+00  0.000E+00  6.283E+00
  2.229E-03  2.249E-03  0.000E+00  0.000E+00  0.000E+00  6.283E+00
  2.249E-03  2.269E-03  0.000E+00  0.000E+00  0.000E+00  6.283E+00
  2.269E-03  2.289E-03  0.000E+00  0.000E+00  0.000E+00  6.283E+00
  2.289E-03  2.309E-03  0.000E+00  0.000E+00  0.000E+00  6.283E+00
  2.309E-03  2.329E-03  0.000E+00  0.000E+00  0.000E+00  6.283E+00
  2.329E-03  2.349E-03  0.000E+00  0.000E+00  0.000E+00  6.283E+00
  2.349E-03  2.369E-03  0.000E+00  0.000E+00  0.000E+00  6.283E+00
  2.369E-03  2.389E-03  0.000E+00  0.000E+00  0.000E+00  6.283E+00
  2.389E-03  2.408E-03  0.000E+00  0.000E+00  0.000E+00  6.283E+00
  2.408E-03  2.428E-03  0.000E+00  0.000E+00  0.000E+00  6.283E+00
  2.428E-03  2.448E-03  0.000E+00  0.000E+00  0.000E+00  6.283E+00
  2.448E-03  2.468E-03  0.000E+00  0.000E+00  0.000E+00  6.283E+00
  2.468E-03  2.488E-03  0.000E+00  0.000E+00  0.000E+00  6.283E+00
  2.488E-03  2.508E-03  0.000E+00  0.000E+00  0.000E+00  6.283E+00
  2.508E-03  2.528E-03  0.000E+00  0.000E+00  0.000E+00  6.283E+00
  2.528E-03  2.548E-03  0.000E+00  0.000E+00  0.000E+00  6.283E+00
  2.548E-03  2.568E-03  0.000E+00  0.000E+00  0.000E+00  6.283E+00
  2.568E-03  2.588E-03  0.000E+00  0.000E+00  0.000E+00  6.283E+00
  2.588E-03  2.607E-03  0.000E+00  0.000E+00  0.000E+00  6.283E+00
  2.607E-03  2.627E-03  0.000E+00  0.000E+00  0.000E+00  6.283E+00
  2.627E-03  2.647E-03  0.000E+00  0.000E+00  0.000E+00  6.283E+00
  2.647E-03  2.667E-03  0.000E+00  0.000E+00  0.000E+00  6.283E+00
  2.667E-03  2.687E-03  0.000E+00  0.000E+00  0.000E+00  6.283E+00
  2.687E-03  2.707E-03  0.000E+00  0.000E+00  0.000E+00  6.283E+00
  2.707E-03  2.727E-03  0.000E+00  0.000E+00  0.000E+00  6.283E+00
  2.727E-03  2.747E-03  0.000E+00  0.000E+00  0.000E+00  6.283E+00
  2.747E-03  2.767E-03  0.000E+00  0.000E+00  0.000E+00  6.283E+00
  2.767E-03  2.787E-03  0.000E+00  0.000E+00  0.000E+00  6.283E+00
  2.787E-03  2.806E-03  0.000E+00  0.000E+00  0.000E+00  6.283E+00
  2.806E-03  2.826E-03  0.000E+00  0.000E+00  0.000E+00  6.283E+00
  2.826E-03  2.846E-03  0.000E+00  0.000E+00  0.000E+00  6.283E+00
  2.846E-03  2.866E-03  0.000E+00  0.000E+00  0.000E+00  6.283E+00
  2.866E-03  2.886E-03  0.000E+00  0.000E+00  0.000E+00  6.283E+00
  2.886E-03  2.906E-03  0.000E+00  0.000E+00  0.000E+00  6.283E+00
  2.906E-03  2.926E-03  0.000E+00  0.000E+00  0.000E+00  6.283E+00
  2.926E-03  2.946E-03  0.000E+00  0.000E+00  0.000E+00  6.283E+00
  2.946E-03  2.966E-03  0.000E+00  0.000E+00  0.000E+00  6.283E+00
  2.966E-03  2.986E-03  0.000E+00  0.000E+00  0.000E+00  6.283E+00
  2.986E-03  3.005E-03  0.000E+00  0.000E+00  0.000E+00  6.283E+00
  3.005E-03  3.025E-03  0.000E+00  0.000E+00  0.000E+00  6.283E+00
  3.025E-03  3.045E-03  0.000E+00  0.000E+00  0.000E+00  6.283E+00
  3.045E-03  3.065E-03  0.000E+00  0.000E+00  0.000E+00  6.283E+00
  3.065E-03  3.085E-03  0.000E+00  0.000E+00  0.000E+00  6.283E+00
  3.085E-03  3.105E-03  0.000E+00  0.000E+00  0.000E+00  6.283E+00
  3.105E-03  3.125E-03  0.000E+00  0.000E+00  0.000E+00  6.283E+00
  3.125E-03  3.145E-03  0.000E+00  0.000E+00  0.000E+00  6.283E+00
  3.145E-03  3.165E-03  0.000E+00  0.000E+00  0.000E+00  6.283E+00
  3.165E-03  3.185E-03  0.000E+00  0.000E+00  0.000E+00  6.283E+00
  3.185E-03  3.204E-03  0.000E+00  0.000E+00  0.000E+00  6.283E+00
  3.204E-03  3.224E-03  0.000E+00  0.000E+00  0.000E+00  6.283E+00
  3.224E-03  3.244E-03  0.000E+00  0.000E+00  0.000E+00  6.283E+00
  3.244E-03  3.264E-03  0.000E+00  0.000E+00  0.000E+00  6.283E+00
  3.264E-03  3.284E-03  0.000E+00  0.000E+00  0.000E+00  6.283E+00
  3.284E-03  3.304E-03  0.000E+00  0.000E+00  0.000E+00  6.283E+00
  3.304E-03  3.324E-03  0.000E+00  0.000E+00  0.000E+00  6.283E+00
  3.324E-03  3.344E-03  0.000E+00  0.000E+00  0.000E+00  6.283E+00
  3.344E-03  3.364E-03  0.000E+00  0.000E+00  0.000E+00  6.283E+00
  3.364E-03  3.384E-03  0.000E+00  0.000E+00  0.000E+00  6.283E+00
  3.384E-03  3.403E-03  0.000E+00  0.000E+00  0.000E+00  6.283E+00
  3.403E-03  3.423E-03  0.000E+00  0.000E+00  0.000E+00  6.283E+00
  3.423E-03  3.443E-03  0.000E+00  0.000E+00  0.000E+00  6.283E+00
  3.443E-03  3.463E-03  0.000E+00  0.000E+00  0.000E+00  6.283E+00
  3.463E-03  3.483E-03  0.000E+00  0.000E+00  0.000E+00  6.283E+00
  3.483E-03  3.503E-03  0.000E+00  0.000E+00  0.000E+00  6.283E+00
  3.503E-03  3.523E-03  0.000E+00  0.000E+00  0.000E+00  6.283E+00
  3.523E-03  3.543E-03  0.000E+00  0.000E+00  0.000E+00  6.283E+00
  3.543E-03  3.563E-03  0.000E+00  0.000E+00  0.000E+00  6.283E+00
  3.563E-03  3.583E-03  0.000E+00  0.000E+00  0.000E+00  6.283E+00
  3.583E-03  3.602E-03  0.000E+00  0.000E+00  0.000E+00  6.283E+00
  3.602E-03  3.622E-03  0.000E+00  0.000E+00  0.000E+00  6.283E+00
  3.622E-03  3.642E-03  0.000E+00  0.000E+00  0.000E+00  6.283E+00
  3.642E-03  3.662E-03  0.000E+00  0.000E+00  0.000E+00  6.283E+00
  3.662E-03  3.682E-03  0.000E+00  0.000E+00  0.000E+00  6.283E+00
  3.682E-03  3.702E-03  0.000E+00  0.000E+00  0.000E+00  6.283E+00
  3.702E-03  3.722E-03  0.000E+00  0.000E+00  0.000E+00  6.283E+00
  3.722E-03  3.742E-03  0.000E+00  0.000E+00  0.000E+00  6.283E+00
  3.742E-03  3.762E-03  0.000E+00  0.000E+00  0.000E+00  6.283E+00
  3.762E-03  3.782E-03  0.000E+00  0.000E+00  0.000E+00  6.283E+00
  3.782E-03  3.801E-03  0.000E+00  0.000E+00  0.000E+00  6.283E+00
  3.801E-03  3.821E-03  0.000E+00  0.000E+00  0.000E+00  6.283E+00
  3.821E-03  3.841E-03  0.000E+00  0.000E+00  0.000E+00  6.283E+00
  3.841E-03  3.861E-03  0.000E+00  0.000E+00  0.000E+00  6.283E+00
  3.861E-03  3.881E-03  0.000E+00  0.000E+00  0.000E+00  6.283E+00
  3.881E-03  3.901E-03  0.000E+00  0.000E+00  0.000E+00  6.283E+00
  3.901E-03  3.921E-03  0.000E+00  0.000E+00  0.000E+00  6.283E+00
  3.921E-03  3.941E-03  0.000E+00  0.000E+00  0.000E+00  6.283E+00
  3.941E-03  3.961E-03  0.000E+00  0.000E+00  0.000E+00  6.283E+00
  3.961E-03  3.981E-03  0.000E+00  0.000E+00  0.000E+00  6.283E+00
  3.981E-03  4.000E-03  0.000E+00  0.000E+00  0.000E+00  6.283E+00
  4.000E-03  4.020E-03  0.000E+00  0.000E+00  0.000E+00  6.283E+00
  4.020E-03  4.040E-03  0.000E+00  0.000E+00  0.000E+00  6.283E+00
  4.040E-03  4.060E-03  0.000E+00  0.000E+00  0.000E+00  6.283E+00
  4.060E-03  4.080E-03  0.000E+00  0.000E+00  0.000E+00  6.283E+00
  4.080E-03  4.100E-03  0.000E+00  0.000E+00  0.000E+00  6.283E+00
  4.100E-03  4.120E-03  0.000E+00  0.000E+00  0.000E+00  6.283E+00
  4.120E-03  4.140E-03  0.000E+00  0.000E+00  0.000E+00  6.283E+00
  4.140E-03  4.160E-03  0.000E+00  0.000E+00  0.000E+00  6.283E+00
  4.160E-03  4.180E-03  0.000E+00  0.000E+00  0.000E+00  6.283E+00
  4.180E-03  4.199E-03  0.000E+00  0.000E+00  0.000E+00  6.283E+00
  4.199E-03  4.219E-03  0.000E+00  0.000E+00  0.000E+00  6.283E+00
  4.219E-03  4.239E-03  0.000E+00  0.000E+00  0.000E+00  6.283E+00
  4.239E-03  4.259E-03  0.000E+00  0.000E+00  0.000E+00  6.283E+00
  4.259E-03  4.279E-03  0.000E+00  0.000E+00  0.000E+00  6.283E+00
  4.279E-03  4.299E-03  0.000E+00  0.000E+00  0.000E+00  6.283E+00
  4.299E-03  4.319E-03  0.000E+00  0.000E+00  0.000E+00  6.283E+00
  4.319E-03  4.339E-03  0.000E+00  0.000E+00  0.000E+00  6.283E+00
  4.339E-03  4.359E-03  0.000E+00  0.000E+00  0.000E+00  6.283E+00
  4.359E-03  4.378E-03  0.000E+00  0.000E+00  0.000E+00  6.283E+00
  4.378E-03  4.398E-03  0.000E+00  0.000E+00  0.000E+00  6.283E+00
  4.398E-03  4.418E-03  0.000E+00  0.000E+00  0.000E+00  6.283E+00
  4.418E-03  4.438E-03  0.000E+00  0.000E+00  0.000E+00  6.283E+00
  4.438E-03  4.458E-03  0.000E+00  0.000E+00  0.000E+00  6.283E+00
  4.458E-03  4.478E-03  0.000E+00  0.000E+00  0.000E+00  6.283E+00
  4.478E-03  4.498E-03  0.000E+00  0.000E+00  0.000E+00  6.283E+00
  4.498E-03  4.518E-03  0.000E+00  0.000E+00  0.000E+00  6.283E+00
  4.518E-03  4.538E-03  0.000E+00  0.000E+00  0.000E+00  6.283E+00
  4.538E-03  4.558E-03  0.000E+00  0.000E+00  0.000E+00  6.283E+00
  4.558E-03  4.577E-03  0.000E+00  0.000E+00  0.000E+00  6.283E+00
  4.577E-03  4.597E-03  0.000E+00  0.000E+00  0.000E+00  6.283E+00
  4.597E-03  4.617E-03  0.000E+00  0.000E+00  0.000E+00  6.283E+00
  4.617E-03  4.637E-03  0.000E+00  0.000E+00  0.000E+00  6.283E+00
  4.637E-03  4.657E-03  0.000E+00  0.000E+00  0.000E+00  6.283E+00
  4.657E-03  4.677E-03  0.000E+00  0.000E+00  0.000E+00  6.283E+00
  4.677E-03  4.697E-03  0.000E+00  0.000E+00  0.000E+00  6.283E+00
  4.697E-03  4.717E-03  0.000E+00  0.000E+00  0.000E+00  6.283E+00
  4.717E-03  4.737E-03  0.000E+00  0.000E+00  0.000E+00  6.283E+00
  4.737E-03  4.757E-03  0.000E+00  0.000E+00  0.000E+00  6.283E+00
  4.757E-03  4.777E-03  0.000E+00  0.000E+00  0.000E+00  6.283E+00
  4.777E-03  4.796E-03  0.000E+00  0.000E+00  0.000E+00  6.283E+00
  4.796E-03  4.816E-03  0.000E+00  0.000E+00  0.000E+00  6.283E+00
  4.816E-03  4.836E-03  0.000E+00  0.000E+00  0.000E+00  6.283E+00
  4.836E-03  4.856E-03  0.000E+00  0.000E+00  0.000E+00  6.283E+00
  4.856E-03  4.876E-03  0.000E+00  0.000E+00  0.000E+00  6.283E+00
  4.876E-03  4.896E-03  0.000E+00  0.000E+00  0.000E+00  6.283E+00
  4.896E-03  4.916E-03  0.000E+00  0.000E+00  0.000E+00  6.283E+00
  4.916E-03  4.936E-03  0.000E+00  0.000E+00  0.000E+00  6.283E+00
  4.936E-03  4.956E-03  0.000E+00  0.000E+00  0.000E+00  6.283E+00
  4.956E-03  4.976E-03  0.000E+00  0.000E+00  0.000E+00  6.283E+00
  4.976E-03  4.995E-03  0.000E+00  0.000E+00  0.000E+00  6.283E+00
  4.995E-03  5.015E-03  0.000E+00  0.000E+00  0.000E+00  6.283E+00
  5.015E-03  5.035E-03  0.000E+00  0.000E+00  0.000E+00  6.283E+00
  5.035E-03  5.055E-03  0.000E+00  0.000E+00  0.000E+00  6.283E+00
  5.055E-03  5.075E-03  0.000E+00  0.000E+00  0.000E+00  6.283E+00
  5.075E-03  5.095E-03  0.000E+00  0.000E+00  0.000E+00  6.283E+00
  5.095E-03  5.115E-03  0.000E+00  0.000E+00  0.000E+00  6.283E+00
  5.115E-03  5.135E-03  0.000E+00  0.000E+00  0.000E+00  6.283E+00
  5.135E-03  5.155E-03  0.000E+00  0.000E+00  0.000E+00  6.283E+00
  5.155E-03  5.174E-03  0.000E+00  0.000E+00  0.000E+00  6.283E+00
  5.174E-03  5.194E-03  0.000E+00  0.000E+00  0.000E+00  6.283E+00
  5.194E-03  5.214E-03  0.000E+00  0.000E+00  0.000E+00  6.283E+00
  5.214E-03  5.234E-03  0.000E+00  0.000E+00  0.000E+00  6.283E+00
  5.234E-03  5.254E-03  0.000E+00  0.000E+00  0.000E+00  6.283E+00
  5.254E-03  5.274E-03  0.000E+00  0.000E+00  0.000E+00  6.283E+00
  5.274E-03  5.294E-03  0.000E+00  0.000E+00  0.000E+00  6.283E+00
  5.294E-03  5.314E-03  0.000E+00  0.000E+00  0.000E+00  6.283E+00
  5.314E-03  5.334E-03  0.000E+00  0.000E+00  0.000E+00  6.283E+00
  5.334E-03  5.354E-03  0.000E+00  0.000E+00  0.000E+00  6.283E+00
  5.354E-03  5.373E-03  0.000E+00  0.000E+00  0.000E+00  6.283E+00
  5.373E-03  5.393E-03  0.000E+00  0.000E+00  0.000E+00  6.283E+00
  5.393E-03  5.413E-03  0.000E+00  0.000E+00  0.000E+00  6.283E+00
  5.413E-03  5.433E-03  0.000E+00  0.000E+00  0.000E+00  6.283E+00
  5.433E-03  5.453E-03  0.000E+00  0.000E+00  0.000E+00  6.283E+00
  5.453E-03  5.473E-03  0.000E+00  0.000E+00  0.000E+00  6.283E+00
  5.473E-03  5.493E-03  0.000E+00  0.000E+00  0.000E+00  6.283E+00
  5.493E-03  5.513E-03  0.000E+00  0.000E+00  0.000E+00  6.283E+00
  5.513E-03  5.533E-03  0.000E+00  0.000E+00  0.000E+00  6.283E+00
  5.533E-03  5.553E-03  0.000E+00  0.000E+00  0.000E+00  6.283E+00
  5.553E-03  5.573E-03  0.000E+00  0.000E+00  0.000E+00  6.283E+00
  5.573E-03  5.592E-03  0.000E+00  0.000E+00  0.000E+00  6.283E+00
  5.592E-03  5.612E-03  0.000E+00  0.000E+00  0.000E+00  6.283E+00
  5.612E-03  5.632E-03  0.000E+00  0.000E+00  0.000E+00  6.283E+00
  5.632E-03  5.652E-03  0.000E+00  0.000E+00  0.000E+00  6.283E+00
  5.652E-03  5.672E-03  0.000E+00  0.000E+00  0.000E+00  6.283E+00
  5.672E-03  5.692E-03  0.000E+00  0.000E+00  0.000E+00  6.283E+00
  5.692E-03  5.712E-03  0.000E+00  0.000E+00  0.000E+00  6.283E+00
  5.712E-03  5.732E-03  0.000E+00  0.000E+00  0.000E+00  6.283E+00
  5.732E-03  5.752E-03  0.000E+00  0.000E+00  0.000E+00  6.283E+00
  5.752E-03  5.772E-03  0.000E+00  0.000E+00  0.000E+00  6.283E+00
  5.772E-03  5.791E-03  0.000E+00  0.000E+00  0.000E+00  6.283E+00
  5.791E-03  5.811E-03  0.000E+00  0.000E+00  0.000E+00  6.283E+00
  5.811E-03  5.831E-03  0.000E+00  0.000E+00  0.000E+00  6.283E+00
  5.831E-03  5.851E-03  0.000E+00  0.000E+00  0.000E+00  6.283E+00
  5.851E-03  5.871E-03  0.000E+00  0.000E+00  0.000E+00  6.283E+00
  5.871E-03  5.891E-03  0.000E+00  0.000E+00  0.000E+00  6.283E+00
  5.891E-03  5.911E-03  0.000E+00  0.000E+00  0.000E+00  6.283E+00
  5.911E-03  5.931E-03  0.000E+00  0.000E+00  0.000E+00  6.283E+00
  5.931E-03  5.951E-03  0.000E+00  0.000E+00  0.000E+00  6.283E+00
  5.951E-03  5.970E-03  0.000E+00  0.000E+00  0.000E+00  6.283E+00
  5.970E-03  5.990E-03  0.000E+00  0.000E+00  0.000E+00  6.283E+00
  5.990E-03  6.010E-03  0.000E+00  0.000E+00  0.000E+00  6.283E+00
  6.010E-03  6.030E-03  0.000E+00  0.000E+00  0.000E+00  6.283E+00
  6.030E-03  6.050E-03  0.000E+00  0.000E+00  0.000E+00  6.283E+00
  6.050E-03  6.070E-03  0.000E+00  0.000E+00  0.000E+00  6.283E+00
  6.070E-03  6.090E-03  0.000E+00  0.000E+00  0.000E+00  6.283E+00
  6.090E-03  6.110E-03  0.000E+00  0.000E+00  0.000E+00  6.283E+00
  6.110E-03  6.130E-03  0.000E+00  0.000E+00  0.000E+00  6.283E+00
  6.130E-03  6.150E-03  0.000E+00  0.000E+00  0.000E+00  6.283E+00
  6.150E-03  6.169E-03  0.000E+00  0.000E+00  0.000E+00  6.283E+00
  6.169E-03  6.189E-03  0.000E+00  0.000E+00  0.000E+00  6.283E+00
  6.189E-03  6.209E-03  0.000E+00  0.000E+00  0.000E+00  6.283E+00
  6.209E-03  6.229E-03  0.000E+00  0.000E+00  0.000E+00  6.283E+00
  6.229E-03  6.249E-03  0.000E+00  0.000E+00  0.000E+00  6.283E+00
  6.249E-03  6.269E-03  0.000E+00  0.000E+00  0.000E+00  6.283E+00
  6.269E-03  6.289E-03  0.000E+00  0.000E+00  0.000E+00  6.283E+00
  6.289E-03  6.309E-03  0.000E+00  0.000E+00  0.000E+00  6.283E+00
  6.309E-03  6.329E-03  0.000E+00  0.000E+00  0.000E+00  6.283E+00
  6.329E-03  6.349E-03  0.000E+00  0.000E+00  0.000E+00  6.283E+00
  6.349E-03  6.369E-03  0.000E+00  0.000E+00  0.000E+00  6.283E+00
  6.369E-03  6.388E-03  0.000E+00  0.000E+00  0.000E+00  6.283E+00
  6.388E-03  6.408E-03  0.000E+00  0.000E+00  0.000E+00  6.283E+00
  6.408E-03  6.428E-03  0.000E+00  0.000E+00  0.000E+00  6.283E+00
  6.428E-03  6.448E-03  0.000E+00  0.000E+00  0.000E+00  6.283E+00
  6.448E-03  6.468E-03  0.000E+00  0.000E+00  0.000E+00  6.283E+00
  6.468E-03  6.488E-03  0.000E+00  0.000E+00  0.000E+00  6.283E+00
  6.488E-03  6.508E-03  0.000E+00  0.000E+00  0.000E+00  6.283E+00
  6.508E-03  6.528E-03  0.000E+00  0.000E+00  0.000E+00  6.283E+00
  6.528E-03  6.548E-03  0.000E+00  0.000E+00  0.000E+00  6.283E+00
  6.548E-03  6.568E-03  0.000E+00  0.000E+00  0.000E+00  6.283E+00
  6.568E-03  6.587E-03  0.000E+00  0.000E+00  0.000E+00  6.283E+00
  6.587E-03  6.607E-03  0.000E+00  0.000E+00  0.000E+00  6.283E+00
  6.607E-03  6.627E-03  0.000E+00  0.000E+00  0.000E+00  6.283E+00
  6.627E-03  6.647E-03  0.000E+00  0.000E+00  0.000E+00  6.283E+00
  6.647E-03  6.667E-03  0.000E+00  0.000E+00  0.000E+00  6.283E+00
  6.667E-03  6.687E-03  0.000E+00  0.000E+00  0.000E+00  6.283E+00
  6.687E-03  6.707E-03  0.000E+00  0.000E+00  0.000E+00  6.283E+00
  6.707E-03  6.727E-03  0.000E+00  0.000E+00  0.000E+00  6.283E+00
  6.727E-03  6.747E-03  0.000E+00  0.000E+00  0.000E+00  6.283E+00
  6.747E-03  6.766E-03  0.000E+00  0.000E+00  0.000E+00  6.283E+00
  6.766E-03  6.786E-03  0.000E+00  0.000E+00  0.000E+00  6.283E+00
  6.786E-03  6.806E-03  0.000E+00  0.000E+00  0.000E+00  6.283E+00
  6.806E-03  6.826E-03  0.000E+00  0.000E+00  0.000E+00  6.283E+00
  6.826E-03  6.846E-03  0.000E+00  0.000E+00  0.000E+00  6.283E+00
  6.846E-03  6.866E-03  0.000E+00  0.000E+00  0.000E+00  6.283E+00
  6.866E-03  6.886E-03  0.000E+00  0.000E+00  0.000E+00  6.283E+00
  6.886E-03  6.906E-03  0.000E+00  0.000E+00  0.000E+00  6.283E+00
  6.906E-03  6.926E-03  0.000E+00  0.000E+00  0.000E+00  6.283E+00
  6.926E-03  6.946E-03  0.000E+00  0.000E+00  0.000E+00  6.283E+00
  6.946E-03  6.965E-03  0.000E+00  0.000E+00  0.000E+00  6.283E+00
  6.965E-03  6.985E-03  0.000E+00  0.000E+00  0.000E+00  6.283E+00
  6.985E-03  7.005E-03  0.000E+00  0.000E+00  0.000E+00  6.283E+00
  7.005E-03  7.025E-03  0.000E+00  0.000E+00  0.000E+00  6.283E+00
  7.025E-03  7.045E-03  0.000E+00  0.000E+00  0.000E+00  6.283E+00
  7.045E-03  7.065E-03  0.000E+00  0.000E+00  0.000E+00  6.283E+00
  7.065E-03  7.085E-03  0.000E+00  0.000E+00  0.000E+00  6.283E+00
  7.085E-03  7.105E-03  0.000E+00  0.000E+00  0.000E+00  6.283E+00
  7.105E-03  7.125E-03  0.000E+00  0.000E+00  0.000E+00  6.283E+00
  7.125E-03  7.145E-03  0.000E+00  0.000E+00  0.000E+00  6.283E+00
  7.145E-03  7.165E-03  0.000E+00  0.000E+00  0.000E+00  6.283E+00
  7.165E-03  7.184E-03  0.000E+00  0.000E+00  0.000E+00  6.283E+00
  7.184E-03  7.204E-03  0.000E+00  0.000E+00  0.000E+00  6.283E+00
  7.204E-03  7.224E-03  0.000E+00  0.000E+00  0.000E+00  6.283E+00
  7.224E-03  7.244E-03  0.000E+00  0.000E+00  0.000E+00  6.283E+00
  7.244E-03  7.264E-03  0.000E+00  0.000E+00  0.000E+00  6.283E+00
  7.264E-03  7.284E-03  0.000E+00  0.000E+00  0.000E+00  6.283E+00
  7.284E-03  7.304E-03  0.000E+00  0.000E+00  0.000E+00  6.283E+00
  7.304E-03  7.324E-03  0.000E+00  0.000E+00  0.000E+00  6.283E+00
  7.324E-03  7.344E-03  0.000E+00  0.000E+00  0.000E+00  6.283E+00
  7.344E-03  7.364E-03  0.000E+00  0.000E+00  0.000E+00  6.283E+00
  7.364E-03  7.383E-03  0.000E+00  0.000E+00  0.000E+00  6.283E+00
  7.383E-03  7.403E-03  0.000E+00  0.000E+00  0.000E+00  6.283E+00
  7.403E-03  7.423E-03  0.000E+00  0.000E+00  0.000E+00  6.283E+00
  7.423E-03  7.443E-03  0.000E+00  0.000E+00  0.000E+00  6.283E+00
  7.443E-03  7.463E-03  0.000E+00  0.000E+00  0.000E+00  6.283E+00
  7.463E-03  7.483E-03  0.000E+00  0.000E+00  0.000E+00  6.283E+00
  7.483E-03  7.503E-03  0.000E+00  0.000E+00  0.000E+00  6.283E+00
  7.503E-03  7.523E-03  0.000E+00  0.000E+00  0.000E+00  6.283E+00
  7.523E-03  7.543E-03  0.000E+00  0.000E+00  0.000E+00  6.283E+00
  7.543E-03  7.562E-03  0.000E+00  0.000E+00  0.000E+00  6.283E+00
  7.562E-03  7.582E-03  0.000E+00  0.000E+00  0.000E+00  6.283E+00
  7.582E-03  7.602E-03  0.000E+00  0.000E+00  0.000E+00  6.283E+00
  7.602E-03  7.622E-03  0.000E+00  0.000E+00  0.000E+00  6.283E+00
  7.622E-03  7.642E-03  0.000E+00  0.000E+00  0.000E+00  6.283E+00
  7.642E-03  7.662E-03  0.000E+00  0.000E+00  0.000E+00  6.283E+00
  7.662E-03  7.682E-03  0.000E+00  0.000E+00  0.000E+00  6.283E+00
  7.682E-03  7.702E-03  0.000E+00  0.000E+00  0.000E+00  6.283E+00
  7.702E-03  7.722E-03  0.000E+00  0.000E+00  0.000E+00  6.283E+00
  7.722E-03  7.742E-03  0.000E+00  0.000E+00  0.000E+00  6.283E+00
  7.742E-03  7.761E-03  0.000E+00  0.000E+00  0.000E+00  6.283E+00
  7.761E-03  7.781E-03  0.000E+00  0.000E+00  0.000E+00  6.283E+00
  7.781E-03  7.801E-03  0.000E+00  0.000E+00  0.000E+00  6.283E+00
  7.801E-03  7.821E-03  0.000E+00  0.000E+00  0.000E+00  6.283E+00
  7.821E-03  7.841E-03  0.000E+00  0.000E+00  0.000E+00  6.283E+00
  7.841E-03  7.861E-03  0.000E+00  0.000E+00  0.000E+00  6.283E+00
  7.861E-03  7.881E-03  0.000E+00  0.000E+00  0.000E+00  6.283E+00
  7.881E-03  7.901E-03  0.000E+00  0.000E+00  0.000E+00  6.283E+00
  7.901E-03  7.921E-03  0.000E+00  0.000E+00  0.000E+00  6.283E+00
  7.921E-03  7.941E-03  0.000E+00  0.000E+00  0.000E+00  6.283E+00
  7.941E-03  7.961E-03  0.000E+00  0.000E+00  0.000E+00  6.283E+00
  7.961E-03  7.980E-03  0.000E+00  0.000E+00  0.000E+00  6.283E+00
  7.980E-03  8.000E-03  0.000E+00  0.000E+00  0.000E+00  6.283E+00
  8.000E-03  8.020E-03  0.000E+00  0.000E+00  0.000E+00  6.283E+00
  8.020E-03  8.040E-03  0.000E+00  0.000E+00  0.000E+00  6.283E+00
  8.040E-03  8.060E-03  0.000E+00  0.000E+00  0.000E+00  6.283E+00
  8.060E-03  8.080E-03  0.000E+00  0.000E+00  0.000E+00  6.283E+00
  8.080E-03  8.100E-03  0.000E+00  0.000E+00  0.000E+00  6.283E+00
  8.100E-03  8.120E-03  0.000E+00  0.000E+00  0.000E+00  6.283E+00
  8.120E-03  8.140E-03  0.000E+00  0.000E+00  0.000E+00  6.283E+00
  8.140E-03  8.159E-03  0.000E+00  0.000E+00  0.000E+00  6.283E+00
  8.159E-03  8.179E-03  0.000E+00  0.000E+00  0.000E+00  6.283E+00
  8.179E-03  8.199E-03  0.000E+00  0.000E+00  0.000E+00  6.283E+00
  8.199E-03  8.219E-03  0.000E+00  0.000E+00  0.000E+00  6.283E+00
  8.219E-03  8.239E-03  0.000E+00  0.000E+00  0.000E+00  6.283E+00
  8.239E-03  8.259E-03  0.000E+00  0.000E+00  0.000E+00  6.283E+00
  8.259E-03  8.279E-03  0.000E+00  0.000E+00  0.000E+00  6.283E+00
  8.279E-03  8.299E-03  0.000E+00  0.000E+00  0.000E+00  6.283E+00
  8.299E-03  8.319E-03  0.000E+00  0.000E+00  0.000E+00  6.283E+00
  8.319E-03  8.339E-03  0.000E+00  0.000E+00  0.000E+00  6.283E+00
  8.339E-03  8.358E-03  0.000E+00  0.000E+00  0.000E+00  6.283E+00
  8.358E-03  8.378E-03  0.000E+00  0.000E+00  0.000E+00  6.283E+00
  8.378E-03  8.398E-03  0.000E+00  0.000E+00  0.000E+00  6.283E+00
  8.398E-03  8.418E-03  0.000E+00  0.000E+00  0.000E+00  6.283E+00
  8.418E-03  8.438E-03  0.000E+00  0.000E+00  0.000E+00  6.283E+00
  8.438E-03  8.458E-03  0.000E+00  0.000E+00  0.000E+00  6.283E+00
  8.458E-03  8.478E-03  0.000E+00  0.000E+00  0.000E+00  6.283E+00
  8.478E-03  8.498E-03  0.000E+00  0.000E+00  0.000E+00  6.283E+00
  8.498E-03  8.518E-03  0.000E+00  0.000E+00  0.000E+00  6.283E+00
  8.518E-03  8.538E-03  0.000E+00  0.000E+00  0.000E+00  6.283E+00
  8.538E-03  8.558E-03  0.000E+00  0.000E+00  0.000E+00  6.283E+00
  8.558E-03  8.577E-03  0.000E+00  0.000E+00  0.000E+00  6.283E+00
  8.577E-03  8.597E-03  0.000E+00  0.000E+00  0.000E+00  6.283E+00
  8.597E-03  8.617E-03  0.000E+00  0.000E+00  0.000E+00  6.283E+00
  8.617E-03  8.637E-03  0.000E+00  0.000E+00  0.000E+00  6.283E+00
  8.637E-03  8.657E-03  0.000E+00  0.000E+00  0.000E+00  6.283E+00
  8.657E-03  8.677E-03  0.000E+00  0.000E+00  0.000E+00  6.283E+00
  8.677E-03  8.697E-03  0.000E+00  0.000E+00  0.000E+00  6.283E+00
  8.697E-03  8.717E-03  0.000E+00  0.000E+00  0.000E+00  6.283E+00
  8.717E-03  8.737E-03  0.000E+00  0.000E+00  0.000E+00  6.283E+00
  8.737E-03  8.756E-03  0.000E+00  0.000E+00  0.000E+00  6.283E+00
  8.756E-03  8.776E-03  0.000E+00  0.000E+00  0.000E+00  6.283E+00
  8.776E-03  8.796E-03  0.000E+00  0.000E+00  0.000E+00  6.283E+00
  8.796E-03  8.816E-03  0.000E+00  0.000E+00  0.000E+00  6.283E+00
  8.816E-03  8.836E-03  0.000E+00  0.000E+00  0.000E+00  6.283E+00
  8.836E-03  8.856E-03  0.000E+00  0.000E+00  0.000E+00  6.283E+00
  8.856E-03  8.876E-03  0.000E+00  0.000E+00  0.000E+00  6.283E+00
  8.876E-03  8.896E-03  0.000E+00  0.000E+00  0.000E+00  6.283E+00
  8.896E-03  8.916E-03  0.000E+00  0.000E+00  0.000E+00  6.283E+00
  8.916E-03  8.936E-03  0.000E+00  0.000E+00  0.000E+00  6.283E+00
  8.936E-03  8.956E-03  0.000E+00  0.000E+00  0.000E+00  6.283E+00
  8.956E-03  8.975E-03  0.000E+00  0.000E+00  0.000E+00  6.283E+00
  8.975E-03  8.995E-03  0.000E+00  0.000E+00  0.000E+00  6.283E+00
  8.995E-03  9.015E-03  0.000E+00  0.000E+00  0.000E+00  6.283E+00
  9.015E-03  9.035E-03  0.000E+00  0.000E+00  0.000E+00  6.283E+00
  9.035E-03  9.055E-03  0.000E+00  0.000E+00  0.000E+00  6.283E+00
  9.055E-03  9.075E-03  0.000E+00  0.000E+00  0.000E+00  6.283E+00
  9.075E-03  9.095E-03  0.000E+00  0.000E+00  0.000E+00  6.283E+00
  9.095E-03  9.115E-03  0.000E+00  0.000E+00  0.000E+00  6.283E+00
  9.115E-03  9.135E-03  0.000E+00  0.000E+00  0.000E+00  6.283E+00
  9.135E-03  9.155E-03  0.000E+00  0.000E+00  0.000E+00  6.283E+00
  9.155E-03  9.174E-03  0.000E+00  0.000E+00  0.000E+00  6.283E+00
  9.174E-03  9.194E-03  0.000E+00  0.000E+00  0.000E+00  6.283E+00
  9.194E-03  9.214E-03  0.000E+00  0.000E+00  0.000E+00  6.283E+00
  9.214E-03  9.234E-03  0.000E+00  0.000E+00  0.000E+00  6.283E+00
  9.234E-03  9.254E-03  0.000E+00  0.000E+00  0.000E+00  6.283E+00
  9.254E-03  9.274E-03  0.000E+00  0.000E+00  0.000E+00  6.283E+00
  9.274E-03  9.294E-03  0.000E+00  0.000E+00  0.000E+00  6.283E+00
  9.294E-03  9.314E-03  0.000E+00  0.000E+00  0.000E+00  6.283E+00
  9.314E-03  9.334E-03  0.000E+00  0.000E+00  0.000E+00  6.283E+00
  9.334E-03  9.353E-03  0.000E+00  0.000E+00  0.000E+00  6.283E+00
  9.353E-03  9.373E-03  0.000E+00  0.000E+00  0.000E+00  6.283E+00
  9.373E-03  9.393E-03  0.000E+00  0.000E+00  0.000E+00  6.283E+00
  9.393E-03  9.413E-03  0.000E+00  0.000E+00  0.000E+00  6.283E+00
  9.413E-03  9.433E-03  0.000E+00  0.000E+00  0.000E+00  6.283E+00
  9.433E-03  9.453E-03  0.000E+00  0.000E+00  0.000E+00  6.283E+00
  9.453E-03  9.473E-03  0.000E+00  0.000E+00  0.000E+00  6.283E+00
  9.473E-03  9.493E-03  0.000E+00  0.000E+00  0.000E+00  6.283E+00
  9.493E-03  9.513E-03  0.000E+00  0.000E+00  0.000E+00  6.283E+00
  9.513E-03  9.533E-03  0.000E+00  0.000E+00  0.000E+00  6.283E+00
  9.533E-03  9.553E-03  0.000E+00  0.000E+00  0.000E+00  6.283E+00
  9.553E-03  9.572E-03  0.000E+00  0.000E+00  0.000E+00  6.283E+00
  9.572E-03  9.592E-03  0.000E+00  0.000E+00  0.000E+00  6.283E+00
  9.592E-03  9.612E-03  0.000E+00  0.000E+00  0.000E+00  6.283E+00
  9.612E-03  9.632E-03  0.000E+00  0.000E+00  0.000E+00  6.283E+00
  9.632E-03  9.652E-03  0.000E+00  0.000E+00  0.000E+00  6.283E+00
  9.652E-03  9.672E-03  0.000E+00  0.000E+00  0.000E+00  6.283E+00
  9.672E-03  9.692E-03  0.000E+00  0.000E+00  0.000E+00  6.283E+00
  9.692E-03  9.712E-03  0.000E+00  0.000E+00  0.000E+00  6.283E+00
  9.712E-03  9.732E-03  0.000E+00  0.000E+00  0.000E+00  6.283E+00
  9.732E-03  9.752E-03  0.000E+00  0.000E+00  0.000E+00  6.283E+00
  9.752E-03  9.771E-03  0.000E+00  0.000E+00  0.000E+00  6.283E+00
  9.771E-03  9.791E-03  0.000E+00  0.000E+00  0.000E+00  6.283E+00
  9.791E-03  9.811E-03  0.000E+00  0.000E+00  0.000E+00  6.283E+00
  9.811E-03  9.831E-03  0.000E+00  0.000E+00  0.000E+00  6.283E+00
  9.831E-03  9.851E-03  0.000E+00  0.000E+00  0.000E+00  6.283E+00
  9.851E-03  9.871E-03  0.000E+00  0.000E+00  0.000E+00  6.283E+00
  9.871E-03  9.891E-03  0.000E+00  0.000E+00  0.000E+00  6.283E+00
  9.891E-03  9.911E-03  0.000E+00  0.000E+00  0.000E+00  6.283E+00
  9.911E-03  9.931E-03  0.000E+00  0.000E+00  0.000E+00  6.283E+00
  9.931E-03  9.950E-03  0.000E+00  0.000E+00  0.000E+00  6.283E+00
  9.950E-03  9.970E-03  0.000E+00  0.000E+00  0.000E+00  6.283E+00
  9.970E-03  9.990E-03  0.000E+00  0.000E+00  0.000E+00  6.283E+00
  9.990E-03  1.001E-02  0.000E+00  0.000E+00  0.000E+00  6.283E+00
  1.001E-02  1.003E-02  0.000E+00  0.000E+00  0.000E+00  6.283E+00
  1.003E-02  1.005E-02  0.000E+00  0.000E+00  0.000E+00  6.283E+00
  1.005E-02  1.007E-02  0.000E+00  0.000E+00  0.000E+00  6.283E+00
  1.007E-02  1.009E-02  0.000E+00  0.000E+00  0.000E+00  6.283E+00
  1.009E-02  1.011E-02  0.000E+00  0.000E+00  0.000E+00  6.283E+00
  1.011E-02  1.013E-02  0.000E+00  0.000E+00  0.000E+00  6.283E+00
  1.013E-02  1.015E-02  0.000E+00  0.000E+00  0.000E+00  6.283E+00
  1.015E-02  1.017E-02  0.000E+00  0.000E+00  0.000E+00  6.283E+00
  1.017E-02  1.019E-02  0.000E+00  0.000E+00  0.000E+00  6.283E+00
  1.019E-02  1.021E-02  0.000E+00  0.000E+00  0.000E+00  6.283E+00
  1.021E-02  1.023E-02  0.000E+00  0.000E+00  0.000E+00  6.283E+00
  1.023E-02  1.025E-02  0.000E+00  0.000E+00  0.000E+00  6.283E+00
  1.025E-02  1.027E-02  0.000E+00  0.000E+00  0.000E+00  6.283E+00
  1.027E-02  1.029E-02  0.000E+00  0.000E+00  0.000E+00  6.283E+00
  1.029E-02  1.031E-02  0.000E+00  0.000E+00  0.000E+00  6.283E+00
  1.031E-02  1.033E-02  0.000E+00  0.000E+00  0.000E+00  6.283E+00
  1.033E-02  1.035E-02  0.000E+00  0.000E+00  0.000E+00  6.283E+00
  1.035E-02  1.037E-02  0.000E+00  0.000E+00  0.000E+00  6.283E+00
  1.037E-02  1.039E-02  0.000E+00  0.000E+00  0.000E+00  6.283E+00
  1.039E-02  1.041E-02  0.000E+00  0.000E+00  0.000E+00  6.283E+00
  1.041E-02  1.043E-02  0.000E+00  0.000E+00  0.000E+00  6.283E+00
  1.043E-02  1.045E-02  0.000E+00  0.000E+00  0.000E+00  6.283E+00
  1.045E-02  1.047E-02  0.000E+00  0.000E+00  0.000E+00  6.283E+00
  1.047E-02  1.049E-02  0.000E+00  0.000E+00  0.000E+00  6.283E+00
  1.049E-02  1.051E-02  0.000E+00  0.000E+00  0.000E+00  6.283E+00
  1.051E-02  1.053E-02  0.000E+00  0.000E+00  0.000E+00  6.283E+00
  1.053E-02  1.055E-02  0.000E+00  0.000E+00  0.000E+00  6.283E+00
  1.055E-02  1.057E-02  0.000E+00  0.000E+00  0.000E+00  6.283E+00
  1.057E-02  1.059E-02  0.000E+00  0.000E+00  0.000E+00  6.283E+00
  1.059E-02  1.061E-02  0.000E+00  0.000E+00  0.000E+00  6.283E+00
  1.061E-02  1.063E-02  0.000E+00  0.000E+00  0.000E+00  6.283E+00
  1.063E-02  1.065E-02  0.000E+00  0.000E+00  0.000E+00  6.283E+00
  1.065E-02  1.067E-02  0.000E+00  0.000E+00  0.000E+00  6.283E+00
  1.067E-02  1.069E-02  0.000E+00  0.000E+00  0.000E+00  6.283E+00
  1.069E-02  1.071E-02  0.000E+00  0.000E+00  0.000E+00  6.283E+00
  1.071E-02  1.073E-02  0.000E+00  0.000E+00  0.000E+00  6.283E+00
  1.073E-02  1.075E-02  0.000E+00  0.000E+00  0.000E+00  6.283E+00
  1.075E-02  1.077E-02  0.000E+00  0.000E+00  0.000E+00  6.283E+00
  1.077E-02  1.079E-02  0.000E+00  0.000E+00  0.000E+00  6.283E+00
  1.079E-02  1.081E-02  0.000E+00  0.000E+00  0.000E+00  6.283E+00
  1.081E-02  1.083E-02  0.000E+00  0.000E+00  0.000E+00  6.283E+00
  1.083E-02  1.085E-02  0.000E+00  0.000E+00  0.000E+00  6.283E+00
  1.085E-02  1.087E-02  0.000E+00  0.000E+00  0.000E+00  6.283E+00
  1.087E-02  1.089E-02  0.000E+00  0.000E+00  0.000E+00  6.283E+00
  1.089E-02  1.091E-02  0.000E+00  0.000E+00  0.000E+00  6.283E+00
  1.091E-02  1.093E-02  0.000E+00  0.000E+00  0.000E+00  6.283E+00
  1.093E-02  1.095E-02  0.000E+00  0.000E+00  0.000E+00  6.283E+00
  1.095E-02  1.097E-02  0.000E+00  0.000E+00  0.000E+00  6.283E+00
  1.097E-02  1.099E-02  0.000E+00  0.000E+00  0.000E+00  6.283E+00
  1.099E-02  1.101E-02  0.000E+00  0.000E+00  0.000E+00  6.283E+00
  1.101E-02  1.103E-02  0.000E+00  0.000E+00  0.000E+00  6.283E+00
  1.103E-02  1.105E-02  0.000E+00  0.000E+00  0.000E+00  6.283E+00
  1.105E-02  1.106E-02  0.000E+00  0.000E+00  0.000E+00  6.283E+00
  1.106E-02  1.108E-02  0.000E+00  0.000E+00  0.000E+00  6.283E+00
  1.108E-02  1.110E-02  0.000E+00  0.000E+00  0.000E+00  6.283E+00
  1.110E-02  1.112E-02  0.000E+00  0.000E+00  0.000E+00  6.283E+00
  1.112E-02  1.114E-02  0.000E+00  0.000E+00  0.000E+00  6.283E+00
  1.114E-02  1.116E-02  0.000E+00  0.000E+00  0.000E+00  6.283E+00
  1.116E-02  1.118E-02  0.000E+00  0.000E+00  0.000E+00  6.283E+00
  1.118E-02  1.120E-02  0.000E+00  0.000E+00  0.000E+00  6.283E+00
  1.120E-02  1.122E-02  0.000E+00  0.000E+00  0.000E+00  6.283E+00
  1.122E-02  1.124E-02  0.000E+00  0.000E+00  0.000E+00  6.283E+00
  1.124E-02  1.126E-02  0.000E+00  0.000E+00  0.000E+00  6.283E+00
  1.126E-02  1.128E-02  0.000E+00  0.000E+00  0.000E+00  6.283E+00
  1.128E-02  1.130E-02  0.000E+00  0.000E+00  0.000E+00  6.283E+00
  1.130E-02  1.132E-02  0.000E+00  0.000E+00  0.000E+00  6.283E+00
  1.132E-02  1.134E-02  0.000E+00  0.000E+00  0.000E+00  6.283E+00
  1.134E-02  1.136E-02  0.000E+00  0.000E+00  0.000E+00  6.283E+00
  1.136E-02  1.138E-02  0.000E+00  0.000E+00  0.000E+00  6.283E+00
  1.138E-02  1.140E-02  0.000E+00  0.000E+00  0.000E+00  6.283E+00
  1.140E-02  1.142E-02  0.000E+00  0.000E+00  0.000E+00  6.283E+00
  1.142E-02  1.144E-02  0.000E+00  0.000E+00  0.000E+00  6.283E+00
  1.144E-02  1.146E-02  0.000E+00  0.000E+00  0.000E+00  6.283E+00
  1.146E-02  1.148E-02  0.000E+00  0.000E+00  0.000E+00  6.283E+00
  1.148E-02  1.150E-02  0.000E+00  0.000E+00  0.000E+00  6.283E+00
  1.150E-02  1.152E-02  0.000E+00  0.000E+00  0.000E+00  6.283E+00
  1.152E-02  1.154E-02  0.000E+00  0.000E+00  0.000E+00  6.283E+00
  1.154E-02  1.156E-02  0.000E+00  0.000E+00  0.000E+00  6.283E+00
  1.156E-02  1.158E-02  0.000E+00  0.000E+00  0.000E+00  6.283E+00
  1.158E-02  1.160E-02  0.000E+00  0.000E+00  0.000E+00  6.283E+00
  1.160E-02  1.162E-02  0.000E+00  0.000E+00  0.000E+00  6.283E+00
  1.162E-02  1.164E-02  0.000E+00  0.000E+00  0.000E+00  6.283E+00
  1.164E-02  1.166E-02  0.000E+00  0.000E+00  0.000E+00  6.283E+00
  1.166E-02  1.168E-02  0.000E+00  0.000E+00  0.000E+00  6.283E+00
  1.168E-02  1.170E-02  0.000E+00  0.000E+00  0.000E+00  6.283E+00
  1.170E-02  1.172E-02  0.000E+00  0.000E+00  0.000E+00  6.283E+00
  1.172E-02  1.174E-02  0.000E+00  0.000E+00  0.000E+00  6.283E+00
  1.174E-02  1.176E-02  0.000E+00  0.000E+00  0.000E+00  6.283E+00
  1.176E-02  1.178E-02  0.000E+00  0.000E+00  0.000E+00  6.283E+00
  1.178E-02  1.180E-02  0.000E+00  0.000E+00  0.000E+00  6.283E+00
  1.180E-02  1.182E-02  0.000E+00  0.000E+00  0.000E+00  6.283E+00
  1.182E-02  1.184E-02  0.000E+00  0.000E+00  0.000E+00  6.283E+00
  1.184E-02  1.186E-02  0.000E+00  0.000E+00  0.000E+00  6.283E+00
  1.186E-02  1.188E-02  0.000E+00  0.000E+00  0.000E+00  6.283E+00
  1.188E-02  1.190E-02  0.000E+00  0.000E+00  0.000E+00  6.283E+00
  1.190E-02  1.192E-02  0.000E+00  0.000E+00  0.000E+00  6.283E+00
  1.192E-02  1.194E-02  0.000E+00  0.000E+00  0.000E+00  6.283E+00
  1.194E-02  1.196E-02  0.000E+00  0.000E+00  0.000E+00  6.283E+00
  1.196E-02  1.198E-02  0.000E+00  0.000E+00  0.000E+00  6.283E+00
  1.198E-02  1.200E-02  0.000E+00  0.000E+00  0.000E+00  6.283E+00
  1.200E-02  1.202E-02  0.000E+00  0.000E+00  0.000E+00  6.283E+00
  1.202E-02  1.204E-02  0.000E+00  0.000E+00  0.000E+00  6.283E+00
  1.204E-02  1.206E-02  0.000E+00  0.000E+00  0.000E+00  6.283E+00
  1.206E-02  1.208E-02  0.000E+00  0.000E+00  0.000E+00  6.283E+00
  1.208E-02  1.210E-02  0.000E+00  0.000E+00  0.000E+00  6.283E+00
  1.210E-02  1.212E-02  0.000E+00  0.000E+00  0.000E+00  6.283E+00
  1.212E-02  1.214E-02  0.000E+00  0.000E+00  0.000E+00  6.283E+00
  1.214E-02  1.216E-02  0.000E+00  0.000E+00  0.000E+00  6.283E+00
  1.216E-02  1.218E-02  0.000E+00  0.000E+00  0.000E+00  6.283E+00
  1.218E-02  1.220E-02  0.000E+00  0.000E+00  0.000E+00  6.283E+00
  1.220E-02  1.222E-02  0.000E+00  0.000E+00  0.000E+00  6.283E+00
  1.222E-02  1.224E-02  0.000E+00  0.000E+00  0.000E+00  6.283E+00
  1.224E-02  1.226E-02  0.000E+00  0.000E+00  0.000E+00  6.283E+00
  1.226E-02  1.228E-02  0.000E+00  0.000E+00  0.000E+00  6.283E+00
  1.228E-02  1.230E-02  0.000E+00  0.000E+00  0.000E+00  6.283E+00
  1.230E-02  1.232E-02  0.000E+00  0.000E+00  0.000E+00  6.283E+00
  1.232E-02  1.234E-02  0.000E+00  0.000E+00  0.000E+00  6.283E+00
  1.234E-02  1.236E-02  0.000E+00  0.000E+00  0.000E+00  6.283E+00
  1.236E-02  1.238E-02  0.000E+00  0.000E+00  0.000E+00  6.283E+00
  1.238E-02  1.240E-02  0.000E+00  0.000E+00  0.000E+00  6.283E+00
  1.240E-02  1.242E-02  0.000E+00  0.000E+00  0.000E+00  6.283E+00
  1.242E-02  1.244E-02  0.000E+00  0.000E+00  0.000E+00  6.283E+00
  1.244E-02  1.246E-02  0.000E+00  0.000E+00  0.000E+00  6.283E+00
  1.246E-02  1.248E-02  0.000E+00  0.000E+00  0.000E+00  6.283E+00
  1.248E-02  1.250E-02  0.000E+00  0.000E+00  0.000E+00  6.283E+00
  1.250E-02  1.252E-02  0.000E+00  0.000E+00  0.000E+00  6.283E+00
  1.252E-02  1.254E-02  0.000E+00  0.000E+00  0.000E+00  6.283E+00
  1.254E-02  1.256E-02  0.000E+00  0.000E+00  0.000E+00  6.283E+00
  1.256E-02  1.258E-02  0.000E+00  0.000E+00  0.000E+00  6.283E+00
  1.258E-02  1.260E-02  0.000E+00  0.000E+00  0.000E+00  6.283E+00
  1.260E-02  1.262E-02  0.000E+00  0.000E+00  0.000E+00  6.283E+00
  1.262E-02  1.264E-02  0.000E+00  0.000E+00  0.000E+00  6.283E+00
  1.264E-02  1.266E-02  0.000E+00  0.000E+00  0.000E+00  6.283E+00
  1.266E-02  1.268E-02  0.000E+00  0.000E+00  0.000E+00  6.283E+00
  1.268E-02  1.270E-02  0.000E+00  0.000E+00  0.000E+00  6.283E+00
  1.270E-02  1.272E-02  0.000E+00  0.000E+00  0.000E+00  6.283E+00
  1.272E-02  1.274E-02  0.000E+00  0.000E+00  0.000E+00  6.283E+00
  1.274E-02  1.276E-02  0.000E+00  0.000E+00  0.000E+00  6.283E+00
  1.276E-02  1.278E-02  0.000E+00  0.000E+00  0.000E+00  6.283E+00
  1.278E-02  1.280E-02  0.000E+00  0.000E+00  0.000E+00  6.283E+00
  1.280E-02  1.282E-02  0.000E+00  0.000E+00  0.000E+00  6.283E+00
  1.282E-02  1.284E-02  0.000E+00  0.000E+00  0.000E+00  6.283E+00
  1.284E-02  1.286E-02  0.000E+00  0.000E+00  0.000E+00  6.283E+00
  1.286E-02  1.288E-02  0.000E+00  0.000E+00  0.000E+00  6.283E+00
  1.288E-02  1.290E-02  0.000E+00  0.000E+00  0.000E+00  6.283E+00
  1.290E-02  1.292E-02  0.000E+00  0.000E+00  0.000E+00  6.283E+00
  1.292E-02  1.294E-02  0.000E+00  0.000E+00  0.000E+00  6.283E+00
  1.294E-02  1.296E-02  0.000E+00  0.000E+00  0.000E+00  6.283E+00
  1.296E-02  1.298E-02  0.000E+00  0.000E+00  0.000E+00  6.283E+00
  1.298E-02  1.300E-02  0.000E+00  0.000E+00  0.000E+00  6.283E+00
  1.300E-02  1.302E-02  0.000E+00  0.000E+00  0.000E+00  6.283E+00
  1.302E-02  1.304E-02  0.000E+00  0.000E+00  0.000E+00  6.283E+00
  1.304E-02  1.305E-02  0.000E+00  0.000E+00  0.000E+00  6.283E+00
  1.305E-02  1.307E-02  0.000E+00  0.000E+00  0.000E+00  6.283E+00
  1.307E-02  1.309E-02  0.000E+00  0.000E+00  0.000E+00  6.283E+00
  1.309E-02  1.311E-02  0.000E+00  0.000E+00  0.000E+00  6.283E+00
  1.311E-02  1.313E-02  0.000E+00  0.000E+00  0.000E+00  6.283E+00
  1.313E-02  1.315E-02  0.000E+00  0.000E+00  0.000E+00  6.283E+00
  1.315E-02  1.317E-02  0.000E+00  0.000E+00  0.000E+00  6.283E+00
  1.317E-02  1.319E-02  0.000E+00  0.000E+00  0.000E+00  6.283E+00
  1.319E-02  1.321E-02  0.000E+00  0.000E+00  0.000E+00  6.283E+00
  1.321E-02  1.323E-02  0.000E+00  0.000E+00  0.000E+00  6.283E+00
  1.323E-02  1.325E-02  0.000E+00  0.000E+00  0.000E+00  6.283E+00
  1.325E-02  1.327E-02  0.000E+00  0.000E+00  0.000E+00  6.283E+00
  1.327E-02  1.329E-02  0.000E+00  0.000E+00  0.000E+00  6.283E+00
  1.329E-02  1.331E-02  0.000E+00  0.000E+00  0.000E+00  6.283E+00
  1.331E-02  1.333E-02  0.000E+00  0.000E+00  0.000E+00  6.283E+00
  1.333E-02  1.335E-02  0.000E+00  0.000E+00  0.000E+00  6.283E+00
  1.335E-02  1.337E-02  0.000E+00  0.000E+00  0.000E+00  6.283E+00
  1.337E-02  1.339E-02  0.000E+00  0.000E+00  0.000E+00  6.283E+00
  1.339E-02  1.341E-02  0.000E+00  0.000E+00  0.000E+00  6.283E+00
  1.341E-02  1.343E-02  0.000E+00  0.000E+00  0.000E+00  6.283E+00
  1.343E-02  1.345E-02  0.000E+00  0.000E+00  0.000E+00  6.283E+00
  1.345E-02  1.347E-02  0.000E+00  0.000E+00  0.000E+00  6.283E+00
  1.347E-02  1.349E-02  0.000E+00  0.000E+00  0.000E+00  6.283E+00
  1.349E-02  1.351E-02  0.000E+00  0.000E+00  0.000E+00  6.283E+00
  1.351E-02  1.353E-02  0.000E+00  0.000E+00  0.000E+00  6.283E+00
  1.353E-02  1.355E-02  0.000E+00  0.000E+00  0.000E+00  6.283E+00
  1.355E-02  1.357E-02  0.000E+00  0.000E+00  0.000E+00  6.283E+00
  1.357E-02  1.359E-02  0.000E+00  0.000E+00  0.000E+00  6.283E+00
  1.359E-02  1.361E-02  0.000E+00  0.000E+00  0.000E+00  6.283E+00
  1.361E-02  1.363E-02  0.000E+00  0.000E+00  0.000E+00  6.283E+00
  1.363E-02  1.365E-02  0.000E+00  0.000E+00  0.000E+00  6.283E+00
  1.365E-02  1.367E-02  0.000E+00  0.000E+00  0.000E+00  6.283E+00
  1.367E-02  1.369E-02  0.000E+00  0.000E+00  0.000E+00  6.283E+00
  1.369E-02  1.371E-02  0.000E+00  0.000E+00  0.000E+00  6.283E+00
  1.371E-02  1.373E-02  0.000E+00  0.000E+00  0.000E+00  6.283E+00
  1.373E-02  1.375E-02  0.000E+00  0.000E+00  0.000E+00  6.283E+00
  1.375E-02  1.377E-02  0.000E+00  0.000E+00  0.000E+00  6.283E+00
  1.377E-02  1.379E-02  0.000E+00  0.000E+00  0.000E+00  6.283E+00
  1.379E-02  1.381E-02  0.000E+00  0.000E+00  0.000E+00  6.283E+00
  1.381E-02  1.383E-02  0.000E+00  0.000E+00  0.000E+00  6.283E+00
  1.383E-02  1.385E-02  0.000E+00  0.000E+00  0.000E+00  6.283E+00
  1.385E-02  1.387E-02  0.000E+00  0.000E+00  0.000E+00  6.283E+00
  1.387E-02  1.389E-02  0.000E+00  0.000E+00  0.000E+00  6.283E+00
  1.389E-02  1.391E-02  0.000E+00  0.000E+00  0.000E+00  6.283E+00
  1.391E-02  1.393E-02  0.000E+00  0.000E+00  0.000E+00  6.283E+00
  1.393E-02  1.395E-02  0.000E+00  0.000E+00  0.000E+00  6.283E+00
  1.395E-02  1.397E-02  5.777E+01  9.900E+01  0.000E+00  6.283E+00
  1.397E-02  1.399E-02  0.000E+00  0.000E+00  0.000E+00  6.283E+00
  1.399E-02  1.401E-02  0.000E+00  0.000E+00  0.000E+00  6.283E+00
  1.401E-02  1.403E-02  0.000E+00  0.000E+00  0.000E+00  6.283E+00
  1.403E-02  1.405E-02  0.000E+00  0.000E+00  0.000E+00  6.283E+00
  1.405E-02  1.407E-02  0.000E+00  0.000E+00  0.000E+00  6.283E+00
  1.407E-02  1.409E-02  0.000E+00  0.000E+00  0.000E+00  6.283E+00
  1.409E-02  1.411E-02  0.000E+00  0.000E+00  0.000E+00  6.283E+00
  1.411E-02  1.413E-02  0.000E+00  0.000E+00  0.000E+00  6.283E+00
  1.413E-02  1.415E-02  0.000E+00  0.000E+00  0.000E+00  6.283E+00
  1.415E-02  1.417E-02  0.000E+00  0.000E+00  0.000E+00  6.283E+00
  1.417E-02  1.419E-02  0.000E+00  0.000E+00  0.000E+00  6.283E+00
  1.419E-02  1.421E-02  0.000E+00  0.000E+00  0.000E+00  6.283E+00
  1.421E-02  1.423E-02  0.000E+00  0.000E+00  0.000E+00  6.283E+00
  1.423E-02  1.425E-02  0.000E+00  0.000E+00  0.000E+00  6.283E+00
  1.425E-02  1.427E-02  0.000E+00  0.000E+00  0.000E+00  6.283E+00
  1.427E-02  1.429E-02  0.000E+00  0.000E+00  0.000E+00  6.283E+00
  1.429E-02  1.431E-02  0.000E+00  0.000E+00  0.000E+00  6.283E+00
  1.431E-02  1.433E-02  0.000E+00  0.000E+00  0.000E+00  6.283E+00
  1.433E-02  1.435E-02  0.000E+00  0.000E+00  0.000E+00  6.283E+00
  1.435E-02  1.437E-02  0.000E+00  0.000E+00  0.000E+00  6.283E+00
  1.437E-02  1.439E-02  0.000E+00  0.000E+00  0.000E+00  6.283E+00
  1.439E-02  1.441E-02  0.000E+00  0.000E+00  0.000E+00  6.283E+00
  1.441E-02  1.443E-02  0.000E+00  0.000E+00  0.000E+00  6.283E+00
  1.443E-02  1.445E-02  0.000E+00  0.000E+00  0.000E+00  6.283E+00
  1.445E-02  1.447E-02  0.000E+00  0.000E+00  0.000E+00  6.283E+00
  1.447E-02  1.449E-02  0.000E+00  0.000E+00  0.000E+00  6.283E+00
  1.449E-02  1.451E-02  0.000E+00  0.000E+00  0.000E+00  6.283E+00
  1.451E-02  1.453E-02  0.000E+00  0.000E+00  0.000E+00  6.283E+00
  1.453E-02  1.455E-02  0.000E+00  0.000E+00  0.000E+00  6.283E+00
  1.455E-02  1.457E-02  0.000E+00  0.000E+00  0.000E+00  6.283E+00
  1.457E-02  1.459E-02  0.000E+00  0.000E+00  0.000E+00  6.283E+00
  1.459E-02  1.461E-02  0.000E+00  0.000E+00  0.000E+00  6.283E+00
  1.461E-02  1.463E-02  0.000E+00  0.000E+00  0.000E+00  6.283E+00
  1.463E-02  1.465E-02  0.000E+00  0.000E+00  0.000E+00  6.283E+00
  1.465E-02  1.467E-02  0.000E+00  0.000E+00  0.000E+00  6.283E+00
  1.467E-02  1.469E-02  0.000E+00  0.000E+00  0.000E+00  6.283E+00
  1.469E-02  1.471E-02  0.000E+00  0.000E+00  0.000E+00  6.283E+00
  1.471E-02  1.473E-02  0.000E+00  0.000E+00  0.000E+00  6.283E+00
  1.473E-02  1.475E-02  0.000E+00  0.000E+00  0.000E+00  6.283E+00
  1.475E-02  1.477E-02  0.000E+00  0.000E+00  0.000E+00  6.283E+00
  1.477E-02  1.479E-02  0.000E+00  0.000E+00  0.000E+00  6.283E+00
  1.479E-02  1.481E-02  0.000E+00  0.000E+00  0.000E+00  6.283E+00
  1.481E-02  1.483E-02  0.000E+00  0.000E+00  0.000E+00  6.283E+00
  1.483E-02  1.485E-02  0.000E+00  0.000E+00  0.000E+00  6.283E+00
  1.485E-02  1.487E-02  0.000E+00  0.000E+00  0.000E+00  6.283E+00
  1.487E-02  1.489E-02  0.000E+00  0.000E+00  0.000E+00  6.283E+00
  1.489E-02  1.491E-02  0.000E+00  0.000E+00  0.000E+00  6.283E+00
  1.491E-02  1.493E-02  0.000E+00  0.000E+00  0.000E+00  6.283E+00
  1.493E-02  1.495E-02  0.000E+00  0.000E+00  0.000E+00  6.283E+00
  1.495E-02  1.497E-02  0.000E+00  0.000E+00  0.000E+00  6.283E+00
  1.497E-02  1.499E-02  0.000E+00  0.000E+00  0.000E+00  6.283E+00
  1.499E-02  1.501E-02  0.000E+00  0.000E+00  0.000E+00  6.283E+00
  1.501E-02  1.503E-02  0.000E+00  0.000E+00  0.000E+00  6.283E+00
  1.503E-02  1.504E-02  0.000E+00  0.000E+00  0.000E+00  6.283E+00
  1.504E-02  1.506E-02  0.000E+00  0.000E+00  0.000E+00  6.283E+00
  1.506E-02  1.508E-02  0.000E+00  0.000E+00  0.000E+00  6.283E+00
  1.508E-02  1.510E-02  0.000E+00  0.000E+00  0.000E+00  6.283E+00
  1.510E-02  1.512E-02  0.000E+00  0.000E+00  0.000E+00  6.283E+00
  1.512E-02  1.514E-02  0.000E+00  0.000E+00  0.000E+00  6.283E+00
  1.514E-02  1.516E-02  0.000E+00  0.000E+00  0.000E+00  6.283E+00
  1.516E-02  1.518E-02  0.000E+00  0.000E+00  0.000E+00  6.283E+00
  1.518E-02  1.520E-02  0.000E+00  0.000E+00  0.000E+00  6.283E+00
  1.520E-02  1.522E-02  0.000E+00  0.000E+00  0.000E+00  6.283E+00
  1.522E-02  1.524E-02  0.000E+00  0.000E+00  0.000E+00  6.283E+00
  1.524E-02  1.526E-02  0.000E+00  0.000E+00  0.000E+00  6.283E+00
  1.526E-02  1.528E-02  0.000E+00  0.000E+00  0.000E+00  6.283E+00
  1.528E-02  1.530E-02  0.000E+00  0.000E+00  0.000E+00  6.283E+00
  1.530E-02  1.532E-02  0.000E+00  0.000E+00  0.000E+00  6.283E+00
  1.532E-02  1.534E-02  0.000E+00  0.000E+00  0.000E+00  6.283E+00
  1.534E-02  1.536E-02  0.000E+00  0.000E+00  0.000E+00  6.283E+00
  1.536E-02  1.538E-02  0.000E+00  0.000E+00  0.000E+00  6.283E+00
  1.538E-02  1.540E-02  0.000E+00  0.000E+00  0.000E+00  6.283E+00
  1.540E-02  1.542E-02  0.000E+00  0.000E+00  0.000E+00  6.283E+00
  1.542E-02  1.544E-02  0.000E+00  0.000E+00  0.000E+00  6.283E+00
  1.544E-02  1.546E-02  0.000E+00  0.000E+00  0.000E+00  6.283E+00
  1.546E-02  1.548E-02  0.000E+00  0.000E+00  0.000E+00  6.283E+00
  1.548E-02  1.550E-02  0.000E+00  0.000E+00  0.000E+00  6.283E+00
  1.550E-02  1.552E-02  0.000E+00  0.000E+00  0.000E+00  6.283E+00
  1.552E-02  1.554E-02  0.000E+00  0.000E+00  0.000E+00  6.283E+00
  1.554E-02  1.556E-02  0.000E+00  0.000E+00  0.000E+00  6.283E+00
  1.556E-02  1.558E-02  0.000E+00  0.000E+00  0.000E+00  6.283E+00
  1.558E-02  1.560E-02  0.000E+00  0.000E+00  0.000E+00  6.283E+00
  1.560E-02  1.562E-02  0.000E+00  0.000E+00  0.000E+00  6.283E+00
  1.562E-02  1.564E-02  0.000E+00  0.000E+00  0.000E+00  6.283E+00
  1.564E-02  1.566E-02  0.000E+00  0.000E+00  0.000E+00  6.283E+00
  1.566E-02  1.568E-02  0.000E+00  0.000E+00  0.000E+00  6.283E+00
  1.568E-02  1.570E-02  0.000E+00  0.000E+00  0.000E+00  6.283E+00
  1.570E-02  1.572E-02  0.000E+00  0.000E+00  0.000E+00  6.283E+00
  1.572E-02  1.574E-02  0.000E+00  0.000E+00  0.000E+00  6.283E+00
  1.574E-02  1.576E-02  0.000E+00  0.000E+00  0.000E+00  6.283E+00
  1.576E-02  1.578E-02  0.000E+00  0.000E+00  0.000E+00  6.283E+00
  1.578E-02  1.580E-02  0.000E+00  0.000E+00  0.000E+00  6.283E+00
  1.580E-02  1.582E-02  0.000E+00  0.000E+00  0.000E+00  6.283E+00
  1.582E-02  1.584E-02  0.000E+00  0.000E+00  0.000E+00  6.283E+00
  1.584E-02  1.586E-02  0.000E+00  0.000E+00  0.000E+00  6.283E+00
  1.586E-02  1.588E-02  0.000E+00  0.000E+00  0.000E+00  6.283E+00
  1.588E-02  1.590E-02  0.000E+00  0.000E+00  0.000E+00  6.283E+00
  1.590E-02  1.592E-02  0.000E+00  0.000E+00  0.000E+00  6.283E+00
  1.592E-02  1.594E-02  0.000E+00  0.000E+00  0.000E+00  6.283E+00
  1.594E-02  1.596E-02  0.000E+00  0.000E+00  0.000E+00  6.283E+00
  1.596E-02  1.598E-02  0.000E+00  0.000E+00  0.000E+00  6.283E+00
  1.598E-02  1.600E-02  0.000E+00  0.000E+00  0.000E+00  6.283E+00
  1.600E-02  1.602E-02  0.000E+00  0.000E+00  0.000E+00  6.283E+00
  1.602E-02  1.604E-02  0.000E+00  0.000E+00  0.000E+00  6.283E+00
  1.604E-02  1.606E-02  0.000E+00  0.000E+00  0.000E+00  6.283E+00
  1.606E-02  1.608E-02  0.000E+00  0.000E+00  0.000E+00  6.283E+00
  1.608E-02  1.610E-02  0.000E+00  0.000E+00  0.000E+00  6.283E+00
  1.610E-02  1.612E-02  0.000E+00  0.000E+00  0.000E+00  6.283E+00
  1.612E-02  1.614E-02  0.000E+00  0.000E+00  0.000E+00  6.283E+00
  1.614E-02  1.616E-02  0.000E+00  0.000E+00  0.000E+00  6.283E+00
  1.616E-02  1.618E-02  0.000E+00  0.000E+00  0.000E+00  6.283E+00
  1.618E-02  1.620E-02  0.000E+00  0.000E+00  0.000E+00  6.283E+00
  1.620E-02  1.622E-02  0.000E+00  0.000E+00  0.000E+00  6.283E+00
  1.622E-02  1.624E-02  0.000E+00  0.000E+00  0.000E+00  6.283E+00
  1.624E-02  1.626E-02  0.000E+00  0.000E+00  0.000E+00  6.283E+00
  1.626E-02  1.628E-02  0.000E+00  0.000E+00  0.000E+00  6.283E+00
  1.628E-02  1.630E-02  0.000E+00  0.000E+00  0.000E+00  6.283E+00
  1.630E-02  1.632E-02  0.000E+00  0.000E+00  0.000E+00  6.283E+00
  1.632E-02  1.634E-02  0.000E+00  0.000E+00  0.000E+00  6.283E+00
  1.634E-02  1.636E-02  0.000E+00  0.000E+00  0.000E+00  6.283E+00
  1.636E-02  1.638E-02  0.000E+00  0.000E+00  0.000E+00  6.283E+00
  1.638E-02  1.640E-02  0.000E+00  0.000E+00  0.000E+00  6.283E+00
  1.640E-02  1.642E-02  0.000E+00  0.000E+00  0.000E+00  6.283E+00
  1.642E-02  1.644E-02  0.000E+00  0.000E+00  0.000E+00  6.283E+00
  1.644E-02  1.646E-02  0.000E+00  0.000E+00  0.000E+00  6.283E+00
  1.646E-02  1.648E-02  0.000E+00  0.000E+00  0.000E+00  6.283E+00
  1.648E-02  1.650E-02  0.000E+00  0.000E+00  0.000E+00  6.283E+00
  1.650E-02  1.652E-02  0.000E+00  0.000E+00  0.000E+00  6.283E+00
  1.652E-02  1.654E-02  0.000E+00  0.000E+00  0.000E+00  6.283E+00
  1.654E-02  1.656E-02  0.000E+00  0.000E+00  0.000E+00  6.283E+00
  1.656E-02  1.658E-02  0.000E+00  0.000E+00  0.000E+00  6.283E+00
  1.658E-02  1.660E-02  0.000E+00  0.000E+00  0.000E+00  6.283E+00
  1.660E-02  1.662E-02  0.000E+00  0.000E+00  0.000E+00  6.283E+00
  1.662E-02  1.664E-02  0.000E+00  0.000E+00  0.000E+00  6.283E+00
  1.664E-02  1.666E-02  0.000E+00  0.000E+00  0.000E+00  6.283E+00
  1.666E-02  1.668E-02  0.000E+00  0.000E+00  0.000E+00  6.283E+00
  1.668E-02  1.670E-02  0.000E+00  0.000E+00  0.000E+00  6.283E+00
  1.670E-02  1.672E-02  0.000E+00  0.000E+00  0.000E+00  6.283E+00
  1.672E-02  1.674E-02  0.000E+00  0.000E+00  0.000E+00  6.283E+00
  1.674E-02  1.676E-02  0.000E+00  0.000E+00  0.000E+00  6.283E+00
  1.676E-02  1.678E-02  0.000E+00  0.000E+00  0.000E+00  6.283E+00
  1.678E-02  1.680E-02  0.000E+00  0.000E+00  0.000E+00  6.283E+00
  1.680E-02  1.682E-02  0.000E+00  0.000E+00  0.000E+00  6.283E+00
  1.682E-02  1.684E-02  0.000E+00  0.000E+00  0.000E+00  6.283E+00
  1.684E-02  1.686E-02  0.000E+00  0.000E+00  0.000E+00  6.283E+00
  1.686E-02  1.688E-02  0.000E+00  0.000E+00  0.000E+00  6.283E+00
  1.688E-02  1.690E-02  0.000E+00  0.000E+00  0.000E+00  6.283E+00
  1.690E-02  1.692E-02  0.000E+00  0.000E+00  0.000E+00  6.283E+00
  1.692E-02  1.694E-02  0.000E+00  0.000E+00  0.000E+00  6.283E+00
  1.694E-02  1.696E-02  0.000E+00  0.000E+00  0.000E+00  6.283E+00
  1.696E-02  1.698E-02  0.000E+00  0.000E+00  0.000E+00  6.283E+00
  1.698E-02  1.700E-02  0.000E+00  0.000E+00  0.000E+00  6.283E+00
  1.700E-02  1.702E-02  0.000E+00  0.000E+00  0.000E+00  6.283E+00
  1.702E-02  1.703E-02  0.000E+00  0.000E+00  0.000E+00  6.283E+00
  1.703E-02  1.705E-02  0.000E+00  0.000E+00  0.000E+00  6.283E+00
  1.705E-02  1.707E-02  0.000E+00  0.000E+00  0.000E+00  6.283E+00
  1.707E-02  1.709E-02  0.000E+00  0.000E+00  0.000E+00  6.283E+00
  1.709E-02  1.711E-02  0.000E+00  0.000E+00  0.000E+00  6.283E+00
  1.711E-02  1.713E-02  0.000E+00  0.000E+00  0.000E+00  6.283E+00
  1.713E-02  1.715E-02  0.000E+00  0.000E+00  0.000E+00  6.283E+00
  1.715E-02  1.717E-02  0.000E+00  0.000E+00  0.000E+00  6.283E+00
  1.717E-02  1.719E-02  0.000E+00  0.000E+00  0.000E+00  6.283E+00
  1.719E-02  1.721E-02  0.000E+00  0.000E+00  0.000E+00  6.283E+00
  1.721E-02  1.723E-02  0.000E+00  0.000E+00  0.000E+00  6.283E+00
  1.723E-02  1.725E-02  0.000E+00  0.000E+00  0.000E+00  6.283E+00
  1.725E-02  1.727E-02  0.000E+00  0.000E+00  0.000E+00  6.283E+00
  1.727E-02  1.729E-02  0.000E+00  0.000E+00  0.000E+00  6.283E+00
  1.729E-02  1.731E-02  0.000E+00  0.000E+00  0.000E+00  6.283E+00
  1.731E-02  1.733E-02  0.000E+00  0.000E+00  0.000E+00  6.283E+00
  1.733E-02  1.735E-02  0.000E+00  0.000E+00  0.000E+00  6.283E+00
  1.735E-02  1.737E-02  0.000E+00  0.000E+00  0.000E+00  6.283E+00
  1.737E-02  1.739E-02  0.000E+00  0.000E+00  0.000E+00  6.283E+00
  1.739E-02  1.741E-02  0.000E+00  0.000E+00  0.000E+00  6.283E+00
  1.741E-02  1.743E-02  0.000E+00  0.000E+00  0.000E+00  6.283E+00
  1.743E-02  1.745E-02  0.000E+00  0.000E+00  0.000E+00  6.283E+00
  1.745E-02  1.747E-02  0.000E+00  0.000E+00  0.000E+00  6.283E+00
  1.747E-02  1.749E-02  0.000E+00  0.000E+00  0.000E+00  6.283E+00
  1.749E-02  1.751E-02  0.000E+00  0.000E+00  0.000E+00  6.283E+00
  1.751E-02  1.753E-02  0.000E+00  0.000E+00  0.000E+00  6.283E+00
  1.753E-02  1.755E-02  0.000E+00  0.000E+00  0.000E+00  6.283E+00
  1.755E-02  1.757E-02  0.000E+00  0.000E+00  0.000E+00  6.283E+00
  1.757E-02  1.759E-02  0.000E+00  0.000E+00  0.000E+00  6.283E+00
  1.759E-02  1.761E-02  0.000E+00  0.000E+00  0.000E+00  6.283E+00
  1.761E-02  1.763E-02  5.773E+01  9.900E+01  0.000E+00  6.283E+00
  1.763E-02  1.765E-02  0.000E+00  0.000E+00  0.000E+00  6.283E+00
  1.765E-02  1.767E-02  0.000E+00  0.000E+00  0.000E+00  6.283E+00
  1.767E-02  1.769E-02  5.773E+01  9.900E+01  0.000E+00  6.283E+00
  1.769E-02  1.771E-02  5.773E+01  9.900E+01  0.000E+00  6.283E+00
  1.771E-02  1.773E-02  2.309E+02  9.900E+01  0.000E+00  6.283E+00
  1.773E-02  1.775E-02  4.041E+02  9.900E+01  0.000E+00  6.283E+00
  1.775E-02  1.777E-02  2.886E+02  9.900E+01  0.000E+00  6.283E+00
  1.777E-02  1.779E-02  4.619E+02  9.900E+01  0.000E+00  6.283E+00
  1.779E-02  1.781E-02  4.041E+02  9.900E+01  0.000E+00  6.283E+00
  1.781E-02  1.783E-02  7.505E+02  9.900E+01  0.000E+00  6.283E+00
  1.783E-02  1.785E-02  5.773E+02  9.900E+01  0.000E+00  6.283E+00
  1.785E-02  1.787E-02  6.350E+02  9.900E+01  0.000E+00  6.283E+00
  1.787E-02  1.789E-02  4.041E+02  9.900E+01  0.000E+00  6.283E+00
  1.789E-02  1.791E-02  7.505E+02  9.900E+01  0.000E+00  6.283E+00
  1.791E-02  1.793E-02  1.732E+02  9.900E+01  0.000E+00  6.283E+00
  1.793E-02  1.795E-02  2.309E+02  9.900E+01  0.000E+00  6.283E+00
  1.795E-02  1.797E-02  1.155E+02  9.900E+01  0.000E+00  6.283E+00
  1.797E-02  1.799E-02  2.887E+02  9.900E+01  0.000E+00  6.283E+00
  1.799E-02  1.801E-02  4.041E+02  9.900E+01  0.000E+00  6.283E+00
  1.801E-02  1.803E-02  0.000E+00  0.000E+00  0.000E+00  6.283E+00
  1.803E-02  1.805E-02  5.773E+01  9.900E+01  0.000E+00  6.283E+00
  1.805E-02  1.807E-02  0.000E+00  0.000E+00  0.000E+00  6.283E+00
  1.807E-02  1.809E-02  5.774E+01  9.900E+01  0.000E+00  6.283E+00
  1.809E-02  1.811E-02  1.155E+02  9.900E+01  0.000E+00  6.283E+00
  1.811E-02  1.813E-02  0.000E+00  0.000E+00  0.000E+00  6.283E+00
  1.813E-02  1.815E-02  0.000E+00  0.000E+00  0.000E+00  6.283E+00
  1.815E-02  1.817E-02  0.000E+00  0.000E+00  0.000E+00  6.283E+00
  1.817E-02  1.819E-02  0.000E+00  0.000E+00  0.000E+00  6.283E+00
  1.819E-02  1.821E-02  0.000E+00  0.000E+00  0.000E+00  6.283E+00
  1.821E-02  1.823E-02  0.000E+00  0.000E+00  0.000E+00  6.283E+00
  1.823E-02  1.825E-02  0.000E+00  0.000E+00  0.000E+00  6.283E+00
  1.825E-02  1.827E-02  0.000E+00  0.000E+00  0.000E+00  6.283E+00
  1.827E-02  1.829E-02  0.000E+00  0.000E+00  0.000E+00  6.283E+00
  1.829E-02  1.831E-02  0.000E+00  0.000E+00  0.000E+00  6.283E+00
  1.831E-02  1.833E-02  0.000E+00  0.000E+00  0.000E+00  6.283E+00
  1.833E-02  1.835E-02  0.000E+00  0.000E+00  0.000E+00  6.283E+00
  1.835E-02  1.837E-02  0.000E+00  0.000E+00  0.000E+00  6.283E+00
  1.837E-02  1.839E-02  0.000E+00  0.000E+00  0.000E+00  6.283E+00
  1.839E-02  1.841E-02  0.000E+00  0.000E+00  0.000E+00  6.283E+00
  1.841E-02  1.843E-02  0.000E+00  0.000E+00  0.000E+00  6.283E+00
  1.843E-02  1.845E-02  0.000E+00  0.000E+00  0.000E+00  6.283E+00
  1.845E-02  1.847E-02  0.000E+00  0.000E+00  0.000E+00  6.283E+00
  1.847E-02  1.849E-02  0.000E+00  0.000E+00  0.000E+00  6.283E+00
  1.849E-02  1.851E-02  0.000E+00  0.000E+00  0.000E+00  6.283E+00
  1.851E-02  1.853E-02  0.000E+00  0.000E+00  0.000E+00  6.283E+00
  1.853E-02  1.855E-02  0.000E+00  0.000E+00  0.000E+00  6.283E+00
  1.855E-02  1.857E-02  0.000E+00  0.000E+00  0.000E+00  6.283E+00
  1.857E-02  1.859E-02  0.000E+00  0.000E+00  0.000E+00  6.283E+00
  1.859E-02  1.861E-02  0.000E+00  0.000E+00  0.000E+00  6.283E+00
  1.861E-02  1.863E-02  0.000E+00  0.000E+00  0.000E+00  6.283E+00
  1.863E-02  1.865E-02  0.000E+00  0.000E+00  0.000E+00  6.283E+00
  1.865E-02  1.867E-02  0.000E+00  0.000E+00  0.000E+00  6.283E+00
  1.867E-02  1.869E-02  0.000E+00  0.000E+00  0.000E+00  6.283E+00
  1.869E-02  1.871E-02  0.000E+00  0.000E+00  0.000E+00  6.283E+00
  1.871E-02  1.873E-02  0.000E+00  0.000E+00  0.000E+00  6.283E+00
  1.873E-02  1.875E-02  0.000E+00  0.000E+00  0.000E+00  6.283E+00
  1.875E-02  1.877E-02  0.000E+00  0.000E+00  0.000E+00  6.283E+00
  1.877E-02  1.879E-02  0.000E+00  0.000E+00  0.000E+00  6.283E+00
  1.879E-02  1.881E-02  0.000E+00  0.000E+00  0.000E+00  6.283E+00
  1.881E-02  1.883E-02  0.000E+00  0.000E+00  0.000E+00  6.283E+00
  1.883E-02  1.885E-02  0.000E+00  0.000E+00  0.000E+00  6.283E+00
  1.885E-02  1.887E-02  0.000E+00  0.000E+00  0.000E+00  6.283E+00
  1.887E-02  1.889E-02  0.000E+00  0.000E+00  0.000E+00  6.283E+00
  1.889E-02  1.891E-02  0.000E+00  0.000E+00  0.000E+00  6.283E+00
  1.891E-02  1.893E-02  0.000E+00  0.000E+00  0.000E+00  6.283E+00
  1.893E-02  1.895E-02  0.000E+00  0.000E+00  0.000E+00  6.283E+00
  1.895E-02  1.897E-02  0.000E+00  0.000E+00  0.000E+00  6.283E+00
  1.897E-02  1.899E-02  0.000E+00  0.000E+00  0.000E+00  6.283E+00
  1.899E-02  1.901E-02  0.000E+00  0.000E+00  0.000E+00  6.283E+00
  1.901E-02  1.902E-02  0.000E+00  0.000E+00  0.000E+00  6.283E+00
  1.902E-02  1.904E-02  0.000E+00  0.000E+00  0.000E+00  6.283E+00
  1.904E-02  1.906E-02  0.000E+00  0.000E+00  0.000E+00  6.283E+00
  1.906E-02  1.908E-02  0.000E+00  0.000E+00  0.000E+00  6.283E+00
  1.908E-02  1.910E-02  0.000E+00  0.000E+00  0.000E+00  6.283E+00
  1.910E-02  1.912E-02  0.000E+00  0.000E+00  0.000E+00  6.283E+00
  1.912E-02  1.914E-02  0.000E+00  0.000E+00  0.000E+00  6.283E+00
  1.914E-02  1.916E-02  0.000E+00  0.000E+00  0.000E+00  6.283E+00
  1.916E-02  1.918E-02  0.000E+00  0.000E+00  0.000E+00  6.283E+00
  1.918E-02  1.920E-02  0.000E+00  0.000E+00  0.000E+00  6.283E+00
  1.920E-02  1.922E-02  0.000E+00  0.000E+00  0.000E+00  6.283E+00
  1.922E-02  1.924E-02  0.000E+00  0.000E+00  0.000E+00  6.283E+00
  1.924E-02  1.926E-02  0.000E+00  0.000E+00  0.000E+00  6.283E+00
  1.926E-02  1.928E-02  0.000E+00  0.000E+00  0.000E+00  6.283E+00
  1.928E-02  1.930E-02  0.000E+00  0.000E+00  0.000E+00  6.283E+00
  1.930E-02  1.932E-02  0.000E+00  0.000E+00  0.000E+00  6.283E+00
  1.932E-02  1.934E-02  0.000E+00  0.000E+00  0.000E+00  6.283E+00
  1.934E-02  1.936E-02  0.000E+00  0.000E+00  0.000E+00  6.283E+00
  1.936E-02  1.938E-02  0.000E+00  0.000E+00  0.000E+00  6.283E+00
  1.938E-02  1.940E-02  0.000E+00  0.000E+00  0.000E+00  6.283E+00
  1.940E-02  1.942E-02  0.000E+00  0.000E+00  0.000E+00  6.283E+00
  1.942E-02  1.944E-02  0.000E+00  0.000E+00  0.000E+00  6.283E+00
  1.944E-02  1.946E-02  0.000E+00  0.000E+00  0.000E+00  6.283E+00
  1.946E-02  1.948E-02  0.000E+00  0.000E+00  0.000E+00  6.283E+00
  1.948E-02  1.950E-02  0.000E+00  0.000E+00  0.000E+00  6.283E+00
  1.950E-02  1.952E-02  0.000E+00  0.000E+00  0.000E+00  6.283E+00
  1.952E-02  1.954E-02  0.000E+00  0.000E+00  0.000E+00  6.283E+00
  1.954E-02  1.956E-02  0.000E+00  0.000E+00  0.000E+00  6.283E+00
  1.956E-02  1.958E-02  0.000E+00  0.000E+00  0.000E+00  6.283E+00
  1.958E-02  1.960E-02  0.000E+00  0.000E+00  0.000E+00  6.283E+00
  1.960E-02  1.962E-02  0.000E+00  0.000E+00  0.000E+00  6.283E+00
  1.962E-02  1.964E-02  0.000E+00  0.000E+00  0.000E+00  6.283E+00
  1.964E-02  1.966E-02  0.000E+00  0.000E+00  0.000E+00  6.283E+00
  1.966E-02  1.968E-02  0.000E+00  0.000E+00  0.000E+00  6.283E+00
  1.968E-02  1.970E-02  0.000E+00  0.000E+00  0.000E+00  6.283E+00
  1.970E-02  1.972E-02  0.000E+00  0.000E+00  0.000E+00  6.283E+00
  1.972E-02  1.974E-02  0.000E+00  0.000E+00  0.000E+00  6.283E+00
  1.974E-02  1.976E-02  0.000E+00  0.000E+00  0.000E+00  6.283E+00
  1.976E-02  1.978E-02  0.000E+00  0.000E+00  0.000E+00  6.283E+00
  1.978E-02  1.980E-02  0.000E+00  0.000E+00  0.000E+00  6.283E+00
  1.980E-02  1.982E-02  0.000E+00  0.000E+00  0.000E+00  6.283E+00
  1.982E-02  1.984E-02  0.000E+00  0.000E+00  0.000E+00  6.283E+00
  1.984E-02  1.986E-02  0.000E+00  0.000E+00  0.000E+00  6.283E+00
  1.986E-02  1.988E-02  0.000E+00  0.000E+00  0.000E+00  6.283E+00
  1.988E-02  1.990E-02  0.000E+00  0.000E+00  0.000E+00  6.283E+00
  1.990E-02  1.992E-02  0.000E+00  0.000E+00  0.000E+00  6.283E+00
  1.992E-02  1.994E-02  0.000E+00  0.000E+00  0.000E+00  6.283E+00
  1.994E-02  1.996E-02  0.000E+00  0.000E+00  0.000E+00  6.283E+00
  1.996E-02  1.998E-02  0.000E+00  0.000E+00  0.000E+00  6.283E+00
  1.998E-02  2.000E-02  0.000E+00  0.000E+00  0.000E+00  6.283E+00
  2.000E-02  2.000E-02  0.000E+00  0.000E+00  0.000E+00  6.283E+00

  1.000E-04  1.000E-04  0.000E+00  0.000E+00  6.283E+00  6.283E+00
  1.199E-04  1.199E-04  0.000E+00  0.000E+00  6.283E+00  6.283E+00
  1.398E-04  1.398E-04  0.000E+00  0.000E+00  6.283E+00  6.283E+00
  1.597E-04  1.597E-04  0.000E+00  0.000E+00  6.283E+00  6.283E+00
  1.796E-04  1.796E-04  0.000E+00  0.000E+00  6.283E+00  6.283E+00
  1.995E-04  1.995E-04  0.000E+00  0.000E+00  6.283E+00  6.283E+00
  2.194E-04  2.194E-04  0.000E+00  0.000E+00  6.283E+00  6.283E+00
  2.393E-04  2.393E-04  0.000E+00  0.000E+00  6.283E+00  6.283E+00
  2.592E-04  2.592E-04  0.000E+00  0.000E+00  6.283E+00  6.283E+00
  2.791E-04  2.791E-04  0.000E+00  0.000E+00  6.283E+00  6.283E+00
  2.990E-04  2.990E-04  0.000E+00  0.000E+00  6.283E+00  6.283E+00
  3.189E-04  3.189E-04  0.000E+00  0.000E+00  6.283E+00  6.283E+00
  3.388E-04  3.388E-04  0.000E+00  0.000E+00  6.283E+00  6.283E+00
  3.587E-04  3.587E-04  0.000E+00  0.000E+00  6.283E+00  6.283E+00
  3.786E-04  3.786E-04  0.000E+00  0.000E+00  6.283E+00  6.283E+00
  3.985E-04  3.985E-04  0.000E+00  0.000E+00  6.283E+00  6.283E+00
  4.184E-04  4.184E-04  0.000E+00  0.000E+00  6.283E+00  6.283E+00
  4.383E-04  4.383E-04  0.000E+00  0.000E+00  6.283E+00  6.283E+00
  4.582E-04  4.582E-04  0.000E+00  0.000E+00  6.283E+00  6.283E+00
  4.781E-04  4.781E-04  0.000E+00  0.000E+00  6.283E+00  6.283E+00
  4.980E-04  4.980E-04  0.000E+00  0.000E+00  6.283E+00  6.283E+00
  5.179E-04  5.179E-04  0.000E+00  0.000E+00  6.283E+00  6.283E+00
  5.378E-04  5.378E-04  0.000E+00  0.000E+00  6.283E+00  6.283E+00
  5.577E-04  5.577E-04  0.000E+00  0.000E+00  6.283E+00  6.283E+00
  5.776E-04  5.776E-04  0.000E+00  0.000E+00  6.283E+00  6.283E+00
  5.975E-04  5.975E-04  0.000E+00  0.000E+00  6.283E+00  6.283E+00
  6.174E-04  6.174E-04  0.000E+00  0.000E+00  6.283E+00  6.283E+00
  6.373E-04  6.373E-04  0.000E+00  0.000E+00  6.283E+00  6.283E+00
  6.572E-04  6.572E-04  0.000E+00  0.000E+00  6.283E+00  6.283E+00
  6.771E-04  6.771E-04  0.000E+00  0.000E+00  6.283E+00  6.283E+00
  6.970E-04  6.970E-04  0.000E+00  0.000E+00  6.283E+00  6.283E+00
  7.169E-04  7.169E-04  0.000E+00  0.000E+00  6.283E+00  6.283E+00
  7.368E-04  7.368E-04  0.000E+00  0.000E+00  6.283E+00  6.283E+00
  7.567E-04  7.567E-04  0.000E+00  0.000E+00  6.283E+00  6.283E+00
  7.766E-04  7.766E-04  0.000E+00  0.000E+00  6.283E+00  6.283E+00
  7.965E-04  7.965E-04  0.000E+00  0.000E+00  6.283E+00  6.283E+00
  8.164E-04  8.164E-04  0.000E+00  0.000E+00  6.283E+00  6.283E+00
  8.363E-04  8.363E-04  0.000E+00  0.000E+00  6.283E+00  6.283E+00
  8.562E-04  8.562E-04  0.000E+00  0.000E+00  6.283E+00  6.283E+00
  8.761E-04  8.761E-04  0.000E+00  0.000E+00  6.283E+00  6.283E+00
  8.960E-04  8.960E-04  0.000E+00  0.000E+00  6.283E+00  6.283E+00
  9.159E-04  9.159E-04  0.000E+00  0.000E+00  6.283E+00  6.283E+00
  9.358E-04  9.358E-04  0.000E+00  0.000E+00  6.283E+00  6.283E+00
  9.557E-04  9.557E-04  0.000E+00  0.000E+00  6.283E+00  6.283E+00
  9.756E-04  9.756E-04  0.000E+00  0.000E+00  6.283E+00  6.283E+00
  9.955E-04  9.955E-04  0.000E+00  0.000E+00  6.283E+00  6.283E+00
  1.015E-03  1.015E-03  0.000E+00  0.000E+00  6.283E+00  6.283E+00
  1.035E-03  1.035E-03  0.000E+00  0.000E+00  6.283E+00  6.283E+00
  1.055E-03  1.055E-03  0.000E+00  0.000E+00  6.283E+00  6.283E+00
  1.075E-03  1.075E-03  0.000E+00  0.000E+00  6.283E+00  6.283E+00
  1.095E-03  1.095E-03  0.000E+00  0.000E+00  6.283E+00  6.283E+00
  1.115E-03  1.115E-03  0.000E+00  0.000E+00  6.283E+00  6.283E+00
  1.135E-03  1.135E-03  0.000E+00  0.000E+00  6.283E+00  6.283E+00
  1.155E-03  1.155E-03  0.000E+00  0.000E+00  6.283E+00  6.283E+00
  1.175E-03  1.175E-03  0.000E+00  0.000E+00  6.283E+00  6.283E+00
  1.195E-03  1.195E-03  0.000E+00  0.000E+00  6.283E+00  6.283E+00
  1.214E-03  1.214E-03  0.000E+00  0.000E+00  6.283E+00  6.283E+00
  1.234E-03  1.234E-03  0.000E+00  0.000E+00  6.283E+00  6.283E+00
  1.254E-03  1.254E-03  0.000E+00  0.000E+00  6.283E+00  6.283E+00
  1.274E-03  1.274E-03  0.000E+00  0.000E+00  6.283E+00  6.283E+00
  1.294E-03  1.294E-03  0.000E+00  0.000E+00  6.283E+00  6.283E+00
  1.314E-03  1.314E-03  0.000E+00  0.000E+00  6.283E+00  6.283E+00
  1.334E-03  1.334E-03  0.000E+00  0.000E+00  6.283E+00  6.283E+00
  1.354E-03  1.354E-03  0.000E+00  0.000E+00  6.283E+00  6.283E+00
  1.374E-03  1.374E-03  0.000E+00  0.000E+00  6.283E+00  6.283E+00
  1.394E-03  1.394E-03  0.000E+00  0.000E+00  6.283E+00  6.283E+00
  1.413E-03  1.413E-03  0.000E+00  0.000E+00  6.283E+00  6.283E+00
  1.433E-03  1.433E-03  0.000E+00  0.000E+00  6.283E+00  6.283E+00
  1.453E-03  1.453E-03  0.000E+00  0.000E+00  6.283E+00  6.283E+00
  1.473E-03  1.473E-03  0.000E+00  0.000E+00  6.283E+00  6.283E+00
  1.493E-03  1.493E-03  0.000E+00  0.000E+00  6.283E+00  6.283E+00
  1.513E-03  1.513E-03  0.000E+00  0.000E+00  6.283E+00  6.283E+00
  1.533E-03  1.533E-03  0.000E+00  0.000E+00  6.283E+00  6.283E+00
  1.553E-03  1.553E-03  0.000E+00  0.000E+00  6.283E+00  6.283E+00
  1.573E-03  1.573E-03  0.000E+00  0.000E+00  6.283E+00  6.283E+00
  1.593E-03  1.593E-03  0.000E+00  0.000E+00  6.283E+00  6.283E+00
  1.612E-03  1.612E-03  0.000E+00  0.000E+00  6.283E+00  6.283E+00
  1.632E-03  1.632E-03  0.000E+00  0.000E+00  6.283E+00  6.283E+00
  1.652E-03  1.652E-03  0.000E+00  0.000E+00  6.283E+00  6.283E+00
  1.672E-03  1.672E-03  0.000E+00  0.000E+00  6.283E+00  6.283E+00
  1.692E-03  1.692E-03  0.000E+00  0.000E+00  6.283E+00  6.283E+00
  1.712E-03  1.712E-03  0.000E+00  0.000E+00  6.283E+00  6.283E+00
  1.732E-03  1.732E-03  0.000E+00  0.000E+00  6.283E+00  6.283E+00
  1.752E-03  1.752E-03  0.000E+00  0.000E+00  6.283E+00  6.283E+00
  1.772E-03  1.772E-03  0.000E+00  0.000E+00  6.283E+00  6.283E+00
  1.792E-03  1.792E-03  0.000E+00  0.000E+00  6.283E+00  6.283E+00
  1.811E-03  1.811E-03  0.000E+00  0.000E+00  6.283E+00  6.283E+00
  1.831E-03  1.831E-03  0.000E+00  0.000E+00  6.283E+00  6.283E+00
  1.851E-03  1.851E-03  0.000E+00  0.000E+00  6.283E+00  6.283E+00
  1.871E-03  1.871E-03  0.000E+00  0.000E+00  6.283E+00  6.283E+00
  1.891E-03  1.891E-03  0.000E+00  0.000E+00  6.283E+00  6.283E+00
  1.911E-03  1.911E-03  0.000E+00  0.000E+00  6.283E+00  6.283E+00
  1.931E-03  1.931E-03  0.000E+00  0.000E+00  6.283E+00  6.283E+00
  1.951E-03  1.951E-03  0.000E+00  0.000E+00  6.283E+00  6.283E+00
  1.971E-03  1.971E-03  0.000E+00  0.000E+00  6.283E+00  6.283E+00
  1.991E-03  1.991E-03  0.000E+00  0.000E+00  6.283E+00  6.283E+00
  2.010E-03  2.010E-03  0.000E+00  0.000E+00  6.283E+00  6.283E+00
  2.030E-03  2.030E-03  0.000E+00  0.000E+00  6.283E+00  6.283E+00
  2.050E-03  2.050E-03  0.000E+00  0.000E+00  6.283E+00  6.283E+00
  2.070E-03  2.070E-03  0.000E+00  0.000E+00  6.283E+00  6.283E+00
  2.090E-03  2.090E-03  0.000E+00  0.000E+00  6.283E+00  6.283E+00
  2.110E-03  2.110E-03  0.000E+00  0.000E+00  6.283E+00  6.283E+00
  2.130E-03  2.130E-03  0.000E+00  0.000E+00  6.283E+00  6.283E+00
  2.150E-03  2.150E-03  0.000E+00  0.000E+00  6.283E+00  6.283E+00
  2.170E-03  2.170E-03  0.000E+00  0.000E+00  6.283E+00  6.283E+00
  2.190E-03  2.190E-03  0.000E+00  0.000E+00  6.283E+00  6.283E+00
  2.209E-03  2.209E-03  0.000E+00  0.000E+00  6.283E+00  6.283E+00
  2.229E-03  2.229E-03  0.000E+00  0.000E+00  6.283E+00  6.283E+00
  2.249E-03  2.249E-03  0.000E+00  0.000E+00  6.283E+00  6.283E+00
  2.269E-03  2.269E-03  0.000E+00  0.000E+00  6.283E+00  6.283E+00
  2.289E-03  2.289E-03  0.000E+00  0.000E+00  6.283E+00  6.283E+00
  2.309E-03  2.309E-03  0.000E+00  0.000E+00  6.283E+00  6.283E+00
  2.329E-03  2.329E-03  0.000E+00  0.000E+00  6.283E+00  6.283E+00
  2.349E-03  2.349E-03  0.000E+00  0.000E+00  6.283E+00  6.283E+00
  2.369E-03  2.369E-03  0.000E+00  0.000E+00  6.283E+00  6.283E+00
  2.389E-03  2.389E-03  0.000E+00  0.000E+00  6.283E+00  6.283E+00
  2.408E-03  2.408E-03  0.000E+00  0.000E+00  6.283E+00  6.283E+00
  2.428E-03  2.428E-03  0.000E+00  0.000E+00  6.283E+00  6.283E+00
  2.448E-03  2.448E-03  0.000E+00  0.000E+00  6.283E+00  6.283E+00
  2.468E-03  2.468E-03  0.000E+00  0.000E+00  6.283E+00  6.283E+00
  2.488E-03  2.488E-03  0.000E+00  0.000E+00  6.283E+00  6.283E+00
  2.508E-03  2.508E-03  0.000E+00  0.000E+00  6.283E+00  6.283E+00
  2.528E-03  2.528E-03  0.000E+00  0.000E+00  6.283E+00  6.283E+00
  2.548E-03  2.548E-03  0.000E+00  0.000E+00  6.283E+00  6.283E+00
  2.568E-03  2.568E-03  0.000E+00  0.000E+00  6.283E+00  6.283E+00
  2.588E-03  2.588E-03  0.000E+00  0.000E+00  6.283E+00  6.283E+00
  2.607E-03  2.607E-03  0.000E+00  0.000E+00  6.283E+00  6.283E+00
  2.627E-03  2.627E-03  0.000E+00  0.000E+00  6.283E+00  6.283E+00
  2.647E-03  2.647E-03  0.000E+00  0.000E+00  6.283E+00  6.283E+00
  2.667E-03  2.667E-03  0.000E+00  0.000E+00  6.283E+00  6.283E+00
  2.687E-03  2.687E-03  0.000E+00  0.000E+00  6.283E+00  6.283E+00
  2.707E-03  2.707E-03  0.000E+00  0.000E+00  6.283E+00  6.283E+00
  2.727E-03  2.727E-03  0.000E+00  0.000E+00  6.283E+00  6.283E+00
  2.747E-03  2.747E-03  0.000E+00  0.000E+00  6.283E+00  6.283E+00
  2.767E-03  2.767E-03  0.000E+00  0.000E+00  6.283E+00  6.283E+00
  2.787E-03  2.787E-03  0.000E+00  0.000E+00  6.283E+00  6.283E+00
  2.806E-03  2.806E-03  0.000E+00  0.000E+00  6.283E+00  6.283E+00
  2.826E-03  2.826E-03  0.000E+00  0.000E+00  6.283E+00  6.283E+00
  2.846E-03  2.846E-03  0.000E+00  0.000E+00  6.283E+00  6.283E+00
  2.866E-03  2.866E-03  0.000E+00  0.000E+00  6.283E+00  6.283E+00
  2.886E-03  2.886E-03  0.000E+00  0.000E+00  6.283E+00  6.283E+00
  2.906E-03  2.906E-03  0.000E+00  0.000E+00  6.283E+00  6.283E+00
  2.926E-03  2.926E-03  0.000E+00  0.000E+00  6.283E+00  6.283E+00
  2.946E-03  2.946E-03  0.000E+00  0.000E+00  6.283E+00  6.283E+00
  2.966E-03  2.966E-03  0.000E+00  0.000E+00  6.283E+00  6.283E+00
  2.986E-03  2.986E-03  0.000E+00  0.000E+00  6.283E+00  6.283E+00
  3.005E-03  3.005E-03  0.000E+00  0.000E+00  6.283E+00  6.283E+00
  3.025E-03  3.025E-03  0.000E+00  0.000E+00  6.283E+00  6.283E+00
  3.045E-03  3.045E-03  0.000E+00  0.000E+00  6.283E+00  6.283E+00
  3.065E-03  3.065E-03  0.000E+00  0.000E+00  6.283E+00  6.283E+00
  3.085E-03  3.085E-03  0.000E+00  0.000E+00  6.283E+00  6.283E+00
  3.105E-03  3.105E-03  0.000E+00  0.000E+00  6.283E+00  6.283E+00
  3.125E-03  3.125E-03  0.000E+00  0.000E+00  6.283E+00  6.283E+00
  3.145E-03  3.145E-03  0.000E+00  0.000E+00  6.283E+00  6.283E+00
  3.165E-03  3.165E-03  0.000E+00  0.000E+00  6.283E+00  6.283E+00
  3.185E-03  3.185E-03  0.000E+00  0.000E+00  6.283E+00  6.283E+00
  3.204E-03  3.204E-03  0.000E+00  0.000E+00  6.283E+00  6.283E+00
  3.224E-03  3.224E-03  0.000E+00  0.000E+00  6.283E+00  6.283E+00
  3.244E-03  3.244E-03  0.000E+00  0.000E+00  6.283E+00  6.283E+00
  3.264E-03  3.264E-03  0.000E+00  0.000E+00  6.283E+00  6.283E+00
  3.284E-03  3.284E-03  0.000E+00  0.000E+00  6.283E+00  6.283E+00
  3.304E-03  3.304E-03  0.000E+00  0.000E+00  6.283E+00  6.283E+00
  3.324E-03  3.324E-03  0.000E+00  0.000E+00  6.283E+00  6.283E+00
  3.344E-03  3.344E-03  0.000E+00  0.000E+00  6.283E+00  6.283E+00
  3.364E-03  3.364E-03  0.000E+00  0.000E+00  6.283E+00  6.283E+00
  3.384E-03  3.384E-03  0.000E+00  0.000E+00  6.283E+00  6.283E+00
  3.403E-03  3.403E-03  0.000E+00  0.000E+00  6.283E+00  6.283E+00
  3.423E-03  3.423E-03  0.000E+00  0.000E+00  6.283E+00  6.283E+00
  3.443E-03  3.443E-03  0.000E+00  0.000E+00  6.283E+00  6.283E+00
  3.463E-03  3.463E-03  0.000E+00  0.000E+00  6.283E+00  6.283E+00
  3.483E-03  3.483E-03  0.000E+00  0.000E+00  6.283E+00  6.283E+00
  3.503E-03  3.503E-03  0.000E+00  0.000E+00  6.283E+00  6.283E+00
  3.523E-03  3.523E-03  0.000E+00  0.000E+00  6.283E+00  6.283E+00
  3.543E-03  3.543E-03  0.000E+00  0.000E+00  6.283E+00  6.283E+00
  3.563E-03  3.563E-03  0.000E+00  0.000E+00  6.283E+00  6.283E+00
  3.583E-03  3.583E-03  0.000E+00  0.000E+00  6.283E+00  6.283E+00
  3.602E-03  3.602E-03  0.000E+00  0.000E+00  6.283E+00  6.283E+00
  3.622E-03  3.622E-03  0.000E+00  0.000E+00  6.283E+00  6.283E+00
  3.642E-03  3.642E-03  0.000E+00  0.000E+00  6.283E+00  6.283E+00
  3.662E-03  3.662E-03  0.000E+00  0.000E+00  6.283E+00  6.283E+00
  3.682E-03  3.682E-03  0.000E+00  0.000E+00  6.283E+00  6.283E+00
  3.702E-03  3.702E-03  0.000E+00  0.000E+00  6.283E+00  6.283E+00
  3.722E-03  3.722E-03  0.000E+00  0.000E+00  6.283E+00  6.283E+00
  3.742E-03  3.742E-03  0.000E+00  0.000E+00  6.283E+00  6.283E+00
  3.762E-03  3.762E-03  0.000E+00  0.000E+00  6.283E+00  6.283E+00
  3.782E-03  3.782E-03  0.000E+00  0.000E+00  6.283E+00  6.283E+00
  3.801E-03  3.801E-03  0.000E+00  0.000E+00  6.283E+00  6.283E+00
  3.821E-03  3.821E-03  0.000E+00  0.000E+00  6.283E+00  6.283E+00
  3.841E-03  3.841E-03  0.000E+00  0.000E+00  6.283E+00  6.283E+00
  3.861E-03  3.861E-03  0.000E+00  0.000E+00  6.283E+00  6.283E+00
  3.881E-03  3.881E-03  0.000E+00  0.000E+00  6.283E+00  6.283E+00
  3.901E-03  3.901E-03  0.000E+00  0.000E+00  6.283E+00  6.283E+00
  3.921E-03  3.921E-03  0.000E+00  0.000E+00  6.283E+00  6.283E+00
  3.941E-03  3.941E-03  0.000E+00  0.000E+00  6.283E+00  6.283E+00
  3.961E-03  3.961E-03  0.000E+00  0.000E+00  6.283E+00  6.283E+00
  3.981E-03  3.981E-03  0.000E+00  0.000E+00  6.283E+00  6.283E+00
  4.000E-03  4.000E-03  0.000E+00  0.000E+00  6.283E+00  6.283E+00
  4.020E-03  4.020E-03  0.000E+00  0.000E+00  6.283E+00  6.283E+00
  4.040E-03  4.040E-03  0.000E+00  0.000E+00  6.283E+00  6.283E+00
  4.060E-03  4.060E-03  0.000E+00  0.000E+00  6.283E+00  6.283E+00
  4.080E-03  4.080E-03  0.000E+00  0.000E+00  6.283E+00  6.283E+00
  4.100E-03  4.100E-03  0.000E+00  0.000E+00  6.283E+00  6.283E+00
  4.120E-03  4.120E-03  0.000E+00  0.000E+00  6.283E+00  6.283E+00
  4.140E-03  4.140E-03  0.000E+00  0.000E+00  6.283E+00  6.283E+00
  4.160E-03  4.160E-03  0.000E+00  0.000E+00  6.283E+00  6.283E+00
  4.180E-03  4.180E-03  0.000E+00  0.000E+00  6.283E+00  6.283E+00
  4.199E-03  4.199E-03  0.000E+00  0.000E+00  6.283E+00  6.283E+00
  4.219E-03  4.219E-03  0.000E+00  0.000E+00  6.283E+00  6.283E+00
  4.239E-03  4.239E-03  0.000E+00  0.000E+00  6.283E+00  6.283E+00
  4.259E-03  4.259E-03  0.000E+00  0.000E+00  6.283E+00  6.283E+00
  4.279E-03  4.279E-03  0.000E+00  0.000E+00  6.283E+00  6.283E+00
  4.299E-03  4.299E-03  0.000E+00  0.000E+00  6.283E+00  6.283E+00
  4.319E-03  4.319E-03  0.000E+00  0.000E+00  6.283E+00  6.283E+00
  4.339E-03  4.339E-03  0.000E+00  0.000E+00  6.283E+00  6.283E+00
  4.359E-03  4.359E-03  0.000E+00  0.000E+00  6.283E+00  6.283E+00
  4.378E-03  4.378E-03  0.000E+00  0.000E+00  6.283E+00  6.283E+00
  4.398E-03  4.398E-03  0.000E+00  0.000E+00  6.283E+00  6.283E+00
  4.418E-03  4.418E-03  0.000E+00  0.000E+00  6.283E+00  6.283E+00
  4.438E-03  4.438E-03  0.000E+00  0.000E+00  6.283E+00  6.283E+00
  4.458E-03  4.458E-03  0.000E+00  0.000E+00  6.283E+00  6.283E+00
  4.478E-03  4.478E-03  0.000E+00  0.000E+00  6.283E+00  6.283E+00
  4.498E-03  4.498E-03  0.000E+00  0.000E+00  6.283E+00  6.283E+00
  4.518E-03  4.518E-03  0.000E+00  0.000E+00  6.283E+00  6.283E+00
  4.538E-03  4.538E-03  0.000E+00  0.000E+00  6.283E+00  6.283E+00
  4.558E-03  4.558E-03  0.000E+00  0.000E+00  6.283E+00  6.283E+00
  4.577E-03  4.577E-03  0.000E+00  0.000E+00  6.283E+00  6.283E+00
  4.597E-03  4.597E-03  0.000E+00  0.000E+00  6.283E+00  6.283E+00
  4.617E-03  4.617E-03  0.000E+00  0.000E+00  6.283E+00  6.283E+00
  4.637E-03  4.637E-03  0.000E+00  0.000E+00  6.283E+00  6.283E+00
  4.657E-03  4.657E-03  0.000E+00  0.000E+00  6.283E+00  6.283E+00
  4.677E-03  4.677E-03  0.000E+00  0.000E+00  6.283E+00  6.283E+00
  4.697E-03  4.697E-03  0.000E+00  0.000E+00  6.283E+00  6.283E+00
  4.717E-03  4.717E-03  0.000E+00  0.000E+00  6.283E+00  6.283E+00
  4.737E-03  4.737E-03  0.000E+00  0.000E+00  6.283E+00  6.283E+00
  4.757E-03  4.757E-03  0.000E+00  0.000E+00  6.283E+00  6.283E+00
  4.777E-03  4.777E-03  0.000E+00  0.000E+00  6.283E+00  6.283E+00
  4.796E-03  4.796E-03  0.000E+00  0.000E+00  6.283E+00  6.283E+00
  4.816E-03  4.816E-03  0.000E+00  0.000E+00  6.283E+00  6.283E+00
  4.836E-03  4.836E-03  0.000E+00  0.000E+00  6.283E+00  6.283E+00
  4.856E-03  4.856E-03  0.000E+00  0.000E+00  6.283E+00  6.283E+00
  4.876E-03  4.876E-03  0.000E+00  0.000E+00  6.283E+00  6.283E+00
  4.896E-03  4.896E-03  0.000E+00  0.000E+00  6.283E+00  6.283E+00
  4.916E-03  4.916E-03  0.000E+00  0.000E+00  6.283E+00  6.283E+00
  4.936E-03  4.936E-03  0.000E+00  0.000E+00  6.283E+00  6.283E+00
  4.956E-03  4.956E-03  0.000E+00  0.000E+00  6.283E+00  6.283E+00
  4.976E-03  4.976E-03  0.000E+00  0.000E+00  6.283E+00  6.283E+00
  4.995E-03  4.995E-03  0.000E+00  0.000E+00  6.283E+00  6.283E+00
  5.015E-03  5.015E-03  0.000E+00  0.000E+00  6.283E+00  6.283E+00
  5.035E-03  5.035E-03  0.000E+00  0.000E+00  6.283E+00  6.283E+00
  5.055E-03  5.055E-03  0.000E+00  0.000E+00  6.283E+00  6.283E+00
  5.075E-03  5.075E-03  0.000E+00  0.000E+00  6.283E+00  6.283E+00
  5.095E-03  5.095E-03  0.000E+00  0.000E+00  6.283E+00  6.283E+00
  5.115E-03  5.115E-03  0.000E+00  0.000E+00  6.283E+00  6.283E+00
  5.135E-03  5.135E-03  0.000E+00  0.000E+00  6.283E+00  6.283E+00
  5.155E-03  5.155E-03  0.000E+00  0.000E+00  6.283E+00  6.283E+00
  5.174E-03  5.174E-03  0.000E+00  0.000E+00  6.283E+00  6.283E+00
  5.194E-03  5.194E-03  0.000E+00  0.000E+00  6.283E+00  6.283E+00
  5.214E-03  5.214E-03  0.000E+00  0.000E+00  6.283E+00  6.283E+00
  5.234E-03  5.234E-03  0.000E+00  0.000E+00  6.283E+00  6.283E+00
  5.254E-03  5.254E-03  0.000E+00  0.000E+00  6.283E+00  6.283E+00
  5.274E-03  5.274E-03  0.000E+00  0.000E+00  6.283E+00  6.283E+00
  5.294E-03  5.294E-03  0.000E+00  0.000E+00  6.283E+00  6.283E+00
  5.314E-03  5.314E-03  0.000E+00  0.000E+00  6.283E+00  6.283E+00
  5.334E-03  5.334E-03  0.000E+00  0.000E+00  6.283E+00  6.283E+00
  5.354E-03  5.354E-03  0.000E+00  0.000E+00  6.283E+00  6.283E+00
  5.373E-03  5.373E-03  0.000E+00  0.000E+00  6.283E+00  6.283E+00
  5.393E-03  5.393E-03  0.000E+00  0.000E+00  6.283E+00  6.283E+00
  5.413E-03  5.413E-03  0.000E+00  0.000E+00  6.283E+00  6.283E+00
  5.433E-03  5.433E-03  0.000E+00  0.000E+00  6.283E+00  6.283E+00
  5.453E-03  5.453E-03  0.000E+00  0.000E+00  6.283E+00  6.283E+00
  5.473E-03  5.473E-03  0.000E+00  0.000E+00  6.283E+00  6.283E+00
  5.493E-03  5.493E-03  0.000E+00  0.000E+00  6.283E+00  6.283E+00
  5.513E-03  5.513E-03  0.000E+00  0.000E+00  6.283E+00  6.283E+00
  5.533E-03  5.533E-03  0.000E+00  0.000E+00  6.283E+00  6.283E+00
  5.553E-03  5.553E-03  0.000E+00  0.000E+00  6.283E+00  6.283E+00
  5.573E-03  5.573E-03  0.000E+00  0.000E+00  6.283E+00  6.283E+00
  5.592E-03  5.592E-03  0.000E+00  0.000E+00  6.283E+00  6.283E+00
  5.612E-03  5.612E-03  0.000E+00  0.000E+00  6.283E+00  6.283E+00
  5.632E-03  5.632E-03  0.000E+00  0.000E+00  6.283E+00  6.283E+00
  5.652E-03  5.652E-03  0.000E+00  0.000E+00  6.283E+00  6.283E+00
  5.672E-03  5.672E-03  0.000E+00  0.000E+00  6.283E+00  6.283E+00
  5.692E-03  5.692E-03  0.000E+00  0.000E+00  6.283E+00  6.283E+00
  5.712E-03  5.712E-03  0.000E+00  0.000E+00  6.283E+00  6.283E+00
  5.732E-03  5.732E-03  0.000E+00  0.000E+00  6.283E+00  6.283E+00
  5.752E-03  5.752E-03  0.000E+00  0.000E+00  6.283E+00  6.283E+00
  5.772E-03  5.772E-03  0.000E+00  0.000E+00  6.283E+00  6.283E+00
  5.791E-03  5.791E-03  0.000E+00  0.000E+00  6.283E+00  6.283E+00
  5.811E-03  5.811E-03  0.000E+00  0.000E+00  6.283E+00  6.283E+00
  5.831E-03  5.831E-03  0.000E+00  0.000E+00  6.283E+00  6.283E+00
  5.851E-03  5.851E-03  0.000E+00  0.000E+00  6.283E+00  6.283E+00
  5.871E-03  5.871E-03  0.000E+00  0.000E+00  6.283E+00  6.283E+00
  5.891E-03  5.891E-03  0.000E+00  0.000E+00  6.283E+00  6.283E+00
  5.911E-03  5.911E-03  0.000E+00  0.000E+00  6.283E+00  6.283E+00
  5.931E-03  5.931E-03  0.000E+00  0.000E+00  6.283E+00  6.283E+00
  5.951E-03  5.951E-03  0.000E+00  0.000E+00  6.283E+00  6.283E+00
  5.970E-03  5.970E-03  0.000E+00  0.000E+00  6.283E+00  6.283E+00
  5.990E-03  5.990E-03  0.000E+00  0.000E+00  6.283E+00  6.283E+00
  6.010E-03  6.010E-03  0.000E+00  0.000E+00  6.283E+00  6.283E+00
  6.030E-03  6.030E-03  0.000E+00  0.000E+00  6.283E+00  6.283E+00
  6.050E-03  6.050E-03  0.000E+00  0.000E+00  6.283E+00  6.283E+00
  6.070E-03  6.070E-03  0.000E+00  0.000E+00  6.283E+00  6.283E+00
  6.090E-03  6.090E-03  0.000E+00  0.000E+00  6.283E+00  6.283E+00
  6.110E-03  6.110E-03  0.000E+00  0.000E+00  6.283E+00  6.283E+00
  6.130E-03  6.130E-03  0.000E+00  0.000E+00  6.283E+00  6.283E+00
  6.150E-03  6.150E-03  0.000E+00  0.000E+00  6.283E+00  6.283E+00
  6.169E-03  6.169E-03  0.000E+00  0.000E+00  6.283E+00  6.283E+00
  6.189E-03  6.189E-03  0.000E+00  0.000E+00  6.283E+00  6.283E+00
  6.209E-03  6.209E-03  0.000E+00  0.000E+00  6.283E+00  6.283E+00
  6.229E-03  6.229E-03  0.000E+00  0.000E+00  6.283E+00  6.283E+00
  6.249E-03  6.249E-03  0.000E+00  0.000E+00  6.283E+00  6.283E+00
  6.269E-03  6.269E-03  0.000E+00  0.000E+00  6.283E+00  6.283E+00
  6.289E-03  6.289E-03  0.000E+00  0.000E+00  6.283E+00  6.283E+00
  6.309E-03  6.309E-03  0.000E+00  0.000E+00  6.283E+00  6.283E+00
  6.329E-03  6.329E-03  0.000E+00  0.000E+00  6.283E+00  6.283E+00
  6.349E-03  6.349E-03  0.000E+00  0.000E+00  6.283E+00  6.283E+00
  6.369E-03  6.369E-03  0.000E+00  0.000E+00  6.283E+00  6.283E+00
  6.388E-03  6.388E-03  0.000E+00  0.000E+00  6.283E+00  6.283E+00
  6.408E-03  6.408E-03  0.000E+00  0.000E+00  6.283E+00  6.283E+00
  6.428E-03  6.428E-03  0.000E+00  0.000E+00  6.283E+00  6.283E+00
  6.448E-03  6.448E-03  0.000E+00  0.000E+00  6.283E+00  6.283E+00
  6.468E-03  6.468E-03  0.000E+00  0.000E+00  6.283E+00  6.283E+00
  6.488E-03  6.488E-03  0.000E+00  0.000E+00  6.283E+00  6.283E+00
  6.508E-03  6.508E-03  0.000E+00  0.000E+00  6.283E+00  6.283E+00
  6.528E-03  6.528E-03  0.000E+00  0.000E+00  6.283E+00  6.283E+00
  6.548E-03  6.548E-03  0.000E+00  0.000E+00  6.283E+00  6.283E+00
  6.568E-03  6.568E-03  0.000E+00  0.000E+00  6.283E+00  6.283E+00
  6.587E-03  6.587E-03  0.000E+00  0.000E+00  6.283E+00  6.283E+00
  6.607E-03  6.607E-03  0.000E+00  0.000E+00  6.283E+00  6.283E+00
  6.627E-03  6.627E-03  0.000E+00  0.000E+00  6.283E+00  6.283E+00
  6.647E-03  6.647E-03  0.000E+00  0.000E+00  6.283E+00  6.283E+00
  6.667E-03  6.667E-03  0.000E+00  0.000E+00  6.283E+00  6.283E+00
  6.687E-03  6.687E-03  0.000E+00  0.000E+00  6.283E+00  6.283E+00
  6.707E-03  6.707E-03  0.000E+00  0.000E+00  6.283E+00  6.283E+00
  6.727E-03  6.727E-03  0.000E+00  0.000E+00  6.283E+00  6.283E+00
  6.747E-03  6.747E-03  0.000E+00  0.000E+00  6.283E+00  6.283E+00
  6.766E-03  6.766E-03  0.000E+00  0.000E+00  6.283E+00  6.283E+00
  6.786E-03  6.786E-03  0.000E+00  0.000E+00  6.283E+00  6.283E+00
  6.806E-03  6.806E-03  0.000E+00  0.000E+00  6.283E+00  6.283E+00
  6.826E-03  6.826E-03  0.000E+00  0.000E+00  6.283E+00  6.283E+00
  6.846E-03  6.846E-03  0.000E+00  0.000E+00  6.283E+00  6.283E+00
  6.866E-03  6.866E-03  0.000E+00  0.000E+00  6.283E+00  6.283E+00
  6.886E-03  6.886E-03  0.000E+00  0.000E+00  6.283E+00  6.283E+00
  6.906E-03  6.906E-03  0.000E+00  0.000E+00  6.283E+00  6.283E+00
  6.926E-03  6.926E-03  0.000E+00  0.000E+00  6.283E+00  6.283E+00
  6.946E-03  6.946E-03  0.000E+00  0.000E+00  6.283E+00  6.283E+00
  6.965E-03  6.965E-03  0.000E+00  0.000E+00  6.283E+00  6.283E+00
  6.985E-03  6.985E-03  0.000E+00  0.000E+00  6.283E+00  6.283E+00
  7.005E-03  7.005E-03  0.000E+00  0.000E+00  6.283E+00  6.283E+00
  7.025E-03  7.025E-03  0.000E+00  0.000E+00  6.283E+00  6.283E+00
  7.045E-03  7.045E-03  0.000E+00  0.000E+00  6.283E+00  6.283E+00
  7.065E-03  7.065E-03  0.000E+00  0.000E+00  6.283E+00  6.283E+00
  7.085E-03  7.085E-03  0.000E+00  0.000E+00  6.283E+00  6.283E+00
  7.105E-03  7.105E-03  0.000E+00  0.000E+00  6.283E+00  6.283E+00
  7.125E-03  7.125E-03  0.000E+00  0.000E+00  6.283E+00  6.283E+00
  7.145E-03  7.145E-03  0.000E+00  0.000E+00  6.283E+00  6.283E+00
  7.165E-03  7.165E-03  0.000E+00  0.000E+00  6.283E+00  6.283E+00
  7.184E-03  7.184E-03  0.000E+00  0.000E+00  6.283E+00  6.283E+00
  7.204E-03  7.204E-03  0.000E+00  0.000E+00  6.283E+00  6.283E+00
  7.224E-03  7.224E-03  0.000E+00  0.000E+00  6.283E+00  6.283E+00
  7.244E-03  7.244E-03  0.000E+00  0.000E+00  6.283E+00  6.283E+00
  7.264E-03  7.264E-03  0.000E+00  0.000E+00  6.283E+00  6.283E+00
  7.284E-03  7.284E-03  0.000E+00  0.000E+00  6.283E+00  6.283E+00
  7.304E-03  7.304E-03  0.000E+00  0.000E+00  6.283E+00  6.283E+00
  7.324E-03  7.324E-03  0.000E+00  0.000E+00  6.283E+00  6.283E+00
  7.344E-03  7.344E-03  0.000E+00  0.000E+00  6.283E+00  6.283E+00
  7.364E-03  7.364E-03  0.000E+00  0.000E+00  6.283E+00  6.283E+00
  7.383E-03  7.383E-03  0.000E+00  0.000E+00  6.283E+00  6.283E+00
  7.403E-03  7.403E-03  0.000E+00  0.000E+00  6.283E+00  6.283E+00
  7.423E-03  7.423E-03  0.000E+00  0.000E+00  6.283E+00  6.283E+00
  7.443E-03  7.443E-03  0.000E+00  0.000E+00  6.283E+00  6.283E+00
  7.463E-03  7.463E-03  0.000E+00  0.000E+00  6.283E+00  6.283E+00
  7.483E-03  7.483E-03  0.000E+00  0.000E+00  6.283E+00  6.283E+00
  7.503E-03  7.503E-03  0.000E+00  0.000E+00  6.283E+00  6.283E+00
  7.523E-03  7.523E-03  0.000E+00  0.000E+00  6.283E+00  6.283E+00
  7.543E-03  7.543E-03  0.000E+00  0.000E+00  6.283E+00  6.283E+00
  7.562E-03  7.562E-03  0.000E+00  0.000E+00  6.283E+00  6.283E+00
  7.582E-03  7.582E-03  0.000E+00  0.000E+00  6.283E+00  6.283E+00
  7.602E-03  7.602E-03  0.000E+00  0.000E+00  6.283E+00  6.283E+00
  7.622E-03  7.622E-03  0.000E+00  0.000E+00  6.283E+00  6.283E+00
  7.642E-03  7.642E-03  0.000E+00  0.000E+00  6.283E+00  6.283E+00
  7.662E-03  7.662E-03  0.000E+00  0.000E+00  6.283E+00  6.283E+00
  7.682E-03  7.682E-03  0.000E+00  0.000E+00  6.283E+00  6.283E+00
  7.702E-03  7.702E-03  0.000E+00  0.000E+00  6.283E+00  6.283E+00
  7.722E-03  7.722E-03  0.000E+00  0.000E+00  6.283E+00  6.283E+00
  7.742E-03  7.742E-03  0.000E+00  0.000E+00  6.283E+00  6.283E+00
  7.761E-03  7.761E-03  0.000E+00  0.000E+00  6.283E+00  6.283E+00
  7.781E-03  7.781E-03  0.000E+00  0.000E+00  6.283E+00  6.283E+00
  7.801E-03  7.801E-03  0.000E+00  0.000E+00  6.283E+00  6.283E+00
  7.821E-03  7.821E-03  0.000E+00  0.000E+00  6.283E+00  6.283E+00
  7.841E-03  7.841E-03  0.000E+00  0.000E+00  6.283E+00  6.283E+00
  7.861E-03  7.861E-03  0.000E+00  0.000E+00  6.283E+00  6.283E+00
  7.881E-03  7.881E-03  0.000E+00  0.000E+00  6.283E+00  6.283E+00
  7.901E-03  7.901E-03  0.000E+00  0.000E+00  6.283E+00  6.283E+00
  7.921E-03  7.921E-03  0.000E+00  0.000E+00  6.283E+00  6.283E+00
  7.941E-03  7.941E-03  0.000E+00  0.000E+00  6.283E+00  6.283E+00
  7.961E-03  7.961E-03  0.000E+00  0.000E+00  6.283E+00  6.283E+00
  7.980E-03  7.980E-03  0.000E+00  0.000E+00  6.283E+00  6.283E+00
  8.000E-03  8.000E-03  0.000E+00  0.000E+00  6.283E+00  6.283E+00
  8.020E-03  8.020E-03  0.000E+00  0.000E+00  6.283E+00  6.283E+00
  8.040E-03  8.040E-03  0.000E+00  0.000E+00  6.283E+00  6.283E+00
  8.060E-03  8.060E-03  0.000E+00  0.000E+00  6.283E+00  6.283E+00
  8.080E-03  8.080E-03  0.000E+00  0.000E+00  6.283E+00  6.283E+00
  8.100E-03  8.100E-03  0.000E+00  0.000E+00  6.283E+00  6.283E+00
  8.120E-03  8.120E-03  0.000E+00  0.000E+00  6.283E+00  6.283E+00
  8.140E-03  8.140E-03  0.000E+00  0.000E+00  6.283E+00  6.283E+00
  8.159E-03  8.159E-03  0.000E+00  0.000E+00  6.283E+00  6.283E+00
  8.179E-03  8.179E-03  0.000E+00  0.000E+00  6.283E+00  6.283E+00
  8.199E-03  8.199E-03  0.000E+00  0.000E+00  6.283E+00  6.283E+00
  8.219E-03  8.219E-03  0.000E+00  0.000E+00  6.283E+00  6.283E+00
  8.239E-03  8.239E-03  0.000E+00  0.000E+00  6.283E+00  6.283E+00
  8.259E-03  8.259E-03  0.000E+00  0.000E+00  6.283E+00  6.283E+00
  8.279E-03  8.279E-03  0.000E+00  0.000E+00  6.283E+00  6.283E+00
  8.299E-03  8.299E-03  0.000E+00  0.000E+00  6.283E+00  6.283E+00
  8.319E-03  8.319E-03  0.000E+00  0.000E+00  6.283E+00  6.283E+00
  8.339E-03  8.339E-03  0.000E+00  0.000E+00  6.283E+00  6.283E+00
  8.358E-03  8.358E-03  0.000E+00  0.000E+00  6.283E+00  6.283E+00
  8.378E-03  8.378E-03  0.000E+00  0.000E+00  6.283E+00  6.283E+00
  8.398E-03  8.398E-03  0.000E+00  0.000E+00  6.283E+00  6.283E+00
  8.418E-03  8.418E-03  0.000E+00  0.000E+00  6.283E+00  6.283E+00
  8.438E-03  8.438E-03  0.000E+00  0.000E+00  6.283E+00  6.283E+00
  8.458E-03  8.458E-03  0.000E+00  0.000E+00  6.283E+00  6.283E+00
  8.478E-03  8.478E-03  0.000E+00  0.000E+00  6.283E+00  6.283E+00
  8.498E-03  8.498E-03  0.000E+00  0.000E+00  6.283E+00  6.283E+00
  8.518E-03  8.518E-03  0.000E+00  0.000E+00  6.283E+00  6.283E+00
  8.538E-03  8.538E-03  0.000E+00  0.000E+00  6.283E+00  6.283E+00
  8.558E-03  8.558E-03  0.000E+00  0.000E+00  6.283E+00  6.283E+00
  8.577E-03  8.577E-03  0.000E+00  0.000E+00  6.283E+00  6.283E+00
  8.597E-03  8.597E-03  0.000E+00  0.000E+00  6.283E+00  6.283E+00
  8.617E-03  8.617E-03  0.000E+00  0.000E+00  6.283E+00  6.283E+00
  8.637E-03  8.637E-03  0.000E+00  0.000E+00  6.283E+00  6.283E+00
  8.657E-03  8.657E-03  0.000E+00  0.000E+00  6.283E+00  6.283E+00
  8.677E-03  8.677E-03  0.000E+00  0.000E+00  6.283E+00  6.283E+00
  8.697E-03  8.697E-03  0.000E+00  0.000E+00  6.283E+00  6.283E+00
  8.717E-03  8.717E-03  0.000E+00  0.000E+00  6.283E+00  6.283E+00
  8.737E-03  8.737E-03  0.000E+00  0.000E+00  6.283E+00  6.283E+00
  8.756E-03  8.756E-03  0.000E+00  0.000E+00  6.283E+00  6.283E+00
  8.776E-03  8.776E-03  0.000E+00  0.000E+00  6.283E+00  6.283E+00
  8.796E-03  8.796E-03  0.000E+00  0.000E+00  6.283E+00  6.283E+00
  8.816E-03  8.816E-03  0.000E+00  0.000E+00  6.283E+00  6.283E+00
  8.836E-03  8.836E-03  0.000E+00  0.000E+00  6.283E+00  6.283E+00
  8.856E-03  8.856E-03  0.000E+00  0.000E+00  6.283E+00  6.283E+00
  8.876E-03  8.876E-03  0.000E+00  0.000E+00  6.283E+00  6.283E+00
  8.896E-03  8.896E-03  0.000E+00  0.000E+00  6.283E+00  6.283E+00
  8.916E-03  8.916E-03  0.000E+00  0.000E+00  6.283E+00  6.283E+00
  8.936E-03  8.936E-03  0.000E+00  0.000E+00  6.283E+00  6.283E+00
  8.956E-03  8.956E-03  0.000E+00  0.000E+00  6.283E+00  6.283E+00
  8.975E-03  8.975E-03  0.000E+00  0.000E+00  6.283E+00  6.283E+00
  8.995E-03  8.995E-03  0.000E+00  0.000E+00  6.283E+00  6.283E+00
  9.015E-03  9.015E-03  0.000E+00  0.000E+00  6.283E+00  6.283E+00
  9.035E-03  9.035E-03  0.000E+00  0.000E+00  6.283E+00  6.283E+00
  9.055E-03  9.055E-03  0.000E+00  0.000E+00  6.283E+00  6.283E+00
  9.075E-03  9.075E-03  0.000E+00  0.000E+00  6.283E+00  6.283E+00
  9.095E-03  9.095E-03  0.000E+00  0.000E+00  6.283E+00  6.283E+00
  9.115E-03  9.115E-03  0.000E+00  0.000E+00  6.283E+00  6.283E+00
  9.135E-03  9.135E-03  0.000E+00  0.000E+00  6.283E+00  6.283E+00
  9.155E-03  9.155E-03  0.000E+00  0.000E+00  6.283E+00  6.283E+00
  9.174E-03  9.174E-03  0.000E+00  0.000E+00  6.283E+00  6.283E+00
  9.194E-03  9.194E-03  0.000E+00  0.000E+00  6.283E+00  6.283E+00
  9.214E-03  9.214E-03  0.000E+00  0.000E+00  6.283E+00  6.283E+00
  9.234E-03  9.234E-03  0.000E+00  0.000E+00  6.283E+00  6.283E+00
  9.254E-03  9.254E-03  0.000E+00  0.000E+00  6.283E+00  6.283E+00
  9.274E-03  9.274E-03  0.000E+00  0.000E+00  6.283E+00  6.283E+00
  9.294E-03  9.294E-03  0.000E+00  0.000E+00  6.283E+00  6.283E+00
  9.314E-03  9.314E-03  0.000E+00  0.000E+00  6.283E+00  6.283E+00
  9.334E-03  9.334E-03  0.000E+00  0.000E+00  6.283E+00  6.283E+00
  9.353E-03  9.353E-03  0.000E+00  0.000E+00  6.283E+00  6.283E+00
  9.373E-03  9.373E-03  0.000E+00  0.000E+00  6.283E+00  6.283E+00
  9.393E-03  9.393E-03  0.000E+00  0.000E+00  6.283E+00  6.283E+00
  9.413E-03  9.413E-03  0.000E+00  0.000E+00  6.283E+00  6.283E+00
  9.433E-03  9.433E-03  0.000E+00  0.000E+00  6.283E+00  6.283E+00
  9.453E-03  9.453E-03  0.000E+00  0.000E+00  6.283E+00  6.283E+00
  9.473E-03  9.473E-03  0.000E+00  0.000E+00  6.283E+00  6.283E+00
  9.493E-03  9.493E-03  0.000E+00  0.000E+00  6.283E+00  6.283E+00
  9.513E-03  9.513E-03  0.000E+00  0.000E+00  6.283E+00  6.283E+00
  9.533E-03  9.533E-03  0.000E+00  0.000E+00  6.283E+00  6.283E+00
  9.553E-03  9.553E-03  0.000E+00  0.000E+00  6.283E+00  6.283E+00
  9.572E-03  9.572E-03  0.000E+00  0.000E+00  6.283E+00  6.283E+00
  9.592E-03  9.592E-03  0.000E+00  0.000E+00  6.283E+00  6.283E+00
  9.612E-03  9.612E-03  0.000E+00  0.000E+00  6.283E+00  6.283E+00
  9.632E-03  9.632E-03  0.000E+00  0.000E+00  6.283E+00  6.283E+00
  9.652E-03  9.652E-03  0.000E+00  0.000E+00  6.283E+00  6.283E+00
  9.672E-03  9.672E-03  0.000E+00  0.000E+00  6.283E+00  6.283E+00
  9.692E-03  9.692E-03  0.000E+00  0.000E+00  6.283E+00  6.283E+00
  9.712E-03  9.712E-03  0.000E+00  0.000E+00  6.283E+00  6.283E+00
  9.732E-03  9.732E-03  0.000E+00  0.000E+00  6.283E+00  6.283E+00
  9.752E-03  9.752E-03  0.000E+00  0.000E+00  6.283E+00  6.283E+00
  9.771E-03  9.771E-03  0.000E+00  0.000E+00  6.283E+00  6.283E+00
  9.791E-03  9.791E-03  0.000E+00  0.000E+00  6.283E+00  6.283E+00
  9.811E-03  9.811E-03  0.000E+00  0.000E+00  6.283E+00  6.283E+00
  9.831E-03  9.831E-03  0.000E+00  0.000E+00  6.283E+00  6.283E+00
  9.851E-03  9.851E-03  0.000E+00  0.000E+00  6.283E+00  6.283E+00
  9.871E-03  9.871E-03  0.000E+00  0.000E+00  6.283E+00  6.283E+00
  9.891E-03  9.891E-03  0.000E+00  0.000E+00  6.283E+00  6.283E+00
  9.911E-03  9.911E-03  0.000E+00  0.000E+00  6.283E+00  6.283E+00
  9.931E-03  9.931E-03  0.000E+00  0.000E+00  6.283E+00  6.283E+00
  9.950E-03  9.950E-03  0.000E+00  0.000E+00  6.283E+00  6.283E+00
  9.970E-03  9.970E-03  0.000E+00  0.000E+00  6.283E+00  6.283E+00
  9.990E-03  9.990E-03  0.000E+00  0.000E+00  6.283E+00  6.283E+00
  1.001E-02  1.001E-02  0.000E+00  0.000E+00  6.283E+00  6.283E+00
  1.003E-02  1.003E-02  0.000E+00  0.000E+00  6.283E+00  6.283E+00
  1.005E-02  1.005E-02  0.000E+00  0.000E+00  6.283E+00  6.283E+00
  1.007E-02  1.007E-02  0.000E+00  0.000E+00  6.283E+00  6.283E+00
  1.009E-02  1.009E-02  0.000E+00  0.000E+00  6.283E+00  6.283E+00
  1.011E-02  1.011E-02  0.000E+00  0.000E+00  6.283E+00  6.283E+00
  1.013E-02  1.013E-02  0.000E+00  0.000E+00  6.283E+00  6.283E+00
  1.015E-02  1.015E-02  0.000E+00  0.000E+00  6.283E+00  6.283E+00
  1.017E-02  1.017E-02  0.000E+00  0.000E+00  6.283E+00  6.283E+00
  1.019E-02  1.019E-02  0.000E+00  0.000E+00  6.283E+00  6.283E+00
  1.021E-02  1.021E-02  0.000E+00  0.000E+00  6.283E+00  6.283E+00
  1.023E-02  1.023E-02  0.000E+00  0.000E+00  6.283E+00  6.283E+00
  1.025E-02  1.025E-02  0.000E+00  0.000E+00  6.283E+00  6.283E+00
  1.027E-02  1.027E-02  0.000E+00  0.000E+00  6.283E+00  6.283E+00
  1.029E-02  1.029E-02  0.000E+00  0.000E+00  6.283E+00  6.283E+00
  1.031E-02  1.031E-02  0.000E+00  0.000E+00  6.283E+00  6.283E+00
  1.033E-02  1.033E-02  0.000E+00  0.000E+00  6.283E+00  6.283E+00
  1.035E-02  1.035E-02  0.000E+00  0.000E+00  6.283E+00  6.283E+00
  1.037E-02  1.037E-02  0.000E+00  0.000E+00  6.283E+00  6.283E+00
  1.039E-02  1.039E-02  0.000E+00  0.000E+00  6.283E+00  6.283E+00
  1.041E-02  1.041E-02  0.000E+00  0.000E+00  6.283E+00  6.283E+00
  1.043E-02  1.043E-02  0.000E+00  0.000E+00  6.283E+00  6.283E+00
  1.045E-02  1.045E-02  0.000E+00  0.000E+00  6.283E+00  6.283E+00
  1.047E-02  1.047E-02  0.000E+00  0.000E+00  6.283E+00  6.283E+00
  1.049E-02  1.049E-02  0.000E+00  0.000E+00  6.283E+00  6.283E+00
  1.051E-02  1.051E-02  0.000E+00  0.000E+00  6.283E+00  6.283E+00
  1.053E-02  1.053E-02  0.000E+00  0.000E+00  6.283E+00  6.283E+00
  1.055E-02  1.055E-02  0.000E+00  0.000E+00  6.283E+00  6.283E+00
  1.057E-02  1.057E-02  0.000E+00  0.000E+00  6.283E+00  6.283E+00
  1.059E-02  1.059E-02  0.000E+00  0.000E+00  6.283E+00  6.283E+00
  1.061E-02  1.061E-02  0.000E+00  0.000E+00  6.283E+00  6.283E+00
  1.063E-02  1.063E-02  0.000E+00  0.000E+00  6.283E+00  6.283E+00
  1.065E-02  1.065E-02  0.000E+00  0.000E+00  6.283E+00  6.283E+00
  1.067E-02  1.067E-02  0.000E+00  0.000E+00  6.283E+00  6.283E+00
  1.069E-02  1.069E-02  0.000E+00  0.000E+00  6.283E+00  6.283E+00
  1.071E-02  1.071E-02  0.000E+00  0.000E+00  6.283E+00  6.283E+00
  1.073E-02  1.073E-02  0.000E+00  0.000E+00  6.283E+00  6.283E+00
  1.075E-02  1.075E-02  0.000E+00  0.000E+00  6.283E+00  6.283E+00
  1.077E-02  1.077E-02  0.000E+00  0.000E+00  6.283E+00  6.283E+00
  1.079E-02  1.079E-02  0.000E+00  0.000E+00  6.283E+00  6.283E+00
  1.081E-02  1.081E-02  0.000E+00  0.000E+00  6.283E+00  6.283E+00
  1.083E-02  1.083E-02  0.000E+00  0.000E+00  6.283E+00  6.283E+00
  1.085E-02  1.085E-02  0.000E+00  0.000E+00  6.283E+00  6.283E+00
  1.087E-02  1.087E-02  0.000E+00  0.000E+00  6.283E+00  6.283E+00
  1.089E-02  1.089E-02  0.000E+00  0.000E+00  6.283E+00  6.283E+00
  1.091E-02  1.091E-02  0.000E+00  0.000E+00  6.283E+00  6.283E+00
  1.093E-02  1.093E-02  0.000E+00  0.000E+00  6.283E+00  6.283E+00
  1.095E-02  1.095E-02  0.000E+00  0.000E+00  6.283E+00  6.283E+00
  1.097E-02  1.097E-02  0.000E+00  0.000E+00  6.283E+00  6.283E+00
  1.099E-02  1.099E-02  0.000E+00  0.000E+00  6.283E+00  6.283E+00
  1.101E-02  1.101E-02  0.000E+00  0.000E+00  6.283E+00  6.283E+00
  1.103E-02  1.103E-02  0.000E+00  0.000E+00  6.283E+00  6.283E+00
  1.105E-02  1.105E-02  0.000E+00  0.000E+00  6.283E+00  6.283E+00
  1.106E-02  1.106E-02  0.000E+00  0.000E+00  6.283E+00  6.283E+00
  1.108E-02  1.108E-02  0.000E+00  0.000E+00  6.283E+00  6.283E+00
  1.110E-02  1.110E-02  0.000E+00  0.000E+00  6.283E+00  6.283E+00
  1.112E-02  1.112E-02  0.000E+00  0.000E+00  6.283E+00  6.283E+00
  1.114E-02  1.114E-02  0.000E+00  0.000E+00  6.283E+00  6.283E+00
  1.116E-02  1.116E-02  0.000E+00  0.000E+00  6.283E+00  6.283E+00
  1.118E-02  1.118E-02  0.000E+00  0.000E+00  6.283E+00  6.283E+00
  1.120E-02  1.120E-02  0.000E+00  0.000E+00  6.283E+00  6.283E+00
  1.122E-02  1.122E-02  0.000E+00  0.000E+00  6.283E+00  6.283E+00
  1.124E-02  1.124E-02  0.000E+00  0.000E+00  6.283E+00  6.283E+00
  1.126E-02  1.126E-02  0.000E+00  0.000E+00  6.283E+00  6.283E+00
  1.128E-02  1.128E-02  0.000E+00  0.000E+00  6.283E+00  6.283E+00
  1.130E-02  1.130E-02  0.000E+00  0.000E+00  6.283E+00  6.283E+00
  1.132E-02  1.132E-02  0.000E+00  0.000E+00  6.283E+00  6.283E+00
  1.134E-02  1.134E-02  0.000E+00  0.000E+00  6.283E+00  6.283E+00
  1.136E-02  1.136E-02  0.000E+00  0.000E+00  6.283E+00  6.283E+00
  1.138E-02  1.138E-02  0.000E+00  0.000E+00  6.283E+00  6.283E+00
  1.140E-02  1.140E-02  0.000E+00  0.000E+00  6.283E+00  6.283E+00
  1.142E-02  1.142E-02  0.000E+00  0.000E+00  6.283E+00  6.283E+00
  1.144E-02  1.144E-02  0.000E+00  0.000E+00  6.283E+00  6.283E+00
  1.146E-02  1.146E-02  0.000E+00  0.000E+00  6.283E+00  6.283E+00
  1.148E-02  1.148E-02  0.000E+00  0.000E+00  6.283E+00  6.283E+00
  1.150E-02  1.150E-02  0.000E+00  0.000E+00  6.283E+00  6.283E+00
  1.152E-02  1.152E-02  0.000E+00  0.000E+00  6.283E+00  6.283E+00
  1.154E-02  1.154E-02  0.000E+00  0.000E+00  6.283E+00  6.283E+00
  1.156E-02  1.156E-02  0.000E+00  0.000E+00  6.283E+00  6.283E+00
  1.158E-02  1.158E-02  0.000E+00  0.000E+00  6.283E+00  6.283E+00
  1.160E-02  1.160E-02  0.000E+00  0.000E+00  6.283E+00  6.283E+00
  1.162E-02  1.162E-02  0.000E+00  0.000E+00  6.283E+00  6.283E+00
  1.164E-02  1.164E-02  0.000E+00  0.000E+00  6.283E+00  6.283E+00
  1.166E-02  1.166E-02  0.000E+00  0.000E+00  6.283E+00  6.283E+00
  1.168E-02  1.168E-02  0.000E+00  0.000E+00  6.283E+00  6.283E+00
  1.170E-02  1.170E-02  0.000E+00  0.000E+00  6.283E+00  6.283E+00
  1.172E-02  1.172E-02  0.000E+00  0.000E+00  6.283E+00  6.283E+00
  1.174E-02  1.174E-02  0.000E+00  0.000E+00  6.283E+00  6.283E+00
  1.176E-02  1.176E-02  0.000E+00  0.000E+00  6.283E+00  6.283E+00
  1.178E-02  1.178E-02  0.000E+00  0.000E+00  6.283E+00  6.283E+00
  1.180E-02  1.180E-02  0.000E+00  0.000E+00  6.283E+00  6.283E+00
  1.182E-02  1.182E-02  0.000E+00  0.000E+00  6.283E+00  6.283E+00
  1.184E-02  1.184E-02  0.000E+00  0.000E+00  6.283E+00  6.283E+00
  1.186E-02  1.186E-02  0.000E+00  0.000E+00  6.283E+00  6.283E+00
  1.188E-02  1.188E-02  0.000E+00  0.000E+00  6.283E+00  6.283E+00
  1.190E-02  1.190E-02  0.000E+00  0.000E+00  6.283E+00  6.283E+00
  1.192E-02  1.192E-02  0.000E+00  0.000E+00  6.283E+00  6.283E+00
  1.194E-02  1.194E-02  0.000E+00  0.000E+00  6.283E+00  6.283E+00
  1.196E-02  1.196E-02  0.000E+00  0.000E+00  6.283E+00  6.283E+00
  1.198E-02  1.198E-02  0.000E+00  0.000E+00  6.283E+00  6.283E+00
  1.200E-02  1.200E-02  0.000E+00  0.000E+00  6.283E+00  6.283E+00
  1.202E-02  1.202E-02  0.000E+00  0.000E+00  6.283E+00  6.283E+00
  1.204E-02  1.204E-02  0.000E+00  0.000E+00  6.283E+00  6.283E+00
  1.206E-02  1.206E-02  0.000E+00  0.000E+00  6.283E+00  6.283E+00
  1.208E-02  1.208E-02  0.000E+00  0.000E+00  6.283E+00  6.283E+00
  1.210E-02  1.210E-02  0.000E+00  0.000E+00  6.283E+00  6.283E+00
  1.212E-02  1.212E-02  0.000E+00  0.000E+00  6.283E+00  6.283E+00
  1.214E-02  1.214E-02  0.000E+00  0.000E+00  6.283E+00  6.283E+00
  1.216E-02  1.216E-02  0.000E+00  0.000E+00  6.283E+00  6.283E+00
  1.218E-02  1.218E-02  0.000E+00  0.000E+00  6.283E+00  6.283E+00
  1.220E-02  1.220E-02  0.000E+00  0.000E+00  6.283E+00  6.283E+00
  1.222E-02  1.222E-02  0.000E+00  0.000E+00  6.283E+00  6.283E+00
  1.224E-02  1.224E-02  0.000E+00  0.000E+00  6.283E+00  6.283E+00
  1.226E-02  1.226E-02  0.000E+00  0.000E+00  6.283E+00  6.283E+00
  1.228E-02  1.228E-02  0.000E+00  0.000E+00  6.283E+00  6.283E+00
  1.230E-02  1.230E-02  0.000E+00  0.000E+00  6.283E+00  6.283E+00
  1.232E-02  1.232E-02  0.000E+00  0.000E+00  6.283E+00  6.283E+00
  1.234E-02  1.234E-02  0.000E+00  0.000E+00  6.283E+00  6.283E+00
  1.236E-02  1.236E-02  0.000E+00  0.000E+00  6.283E+00  6.283E+00
  1.238E-02  1.238E-02  0.000E+00  0.000E+00  6.283E+00  6.283E+00
  1.240E-02  1.240E-02  0.000E+00  0.000E+00  6.283E+00  6.283E+00
  1.242E-02  1.242E-02  0.000E+00  0.000E+00  6.283E+00  6.283E+00
  1.244E-02  1.244E-02  0.000E+00  0.000E+00  6.283E+00  6.283E+00
  1.246E-02  1.246E-02  0.000E+00  0.000E+00  6.283E+00  6.283E+00
  1.248E-02  1.248E-02  0.000E+00  0.000E+00  6.283E+00  6.283E+00
  1.250E-02  1.250E-02  0.000E+00  0.000E+00  6.283E+00  6.283E+00
  1.252E-02  1.252E-02  0.000E+00  0.000E+00  6.283E+00  6.283E+00
  1.254E-02  1.254E-02  0.000E+00  0.000E+00  6.283E+00  6.283E+00
  1.256E-02  1.256E-02  0.000E+00  0.000E+00  6.283E+00  6.283E+00
  1.258E-02  1.258E-02  0.000E+00  0.000E+00  6.283E+00  6.283E+00
  1.260E-02  1.260E-02  0.000E+00  0.000E+00  6.283E+00  6.283E+00
  1.262E-02  1.262E-02  0.000E+00  0.000E+00  6.283E+00  6.283E+00
  1.264E-02  1.264E-02  0.000E+00  0.000E+00  6.283E+00  6.283E+00
  1.266E-02  1.266E-02  0.000E+00  0.000E+00  6.283E+00  6.283E+00
  1.268E-02  1.268E-02  0.000E+00  0.000E+00  6.283E+00  6.283E+00
  1.270E-02  1.270E-02  0.000E+00  0.000E+00  6.283E+00  6.283E+00
  1.272E-02  1.272E-02  0.000E+00  0.000E+00  6.283E+00  6.283E+00
  1.274E-02  1.274E-02  0.000E+00  0.000E+00  6.283E+00  6.283E+00
  1.276E-02  1.276E-02  0.000E+00  0.000E+00  6.283E+00  6.283E+00
  1.278E-02  1.278E-02  0.000E+00  0.000E+00  6.283E+00  6.283E+00
  1.280E-02  1.280E-02  0.000E+00  0.000E+00  6.283E+00  6.283E+00
  1.282E-02  1.282E-02  0.000E+00  0.000E+00  6.283E+00  6.283E+00
  1.284E-02  1.284E-02  0.000E+00  0.000E+00  6.283E+00  6.283E+00
  1.286E-02  1.286E-02  0.000E+00  0.000E+00  6.283E+00  6.283E+00
  1.288E-02  1.288E-02  0.000E+00  0.000E+00  6.283E+00  6.283E+00
  1.290E-02  1.290E-02  0.000E+00  0.000E+00  6.283E+00  6.283E+00
  1.292E-02  1.292E-02  0.000E+00  0.000E+00  6.283E+00  6.283E+00
  1.294E-02  1.294E-02  0.000E+00  0.000E+00  6.283E+00  6.283E+00
  1.296E-02  1.296E-02  0.000E+00  0.000E+00  6.283E+00  6.283E+00
  1.298E-02  1.298E-02  0.000E+00  0.000E+00  6.283E+00  6.283E+00
  1.300E-02  1.300E-02  0.000E+00  0.000E+00  6.283E+00  6.283E+00
  1.302E-02  1.302E-02  0.000E+00  0.000E+00  6.283E+00  6.283E+00
  1.304E-02  1.304E-02  0.000E+00  0.000E+00  6.283E+00  6.283E+00
  1.305E-02  1.305E-02  0.000E+00  0.000E+00  6.283E+00  6.283E+00
  1.307E-02  1.307E-02  0.000E+00  0.000E+00  6.283E+00  6.283E+00
  1.309E-02  1.309E-02  0.000E+00  0.000E+00  6.283E+00  6.283E+00
  1.311E-02  1.311E-02  0.000E+00  0.000E+00  6.283E+00  6.283E+00
  1.313E-02  1.313E-02  0.000E+00  0.000E+00  6.283E+00  6.283E+00
  1.315E-02  1.315E-02  0.000E+00  0.000E+00  6.283E+00  6.283E+00
  1.317E-02  1.317E-02  0.000E+00  0.000E+00  6.283E+00  6.283E+00
  1.319E-02  1.319E-02  0.000E+00  0.000E+00  6.283E+00  6.283E+00
  1.321E-02  1.321E-02  0.000E+00  0.000E+00  6.283E+00  6.283E+00
  1.323E-02  1.323E-02  0.000E+00  0.000E+00  6.283E+00  6.283E+00
  1.325E-02  1.325E-02  0.000E+00  0.000E+00  6.283E+00  6.283E+00
  1.327E-02  1.327E-02  0.000E+00  0.000E+00  6.283E+00  6.283E+00
  1.329E-02  1.329E-02  0.000E+00  0.000E+00  6.283E+00  6.283E+00
  1.331E-02  1.331E-02  0.000E+00  0.000E+00  6.283E+00  6.283E+00
  1.333E-02  1.333E-02  0.000E+00  0.000E+00  6.283E+00  6.283E+00
  1.335E-02  1.335E-02  0.000E+00  0.000E+00  6.283E+00  6.283E+00
  1.337E-02  1.337E-02  0.000E+00  0.000E+00  6.283E+00  6.283E+00
  1.339E-02  1.339E-02  0.000E+00  0.000E+00  6.283E+00  6.283E+00
  1.341E-02  1.341E-02  0.000E+00  0.000E+00  6.283E+00  6.283E+00
  1.343E-02  1.343E-02  0.000E+00  0.000E+00  6.283E+00  6.283E+00
  1.345E-02  1.345E-02  0.000E+00  0.000E+00  6.283E+00  6.283E+00
  1.347E-02  1.347E-02  0.000E+00  0.000E+00  6.283E+00  6.283E+00
  1.349E-02  1.349E-02  0.000E+00  0.000E+00  6.283E+00  6.283E+00
  1.351E-02  1.351E-02  0.000E+00  0.000E+00  6.283E+00  6.283E+00
  1.353E-02  1.353E-02  0.000E+00  0.000E+00  6.283E+00  6.283E+00
  1.355E-02  1.355E-02  0.000E+00  0.000E+00  6.283E+00  6.283E+00
  1.357E-02  1.357E-02  0.000E+00  0.000E+00  6.283E+00  6.283E+00
  1.359E-02  1.359E-02  0.000E+00  0.000E+00  6.283E+00  6.283E+00
  1.361E-02  1.361E-02  0.000E+00  0.000E+00  6.283E+00  6.283E+00
  1.363E-02  1.363E-02  0.000E+00  0.000E+00  6.283E+00  6.283E+00
  1.365E-02  1.365E-02  0.000E+00  0.000E+00  6.283E+00  6.283E+00
  1.367E-02  1.367E-02  0.000E+00  0.000E+00  6.283E+00  6.283E+00
  1.369E-02  1.369E-02  0.000E+00  0.000E+00  6.283E+00  6.283E+00
  1.371E-02  1.371E-02  0.000E+00  0.000E+00  6.283E+00  6.283E+00
  1.373E-02  1.373E-02  0.000E+00  0.000E+00  6.283E+00  6.283E+00
  1.375E-02  1.375E-02  0.000E+00  0.000E+00  6.283E+00  6.283E+00
  1.377E-02  1.377E-02  0.000E+00  0.000E+00  6.283E+00  6.283E+00
  1.379E-02  1.379E-02  0.000E+00  0.000E+00  6.283E+00  6.283E+00
  1.381E-02  1.381E-02  0.000E+00  0.000E+00  6.283E+00  6.283E+00
  1.383E-02  1.383E-02  0.000E+00  0.000E+00  6.283E+00  6.283E+00
  1.385E-02  1.385E-02  0.000E+00  0.000E+00  6.283E+00  6.283E+00
  1.387E-02  1.387E-02  0.000E+00  0.000E+00  6.283E+00  6.283E+00
  1.389E-02  1.389E-02  0.000E+00  0.000E+00  6.283E+00  6.283E+00
  1.391E-02  1.391E-02  0.000E+00  0.000E+00  6.283E+00  6.283E+00
  1.393E-02  1.393E-02  0.000E+00  0.000E+00  6.283E+00  6.283E+00
  1.395E-02  1.395E-02  0.000E+00  0.000E+00  6.283E+00  6.283E+00
  1.397E-02  1.397E-02  0.000E+00  0.000E+00  6.283E+00  6.283E+00
  1.399E-02  1.399E-02  0.000E+00  0.000E+00  6.283E+00  6.283E+00
  1.401E-02  1.401E-02  0.000E+00  0.000E+00  6.283E+00  6.283E+00
  1.403E-02  1.403E-02  0.000E+00  0.000E+00  6.283E+00  6.283E+00
  1.405E-02  1.405E-02  0.000E+00  0.000E+00  6.283E+00  6.283E+00
  1.407E-02  1.407E-02  0.000E+00  0.000E+00  6.283E+00  6.283E+00
  1.409E-02  1.409E-02  0.000E+00  0.000E+00  6.283E+00  6.283E+00
  1.411E-02  1.411E-02  0.000E+00  0.000E+00  6.283E+00  6.283E+00
  1.413E-02  1.413E-02  0.000E+00  0.000E+00  6.283E+00  6.283E+00
  1.415E-02  1.415E-02  0.000E+00  0.000E+00  6.283E+00  6.283E+00
  1.417E-02  1.417E-02  0.000E+00  0.000E+00  6.283E+00  6.283E+00
  1.419E-02  1.419E-02  0.000E+00  0.000E+00  6.283E+00  6.283E+00
  1.421E-02  1.421E-02  0.000E+00  0.000E+00  6.283E+00  6.283E+00
  1.423E-02  1.423E-02  0.000E+00  0.000E+00  6.283E+00  6.283E+00
  1.425E-02  1.425E-02  0.000E+00  0.000E+00  6.283E+00  6.283E+00
  1.427E-02  1.427E-02  0.000E+00  0.000E+00  6.283E+00  6.283E+00
  1.429E-02  1.429E-02  0.000E+00  0.000E+00  6.283E+00  6.283E+00
  1.431E-02  1.431E-02  0.000E+00  0.000E+00  6.283E+00  6.283E+00
  1.433E-02  1.433E-02  0.000E+00  0.000E+00  6.283E+00  6.283E+00
  1.435E-02  1.435E-02  0.000E+00  0.000E+00  6.283E+00  6.283E+00
  1.437E-02  1.437E-02  0.000E+00  0.000E+00  6.283E+00  6.283E+00
  1.439E-02  1.439E-02  0.000E+00  0.000E+00  6.283E+00  6.283E+00
  1.441E-02  1.441E-02  0.000E+00  0.000E+00  6.283E+00  6.283E+00
  1.443E-02  1.443E-02  0.000E+00  0.000E+00  6.283E+00  6.283E+00
  1.445E-02  1.445E-02  0.000E+00  0.000E+00  6.283E+00  6.283E+00
  1.447E-02  1.447E-02  0.000E+00  0.000E+00  6.283E+00  6.283E+00
  1.449E-02  1.449E-02  0.000E+00  0.000E+00  6.283E+00  6.283E+00
  1.451E-02  1.451E-02  0.000E+00  0.000E+00  6.283E+00  6.283E+00
  1.453E-02  1.453E-02  0.000E+00  0.000E+00  6.283E+00  6.283E+00
  1.455E-02  1.455E-02  0.000E+00  0.000E+00  6.283E+00  6.283E+00
  1.457E-02  1.457E-02  0.000E+00  0.000E+00  6.283E+00  6.283E+00
  1.459E-02  1.459E-02  0.000E+00  0.000E+00  6.283E+00  6.283E+00
  1.461E-02  1.461E-02  0.000E+00  0.000E+00  6.283E+00  6.283E+00
  1.463E-02  1.463E-02  0.000E+00  0.000E+00  6.283E+00  6.283E+00
  1.465E-02  1.465E-02  0.000E+00  0.000E+00  6.283E+00  6.283E+00
  1.467E-02  1.467E-02  0.000E+00  0.000E+00  6.283E+00  6.283E+00
  1.469E-02  1.469E-02  0.000E+00  0.000E+00  6.283E+00  6.283E+00
  1.471E-02  1.471E-02  0.000E+00  0.000E+00  6.283E+00  6.283E+00
  1.473E-02  1.473E-02  0.000E+00  0.000E+00  6.283E+00  6.283E+00
  1.475E-02  1.475E-02  0.000E+00  0.000E+00  6.283E+00  6.283E+00
  1.477E-02  1.477E-02  0.000E+00  0.000E+00  6.283E+00  6.283E+00
  1.479E-02  1.479E-02  0.000E+00  0.000E+00  6.283E+00  6.283E+00
  1.481E-02  1.481E-02  0.000E+00  0.000E+00  6.283E+00  6.283E+00
  1.483E-02  1.483E-02  0.000E+00  0.000E+00  6.283E+00  6.283E+00
  1.485E-02  1.485E-02  0.000E+00  0.000E+00  6.283E+00  6.283E+00
  1.487E-02  1.487E-02  0.000E+00  0.000E+00  6.283E+00  6.283E+00
  1.489E-02  1.489E-02  0.000E+00  0.000E+00  6.283E+00  6.283E+00
  1.491E-02  1.491E-02  0.000E+00  0.000E+00  6.283E+00  6.283E+00
  1.493E-02  1.493E-02  0.000E+00  0.000E+00  6.283E+00  6.283E+00
  1.495E-02  1.495E-02  0.000E+00  0.000E+00  6.283E+00  6.283E+00
  1.497E-02  1.497E-02  0.000E+00  0.000E+00  6.283E+00  6.283E+00
  1.499E-02  1.499E-02  0.000E+00  0.000E+00  6.283E+00  6.283E+00
  1.501E-02  1.501E-02  0.000E+00  0.000E+00  6.283E+00  6.283E+00
  1.503E-02  1.503E-02  0.000E+00  0.000E+00  6.283E+00  6.283E+00
  1.504E-02  1.504E-02  0.000E+00  0.000E+00  6.283E+00  6.283E+00
  1.506E-02  1.506E-02  0.000E+00  0.000E+00  6.283E+00  6.283E+00
  1.508E-02  1.508E-02  0.000E+00  0.000E+00  6.283E+00  6.283E+00
  1.510E-02  1.510E-02  0.000E+00  0.000E+00  6.283E+00  6.283E+00
  1.512E-02  1.512E-02  0.000E+00  0.000E+00  6.283E+00  6.283E+00
  1.514E-02  1.514E-02  0.000E+00  0.000E+00  6.283E+00  6.283E+00
  1.516E-02  1.516E-02  0.000E+00  0.000E+00  6.283E+00  6.283E+00
  1.518E-02  1.518E-02  0.000E+00  0.000E+00  6.283E+00  6.283E+00
  1.520E-02  1.520E-02  0.000E+00  0.000E+00  6.283E+00  6.283E+00
  1.522E-02  1.522E-02  0.000E+00  0.000E+00  6.283E+00  6.283E+00
  1.524E-02  1.524E-02  0.000E+00  0.000E+00  6.283E+00  6.283E+00
  1.526E-02  1.526E-02  0.000E+00  0.000E+00  6.283E+00  6.283E+00
  1.528E-02  1.528E-02  0.000E+00  0.000E+00  6.283E+00  6.283E+00
  1.530E-02  1.530E-02  0.000E+00  0.000E+00  6.283E+00  6.283E+00
  1.532E-02  1.532E-02  0.000E+00  0.000E+00  6.283E+00  6.283E+00
  1.534E-02  1.534E-02  0.000E+00  0.000E+00  6.283E+00  6.283E+00
  1.536E-02  1.536E-02  0.000E+00  0.000E+00  6.283E+00  6.283E+00
  1.538E-02  1.538E-02  0.000E+00  0.000E+00  6.283E+00  6.283E+00
  1.540E-02  1.540E-02  0.000E+00  0.000E+00  6.283E+00  6.283E+00
  1.542E-02  1.542E-02  0.000E+00  0.000E+00  6.283E+00  6.283E+00
  1.544E-02  1.544E-02  0.000E+00  0.000E+00  6.283E+00  6.283E+00
  1.546E-02  1.546E-02  0.000E+00  0.000E+00  6.283E+00  6.283E+00
  1.548E-02  1.548E-02  0.000E+00  0.000E+00  6.283E+00  6.283E+00
  1.550E-02  1.550E-02  0.000E+00  0.000E+00  6.283E+00  6.283E+00
  1.552E-02  1.552E-02  0.000E+00  0.000E+00  6.283E+00  6.283E+00
  1.554E-02  1.554E-02  0.000E+00  0.000E+00  6.283E+00  6.283E+00
  1.556E-02  1.556E-02  0.000E+00  0.000E+00  6.283E+00  6.283E+00
  1.558E-02  1.558E-02  0.000E+00  0.000E+00  6.283E+00  6.283E+00
  1.560E-02  1.560E-02  0.000E+00  0.000E+00  6.283E+00  6.283E+00
  1.562E-02  1.562E-02  0.000E+00  0.000E+00  6.283E+00  6.283E+00
  1.564E-02  1.564E-02  0.000E+00  0.000E+00  6.283E+00  6.283E+00
  1.566E-02  1.566E-02  0.000E+00  0.000E+00  6.283E+00  6.283E+00
  1.568E-02  1.568E-02  0.000E+00  0.000E+00  6.283E+00  6.283E+00
  1.570E-02  1.570E-02  0.000E+00  0.000E+00  6.283E+00  6.283E+00
  1.572E-02  1.572E-02  0.000E+00  0.000E+00  6.283E+00  6.283E+00
  1.574E-02  1.574E-02  0.000E+00  0.000E+00  6.283E+00  6.283E+00
  1.576E-02  1.576E-02  0.000E+00  0.000E+00  6.283E+00  6.283E+00
  1.578E-02  1.578E-02  0.000E+00  0.000E+00  6.283E+00  6.283E+00
  1.580E-02  1.580E-02  0.000E+00  0.000E+00  6.283E+00  6.283E+00
  1.582E-02  1.582E-02  0.000E+00  0.000E+00  6.283E+00  6.283E+00
  1.584E-02  1.584E-02  0.000E+00  0.000E+00  6.283E+00  6.283E+00
  1.586E-02  1.586E-02  0.000E+00  0.000E+00  6.283E+00  6.283E+00
  1.588E-02  1.588E-02  0.000E+00  0.000E+00  6.283E+00  6.283E+00
  1.590E-02  1.590E-02  0.000E+00  0.000E+00  6.283E+00  6.283E+00
  1.592E-02  1.592E-02  0.000E+00  0.000E+00  6.283E+00  6.283E+00
  1.594E-02  1.594E-02  0.000E+00  0.000E+00  6.283E+00  6.283E+00
  1.596E-02  1.596E-02  0.000E+00  0.000E+00  6.283E+00  6.283E+00
  1.598E-02  1.598E-02  0.000E+00  0.000E+00  6.283E+00  6.283E+00
  1.600E-02  1.600E-02  0.000E+00  0.000E+00  6.283E+00  6.283E+00
  1.602E-02  1.602E-02  0.000E+00  0.000E+00  6.283E+00  6.283E+00
  1.604E-02  1.604E-02  0.000E+00  0.000E+00  6.283E+00  6.283E+00
  1.606E-02  1.606E-02  0.000E+00  0.000E+00  6.283E+00  6.283E+00
  1.608E-02  1.608E-02  0.000E+00  0.000E+00  6.283E+00  6.283E+00
  1.610E-02  1.610E-02  0.000E+00  0.000E+00  6.283E+00  6.283E+00
  1.612E-02  1.612E-02  0.000E+00  0.000E+00  6.283E+00  6.283E+00
  1.614E-02  1.614E-02  0.000E+00  0.000E+00  6.283E+00  6.283E+00
  1.616E-02  1.616E-02  0.000E+00  0.000E+00  6.283E+00  6.283E+00
  1.618E-02  1.618E-02  0.000E+00  0.000E+00  6.283E+00  6.283E+00
  1.620E-02  1.620E-02  0.000E+00  0.000E+00  6.283E+00  6.283E+00
  1.622E-02  1.622E-02  0.000E+00  0.000E+00  6.283E+00  6.283E+00
  1.624E-02  1.624E-02  0.000E+00  0.000E+00  6.283E+00  6.283E+00
  1.626E-02  1.626E-02  0.000E+00  0.000E+00  6.283E+00  6.283E+00
  1.628E-02  1.628E-02  0.000E+00  0.000E+00  6.283E+00  6.283E+00
  1.630E-02  1.630E-02  0.000E+00  0.000E+00  6.283E+00  6.283E+00
  1.632E-02  1.632E-02  0.000E+00  0.000E+00  6.283E+00  6.283E+00
  1.634E-02  1.634E-02  0.000E+00  0.000E+00  6.283E+00  6.283E+00
  1.636E-02  1.636E-02  0.000E+00  0.000E+00  6.283E+00  6.283E+00
  1.638E-02  1.638E-02  0.000E+00  0.000E+00  6.283E+00  6.283E+00
  1.640E-02  1.640E-02  0.000E+00  0.000E+00  6.283E+00  6.283E+00
  1.642E-02  1.642E-02  0.000E+00  0.000E+00  6.283E+00  6.283E+00
  1.644E-02  1.644E-02  0.000E+00  0.000E+00  6.283E+00  6.283E+00
  1.646E-02  1.646E-02  0.000E+00  0.000E+00  6.283E+00  6.283E+00
  1.648E-02  1.648E-02  0.000E+00  0.000E+00  6.283E+00  6.283E+00
  1.650E-02  1.650E-02  0.000E+00  0.000E+00  6.283E+00  6.283E+00
  1.652E-02  1.652E-02  0.000E+00  0.000E+00  6.283E+00  6.283E+00
  1.654E-02  1.654E-02  0.000E+00  0.000E+00  6.283E+00  6.283E+00
  1.656E-02  1.656E-02  0.000E+00  0.000E+00  6.283E+00  6.283E+00
  1.658E-02  1.658E-02  0.000E+00  0.000E+00  6.283E+00  6.283E+00
  1.660E-02  1.660E-02  0.000E+00  0.000E+00  6.283E+00  6.283E+00
  1.662E-02  1.662E-02  0.000E+00  0.000E+00  6.283E+00  6.283E+00
  1.664E-02  1.664E-02  0.000E+00  0.000E+00  6.283E+00  6.283E+00
  1.666E-02  1.666E-02  0.000E+00  0.000E+00  6.283E+00  6.283E+00
  1.668E-02  1.668E-02  0.000E+00  0.000E+00  6.283E+00  6.283E+00
  1.670E-02  1.670E-02  0.000E+00  0.000E+00  6.283E+00  6.283E+00
  1.672E-02  1.672E-02  0.000E+00  0.000E+00  6.283E+00  6.283E+00
  1.674E-02  1.674E-02  0.000E+00  0.000E+00  6.283E+00  6.283E+00
  1.676E-02  1.676E-02  0.000E+00  0.000E+00  6.283E+00  6.283E+00
  1.678E-02  1.678E-02  0.000E+00  0.000E+00  6.283E+00  6.283E+00
  1.680E-02  1.680E-02  0.000E+00  0.000E+00  6.283E+00  6.283E+00
  1.682E-02  1.682E-02  0.000E+00  0.000E+00  6.283E+00  6.283E+00
  1.684E-02  1.684E-02  0.000E+00  0.000E+00  6.283E+00  6.283E+00
  1.686E-02  1.686E-02  0.000E+00  0.000E+00  6.283E+00  6.283E+00
  1.688E-02  1.688E-02  0.000E+00  0.000E+00  6.283E+00  6.283E+00
  1.690E-02  1.690E-02  0.000E+00  0.000E+00  6.283E+00  6.283E+00
  1.692E-02  1.692E-02  0.000E+00  0.000E+00  6.283E+00  6.283E+00
  1.694E-02  1.694E-02  0.000E+00  0.000E+00  6.283E+00  6.283E+00
  1.696E-02  1.696E-02  0.000E+00  0.000E+00  6.283E+00  6.283E+00
  1.698E-02  1.698E-02  0.000E+00  0.000E+00  6.283E+00  6.283E+00
  1.700E-02  1.700E-02  0.000E+00  0.000E+00  6.283E+00  6.283E+00
  1.702E-02  1.702E-02  0.000E+00  0.000E+00  6.283E+00  6.283E+00
  1.703E-02  1.703E-02  0.000E+00  0.000E+00  6.283E+00  6.283E+00
  1.705E-02  1.705E-02  0.000E+00  0.000E+00  6.283E+00  6.283E+00
  1.707E-02  1.707E-02  0.000E+00  0.000E+00  6.283E+00  6.283E+00
  1.709E-02  1.709E-02  0.000E+00  0.000E+00  6.283E+00  6.283E+00
  1.711E-02  1.711E-02  0.000E+00  0.000E+00  6.283E+00  6.283E+00
  1.713E-02  1.713E-02  0.000E+00  0.000E+00  6.283E+00  6.283E+00
  1.715E-02  1.715E-02  0.000E+00  0.000E+00  6.283E+00  6.283E+00
  1.717E-02  1.717E-02  0.000E+00  0.000E+00  6.283E+00  6.283E+00
  1.719E-02  1.719E-02  0.000E+00  0.000E+00  6.283E+00  6.283E+00
  1.721E-02  1.721E-02  0.000E+00  0.000E+00  6.283E+00  6.283E+00
  1.723E-02  1.723E-02  0.000E+00  0.000E+00  6.283E+00  6.283E+00
  1.725E-02  1.725E-02  0.000E+00  0.000E+00  6.283E+00  6.283E+00
  1.727E-02  1.727E-02  0.000E+00  0.000E+00  6.283E+00  6.283E+00
  1.729E-02  1.729E-02  0.000E+00  0.000E+00  6.283E+00  6.283E+00
  1.731E-02  1.731E-02  0.000E+00  0.000E+00  6.283E+00  6.283E+00
  1.733E-02  1.733E-02  0.000E+00  0.000E+00  6.283E+00  6.283E+00
  1.735E-02  1.735E-02  0.000E+00  0.000E+00  6.283E+00  6.283E+00
  1.737E-02  1.737E-02  0.000E+00  0.000E+00  6.283E+00  6.283E+00
  1.739E-02  1.739E-02  0.000E+00  0.000E+00  6.283E+00  6.283E+00
  1.741E-02  1.741E-02  0.000E+00  0.000E+00  6.283E+00  6.283E+00
  1.743E-02  1.743E-02  0.000E+00  0.000E+00  6.283E+00  6.283E+00
  1.745E-02  1.745E-02  0.000E+00  0.000E+00  6.283E+00  6.283E+00
  1.747E-02  1.747E-02  0.000E+00  0.000E+00  6.283E+00  6.283E+00
  1.749E-02  1.749E-02  0.000E+00  0.000E+00  6.283E+00  6.283E+00
  1.751E-02  1.751E-02  0.000E+00  0.000E+00  6.283E+00  6.283E+00
  1.753E-02  1.753E-02  0.000E+00  0.000E+00  6.283E+00  6.283E+00
  1.755E-02  1.755E-02  0.000E+00  0.000E+00  6.283E+00  6.283E+00
  1.757E-02  1.757E-02  0.000E+00  0.000E+00  6.283E+00  6.283E+00
  1.759E-02  1.759E-02  0.000E+00  0.000E+00  6.283E+00  6.283E+00
  1.761E-02  1.761E-02  0.000E+00  0.000E+00  6.283E+00  6.283E+00
  1.763E-02  1.763E-02  0.000E+00  0.000E+00  6.283E+00  6.283E+00
  1.765E-02  1.765E-02  0.000E+00  0.000E+00  6.283E+00  6.283E+00
  1.767E-02  1.767E-02  0.000E+00  0.000E+00  6.283E+00  6.283E+00
  1.769E-02  1.769E-02  0.000E+00  0.000E+00  6.283E+00  6.283E+00
  1.771E-02  1.771E-02  0.000E+00  0.000E+00  6.283E+00  6.283E+00
  1.773E-02  1.773E-02  0.000E+00  0.000E+00  6.283E+00  6.283E+00
  1.775E-02  1.775E-02  0.000E+00  0.000E+00  6.283E+00  6.283E+00
  1.777E-02  1.777E-02  0.000E+00  0.000E+00  6.283E+00  6.283E+00
  1.779E-02  1.779E-02  0.000E+00  0.000E+00  6.283E+00  6.283E+00
  1.781E-02  1.781E-02  0.000E+00  0.000E+00  6.283E+00  6.283E+00
  1.783E-02  1.783E-02  0.000E+00  0.000E+00  6.283E+00  6.283E+00
  1.785E-02  1.785E-02  0.000E+00  0.000E+00  6.283E+00  6.283E+00
  1.787E-02  1.787E-02  0.000E+00  0.000E+00  6.283E+00  6.283E+00
  1.789E-02  1.789E-02  0.000E+00  0.000E+00  6.283E+00  6.283E+00
  1.791E-02  1.791E-02  0.000E+00  0.000E+00  6.283E+00  6.283E+00
  1.793E-02  1.793E-02  0.000E+00  0.000E+00  6.283E+00  6.283E+00
  1.795E-02  1.795E-02  0.000E+00  0.000E+00  6.283E+00  6.283E+00
  1.797E-02  1.797E-02  0.000E+00  0.000E+00  6.283E+00  6.283E+00
  1.799E-02  1.799E-02  0.000E+00  0.000E+00  6.283E+00  6.283E+00
  1.801E-02  1.801E-02  0.000E+00  0.000E+00  6.283E+00  6.283E+00
  1.803E-02  1.803E-02  0.000E+00  0.000E+00  6.283E+00  6.283E+00
  1.805E-02  1.805E-02  0.000E+00  0.000E+00  6.283E+00  6.283E+00
  1.807E-02  1.807E-02  0.000E+00  0.000E+00  6.283E+00  6.283E+00
  1.809E-02  1.809E-02  0.000E+00  0.000E+00  6.283E+00  6.283E+00
  1.811E-02  1.811E-02  0.000E+00  0.000E+00  6.283E+00  6.283E+00
  1.813E-02  1.813E-02  0.000E+00  0.000E+00  6.283E+00  6.283E+00
  1.815E-02  1.815E-02  0.000E+00  0.000E+00  6.283E+00  6.283E+00
  1.817E-02  1.817E-02  0.000E+00  0.000E+00  6.283E+00  6.283E+00
  1.819E-02  1.819E-02  0.000E+00  0.000E+00  6.283E+00  6.283E+00
  1.821E-02  1.821E-02  0.000E+00  0.000E+00  6.283E+00  6.283E+00
  1.823E-02  1.823E-02  0.000E+00  0.000E+00  6.283E+00  6.283E+00
  1.825E-02  1.825E-02  0.000E+00  0.000E+00  6.283E+00  6.283E+00
  1.827E-02  1.827E-02  0.000E+00  0.000E+00  6.283E+00  6.283E+00
  1.829E-02  1.829E-02  0.000E+00  0.000E+00  6.283E+00  6.283E+00
  1.831E-02  1.831E-02  0.000E+00  0.000E+00  6.283E+00  6.283E+00
  1.833E-02  1.833E-02  0.000E+00  0.000E+00  6.283E+00  6.283E+00
  1.835E-02  1.835E-02  0.000E+00  0.000E+00  6.283E+00  6.283E+00
  1.837E-02  1.837E-02  0.000E+00  0.000E+00  6.283E+00  6.283E+00
  1.839E-02  1.839E-02  0.000E+00  0.000E+00  6.283E+00  6.283E+00
  1.841E-02  1.841E-02  0.000E+00  0.000E+00  6.283E+00  6.283E+00
  1.843E-02  1.843E-02  0.000E+00  0.000E+00  6.283E+00  6.283E+00
  1.845E-02  1.845E-02  0.000E+00  0.000E+00  6.283E+00  6.283E+00
  1.847E-02  1.847E-02  0.000E+00  0.000E+00  6.283E+00  6.283E+00
  1.849E-02  1.849E-02  0.000E+00  0.000E+00  6.283E+00  6.283E+00
  1.851E-02  1.851E-02  0.000E+00  0.000E+00  6.283E+00  6.283E+00
  1.853E-02  1.853E-02  0.000E+00  0.000E+00  6.283E+00  6.283E+00
  1.855E-02  1.855E-02  0.000E+00  0.000E+00  6.283E+00  6.283E+00
  1.857E-02  1.857E-02  0.000E+00  0.000E+00  6.283E+00  6.283E+00
  1.859E-02  1.859E-02  0.000E+00  0.000E+00  6.283E+00  6.283E+00
  1.861E-02  1.861E-02  0.000E+00  0.000E+00  6.283E+00  6.283E+00
  1.863E-02  1.863E-02  0.000E+00  0.000E+00  6.283E+00  6.283E+00
  1.865E-02  1.865E-02  0.000E+00  0.000E+00  6.283E+00  6.283E+00
  1.867E-02  1.867E-02  0.000E+00  0.000E+00  6.283E+00  6.283E+00
  1.869E-02  1.869E-02  0.000E+00  0.000E+00  6.283E+00  6.283E+00
  1.871E-02  1.871E-02  0.000E+00  0.000E+00  6.283E+00  6.283E+00
  1.873E-02  1.873E-02  0.000E+00  0.000E+00  6.283E+00  6.283E+00
  1.875E-02  1.875E-02  0.000E+00  0.000E+00  6.283E+00  6.283E+00
  1.877E-02  1.877E-02  0.000E+00  0.000E+00  6.283E+00  6.283E+00
  1.879E-02  1.879E-02  0.000E+00  0.000E+00  6.283E+00  6.283E+00
  1.881E-02  1.881E-02  0.000E+00  0.000E+00  6.283E+00  6.283E+00
  1.883E-02  1.883E-02  0.000E+00  0.000E+00  6.283E+00  6.283E+00
  1.885E-02  1.885E-02  0.000E+00  0.000E+00  6.283E+00  6.283E+00
  1.887E-02  1.887E-02  0.000E+00  0.000E+00  6.283E+00  6.283E+00
  1.889E-02  1.889E-02  0.000E+00  0.000E+00  6.283E+00  6.283E+00
  1.891E-02  1.891E-02  0.000E+00  0.000E+00  6.283E+00  6.283E+00
  1.893E-02  1.893E-02  0.000E+00  0.000E+00  6.283E+00  6.283E+00
  1.895E-02  1.895E-02  0.000E+00  0.000E+00  6.283E+00  6.283E+00
  1.897E-02  1.897E-02  0.000E+00  0.000E+00  6.283E+00  6.283E+00
  1.899E-02  1.899E-02  0.000E+00  0.000E+00  6.283E+00  6.283E+00
  1.901E-02  1.901E-02  0.000E+00  0.000E+00  6.283E+00  6.283E+00
  1.902E-02  1.902E-02  0.000E+00  0.000E+00  6.283E+00  6.283E+00
  1.904E-02  1.904E-02  0.000E+00  0.000E+00  6.283E+00  6.283E+00
  1.906E-02  1.906E-02  0.000E+00  0.000E+00  6.283E+00  6.283E+00
  1.908E-02  1.908E-02  0.000E+00  0.000E+00  6.283E+00  6.283E+00
  1.910E-02  1.910E-02  0.000E+00  0.000E+00  6.283E+00  6.283E+00
  1.912E-02  1.912E-02  0.000E+00  0.000E+00  6.283E+00  6.283E+00
  1.914E-02  1.914E-02  0.000E+00  0.000E+00  6.283E+00  6.283E+00
  1.916E-02  1.916E-02  0.000E+00  0.000E+00  6.283E+00  6.283E+00
  1.918E-02  1.918E-02  0.000E+00  0.000E+00  6.283E+00  6.283E+00
  1.920E-02  1.920E-02  0.000E+00  0.000E+00  6.283E+00  6.283E+00
  1.922E-02  1.922E-02  0.000E+00  0.000E+00  6.283E+00  6.283E+00
  1.924E-02  1.924E-02  0.000E+00  0.000E+00  6.283E+00  6.283E+00
  1.926E-02  1.926E-02  0.000E+00  0.000E+00  6.283E+00  6.283E+00
  1.928E-02  1.928E-02  0.000E+00  0.000E+00  6.283E+00  6.283E+00
  1.930E-02  1.930E-02  0.000E+00  0.000E+00  6.283E+00  6.283E+00
  1.932E-02  1.932E-02  0.000E+00  0.000E+00  6.283E+00  6.283E+00
  1.934E-02  1.934E-02  0.000E+00  0.000E+00  6.283E+00  6.283E+00
  1.936E-02  1.936E-02  0.000E+00  0.000E+00  6.283E+00  6.283E+00
  1.938E-02  1.938E-02  0.000E+00  0.000E+00  6.283E+00  6.283E+00
  1.940E-02  1.940E-02  0.000E+00  0.000E+00  6.283E+00  6.283E+00
  1.942E-02  1.942E-02  0.000E+00  0.000E+00  6.283E+00  6.283E+00
  1.944E-02  1.944E-02  0.000E+00  0.000E+00  6.283E+00  6.283E+00
  1.946E-02  1.946E-02  0.000E+00  0.000E+00  6.283E+00  6.283E+00
  1.948E-02  1.948E-02  0.000E+00  0.000E+00  6.283E+00  6.283E+00
  1.950E-02  1.950E-02  0.000E+00  0.000E+00  6.283E+00  6.283E+00
  1.952E-02  1.952E-02  0.000E+00  0.000E+00  6.283E+00  6.283E+00
  1.954E-02  1.954E-02  0.000E+00  0.000E+00  6.283E+00  6.283E+00
  1.956E-02  1.956E-02  0.000E+00  0.000E+00  6.283E+00  6.283E+00
  1.958E-02  1.958E-02  0.000E+00  0.000E+00  6.283E+00  6.283E+00
  1.960E-02  1.960E-02  0.000E+00  0.000E+00  6.283E+00  6.283E+00
  1.962E-02  1.962E-02  0.000E+00  0.000E+00  6.283E+00  6.283E+00
  1.964E-02  1.964E-02  0.000E+00  0.000E+00  6.283E+00  6.283E+00
  1.966E-02  1.966E-02  0.000E+00  0.000E+00  6.283E+00  6.283E+00
  1.968E-02  1.968E-02  0.000E+00  0.000E+00  6.283E+00  6.283E+00
  1.970E-02  1.970E-02  0.000E+00  0.000E+00  6.283E+00  6.283E+00
  1.972E-02  1.972E-02  0.000E+00  0.000E+00  6.283E+00  6.283E+00
  1.974E-02  1.974E-02  0.000E+00  0.000E+00  6.283E+00  6.283E+00
  1.976E-02  1.976E-02  0.000E+00  0.000E+00  6.283E+00  6.283E+00
  1.978E-02  1.978E-02  0.000E+00  0.000E+00  6.283E+00  6.283E+00
  1.980E-02  1.980E-02  0.000E+00  0.000E+00  6.283E+00  6.283E+00
  1.982E-02  1.982E-02  0.000E+00  0.000E+00  6.283E+00  6.283E+00
  1.984E-02  1.984E-02  0.000E+00  0.000E+00  6.283E+00  6.283E+00
  1.986E-02  1.986E-02  0.000E+00  0.000E+00  6.283E+00  6.283E+00
  1.988E-02  1.988E-02  0.000E+00  0.000E+00  6.283E+00  6.283E+00
  1.990E-02  1.990E-02  0.000E+00  0.000E+00  6.283E+00  6.283E+00
  1.992E-02  1.992E-02  0.000E+00  0.000E+00  6.283E+00  6.283E+00
  1.994E-02  1.994E-02  0.000E+00  0.000E+00  6.283E+00  6.283E+00
  1.996E-02  1.996E-02  0.000E+00  0.000E+00  6.283E+00  6.283E+00
  1.998E-02  1.998E-02  0.000E+00  0.000E+00  6.283E+00  6.283E+00
  2.000E-02  2.000E-02  0.000E+00  0.000E+00  6.283E+00  6.283E+00
