#
# Sample name: Sample title.                                                   
# Sample id:   
# Sample type: 
# User name:   
# Sample description: 
#
# Start time:    2025-12-15, 14:45:40
# Real time (s): 5475.910
# Live time (s): 5076.570
#
# Total counts:  29804962
#
# Left marker:  20 (4.751 keV)
# Right marker: 50 (12.067 keV)
# Counts:       572751
#
# Energy calibration coefficients ( E = sum(Ai * n**i) )
#     A0: -0.126274
#     A1: 0.243864
#     A2: 0.000000
#     A3: 0.000000
# Energy unit: keV
#
# Channel data
# n	energy(keV)	counts	rate(1/s)
#-----------------------------------------------------------------------
1	0.118	6	0.0011819
2	0.361	7	0.00137888
3	0.605	13	0.00256078
4	0.849	5	0.000984917
5	1.093	6	0.0011819
6	1.337	9	0.00177285
7	1.581	10	0.00196983
8	1.825	6	0.0011819
9	2.069	3	0.00059095
10	2.312	11	0.00216682
11	2.556	7	0.00137888
12	2.800	10	0.00196983
13	3.044	13	0.00256078
14	3.288	12	0.0023638
15	3.532	14	0.00275777
16	3.776	12	0.0023638
17	4.019	11	0.00216682
18	4.263	11	0.00216682
19	4.507	14	0.00275777
20	4.751	15	0.00295475
21	4.995	14	0.00275777
22	5.239	20	0.00393967
23	5.483	14	0.00275777
24	5.726	20	0.00393967
25	5.970	11	0.00216682
26	6.214	28	0.00551554
27	6.458	42	0.0082733
28	6.702	180	0.035457
29	6.946	997	0.196392
30	7.190	3241	0.638423
31	7.434	6540	1.28827
32	7.677	9314	1.8347
33	7.921	10574	2.0829
34	8.165	11118	2.19006
35	8.409	10710	2.10969
36	8.653	10130	1.99544
37	8.897	10137	1.99682
38	9.141	10025	1.97476
39	9.384	11058	2.17824
40	9.628	12608	2.48357
41	9.872	14716	2.89881
42	10.116	17921	3.53014
43	10.360	21772	4.28872
44	10.604	27645	5.44561
45	10.848	34235	6.74373
46	11.091	42885	8.44763
47	11.335	53752	10.5883
48	11.579	68062	13.4071
49	11.823	84787	16.7016
50	12.067	100195	19.7368
51	12.311	112802	22.2201
52	12.555	120786	23.7928
53	12.799	126295	24.878
54	13.042	137754	27.1353
55	13.286	158294	31.1813
56	13.530	188078	37.0482
57	13.774	214944	42.3404
58	14.018	233628	46.0208
59	14.262	232553	45.8091
60	14.506	210290	41.4236
61	14.749	174103	34.2954
62	14.993	134857	26.5646
63	15.237	102866	20.2629
64	15.481	82212	16.1944
65	15.725	69215	13.6342
66	15.969	61230	12.0613
67	16.213	54538	10.7431
68	16.457	50093	9.86749
69	16.700	47818	9.41935
70	16.944	48389	9.53183
71	17.188	53477	10.5341
72	17.432	58875	11.5974
73	17.676	62736	12.358
74	17.920	62776	12.3658
75	18.164	56994	11.2269
76	18.407	47096	9.27713
77	18.651	37082	7.30454
78	18.895	29655	5.84154
79	19.139	27138	5.34574
80	19.383	29205	5.7529
81	19.627	36206	7.13198
82	19.871	48746	9.60215
83	20.114	66343	13.0685
84	20.358	93718	18.4609
85	20.602	134663	26.5264
86	20.846	200800	39.5543
87	21.090	315146	62.0785
88	21.334	498248	98.1466
89	21.578	749769	147.692
90	21.822	1020346	200.991
91	22.065	1227850	241.866
92	22.309	1280055	252.15
93	22.553	1142931	225.138
94	22.797	876441	172.644
95	23.041	578821	114.018
96	23.285	336978	66.3791
97	23.529	183504	36.1472
98	23.772	112592	22.1788
99	24.016	101995	20.0913
100	24.260	129461	25.5017
101	24.504	180949	35.6439
102	24.748	235585	46.4063
103	24.992	275950	54.3576
104	25.236	279835	55.1228
105	25.479	249394	49.1265
106	25.723	194794	38.3712
107	25.967	135763	26.7431
108	26.211	87319	17.2004
109	26.455	54504	10.7364
110	26.699	34918	6.87827
111	26.943	24129	4.75301
112	27.187	18882	3.71944
113	27.430	16365	3.22363
114	27.674	15804	3.11313
115	27.918	16097	3.17084
116	28.162	16927	3.33434
117	28.406	17815	3.50926
118	28.650	18799	3.70309
119	28.894	19660	3.87269
120	29.137	21775	4.28931
121	29.381	25492	5.0215
122	29.625	33001	6.50065
123	29.869	47761	9.40812
124	30.113	70905	13.9671
125	30.357	102321	20.1555
126	30.601	133906	26.3773
127	30.845	157661	31.0566
128	31.088	163503	32.2074
129	31.332	149650	29.4786
130	31.576	121601	23.9534
131	31.820	91905	18.1038
132	32.064	68959	13.5838
133	32.308	59398	11.7004
134	32.552	60585	11.9342
135	32.795	70823	13.951
136	33.039	84620	16.6687
137	33.283	95419	18.796
138	33.527	96873	19.0824
139	33.771	88739	17.4801
140	34.015	74934	14.7608
141	34.259	59311	11.6833
142	34.502	49677	9.78554
143	34.746	45422	8.94738
144	34.990	44231	8.71277
145	35.234	43062	8.4825
146	35.478	39876	7.85491
147	35.722	34566	6.80893
148	35.966	28780	5.66918
149	36.210	23669	4.6624
150	36.453	19569	3.85477
151	36.697	17004	3.34951
152	36.941	16678	3.28529
153	37.185	17821	3.51044
154	37.429	20603	4.05845
155	37.673	23874	4.70278
156	37.917	25285	4.98073
157	38.160	24860	4.89701
158	38.404	22301	4.39293
159	38.648	19115	3.76534
160	38.892	15736	3.09973
161	39.136	12586	2.47923
162	39.380	10199	2.00903
163	39.624	8449	1.66431
164	39.868	7118	1.40213
165	40.111	6281	1.23725
166	40.355	5742	1.13108
167	40.599	5705	1.12379
168	40.843	5380	1.05977
169	41.087	5401	1.06391
170	41.331	5306	1.04519
171	41.575	5208	1.02589
172	41.818	5305	1.045
173	42.062	5277	1.03948
174	42.306	5294	1.04283
175	42.550	5643	1.11158
176	42.794	5732	1.12911
177	43.038	6006	1.18308
178	43.282	6017	1.18525
179	43.525	6328	1.24651
180	43.769	6402	1.26109
181	44.013	6372	1.25518
182	44.257	6240	1.22918
183	44.501	6075	1.19667
184	44.745	5784	1.13935
185	44.989	5467	1.07691
186	45.233	5215	1.02727
187	45.476	5179	1.02018
188	45.720	5230	1.03022
189	45.964	4997	0.984326
190	46.208	5199	1.02412
191	46.452	5143	1.01309
192	46.696	5192	1.02274
193	46.940	5523	1.08794
194	47.183	5432	1.07001
195	47.427	5567	1.09661
196	47.671	5728	1.12832
197	47.915	6015	1.18486
198	48.159	6288	1.23863
199	48.403	6882	1.35564
200	48.647	7249	1.42793
201	48.890	7836	1.54356
202	49.134	8359	1.64658
203	49.378	8928	1.75867
204	49.622	9170	1.80634
205	49.866	9398	1.85125
206	50.110	9442	1.85992
207	50.354	9178	1.80791
208	50.598	8988	1.77049
209	50.841	8734	1.72045
210	51.085	8549	1.68401
211	51.329	8396	1.65387
212	51.573	8611	1.69622
213	51.817	8673	1.70844
214	52.061	8933	1.75965
215	52.305	9032	1.77915
216	52.548	9569	1.88493
217	52.792	10385	2.04567
218	53.036	10961	2.15914
219	53.280	11066	2.17982
220	53.524	10608	2.0896
221	53.768	10065	1.98264
222	54.012	9026	1.77797
223	54.256	8414	1.65742
224	54.499	7718	1.52032
225	54.743	7314	1.44074
226	54.987	7373	1.45236
227	55.231	7351	1.44802
228	55.475	7321	1.44212
229	55.719	7319	1.44172
230	55.963	7306	1.43916
231	56.206	7203	1.41887
232	56.450	7075	1.39366
233	56.694	7039	1.38657
234	56.938	7042	1.38716
235	57.182	7032	1.38519
236	57.426	7285	1.43502
237	57.670	7883	1.55282
238	57.913	9491	1.86957
239	58.157	14409	2.83833
240	58.401	24716	4.86864
241	58.645	44785	8.8219
242	58.889	76487	15.0667
243	59.133	116032	22.8564
244	59.377	153114	30.1609
245	59.621	174211	34.3167
246	59.864	168854	33.2614
247	60.108	139893	27.5566
248	60.352	100091	19.7163
249	60.596	62915	12.3932
250	60.840	35451	6.98326
251	61.084	19866	3.91327
252	61.328	13425	2.6445
253	61.571	11221	2.21035
254	61.815	10680	2.10378
255	62.059	10133	1.99603
256	62.303	9222	1.81658
257	62.547	8048	1.58532
258	62.791	6920	1.36313
259	63.035	6090	1.19963
260	63.278	5785	1.13955
261	63.522	5552	1.09365
262	63.766	5538	1.09089
263	64.010	5444	1.07238
264	64.254	5466	1.07671
265	64.498	5473	1.07809
266	64.742	5788	1.14014
267	64.986	6182	1.21775
268	65.229	6768	1.33318
269	65.473	7258	1.42971
270	65.717	7902	1.55656
271	65.961	8448	1.66412
272	66.205	8382	1.65111
273	66.449	8393	1.65328
274	66.693	7940	1.56405
275	66.936	7713	1.51933
276	67.180	7119	1.40232
277	67.424	6454	1.27133
278	67.668	6006	1.18308
279	67.912	5613	1.10567
280	68.156	5292	1.04244
281	68.400	5347	1.05327
282	68.644	5183	1.02096
283	68.887	5176	1.01959
284	69.131	5165	1.01742
285	69.375	5140	1.01249
286	69.619	5238	1.0318
287	69.863	5394	1.06253
288	70.107	5523	1.08794
289	70.351	5460	1.07553
290	70.594	5515	1.08636
291	70.838	5589	1.10094
292	71.082	5595	1.10212
293	71.326	5527	1.08873
294	71.570	5518	1.08695
295	71.814	5457	1.07494
296	72.058	5013	0.987478
297	72.301	4911	0.967385
298	72.545	4996	0.984129
299	72.789	4949	0.974871
300	73.033	4883	0.96187
301	73.277	4816	0.948672
302	73.521	4911	0.967385
303	73.765	4798	0.945126
304	74.009	4819	0.949263
305	74.252	4661	0.91814
306	74.496	4659	0.917746
307	74.740	4672	0.920306
308	74.984	4652	0.916367
309	75.228	4545	0.89529
310	75.472	4495	0.88544
311	75.716	4539	0.894108
312	75.959	4681	0.922079
313	76.203	4521	0.890562
314	76.447	4548	0.89588
315	76.691	4572	0.900608
316	76.935	4679	0.921685
317	77.179	4719	0.929565
318	77.423	4829	0.951233
319	77.666	4794	0.944338
320	77.910	4622	0.910457
321	78.154	4719	0.929565
322	78.398	4963	0.977629
323	78.642	5089	1.00245
324	78.886	5707	1.12418
325	79.130	6843	1.34796
326	79.374	8150	1.60541
327	79.617	10221	2.01337
328	79.861	13807	2.71975
329	80.105	19491	3.8394
330	80.349	28808	5.6747
331	80.593	40579	7.99339
332	80.837	52230	10.2884
333	81.081	58112	11.4471
334	81.324	56664	11.1619
335	81.568	47891	9.43373
336	81.812	34950	6.88457
337	82.056	22933	4.51742
338	82.300	13891	2.7363
339	82.544	8574	1.68894
340	82.788	5858	1.15393
341	83.032	4878	0.960885
342	83.275	4679	0.921685
343	83.519	4909	0.966991
344	83.763	4799	0.945323
345	84.007	5002	0.985311
346	84.251	5017	0.988266
347	84.495	5039	0.992599
348	84.739	5100	1.00462
349	84.982	4950	0.975068
350	85.226	4799	0.945323
351	85.470	4796	0.944732
352	85.714	4803	0.946111
353	85.958	4811	0.947687
354	86.202	5052	0.99516
355	86.446	5862	1.15472
356	86.689	7677	1.51224
357	86.933	11827	2.32972
358	87.177	19233	3.78858
359	87.421	30761	6.05941
360	87.665	44371	8.74035
361	87.909	56785	11.1857
362	88.153	62980	12.406
363	88.397	59709	11.7617
364	88.640	50007	9.85055
365	88.884	35780	7.04807
366	89.128	22914	4.51368
367	89.372	13866	2.73137
368	89.616	8467	1.66786
369	89.860	5700	1.12281
370	90.104	4798	0.945126
371	90.347	4370	0.860817
372	90.591	4289	0.844862
373	90.835	4290	0.845059
374	91.079	4241	0.835407
375	91.323	4346	0.85609
376	91.567	4239	0.835013
377	91.811	4290	0.845059
378	92.055	4272	0.841513
379	92.298	4116	0.810784
380	92.542	4171	0.821618
381	92.786	4210	0.8293
382	93.030	4186	0.824572
383	93.274	4206	0.828512
384	93.518	4161	0.819648
385	93.762	4078	0.803298
386	94.005	4205	0.828315
387	94.249	4104	0.80842
388	94.493	4212	0.829694
389	94.737	4063	0.800344
390	94.981	4183	0.823982
391	95.225	4221	0.831467
392	95.469	4022	0.792267
393	95.712	4037	0.795222
394	95.956	4080	0.803692
395	96.200	3991	0.786161
396	96.444	4191	0.825557
397	96.688	3982	0.784388
398	96.932	4109	0.809405
399	97.176	3998	0.78754
400	97.420	4209	0.829103
401	97.663	4028	0.793449
402	97.907	4137	0.81492
403	98.151	3922	0.772569
404	98.395	4049	0.797586
405	98.639	4142	0.815905
406	98.883	3980	0.783994
407	99.127	4154	0.818269
408	99.370	4198	0.826936
409	99.614	4103	0.808223
410	99.858	3975	0.783009
411	100.102	4123	0.812163
412	100.346	4226	0.832452
413	100.590	4221	0.831467
414	100.834	4245	0.836195
415	101.077	4242	0.835604
416	101.321	4328	0.852544
417	101.565	4329	0.852741
418	101.809	4376	0.861999
419	102.053	4505	0.88741
420	102.297	4395	0.865742
421	102.541	4537	0.893714
422	102.785	4463	0.879137
423	103.028	4375	0.861802
424	103.272	4423	0.871258
425	103.516	4264	0.839937
426	103.760	4213	0.829891
427	104.004	4240	0.83521
428	104.248	4133	0.814132
429	104.492	4263	0.83974
430	104.735	4078	0.803298
431	104.979	4186	0.824572
432	105.223	4131	0.813738
433	105.467	4115	0.810587
434	105.711	4066	0.800934
435	105.955	4080	0.803692
436	106.199	4138	0.815117
437	106.443	4079	0.803495
438	106.686	4176	0.822603
439	106.930	4185	0.824376
440	107.174	4179	0.823194
441	107.418	4095	0.806647
442	107.662	4152	0.817875
443	107.906	4033	0.794434
444	108.150	4190	0.82536
445	108.393	4175	0.822406
446	108.637	4171	0.821618
447	108.881	4234	0.834028
448	109.125	4246	0.836392
449	109.369	4251	0.837376
450	109.613	4480	0.882486
451	109.857	4557	0.897653
452	110.100	4676	0.921094
453	110.344	4886	0.962461
454	110.588	5135	1.01151
455	110.832	5580	1.09917
456	111.076	6138	1.20908
457	111.320	6749	1.32944
458	111.564	7680	1.51283
459	111.808	8395	1.65368
460	112.051	8402	1.65505
461	112.295	8141	1.60364
462	112.539	6998	1.37849
463	112.783	6120	1.20554
464	113.027	5247	1.03357
465	113.271	4465	0.879531
466	113.515	4101	0.807829
467	113.758	3884	0.765084
468	114.002	3896	0.767447
469	114.246	3998	0.78754
470	114.490	4002	0.788328
471	114.734	4028	0.793449
472	114.978	3998	0.78754
473	115.222	4157	0.81886
474	115.465	4188	0.824966
475	115.709	4412	0.869091
476	115.953	4744	0.934489
477	116.197	4639	0.913806
478	116.441	4595	0.905139
479	116.685	4460	0.878546
480	116.929	4350	0.856878
481	117.173	4022	0.792267
482	117.416	3934	0.774933
483	117.660	3919	0.771978
484	117.904	3773	0.743218
485	118.148	3713	0.731399
486	118.392	3643	0.717611
487	118.636	3702	0.729233
488	118.880	3628	0.714656
489	119.123	3675	0.723914
490	119.367	3750	0.738688
491	119.611	3594	0.707958
492	119.855	3713	0.731399
493	120.099	3946	0.777296
494	120.343	4882	0.961673
495	120.587	7357	1.44921
496	120.831	13170	2.59427
497	121.074	24452	4.81664
498	121.318	43724	8.6129
499	121.562	70023	13.7934
500	121.806	99330	19.5664
501	122.050	120496	23.7357
502	122.294	126784	24.9743
503	122.538	114956	22.6444
504	122.781	90017	17.7319
505	123.025	61461	12.1068
506	123.269	36047	7.10066
507	123.513	19369	3.81537
508	123.757	10068	1.98323
509	124.001	5744	1.13147
510	124.245	3996	0.787146
511	124.488	3434	0.676441
512	124.732	3349	0.659697
513	124.976	3230	0.636256
514	125.220	3346	0.659106
515	125.464	3303	0.650636
516	125.708	3283	0.646696
517	125.952	3340	0.657925
518	126.196	3380	0.665804
519	126.439	3387	0.667183
520	126.683	3271	0.644333
521	126.927	3351	0.660091
522	127.171	3341	0.658122
523	127.415	3353	0.660485
524	127.659	3180	0.626407
525	127.903	3253	0.640787
526	128.146	3257	0.641575
527	128.390	3242	0.63862
528	128.634	3184	0.627195
529	128.878	3192	0.628771
530	129.122	3180	0.626407
531	129.366	3233	0.636847
532	129.610	3195	0.629362
533	129.853	3092	0.609073
534	130.097	3091	0.608876
535	130.341	3105	0.611633
536	130.585	3109	0.612421
537	130.829	3208	0.631923
538	131.073	2975	0.586026
539	131.317	3079	0.606512
540	131.561	3139	0.618331
541	131.804	3067	0.604148
542	132.048	3066	0.603951
543	132.292	3191	0.628574
544	132.536	3125	0.615573
545	132.780	3212	0.632711
546	133.024	3160	0.622468
547	133.268	3126	0.61577
548	133.511	3131	0.616755
549	133.755	3181	0.626604
550	133.999	3351	0.660091
551	134.243	3202	0.630741
552	134.487	3235	0.637241
553	134.731	3377	0.665213
554	134.975	3634	0.715838
555	135.219	4249	0.836982
556	135.462	5642	1.11138
557	135.706	7979	1.57173
558	135.950	11108	2.18809
559	136.194	14744	2.90432
560	136.438	17448	3.43697
561	136.682	18570	3.65798
562	136.926	17368	3.42121
563	137.169	14364	2.82947
564	137.413	10970	2.16091
565	137.657	7610	1.49904
566	137.901	5344	1.05268
567	138.145	4087	0.805071
568	138.389	3527	0.69476
569	138.633	3185	0.627392
570	138.876	3070	0.604739
571	139.120	3235	0.637241
572	139.364	3110	0.612618
573	139.608	3181	0.626604
574	139.852	3256	0.641378
575	140.096	3118	0.614194
576	140.340	3224	0.635074
577	140.584	3166	0.623649
578	140.827	3105	0.611633
579	141.071	3138	0.618134
580	141.315	3202	0.630741
581	141.559	3245	0.639211
582	141.803	3166	0.623649
583	142.047	3143	0.619119
584	142.291	3257	0.641575
585	142.534	3165	0.623452
586	142.778	3204	0.631135
587	143.022	3336	0.657137
588	143.266	3332	0.656349
589	143.510	3234	0.637044
590	143.754	3300	0.650045
591	143.998	3303	0.650636
592	144.242	3337	0.657334
593	144.485	3370	0.663834
594	144.729	3199	0.63015
595	144.973	3331	0.656152
596	145.217	3195	0.629362
597	145.461	3202	0.630741
598	145.705	3240	0.638226
599	145.949	3108	0.612224
600	146.192	3174	0.625225
601	146.436	3205	0.631332
602	146.680	3215	0.633302
603	146.924	3106	0.61183
604	147.168	3265	0.643151
605	147.412	3202	0.630741
606	147.656	3187	0.627786
607	147.899	3135	0.617543
608	148.143	3158	0.622074
609	148.387	3210	0.632317
610	148.631	3193	0.628968
611	148.875	3118	0.614194
612	149.119	3141	0.618725
613	149.363	3127	0.615967
614	149.607	3088	0.608285
615	149.850	3126	0.61577
616	150.094	3249	0.639999
617	150.338	3212	0.632711
618	150.582	3128	0.616164
619	150.826	3214	0.633105
620	151.070	3245	0.639211
621	151.314	3073	0.60533
622	151.557	3209	0.63212
623	151.801	3182	0.626801
624	152.045	3178	0.626013
625	152.289	3216	0.633499
626	152.533	3248	0.639802
627	152.777	3149	0.620301
628	153.021	3163	0.623058
629	153.264	3331	0.656152
630	153.508	3207	0.631726
631	153.752	3229	0.636059
632	153.996	3199	0.63015
633	154.240	3177	0.625816
634	154.484	3212	0.632711
635	154.728	3340	0.657925
636	154.972	3306	0.651227
637	155.215	3203	0.630938
638	155.459	3255	0.641181
639	155.703	3250	0.640196
640	155.947	3225	0.635271
641	156.191	3135	0.617543
642	156.435	3195	0.629362
643	156.679	3205	0.631332
644	156.922	3305	0.65103
645	157.166	3322	0.654379
646	157.410	3242	0.63862
647	157.654	3084	0.607497
648	157.898	3116	0.6138
649	158.142	3154	0.621286
650	158.386	3251	0.640393
651	158.630	3101	0.610846
652	158.873	3249	0.639999
653	159.117	3221	0.634484
654	159.361	3332	0.656349
655	159.605	3227	0.635665
656	159.849	3458	0.681169
657	160.093	3639	0.716823
658	160.337	3883	0.764887
659	160.580	3971	0.782221
660	160.824	4103	0.808223
661	161.068	3988	0.78557
662	161.312	3753	0.739279
663	161.556	3537	0.69673
664	161.800	3440	0.677623
665	162.044	3267	0.643545
666	162.287	3195	0.629362
667	162.531	3089	0.608482
668	162.775	3159	0.622271
669	163.019	3138	0.618134
670	163.263	3125	0.615573
671	163.507	3240	0.638226
672	163.751	3187	0.627786
673	163.995	3481	0.685699
674	164.238	4396	0.865939
675	164.482	6340	1.24887
676	164.726	10533	2.07483
677	164.970	18678	3.67926
678	165.214	31025	6.11141
679	165.458	46960	9.25034
680	165.702	63218	12.4529
681	165.945	73117	14.4028
682	166.189	74359	14.6475
683	166.433	64989	12.8018
684	166.677	49871	9.82376
685	166.921	33326	6.56467
686	167.165	20269	3.99266
687	167.409	11033	2.17332
688	167.652	6477	1.27586
689	167.896	4341	0.855105
690	168.140	3416	0.672895
691	168.384	3171	0.624634
692	168.628	3008	0.592526
693	168.872	3103	0.611239
694	169.116	3120	0.614588
695	169.360	3120	0.614588
696	169.603	3097	0.610058
697	169.847	3105	0.611633
698	170.091	3102	0.611042
699	170.335	3126	0.61577
700	170.579	3175	0.625422
701	170.823	3166	0.623649
702	171.067	3164	0.623255
703	171.310	3181	0.626604
704	171.554	3156	0.62168
705	171.798	3127	0.615967
706	172.042	3195	0.629362
707	172.286	3198	0.629953
708	172.530	3252	0.64059
709	172.774	3224	0.635074
710	173.018	3212	0.632711
711	173.261	3279	0.645909
712	173.505	3157	0.621877
713	173.749	3223	0.634877
714	173.993	3229	0.636059
715	174.237	3182	0.626801
716	174.481	3254	0.640984
717	174.725	3202	0.630741
718	174.968	3101	0.610846
719	175.212	3101	0.610846
720	175.456	3192	0.628771
721	175.700	3011	0.593117
722	175.944	3117	0.613997
723	176.188	3119	0.614391
724	176.432	3204	0.631135
725	176.675	3081	0.606906
726	176.919	3135	0.617543
727	177.163	3210	0.632317
728	177.407	3138	0.618134
729	177.651	3150	0.620498
730	177.895	3172	0.624831
731	178.139	3062	0.603163
732	178.383	2976	0.586223
733	178.626	3072	0.605133
734	178.870	3076	0.605921
735	179.114	3013	0.593511
736	179.358	2937	0.57854
737	179.602	2946	0.580313
738	179.846	3172	0.624831
739	180.090	3082	0.607103
740	180.333	2939	0.578934
741	180.577	2911	0.573419
742	180.821	2933	0.577752
743	181.065	2962	0.583465
744	181.309	2911	0.573419
745	181.553	2931	0.577358
746	181.797	3032	0.597254
747	182.041	2872	0.565736
748	182.284	2806	0.552735
749	182.528	2908	0.572828
750	182.772	2898	0.570858
751	183.016	2925	0.576176
752	183.260	2944	0.579919
753	183.504	2958	0.582677
754	183.748	2845	0.560418
755	183.991	2973	0.585632
756	184.235	2892	0.569676
757	184.479	2824	0.556281
758	184.723	2886	0.568494
759	184.967	2875	0.566327
760	185.211	2994	0.589768
761	185.455	3011	0.593117
762	185.698	2942	0.579525
763	185.942	2942	0.579525
764	186.186	2915	0.574207
765	186.430	2917	0.574601
766	186.674	2995	0.589965
767	186.918	3055	0.601784
768	187.162	2980	0.587011
769	187.406	3065	0.603754
770	187.649	3043	0.59942
771	187.893	3060	0.602769
772	188.137	3081	0.606906
773	188.381	2977	0.58642
774	188.625	3131	0.616755
775	188.869	3049	0.600602
776	189.113	3040	0.59883
777	189.356	3096	0.609861
778	189.600	3027	0.596269
779	189.844	2983	0.587601
780	190.088	2922	0.575585
781	190.332	2971	0.585238
782	190.576	2993	0.589571
783	190.820	2923	0.575782
784	191.063	3003	0.591541
785	191.307	2892	0.569676
786	191.551	2969	0.584844
787	191.795	2902	0.571646
788	192.039	2822	0.555887
789	192.283	2982	0.587404
790	192.527	2927	0.57657
791	192.771	2885	0.568297
792	193.014	2841	0.55963
793	193.258	2902	0.571646
794	193.502	2901	0.571449
795	193.746	2824	0.556281
796	193.990	3013	0.593511
797	194.234	2865	0.564357
798	194.478	2861	0.563569
799	194.721	2892	0.569676
800	194.965	3016	0.594102
801	195.209	3134	0.617346
802	195.453	3085	0.607694
803	195.697	3059	0.602572
804	195.941	3164	0.623255
805	196.185	3204	0.631135
806	196.429	3224	0.635074
807	196.672	3189	0.62818
808	196.916	3141	0.618725
809	197.160	3342	0.658319
810	197.404	3275	0.645121
811	197.648	3367	0.663243
812	197.892	3533	0.695942
813	198.136	3975	0.783009
814	198.379	4869	0.959112
815	198.623	5839	1.15019
816	198.867	6842	1.34776
817	199.111	7688	1.51441
818	199.355	8272	1.62945
819	199.599	7840	1.54435
820	199.843	7080	1.39464
821	200.086	5931	1.16831
822	200.330	5000	0.984917
823	200.574	4064	0.800541
824	200.818	3604	0.709928
825	201.062	3226	0.635468
826	201.306	2994	0.589768
827	201.550	3020	0.59489
828	201.794	2944	0.579919
829	202.037	2978	0.586617
830	202.281	3039	0.598633
831	202.525	2979	0.586814
832	202.769	3166	0.623649
833	203.013	3394	0.668562
834	203.257	3619	0.712883
835	203.501	3716	0.73199
836	203.744	3918	0.771781
837	203.988	4073	0.802313
838	204.232	3952	0.778478
839	204.476	3772	0.743021
840	204.720	3564	0.702049
841	204.964	3508	0.691018
842	205.208	3231	0.636453
843	205.451	3061	0.602966
844	205.695	2832	0.557857
845	205.939	2856	0.562585
846	206.183	2844	0.560221
847	206.427	2829	0.557266
848	206.671	2799	0.551357
849	206.915	2762	0.544068
850	207.159	2659	0.523779
851	207.402	2773	0.546235
852	207.646	2767	0.545053
853	207.890	2692	0.530279
854	208.134	2736	0.538947
855	208.378	2605	0.513142
856	208.622	2734	0.538553
857	208.866	2707	0.533234
858	209.109	2575	0.507232
859	209.353	2672	0.52634
860	209.597	2763	0.544265
861	209.841	2711	0.534022
862	210.085	2657	0.523385
863	210.329	2682	0.528309
864	210.573	2634	0.518854
865	210.817	2628	0.517672
866	211.060	2643	0.520627
867	211.304	2651	0.522203
868	211.548	2651	0.522203
869	211.792	2578	0.507823
870	212.036	2707	0.533234
871	212.280	2624	0.516884
872	212.524	2558	0.503884
873	212.767	2672	0.52634
874	213.011	2648	0.521612
875	213.255	2647	0.521415
876	213.499	2604	0.512945
877	213.743	2653	0.522597
878	213.987	2583	0.508808
879	214.231	2640	0.520036
880	214.474	2608	0.513733
881	214.718	2591	0.510384
882	214.962	2599	0.51196
883	215.206	2544	0.501126
884	215.450	2621	0.516293
885	215.694	2613	0.514718
886	215.938	2546	0.50152
887	216.182	2535	0.499353
888	216.425	2574	0.507035
889	216.669	2617	0.515506
890	216.913	2452	0.483003
891	217.157	2577	0.507626
892	217.401	2577	0.507626
893	217.645	2610	0.514127
894	217.889	2526	0.49758
895	218.132	2632	0.51846
896	218.376	2543	0.500929
897	218.620	2516	0.49561
898	218.864	2569	0.50605
899	219.108	2641	0.520233
900	219.352	2620	0.516096
901	219.596	2542	0.500732
902	219.839	2479	0.488322
903	220.083	2534	0.499156
904	220.327	2506	0.49364
905	220.571	2591	0.510384
906	220.815	2617	0.515506
907	221.059	2527	0.497777
908	221.303	2454	0.483397
909	221.547	2514	0.495216
910	221.790	2496	0.491671
911	222.034	2553	0.502899
912	222.278	2716	0.535007
913	222.522	2593	0.510778
914	222.766	2657	0.523385
915	223.010	2676	0.527128
916	223.254	2798	0.55116
917	223.497	2789	0.549387
918	223.741	2737	0.539144
919	223.985	2753	0.542295
920	224.229	2674	0.526734
921	224.473	2668	0.525552
922	224.717	2558	0.503884
923	224.961	2607	0.513536
924	225.205	2523	0.496989
925	225.448	2518	0.496004
926	225.692	2502	0.492852
927	225.936	2517	0.495807
928	226.180	2516	0.49561
929	226.424	2540	0.500338
930	226.668	2553	0.502899
931	226.912	2482	0.488913
932	227.155	2550	0.502308
933	227.399	2569	0.50605
934	227.643	2471	0.486746
935	227.887	2490	0.490489
936	228.131	2462	0.484973
937	228.375	2527	0.497777
938	228.619	2426	0.477882
939	228.862	2459	0.484382
940	229.106	2478	0.488125
941	229.350	2454	0.483397
942	229.594	2417	0.476109
943	229.838	2437	0.480049
944	230.082	2485	0.489504
945	230.326	2443	0.48123
946	230.570	2396	0.471972
947	230.813	2524	0.497186
948	231.057	2486	0.489701
949	231.301	2317	0.456411
950	231.545	2367	0.46626
951	231.789	2365	0.465866
952	232.033	2411	0.474927
953	232.277	2404	0.473548
954	232.520	2311	0.455229
955	232.764	2365	0.465866
956	233.008	2398	0.472366
957	233.252	2407	0.474139
958	233.496	2455	0.483594
959	233.740	2405	0.473745
960	233.984	2343	0.461532
961	234.228	2370	0.466851
962	234.471	2370	0.466851
963	234.715	2385	0.469805
964	234.959	2328	0.458577
965	235.203	2364	0.465669
966	235.447	2305	0.454047
967	235.691	2381	0.469017
968	235.935	2326	0.458183
969	236.178	2391	0.470987
970	236.422	2362	0.465275
971	236.666	2321	0.457198
972	236.910	2361	0.465078
973	237.154	2283	0.449713
974	237.398	2277	0.448531
975	237.642	2233	0.439864
976	237.885	2220	0.437303
977	238.129	2347	0.46232
978	238.373	2354	0.463699
979	238.617	2258	0.444789
980	238.861	2233	0.439864
981	239.105	2217	0.436712
982	239.349	2315	0.456017
983	239.593	2203	0.433954
984	239.836	2310	0.455032
985	240.080	2330	0.458971
986	240.324	2311	0.455229
987	240.568	2280	0.449122
988	240.812	2270	0.447152
989	241.056	2207	0.434742
990	241.300	2159	0.425287
991	241.543	2264	0.44597
992	241.787	2321	0.457198
993	242.031	2170	0.427454
994	242.275	2235	0.440258
995	242.519	2303	0.453653
996	242.763	2242	0.441637
997	243.007	2180	0.429424
998	243.250	2153	0.424105
999	243.494	2174	0.428242
1000	243.738	2214	0.436121
1001	243.982	2139	0.421347
1002	244.226	2274	0.44794
1003	244.470	2155	0.424499
1004	244.714	2146	0.422726
1005	244.958	2221	0.4375
1006	245.201	2191	0.431591
1007	245.445	2147	0.422923
1008	245.689	2172	0.427848
1009	245.933	2234	0.440061
1010	246.177	2096	0.412877
1011	246.421	2140	0.421544
1012	246.665	2217	0.436712
1013	246.908	2215	0.436318
1014	247.152	2228	0.438879
1015	247.396	2128	0.419181
1016	247.640	2230	0.439273
1017	247.884	2173	0.428045
1018	248.128	2175	0.428439
1019	248.372	2211	0.43553
1020	248.616	2097	0.413074
1021	248.859	2077	0.409135
1022	249.103	2038	0.401452
1023	249.347	2214	0.436121
1024	249.591	2104	0.414453
1025	249.835	2139	0.421347
1026	250.079	2113	0.416226
1027	250.323	2160	0.425484
1028	250.566	2201	0.43356
1029	250.810	2222	0.437697
1030	251.054	2086	0.410907
1031	251.298	2121	0.417802
1032	251.542	2081	0.409922
1033	251.786	2087	0.411104
1034	252.030	2158	0.42509
1035	252.273	2203	0.433954
1036	252.517	2124	0.418393
1037	252.761	2125	0.41859
1038	253.005	2056	0.404998
1039	253.249	2147	0.422923
1040	253.493	2102	0.414059
1041	253.737	2180	0.429424
1042	253.981	2211	0.43553
1043	254.224	2068	0.407362
1044	254.468	2131	0.419772
1045	254.712	2146	0.422726
1046	254.956	2145	0.422529
1047	255.200	2118	0.417211
1048	255.444	2076	0.408938
1049	255.688	2058	0.405392
1050	255.931	2093	0.412286
1051	256.175	2058	0.405392
1052	256.419	2133	0.420166
1053	256.663	2050	0.403816
1054	256.907	2075	0.408741
1055	257.151	2041	0.402043
1056	257.395	2071	0.407953
1057	257.638	2038	0.401452
1058	257.882	2094	0.412483
1059	258.126	2101	0.413862
1060	258.370	2056	0.404998
1061	258.614	2089	0.411498
1062	258.858	2078	0.409331
1063	259.102	2077	0.409135
1064	259.346	2015	0.396922
1065	259.589	2016	0.397119
1066	259.833	2113	0.416226
1067	260.077	2007	0.395346
1068	260.321	2074	0.408544
1069	260.565	2014	0.396725
1070	260.809	2055	0.404801
1071	261.053	2056	0.404998
1072	261.296	2110	0.415635
1073	261.540	2015	0.396922
1074	261.784	1987	0.391406
1075	262.028	2009	0.39574
1076	262.272	2004	0.394755
1077	262.516	2019	0.397709
1078	262.760	1976	0.389239
1079	263.004	1993	0.392588
1080	263.247	2013	0.396528
1081	263.491	2014	0.396725
1082	263.735	1977	0.389436
1083	263.979	2045	0.402831
1084	264.223	2037	0.401255
1085	264.467	1995	0.392982
1086	264.711	2028	0.399482
1087	264.954	1937	0.381557
1088	265.198	2023	0.398497
1089	265.442	1989	0.3918
1090	265.686	2068	0.407362
1091	265.930	1908	0.375844
1092	266.174	1971	0.388254
1093	266.418	2017	0.397316
1094	266.661	2110	0.415635
1095	266.905	1927	0.379587
1096	267.149	1981	0.390224
1097	267.393	1950	0.384118
1098	267.637	1985	0.391012
1099	267.881	2043	0.402437
1100	268.125	1943	0.382739
1101	268.369	1933	0.380769
1102	268.612	2024	0.398694
1103	268.856	1951	0.384315
1104	269.100	2093	0.412286
1105	269.344	2043	0.402437
1106	269.588	1966	0.387269
1107	269.832	2052	0.40421
1108	270.076	1981	0.390224
1109	270.319	1983	0.390618
1110	270.563	2048	0.403422
1111	270.807	2015	0.396922
1112	271.051	1942	0.382542
1113	271.295	2001	0.394164
1114	271.539	2049	0.403619
1115	271.783	1944	0.382936
1116	272.026	1894	0.373087
1117	272.270	2009	0.39574
1118	272.514	1892	0.372693
1119	272.758	1925	0.379193
1120	273.002	1880	0.370329
1121	273.246	1968	0.387663
1122	273.490	1916	0.37742
1123	273.734	1966	0.387269
1124	273.977	1981	0.390224
1125	274.221	2040	0.401846
1126	274.465	1977	0.389436
1127	274.709	1951	0.384315
1128	274.953	2048	0.403422
1129	275.197	2218	0.436909
1130	275.441	2445	0.481624
1131	275.684	2998	0.590556
1132	275.928	3483	0.686093
1133	276.172	4576	0.901396
1134	276.416	5313	1.04657
1135	276.660	5693	1.12143
1136	276.904	5755	1.13364
1137	277.148	5006	0.986099
1138	277.392	4426	0.871849
1139	277.635	3499	0.689245
1140	277.879	2721	0.535992
1141	278.123	2425	0.477685
1142	278.367	2141	0.421741
1143	278.611	1971	0.388254
1144	278.855	1990	0.391997
1145	279.099	1960	0.386087
1146	279.342	1996	0.393179
1147	279.586	1884	0.371117
1148	279.830	1956	0.3853
1149	280.074	1948	0.383724
1150	280.318	2071	0.407953
1151	280.562	1948	0.383724
1152	280.806	1976	0.389239
1153	281.049	1905	0.375253
1154	281.293	1946	0.38333
1155	281.537	1799	0.354373
1156	281.781	1917	0.377617
1157	282.025	1985	0.391012
1158	282.269	1935	0.381163
1159	282.513	1959	0.38589
1160	282.757	1898	0.373874
1161	283.000	1958	0.385693
1162	283.244	1859	0.366192
1163	283.488	1994	0.392785
1164	283.732	1936	0.38136
1165	283.976	1958	0.385693
1166	284.220	1942	0.382542
1167	284.464	1905	0.375253
1168	284.707	1869	0.368162
1169	284.951	1954	0.384906
1170	285.195	1981	0.390224
1171	285.439	1910	0.376238
1172	285.683	1888	0.371905
1173	285.927	1922	0.378602
1174	286.171	1907	0.375647
1175	286.415	1903	0.374859
1176	286.658	1960	0.386087
1177	286.902	1973	0.388648
1178	287.146	1887	0.371708
1179	287.390	1944	0.382936
1180	287.634	1971	0.388254
1181	287.878	1882	0.370723
1182	288.122	1935	0.381163
1183	288.365	1925	0.379193
1184	288.609	1871	0.368556
1185	288.853	1942	0.382542
1186	289.097	1867	0.367768
1187	289.341	1915	0.377223
1188	289.585	1971	0.388254
1189	289.829	1986	0.391209
1190	290.072	1955	0.385103
1191	290.316	1847	0.363828
1192	290.560	1831	0.360677
1193	290.804	1901	0.374465
1194	291.048	1877	0.369738
1195	291.292	1906	0.37545
1196	291.536	1847	0.363828
1197	291.780	1840	0.362449
1198	292.023	1924	0.378996
1199	292.267	1841	0.362646
1200	292.511	1953	0.384709
1201	292.755	1903	0.374859
1202	292.999	1933	0.380769
1203	293.243	1903	0.374859
1204	293.487	1926	0.37939
1205	293.730	1939	0.381951
1206	293.974	1891	0.372496
1207	294.218	1839	0.362252
1208	294.462	1915	0.377223
1209	294.706	1823	0.359101
1210	294.950	1922	0.378602
1211	295.194	1889	0.372102
1212	295.437	1945	0.383133
1213	295.681	1923	0.378799
1214	295.925	1832	0.360874
1215	296.169	1888	0.371905
1216	296.413	1908	0.375844
1217	296.657	1799	0.354373
1218	296.901	1893	0.37289
1219	297.145	1976	0.389239
1220	297.388	1927	0.379587
1221	297.632	1973	0.388648
1222	297.876	1895	0.373284
1223	298.120	1931	0.380375
1224	298.364	1895	0.373284
1225	298.608	1896	0.373481
1226	298.852	1937	0.381557
1227	299.095	1850	0.364419
1228	299.339	1989	0.3918
1229	299.583	1886	0.371511
1230	299.827	1944	0.382936
1231	300.071	1939	0.381951
1232	300.315	1879	0.370132
1233	300.559	1879	0.370132
1234	300.803	1916	0.37742
1235	301.046	2018	0.397512
1236	301.290	2022	0.3983
1237	301.534	2321	0.457198
1238	301.778	2738	0.539341
1239	302.022	3631	0.715247
1240	302.266	5153	1.01506
1241	302.510	6933	1.36569
1242	302.753	8628	1.69957
1243	302.997	10430	2.05454
1244	303.241	11144	2.19518
1245	303.485	10601	2.08822
1246	303.729	8873	1.74783
1247	303.973	7087	1.39602
1248	304.217	5241	1.03239
1249	304.460	3729	0.734551
1250	304.704	2801	0.55175
1251	304.948	2314	0.45582
1252	305.192	1967	0.387466
1253	305.436	2000	0.393967
1254	305.680	2071	0.407953
1255	305.924	2056	0.404998
1256	306.168	2019	0.397709
1257	306.411	2059	0.405589
1258	306.655	2187	0.430803
1259	306.899	2258	0.444789
1260	307.143	2389	0.470593
1261	307.387	2573	0.506838
1262	307.631	2522	0.496792
1263	307.875	2590	0.510187
1264	308.118	2431	0.478867
1265	308.362	2281	0.449319
1266	308.606	2213	0.435924
1267	308.850	2000	0.393967
1268	309.094	2065	0.406771
1269	309.338	2020	0.397906
1270	309.582	1969	0.38786
1271	309.825	1974	0.388845
1272	310.069	1945	0.383133
1273	310.313	2051	0.404013
1274	310.557	2016	0.397119
1275	310.801	2109	0.415438
1276	311.045	2111	0.415832
1277	311.289	2144	0.422332
1278	311.533	2065	0.406771
1279	311.776	2111	0.415832
1280	312.020	2160	0.425484
1281	312.264	2024	0.398694
1282	312.508	2059	0.405589
1283	312.752	2019	0.397709
1284	312.996	1979	0.38983
1285	313.240	2025	0.398891
1286	313.483	1991	0.392194
1287	313.727	1878	0.369935
1288	313.971	1898	0.373874
1289	314.215	1958	0.385693
1290	314.459	1884	0.371117
1291	314.703	1978	0.389633
1292	314.947	1869	0.368162
1293	315.191	1950	0.384118
1294	315.434	1909	0.376041
1295	315.678	2060	0.405786
1296	315.922	1886	0.371511
1297	316.166	1975	0.389042
1298	316.410	1941	0.382345
1299	316.654	1848	0.364025
1300	316.898	1929	0.379981
1301	317.141	1935	0.381163
1302	317.385	1965	0.387072
1303	317.629	1930	0.380178
1304	317.873	1893	0.37289
1305	318.117	2052	0.40421
1306	318.361	2182	0.429818
1307	318.605	2579	0.50802
1308	318.848	3413	0.672304
1309	319.092	5377	1.05918
1310	319.336	8393	1.65328
1311	319.580	13571	2.67326
1312	319.824	19772	3.89476
1313	320.068	25775	5.07725
1314	320.312	30053	5.91994
1315	320.556	31620	6.22861
1316	320.799	28534	5.62072
1317	321.043	22778	4.48689
1318	321.287	16854	3.31996
1319	321.531	11105	2.1875
1320	321.775	6917	1.36253
1321	322.019	4327	0.852347
1322	322.263	2940	0.579131
1323	322.506	2215	0.436318
1324	322.750	1997	0.393376
1325	322.994	2014	0.396725
1326	323.238	2004	0.394755
1327	323.482	2094	0.412483
1328	323.726	1999	0.39377
1329	323.970	2087	0.411104
1330	324.213	2109	0.415438
1331	324.457	2019	0.397709
1332	324.701	1996	0.393179
1333	324.945	2073	0.408347
1334	325.189	1987	0.391406
1335	325.433	2010	0.395937
1336	325.677	1984	0.390815
1337	325.921	1950	0.384118
1338	326.164	1985	0.391012
1339	326.408	1970	0.388057
1340	326.652	1990	0.391997
1341	326.896	2056	0.404998
1342	327.140	2019	0.397709
1343	327.384	2092	0.412089
1344	327.628	1972	0.388451
1345	327.871	2112	0.416029
1346	328.115	2088	0.411301
1347	328.359	2100	0.413665
1348	328.603	2047	0.403225
1349	328.847	1990	0.391997
1350	329.091	2011	0.396134
1351	329.335	2021	0.398103
1352	329.579	2046	0.403028
1353	329.822	2083	0.410316
1354	330.066	2039	0.401649
1355	330.310	2085	0.41071
1356	330.554	2124	0.418393
1357	330.798	2098	0.413271
1358	331.042	2051	0.404013
1359	331.286	2154	0.424302
1360	331.529	2106	0.414847
1361	331.773	2105	0.41465
1362	332.017	2126	0.418787
1363	332.261	2106	0.414847
1364	332.505	2251	0.44341
1365	332.749	2396	0.471972
1366	332.993	2599	0.51196
1367	333.236	2766	0.544856
1368	333.480	3041	0.599027
1369	333.724	3326	0.655167
1370	333.968	3454	0.680381
1371	334.212	3618	0.712686
1372	334.456	3330	0.655955
1373	334.700	3084	0.607497
1374	334.944	2718	0.535401
1375	335.187	2478	0.488125
1376	335.431	2286	0.450304
1377	335.675	2225	0.438288
1378	335.919	2101	0.413862
1379	336.163	2057	0.405195
1380	336.407	2038	0.401452
1381	336.651	2086	0.410907
1382	336.894	2093	0.412286
1383	337.138	2091	0.411892
1384	337.382	2167	0.426863
1385	337.626	2179	0.429227
1386	337.870	2329	0.458774
1387	338.114	2349	0.462714
1388	338.358	2334	0.459759
1389	338.602	2342	0.461335
1390	338.845	2231	0.43947
1391	339.089	2216	0.436515
1392	339.333	2133	0.420166
1393	339.577	2145	0.422529
1394	339.821	2127	0.418984
1395	340.065	1985	0.391012
1396	340.309	2024	0.398694
1397	340.552	1996	0.393179
1398	340.796	1898	0.373874
1399	341.040	1975	0.389042
1400	341.284	1944	0.382936
1401	341.528	1955	0.385103
1402	341.772	1904	0.375056
1403	342.016	1965	0.387072
1404	342.259	1998	0.393573
1405	342.503	1971	0.388254
1406	342.747	1918	0.377814
1407	342.991	1960	0.386087
1408	343.235	1812	0.356934
1409	343.479	1887	0.371708
1410	343.723	1889	0.372102
1411	343.967	1783	0.351221
1412	344.210	1829	0.360283
1413	344.454	1791	0.352797
1414	344.698	1803	0.355161
1415	344.942	1687	0.332311
1416	345.186	1752	0.345115
1417	345.430	1707	0.336251
1418	345.674	1705	0.335857
1419	345.917	1672	0.329356
1420	346.161	1748	0.344327
1421	346.405	1678	0.330538
1422	346.649	1724	0.339599
1423	346.893	1681	0.331129
1424	347.137	1654	0.325811
1425	347.381	1681	0.331129
1426	347.624	1641	0.32325
1427	347.868	1578	0.31084
1428	348.112	1582	0.311628
1429	348.356	1620	0.319113
1430	348.600	1632	0.321477
1431	348.844	1618	0.318719
1432	349.088	1615	0.318128
1433	349.332	1644	0.323841
1434	349.575	1584	0.312022
1435	349.819	1612	0.317537
1436	350.063	1631	0.32128
1437	350.307	1559	0.307097
1438	350.551	1519	0.299218
1439	350.795	1626	0.320295
1440	351.039	1608	0.316749
1441	351.282	1505	0.29646
1442	351.526	1528	0.300991
1443	351.770	1587	0.312613
1444	352.014	1530	0.301385
1445	352.258	1590	0.313204
1446	352.502	1499	0.295278
1447	352.746	1506	0.296657
1448	352.990	1522	0.299809
1449	353.233	1579	0.311037
1450	353.477	1477	0.290944
1451	353.721	1507	0.296854
1452	353.965	1552	0.305718
1453	354.209	1708	0.336448
1454	354.453	1940	0.382148
1455	354.697	2486	0.489701
1456	354.940	3748	0.738294
1457	355.184	6223	1.22583
1458	355.428	9935	1.95703
1459	355.672	15278	3.00951
1460	355.916	21175	4.17112
1461	356.160	26352	5.19091
1462	356.404	28711	5.65559
1463	356.647	28227	5.56025
1464	356.891	24499	4.8259
1465	357.135	18981	3.73894
1466	357.379	13254	2.61082
1467	357.623	8355	1.6458
1468	357.867	5143	1.01309
1469	358.111	3307	0.651424
1470	358.355	2211	0.43553
1471	358.598	1835	0.361465
1472	358.842	1638	0.322659
1473	359.086	1549	0.305127
1474	359.330	1482	0.291929
1475	359.574	1499	0.295278
1476	359.818	1481	0.291732
1477	360.062	1518	0.299021
1478	360.305	1546	0.304536
1479	360.549	1501	0.295672
1480	360.793	1469	0.289369
1481	361.037	1423	0.280307
1482	361.281	1484	0.292323
1483	361.525	1420	0.279716
1484	361.769	1513	0.298036
1485	362.012	1478	0.291141
1486	362.256	1493	0.294096
1487	362.500	1446	0.284838
1488	362.744	1503	0.296066
1489	362.988	1489	0.293308
1490	363.232	1465	0.288581
1491	363.476	1563	0.307885
1492	363.720	1498	0.295081
1493	363.963	1489	0.293308
1494	364.207	1583	0.311825
1495	364.451	1525	0.3004
1496	364.695	1544	0.304142
1497	364.939	1596	0.314386
1498	365.183	1484	0.292323
1499	365.427	1445	0.284641
1500	365.670	1572	0.309658
1501	365.914	1414	0.278535
1502	366.158	1424	0.280504
1503	366.402	1494	0.294293
1504	366.646	1503	0.296066
1505	366.890	1449	0.285429
1506	367.134	1506	0.296657
1507	367.378	1488	0.293111
1508	367.621	1402	0.276171
1509	367.865	1429	0.281489
1510	368.109	1465	0.288581
1511	368.353	1486	0.292717
1512	368.597	1453	0.286217
1513	368.841	1386	0.273019
1514	369.085	1507	0.296854
1515	369.328	1430	0.281686
1516	369.572	1460	0.287596
1517	369.816	1477	0.290944
1518	370.060	1437	0.283065
1519	370.304	1432	0.28208
1520	370.548	1365	0.268882
1521	370.792	1387	0.273216
1522	371.035	1410	0.277747
1523	371.279	1383	0.272428
1524	371.523	1376	0.271049
1525	371.767	1399	0.27558
1526	372.011	1382	0.272231
1527	372.255	1367	0.269276
1528	372.499	1411	0.277944
1529	372.743	1395	0.274792
1530	372.986	1422	0.28011
1531	373.230	1321	0.260215
1532	373.474	1405	0.276762
1533	373.718	1336	0.26317
1534	373.962	1373	0.270458
1535	374.206	1356	0.267109
1536	374.450	1419	0.279519
1537	374.693	1417	0.279125
1538	374.937	1371	0.270064
1539	375.181	1360	0.267897
1540	375.425	1383	0.272428
1541	375.669	1397	0.275186
1542	375.913	1438	0.283262
1543	376.157	1401	0.275974
1544	376.401	1455	0.286611
1545	376.644	1372	0.270261
1546	376.888	1534	0.302173
1547	377.132	1476	0.290747
1548	377.376	1549	0.305127
1549	377.620	1497	0.294884
1550	377.864	1506	0.296657
1551	378.108	1456	0.286808
1552	378.351	1414	0.278535
1553	378.595	1429	0.281489
1554	378.839	1421	0.279913
1555	379.083	1427	0.281095
1556	379.327	1468	0.289172
1557	379.571	1329	0.261791
1558	379.815	1350	0.265928
1559	380.058	1323	0.260609
1560	380.302	1340	0.263958
1561	380.546	1347	0.265337
1562	380.790	1347	0.265337
1563	381.034	1347	0.265337
1564	381.278	1395	0.274792
1565	381.522	1355	0.266913
1566	381.766	1392	0.274201
1567	382.009	1325	0.261003
1568	382.253	1417	0.279125
1569	382.497	1489	0.293308
1570	382.741	1650	0.325023
1571	382.985	2055	0.404801
1572	383.229	2569	0.50605
1573	383.473	3317	0.653394
1574	383.716	4435	0.873621
1575	383.960	5307	1.04539
1576	384.204	5667	1.1163
1577	384.448	5788	1.14014
1578	384.692	5231	1.03042
1579	384.936	4470	0.880516
1580	385.180	3601	0.709337
1581	385.423	2903	0.571843
1582	385.667	2402	0.473154
1583	385.911	2396	0.471972
1584	386.155	2488	0.490095
1585	386.399	2929	0.576964
1586	386.643	3452	0.679987
1587	386.887	4222	0.831664
1588	387.131	4424	0.871455
1589	387.374	4663	0.918534
1590	387.618	4486	0.883668
1591	387.862	3933	0.774736
1592	388.106	3200	0.630347
1593	388.350	2600	0.512157
1594	388.594	2032	0.40027
1595	388.838	1778	0.350236
1596	389.081	1532	0.301779
1597	389.325	1485	0.29252
1598	389.569	1425	0.280701
1599	389.813	1416	0.278928
1600	390.057	1422	0.28011
1601	390.301	1481	0.291732
1602	390.545	1562	0.307688
1603	390.789	1743	0.343342
1604	391.032	1909	0.376041
1605	391.276	1954	0.384906
1606	391.520	2068	0.407362
1607	391.764	1924	0.378996
1608	392.008	1923	0.378799
1609	392.252	1770	0.348661
1610	392.496	1688	0.332508
1611	392.739	1521	0.299612
1612	392.983	1426	0.280898
1613	393.227	1324	0.260806
1614	393.471	1340	0.263958
1615	393.715	1241	0.244456
1616	393.959	1313	0.258639
1617	394.203	1298	0.255684
1618	394.446	1211	0.238547
1619	394.690	1276	0.251351
1620	394.934	1232	0.242684
1621	395.178	1278	0.251745
1622	395.422	1252	0.246623
1623	395.666	1309	0.257851
1624	395.910	1212	0.238744
1625	396.154	1233	0.242881
1626	396.397	1281	0.252336
1627	396.641	1264	0.248987
1628	396.885	1168	0.230077
1629	397.129	1222	0.240714
1630	397.373	1291	0.254306
1631	397.617	1274	0.250957
1632	397.861	1252	0.246623
1633	398.104	1263	0.24879
1634	398.348	1235	0.243274
1635	398.592	1299	0.255881
1636	398.836	1231	0.242487
1637	399.080	1258	0.247805
1638	399.324	1289	0.253912
1639	399.568	1236	0.243471
1640	399.811	1259	0.248002
1641	400.055	1236	0.243471
1642	400.299	1225	0.241305
1643	400.543	1203	0.236971
1644	400.787	1249	0.246032
1645	401.031	1266	0.249381
1646	401.275	1141	0.224758
1647	401.519	1271	0.250366
1648	401.762	1204	0.237168
1649	402.006	1283	0.25273
1650	402.250	1227	0.241699
1651	402.494	1207	0.237759
1652	402.738	1221	0.240517
1653	402.982	1209	0.238153
1654	403.226	1162	0.228895
1655	403.469	1179	0.232243
1656	403.713	1165	0.229486
1657	403.957	1223	0.240911
1658	404.201	1254	0.247017
1659	404.445	1194	0.235198
1660	404.689	1264	0.248987
1661	404.933	1259	0.248002
1662	405.177	1277	0.251548
1663	405.420	1199	0.236183
1664	405.664	1256	0.247411
1665	405.908	1226	0.241502
1666	406.152	1152	0.226925
1667	406.396	1214	0.239138
1668	406.640	1204	0.237168
1669	406.884	1230	0.24229
1670	407.127	1186	0.233622
1671	407.371	1213	0.238941
1672	407.615	1155	0.227516
1673	407.859	1248	0.245835
1674	408.103	1283	0.25273
1675	408.347	1264	0.248987
1676	408.591	1185	0.233425
1677	408.834	1223	0.240911
1678	409.078	1207	0.237759
1679	409.322	1227	0.241699
1680	409.566	1220	0.24032
1681	409.810	1207	0.237759
1682	410.054	1196	0.235592
1683	410.298	1189	0.234213
1684	410.542	1226	0.241502
1685	410.785	1216	0.239532
1686	411.029	1249	0.246032
1687	411.273	1140	0.224561
1688	411.517	1216	0.239532
1689	411.761	1238	0.243865
1690	412.005	1216	0.239532
1691	412.249	1249	0.246032
1692	412.492	1244	0.245047
1693	412.736	1245	0.245244
1694	412.980	1241	0.244456
1695	413.224	1297	0.255487
1696	413.468	1297	0.255487
1697	413.712	1255	0.247214
1698	413.956	1331	0.262185
1699	414.199	1427	0.281095
1700	414.443	1488	0.293111
1701	414.687	1507	0.296854
1702	414.931	1670	0.328962
1703	415.175	1753	0.345312
1704	415.419	1719	0.338614
1705	415.663	1633	0.321674
1706	415.907	1446	0.284838
1707	416.150	1408	0.277353
1708	416.394	1361	0.268094
1709	416.638	1306	0.25726
1710	416.882	1241	0.244456
1711	417.126	1249	0.246032
1712	417.370	1243	0.24485
1713	417.614	1293	0.2547
1714	417.857	1314	0.258836
1715	418.101	1310	0.258048
1716	418.345	1329	0.261791
1717	418.589	1418	0.279322
1718	418.833	1370	0.269867
1719	419.077	1394	0.274595
1720	419.321	1392	0.274201
1721	419.565	1277	0.251548
1722	419.808	1360	0.267897
1723	420.052	1274	0.250957
1724	420.296	1256	0.247411
1725	420.540	1226	0.241502
1726	420.784	1276	0.251351
1727	421.028	1255	0.247214
1728	421.272	1280	0.252139
1729	421.515	1219	0.240123
1730	421.759	1243	0.24485
1731	422.003	1250	0.246229
1732	422.247	1199	0.236183
1733	422.491	1301	0.256275
1734	422.735	1240	0.244259
1735	422.979	1213	0.238941
1736	423.222	1161	0.228698
1737	423.466	1194	0.235198
1738	423.710	1291	0.254306
1739	423.954	1229	0.242093
1740	424.198	1207	0.237759
1741	424.442	1195	0.235395
1742	424.686	1173	0.231062
1743	424.930	1132	0.222985
1744	425.173	1263	0.24879
1745	425.417	1221	0.240517
1746	425.661	1200	0.23638
1747	425.905	1206	0.237562
1748	426.149	1202	0.236774
1749	426.393	1166	0.229683
1750	426.637	1207	0.237759
1751	426.880	1185	0.233425
1752	427.124	1212	0.238744
1753	427.368	1174	0.231259
1754	427.612	1148	0.226137
1755	427.856	1220	0.24032
1756	428.100	1221	0.240517
1757	428.344	1207	0.237759
1758	428.588	1214	0.239138
1759	428.831	1249	0.246032
1760	429.075	1219	0.240123
1761	429.319	1230	0.24229
1762	429.563	1159	0.228304
1763	429.807	1156	0.227713
1764	430.051	1193	0.235001
1765	430.295	1211	0.238547
1766	430.538	1200	0.23638
1767	430.782	1280	0.252139
1768	431.026	1233	0.242881
1769	431.270	1197	0.235789
1770	431.514	1134	0.223379
1771	431.758	1209	0.238153
1772	432.002	1237	0.243668
1773	432.245	1189	0.234213
1774	432.489	1225	0.241305
1775	432.733	1193	0.235001
1776	432.977	1261	0.248396
1777	433.221	1136	0.223773
1778	433.465	1240	0.244259
1779	433.709	1249	0.246032
1780	433.953	1210	0.23835
1781	434.196	1183	0.233031
1782	434.440	1177	0.231849
1783	434.684	1207	0.237759
1784	434.928	1225	0.241305
1785	435.172	1177	0.231849
1786	435.416	1188	0.234016
1787	435.660	1195	0.235395
1788	435.903	1314	0.258836
1789	436.147	1427	0.281095
1790	436.391	1549	0.305127
1791	436.635	1906	0.37545
1792	436.879	2283	0.449713
1793	437.123	2528	0.497974
1794	437.367	2799	0.551357
1795	437.610	2855	0.562388
1796	437.854	2560	0.504277
1797	438.098	2383	0.469411
1798	438.342	1964	0.386875
1799	438.586	1729	0.340584
1800	438.830	1448	0.285232
1801	439.074	1338	0.263564
1802	439.318	1324	0.260806
1803	439.561	1215	0.239335
1804	439.805	1205	0.237365
1805	440.049	1136	0.223773
1806	440.293	1181	0.232637
1807	440.537	1231	0.242487
1808	440.781	1205	0.237365
1809	441.025	1199	0.236183
1810	441.268	1257	0.247608
1811	441.512	1209	0.238153
1812	441.756	1247	0.245638
1813	442.000	1206	0.237562
1814	442.244	1239	0.244062
1815	442.488	1230	0.24229
1816	442.732	1204	0.237168
1817	442.976	1199	0.236183
1818	443.219	1147	0.22594
1819	443.463	1191	0.234607
1820	443.707	1164	0.229289
1821	443.951	1241	0.244456
1822	444.195	1218	0.239926
1823	444.439	1184	0.233228
1824	444.683	1241	0.244456
1825	444.926	1197	0.235789
1826	445.170	1229	0.242093
1827	445.414	1269	0.249972
1828	445.658	1217	0.239729
1829	445.902	1212	0.238744
1830	446.146	1191	0.234607
1831	446.390	1246	0.245441
1832	446.633	1214	0.239138
1833	446.877	1239	0.244062
1834	447.121	1215	0.239335
1835	447.365	1206	0.237562
1836	447.609	1235	0.243274
1837	447.853	1203	0.236971
1838	448.097	1187	0.233819
1839	448.341	1235	0.243274
1840	448.584	1219	0.240123
1841	448.828	1224	0.241108
1842	449.072	1248	0.245835
1843	449.316	1224	0.241108
1844	449.560	1234	0.243078
1845	449.804	1221	0.240517
1846	450.048	1209	0.238153
1847	450.291	1232	0.242684
1848	450.535	1177	0.231849
1849	450.779	1233	0.242881
1850	451.023	1299	0.255881
1851	451.267	1208	0.237956
1852	451.511	1238	0.243865
1853	451.755	1269	0.249972
1854	451.998	1198	0.235986
1855	452.242	1321	0.260215
1856	452.486	1246	0.245441
1857	452.730	1284	0.252927
1858	452.974	1276	0.251351
1859	453.218	1276	0.251351
1860	453.462	1150	0.226531
1861	453.706	1234	0.243078
1862	453.949	1206	0.237562
1863	454.193	1202	0.236774
1864	454.437	1223	0.240911
1865	454.681	1243	0.24485
1866	454.925	1230	0.24229
1867	455.169	1219	0.240123
1868	455.413	1265	0.249184
1869	455.656	1236	0.243471
1870	455.900	1201	0.236577
1871	456.144	1261	0.248396
1872	456.388	1183	0.233031
1873	456.632	1216	0.239532
1874	456.876	1264	0.248987
1875	457.120	1238	0.243865
1876	457.364	1201	0.236577
1877	457.607	1252	0.246623
1878	457.851	1229	0.242093
1879	458.095	1221	0.240517
1880	458.339	1243	0.24485
1881	458.583	1240	0.244259
1882	458.827	1267	0.249578
1883	459.071	1259	0.248002
1884	459.314	1220	0.24032
1885	459.558	1305	0.257063
1886	459.802	1187	0.233819
1887	460.046	1273	0.25076
1888	460.290	1270	0.250169
1889	460.534	1209	0.238153
1890	460.778	1291	0.254306
1891	461.021	1222	0.240714
1892	461.265	1270	0.250169
1893	461.509	1258	0.247805
1894	461.753	1338	0.263564
1895	461.997	1258	0.247805
1896	462.241	1266	0.249381
1897	462.485	1261	0.248396
1898	462.729	1221	0.240517
1899	462.972	1260	0.248199
1900	463.216	1250	0.246229
1901	463.460	1299	0.255881
1902	463.704	1300	0.256078
1903	463.948	1320	0.260018
1904	464.192	1246	0.245441
1905	464.436	1321	0.260215
1906	464.679	1291	0.254306
1907	464.923	1366	0.269079
1908	465.167	1344	0.264746
1909	465.411	1300	0.256078
1910	465.655	1250	0.246229
1911	465.899	1265	0.249184
1912	466.143	1301	0.256275
1913	466.386	1340	0.263958
1914	466.630	1226	0.241502
1915	466.874	1291	0.254306
1916	467.118	1280	0.252139
1917	467.362	1302	0.256472
1918	467.606	1332	0.262382
1919	467.850	1312	0.258442
1920	468.094	1416	0.278928
1921	468.337	1362	0.268291
1922	468.581	1387	0.273216
1923	468.825	1332	0.262382
1924	469.069	1353	0.266519
1925	469.313	1322	0.260412
1926	469.557	1308	0.257654
1927	469.801	1313	0.258639
1928	470.044	1263	0.24879
1929	470.288	1269	0.249972
1930	470.532	1276	0.251351
1931	470.776	1300	0.256078
1932	471.020	1232	0.242684
1933	471.264	1310	0.258048
1934	471.508	1268	0.249775
1935	471.752	1325	0.261003
1936	471.995	1312	0.258442
1937	472.239	1360	0.267897
1938	472.483	1303	0.256669
1939	472.727	1252	0.246623
1940	472.971	1261	0.248396
1941	473.215	1214	0.239138
1942	473.459	1243	0.24485
1943	473.702	1306	0.25726
1944	473.946	1266	0.249381
1945	474.190	1319	0.259821
1946	474.434	1305	0.257063
1947	474.678	1334	0.262776
1948	474.922	1257	0.247608
1949	475.166	1201	0.236577
1950	475.409	1232	0.242684
1951	475.653	1213	0.238941
1952	475.897	1222	0.240714
1953	476.141	1232	0.242684
1954	476.385	1210	0.23835
1955	476.629	1210	0.23835
1956	476.873	1203	0.236971
1957	477.117	1285	0.253124
1958	477.360	1219	0.240123
1959	477.604	1198	0.235986
1960	477.848	1165	0.229486
1961	478.092	1168	0.230077
1962	478.336	1124	0.221409
1963	478.580	1122	0.221015
1964	478.824	1162	0.228895
1965	479.067	1115	0.219636
1966	479.311	1137	0.22397
1967	479.555	1170	0.230471
1968	479.799	1167	0.22988
1969	480.043	1132	0.222985
1970	480.287	1154	0.227319
1971	480.531	1115	0.219636
1972	480.775	1095	0.215697
1973	481.018	1030	0.202893
1974	481.262	1050	0.206833
1975	481.506	1103	0.217273
1976	481.750	1135	0.223576
1977	481.994	1056	0.208014
1978	482.238	1044	0.205651
1979	482.482	1086	0.213924
1980	482.725	1059	0.208605
1981	482.969	1055	0.207817
1982	483.213	1052	0.207227
1983	483.457	1145	0.225546
1984	483.701	1057	0.208211
1985	483.945	1059	0.208605
1986	484.189	1045	0.205848
1987	484.432	1022	0.201317
1988	484.676	1103	0.217273
1989	484.920	1087	0.214121
1990	485.164	1095	0.215697
1991	485.408	1031	0.20309
1992	485.652	1027	0.202302
1993	485.896	1021	0.20112
1994	486.140	1068	0.210378
1995	486.383	1054	0.20762
1996	486.627	1092	0.215106
1997	486.871	1123	0.221212
1998	487.115	1056	0.208014
1999	487.359	1045	0.205848
2000	487.603	1040	0.204863
2001	487.847	1057	0.208211
2002	488.090	1034	0.203681
2003	488.334	1054	0.20762
2004	488.578	1056	0.208014
2005	488.822	1010	0.198953
2006	489.066	1048	0.206439
2007	489.310	1093	0.215303
2008	489.554	1007	0.198362
2009	489.797	1022	0.201317
2010	490.041	1098	0.216288
2011	490.285	1007	0.198362
2012	490.529	1049	0.206636
2013	490.773	1040	0.204863
2014	491.017	1065	0.209787
2015	491.261	1039	0.204666
2016	491.505	1024	0.201711
2017	491.748	1043	0.205454
2018	491.992	999	0.196786
2019	492.236	1045	0.205848
2020	492.480	1038	0.204469
2021	492.724	1106	0.217864
2022	492.968	1042	0.205257
2023	493.212	1044	0.205651
2024	493.455	1048	0.206439
2025	493.699	1019	0.200726
2026	493.943	1036	0.204075
2027	494.187	984	0.193832
2028	494.431	1066	0.209984
2029	494.675	1063	0.209393
2030	494.919	1013	0.199544
2031	495.163	1041	0.20506
2032	495.406	1036	0.204075
2033	495.650	1031	0.20309
2034	495.894	1054	0.20762
2035	496.138	993	0.195605
2036	496.382	1002	0.197377
2037	496.626	1030	0.202893
2038	496.870	1041	0.20506
2039	497.113	1054	0.20762
2040	497.357	1030	0.202893
2041	497.601	1033	0.203484
2042	497.845	986	0.194226
2043	498.089	1050	0.206833
2044	498.333	1041	0.20506
2045	498.577	1020	0.200923
2046	498.820	1005	0.197968
2047	499.064	1028	0.202499
2048	499.308	974	0.191862
2049	499.552	1057	0.208211
2050	499.796	1040	0.204863
2051	500.040	1025	0.201908
2052	500.284	978	0.19265
2053	500.528	1008	0.198559
2054	500.771	1020	0.200923
2055	501.015	997	0.196392
2056	501.259	1058	0.208408
2057	501.503	1030	0.202893
2058	501.747	1024	0.201711
2059	501.991	983	0.193635
2060	502.235	1019	0.200726
2061	502.478	1011	0.19915
2062	502.722	999	0.196786
2063	502.966	987	0.194423
2064	503.210	1039	0.204666
2065	503.454	1067	0.210181
2066	503.698	999	0.196786
2067	503.942	1016	0.200135
2068	504.185	1024	0.201711
2069	504.429	971	0.191271
2070	504.673	1124	0.221409
2071	504.917	1034	0.203681
2072	505.161	1041	0.20506
2073	505.405	1001	0.19718
2074	505.649	1025	0.201908
2075	505.893	979	0.192847
2076	506.136	994	0.195801
2077	506.380	966	0.190286
2078	506.624	1033	0.203484
2079	506.868	1014	0.199741
2080	507.112	1057	0.208211
2081	507.356	1010	0.198953
2082	507.600	959	0.188907
2083	507.843	981	0.193241
2084	508.087	1017	0.200332
2085	508.331	985	0.194029
2086	508.575	1056	0.208014
2087	508.819	1021	0.20112
2088	509.063	1035	0.203878
2089	509.307	1063	0.209393
2090	509.551	1076	0.211954
2091	509.794	1137	0.22397
2092	510.038	1165	0.229486
2093	510.282	1229	0.242093
2094	510.526	1256	0.247411
2095	510.770	1273	0.25076
2096	511.014	1338	0.263564
2097	511.258	1266	0.249381
2098	511.501	1387	0.273216
2099	511.745	1340	0.263958
2100	511.989	1406	0.276959
2101	512.233	1627	0.320492
2102	512.477	1991	0.392194
2103	512.721	2857	0.562782
2104	512.965	4742	0.934095
2105	513.208	8254	1.6259
2106	513.452	13800	2.71837
2107	513.696	21786	4.29148
2108	513.940	31338	6.17307
2109	514.184	40207	7.92011
2110	514.428	46799	9.21863
2111	514.672	48750	9.60294
2112	514.916	45259	8.91527
2113	515.159	37212	7.33015
2114	515.403	27581	5.433
2115	515.647	18811	3.70545
2116	515.891	11258	2.21764
2117	516.135	6491	1.27862
2118	516.379	3697	0.728248
2119	516.623	2260	0.445182
2120	516.866	1612	0.317537
2121	517.110	1387	0.273216
2122	517.354	1334	0.262776
2123	517.598	1369	0.26967
2124	517.842	1283	0.25273
2125	518.086	1285	0.253124
2126	518.330	1322	0.260412
2127	518.573	1327	0.261397
2128	518.817	1218	0.239926
2129	519.061	1230	0.24229
2130	519.305	1126	0.221803
2131	519.549	1116	0.219833
2132	519.793	1165	0.229486
2133	520.037	1189	0.234213
2134	520.281	1089	0.214515
2135	520.524	1131	0.222788
2136	520.768	1166	0.229683
2137	521.012	1127	0.222
2138	521.256	1197	0.235789
2139	521.500	1095	0.215697
2140	521.744	1184	0.233228
2141	521.988	1180	0.23244
2142	522.231	1173	0.231062
2143	522.475	1185	0.233425
2144	522.719	1273	0.25076
2145	522.963	1256	0.247411
2146	523.207	1225	0.241305
2147	523.451	1250	0.246229
2148	523.695	1300	0.256078
2149	523.939	1214	0.239138
2150	524.182	1250	0.246229
2151	524.426	1323	0.260609
2152	524.670	1343	0.264549
2153	524.914	1312	0.258442
2154	525.158	1292	0.254503
2155	525.402	1399	0.27558
2156	525.646	1458	0.287202
2157	525.889	1384	0.272625
2158	526.133	1431	0.281883
2159	526.377	1542	0.303748
2160	526.621	1580	0.311234
2161	526.865	1735	0.341766
2162	527.109	1799	0.354373
2163	527.353	1914	0.377026
2164	527.596	1896	0.373481
2165	527.840	1950	0.384118
2166	528.084	1783	0.351221
2167	528.328	1812	0.356934
2168	528.572	1632	0.321477
2169	528.816	1537	0.302763
2170	529.060	1315	0.259033
2171	529.304	1333	0.262579
2172	529.547	1199	0.236183
2173	529.791	1141	0.224758
2174	530.035	1114	0.21944
2175	530.279	1039	0.204666
2176	530.523	1049	0.206636
2177	530.767	1002	0.197377
2178	531.011	965	0.190089
2179	531.254	973	0.191665
2180	531.498	939	0.184967
2181	531.742	1001	0.19718
2182	531.986	994	0.195801
2183	532.230	953	0.187725
2184	532.474	995	0.195998
2185	532.718	943	0.185755
2186	532.962	948	0.18674
2187	533.205	941	0.185361
2188	533.449	940	0.185164
2189	533.693	1002	0.197377
2190	533.937	925	0.18221
2191	534.181	959	0.188907
2192	534.425	978	0.19265
2193	534.669	961	0.189301
2194	534.912	946	0.186346
2195	535.156	962	0.189498
2196	535.400	933	0.183786
2197	535.644	985	0.194029
2198	535.888	971	0.191271
2199	536.132	1030	0.202893
2200	536.376	1034	0.203681
2201	536.619	1005	0.197968
2202	536.863	1012	0.199347
2203	537.107	989	0.194817
2204	537.351	913	0.179846
2205	537.595	891	0.175512
2206	537.839	923	0.181816
2207	538.083	881	0.173542
2208	538.327	932	0.183589
2209	538.570	884	0.174133
2210	538.814	942	0.185558
2211	539.058	913	0.179846
2212	539.302	947	0.186543
2213	539.546	937	0.184573
2214	539.790	960	0.189104
2215	540.034	920	0.181225
2216	540.277	904	0.178073
2217	540.521	946	0.186346
2218	540.765	914	0.180043
2219	541.009	924	0.182013
2220	541.253	906	0.178467
2221	541.497	910	0.179255
2222	541.741	885	0.17433
2223	541.984	910	0.179255
2224	542.228	881	0.173542
2225	542.472	884	0.174133
2226	542.716	875	0.17236
2227	542.960	931	0.183392
2228	543.204	897	0.176694
2229	543.448	897	0.176694
2230	543.692	874	0.172163
2231	543.935	893	0.175906
2232	544.179	899	0.177088
2233	544.423	982	0.193438
2234	544.667	924	0.182013
2235	544.911	908	0.178861
2236	545.155	941	0.185361
2237	545.399	945	0.186149
2238	545.642	927	0.182604
2239	545.886	901	0.177482
2240	546.130	966	0.190286
2241	546.374	954	0.187922
2242	546.618	920	0.181225
2243	546.862	867	0.170785
2244	547.106	881	0.173542
2245	547.350	910	0.179255
2246	547.593	901	0.177482
2247	547.837	905	0.17827
2248	548.081	929	0.182998
2249	548.325	871	0.171573
2250	548.569	902	0.177679
2251	548.813	953	0.187725
2252	549.057	896	0.176497
2253	549.300	845	0.166451
2254	549.544	891	0.175512
2255	549.788	931	0.183392
2256	550.032	860	0.169406
2257	550.276	944	0.185952
2258	550.520	881	0.173542
2259	550.764	914	0.180043
2260	551.007	936	0.184376
2261	551.251	916	0.180437
2262	551.495	905	0.17827
2263	551.739	879	0.173148
2264	551.983	887	0.174724
2265	552.227	921	0.181422
2266	552.471	919	0.181028
2267	552.715	882	0.173739
2268	552.958	819	0.161329
2269	553.202	886	0.174527
2270	553.446	902	0.177679
2271	553.690	849	0.167239
2272	553.934	870	0.171376
2273	554.178	900	0.177285
2274	554.422	900	0.177285
2275	554.665	828	0.163102
2276	554.909	816	0.160738
2277	555.153	863	0.169997
2278	555.397	894	0.176103
2279	555.641	879	0.173148
2280	555.885	882	0.173739
2281	556.129	895	0.1763
2282	556.372	847	0.166845
2283	556.616	859	0.169209
2284	556.860	869	0.171179
2285	557.104	921	0.181422
2286	557.348	872	0.17177
2287	557.592	863	0.169997
2288	557.836	886	0.174527
2289	558.080	840	0.165466
2290	558.323	852	0.16783
2291	558.567	871	0.171573
2292	558.811	848	0.167042
2293	559.055	898	0.176891
2294	559.299	877	0.172754
2295	559.543	898	0.176891
2296	559.787	891	0.175512
2297	560.030	904	0.178073
2298	560.274	908	0.178861
2299	560.518	861	0.169603
2300	560.762	922	0.181619
2301	561.006	838	0.165072
2302	561.250	863	0.169997
2303	561.494	849	0.167239
2304	561.738	865	0.170391
2305	561.981	895	0.1763
2306	562.225	859	0.169209
2307	562.469	917	0.180634
2308	562.713	923	0.181816
2309	562.957	898	0.176891
2310	563.201	911	0.179452
2311	563.445	880	0.173345
2312	563.688	900	0.177285
2313	563.932	849	0.167239
2314	564.176	925	0.18221
2315	564.420	903	0.177876
2316	564.664	870	0.171376
2317	564.908	967	0.190483
2318	565.152	832	0.16389
2319	565.395	870	0.171376
2320	565.639	918	0.180831
2321	565.883	832	0.16389
2322	566.127	922	0.181619
2323	566.371	877	0.172754
2324	566.615	853	0.168027
2325	566.859	911	0.179452
2326	567.103	918	0.180831
2327	567.346	919	0.181028
2328	567.590	916	0.180437
2329	567.834	872	0.17177
2330	568.078	880	0.173345
2331	568.322	908	0.178861
2332	568.566	852	0.16783
2333	568.810	878	0.172951
2334	569.053	891	0.175512
2335	569.297	872	0.17177
2336	569.541	876	0.172557
2337	569.785	918	0.180831
2338	570.029	842	0.16586
2339	570.273	902	0.177679
2340	570.517	850	0.167436
2341	570.761	879	0.173148
2342	571.004	906	0.178467
2343	571.248	901	0.177482
2344	571.492	902	0.177679
2345	571.736	931	0.183392
2346	571.980	838	0.165072
2347	572.224	889	0.175118
2348	572.468	882	0.173739
2349	572.711	903	0.177876
2350	572.955	894	0.176103
2351	573.199	834	0.164284
2352	573.443	928	0.182801
2353	573.687	899	0.177088
2354	573.931	842	0.16586
2355	574.175	839	0.165269
2356	574.418	871	0.171573
2357	574.662	901	0.177482
2358	574.906	888	0.174921
2359	575.150	871	0.171573
2360	575.394	949	0.186937
2361	575.638	852	0.16783
2362	575.882	852	0.16783
2363	576.126	889	0.175118
2364	576.369	898	0.176891
2365	576.613	872	0.17177
2366	576.857	900	0.177285
2367	577.101	895	0.1763
2368	577.345	850	0.167436
2369	577.589	913	0.179846
2370	577.833	911	0.179452
2371	578.076	880	0.173345
2372	578.320	892	0.175709
2373	578.564	866	0.170588
2374	578.808	904	0.178073
2375	579.052	971	0.191271
2376	579.296	910	0.179255
2377	579.540	922	0.181619
2378	579.783	837	0.164875
2379	580.027	880	0.173345
2380	580.271	926	0.182407
2381	580.515	918	0.180831
2382	580.759	877	0.172754
2383	581.003	908	0.178861
2384	581.247	898	0.176891
2385	581.491	895	0.1763
2386	581.734	929	0.182998
2387	581.978	924	0.182013
2388	582.222	889	0.175118
2389	582.466	946	0.186346
2390	582.710	935	0.184179
2391	582.954	897	0.176694
2392	583.198	898	0.176891
2393	583.441	927	0.182604
2394	583.685	936	0.184376
2395	583.929	887	0.174724
2396	584.173	844	0.166254
2397	584.417	883	0.173936
2398	584.661	846	0.166648
2399	584.905	889	0.175118
2400	585.149	901	0.177482
2401	585.392	964	0.189892
2402	585.636	867	0.170785
2403	585.880	950	0.187134
2404	586.124	874	0.172163
2405	586.368	878	0.172951
2406	586.612	870	0.171376
2407	586.856	889	0.175118
2408	587.099	856	0.168618
2409	587.343	917	0.180634
2410	587.587	930	0.183195
2411	587.831	948	0.18674
2412	588.075	863	0.169997
2413	588.319	893	0.175906
2414	588.563	865	0.170391
2415	588.806	954	0.187922
2416	589.050	897	0.176694
2417	589.294	842	0.16586
2418	589.538	920	0.181225
2419	589.782	887	0.174724
2420	590.026	928	0.182801
2421	590.270	913	0.179846
2422	590.514	942	0.185558
2423	590.757	891	0.175512
2424	591.001	948	0.18674
2425	591.245	921	0.181422
2426	591.489	941	0.185361
2427	591.733	902	0.177679
2428	591.977	901	0.177482
2429	592.221	888	0.174921
2430	592.464	894	0.176103
2431	592.708	899	0.177088
2432	592.952	914	0.180043
2433	593.196	880	0.173345
2434	593.440	990	0.195014
2435	593.684	893	0.175906
2436	593.928	928	0.182801
2437	594.171	949	0.186937
2438	594.415	898	0.176891
2439	594.659	927	0.182604
2440	594.903	937	0.184573
2441	595.147	929	0.182998
2442	595.391	965	0.190089
2443	595.635	930	0.183195
2444	595.879	957	0.188513
2445	596.122	948	0.18674
2446	596.366	956	0.188316
2447	596.610	952	0.187528
2448	596.854	928	0.182801
2449	597.098	940	0.185164
2450	597.342	869	0.171179
2451	597.586	1003	0.197574
2452	597.829	909	0.179058
2453	598.073	949	0.186937
2454	598.317	945	0.186149
2455	598.561	912	0.179649
2456	598.805	923	0.181816
2457	599.049	839	0.165269
2458	599.293	917	0.180634
2459	599.537	906	0.178467
2460	599.780	875	0.17236
2461	600.024	918	0.180831
2462	600.268	890	0.175315
2463	600.512	928	0.182801
2464	600.756	903	0.177876
2465	601.000	897	0.176694
2466	601.244	915	0.18024
2467	601.487	975	0.192059
2468	601.731	915	0.18024
2469	601.975	946	0.186346
2470	602.219	881	0.173542
2471	602.463	908	0.178861
2472	602.707	945	0.186149
2473	602.951	932	0.183589
2474	603.194	972	0.191468
2475	603.438	915	0.18024
2476	603.682	898	0.176891
2477	603.926	963	0.189695
2478	604.170	954	0.187922
2479	604.414	940	0.185164
2480	604.658	963	0.189695
2481	604.902	938	0.18477
2482	605.145	928	0.182801
2483	605.389	977	0.192453
2484	605.633	1006	0.198165
2485	605.877	900	0.177285
2486	606.121	1003	0.197574
2487	606.365	933	0.183786
2488	606.609	972	0.191468
2489	606.852	935	0.184179
2490	607.096	940	0.185164
2491	607.340	923	0.181816
2492	607.584	915	0.18024
2493	607.828	938	0.18477
2494	608.072	957	0.188513
2495	608.316	961	0.189301
2496	608.559	888	0.174921
2497	608.803	902	0.177679
2498	609.047	889	0.175118
2499	609.291	955	0.188119
2500	609.535	994	0.195801
2501	609.779	955	0.188119
2502	610.023	922	0.181619
2503	610.267	970	0.191074
2504	610.510	973	0.191665
2505	610.754	962	0.189498
2506	610.998	921	0.181422
2507	611.242	968	0.19068
2508	611.486	967	0.190483
2509	611.730	892	0.175709
2510	611.974	895	0.1763
2511	612.217	914	0.180043
2512	612.461	990	0.195014
2513	612.705	978	0.19265
2514	612.949	966	0.190286
2515	613.193	945	0.186149
2516	613.437	968	0.19068
2517	613.681	980	0.193044
2518	613.925	945	0.186149
2519	614.168	929	0.182998
2520	614.412	1001	0.19718
2521	614.656	951	0.187331
2522	614.900	928	0.182801
2523	615.144	983	0.193635
2524	615.388	943	0.185755
2525	615.632	935	0.184179
2526	615.875	984	0.193832
2527	616.119	964	0.189892
2528	616.363	969	0.190877
2529	616.607	949	0.186937
2530	616.851	977	0.192453
2531	617.095	937	0.184573
2532	617.339	942	0.185558
2533	617.582	948	0.18674
2534	617.826	975	0.192059
2535	618.070	1001	0.19718
2536	618.314	947	0.186543
2537	618.558	953	0.187725
2538	618.802	1004	0.197771
2539	619.046	925	0.18221
2540	619.290	935	0.184179
2541	619.533	981	0.193241
2542	619.777	981	0.193241
2543	620.021	980	0.193044
2544	620.265	1008	0.198559
2545	620.509	955	0.188119
2546	620.753	1007	0.198362
2547	620.997	993	0.195605
2548	621.240	982	0.193438
2549	621.484	982	0.193438
2550	621.728	980	0.193044
2551	621.972	966	0.190286
2552	622.216	958	0.18871
2553	622.460	939	0.184967
2554	622.704	983	0.193635
2555	622.948	994	0.195801
2556	623.191	998	0.196589
2557	623.435	948	0.18674
2558	623.679	960	0.189104
2559	623.923	1015	0.199938
2560	624.167	964	0.189892
2561	624.411	990	0.195014
2562	624.655	967	0.190483
2563	624.898	908	0.178861
2564	625.142	990	0.195014
2565	625.386	975	0.192059
2566	625.630	1015	0.199938
2567	625.874	919	0.181028
2568	626.118	956	0.188316
2569	626.362	999	0.196786
2570	626.605	995	0.195998
2571	626.849	977	0.192453
2572	627.093	917	0.180634
2573	627.337	1009	0.198756
2574	627.581	1020	0.200923
2575	627.825	1040	0.204863
2576	628.069	945	0.186149
2577	628.313	975	0.192059
2578	628.556	989	0.194817
2579	628.800	1060	0.208802
2580	629.044	929	0.182998
2581	629.288	964	0.189892
2582	629.532	1003	0.197574
2583	629.776	953	0.187725
2584	630.020	993	0.195605
2585	630.263	957	0.188513
2586	630.507	1052	0.207227
2587	630.751	944	0.185952
2588	630.995	994	0.195801
2589	631.239	984	0.193832
2590	631.483	1029	0.202696
2591	631.727	1007	0.198362
2592	631.970	1016	0.200135
2593	632.214	1011	0.19915
2594	632.458	1003	0.197574
2595	632.702	1011	0.19915
2596	632.946	1028	0.202499
2597	633.190	1065	0.209787
2598	633.434	1008	0.198559
2599	633.678	977	0.192453
2600	633.921	1056	0.208014
2601	634.165	1051	0.20703
2602	634.409	1037	0.204272
2603	634.653	968	0.19068
2604	634.897	1023	0.201514
2605	635.141	970	0.191074
2606	635.385	1015	0.199938
2607	635.628	1042	0.205257
2608	635.872	1068	0.210378
2609	636.116	1004	0.197771
2610	636.360	988	0.19462
2611	636.604	980	0.193044
2612	636.848	1063	0.209393
2613	637.092	1057	0.208211
2614	637.336	996	0.196195
2615	637.579	1048	0.206439
2616	637.823	1001	0.19718
2617	638.067	1046	0.206045
2618	638.311	1032	0.203287
2619	638.555	1071	0.210969
2620	638.799	1004	0.197771
2621	639.043	1026	0.202105
2622	639.286	1008	0.198559
2623	639.530	1018	0.200529
2624	639.774	1025	0.201908
2625	640.018	1036	0.204075
2626	640.262	1096	0.215894
2627	640.506	1069	0.210575
2628	640.750	970	0.191074
2629	640.993	992	0.195408
2630	641.237	1125	0.221606
2631	641.481	1031	0.20309
2632	641.725	1054	0.20762
2633	641.969	1098	0.216288
2634	642.213	980	0.193044
2635	642.457	1100	0.216682
2636	642.701	1031	0.20309
2637	642.944	1072	0.211166
2638	643.188	1028	0.202499
2639	643.432	1026	0.202105
2640	643.676	1070	0.210772
2641	643.920	1030	0.202893
2642	644.164	1004	0.197771
2643	644.408	1089	0.214515
2644	644.651	1019	0.200726
2645	644.895	1023	0.201514
2646	645.139	1023	0.201514
2647	645.383	984	0.193832
2648	645.627	1002	0.197377
2649	645.871	1004	0.197771
2650	646.115	1061	0.208999
2651	646.358	1109	0.218455
2652	646.602	1043	0.205454
2653	646.846	1066	0.209984
2654	647.090	1095	0.215697
2655	647.334	1073	0.211363
2656	647.578	1105	0.217667
2657	647.822	1067	0.210181
2658	648.066	1050	0.206833
2659	648.309	1074	0.21156
2660	648.553	1064	0.20959
2661	648.797	1042	0.205257
2662	649.041	1000	0.196983
2663	649.285	1095	0.215697
2664	649.529	1081	0.212939
2665	649.773	1103	0.217273
2666	650.016	1123	0.221212
2667	650.260	1051	0.20703
2668	650.504	1087	0.214121
2669	650.748	1043	0.205454
2670	650.992	1125	0.221606
2671	651.236	1092	0.215106
2672	651.480	1093	0.215303
2673	651.724	1096	0.215894
2674	651.967	1038	0.204469
2675	652.211	1127	0.222
2676	652.455	1078	0.212348
2677	652.699	1089	0.214515
2678	652.943	1050	0.206833
2679	653.187	1089	0.214515
2680	653.431	1089	0.214515
2681	653.674	1131	0.222788
2682	653.918	1128	0.222197
2683	654.162	1133	0.223182
2684	654.406	1043	0.205454
2685	654.650	1094	0.2155
2686	654.894	1034	0.203681
2687	655.138	1134	0.223379
2688	655.381	1050	0.206833
2689	655.625	1115	0.219636
2690	655.869	1176	0.231652
2691	656.113	1138	0.224167
2692	656.357	1110	0.218652
2693	656.601	1106	0.217864
2694	656.845	1130	0.222591
2695	657.089	1108	0.218258
2696	657.332	1064	0.20959
2697	657.576	1114	0.21944
2698	657.820	1121	0.220818
2699	658.064	1159	0.228304
2700	658.308	1137	0.22397
2701	658.552	1075	0.211757
2702	658.796	1121	0.220818
2703	659.039	1045	0.205848
2704	659.283	1089	0.214515
2705	659.527	1148	0.226137
2706	659.771	1229	0.242093
2707	660.015	1339	0.263761
2708	660.259	1667	0.328371
2709	660.503	2392	0.471184
2710	660.746	3450	0.679593
2711	660.990	5714	1.12556
2712	661.234	8839	1.74114
2713	661.478	12930	2.547
2714	661.722	17625	3.47183
2715	661.966	21975	4.32871
2716	662.210	25035	4.93148
2717	662.454	25791	5.0804
2718	662.697	23798	4.68781
2719	662.941	20346	4.00782
2720	663.185	15553	3.06368
2721	663.429	10784	2.12427
2722	663.673	7071	1.39287
2723	663.917	4339	0.854711
2724	664.161	2880	0.567312
2725	664.404	1880	0.370329
2726	664.648	1457	0.287005
2727	664.892	1304	0.256866
2728	665.136	1192	0.234804
2729	665.380	1140	0.224561
2730	665.624	1252	0.246623
2731	665.868	1221	0.240517
2732	666.112	1225	0.241305
2733	666.355	1223	0.240911
2734	666.599	1149	0.226334
2735	666.843	1219	0.240123
2736	667.087	1256	0.247411
2737	667.331	1214	0.239138
2738	667.575	1257	0.247608
2739	667.819	1261	0.248396
2740	668.062	1227	0.241699
2741	668.306	1210	0.23835
2742	668.550	1222	0.240714
2743	668.794	1187	0.233819
2744	669.038	1220	0.24032
2745	669.282	1237	0.243668
2746	669.526	1188	0.234016
2747	669.769	1166	0.229683
2748	670.013	1224	0.241108
2749	670.257	1261	0.248396
2750	670.501	1252	0.246623
2751	670.745	1189	0.234213
2752	670.989	1186	0.233622
2753	671.233	1216	0.239532
2754	671.477	1182	0.232834
2755	671.720	1197	0.235789
2756	671.964	1235	0.243274
2757	672.208	1245	0.245244
2758	672.452	1179	0.232243
2759	672.696	1258	0.247805
2760	672.940	1162	0.228895
2761	673.184	1263	0.24879
2762	673.427	1221	0.240517
2763	673.671	1142	0.224955
2764	673.915	1199	0.236183
2765	674.159	1234	0.243078
2766	674.403	1202	0.236774
2767	674.647	1287	0.253518
2768	674.891	1209	0.238153
2769	675.135	1272	0.250563
2770	675.378	1257	0.247608
2771	675.622	1236	0.243471
2772	675.866	1274	0.250957
2773	676.110	1285	0.253124
2774	676.354	1209	0.238153
2775	676.598	1180	0.23244
2776	676.842	1272	0.250563
2777	677.085	1276	0.251351
2778	677.329	1273	0.25076
2779	677.573	1239	0.244062
2780	677.817	1154	0.227319
2781	678.061	1233	0.242881
2782	678.305	1220	0.24032
2783	678.549	1258	0.247805
2784	678.792	1254	0.247017
2785	679.036	1222	0.240714
2786	679.280	1245	0.245244
2787	679.524	1171	0.230668
2788	679.768	1251	0.246426
2789	680.012	1211	0.238547
2790	680.256	1248	0.245835
2791	680.500	1279	0.251942
2792	680.743	1257	0.247608
2793	680.987	1179	0.232243
2794	681.231	1230	0.24229
2795	681.475	1231	0.242487
2796	681.719	1263	0.24879
2797	681.963	1237	0.243668
2798	682.207	1259	0.248002
2799	682.450	1163	0.229092
2800	682.694	1313	0.258639
2801	682.938	1270	0.250169
2802	683.182	1286	0.253321
2803	683.426	1233	0.242881
2804	683.670	1291	0.254306
2805	683.914	1251	0.246426
2806	684.157	1278	0.251745
2807	684.401	1181	0.232637
2808	684.645	1303	0.256669
2809	684.889	1233	0.242881
2810	685.133	1261	0.248396
2811	685.377	1239	0.244062
2812	685.621	1263	0.24879
2813	685.865	1205	0.237365
2814	686.108	1217	0.239729
2815	686.352	1269	0.249972
2816	686.596	1333	0.262579
2817	686.840	1254	0.247017
2818	687.084	1201	0.236577
2819	687.328	1220	0.24032
2820	687.572	1305	0.257063
2821	687.815	1278	0.251745
2822	688.059	1225	0.241305
2823	688.303	1329	0.261791
2824	688.547	1248	0.245835
2825	688.791	1254	0.247017
2826	689.035	1263	0.24879
2827	689.279	1281	0.252336
2828	689.523	1265	0.249184
2829	689.766	1277	0.251548
2830	690.010	1229	0.242093
2831	690.254	1307	0.257457
2832	690.498	1274	0.250957
2833	690.742	1256	0.247411
2834	690.986	1270	0.250169
2835	691.230	1321	0.260215
2836	691.473	1301	0.256275
2837	691.717	1228	0.241896
2838	691.961	1268	0.249775
2839	692.205	1253	0.24682
2840	692.449	1247	0.245638
2841	692.693	1359	0.2677
2842	692.937	1271	0.250366
2843	693.180	1210	0.23835
2844	693.424	1255	0.247214
2845	693.668	1312	0.258442
2846	693.912	1265	0.249184
2847	694.156	1271	0.250366
2848	694.400	1163	0.229092
2849	694.644	1187	0.233819
2850	694.888	1236	0.243471
2851	695.131	1241	0.244456
2852	695.375	1141	0.224758
2853	695.619	1247	0.245638
2854	695.863	1191	0.234607
2855	696.107	1233	0.242881
2856	696.351	1271	0.250366
2857	696.595	1187	0.233819
2858	696.838	1200	0.23638
2859	697.082	1158	0.228107
2860	697.326	1219	0.240123
2861	697.570	1192	0.234804
2862	697.814	1164	0.229289
2863	698.058	1181	0.232637
2864	698.302	1132	0.222985
2865	698.545	1181	0.232637
2866	698.789	1147	0.22594
2867	699.033	1155	0.227516
2868	699.277	1137	0.22397
2869	699.521	1078	0.212348
2870	699.765	1102	0.217076
2871	700.009	1132	0.222985
2872	700.253	1079	0.212545
2873	700.496	1050	0.206833
2874	700.740	1029	0.202696
2875	700.984	1019	0.200726
2876	701.228	1052	0.207227
2877	701.472	939	0.184967
2878	701.716	1071	0.210969
2879	701.960	1072	0.211166
2880	702.203	996	0.196195
2881	702.447	1073	0.211363
2882	702.691	1001	0.19718
2883	702.935	1005	0.197968
2884	703.179	995	0.195998
2885	703.423	1017	0.200332
2886	703.667	1022	0.201317
2887	703.911	956	0.188316
2888	704.154	951	0.187331
2889	704.398	996	0.196195
2890	704.642	999	0.196786
2891	704.886	943	0.185755
2892	705.130	938	0.18477
2893	705.374	892	0.175709
2894	705.618	941	0.185361
2895	705.861	935	0.184179
2896	706.105	924	0.182013
2897	706.349	897	0.176694
2898	706.593	879	0.173148
2899	706.837	905	0.17827
2900	707.081	913	0.179846
2901	707.325	900	0.177285
2902	707.568	917	0.180634
2903	707.812	938	0.18477
2904	708.056	906	0.178467
2905	708.300	878	0.172951
2906	708.544	857	0.168815
2907	708.788	878	0.172951
2908	709.032	845	0.166451
2909	709.276	885	0.17433
2910	709.519	907	0.178664
2911	709.763	873	0.171967
2912	710.007	902	0.177679
2913	710.251	889	0.175118
2914	710.495	878	0.172951
2915	710.739	900	0.177285
2916	710.983	868	0.170982
2917	711.226	863	0.169997
2918	711.470	894	0.176103
2919	711.714	942	0.185558
2920	711.958	874	0.172163
2921	712.202	892	0.175709
2922	712.446	833	0.164087
2923	712.690	904	0.178073
2924	712.933	855	0.168421
2925	713.177	829	0.163299
2926	713.421	852	0.16783
2927	713.665	893	0.175906
2928	713.909	859	0.169209
2929	714.153	823	0.162117
2930	714.397	827	0.162905
2931	714.641	852	0.16783
2932	714.884	843	0.166057
2933	715.128	914	0.180043
2934	715.372	858	0.169012
2935	715.616	874	0.172163
2936	715.860	826	0.162708
2937	716.104	801	0.157784
2938	716.348	792	0.156011
2939	716.591	856	0.168618
2940	716.835	827	0.162905
2941	717.079	922	0.181619
2942	717.323	847	0.166845
2943	717.567	863	0.169997
2944	717.811	818	0.161132
2945	718.055	838	0.165072
2946	718.299	800	0.157587
2947	718.542	825	0.162511
2948	718.786	783	0.154238
2949	719.030	842	0.16586
2950	719.274	817	0.160935
2951	719.518	829	0.163299
2952	719.762	805	0.158572
2953	720.006	827	0.162905
2954	720.249	841	0.165663
2955	720.493	836	0.164678
2956	720.737	759	0.14951
2957	720.981	801	0.157784
2958	721.225	787	0.155026
2959	721.469	813	0.160148
2960	721.713	798	0.157193
2961	721.956	814	0.160344
2962	722.200	830	0.163496
2963	722.444	806	0.158769
2964	722.688	806	0.158769
2965	722.932	788	0.155223
2966	723.176	763	0.150298
2967	723.420	815	0.160541
2968	723.664	783	0.154238
2969	723.907	822	0.16192
2970	724.151	842	0.16586
2971	724.395	761	0.149904
2972	724.639	751	0.147935
2973	724.883	783	0.154238
2974	725.127	801	0.157784
2975	725.371	788	0.155223
2976	725.614	798	0.157193
2977	725.858	765	0.150692
2978	726.102	785	0.154632
2979	726.346	732	0.144192
2980	726.590	761	0.149904
2981	726.834	785	0.154632
2982	727.078	791	0.155814
2983	727.322	800	0.157587
2984	727.565	802	0.157981
2985	727.809	753	0.148328
2986	728.053	816	0.160738
2987	728.297	776	0.152859
2988	728.541	811	0.159754
2989	728.785	729	0.143601
2990	729.029	749	0.147541
2991	729.272	796	0.156799
2992	729.516	740	0.145768
2993	729.760	723	0.142419
2994	730.004	780	0.153647
2995	730.248	801	0.157784
2996	730.492	847	0.166845
2997	730.736	758	0.149313
2998	730.979	757	0.149116
2999	731.223	762	0.150101
3000	731.467	767	0.151086
3001	731.711	769	0.15148
3002	731.955	761	0.149904
3003	732.199	756	0.148919
3004	732.443	789	0.15542
3005	732.687	746	0.14695
3006	732.930	781	0.153844
3007	733.174	758	0.149313
3008	733.418	767	0.151086
3009	733.662	756	0.148919
3010	733.906	767	0.151086
3011	734.150	779	0.15345
3012	734.394	715	0.140843
3013	734.637	777	0.153056
3014	734.881	774	0.152465
3015	735.125	760	0.149707
3016	735.369	768	0.151283
3017	735.613	745	0.146753
3018	735.857	732	0.144192
3019	736.101	762	0.150101
3020	736.344	773	0.152268
3021	736.588	727	0.143207
3022	736.832	752	0.148132
3023	737.076	708	0.139464
3024	737.320	752	0.148132
3025	737.564	764	0.150495
3026	737.808	763	0.150298
3027	738.052	736	0.14498
3028	738.295	744	0.146556
3029	738.539	760	0.149707
3030	738.783	719	0.141631
3031	739.027	727	0.143207
3032	739.271	771	0.151874
3033	739.515	772	0.152071
3034	739.759	735	0.144783
3035	740.002	717	0.141237
3036	740.246	770	0.151677
3037	740.490	720	0.141828
3038	740.734	732	0.144192
3039	740.978	709	0.139661
3040	741.222	729	0.143601
3041	741.466	681	0.134146
3042	741.710	715	0.140843
3043	741.953	729	0.143601
3044	742.197	729	0.143601
3045	742.441	702	0.138282
3046	742.685	755	0.148722
3047	742.929	768	0.151283
3048	743.173	721	0.142025
3049	743.417	720	0.141828
3050	743.660	747	0.147147
3051	743.904	722	0.142222
3052	744.148	733	0.144389
3053	744.392	737	0.145177
3054	744.636	717	0.141237
3055	744.880	715	0.140843
3056	745.124	779	0.15345
3057	745.367	726	0.14301
3058	745.611	711	0.140055
3059	745.855	741	0.145965
3060	746.099	772	0.152071
3061	746.343	709	0.139661
3062	746.587	705	0.138873
3063	746.831	740	0.145768
3064	747.075	724	0.142616
3065	747.318	739	0.145571
3066	747.562	761	0.149904
3067	747.806	701	0.138085
3068	748.050	667	0.131388
3069	748.294	723	0.142419
3070	748.538	692	0.136313
3071	748.782	745	0.146753
3072	749.025	752	0.148132
3073	749.269	694	0.136706
3074	749.513	712	0.140252
3075	749.757	728	0.143404
3076	750.001	694	0.136706
3077	750.245	712	0.140252
3078	750.489	739	0.145571
3079	750.732	683	0.13454
3080	750.976	716	0.14104
3081	751.220	710	0.139858
3082	751.464	737	0.145177
3083	751.708	623	0.122721
3084	751.952	698	0.137494
3085	752.196	678	0.133555
3086	752.440	686	0.135131
3087	752.683	718	0.141434
3088	752.927	714	0.140646
3089	753.171	653	0.12863
3090	753.415	727	0.143207
3091	753.659	726	0.14301
3092	753.903	684	0.134737
3093	754.147	707	0.139267
3094	754.390	705	0.138873
3095	754.634	686	0.135131
3096	754.878	690	0.135919
3097	755.122	661	0.130206
3098	755.366	647	0.127448
3099	755.610	732	0.144192
3100	755.854	709	0.139661
3101	756.098	656	0.129221
3102	756.341	715	0.140843
3103	756.585	694	0.136706
3104	756.829	658	0.129615
3105	757.073	675	0.132964
3106	757.317	634	0.124887
3107	757.561	671	0.132176
3108	757.805	644	0.126857
3109	758.048	662	0.130403
3110	758.292	672	0.132373
3111	758.536	656	0.129221
3112	758.780	657	0.129418
3113	759.024	700	0.137888
3114	759.268	623	0.122721
3115	759.512	727	0.143207
3116	759.755	652	0.128433
3117	759.999	703	0.138479
3118	760.243	655	0.129024
3119	760.487	700	0.137888
3120	760.731	621	0.122327
3121	760.975	644	0.126857
3122	761.219	689	0.135722
3123	761.463	676	0.133161
3124	761.706	636	0.125281
3125	761.950	699	0.137691
3126	762.194	659	0.129812
3127	762.438	673	0.13257
3128	762.682	662	0.130403
3129	762.926	644	0.126857
3130	763.170	634	0.124887
3131	763.413	646	0.127251
3132	763.657	714	0.140646
3133	763.901	671	0.132176
3134	764.145	667	0.131388
3135	764.389	653	0.12863
3136	764.633	666	0.131191
3137	764.877	632	0.124494
3138	765.121	661	0.130206
3139	765.364	605	0.119175
3140	765.608	699	0.137691
3141	765.852	675	0.132964
3142	766.096	642	0.126463
3143	766.340	646	0.127251
3144	766.584	634	0.124887
3145	766.828	629	0.123903
3146	767.071	662	0.130403
3147	767.315	664	0.130797
3148	767.559	636	0.125281
3149	767.803	661	0.130206
3150	768.047	625	0.123115
3151	768.291	614	0.120948
3152	768.535	608	0.119766
3153	768.778	668	0.131585
3154	769.022	675	0.132964
3155	769.266	643	0.12666
3156	769.510	661	0.130206
3157	769.754	657	0.129418
3158	769.998	633	0.12469
3159	770.242	623	0.122721
3160	770.486	609	0.119963
3161	770.729	640	0.126069
3162	770.973	651	0.128236
3163	771.217	638	0.125675
3164	771.461	609	0.119963
3165	771.705	610	0.12016
3166	771.949	618	0.121736
3167	772.193	635	0.125084
3168	772.436	601	0.118387
3169	772.680	666	0.131191
3170	772.924	603	0.118781
3171	773.168	642	0.126463
3172	773.412	619	0.121933
3173	773.656	591	0.116417
3174	773.900	619	0.121933
3175	774.143	647	0.127448
3176	774.387	603	0.118781
3177	774.631	579	0.114053
3178	774.875	594	0.117008
3179	775.119	609	0.119963
3180	775.363	617	0.121539
3181	775.607	595	0.117205
3182	775.851	664	0.130797
3183	776.094	547	0.10775
3184	776.338	602	0.118584
3185	776.582	606	0.119372
3186	776.826	630	0.1241
3187	777.070	631	0.124297
3188	777.314	595	0.117205
3189	777.558	609	0.119963
3190	777.801	549	0.108144
3191	778.045	585	0.115235
3192	778.289	617	0.121539
3193	778.533	624	0.122918
3194	778.777	572	0.112675
3195	779.021	617	0.121539
3196	779.265	583	0.114841
3197	779.509	602	0.118584
3198	779.752	577	0.113659
3199	779.996	599	0.117993
3200	780.240	574	0.113068
3201	780.484	567	0.11169
3202	780.728	602	0.118584
3203	780.972	617	0.121539
3204	781.216	592	0.116614
3205	781.459	523	0.103022
3206	781.703	600	0.11819
3207	781.947	564	0.111099
3208	782.191	606	0.119372
3209	782.435	591	0.116417
3210	782.679	570	0.112281
3211	782.923	602	0.118584
3212	783.166	606	0.119372
3213	783.410	630	0.1241
3214	783.654	555	0.109326
3215	783.898	608	0.119766
3216	784.142	637	0.125478
3217	784.386	593	0.116811
3218	784.630	568	0.111887
3219	784.874	592	0.116614
3220	785.117	583	0.114841
3221	785.361	553	0.108932
3222	785.605	519	0.102234
3223	785.849	632	0.124494
3224	786.093	582	0.114644
3225	786.337	539	0.106174
3226	786.581	567	0.11169
3227	786.824	553	0.108932
3228	787.068	578	0.113856
3229	787.312	574	0.113068
3230	787.556	541	0.106568
3231	787.800	573	0.112871
3232	788.044	578	0.113856
3233	788.288	547	0.10775
3234	788.531	561	0.110508
3235	788.775	547	0.10775
3236	789.019	607	0.119569
3237	789.263	584	0.115038
3238	789.507	588	0.115826
3239	789.751	554	0.109129
3240	789.995	566	0.111493
3241	790.239	529	0.104204
3242	790.482	590	0.11622
3243	790.726	558	0.109917
3244	790.970	585	0.115235
3245	791.214	565	0.111296
3246	791.458	576	0.113462
3247	791.702	513	0.101052
3248	791.946	563	0.110902
3249	792.189	531	0.104598
3250	792.433	565	0.111296
3251	792.677	558	0.109917
3252	792.921	603	0.118781
3253	793.165	571	0.112478
3254	793.409	548	0.107947
3255	793.653	543	0.106962
3256	793.897	540	0.106371
3257	794.140	543	0.106962
3258	794.384	609	0.119963
3259	794.628	519	0.102234
3260	794.872	546	0.107553
3261	795.116	518	0.102037
3262	795.360	586	0.115432
3263	795.604	544	0.107159
3264	795.847	609	0.119963
3265	796.091	514	0.101249
3266	796.335	551	0.108538
3267	796.579	553	0.108932
3268	796.823	513	0.101052
3269	797.067	525	0.103416
3270	797.311	526	0.103613
3271	797.554	538	0.105977
3272	797.798	533	0.104992
3273	798.042	501	0.0986887
3274	798.286	544	0.107159
3275	798.530	508	0.100068
3276	798.774	513	0.101052
3277	799.018	529	0.104204
3278	799.262	597	0.117599
3279	799.505	543	0.106962
3280	799.749	565	0.111296
3281	799.993	544	0.107159
3282	800.237	545	0.107356
3283	800.481	510	0.100462
3284	800.725	535	0.105386
3285	800.969	559	0.110114
3286	801.212	511	0.100659
3287	801.456	561	0.110508
3288	801.700	502	0.0988857
3289	801.944	588	0.115826
3290	802.188	553	0.108932
3291	802.432	549	0.108144
3292	802.676	564	0.111099
3293	802.919	492	0.0969158
3294	803.163	568	0.111887
3295	803.407	542	0.106765
3296	803.651	548	0.107947
3297	803.895	543	0.106962
3298	804.139	572	0.112675
3299	804.383	525	0.103416
3300	804.627	528	0.104007
3301	804.870	521	0.102628
3302	805.114	561	0.110508
3303	805.358	553	0.108932
3304	805.602	495	0.0975068
3305	805.846	548	0.107947
3306	806.090	551	0.108538
3307	806.334	512	0.100855
3308	806.577	512	0.100855
3309	806.821	544	0.107159
3310	807.065	520	0.102431
3311	807.309	526	0.103613
3312	807.553	505	0.0994766
3313	807.797	503	0.0990826
3314	808.041	507	0.0998706
3315	808.285	512	0.100855
3316	808.528	524	0.103219
3317	808.772	484	0.09534
3318	809.016	514	0.101249
3319	809.260	544	0.107159
3320	809.504	550	0.108341
3321	809.748	502	0.0988857
3322	809.992	520	0.102431
3323	810.235	533	0.104992
3324	810.479	582	0.114644
3325	810.723	542	0.106765
3326	810.967	525	0.103416
3327	811.211	537	0.10578
3328	811.455	522	0.102825
3329	811.699	522	0.102825
3330	811.942	561	0.110508
3331	812.186	572	0.112675
3332	812.430	517	0.10184
3333	812.674	549	0.108144
3334	812.918	643	0.12666
3335	813.162	660	0.130009
3336	813.406	780	0.153647
3337	813.650	825	0.162511
3338	813.893	1012	0.199347
3339	814.137	1151	0.226728
3340	814.381	1286	0.253321
3341	814.625	1343	0.264549
3342	814.869	1458	0.287202
3343	815.113	1316	0.25923
3344	815.357	1256	0.247411
3345	815.600	1076	0.211954
3346	815.844	848	0.167042
3347	816.088	816	0.160738
3348	816.332	661	0.130206
3349	816.576	647	0.127448
3350	816.820	548	0.107947
3351	817.064	538	0.105977
3352	817.308	531	0.104598
3353	817.551	530	0.104401
3354	817.795	581	0.114447
3355	818.039	551	0.108538
3356	818.283	556	0.109523
3357	818.527	529	0.104204
3358	818.771	511	0.100659
3359	819.015	563	0.110902
3360	819.258	546	0.107553
3361	819.502	513	0.101052
3362	819.746	565	0.111296
3363	819.990	554	0.109129
3364	820.234	556	0.109523
3365	820.478	578	0.113856
3366	820.722	548	0.107947
3367	820.965	529	0.104204
3368	821.209	590	0.11622
3369	821.453	586	0.115432
3370	821.697	582	0.114644
3371	821.941	557	0.10972
3372	822.185	622	0.122524
3373	822.429	568	0.111887
3374	822.673	587	0.115629
3375	822.916	533	0.104992
3376	823.160	588	0.115826
3377	823.404	570	0.112281
3378	823.648	561	0.110508
3379	823.892	543	0.106962
3380	824.136	586	0.115432
3381	824.380	516	0.101643
3382	824.623	572	0.112675
3383	824.867	542	0.106765
3384	825.111	511	0.100659
3385	825.355	545	0.107356
3386	825.599	557	0.10972
3387	825.843	531	0.104598
3388	826.087	508	0.100068
3389	826.330	543	0.106962
3390	826.574	516	0.101643
3391	826.818	548	0.107947
3392	827.062	536	0.105583
3393	827.306	560	0.110311
3394	827.550	505	0.0994766
3395	827.794	607	0.119569
3396	828.038	605	0.119175
3397	828.281	555	0.109326
3398	828.525	553	0.108932
3399	828.769	555	0.109326
3400	829.013	561	0.110508
3401	829.257	585	0.115235
3402	829.501	537	0.10578
3403	829.745	574	0.113068
3404	829.988	527	0.10381
3405	830.232	519	0.102234
3406	830.476	548	0.107947
3407	830.720	622	0.122524
3408	830.964	543	0.106962
3409	831.208	536	0.105583
3410	831.452	586	0.115432
3411	831.696	563	0.110902
3412	831.939	532	0.104795
3413	832.183	545	0.107356
3414	832.427	529	0.104204
3415	832.671	552	0.108735
3416	832.915	529	0.104204
3417	833.159	506	0.0996736
3418	833.403	527	0.10381
3419	833.646	557	0.10972
3420	833.890	490	0.0965219
3421	834.134	483	0.095143
3422	834.378	515	0.101446
3423	834.622	531	0.104598
3424	834.866	528	0.104007
3425	835.110	527	0.10381
3426	835.353	535	0.105386
3427	835.597	538	0.105977
3428	835.841	545	0.107356
3429	836.085	557	0.10972
3430	836.329	529	0.104204
3431	836.573	458	0.0902184
3432	836.817	552	0.108735
3433	837.061	540	0.106371
3434	837.304	547	0.10775
3435	837.548	541	0.106568
3436	837.792	545	0.107356
3437	838.036	544	0.107159
3438	838.280	542	0.106765
3439	838.524	534	0.105189
3440	838.768	544	0.107159
3441	839.011	557	0.10972
3442	839.255	540	0.106371
3443	839.499	523	0.103022
3444	839.743	591	0.116417
3445	839.987	570	0.112281
3446	840.231	550	0.108341
3447	840.475	558	0.109917
3448	840.718	543	0.106962
3449	840.962	544	0.107159
3450	841.206	519	0.102234
3451	841.450	549	0.108144
3452	841.694	541	0.106568
3453	841.938	534	0.105189
3454	842.182	569	0.112084
3455	842.426	563	0.110902
3456	842.669	526	0.103613
3457	842.913	538	0.105977
3458	843.157	600	0.11819
3459	843.401	575	0.113265
3460	843.645	564	0.111099
3461	843.889	548	0.107947
3462	844.133	549	0.108144
3463	844.376	540	0.106371
3464	844.620	530	0.104401
3465	844.864	604	0.118978
3466	845.108	543	0.106962
3467	845.352	568	0.111887
3468	845.596	605	0.119175
3469	845.840	568	0.111887
3470	846.084	543	0.106962
3471	846.327	538	0.105977
3472	846.571	558	0.109917
3473	846.815	580	0.11425
3474	847.059	572	0.112675
3475	847.303	563	0.110902
3476	847.547	568	0.111887
3477	847.791	543	0.106962
3478	848.034	558	0.109917
3479	848.278	556	0.109523
3480	848.522	532	0.104795
3481	848.766	560	0.110311
3482	849.010	503	0.0990826
3483	849.254	552	0.108735
3484	849.498	569	0.112084
3485	849.741	527	0.10381
3486	849.985	582	0.114644
3487	850.229	539	0.106174
3488	850.473	537	0.10578
3489	850.717	549	0.108144
3490	850.961	597	0.117599
3491	851.205	572	0.112675
3492	851.449	595	0.117205
3493	851.692	577	0.113659
3494	851.936	577	0.113659
3495	852.180	569	0.112084
3496	852.424	575	0.113265
3497	852.668	558	0.109917
3498	852.912	557	0.10972
3499	853.156	584	0.115038
3500	853.399	553	0.108932
3501	853.643	542	0.106765
3502	853.887	495	0.0975068
3503	854.131	545	0.107356
3504	854.375	604	0.118978
3505	854.619	572	0.112675
3506	854.863	541	0.106568
3507	855.106	581	0.114447
3508	855.350	560	0.110311
3509	855.594	573	0.112871
3510	855.838	549	0.108144
3511	856.082	503	0.0990826
3512	856.326	528	0.104007
3513	856.570	513	0.101052
3514	856.814	547	0.10775
3515	857.057	609	0.119963
3516	857.301	576	0.113462
3517	857.545	553	0.108932
3518	857.789	573	0.112871
3519	858.033	545	0.107356
3520	858.277	547	0.10775
3521	858.521	559	0.110114
3522	858.764	557	0.10972
3523	859.008	614	0.120948
3524	859.252	503	0.0990826
3525	859.496	536	0.105583
3526	859.740	556	0.109523
3527	859.984	564	0.111099
3528	860.228	550	0.108341
3529	860.472	578	0.113856
3530	860.715	562	0.110705
3531	860.959	567	0.11169
3532	861.203	525	0.103416
3533	861.447	576	0.113462
3534	861.691	547	0.10775
3535	861.935	561	0.110508
3536	862.179	530	0.104401
3537	862.422	544	0.107159
3538	862.666	592	0.116614
3539	862.910	536	0.105583
3540	863.154	558	0.109917
3541	863.398	515	0.101446
3542	863.642	576	0.113462
3543	863.886	555	0.109326
3544	864.129	513	0.101052
3545	864.373	563	0.110902
3546	864.617	558	0.109917
3547	864.861	532	0.104795
3548	865.105	569	0.112084
3549	865.349	589	0.116023
3550	865.593	602	0.118584
3551	865.837	558	0.109917
3552	866.080	564	0.111099
3553	866.324	542	0.106765
3554	866.568	597	0.117599
3555	866.812	599	0.117993
3556	867.056	550	0.108341
3557	867.300	556	0.109523
3558	867.544	604	0.118978
3559	867.787	572	0.112675
3560	868.031	556	0.109523
3561	868.275	573	0.112871
3562	868.519	546	0.107553
3563	868.763	530	0.104401
3564	869.007	601	0.118387
3565	869.251	565	0.111296
3566	869.495	546	0.107553
3567	869.738	582	0.114644
3568	869.982	563	0.110902
3569	870.226	587	0.115629
3570	870.470	578	0.113856
3571	870.714	550	0.108341
3572	870.958	548	0.107947
3573	871.202	541	0.106568
3574	871.445	524	0.103219
3575	871.689	579	0.114053
3576	871.933	552	0.108735
3577	872.177	581	0.114447
3578	872.421	572	0.112675
3579	872.665	557	0.10972
3580	872.909	568	0.111887
3581	873.152	556	0.109523
3582	873.396	559	0.110114
3583	873.640	558	0.109917
3584	873.884	535	0.105386
3585	874.128	584	0.115038
3586	874.372	602	0.118584
3587	874.616	594	0.117008
3588	874.860	575	0.113265
3589	875.103	590	0.11622
3590	875.347	571	0.112478
3591	875.591	575	0.113265
3592	875.835	563	0.110902
3593	876.079	551	0.108538
3594	876.323	583	0.114841
3595	876.567	560	0.110311
3596	876.810	566	0.111493
3597	877.054	588	0.115826
3598	877.298	563	0.110902
3599	877.542	571	0.112478
3600	877.786	606	0.119372
3601	878.030	550	0.108341
3602	878.274	611	0.120357
3603	878.517	543	0.106962
3604	878.761	558	0.109917
3605	879.005	584	0.115038
3606	879.249	555	0.109326
3607	879.493	621	0.122327
3608	879.737	591	0.116417
3609	879.981	577	0.113659
3610	880.225	585	0.115235
3611	880.468	547	0.10775
3612	880.712	599	0.117993
3613	880.956	582	0.114644
3614	881.200	556	0.109523
3615	881.444	552	0.108735
3616	881.688	614	0.120948
3617	881.932	601	0.118387
3618	882.175	582	0.114644
3619	882.419	563	0.110902
3620	882.663	570	0.112281
3621	882.907	574	0.113068
3622	883.151	574	0.113068
3623	883.395	583	0.114841
3624	883.639	566	0.111493
3625	883.883	587	0.115629
3626	884.126	579	0.114053
3627	884.370	545	0.107356
3628	884.614	603	0.118781
3629	884.858	603	0.118781
3630	885.102	612	0.120554
3631	885.346	597	0.117599
3632	885.590	570	0.112281
3633	885.833	580	0.11425
3634	886.077	579	0.114053
3635	886.321	584	0.115038
3636	886.565	614	0.120948
3637	886.809	574	0.113068
3638	887.053	562	0.110705
3639	887.297	553	0.108932
3640	887.540	603	0.118781
3641	887.784	655	0.129024
3642	888.028	573	0.112871
3643	888.272	667	0.131388
3644	888.516	593	0.116811
3645	888.760	594	0.117008
3646	889.004	639	0.125872
3647	889.248	583	0.114841
3648	889.491	617	0.121539
3649	889.735	563	0.110902
3650	889.979	599	0.117993
3651	890.223	606	0.119372
3652	890.467	601	0.118387
3653	890.711	584	0.115038
3654	890.955	581	0.114447
3655	891.198	648	0.127645
3656	891.442	621	0.122327
3657	891.686	614	0.120948
3658	891.930	580	0.11425
3659	892.174	582	0.114644
3660	892.418	616	0.121342
3661	892.662	594	0.117008
3662	892.905	632	0.124494
3663	893.149	661	0.130206
3664	893.393	591	0.116417
3665	893.637	644	0.126857
3666	893.881	642	0.126463
3667	894.125	635	0.125084
3668	894.369	613	0.120751
3669	894.613	597	0.117599
3670	894.856	598	0.117796
3671	895.100	605	0.119175
3672	895.344	663	0.1306
3673	895.588	646	0.127251
3674	895.832	776	0.152859
3675	896.076	777	0.153056
3676	896.320	1027	0.202302
3677	896.563	1512	0.297839
3678	896.807	2453	0.4832
3679	897.051	4041	0.79601
3680	897.295	6890	1.35722
3681	897.539	11255	2.21705
3682	897.783	17055	3.35955
3683	898.027	23783	4.68486
3684	898.271	30866	6.08009
3685	898.514	36813	7.25155
3686	898.758	39951	7.86968
3687	899.002	40660	8.00934
3688	899.246	36946	7.27775
3689	899.490	30902	6.08718
3690	899.734	23633	4.65531
3691	899.978	16752	3.29987
3692	900.221	10826	2.13254
3693	900.465	6380	1.25675
3694	900.709	3696	0.728051
3695	900.953	2190	0.431394
3696	901.197	1381	0.272034
3697	901.441	1070	0.210772
3698	901.685	932	0.183589
3699	901.928	848	0.167042
3700	902.172	870	0.171376
3701	902.416	886	0.174527
3702	902.660	935	0.184179
3703	902.904	976	0.192256
3704	903.148	979	0.192847
3705	903.392	945	0.186149
3706	903.636	924	0.182013
3707	903.879	877	0.172754
3708	904.123	858	0.169012
3709	904.367	742	0.146162
3710	904.611	790	0.155617
3711	904.855	759	0.14951
3712	905.099	775	0.152662
3713	905.343	708	0.139464
3714	905.586	679	0.133752
3715	905.830	652	0.128433
3716	906.074	744	0.146556
3717	906.318	691	0.136116
3718	906.562	734	0.144586
3719	906.806	655	0.129024
3720	907.050	688	0.135525
3721	907.293	651	0.128236
3722	907.537	695	0.136903
3723	907.781	675	0.132964
3724	908.025	666	0.131191
3725	908.269	696	0.1371
3726	908.513	702	0.138282
3727	908.757	678	0.133555
3728	909.001	726	0.14301
3729	909.244	724	0.142616
3730	909.488	704	0.138676
3731	909.732	659	0.129812
3732	909.976	717	0.141237
3733	910.220	669	0.131782
3734	910.464	717	0.141237
3735	910.708	754	0.148525
3736	910.951	843	0.166057
3737	911.195	933	0.183786
3738	911.439	1054	0.20762
3739	911.683	1245	0.245244
3740	911.927	1490	0.293505
3741	912.171	1772	0.349055
3742	912.415	2116	0.416817
3743	912.659	2271	0.447349
3744	912.902	2523	0.496989
3745	913.146	2500	0.492458
3746	913.390	2322	0.457395
3747	913.634	2053	0.404407
3748	913.878	1880	0.370329
3749	914.122	1606	0.316355
3750	914.366	1416	0.278928
3751	914.609	1267	0.249578
3752	914.853	1219	0.240123
3753	915.097	955	0.188119
3754	915.341	955	0.188119
3755	915.585	852	0.16783
3756	915.829	794	0.156405
3757	916.073	748	0.147344
3758	916.316	739	0.145571
3759	916.560	659	0.129812
3760	916.804	659	0.129812
3761	917.048	702	0.138282
3762	917.292	679	0.133752
3763	917.536	623	0.122721
3764	917.780	709	0.139661
3765	918.024	654	0.128827
3766	918.267	656	0.129221
3767	918.511	660	0.130009
3768	918.755	670	0.131979
3769	918.999	642	0.126463
3770	919.243	706	0.13907
3771	919.487	672	0.132373
3772	919.731	677	0.133358
3773	919.974	647	0.127448
3774	920.218	693	0.136509
3775	920.462	674	0.132767
3776	920.706	706	0.13907
3777	920.950	766	0.150889
3778	921.194	680	0.133949
3779	921.438	654	0.128827
3780	921.682	661	0.130206
3781	921.925	663	0.1306
3782	922.169	640	0.126069
3783	922.413	686	0.135131
3784	922.657	620	0.12213
3785	922.901	635	0.125084
3786	923.145	665	0.130994
3787	923.389	652	0.128433
3788	923.632	695	0.136903
3789	923.876	652	0.128433
3790	924.120	601	0.118387
3791	924.364	609	0.119963
3792	924.608	654	0.128827
3793	924.852	668	0.131585
3794	925.096	645	0.127054
3795	925.339	642	0.126463
3796	925.583	644	0.126857
3797	925.827	672	0.132373
3798	926.071	630	0.1241
3799	926.315	638	0.125675
3800	926.559	605	0.119175
3801	926.803	612	0.120554
3802	927.047	595	0.117205
3803	927.290	588	0.115826
3804	927.534	601	0.118387
3805	927.778	646	0.127251
3806	928.022	623	0.122721
3807	928.266	640	0.126069
3808	928.510	626	0.123312
3809	928.754	633	0.12469
3810	928.997	654	0.128827
3811	929.241	676	0.133161
3812	929.485	664	0.130797
3813	929.729	670	0.131979
3814	929.973	655	0.129024
3815	930.217	602	0.118584
3816	930.461	655	0.129024
3817	930.704	635	0.125084
3818	930.948	659	0.129812
3819	931.192	644	0.126857
3820	931.436	658	0.129615
3821	931.680	638	0.125675
3822	931.924	676	0.133161
3823	932.168	687	0.135328
3824	932.412	666	0.131191
3825	932.655	677	0.133358
3826	932.899	640	0.126069
3827	933.143	679	0.133752
3828	933.387	676	0.133161
3829	933.631	667	0.131388
3830	933.875	652	0.128433
3831	934.119	659	0.129812
3832	934.362	660	0.130009
3833	934.606	654	0.128827
3834	934.850	653	0.12863
3835	935.094	705	0.138873
3836	935.338	619	0.121933
3837	935.582	649	0.127842
3838	935.826	733	0.144389
3839	936.070	682	0.134343
3840	936.313	646	0.127251
3841	936.557	688	0.135525
3842	936.801	738	0.145374
3843	937.045	669	0.131782
3844	937.289	669	0.131782
3845	937.533	670	0.131979
3846	937.777	616	0.121342
3847	938.020	658	0.129615
3848	938.264	670	0.131979
3849	938.508	698	0.137494
3850	938.752	666	0.131191
3851	938.996	668	0.131585
3852	939.240	639	0.125872
3853	939.484	622	0.122524
3854	939.727	633	0.12469
3855	939.971	699	0.137691
3856	940.215	638	0.125675
3857	940.459	623	0.122721
3858	940.703	674	0.132767
3859	940.947	672	0.132373
3860	941.191	680	0.133949
3861	941.435	721	0.142025
3862	941.678	713	0.140449
3863	941.922	665	0.130994
3864	942.166	759	0.14951
3865	942.410	700	0.137888
3866	942.654	662	0.130403
3867	942.898	664	0.130797
3868	943.142	695	0.136903
3869	943.385	718	0.141434
3870	943.629	680	0.133949
3871	943.873	681	0.134146
3872	944.117	734	0.144586
3873	944.361	704	0.138676
3874	944.605	751	0.147935
3875	944.849	647	0.127448
3876	945.092	673	0.13257
3877	945.336	697	0.137297
3878	945.580	679	0.133752
3879	945.824	706	0.13907
3880	946.068	649	0.127842
3881	946.312	693	0.136509
3882	946.556	669	0.131782
3883	946.800	681	0.134146
3884	947.043	701	0.138085
3885	947.287	679	0.133752
3886	947.531	696	0.1371
3887	947.775	716	0.14104
3888	948.019	662	0.130403
3889	948.263	735	0.144783
3890	948.507	682	0.134343
3891	948.750	718	0.141434
3892	948.994	672	0.132373
3893	949.238	704	0.138676
3894	949.482	711	0.140055
3895	949.726	745	0.146753
3896	949.970	744	0.146556
3897	950.214	759	0.14951
3898	950.458	671	0.132176
3899	950.701	703	0.138479
3900	950.945	711	0.140055
3901	951.189	708	0.139464
3902	951.433	666	0.131191
3903	951.677	714	0.140646
3904	951.921	749	0.147541
3905	952.165	644	0.126857
3906	952.408	688	0.135525
3907	952.652	698	0.137494
3908	952.896	687	0.135328
3909	953.140	722	0.142222
3910	953.384	692	0.136313
3911	953.628	659	0.129812
3912	953.872	696	0.1371
3913	954.115	704	0.138676
3914	954.359	687	0.135328
3915	954.603	687	0.135328
3916	954.847	713	0.140449
3917	955.091	632	0.124494
3918	955.335	685	0.134934
3919	955.579	704	0.138676
3920	955.823	706	0.13907
3921	956.066	750	0.147738
3922	956.310	754	0.148525
3923	956.554	719	0.141631
3924	956.798	674	0.132767
3925	957.042	692	0.136313
3926	957.286	709	0.139661
3927	957.530	702	0.138282
3928	957.773	700	0.137888
3929	958.017	694	0.136706
3930	958.261	725	0.142813
3931	958.505	652	0.128433
3932	958.749	686	0.135131
3933	958.993	698	0.137494
3934	959.237	642	0.126463
3935	959.481	650	0.128039
3936	959.724	675	0.132964
3937	959.968	685	0.134934
3938	960.212	662	0.130403
3939	960.456	677	0.133358
3940	960.700	697	0.137297
3941	960.944	706	0.13907
3942	961.188	696	0.1371
3943	961.431	700	0.137888
3944	961.675	684	0.134737
3945	961.919	652	0.128433
3946	962.163	674	0.132767
3947	962.407	730	0.143798
3948	962.651	631	0.124297
3949	962.895	627	0.123509
3950	963.138	632	0.124494
3951	963.382	670	0.131979
3952	963.626	638	0.125675
3953	963.870	649	0.127842
3954	964.114	644	0.126857
3955	964.358	660	0.130009
3956	964.602	616	0.121342
3957	964.846	614	0.120948
3958	965.089	613	0.120751
3959	965.333	643	0.12666
3960	965.577	633	0.12469
3961	965.821	615	0.121145
3962	966.065	625	0.123115
3963	966.309	592	0.116614
3964	966.553	590	0.11622
3965	966.796	601	0.118387
3966	967.040	575	0.113265
3967	967.284	640	0.126069
3968	967.528	625	0.123115
3969	967.772	562	0.110705
3970	968.016	530	0.104401
3971	968.260	603	0.118781
3972	968.503	587	0.115629
3973	968.747	603	0.118781
3974	968.991	558	0.109917
3975	969.235	539	0.106174
3976	969.479	591	0.116417
3977	969.723	599	0.117993
3978	969.967	560	0.110311
3979	970.211	530	0.104401
3980	970.454	590	0.11622
3981	970.698	582	0.114644
3982	970.942	545	0.107356
3983	971.186	529	0.104204
3984	971.430	590	0.11622
3985	971.674	592	0.116614
3986	971.918	585	0.115235
3987	972.161	587	0.115629
3988	972.405	581	0.114447
3989	972.649	521	0.102628
3990	972.893	540	0.106371
3991	973.137	557	0.10972
3992	973.381	517	0.10184
3993	973.625	573	0.112871
3994	973.869	533	0.104992
3995	974.112	534	0.105189
3996	974.356	551	0.108538
3997	974.600	568	0.111887
3998	974.844	572	0.112675
3999	975.088	559	0.110114
4000	975.332	535	0.105386
4001	975.576	565	0.111296
4002	975.819	539	0.106174
4003	976.063	511	0.100659
4004	976.307	567	0.11169
4005	976.551	521	0.102628
4006	976.795	545	0.107356
4007	977.039	504	0.0992796
4008	977.283	597	0.117599
4009	977.526	540	0.106371
4010	977.770	542	0.106765
4011	978.014	547	0.10775
4012	978.258	515	0.101446
4013	978.502	524	0.103219
4014	978.746	527	0.10381
4015	978.990	560	0.110311
4016	979.234	579	0.114053
4017	979.477	544	0.107159
4018	979.721	556	0.109523
4019	979.965	526	0.103613
4020	980.209	545	0.107356
4021	980.453	532	0.104795
4022	980.697	548	0.107947
4023	980.941	513	0.101052
4024	981.184	553	0.108932
4025	981.428	588	0.115826
4026	981.672	579	0.114053
4027	981.916	488	0.0961279
4028	982.160	538	0.105977
4029	982.404	527	0.10381
4030	982.648	581	0.114447
4031	982.891	572	0.112675
4032	983.135	536	0.105583
4033	983.379	509	0.100265
4034	983.623	506	0.0996736
4035	983.867	526	0.103613
4036	984.111	540	0.106371
4037	984.355	500	0.0984917
4038	984.599	553	0.108932
4039	984.842	533	0.104992
4040	985.086	536	0.105583
4041	985.330	510	0.100462
4042	985.574	568	0.111887
4043	985.818	517	0.10184
4044	986.062	561	0.110508
4045	986.306	564	0.111099
4046	986.549	533	0.104992
4047	986.793	541	0.106568
4048	987.037	567	0.11169
4049	987.281	548	0.107947
4050	987.525	511	0.100659
4051	987.769	588	0.115826
4052	988.013	556	0.109523
4053	988.257	532	0.104795
4054	988.500	552	0.108735
4055	988.744	536	0.105583
4056	988.988	536	0.105583
4057	989.232	564	0.111099
4058	989.476	573	0.112871
4059	989.720	541	0.106568
4060	989.964	503	0.0990826
4061	990.207	539	0.106174
4062	990.451	528	0.104007
4063	990.695	534	0.105189
4064	990.939	497	0.0979007
4065	991.183	485	0.0955369
4066	991.427	526	0.103613
4067	991.671	558	0.109917
4068	991.914	513	0.101052
4069	992.158	538	0.105977
4070	992.402	546	0.107553
4071	992.646	554	0.109129
4072	992.890	500	0.0984917
4073	993.134	540	0.106371
4074	993.378	529	0.104204
4075	993.622	524	0.103219
4076	993.865	500	0.0984917
4077	994.109	518	0.102037
4078	994.353	513	0.101052
4079	994.597	529	0.104204
4080	994.841	525	0.103416
4081	995.085	521	0.102628
4082	995.329	515	0.101446
4083	995.572	492	0.0969158
4084	995.816	553	0.108932
4085	996.060	516	0.101643
4086	996.304	508	0.100068
4087	996.548	484	0.09534
4088	996.792	558	0.109917
4089	997.036	524	0.103219
4090	997.279	533	0.104992
4091	997.523	511	0.100659
4092	997.767	555	0.109326
4093	998.011	491	0.0967188
4094	998.255	471	0.0927792
4095	998.499	545	0.107356
4096	998.743	557	0.10972
4097	998.987	558	0.109917
4098	999.230	511	0.100659
4099	999.474	535	0.105386
4100	999.718	484	0.09534
4101	999.962	515	0.101446
4102	1000.206	519	0.102234
4103	1000.450	530	0.104401
4104	1000.694	521	0.102628
4105	1000.937	518	0.102037
4106	1001.181	491	0.0967188
4107	1001.425	513	0.101052
4108	1001.669	505	0.0994766
4109	1001.913	546	0.107553
4110	1002.157	497	0.0979007
4111	1002.401	526	0.103613
4112	1002.645	526	0.103613
4113	1002.888	512	0.100855
4114	1003.132	493	0.0971128
4115	1003.376	535	0.105386
4116	1003.620	511	0.100659
4117	1003.864	509	0.100265
4118	1004.108	515	0.101446
4119	1004.352	533	0.104992
4120	1004.595	521	0.102628
4121	1004.839	567	0.11169
4122	1005.083	514	0.101249
4123	1005.327	547	0.10775
4124	1005.571	520	0.102431
4125	1005.815	501	0.0986887
4126	1006.059	493	0.0971128
4127	1006.302	545	0.107356
4128	1006.546	537	0.10578
4129	1006.790	517	0.10184
4130	1007.034	508	0.100068
4131	1007.278	526	0.103613
4132	1007.522	524	0.103219
4133	1007.766	487	0.0959309
4134	1008.010	528	0.104007
4135	1008.253	525	0.103416
4136	1008.497	504	0.0992796
4137	1008.741	479	0.094355
4138	1008.985	494	0.0973098
4139	1009.229	439	0.0864757
4140	1009.473	508	0.100068
4141	1009.717	522	0.102825
4142	1009.960	523	0.103022
4143	1010.204	515	0.101446
4144	1010.448	582	0.114644
4145	1010.692	451	0.0888395
4146	1010.936	493	0.0971128
4147	1011.180	500	0.0984917
4148	1011.424	492	0.0969158
4149	1011.668	501	0.0986887
4150	1011.911	548	0.107947
4151	1012.155	516	0.101643
4152	1012.399	542	0.106765
4153	1012.643	488	0.0961279
4154	1012.887	489	0.0963249
4155	1013.131	511	0.100659
4156	1013.375	510	0.100462
4157	1013.618	517	0.10184
4158	1013.862	491	0.0967188
4159	1014.106	492	0.0969158
4160	1014.350	521	0.102628
4161	1014.594	529	0.104204
4162	1014.838	509	0.100265
4163	1015.082	533	0.104992
4164	1015.325	494	0.0973098
4165	1015.569	511	0.100659
4166	1015.813	528	0.104007
4167	1016.057	466	0.0917943
4168	1016.301	499	0.0982947
4169	1016.545	495	0.0975068
4170	1016.789	482	0.094946
4171	1017.033	532	0.104795
4172	1017.276	499	0.0982947
4173	1017.520	513	0.101052
4174	1017.764	498	0.0980977
4175	1018.008	501	0.0986887
4176	1018.252	506	0.0996736
4177	1018.496	511	0.100659
4178	1018.740	504	0.0992796
4179	1018.983	505	0.0994766
4180	1019.227	523	0.103022
4181	1019.471	501	0.0986887
4182	1019.715	498	0.0980977
4183	1019.959	500	0.0984917
4184	1020.203	489	0.0963249
4185	1020.447	543	0.106962
4186	1020.690	526	0.103613
4187	1020.934	522	0.102825
4188	1021.178	511	0.100659
4189	1021.422	494	0.0973098
4190	1021.666	477	0.0939611
4191	1021.910	530	0.104401
4192	1022.154	512	0.100855
4193	1022.398	492	0.0969158
4194	1022.641	507	0.0998706
4195	1022.885	485	0.0955369
4196	1023.129	503	0.0990826
4197	1023.373	487	0.0959309
4198	1023.617	523	0.103022
4199	1023.861	551	0.108538
4200	1024.105	496	0.0977038
4201	1024.348	490	0.0965219
4202	1024.592	495	0.0975068
4203	1024.836	487	0.0959309
4204	1025.080	501	0.0986887
4205	1025.324	490	0.0965219
4206	1025.568	479	0.094355
4207	1025.812	515	0.101446
4208	1026.056	500	0.0984917
4209	1026.299	503	0.0990826
4210	1026.543	484	0.09534
4211	1026.787	480	0.094552
4212	1027.031	517	0.10184
4213	1027.275	485	0.0955369
4214	1027.519	505	0.0994766
4215	1027.763	521	0.102628
4216	1028.006	484	0.09534
4217	1028.250	487	0.0959309
4218	1028.494	527	0.10381
4219	1028.738	445	0.0876576
4220	1028.982	484	0.09534
4221	1029.226	520	0.102431
4222	1029.470	485	0.0955369
4223	1029.713	492	0.0969158
4224	1029.957	471	0.0927792
4225	1030.201	479	0.094355
4226	1030.445	485	0.0955369
4227	1030.689	460	0.0906124
4228	1030.933	498	0.0980977
4229	1031.177	514	0.101249
4230	1031.421	438	0.0862787
4231	1031.664	494	0.0973098
4232	1031.908	528	0.104007
4233	1032.152	506	0.0996736
4234	1032.396	485	0.0955369
4235	1032.640	544	0.107159
4236	1032.884	469	0.0923852
4237	1033.128	474	0.0933701
4238	1033.371	509	0.100265
4239	1033.615	499	0.0982947
4240	1033.859	482	0.094946
4241	1034.103	473	0.0931731
4242	1034.347	492	0.0969158
4243	1034.591	504	0.0992796
4244	1034.835	514	0.101249
4245	1035.078	501	0.0986887
4246	1035.322	509	0.100265
4247	1035.566	464	0.0914003
4248	1035.810	503	0.0990826
4249	1036.054	518	0.102037
4250	1036.298	492	0.0969158
4251	1036.542	482	0.094946
4252	1036.786	474	0.0933701
4253	1037.029	508	0.100068
4254	1037.273	506	0.0996736
4255	1037.517	505	0.0994766
4256	1037.761	491	0.0967188
4257	1038.005	461	0.0908093
4258	1038.249	487	0.0959309
4259	1038.493	483	0.095143
4260	1038.736	487	0.0959309
4261	1038.980	457	0.0900214
4262	1039.224	488	0.0961279
4263	1039.468	501	0.0986887
4264	1039.712	495	0.0975068
4265	1039.956	449	0.0884455
4266	1040.200	428	0.0843089
4267	1040.444	468	0.0921882
4268	1040.687	476	0.0937641
4269	1040.931	465	0.0915973
4270	1041.175	481	0.094749
4271	1041.419	518	0.102037
4272	1041.663	515	0.101446
4273	1041.907	481	0.094749
4274	1042.151	504	0.0992796
4275	1042.394	507	0.0998706
4276	1042.638	478	0.0941581
4277	1042.882	472	0.0929762
4278	1043.126	458	0.0902184
4279	1043.370	452	0.0890365
4280	1043.614	472	0.0929762
4281	1043.858	479	0.094355
4282	1044.101	472	0.0929762
4283	1044.345	483	0.095143
4284	1044.589	482	0.094946
4285	1044.833	480	0.094552
4286	1045.077	467	0.0919912
4287	1045.321	456	0.0898244
4288	1045.565	513	0.101052
4289	1045.809	482	0.094946
4290	1046.052	458	0.0902184
4291	1046.296	443	0.0872636
4292	1046.540	511	0.100659
4293	1046.784	490	0.0965219
4294	1047.028	490	0.0965219
4295	1047.272	486	0.0957339
4296	1047.516	486	0.0957339
4297	1047.759	423	0.083324
4298	1048.003	490	0.0965219
4299	1048.247	467	0.0919912
4300	1048.491	485	0.0955369
4301	1048.735	472	0.0929762
4302	1048.979	474	0.0933701
4303	1049.223	545	0.107356
4304	1049.466	463	0.0912033
4305	1049.710	460	0.0906124
4306	1049.954	491	0.0967188
4307	1050.198	480	0.094552
4308	1050.442	451	0.0888395
4309	1050.686	489	0.0963249
4310	1050.930	483	0.095143
4311	1051.174	470	0.0925822
4312	1051.417	466	0.0917943
4313	1051.661	484	0.09534
4314	1051.905	446	0.0878546
4315	1052.149	481	0.094749
4316	1052.393	451	0.0888395
4317	1052.637	486	0.0957339
4318	1052.881	462	0.0910063
4319	1053.124	466	0.0917943
4320	1053.368	515	0.101446
4321	1053.612	479	0.094355
4322	1053.856	495	0.0975068
4323	1054.100	503	0.0990826
4324	1054.344	510	0.100462
4325	1054.588	473	0.0931731
4326	1054.832	465	0.0915973
4327	1055.075	505	0.0994766
4328	1055.319	440	0.0866727
4329	1055.563	507	0.0998706
4330	1055.807	471	0.0927792
4331	1056.051	496	0.0977038
4332	1056.295	500	0.0984917
4333	1056.539	474	0.0933701
4334	1056.782	511	0.100659
4335	1057.026	470	0.0925822
4336	1057.270	448	0.0882486
4337	1057.514	481	0.094749
4338	1057.758	487	0.0959309
4339	1058.002	537	0.10578
4340	1058.246	456	0.0898244
4341	1058.489	484	0.09534
4342	1058.733	439	0.0864757
4343	1058.977	491	0.0967188
4344	1059.221	502	0.0988857
4345	1059.465	480	0.094552
4346	1059.709	471	0.0927792
4347	1059.953	452	0.0890365
4348	1060.197	511	0.100659
4349	1060.440	463	0.0912033
4350	1060.684	491	0.0967188
4351	1060.928	464	0.0914003
4352	1061.172	479	0.094355
4353	1061.416	526	0.103613
4354	1061.660	494	0.0973098
4355	1061.904	446	0.0878546
4356	1062.147	496	0.0977038
4357	1062.391	451	0.0888395
4358	1062.635	463	0.0912033
4359	1062.879	520	0.102431
4360	1063.123	457	0.0900214
4361	1063.367	490	0.0965219
4362	1063.611	477	0.0939611
4363	1063.855	524	0.103219
4364	1064.098	468	0.0921882
4365	1064.342	492	0.0969158
4366	1064.586	442	0.0870667
4367	1064.830	467	0.0919912
4368	1065.074	470	0.0925822
4369	1065.318	472	0.0929762
4370	1065.562	461	0.0908093
4371	1065.805	457	0.0900214
4372	1066.049	497	0.0979007
4373	1066.293	485	0.0955369
4374	1066.537	471	0.0927792
4375	1066.781	462	0.0910063
4376	1067.025	454	0.0894305
4377	1067.269	486	0.0957339
4378	1067.512	496	0.0977038
4379	1067.756	499	0.0982947
4380	1068.000	476	0.0937641
4381	1068.244	455	0.0896274
4382	1068.488	469	0.0923852
4383	1068.732	476	0.0937641
4384	1068.976	481	0.094749
4385	1069.220	492	0.0969158
4386	1069.463	487	0.0959309
4387	1069.707	467	0.0919912
4388	1069.951	485	0.0955369
4389	1070.195	517	0.10184
4390	1070.439	492	0.0969158
4391	1070.683	485	0.0955369
4392	1070.927	496	0.0977038
4393	1071.170	451	0.0888395
4394	1071.414	446	0.0878546
4395	1071.658	470	0.0925822
4396	1071.902	500	0.0984917
4397	1072.146	515	0.101446
4398	1072.390	461	0.0908093
4399	1072.634	465	0.0915973
4400	1072.877	509	0.100265
4401	1073.121	510	0.100462
4402	1073.365	468	0.0921882
4403	1073.609	470	0.0925822
4404	1073.853	456	0.0898244
4405	1074.097	510	0.100462
4406	1074.341	475	0.0935671
4407	1074.585	491	0.0967188
4408	1074.828	455	0.0896274
4409	1075.072	463	0.0912033
4410	1075.316	502	0.0988857
4411	1075.560	467	0.0919912
4412	1075.804	489	0.0963249
4413	1076.048	509	0.100265
4414	1076.292	487	0.0959309
4415	1076.535	465	0.0915973
4416	1076.779	461	0.0908093
4417	1077.023	452	0.0890365
4418	1077.267	498	0.0980977
4419	1077.511	466	0.0917943
4420	1077.755	489	0.0963249
4421	1077.999	459	0.0904154
4422	1078.243	505	0.0994766
4423	1078.486	499	0.0982947
4424	1078.730	498	0.0980977
4425	1078.974	503	0.0990826
4426	1079.218	484	0.09534
4427	1079.462	465	0.0915973
4428	1079.706	491	0.0967188
4429	1079.950	496	0.0977038
4430	1080.193	438	0.0862787
4431	1080.437	480	0.094552
4432	1080.681	451	0.0888395
4433	1080.925	496	0.0977038
4434	1081.169	455	0.0896274
4435	1081.413	478	0.0941581
4436	1081.657	474	0.0933701
4437	1081.900	480	0.094552
4438	1082.144	497	0.0979007
4439	1082.388	483	0.095143
4440	1082.632	505	0.0994766
4441	1082.876	528	0.104007
4442	1083.120	533	0.104992
4443	1083.364	514	0.101249
4444	1083.608	482	0.094946
4445	1083.851	508	0.100068
4446	1084.095	483	0.095143
4447	1084.339	468	0.0921882
4448	1084.583	515	0.101446
4449	1084.827	445	0.0876576
4450	1085.071	498	0.0980977
4451	1085.315	502	0.0988857
4452	1085.558	456	0.0898244
4453	1085.802	511	0.100659
4454	1086.046	461	0.0908093
4455	1086.290	482	0.094946
4456	1086.534	473	0.0931731
4457	1086.778	494	0.0973098
4458	1087.022	480	0.094552
4459	1087.265	472	0.0929762
4460	1087.509	472	0.0929762
4461	1087.753	476	0.0937641
4462	1087.997	487	0.0959309
4463	1088.241	461	0.0908093
4464	1088.485	465	0.0915973
4465	1088.729	496	0.0977038
4466	1088.973	539	0.106174
4467	1089.216	510	0.100462
4468	1089.460	501	0.0986887
4469	1089.704	498	0.0980977
4470	1089.948	509	0.100265
4471	1090.192	489	0.0963249
4472	1090.436	502	0.0988857
4473	1090.680	460	0.0906124
4474	1090.923	508	0.100068
4475	1091.167	484	0.09534
4476	1091.411	469	0.0923852
4477	1091.655	510	0.100462
4478	1091.899	493	0.0971128
4479	1092.143	468	0.0921882
4480	1092.387	509	0.100265
4481	1092.631	504	0.0992796
4482	1092.874	533	0.104992
4483	1093.118	506	0.0996736
4484	1093.362	558	0.109917
4485	1093.606	552	0.108735
4486	1093.850	499	0.0982947
4487	1094.094	532	0.104795
4488	1094.338	506	0.0996736
4489	1094.581	525	0.103416
4490	1094.825	520	0.102431
4491	1095.069	502	0.0988857
4492	1095.313	558	0.109917
4493	1095.557	516	0.101643
4494	1095.801	521	0.102628
4495	1096.045	515	0.101446
4496	1096.288	468	0.0921882
4497	1096.532	506	0.0996736
4498	1096.776	481	0.094749
4499	1097.020	505	0.0994766
4500	1097.264	512	0.100855
4501	1097.508	477	0.0939611
4502	1097.752	536	0.105583
4503	1097.996	500	0.0984917
4504	1098.239	582	0.114644
4505	1098.483	545	0.107356
4506	1098.727	466	0.0917943
4507	1098.971	473	0.0931731
4508	1099.215	485	0.0955369
4509	1099.459	516	0.101643
4510	1099.703	525	0.103416
4511	1099.946	474	0.0933701
4512	1100.190	518	0.102037
4513	1100.434	486	0.0957339
4514	1100.678	502	0.0988857
4515	1100.922	509	0.100265
4516	1101.166	510	0.100462
4517	1101.410	479	0.094355
4518	1101.653	511	0.100659
4519	1101.897	509	0.100265
4520	1102.141	535	0.105386
4521	1102.385	527	0.10381
4522	1102.629	516	0.101643
4523	1102.873	520	0.102431
4524	1103.117	529	0.104204
4525	1103.361	524	0.103219
4526	1103.604	492	0.0969158
4527	1103.848	496	0.0977038
4528	1104.092	487	0.0959309
4529	1104.336	544	0.107159
4530	1104.580	497	0.0979007
4531	1104.824	527	0.10381
4532	1105.068	545	0.107356
4533	1105.311	541	0.106568
4534	1105.555	531	0.104598
4535	1105.799	525	0.103416
4536	1106.043	516	0.101643
4537	1106.287	567	0.11169
4538	1106.531	496	0.0977038
4539	1106.775	537	0.10578
4540	1107.019	540	0.106371
4541	1107.262	518	0.102037
4542	1107.506	530	0.104401
4543	1107.750	533	0.104992
4544	1107.994	518	0.102037
4545	1108.238	533	0.104992
4546	1108.482	487	0.0959309
4547	1108.726	532	0.104795
4548	1108.969	497	0.0979007
4549	1109.213	526	0.103613
4550	1109.457	502	0.0988857
4551	1109.701	483	0.095143
4552	1109.945	570	0.112281
4553	1110.189	509	0.100265
4554	1110.433	497	0.0979007
4555	1110.676	550	0.108341
4556	1110.920	551	0.108538
4557	1111.164	551	0.108538
4558	1111.408	530	0.104401
4559	1111.652	519	0.102234
4560	1111.896	492	0.0969158
4561	1112.140	542	0.106765
4562	1112.384	508	0.100068
4563	1112.627	530	0.104401
4564	1112.871	503	0.0990826
4565	1113.115	517	0.10184
4566	1113.359	526	0.103613
4567	1113.603	472	0.0929762
4568	1113.847	520	0.102431
4569	1114.091	503	0.0990826
4570	1114.334	486	0.0957339
4571	1114.578	521	0.102628
4572	1114.822	521	0.102628
4573	1115.066	511	0.100659
4574	1115.310	541	0.106568
4575	1115.554	512	0.100855
4576	1115.798	515	0.101446
4577	1116.042	484	0.09534
4578	1116.285	468	0.0921882
4579	1116.529	508	0.100068
4580	1116.773	446	0.0878546
4581	1117.017	509	0.100265
4582	1117.261	421	0.08293
4583	1117.505	507	0.0998706
4584	1117.749	489	0.0963249
4585	1117.992	526	0.103613
4586	1118.236	498	0.0980977
4587	1118.480	463	0.0912033
4588	1118.724	483	0.095143
4589	1118.968	539	0.106174
4590	1119.212	436	0.0858848
4591	1119.456	435	0.0856878
4592	1119.699	431	0.0848998
4593	1119.943	476	0.0937641
4594	1120.187	453	0.0892335
4595	1120.431	458	0.0902184
4596	1120.675	475	0.0935671
4597	1120.919	417	0.0821421
4598	1121.163	451	0.0888395
4599	1121.407	400	0.0787934
4600	1121.650	386	0.0760356
4601	1121.894	395	0.0778084
4602	1122.138	417	0.0821421
4603	1122.382	447	0.0880516
4604	1122.626	400	0.0787934
4605	1122.870	414	0.0815511
4606	1123.114	402	0.0791873
4607	1123.357	427	0.0841119
4608	1123.601	455	0.0896274
4609	1123.845	429	0.0845059
4610	1124.089	426	0.0839149
4611	1124.333	431	0.0848998
4612	1124.577	472	0.0929762
4613	1124.821	392	0.0772175
4614	1125.064	380	0.0748537
4615	1125.308	413	0.0813541
4616	1125.552	394	0.0776115
4617	1125.796	382	0.0752477
4618	1126.040	420	0.082733
4619	1126.284	381	0.0750507
4620	1126.528	415	0.0817481
4621	1126.772	406	0.0799753
4622	1127.015	373	0.0734748
4623	1127.259	376	0.0740658
4624	1127.503	403	0.0793843
4625	1127.747	399	0.0785964
4626	1127.991	348	0.0685502
4627	1128.235	381	0.0750507
4628	1128.479	388	0.0764296
4629	1128.722	389	0.0766265
4630	1128.966	367	0.0722929
4631	1129.210	356	0.0701261
4632	1129.454	393	0.0774145
4633	1129.698	374	0.0736718
4634	1129.942	385	0.0758386
4635	1130.186	371	0.0730808
4636	1130.430	357	0.0703231
4637	1130.673	380	0.0748537
4638	1130.917	408	0.0803692
4639	1131.161	377	0.0742627
4640	1131.405	389	0.0766265
4641	1131.649	372	0.0732778
4642	1131.893	371	0.0730808
4643	1132.137	369	0.0726869
4644	1132.380	399	0.0785964
4645	1132.624	360	0.070914
4646	1132.868	388	0.0764296
4647	1133.112	379	0.0746567
4648	1133.356	386	0.0760356
4649	1133.600	382	0.0752477
4650	1133.844	359	0.070717
4651	1134.087	380	0.0748537
4652	1134.331	380	0.0748537
4653	1134.575	385	0.0758386
4654	1134.819	357	0.0703231
4655	1135.063	382	0.0752477
4656	1135.307	377	0.0742627
4657	1135.551	355	0.0699291
4658	1135.795	357	0.0703231
4659	1136.038	365	0.0718989
4660	1136.282	414	0.0815511
4661	1136.526	384	0.0756416
4662	1136.770	355	0.0699291
4663	1137.014	372	0.0732778
4664	1137.258	390	0.0768235
4665	1137.502	392	0.0772175
4666	1137.745	379	0.0746567
4667	1137.989	375	0.0738688
4668	1138.233	380	0.0748537
4669	1138.477	358	0.0705201
4670	1138.721	388	0.0764296
4671	1138.965	385	0.0758386
4672	1139.209	381	0.0750507
4673	1139.452	350	0.0689442
4674	1139.696	374	0.0736718
4675	1139.940	362	0.071308
4676	1140.184	328	0.0646106
4677	1140.428	348	0.0685502
4678	1140.672	375	0.0738688
4679	1140.916	403	0.0793843
4680	1141.160	380	0.0748537
4681	1141.403	362	0.071308
4682	1141.647	393	0.0774145
4683	1141.891	341	0.0671713
4684	1142.135	361	0.071111
4685	1142.379	389	0.0766265
4686	1142.623	366	0.0720959
4687	1142.867	366	0.0720959
4688	1143.110	369	0.0726869
4689	1143.354	373	0.0734748
4690	1143.598	347	0.0683532
4691	1143.842	386	0.0760356
4692	1144.086	368	0.0724899
4693	1144.330	348	0.0685502
4694	1144.574	331	0.0652015
4695	1144.818	380	0.0748537
4696	1145.061	327	0.0644136
4697	1145.305	357	0.0703231
4698	1145.549	370	0.0728839
4699	1145.793	363	0.071505
4700	1146.037	352	0.0693382
4701	1146.281	361	0.071111
4702	1146.525	369	0.0726869
4703	1146.768	363	0.071505
4704	1147.012	357	0.0703231
4705	1147.256	367	0.0722929
4706	1147.500	379	0.0746567
4707	1147.744	365	0.0718989
4708	1147.988	354	0.0697321
4709	1148.232	337	0.0663834
4710	1148.475	350	0.0689442
4711	1148.719	343	0.0675653
4712	1148.963	342	0.0673683
4713	1149.207	352	0.0693382
4714	1149.451	375	0.0738688
4715	1149.695	366	0.0720959
4716	1149.939	355	0.0699291
4717	1150.183	333	0.0655955
4718	1150.426	349	0.0687472
4719	1150.670	344	0.0677623
4720	1150.914	345	0.0679593
4721	1151.158	339	0.0667774
4722	1151.402	365	0.0718989
4723	1151.646	334	0.0657925
4724	1151.890	355	0.0699291
4725	1152.133	341	0.0671713
4726	1152.377	349	0.0687472
4727	1152.621	347	0.0683532
4728	1152.865	371	0.0730808
4729	1153.109	357	0.0703231
4730	1153.353	350	0.0689442
4731	1153.597	375	0.0738688
4732	1153.841	328	0.0646106
4733	1154.084	350	0.0689442
4734	1154.328	347	0.0683532
4735	1154.572	332	0.0653985
4736	1154.816	331	0.0652015
4737	1155.060	333	0.0655955
4738	1155.304	350	0.0689442
4739	1155.548	381	0.0750507
4740	1155.791	383	0.0754446
4741	1156.035	338	0.0665804
4742	1156.279	330	0.0650045
4743	1156.523	388	0.0764296
4744	1156.767	328	0.0646106
4745	1157.011	357	0.0703231
4746	1157.255	361	0.071111
4747	1157.498	335	0.0659894
4748	1157.742	349	0.0687472
4749	1157.986	344	0.0677623
4750	1158.230	295	0.0581101
4751	1158.474	369	0.0726869
4752	1158.718	339	0.0667774
4753	1158.962	342	0.0673683
4754	1159.206	345	0.0679593
4755	1159.449	325	0.0640196
4756	1159.693	340	0.0669744
4757	1159.937	332	0.0653985
4758	1160.181	364	0.071702
4759	1160.425	324	0.0638226
4760	1160.669	332	0.0653985
4761	1160.913	346	0.0681563
4762	1161.156	361	0.071111
4763	1161.400	355	0.0699291
4764	1161.644	319	0.0628377
4765	1161.888	346	0.0681563
4766	1162.132	335	0.0659894
4767	1162.376	367	0.0722929
4768	1162.620	331	0.0652015
4769	1162.863	377	0.0742627
4770	1163.107	352	0.0693382
4771	1163.351	349	0.0687472
4772	1163.595	343	0.0675653
4773	1163.839	325	0.0640196
4774	1164.083	383	0.0754446
4775	1164.327	325	0.0640196
4776	1164.571	330	0.0650045
4777	1164.814	340	0.0669744
4778	1165.058	340	0.0669744
4779	1165.302	341	0.0671713
4780	1165.546	339	0.0667774
4781	1165.790	348	0.0685502
4782	1166.034	337	0.0663834
4783	1166.278	406	0.0799753
4784	1166.521	340	0.0669744
4785	1166.765	337	0.0663834
4786	1167.009	351	0.0691412
4787	1167.253	337	0.0663834
4788	1167.497	350	0.0689442
4789	1167.741	308	0.0606709
4790	1167.985	327	0.0644136
4791	1168.229	330	0.0650045
4792	1168.472	356	0.0701261
4793	1168.716	356	0.0701261
4794	1168.960	343	0.0675653
4795	1169.204	316	0.0622468
4796	1169.448	328	0.0646106
4797	1169.692	314	0.0618528
4798	1169.936	321	0.0632317
4799	1170.179	362	0.071308
4800	1170.423	325	0.0640196
4801	1170.667	348	0.0685502
4802	1170.911	373	0.0734748
4803	1171.155	461	0.0908093
4804	1171.399	493	0.0971128
4805	1171.643	695	0.136903
4806	1171.886	1027	0.202302
4807	1172.130	1619	0.318916
4808	1172.374	2545	0.501323
4809	1172.618	4102	0.808026
4810	1172.862	6290	1.23903
4811	1173.106	8407	1.65604
4812	1173.350	11350	2.23576
4813	1173.594	14141	2.78554
4814	1173.837	16342	3.2191
4815	1174.081	17113	3.37098
4816	1174.325	17115	3.37137
4817	1174.569	15660	3.08476
4818	1174.813	13292	2.6183
4819	1175.057	10442	2.0569
4820	1175.301	7564	1.48998
4821	1175.544	5090	1.00265
4822	1175.788	3231	0.636453
4823	1176.032	1967	0.387466
4824	1176.276	1213	0.238941
4825	1176.520	716	0.14104
4826	1176.764	520	0.102431
4827	1177.008	436	0.0858848
4828	1177.251	372	0.0732778
4829	1177.495	362	0.071308
4830	1177.739	331	0.0652015
4831	1177.983	336	0.0661864
4832	1178.227	335	0.0659894
4833	1178.471	331	0.0652015
4834	1178.715	315	0.0620498
4835	1178.959	325	0.0640196
4836	1179.202	328	0.0646106
4837	1179.446	356	0.0701261
4838	1179.690	341	0.0671713
4839	1179.934	321	0.0632317
4840	1180.178	354	0.0697321
4841	1180.422	348	0.0685502
4842	1180.666	277	0.0545644
4843	1180.909	312	0.0614588
4844	1181.153	332	0.0653985
4845	1181.397	355	0.0699291
4846	1181.641	338	0.0665804
4847	1181.885	318	0.0626407
4848	1182.129	325	0.0640196
4849	1182.373	336	0.0661864
4850	1182.617	361	0.071111
4851	1182.860	313	0.0616558
4852	1183.104	324	0.0638226
4853	1183.348	343	0.0675653
4854	1183.592	316	0.0622468
4855	1183.836	363	0.071505
4856	1184.080	341	0.0671713
4857	1184.324	368	0.0724899
4858	1184.567	330	0.0650045
4859	1184.811	336	0.0661864
4860	1185.055	362	0.071308
4861	1185.299	333	0.0655955
4862	1185.543	299	0.058898
4863	1185.787	311	0.0612618
4864	1186.031	326	0.0642166
4865	1186.274	312	0.0614588
4866	1186.518	349	0.0687472
4867	1186.762	336	0.0661864
4868	1187.006	300	0.059095
4869	1187.250	321	0.0632317
4870	1187.494	329	0.0648075
4871	1187.738	329	0.0648075
4872	1187.982	354	0.0697321
4873	1188.225	335	0.0659894
4874	1188.469	304	0.059883
4875	1188.713	310	0.0610649
4876	1188.957	348	0.0685502
4877	1189.201	276	0.0543674
4878	1189.445	321	0.0632317
4879	1189.689	320	0.0630347
4880	1189.932	316	0.0622468
4881	1190.176	298	0.0587011
4882	1190.420	331	0.0652015
4883	1190.664	285	0.0561403
4884	1190.908	307	0.0604739
4885	1191.152	323	0.0636256
4886	1191.396	298	0.0587011
4887	1191.639	309	0.0608679
4888	1191.883	302	0.059489
4889	1192.127	339	0.0667774
4890	1192.371	310	0.0610649
4891	1192.615	326	0.0642166
4892	1192.859	287	0.0565342
4893	1193.103	292	0.0575192
4894	1193.347	292	0.0575192
4895	1193.590	280	0.0551554
4896	1193.834	317	0.0624437
4897	1194.078	303	0.059686
4898	1194.322	299	0.058898
4899	1194.566	308	0.0606709
4900	1194.810	319	0.0628377
4901	1195.054	299	0.058898
4902	1195.297	301	0.059292
4903	1195.541	296	0.0583071
4904	1195.785	339	0.0667774
4905	1196.029	330	0.0650045
4906	1196.273	336	0.0661864
4907	1196.517	307	0.0604739
4908	1196.761	301	0.059292
4909	1197.005	282	0.0555493
4910	1197.248	277	0.0545644
4911	1197.492	283	0.0557463
4912	1197.736	301	0.059292
4913	1197.980	296	0.0583071
4914	1198.224	278	0.0547614
4915	1198.468	276	0.0543674
4916	1198.712	275	0.0541704
4917	1198.955	267	0.0525946
4918	1199.199	272	0.0535795
4919	1199.443	296	0.0583071
4920	1199.687	288	0.0567312
4921	1199.931	282	0.0555493
4922	1200.175	264	0.0520036
4923	1200.419	261	0.0514127
4924	1200.662	287	0.0565342
4925	1200.906	237	0.0466851
4926	1201.150	267	0.0525946
4927	1201.394	284	0.0559433
4928	1201.638	276	0.0543674
4929	1201.882	268	0.0527916
4930	1202.126	262	0.0516096
4931	1202.370	269	0.0529885
4932	1202.613	315	0.0620498
4933	1202.857	284	0.0559433
4934	1203.101	232	0.0457001
4935	1203.345	237	0.0466851
4936	1203.589	255	0.0502308
4937	1203.833	273	0.0537765
4938	1204.077	324	0.0638226
4939	1204.320	263	0.0518066
4940	1204.564	256	0.0504277
4941	1204.808	303	0.059686
4942	1205.052	272	0.0535795
4943	1205.296	275	0.0541704
4944	1205.540	282	0.0555493
4945	1205.784	241	0.047473
4946	1206.028	242	0.04767
4947	1206.271	272	0.0535795
4948	1206.515	280	0.0551554
4949	1206.759	271	0.0533825
4950	1207.003	260	0.0512157
4951	1207.247	260	0.0512157
4952	1207.491	273	0.0537765
4953	1207.735	231	0.0455032
4954	1207.978	265	0.0522006
4955	1208.222	244	0.0480639
4956	1208.466	255	0.0502308
4957	1208.710	268	0.0527916
4958	1208.954	237	0.0466851
4959	1209.198	240	0.047276
4960	1209.442	234	0.0460941
4961	1209.685	252	0.0496398
4962	1209.929	235	0.0462911
4963	1210.173	250	0.0492458
4964	1210.417	269	0.0529885
4965	1210.661	265	0.0522006
4966	1210.905	268	0.0527916
4967	1211.149	253	0.0498368
4968	1211.393	240	0.047276
4969	1211.636	258	0.0508217
4970	1211.880	250	0.0492458
4971	1212.124	211	0.0415635
4972	1212.368	248	0.0488519
4973	1212.612	250	0.0492458
4974	1212.856	255	0.0502308
4975	1213.100	222	0.0437303
4976	1213.343	274	0.0539735
4977	1213.587	268	0.0527916
4978	1213.831	243	0.047867
4979	1214.075	238	0.046882
4980	1214.319	233	0.0458971
4981	1214.563	257	0.0506247
4982	1214.807	238	0.046882
4983	1215.050	270	0.0531855
4984	1215.294	244	0.0480639
4985	1215.538	264	0.0520036
4986	1215.782	276	0.0543674
4987	1216.026	226	0.0445182
4988	1216.270	257	0.0506247
4989	1216.514	257	0.0506247
4990	1216.758	252	0.0496398
4991	1217.001	283	0.0557463
4992	1217.245	240	0.047276
4993	1217.489	248	0.0488519
4994	1217.733	242	0.04767
4995	1217.977	227	0.0447152
4996	1218.221	238	0.046882
4997	1218.465	228	0.0449122
4998	1218.708	222	0.0437303
4999	1218.952	253	0.0498368
5000	1219.196	248	0.0488519
5001	1219.440	236	0.0464881
5002	1219.684	249	0.0490489
5003	1219.928	271	0.0533825
5004	1220.172	233	0.0458971
5005	1220.416	268	0.0527916
5006	1220.659	232	0.0457001
5007	1220.903	238	0.046882
5008	1221.147	231	0.0455032
5009	1221.391	261	0.0514127
5010	1221.635	236	0.0464881
5011	1221.879	254	0.0500338
5012	1222.123	219	0.0431394
5013	1222.366	257	0.0506247
5014	1222.610	241	0.047473
5015	1222.854	241	0.047473
5016	1223.098	221	0.0435333
5017	1223.342	241	0.047473
5018	1223.586	219	0.0431394
5019	1223.830	253	0.0498368
5020	1224.073	248	0.0488519
5021	1224.317	229	0.0451092
5022	1224.561	219	0.0431394
5023	1224.805	231	0.0455032
5024	1225.049	254	0.0500338
5025	1225.293	233	0.0458971
5026	1225.537	237	0.0466851
5027	1225.781	239	0.047079
5028	1226.024	265	0.0522006
5029	1226.268	240	0.047276
5030	1226.512	248	0.0488519
5031	1226.756	241	0.047473
5032	1227.000	209	0.0411695
5033	1227.244	214	0.0421544
5034	1227.488	281	0.0553523
5035	1227.731	219	0.0431394
5036	1227.975	226	0.0445182
5037	1228.219	236	0.0464881
5038	1228.463	219	0.0431394
5039	1228.707	253	0.0498368
5040	1228.951	232	0.0457001
5041	1229.195	226	0.0445182
5042	1229.438	243	0.047867
5043	1229.682	235	0.0462911
5044	1229.926	249	0.0490489
5045	1230.170	228	0.0449122
5046	1230.414	242	0.04767
5047	1230.658	244	0.0480639
5048	1230.902	215	0.0423514
5049	1231.146	213	0.0419575
5050	1231.389	228	0.0449122
5051	1231.633	240	0.047276
5052	1231.877	239	0.047079
5053	1232.121	229	0.0451092
5054	1232.365	223	0.0439273
5055	1232.609	207	0.0407756
5056	1232.853	221	0.0435333
5057	1233.096	234	0.0460941
5058	1233.340	244	0.0480639
5059	1233.584	211	0.0415635
5060	1233.828	260	0.0512157
5061	1234.072	230	0.0453062
5062	1234.316	250	0.0492458
5063	1234.560	212	0.0417605
5064	1234.804	229	0.0451092
5065	1235.047	216	0.0425484
5066	1235.291	225	0.0443213
5067	1235.535	224	0.0441243
5068	1235.779	232	0.0457001
5069	1236.023	241	0.047473
5070	1236.267	230	0.0453062
5071	1236.511	216	0.0425484
5072	1236.754	240	0.047276
5073	1236.998	222	0.0437303
5074	1237.242	227	0.0447152
5075	1237.486	231	0.0455032
5076	1237.730	205	0.0403816
5077	1237.974	207	0.0407756
5078	1238.218	213	0.0419575
5079	1238.461	190	0.0374268
5080	1238.705	237	0.0466851
5081	1238.949	226	0.0445182
5082	1239.193	224	0.0441243
5083	1239.437	244	0.0480639
5084	1239.681	247	0.0486549
5085	1239.925	201	0.0395937
5086	1240.169	233	0.0458971
5087	1240.412	218	0.0429424
5088	1240.656	224	0.0441243
5089	1240.900	236	0.0464881
5090	1241.144	236	0.0464881
5091	1241.388	203	0.0399876
5092	1241.632	212	0.0417605
5093	1241.876	218	0.0429424
5094	1242.119	213	0.0419575
5095	1242.363	258	0.0508217
5096	1242.607	222	0.0437303
5097	1242.851	223	0.0439273
5098	1243.095	213	0.0419575
5099	1243.339	221	0.0435333
5100	1243.583	218	0.0429424
5101	1243.826	214	0.0421544
5102	1244.070	228	0.0449122
5103	1244.314	237	0.0466851
5104	1244.558	236	0.0464881
5105	1244.802	235	0.0462911
5106	1245.046	215	0.0423514
5107	1245.290	234	0.0460941
5108	1245.534	242	0.04767
5109	1245.777	229	0.0451092
5110	1246.021	194	0.0382148
5111	1246.265	245	0.0482609
5112	1246.509	226	0.0445182
5113	1246.753	210	0.0413665
5114	1246.997	214	0.0421544
5115	1247.241	227	0.0447152
5116	1247.484	202	0.0397906
5117	1247.728	219	0.0431394
5118	1247.972	223	0.0439273
5119	1248.216	212	0.0417605
5120	1248.460	230	0.0453062
5121	1248.704	218	0.0429424
5122	1248.948	231	0.0455032
5123	1249.192	195	0.0384118
5124	1249.435	228	0.0449122
5125	1249.679	226	0.0445182
5126	1249.923	213	0.0419575
5127	1250.167	216	0.0425484
5128	1250.411	221	0.0435333
5129	1250.655	225	0.0443213
5130	1250.899	211	0.0415635
5131	1251.142	218	0.0429424
5132	1251.386	234	0.0460941
5133	1251.630	217	0.0427454
5134	1251.874	229	0.0451092
5135	1252.118	227	0.0447152
5136	1252.362	210	0.0413665
5137	1252.606	212	0.0417605
5138	1252.849	242	0.04767
5139	1253.093	251	0.0494428
5140	1253.337	228	0.0449122
5141	1253.581	234	0.0460941
5142	1253.825	271	0.0533825
5143	1254.069	218	0.0429424
5144	1254.313	222	0.0437303
5145	1254.557	240	0.047276
5146	1254.800	234	0.0460941
5147	1255.044	217	0.0427454
5148	1255.288	208	0.0409725
5149	1255.532	224	0.0441243
5150	1255.776	212	0.0417605
5151	1256.020	225	0.0443213
5152	1256.264	227	0.0447152
5153	1256.507	217	0.0427454
5154	1256.751	212	0.0417605
5155	1256.995	229	0.0451092
5156	1257.239	215	0.0423514
5157	1257.483	204	0.0401846
5158	1257.727	227	0.0447152
5159	1257.971	217	0.0427454
5160	1258.215	195	0.0384118
5161	1258.458	229	0.0451092
5162	1258.702	179	0.03526
5163	1258.946	252	0.0496398
5164	1259.190	200	0.0393967
5165	1259.434	206	0.0405786
5166	1259.678	198	0.0390027
5167	1259.922	222	0.0437303
5168	1260.165	221	0.0435333
5169	1260.409	218	0.0429424
5170	1260.653	231	0.0455032
5171	1260.897	226	0.0445182
5172	1261.141	178	0.035063
5173	1261.385	196	0.0386087
5174	1261.629	225	0.0443213
5175	1261.872	213	0.0419575
5176	1262.116	237	0.0466851
5177	1262.360	205	0.0403816
5178	1262.604	208	0.0409725
5179	1262.848	211	0.0415635
5180	1263.092	232	0.0457001
5181	1263.336	198	0.0390027
5182	1263.580	237	0.0466851
5183	1263.823	209	0.0411695
5184	1264.067	216	0.0425484
5185	1264.311	203	0.0399876
5186	1264.555	218	0.0429424
5187	1264.799	254	0.0500338
5188	1265.043	222	0.0437303
5189	1265.287	194	0.0382148
5190	1265.530	230	0.0453062
5191	1265.774	230	0.0453062
5192	1266.018	234	0.0460941
5193	1266.262	234	0.0460941
5194	1266.506	198	0.0390027
5195	1266.750	206	0.0405786
5196	1266.994	217	0.0427454
5197	1267.237	215	0.0423514
5198	1267.481	232	0.0457001
5199	1267.725	218	0.0429424
5200	1267.969	188	0.0370329
5201	1268.213	248	0.0488519
5202	1268.457	225	0.0443213
5203	1268.701	237	0.0466851
5204	1268.945	223	0.0439273
5205	1269.188	230	0.0453062
5206	1269.432	246	0.0484579
5207	1269.676	230	0.0453062
5208	1269.920	226	0.0445182
5209	1270.164	220	0.0433363
5210	1270.408	232	0.0457001
5211	1270.652	222	0.0437303
5212	1270.895	208	0.0409725
5213	1271.139	239	0.047079
5214	1271.383	212	0.0417605
5215	1271.627	224	0.0441243
5216	1271.871	251	0.0494428
5217	1272.115	234	0.0460941
5218	1272.359	218	0.0429424
5219	1272.603	222	0.0437303
5220	1272.846	226	0.0445182
5221	1273.090	205	0.0403816
5222	1273.334	215	0.0423514
5223	1273.578	209	0.0411695
5224	1273.822	186	0.0366389
5225	1274.066	218	0.0429424
5226	1274.310	226	0.0445182
5227	1274.553	207	0.0407756
5228	1274.797	215	0.0423514
5229	1275.041	227	0.0447152
5230	1275.285	237	0.0466851
5231	1275.529	233	0.0458971
5232	1275.773	214	0.0421544
5233	1276.017	204	0.0401846
5234	1276.260	251	0.0494428
5235	1276.504	204	0.0401846
5236	1276.748	225	0.0443213
5237	1276.992	205	0.0403816
5238	1277.236	211	0.0415635
5239	1277.480	255	0.0502308
5240	1277.724	234	0.0460941
5241	1277.968	232	0.0457001
5242	1278.211	205	0.0403816
5243	1278.455	234	0.0460941
5244	1278.699	243	0.047867
5245	1278.943	230	0.0453062
5246	1279.187	220	0.0433363
5247	1279.431	244	0.0480639
5248	1279.675	242	0.04767
5249	1279.918	234	0.0460941
5250	1280.162	230	0.0453062
5251	1280.406	219	0.0431394
5252	1280.650	209	0.0411695
5253	1280.894	224	0.0441243
5254	1281.138	246	0.0484579
5255	1281.382	199	0.0391997
5256	1281.625	226	0.0445182
5257	1281.869	220	0.0433363
5258	1282.113	229	0.0451092
5259	1282.357	209	0.0411695
5260	1282.601	211	0.0415635
5261	1282.845	209	0.0411695
5262	1283.089	245	0.0482609
5263	1283.333	200	0.0393967
5264	1283.576	236	0.0464881
5265	1283.820	223	0.0439273
5266	1284.064	219	0.0431394
5267	1284.308	203	0.0399876
5268	1284.552	221	0.0435333
5269	1284.796	216	0.0425484
5270	1285.040	206	0.0405786
5271	1285.283	219	0.0431394
5272	1285.527	229	0.0451092
5273	1285.771	216	0.0425484
5274	1286.015	205	0.0403816
5275	1286.259	226	0.0445182
5276	1286.503	226	0.0445182
5277	1286.747	213	0.0419575
5278	1286.991	186	0.0366389
5279	1287.234	219	0.0431394
5280	1287.478	223	0.0439273
5281	1287.722	199	0.0391997
5282	1287.966	202	0.0397906
5283	1288.210	204	0.0401846
5284	1288.454	234	0.0460941
5285	1288.698	236	0.0464881
5286	1288.941	193	0.0380178
5287	1289.185	189	0.0372299
5288	1289.429	231	0.0455032
5289	1289.673	245	0.0482609
5290	1289.917	228	0.0449122
5291	1290.161	237	0.0466851
5292	1290.405	235	0.0462911
5293	1290.648	214	0.0421544
5294	1290.892	213	0.0419575
5295	1291.136	203	0.0399876
5296	1291.380	259	0.0510187
5297	1291.624	236	0.0464881
5298	1291.868	230	0.0453062
5299	1292.112	234	0.0460941
5300	1292.356	229	0.0451092
5301	1292.599	228	0.0449122
5302	1292.843	223	0.0439273
5303	1293.087	200	0.0393967
5304	1293.331	242	0.04767
5305	1293.575	221	0.0435333
5306	1293.819	236	0.0464881
5307	1294.063	232	0.0457001
5308	1294.306	242	0.04767
5309	1294.550	254	0.0500338
5310	1294.794	233	0.0458971
5311	1295.038	232	0.0457001
5312	1295.282	242	0.04767
5313	1295.526	199	0.0391997
5314	1295.770	212	0.0417605
5315	1296.013	239	0.047079
5316	1296.257	229	0.0451092
5317	1296.501	215	0.0423514
5318	1296.745	245	0.0482609
5319	1296.989	230	0.0453062
5320	1297.233	226	0.0445182
5321	1297.477	257	0.0506247
5322	1297.721	244	0.0480639
5323	1297.964	234	0.0460941
5324	1298.208	242	0.04767
5325	1298.452	220	0.0433363
5326	1298.696	230	0.0453062
5327	1298.940	216	0.0425484
5328	1299.184	214	0.0421544
5329	1299.428	259	0.0510187
5330	1299.671	221	0.0435333
5331	1299.915	246	0.0484579
5332	1300.159	188	0.0370329
5333	1300.403	215	0.0423514
5334	1300.647	222	0.0437303
5335	1300.891	218	0.0429424
5336	1301.135	210	0.0413665
5337	1301.379	223	0.0439273
5338	1301.622	213	0.0419575
5339	1301.866	212	0.0417605
5340	1302.110	224	0.0441243
5341	1302.354	212	0.0417605
5342	1302.598	219	0.0431394
5343	1302.842	207	0.0407756
5344	1303.086	208	0.0409725
5345	1303.329	233	0.0458971
5346	1303.573	227	0.0447152
5347	1303.817	259	0.0510187
5348	1304.061	210	0.0413665
5349	1304.305	246	0.0484579
5350	1304.549	221	0.0435333
5351	1304.793	230	0.0453062
5352	1305.036	239	0.047079
5353	1305.280	216	0.0425484
5354	1305.524	220	0.0433363
5355	1305.768	232	0.0457001
5356	1306.012	205	0.0403816
5357	1306.256	240	0.047276
5358	1306.500	242	0.04767
5359	1306.744	252	0.0496398
5360	1306.987	212	0.0417605
5361	1307.231	222	0.0437303
5362	1307.475	201	0.0395937
5363	1307.719	238	0.046882
5364	1307.963	227	0.0447152
5365	1308.207	245	0.0482609
5366	1308.451	246	0.0484579
5367	1308.694	220	0.0433363
5368	1308.938	226	0.0445182
5369	1309.182	226	0.0445182
5370	1309.426	229	0.0451092
5371	1309.670	228	0.0449122
5372	1309.914	225	0.0443213
5373	1310.158	235	0.0462911
5374	1310.402	224	0.0441243
5375	1310.645	215	0.0423514
5376	1310.889	211	0.0415635
5377	1311.133	247	0.0486549
5378	1311.377	260	0.0512157
5379	1311.621	251	0.0494428
5380	1311.865	227	0.0447152
5381	1312.109	242	0.04767
5382	1312.352	206	0.0405786
5383	1312.596	255	0.0502308
5384	1312.840	210	0.0413665
5385	1313.084	237	0.0466851
5386	1313.328	232	0.0457001
5387	1313.572	224	0.0441243
5388	1313.816	253	0.0498368
5389	1314.059	226	0.0445182
5390	1314.303	210	0.0413665
5391	1314.547	235	0.0462911
5392	1314.791	225	0.0443213
5393	1315.035	216	0.0425484
5394	1315.279	262	0.0516096
5395	1315.523	227	0.0447152
5396	1315.767	220	0.0433363
5397	1316.010	183	0.036048
5398	1316.254	229	0.0451092
5399	1316.498	236	0.0464881
5400	1316.742	239	0.047079
5401	1316.986	235	0.0462911
5402	1317.230	252	0.0496398
5403	1317.474	234	0.0460941
5404	1317.717	244	0.0480639
5405	1317.961	223	0.0439273
5406	1318.205	222	0.0437303
5407	1318.449	231	0.0455032
5408	1318.693	247	0.0486549
5409	1318.937	217	0.0427454
5410	1319.181	266	0.0523976
5411	1319.424	225	0.0443213
5412	1319.668	232	0.0457001
5413	1319.912	220	0.0433363
5414	1320.156	236	0.0464881
5415	1320.400	256	0.0504277
5416	1320.644	236	0.0464881
5417	1320.888	238	0.046882
5418	1321.132	252	0.0496398
5419	1321.375	250	0.0492458
5420	1321.619	238	0.046882
5421	1321.863	250	0.0492458
5422	1322.107	248	0.0488519
5423	1322.351	266	0.0523976
5424	1322.595	274	0.0539735
5425	1322.839	276	0.0543674
5426	1323.082	304	0.059883
5427	1323.326	317	0.0624437
5428	1323.570	332	0.0653985
5429	1323.814	404	0.0795813
5430	1324.058	424	0.083521
5431	1324.302	465	0.0915973
5432	1324.546	549	0.108144
5433	1324.790	589	0.116023
5434	1325.033	685	0.134934
5435	1325.277	664	0.130797
5436	1325.521	744	0.146556
5437	1325.765	734	0.144586
5438	1326.009	711	0.140055
5439	1326.253	734	0.144586
5440	1326.497	670	0.131979
5441	1326.740	688	0.135525
5442	1326.984	589	0.116023
5443	1327.228	563	0.110902
5444	1327.472	515	0.101446
5445	1327.716	476	0.0937641
5446	1327.960	432	0.0850968
5447	1328.204	374	0.0736718
5448	1328.447	320	0.0630347
5449	1328.691	296	0.0583071
5450	1328.935	313	0.0616558
5451	1329.179	289	0.0569282
5452	1329.423	291	0.0573222
5453	1329.667	258	0.0508217
5454	1329.911	316	0.0622468
5455	1330.155	320	0.0630347
5456	1330.398	349	0.0687472
5457	1330.642	473	0.0931731
5458	1330.886	629	0.123903
5459	1331.130	915	0.18024
5460	1331.374	1419	0.279519
5461	1331.618	2161	0.425681
5462	1331.862	3499	0.689245
5463	1332.105	5097	1.00402
5464	1332.349	7063	1.39129
5465	1332.593	9314	1.8347
5466	1332.837	11416	2.24876
5467	1333.081	13430	2.64549
5468	1333.325	14584	2.87281
5469	1333.569	14620	2.8799
5470	1333.812	13722	2.70301
5471	1334.056	12247	2.41246
5472	1334.300	9880	1.9462
5473	1334.544	7320	1.44192
5474	1334.788	5229	1.03003
5475	1335.032	3471	0.683729
5476	1335.276	2223	0.437894
5477	1335.520	1282	0.252533
5478	1335.763	843	0.166057
5479	1336.007	542	0.106765
5480	1336.251	394	0.0776115
5481	1336.495	333	0.0655955
5482	1336.739	260	0.0512157
5483	1336.983	277	0.0545644
5484	1337.227	266	0.0523976
5485	1337.470	280	0.0551554
5486	1337.714	261	0.0514127
5487	1337.958	253	0.0498368
5488	1338.202	281	0.0553523
5489	1338.446	268	0.0527916
5490	1338.690	267	0.0525946
5491	1338.934	296	0.0583071
5492	1339.178	285	0.0561403
5493	1339.421	281	0.0553523
5494	1339.665	288	0.0567312
5495	1339.909	275	0.0541704
5496	1340.153	280	0.0551554
5497	1340.397	322	0.0634287
5498	1340.641	304	0.059883
5499	1340.885	290	0.0571252
5500	1341.128	287	0.0565342
5501	1341.372	302	0.059489
5502	1341.616	282	0.0555493
5503	1341.860	282	0.0555493
5504	1342.104	269	0.0529885
5505	1342.348	285	0.0561403
5506	1342.592	275	0.0541704
5507	1342.835	279	0.0549584
5508	1343.079	264	0.0520036
5509	1343.323	290	0.0571252
5510	1343.567	220	0.0433363
5511	1343.811	277	0.0545644
5512	1344.055	264	0.0520036
5513	1344.299	282	0.0555493
5514	1344.543	254	0.0500338
5515	1344.786	266	0.0523976
5516	1345.030	261	0.0514127
5517	1345.274	228	0.0449122
5518	1345.518	270	0.0531855
5519	1345.762	228	0.0449122
5520	1346.006	261	0.0514127
5521	1346.250	261	0.0514127
5522	1346.493	251	0.0494428
5523	1346.737	282	0.0555493
5524	1346.981	284	0.0559433
5525	1347.225	250	0.0492458
5526	1347.469	283	0.0557463
5527	1347.713	245	0.0482609
5528	1347.957	220	0.0433363
5529	1348.200	252	0.0496398
5530	1348.444	245	0.0482609
5531	1348.688	257	0.0506247
5532	1348.932	270	0.0531855
5533	1349.176	212	0.0417605
5534	1349.420	236	0.0464881
5535	1349.664	254	0.0500338
5536	1349.908	276	0.0543674
5537	1350.151	244	0.0480639
5538	1350.395	238	0.046882
5539	1350.639	256	0.0504277
5540	1350.883	271	0.0533825
5541	1351.127	262	0.0516096
5542	1351.371	239	0.047079
5543	1351.615	243	0.047867
5544	1351.858	257	0.0506247
5545	1352.102	253	0.0498368
5546	1352.346	242	0.04767
5547	1352.590	248	0.0488519
5548	1352.834	231	0.0455032
5549	1353.078	279	0.0549584
5550	1353.322	261	0.0514127
5551	1353.566	274	0.0539735
5552	1353.809	269	0.0529885
5553	1354.053	274	0.0539735
5554	1354.297	261	0.0514127
5555	1354.541	241	0.047473
5556	1354.785	276	0.0543674
5557	1355.029	239	0.047079
5558	1355.273	261	0.0514127
5559	1355.516	258	0.0508217
5560	1355.760	258	0.0508217
5561	1356.004	266	0.0523976
5562	1356.248	259	0.0510187
5563	1356.492	278	0.0547614
5564	1356.736	252	0.0496398
5565	1356.980	272	0.0535795
5566	1357.223	238	0.046882
5567	1357.467	244	0.0480639
5568	1357.711	222	0.0437303
5569	1357.955	235	0.0462911
5570	1358.199	223	0.0439273
5571	1358.443	234	0.0460941
5572	1358.687	257	0.0506247
5573	1358.931	248	0.0488519
5574	1359.174	249	0.0490489
5575	1359.418	229	0.0451092
5576	1359.662	217	0.0427454
5577	1359.906	265	0.0522006
5578	1360.150	225	0.0443213
5579	1360.394	255	0.0502308
5580	1360.638	230	0.0453062
5581	1360.881	268	0.0527916
5582	1361.125	261	0.0514127
5583	1361.369	231	0.0455032
5584	1361.613	246	0.0484579
5585	1361.857	210	0.0413665
5586	1362.101	222	0.0437303
5587	1362.345	243	0.047867
5588	1362.589	247	0.0486549
5589	1362.832	232	0.0457001
5590	1363.076	233	0.0458971
5591	1363.320	238	0.046882
5592	1363.564	243	0.047867
5593	1363.808	263	0.0518066
5594	1364.052	255	0.0502308
5595	1364.296	255	0.0502308
5596	1364.539	260	0.0512157
5597	1364.783	223	0.0439273
5598	1365.027	237	0.0466851
5599	1365.271	232	0.0457001
5600	1365.515	220	0.0433363
5601	1365.759	248	0.0488519
5602	1366.003	243	0.047867
5603	1366.246	209	0.0411695
5604	1366.490	280	0.0551554
5605	1366.734	227	0.0447152
5606	1366.978	265	0.0522006
5607	1367.222	226	0.0445182
5608	1367.466	246	0.0484579
5609	1367.710	255	0.0502308
5610	1367.954	250	0.0492458
5611	1368.197	242	0.04767
5612	1368.441	242	0.04767
5613	1368.685	244	0.0480639
5614	1368.929	269	0.0529885
5615	1369.173	219	0.0431394
5616	1369.417	210	0.0413665
5617	1369.661	226	0.0445182
5618	1369.904	210	0.0413665
5619	1370.148	237	0.0466851
5620	1370.392	246	0.0484579
5621	1370.636	244	0.0480639
5622	1370.880	233	0.0458971
5623	1371.124	227	0.0447152
5624	1371.368	243	0.047867
5625	1371.611	253	0.0498368
5626	1371.855	256	0.0504277
5627	1372.099	247	0.0486549
5628	1372.343	229	0.0451092
5629	1372.587	218	0.0429424
5630	1372.831	264	0.0520036
5631	1373.075	238	0.046882
5632	1373.319	236	0.0464881
5633	1373.562	233	0.0458971
5634	1373.806	246	0.0484579
5635	1374.050	250	0.0492458
5636	1374.294	233	0.0458971
5637	1374.538	232	0.0457001
5638	1374.782	258	0.0508217
5639	1375.026	250	0.0492458
5640	1375.269	217	0.0427454
5641	1375.513	259	0.0510187
5642	1375.757	267	0.0525946
5643	1376.001	250	0.0492458
5644	1376.245	271	0.0533825
5645	1376.489	242	0.04767
5646	1376.733	232	0.0457001
5647	1376.977	219	0.0431394
5648	1377.220	247	0.0486549
5649	1377.464	223	0.0439273
5650	1377.708	240	0.047276
5651	1377.952	242	0.04767
5652	1378.196	230	0.0453062
5653	1378.440	233	0.0458971
5654	1378.684	250	0.0492458
5655	1378.927	244	0.0480639
5656	1379.171	276	0.0543674
5657	1379.415	243	0.047867
5658	1379.659	232	0.0457001
5659	1379.903	211	0.0415635
5660	1380.147	246	0.0484579
5661	1380.391	259	0.0510187
5662	1380.634	258	0.0508217
5663	1380.878	255	0.0502308
5664	1381.122	247	0.0486549
5665	1381.366	285	0.0561403
5666	1381.610	231	0.0455032
5667	1381.854	250	0.0492458
5668	1382.098	279	0.0549584
5669	1382.342	240	0.047276
5670	1382.585	223	0.0439273
5671	1382.829	224	0.0441243
5672	1383.073	273	0.0537765
5673	1383.317	247	0.0486549
5674	1383.561	245	0.0482609
5675	1383.805	218	0.0429424
5676	1384.049	267	0.0525946
5677	1384.292	222	0.0437303
5678	1384.536	256	0.0504277
5679	1384.780	262	0.0516096
5680	1385.024	256	0.0504277
5681	1385.268	267	0.0525946
5682	1385.512	229	0.0451092
5683	1385.756	219	0.0431394
5684	1385.999	255	0.0502308
5685	1386.243	238	0.046882
5686	1386.487	232	0.0457001
5687	1386.731	222	0.0437303
5688	1386.975	235	0.0462911
5689	1387.219	246	0.0484579
5690	1387.463	233	0.0458971
5691	1387.707	259	0.0510187
5692	1387.950	267	0.0525946
5693	1388.194	250	0.0492458
5694	1388.438	244	0.0480639
5695	1388.682	263	0.0518066
5696	1388.926	246	0.0484579
5697	1389.170	227	0.0447152
5698	1389.414	249	0.0490489
5699	1389.657	255	0.0502308
5700	1389.901	249	0.0490489
5701	1390.145	284	0.0559433
5702	1390.389	251	0.0494428
5703	1390.633	270	0.0531855
5704	1390.877	237	0.0466851
5705	1391.121	248	0.0488519
5706	1391.365	240	0.047276
5707	1391.608	259	0.0510187
5708	1391.852	243	0.047867
5709	1392.096	252	0.0496398
5710	1392.340	257	0.0506247
5711	1392.584	243	0.047867
5712	1392.828	267	0.0525946
5713	1393.072	282	0.0555493
5714	1393.315	237	0.0466851
5715	1393.559	248	0.0488519
5716	1393.803	253	0.0498368
5717	1394.047	254	0.0500338
5718	1394.291	250	0.0492458
5719	1394.535	227	0.0447152
5720	1394.779	251	0.0494428
5721	1395.022	232	0.0457001
5722	1395.266	224	0.0441243
5723	1395.510	239	0.047079
5724	1395.754	249	0.0490489
5725	1395.998	254	0.0500338
5726	1396.242	242	0.04767
5727	1396.486	249	0.0490489
5728	1396.730	226	0.0445182
5729	1396.973	258	0.0508217
5730	1397.217	248	0.0488519
5731	1397.461	239	0.047079
5732	1397.705	222	0.0437303
5733	1397.949	235	0.0462911
5734	1398.193	245	0.0482609
5735	1398.437	274	0.0539735
5736	1398.680	238	0.046882
5737	1398.924	266	0.0523976
5738	1399.168	233	0.0458971
5739	1399.412	244	0.0480639
5740	1399.656	274	0.0539735
5741	1399.900	257	0.0506247
5742	1400.144	256	0.0504277
5743	1400.388	270	0.0531855
5744	1400.631	254	0.0500338
5745	1400.875	252	0.0496398
5746	1401.119	228	0.0449122
5747	1401.363	263	0.0518066
5748	1401.607	247	0.0486549
5749	1401.851	229	0.0451092
5750	1402.095	284	0.0559433
5751	1402.338	261	0.0514127
5752	1402.582	262	0.0516096
5753	1402.826	251	0.0494428
5754	1403.070	254	0.0500338
5755	1403.314	235	0.0462911
5756	1403.558	264	0.0520036
5757	1403.802	266	0.0523976
5758	1404.045	245	0.0482609
5759	1404.289	258	0.0508217
5760	1404.533	235	0.0462911
5761	1404.777	248	0.0488519
5762	1405.021	258	0.0508217
5763	1405.265	248	0.0488519
5764	1405.509	263	0.0518066
5765	1405.753	279	0.0549584
5766	1405.996	269	0.0529885
5767	1406.240	276	0.0543674
5768	1406.484	255	0.0502308
5769	1406.728	230	0.0453062
5770	1406.972	266	0.0523976
5771	1407.216	244	0.0480639
5772	1407.460	257	0.0506247
5773	1407.703	256	0.0504277
5774	1407.947	250	0.0492458
5775	1408.191	252	0.0496398
5776	1408.435	274	0.0539735
5777	1408.679	250	0.0492458
5778	1408.923	248	0.0488519
5779	1409.167	267	0.0525946
5780	1409.410	267	0.0525946
5781	1409.654	277	0.0545644
5782	1409.898	268	0.0527916
5783	1410.142	276	0.0543674
5784	1410.386	250	0.0492458
5785	1410.630	278	0.0547614
5786	1410.874	281	0.0553523
5787	1411.118	246	0.0484579
5788	1411.361	264	0.0520036
5789	1411.605	284	0.0559433
5790	1411.849	257	0.0506247
5791	1412.093	252	0.0496398
5792	1412.337	267	0.0525946
5793	1412.581	268	0.0527916
5794	1412.825	250	0.0492458
5795	1413.068	273	0.0537765
5796	1413.312	286	0.0563373
5797	1413.556	249	0.0490489
5798	1413.800	288	0.0567312
5799	1414.044	239	0.047079
5800	1414.288	224	0.0441243
5801	1414.532	252	0.0496398
5802	1414.776	287	0.0565342
5803	1415.019	267	0.0525946
5804	1415.263	261	0.0514127
5805	1415.507	297	0.0585041
5806	1415.751	278	0.0547614
5807	1415.995	253	0.0498368
5808	1416.239	249	0.0490489
5809	1416.483	269	0.0529885
5810	1416.726	258	0.0508217
5811	1416.970	288	0.0567312
5812	1417.214	234	0.0460941
5813	1417.458	257	0.0506247
5814	1417.702	249	0.0490489
5815	1417.946	257	0.0506247
5816	1418.190	268	0.0527916
5817	1418.433	260	0.0512157
5818	1418.677	275	0.0541704
5819	1418.921	256	0.0504277
5820	1419.165	245	0.0482609
5821	1419.409	236	0.0464881
5822	1419.653	264	0.0520036
5823	1419.897	265	0.0522006
5824	1420.141	258	0.0508217
5825	1420.384	265	0.0522006
5826	1420.628	245	0.0482609
5827	1420.872	270	0.0531855
5828	1421.116	243	0.047867
5829	1421.360	253	0.0498368
5830	1421.604	273	0.0537765
5831	1421.848	269	0.0529885
5832	1422.091	287	0.0565342
5833	1422.335	269	0.0529885
5834	1422.579	301	0.059292
5835	1422.823	243	0.047867
5836	1423.067	286	0.0563373
5837	1423.311	261	0.0514127
5838	1423.555	264	0.0520036
5839	1423.798	263	0.0518066
5840	1424.042	223	0.0439273
5841	1424.286	262	0.0516096
5842	1424.530	282	0.0555493
5843	1424.774	272	0.0535795
5844	1425.018	276	0.0543674
5845	1425.262	238	0.046882
5846	1425.506	243	0.047867
5847	1425.749	249	0.0490489
5848	1425.993	268	0.0527916
5849	1426.237	276	0.0543674
5850	1426.481	250	0.0492458
5851	1426.725	274	0.0539735
5852	1426.969	262	0.0516096
5853	1427.213	277	0.0545644
5854	1427.456	277	0.0545644
5855	1427.700	291	0.0573222
5856	1427.944	260	0.0512157
5857	1428.188	275	0.0541704
5858	1428.432	240	0.047276
5859	1428.676	255	0.0502308
5860	1428.920	282	0.0555493
5861	1429.164	272	0.0535795
5862	1429.407	237	0.0466851
5863	1429.651	266	0.0523976
5864	1429.895	259	0.0510187
5865	1430.139	268	0.0527916
5866	1430.383	263	0.0518066
5867	1430.627	272	0.0535795
5868	1430.871	272	0.0535795
5869	1431.114	261	0.0514127
5870	1431.358	264	0.0520036
5871	1431.602	257	0.0506247
5872	1431.846	256	0.0504277
5873	1432.090	255	0.0502308
5874	1432.334	287	0.0565342
5875	1432.578	261	0.0514127
5876	1432.821	271	0.0533825
5877	1433.065	264	0.0520036
5878	1433.309	266	0.0523976
5879	1433.553	270	0.0531855
5880	1433.797	272	0.0535795
5881	1434.041	281	0.0553523
5882	1434.285	275	0.0541704
5883	1434.529	256	0.0504277
5884	1434.772	283	0.0557463
5885	1435.016	276	0.0543674
5886	1435.260	280	0.0551554
5887	1435.504	249	0.0490489
5888	1435.748	275	0.0541704
5889	1435.992	277	0.0545644
5890	1436.236	235	0.0462911
5891	1436.479	255	0.0502308
5892	1436.723	254	0.0500338
5893	1436.967	266	0.0523976
5894	1437.211	281	0.0553523
5895	1437.455	270	0.0531855
5896	1437.699	270	0.0531855
5897	1437.943	280	0.0551554
5898	1438.186	272	0.0535795
5899	1438.430	281	0.0553523
5900	1438.674	261	0.0514127
5901	1438.918	247	0.0486549
5902	1439.162	269	0.0529885
5903	1439.406	287	0.0565342
5904	1439.650	267	0.0525946
5905	1439.894	265	0.0522006
5906	1440.137	278	0.0547614
5907	1440.381	249	0.0490489
5908	1440.625	255	0.0502308
5909	1440.869	273	0.0537765
5910	1441.113	253	0.0498368
5911	1441.357	286	0.0563373
5912	1441.601	304	0.059883
5913	1441.844	267	0.0525946
5914	1442.088	256	0.0504277
5915	1442.332	265	0.0522006
5916	1442.576	281	0.0553523
5917	1442.820	274	0.0539735
5918	1443.064	293	0.0577161
5919	1443.308	287	0.0565342
5920	1443.552	270	0.0531855
5921	1443.795	241	0.047473
5922	1444.039	286	0.0563373
5923	1444.283	279	0.0549584
5924	1444.527	289	0.0569282
5925	1444.771	272	0.0535795
5926	1445.015	288	0.0567312
5927	1445.259	266	0.0523976
5928	1445.502	266	0.0523976
5929	1445.746	280	0.0551554
5930	1445.990	245	0.0482609
5931	1446.234	270	0.0531855
5932	1446.478	261	0.0514127
5933	1446.722	259	0.0510187
5934	1446.966	273	0.0537765
5935	1447.209	264	0.0520036
5936	1447.453	283	0.0557463
5937	1447.697	249	0.0490489
5938	1447.941	259	0.0510187
5939	1448.185	277	0.0545644
5940	1448.429	290	0.0571252
5941	1448.673	285	0.0561403
5942	1448.917	282	0.0555493
5943	1449.160	267	0.0525946
5944	1449.404	294	0.0579131
5945	1449.648	276	0.0543674
5946	1449.892	288	0.0567312
5947	1450.136	277	0.0545644
5948	1450.380	274	0.0539735
5949	1450.624	280	0.0551554
5950	1450.867	308	0.0606709
5951	1451.111	291	0.0573222
5952	1451.355	284	0.0559433
5953	1451.599	299	0.058898
5954	1451.843	259	0.0510187
5955	1452.087	267	0.0525946
5956	1452.331	301	0.059292
5957	1452.575	278	0.0547614
5958	1452.818	243	0.047867
5959	1453.062	261	0.0514127
5960	1453.306	289	0.0569282
5961	1453.550	302	0.059489
5962	1453.794	282	0.0555493
5963	1454.038	280	0.0551554
5964	1454.282	270	0.0531855
5965	1454.525	268	0.0527916
5966	1454.769	293	0.0577161
5967	1455.013	291	0.0573222
5968	1455.257	273	0.0537765
5969	1455.501	280	0.0551554
5970	1455.745	252	0.0496398
5971	1455.989	255	0.0502308
5972	1456.232	273	0.0537765
5973	1456.476	252	0.0496398
5974	1456.720	252	0.0496398
5975	1456.964	301	0.059292
5976	1457.208	285	0.0561403
5977	1457.452	299	0.058898
5978	1457.696	257	0.0506247
5979	1457.940	255	0.0502308
5980	1458.183	279	0.0549584
5981	1458.427	291	0.0573222
5982	1458.671	332	0.0653985
5983	1458.915	300	0.059095
5984	1459.159	251	0.0494428
5985	1459.403	284	0.0559433
5986	1459.647	296	0.0583071
5987	1459.890	315	0.0620498
5988	1460.134	277	0.0545644
5989	1460.378	269	0.0529885
5990	1460.622	296	0.0583071
5991	1460.866	303	0.059686
5992	1461.110	294	0.0579131
5993	1461.354	270	0.0531855
5994	1461.597	288	0.0567312
5995	1461.841	257	0.0506247
5996	1462.085	277	0.0545644
5997	1462.329	282	0.0555493
5998	1462.573	294	0.0579131
5999	1462.817	284	0.0559433
6000	1463.061	298	0.0587011
6001	1463.305	266	0.0523976
6002	1463.548	277	0.0545644
6003	1463.792	297	0.0585041
6004	1464.036	308	0.0606709
6005	1464.280	267	0.0525946
6006	1464.524	279	0.0549584
6007	1464.768	294	0.0579131
6008	1465.012	276	0.0543674
6009	1465.255	290	0.0571252
6010	1465.499	301	0.059292
6011	1465.743	271	0.0533825
6012	1465.987	316	0.0622468
6013	1466.231	286	0.0563373
6014	1466.475	270	0.0531855
6015	1466.719	314	0.0618528
6016	1466.963	296	0.0583071
6017	1467.206	278	0.0547614
6018	1467.450	286	0.0563373
6019	1467.694	300	0.059095
6020	1467.938	312	0.0614588
6021	1468.182	331	0.0652015
6022	1468.426	291	0.0573222
6023	1468.670	291	0.0573222
6024	1468.913	289	0.0569282
6025	1469.157	285	0.0561403
6026	1469.401	292	0.0575192
6027	1469.645	321	0.0632317
6028	1469.889	294	0.0579131
6029	1470.133	288	0.0567312
6030	1470.377	302	0.059489
6031	1470.620	294	0.0579131
6032	1470.864	271	0.0533825
6033	1471.108	291	0.0573222
6034	1471.352	301	0.059292
6035	1471.596	278	0.0547614
6036	1471.840	286	0.0563373
6037	1472.084	316	0.0622468
6038	1472.328	287	0.0565342
6039	1472.571	321	0.0632317
6040	1472.815	298	0.0587011
6041	1473.059	280	0.0551554
6042	1473.303	315	0.0620498
6043	1473.547	297	0.0585041
6044	1473.791	292	0.0575192
6045	1474.035	280	0.0551554
6046	1474.278	313	0.0616558
6047	1474.522	278	0.0547614
6048	1474.766	303	0.059686
6049	1475.010	295	0.0581101
6050	1475.254	281	0.0553523
6051	1475.498	304	0.059883
6052	1475.742	342	0.0673683
6053	1475.985	305	0.0600799
6054	1476.229	310	0.0610649
6055	1476.473	290	0.0571252
6056	1476.717	323	0.0636256
6057	1476.961	327	0.0644136
6058	1477.205	297	0.0585041
6059	1477.449	293	0.0577161
6060	1477.693	279	0.0549584
6061	1477.936	321	0.0632317
6062	1478.180	296	0.0583071
6063	1478.424	338	0.0665804
6064	1478.668	293	0.0577161
6065	1478.912	265	0.0522006
6066	1479.156	295	0.0581101
6067	1479.400	286	0.0563373
6068	1479.643	295	0.0581101
6069	1479.887	276	0.0543674
6070	1480.131	272	0.0535795
6071	1480.375	294	0.0579131
6072	1480.619	295	0.0581101
6073	1480.863	277	0.0545644
6074	1481.107	308	0.0606709
6075	1481.351	262	0.0516096
6076	1481.594	318	0.0626407
6077	1481.838	331	0.0652015
6078	1482.082	297	0.0585041
6079	1482.326	307	0.0604739
6080	1482.570	293	0.0577161
6081	1482.814	320	0.0630347
6082	1483.058	299	0.058898
6083	1483.301	285	0.0561403
6084	1483.545	311	0.0612618
6085	1483.789	279	0.0549584
6086	1484.033	315	0.0620498
6087	1484.277	297	0.0585041
6088	1484.521	316	0.0622468
6089	1484.765	303	0.059686
6090	1485.008	282	0.0555493
6091	1485.252	269	0.0529885
6092	1485.496	324	0.0638226
6093	1485.740	305	0.0600799
6094	1485.984	291	0.0573222
6095	1486.228	307	0.0604739
6096	1486.472	306	0.0602769
6097	1486.716	302	0.059489
6098	1486.959	301	0.059292
6099	1487.203	303	0.059686
6100	1487.447	322	0.0634287
6101	1487.691	319	0.0628377
6102	1487.935	308	0.0606709
6103	1488.179	302	0.059489
6104	1488.423	284	0.0559433
6105	1488.666	313	0.0616558
6106	1488.910	320	0.0630347
6107	1489.154	290	0.0571252
6108	1489.398	308	0.0606709
6109	1489.642	315	0.0620498
6110	1489.886	299	0.058898
6111	1490.130	319	0.0628377
6112	1490.373	284	0.0559433
6113	1490.617	332	0.0653985
6114	1490.861	316	0.0622468
6115	1491.105	308	0.0606709
6116	1491.349	325	0.0640196
6117	1491.593	293	0.0577161
6118	1491.837	283	0.0557463
6119	1492.081	326	0.0642166
6120	1492.324	325	0.0640196
6121	1492.568	322	0.0634287
6122	1492.812	307	0.0604739
6123	1493.056	325	0.0640196
6124	1493.300	303	0.059686
6125	1493.544	334	0.0657925
6126	1493.788	297	0.0585041
6127	1494.031	303	0.059686
6128	1494.275	330	0.0650045
6129	1494.519	346	0.0681563
6130	1494.763	288	0.0567312
6131	1495.007	306	0.0602769
6132	1495.251	268	0.0527916
6133	1495.495	334	0.0657925
6134	1495.739	323	0.0636256
6135	1495.982	295	0.0581101
6136	1496.226	310	0.0610649
6137	1496.470	327	0.0644136
6138	1496.714	283	0.0557463
6139	1496.958	298	0.0587011
6140	1497.202	331	0.0652015
6141	1497.446	337	0.0663834
6142	1497.689	305	0.0600799
6143	1497.933	289	0.0569282
6144	1498.177	325	0.0640196
6145	1498.421	297	0.0585041
6146	1498.665	326	0.0642166
6147	1498.909	316	0.0622468
6148	1499.153	301	0.059292
6149	1499.396	327	0.0644136
6150	1499.640	300	0.059095
6151	1499.884	302	0.059489
6152	1500.128	335	0.0659894
6153	1500.372	333	0.0655955
6154	1500.616	302	0.059489
6155	1500.860	340	0.0669744
6156	1501.104	310	0.0610649
6157	1501.347	328	0.0646106
6158	1501.591	317	0.0624437
6159	1501.835	335	0.0659894
6160	1502.079	286	0.0563373
6161	1502.323	346	0.0681563
6162	1502.567	298	0.0587011
6163	1502.811	323	0.0636256
6164	1503.054	301	0.059292
6165	1503.298	308	0.0606709
6166	1503.542	325	0.0640196
6167	1503.786	322	0.0634287
6168	1504.030	296	0.0583071
6169	1504.274	337	0.0663834
6170	1504.518	308	0.0606709
6171	1504.762	326	0.0642166
6172	1505.005	310	0.0610649
6173	1505.249	332	0.0653985
6174	1505.493	304	0.059883
6175	1505.737	305	0.0600799
6176	1505.981	318	0.0626407
6177	1506.225	316	0.0622468
6178	1506.469	342	0.0673683
6179	1506.712	326	0.0642166
6180	1506.956	355	0.0699291
6181	1507.200	347	0.0683532
6182	1507.444	351	0.0691412
6183	1507.688	343	0.0675653
6184	1507.932	319	0.0628377
6185	1508.176	309	0.0608679
6186	1508.419	340	0.0669744
6187	1508.663	326	0.0642166
6188	1508.907	349	0.0687472
6189	1509.151	333	0.0655955
6190	1509.395	305	0.0600799
6191	1509.639	293	0.0577161
6192	1509.883	332	0.0653985
6193	1510.127	346	0.0681563
6194	1510.370	309	0.0608679
6195	1510.614	320	0.0630347
6196	1510.858	334	0.0657925
6197	1511.102	333	0.0655955
6198	1511.346	326	0.0642166
6199	1511.590	303	0.059686
6200	1511.834	335	0.0659894
6201	1512.077	322	0.0634287
6202	1512.321	322	0.0634287
6203	1512.565	330	0.0650045
6204	1512.809	331	0.0652015
6205	1513.053	339	0.0667774
6206	1513.297	324	0.0638226
6207	1513.541	303	0.059686
6208	1513.784	319	0.0628377
6209	1514.028	312	0.0614588
6210	1514.272	330	0.0650045
6211	1514.516	331	0.0652015
6212	1514.760	314	0.0618528
6213	1515.004	355	0.0699291
6214	1515.248	328	0.0646106
6215	1515.492	344	0.0677623
6216	1515.735	355	0.0699291
6217	1515.979	314	0.0618528
6218	1516.223	328	0.0646106
6219	1516.467	337	0.0663834
6220	1516.711	328	0.0646106
6221	1516.955	304	0.059883
6222	1517.199	333	0.0655955
6223	1517.442	339	0.0667774
6224	1517.686	336	0.0661864
6225	1517.930	362	0.071308
6226	1518.174	347	0.0683532
6227	1518.418	328	0.0646106
6228	1518.662	342	0.0673683
6229	1518.906	348	0.0685502
6230	1519.150	346	0.0681563
6231	1519.393	313	0.0616558
6232	1519.637	302	0.059489
6233	1519.881	309	0.0608679
6234	1520.125	343	0.0675653
6235	1520.369	308	0.0606709
6236	1520.613	331	0.0652015
6237	1520.857	313	0.0616558
6238	1521.100	364	0.071702
6239	1521.344	343	0.0675653
6240	1521.588	353	0.0695351
6241	1521.832	322	0.0634287
6242	1522.076	313	0.0616558
6243	1522.320	345	0.0679593
6244	1522.564	325	0.0640196
6245	1522.807	316	0.0622468
6246	1523.051	343	0.0675653
6247	1523.295	310	0.0610649
6248	1523.539	351	0.0691412
6249	1523.783	367	0.0722929
6250	1524.027	354	0.0697321
6251	1524.271	336	0.0661864
6252	1524.515	341	0.0671713
6253	1524.758	347	0.0683532
6254	1525.002	352	0.0693382
6255	1525.246	323	0.0636256
6256	1525.490	363	0.071505
6257	1525.734	339	0.0667774
6258	1525.978	352	0.0693382
6259	1526.222	322	0.0634287
6260	1526.465	331	0.0652015
6261	1526.709	382	0.0752477
6262	1526.953	328	0.0646106
6263	1527.197	343	0.0675653
6264	1527.441	358	0.0705201
6265	1527.685	354	0.0697321
6266	1527.929	355	0.0699291
6267	1528.172	371	0.0730808
6268	1528.416	340	0.0669744
6269	1528.660	319	0.0628377
6270	1528.904	306	0.0602769
6271	1529.148	366	0.0720959
6272	1529.392	354	0.0697321
6273	1529.636	350	0.0689442
6274	1529.880	395	0.0778084
6275	1530.123	362	0.071308
6276	1530.367	350	0.0689442
6277	1530.611	344	0.0677623
6278	1530.855	346	0.0681563
6279	1531.099	363	0.071505
6280	1531.343	327	0.0644136
6281	1531.587	354	0.0697321
6282	1531.830	346	0.0681563
6283	1532.074	401	0.0789903
6284	1532.318	349	0.0687472
6285	1532.562	341	0.0671713
6286	1532.806	346	0.0681563
6287	1533.050	349	0.0687472
6288	1533.294	359	0.070717
6289	1533.538	372	0.0732778
6290	1533.781	359	0.070717
6291	1534.025	367	0.0722929
6292	1534.269	328	0.0646106
6293	1534.513	352	0.0693382
6294	1534.757	348	0.0685502
6295	1535.001	347	0.0683532
6296	1535.245	347	0.0683532
6297	1535.488	397	0.0782024
6298	1535.732	394	0.0776115
6299	1535.976	360	0.070914
6300	1536.220	364	0.071702
6301	1536.464	342	0.0673683
6302	1536.708	340	0.0669744
6303	1536.952	336	0.0661864
6304	1537.195	343	0.0675653
6305	1537.439	337	0.0663834
6306	1537.683	345	0.0679593
6307	1537.927	357	0.0703231
6308	1538.171	370	0.0728839
6309	1538.415	386	0.0760356
6310	1538.659	390	0.0768235
6311	1538.903	378	0.0744597
6312	1539.146	385	0.0758386
6313	1539.390	369	0.0726869
6314	1539.634	361	0.071111
6315	1539.878	327	0.0644136
6316	1540.122	344	0.0677623
6317	1540.366	348	0.0685502
6318	1540.610	391	0.0770205
6319	1540.853	366	0.0720959
6320	1541.097	345	0.0679593
6321	1541.341	353	0.0695351
6322	1541.585	358	0.0705201
6323	1541.829	359	0.070717
6324	1542.073	373	0.0734748
6325	1542.317	369	0.0726869
6326	1542.560	382	0.0752477
6327	1542.804	378	0.0744597
6328	1543.048	399	0.0785964
6329	1543.292	370	0.0728839
6330	1543.536	384	0.0756416
6331	1543.780	357	0.0703231
6332	1544.024	355	0.0699291
6333	1544.268	349	0.0687472
6334	1544.511	383	0.0754446
6335	1544.755	365	0.0718989
6336	1544.999	374	0.0736718
6337	1545.243	393	0.0774145
6338	1545.487	376	0.0740658
6339	1545.731	344	0.0677623
6340	1545.975	368	0.0724899
6341	1546.218	359	0.070717
6342	1546.462	347	0.0683532
6343	1546.706	367	0.0722929
6344	1546.950	372	0.0732778
6345	1547.194	396	0.0780054
6346	1547.438	391	0.0770205
6347	1547.682	352	0.0693382
6348	1547.926	381	0.0750507
6349	1548.169	393	0.0774145
6350	1548.413	399	0.0785964
6351	1548.657	371	0.0730808
6352	1548.901	386	0.0760356
6353	1549.145	394	0.0776115
6354	1549.389	348	0.0685502
6355	1549.633	376	0.0740658
6356	1549.876	349	0.0687472
6357	1550.120	357	0.0703231
6358	1550.364	343	0.0675653
6359	1550.608	348	0.0685502
6360	1550.852	383	0.0754446
6361	1551.096	377	0.0742627
6362	1551.340	403	0.0793843
6363	1551.583	370	0.0728839
6364	1551.827	409	0.0805662
6365	1552.071	392	0.0772175
6366	1552.315	343	0.0675653
6367	1552.559	389	0.0766265
6368	1552.803	368	0.0724899
6369	1553.047	371	0.0730808
6370	1553.291	435	0.0856878
6371	1553.534	379	0.0746567
6372	1553.778	350	0.0689442
6373	1554.022	427	0.0841119
6374	1554.266	402	0.0791873
6375	1554.510	395	0.0778084
6376	1554.754	422	0.083127
6377	1554.998	389	0.0766265
6378	1555.241	377	0.0742627
6379	1555.485	397	0.0782024
6380	1555.729	413	0.0813541
6381	1555.973	391	0.0770205
6382	1556.217	352	0.0693382
6383	1556.461	369	0.0726869
6384	1556.705	391	0.0770205
6385	1556.949	388	0.0764296
6386	1557.192	373	0.0734748
6387	1557.436	377	0.0742627
6388	1557.680	376	0.0740658
6389	1557.924	394	0.0776115
6390	1558.168	395	0.0778084
6391	1558.412	410	0.0807632
6392	1558.656	432	0.0850968
6393	1558.899	406	0.0799753
6394	1559.143	384	0.0756416
6395	1559.387	405	0.0797783
6396	1559.631	411	0.0809602
6397	1559.875	362	0.071308
6398	1560.119	376	0.0740658
6399	1560.363	420	0.082733
6400	1560.606	399	0.0785964
6401	1560.850	397	0.0782024
6402	1561.094	382	0.0752477
6403	1561.338	371	0.0730808
6404	1561.582	380	0.0748537
6405	1561.826	422	0.083127
6406	1562.070	374	0.0736718
6407	1562.314	418	0.0823391
6408	1562.557	380	0.0748537
6409	1562.801	400	0.0787934
6410	1563.045	409	0.0805662
6411	1563.289	389	0.0766265
6412	1563.533	410	0.0807632
6413	1563.777	396	0.0780054
6414	1564.021	415	0.0817481
6415	1564.264	408	0.0803692
6416	1564.508	394	0.0776115
6417	1564.752	413	0.0813541
6418	1564.996	428	0.0843089
6419	1565.240	384	0.0756416
6420	1565.484	378	0.0744597
6421	1565.728	431	0.0848998
6422	1565.971	429	0.0845059
6423	1566.215	430	0.0847029
6424	1566.459	378	0.0744597
6425	1566.703	417	0.0821421
6426	1566.947	431	0.0848998
6427	1567.191	377	0.0742627
6428	1567.435	395	0.0778084
6429	1567.679	400	0.0787934
6430	1567.922	440	0.0866727
6431	1568.166	369	0.0726869
6432	1568.410	396	0.0780054
6433	1568.654	401	0.0789903
6434	1568.898	402	0.0791873
6435	1569.142	378	0.0744597
6436	1569.386	447	0.0880516
6437	1569.629	357	0.0703231
6438	1569.873	409	0.0805662
6439	1570.117	406	0.0799753
6440	1570.361	408	0.0803692
6441	1570.605	450	0.0886425
6442	1570.849	396	0.0780054
6443	1571.093	396	0.0780054
6444	1571.337	411	0.0809602
6445	1571.580	411	0.0809602
6446	1571.824	395	0.0778084
6447	1572.068	440	0.0866727
6448	1572.312	430	0.0847029
6449	1572.556	395	0.0778084
6450	1572.800	403	0.0793843
6451	1573.044	417	0.0821421
6452	1573.287	418	0.0823391
6453	1573.531	408	0.0803692
6454	1573.775	429	0.0845059
6455	1574.019	429	0.0845059
6456	1574.263	463	0.0912033
6457	1574.507	420	0.082733
6458	1574.751	405	0.0797783
6459	1574.994	416	0.0819451
6460	1575.238	431	0.0848998
6461	1575.482	421	0.08293
6462	1575.726	415	0.0817481
6463	1575.970	436	0.0858848
6464	1576.214	462	0.0910063
6465	1576.458	406	0.0799753
6466	1576.702	427	0.0841119
6467	1576.945	421	0.08293
6468	1577.189	433	0.0852938
6469	1577.433	476	0.0937641
6470	1577.677	438	0.0862787
6471	1577.921	438	0.0862787
6472	1578.165	460	0.0906124
6473	1578.409	452	0.0890365
6474	1578.652	424	0.083521
6475	1578.896	432	0.0850968
6476	1579.140	434	0.0854908
6477	1579.384	460	0.0906124
6478	1579.628	428	0.0843089
6479	1579.872	433	0.0852938
6480	1580.116	406	0.0799753
6481	1580.359	397	0.0782024
6482	1580.603	455	0.0896274
6483	1580.847	399	0.0785964
6484	1581.091	454	0.0894305
6485	1581.335	432	0.0850968
6486	1581.579	424	0.083521
6487	1581.823	386	0.0760356
6488	1582.067	445	0.0876576
6489	1582.310	448	0.0882486
6490	1582.554	427	0.0841119
6491	1582.798	444	0.0874606
6492	1583.042	423	0.083324
6493	1583.286	466	0.0917943
6494	1583.530	439	0.0864757
6495	1583.774	433	0.0852938
6496	1584.017	457	0.0900214
6497	1584.261	451	0.0888395
6498	1584.505	427	0.0841119
6499	1584.749	450	0.0886425
6500	1584.993	446	0.0878546
6501	1585.237	451	0.0888395
6502	1585.481	440	0.0866727
6503	1585.725	433	0.0852938
6504	1585.968	451	0.0888395
6505	1586.212	475	0.0935671
6506	1586.456	435	0.0856878
6507	1586.700	412	0.0811572
6508	1586.944	452	0.0890365
6509	1587.188	489	0.0963249
6510	1587.432	441	0.0868697
6511	1587.675	433	0.0852938
6512	1587.919	463	0.0912033
6513	1588.163	453	0.0892335
6514	1588.407	455	0.0896274
6515	1588.651	445	0.0876576
6516	1588.895	443	0.0872636
6517	1589.139	419	0.082536
6518	1589.382	438	0.0862787
6519	1589.626	444	0.0874606
6520	1589.870	454	0.0894305
6521	1590.114	415	0.0817481
6522	1590.358	485	0.0955369
6523	1590.602	480	0.094552
6524	1590.846	450	0.0886425
6525	1591.090	490	0.0965219
6526	1591.333	451	0.0888395
6527	1591.577	458	0.0902184
6528	1591.821	442	0.0870667
6529	1592.065	468	0.0921882
6530	1592.309	471	0.0927792
6531	1592.553	494	0.0973098
6532	1592.797	510	0.100462
6533	1593.040	441	0.0868697
6534	1593.284	473	0.0931731
6535	1593.528	459	0.0904154
6536	1593.772	476	0.0937641
6537	1594.016	480	0.094552
6538	1594.260	470	0.0925822
6539	1594.504	487	0.0959309
6540	1594.748	507	0.0998706
6541	1594.991	453	0.0892335
6542	1595.235	454	0.0894305
6543	1595.479	438	0.0862787
6544	1595.723	487	0.0959309
6545	1595.967	448	0.0882486
6546	1596.211	473	0.0931731
6547	1596.455	494	0.0973098
6548	1596.698	466	0.0917943
6549	1596.942	438	0.0862787
6550	1597.186	479	0.094355
6551	1597.430	489	0.0963249
6552	1597.674	465	0.0915973
6553	1597.918	448	0.0882486
6554	1598.162	475	0.0935671
6555	1598.405	520	0.102431
6556	1598.649	475	0.0935671
6557	1598.893	474	0.0933701
6558	1599.137	483	0.095143
6559	1599.381	478	0.0941581
6560	1599.625	506	0.0996736
6561	1599.869	443	0.0872636
6562	1600.113	461	0.0908093
6563	1600.356	518	0.102037
6564	1600.600	442	0.0870667
6565	1600.844	519	0.102234
6566	1601.088	512	0.100855
6567	1601.332	513	0.101052
6568	1601.576	440	0.0866727
6569	1601.820	451	0.0888395
6570	1602.063	451	0.0888395
6571	1602.307	458	0.0902184
6572	1602.551	494	0.0973098
6573	1602.795	483	0.095143
6574	1603.039	439	0.0864757
6575	1603.283	473	0.0931731
6576	1603.527	495	0.0975068
6577	1603.770	456	0.0898244
6578	1604.014	499	0.0982947
6579	1604.258	487	0.0959309
6580	1604.502	507	0.0998706
6581	1604.746	512	0.100855
6582	1604.990	476	0.0937641
6583	1605.234	452	0.0890365
6584	1605.478	435	0.0856878
6585	1605.721	485	0.0955369
6586	1605.965	483	0.095143
6587	1606.209	469	0.0923852
6588	1606.453	431	0.0848998
6589	1606.697	497	0.0979007
6590	1606.941	448	0.0882486
6591	1607.185	494	0.0973098
6592	1607.428	479	0.094355
6593	1607.672	467	0.0919912
6594	1607.916	447	0.0880516
6595	1608.160	491	0.0967188
6596	1608.404	465	0.0915973
6597	1608.648	463	0.0912033
6598	1608.892	492	0.0969158
6599	1609.136	471	0.0927792
6600	1609.379	410	0.0807632
6601	1609.623	460	0.0906124
6602	1609.867	405	0.0797783
6603	1610.111	438	0.0862787
6604	1610.355	442	0.0870667
6605	1610.599	399	0.0785964
6606	1610.843	466	0.0917943
6607	1611.086	409	0.0805662
6608	1611.330	434	0.0854908
6609	1611.574	430	0.0847029
6610	1611.818	401	0.0789903
6611	1612.062	380	0.0748537
6612	1612.306	387	0.0762326
6613	1612.550	389	0.0766265
6614	1612.793	386	0.0760356
6615	1613.037	392	0.0772175
6616	1613.281	403	0.0793843
6617	1613.525	369	0.0726869
6618	1613.769	346	0.0681563
6619	1614.013	374	0.0736718
6620	1614.257	383	0.0754446
6621	1614.501	352	0.0693382
6622	1614.744	358	0.0705201
6623	1614.988	340	0.0669744
6624	1615.232	311	0.0612618
6625	1615.476	359	0.070717
6626	1615.720	358	0.0705201
6627	1615.964	367	0.0722929
6628	1616.208	305	0.0600799
6629	1616.451	362	0.071308
6630	1616.695	317	0.0624437
6631	1616.939	310	0.0610649
6632	1617.183	311	0.0612618
6633	1617.427	322	0.0634287
6634	1617.671	325	0.0640196
6635	1617.915	315	0.0620498
6636	1618.158	313	0.0616558
6637	1618.402	334	0.0657925
6638	1618.646	346	0.0681563
6639	1618.890	326	0.0642166
6640	1619.134	306	0.0602769
6641	1619.378	299	0.058898
6642	1619.622	325	0.0640196
6643	1619.866	312	0.0614588
6644	1620.109	297	0.0585041
6645	1620.353	311	0.0612618
6646	1620.597	278	0.0547614
6647	1620.841	314	0.0618528
6648	1621.085	321	0.0632317
6649	1621.329	281	0.0553523
6650	1621.573	324	0.0638226
6651	1621.816	264	0.0520036
6652	1622.060	297	0.0585041
6653	1622.304	322	0.0634287
6654	1622.548	315	0.0620498
6655	1622.792	285	0.0561403
6656	1623.036	265	0.0522006
6657	1623.280	303	0.059686
6658	1623.524	300	0.059095
6659	1623.767	278	0.0547614
6660	1624.011	305	0.0600799
6661	1624.255	298	0.0587011
6662	1624.499	273	0.0537765
6663	1624.743	284	0.0559433
6664	1624.987	285	0.0561403
6665	1625.231	318	0.0626407
6666	1625.474	296	0.0583071
6667	1625.718	294	0.0579131
6668	1625.962	281	0.0553523
6669	1626.206	261	0.0514127
6670	1626.450	259	0.0510187
6671	1626.694	314	0.0618528
6672	1626.938	272	0.0535795
6673	1627.181	294	0.0579131
6674	1627.425	263	0.0518066
6675	1627.669	280	0.0551554
6676	1627.913	263	0.0518066
6677	1628.157	274	0.0539735
6678	1628.401	306	0.0602769
6679	1628.645	269	0.0529885
6680	1628.889	267	0.0525946
6681	1629.132	288	0.0567312
6682	1629.376	256	0.0504277
6683	1629.620	283	0.0557463
6684	1629.864	259	0.0510187
6685	1630.108	291	0.0573222
6686	1630.352	310	0.0610649
6687	1630.596	278	0.0547614
6688	1630.839	282	0.0555493
6689	1631.083	261	0.0514127
6690	1631.327	276	0.0543674
6691	1631.571	288	0.0567312
6692	1631.815	261	0.0514127
6693	1632.059	281	0.0553523
6694	1632.303	274	0.0539735
6695	1632.546	293	0.0577161
6696	1632.790	275	0.0541704
6697	1633.034	253	0.0498368
6698	1633.278	308	0.0606709
6699	1633.522	307	0.0604739
6700	1633.766	248	0.0488519
6701	1634.010	252	0.0496398
6702	1634.254	255	0.0502308
6703	1634.497	261	0.0514127
6704	1634.741	281	0.0553523
6705	1634.985	267	0.0525946
6706	1635.229	253	0.0498368
6707	1635.473	228	0.0449122
6708	1635.717	266	0.0523976
6709	1635.961	272	0.0535795
6710	1636.204	268	0.0527916
6711	1636.448	280	0.0551554
6712	1636.692	262	0.0516096
6713	1636.936	255	0.0502308
6714	1637.180	269	0.0529885
6715	1637.424	263	0.0518066
6716	1637.668	249	0.0490489
6717	1637.912	271	0.0533825
6718	1638.155	289	0.0569282
6719	1638.399	234	0.0460941
6720	1638.643	291	0.0573222
6721	1638.887	260	0.0512157
6722	1639.131	285	0.0561403
6723	1639.375	256	0.0504277
6724	1639.619	246	0.0484579
6725	1639.862	269	0.0529885
6726	1640.106	264	0.0520036
6727	1640.350	237	0.0466851
6728	1640.594	263	0.0518066
6729	1640.838	228	0.0449122
6730	1641.082	247	0.0486549
6731	1641.326	274	0.0539735
6732	1641.569	243	0.047867
6733	1641.813	228	0.0449122
6734	1642.057	269	0.0529885
6735	1642.301	242	0.04767
6736	1642.545	241	0.047473
6737	1642.789	268	0.0527916
6738	1643.033	239	0.047079
6739	1643.277	269	0.0529885
6740	1643.520	272	0.0535795
6741	1643.764	251	0.0494428
6742	1644.008	279	0.0549584
6743	1644.252	260	0.0512157
6744	1644.496	261	0.0514127
6745	1644.740	256	0.0504277
6746	1644.984	247	0.0486549
6747	1645.227	256	0.0504277
6748	1645.471	239	0.047079
6749	1645.715	259	0.0510187
6750	1645.959	257	0.0506247
6751	1646.203	240	0.047276
6752	1646.447	253	0.0498368
6753	1646.691	256	0.0504277
6754	1646.935	240	0.047276
6755	1647.178	232	0.0457001
6756	1647.422	246	0.0484579
6757	1647.666	226	0.0445182
6758	1647.910	251	0.0494428
6759	1648.154	251	0.0494428
6760	1648.398	214	0.0421544
6761	1648.642	233	0.0458971
6762	1648.885	242	0.04767
6763	1649.129	240	0.047276
6764	1649.373	235	0.0462911
6765	1649.617	243	0.047867
6766	1649.861	223	0.0439273
6767	1650.105	240	0.047276
6768	1650.349	223	0.0439273
6769	1650.592	239	0.047079
6770	1650.836	237	0.0466851
6771	1651.080	238	0.046882
6772	1651.324	252	0.0496398
6773	1651.568	247	0.0486549
6774	1651.812	263	0.0518066
6775	1652.056	255	0.0502308
6776	1652.300	250	0.0492458
6777	1652.543	227	0.0447152
6778	1652.787	227	0.0447152
6779	1653.031	231	0.0455032
6780	1653.275	240	0.047276
6781	1653.519	232	0.0457001
6782	1653.763	222	0.0437303
6783	1654.007	237	0.0466851
6784	1654.250	252	0.0496398
6785	1654.494	252	0.0496398
6786	1654.738	248	0.0488519
6787	1654.982	213	0.0419575
6788	1655.226	214	0.0421544
6789	1655.470	230	0.0453062
6790	1655.714	197	0.0388057
6791	1655.957	232	0.0457001
6792	1656.201	225	0.0443213
6793	1656.445	223	0.0439273
6794	1656.689	258	0.0508217
6795	1656.933	212	0.0417605
6796	1657.177	250	0.0492458
6797	1657.421	215	0.0423514
6798	1657.665	222	0.0437303
6799	1657.908	231	0.0455032
6800	1658.152	199	0.0391997
6801	1658.396	220	0.0433363
6802	1658.640	232	0.0457001
6803	1658.884	221	0.0435333
6804	1659.128	219	0.0431394
6805	1659.372	231	0.0455032
6806	1659.615	208	0.0409725
6807	1659.859	204	0.0401846
6808	1660.103	235	0.0462911
6809	1660.347	197	0.0388057
6810	1660.591	248	0.0488519
6811	1660.835	205	0.0403816
6812	1661.079	205	0.0403816
6813	1661.323	206	0.0405786
6814	1661.566	228	0.0449122
6815	1661.810	214	0.0421544
6816	1662.054	203	0.0399876
6817	1662.298	211	0.0415635
6818	1662.542	216	0.0425484
6819	1662.786	223	0.0439273
6820	1663.030	219	0.0431394
6821	1663.273	228	0.0449122
6822	1663.517	212	0.0417605
6823	1663.761	211	0.0415635
6824	1664.005	223	0.0439273
6825	1664.249	191	0.0376238
6826	1664.493	240	0.047276
6827	1664.737	197	0.0388057
6828	1664.980	239	0.047079
6829	1665.224	241	0.047473
6830	1665.468	210	0.0413665
6831	1665.712	197	0.0388057
6832	1665.956	209	0.0411695
6833	1666.200	201	0.0395937
6834	1666.444	221	0.0435333
6835	1666.688	217	0.0427454
6836	1666.931	227	0.0447152
6837	1667.175	217	0.0427454
6838	1667.419	196	0.0386087
6839	1667.663	196	0.0386087
6840	1667.907	218	0.0429424
6841	1668.151	205	0.0403816
6842	1668.395	217	0.0427454
6843	1668.638	199	0.0391997
6844	1668.882	190	0.0374268
6845	1669.126	214	0.0421544
6846	1669.370	224	0.0441243
6847	1669.614	216	0.0425484
6848	1669.858	197	0.0388057
6849	1670.102	217	0.0427454
6850	1670.345	216	0.0425484
6851	1670.589	223	0.0439273
6852	1670.833	199	0.0391997
6853	1671.077	201	0.0395937
6854	1671.321	202	0.0397906
6855	1671.565	192	0.0378208
6856	1671.809	232	0.0457001
6857	1672.053	219	0.0431394
6858	1672.296	224	0.0441243
6859	1672.540	194	0.0382148
6860	1672.784	227	0.0447152
6861	1673.028	196	0.0386087
6862	1673.272	221	0.0435333
6863	1673.516	226	0.0445182
6864	1673.760	203	0.0399876
6865	1674.003	194	0.0382148
6866	1674.247	192	0.0378208
6867	1674.491	219	0.0431394
6868	1674.735	184	0.0362449
6869	1674.979	200	0.0393967
6870	1675.223	182	0.035851
6871	1675.467	217	0.0427454
6872	1675.711	203	0.0399876
6873	1675.954	218	0.0429424
6874	1676.198	232	0.0457001
6875	1676.442	194	0.0382148
6876	1676.686	194	0.0382148
6877	1676.930	238	0.046882
6878	1677.174	223	0.0439273
6879	1677.418	198	0.0390027
6880	1677.661	161	0.0317143
6881	1677.905	218	0.0429424
6882	1678.149	168	0.0330932
6883	1678.393	215	0.0423514
6884	1678.637	168	0.0330932
6885	1678.881	192	0.0378208
6886	1679.125	193	0.0380178
6887	1679.368	197	0.0388057
6888	1679.612	177	0.0348661
6889	1679.856	192	0.0378208
6890	1680.100	182	0.035851
6891	1680.344	185	0.0364419
6892	1680.588	204	0.0401846
6893	1680.832	196	0.0386087
6894	1681.076	207	0.0407756
6895	1681.319	188	0.0370329
6896	1681.563	186	0.0366389
6897	1681.807	185	0.0364419
6898	1682.051	195	0.0384118
6899	1682.295	173	0.0340781
6900	1682.539	189	0.0372299
6901	1682.783	169	0.0332902
6902	1683.026	184	0.0362449
6903	1683.270	143	0.0281686
6904	1683.514	160	0.0315173
6905	1683.758	176	0.0346691
6906	1684.002	179	0.03526
6907	1684.246	181	0.035654
6908	1684.490	181	0.035654
6909	1684.733	200	0.0393967
6910	1684.977	160	0.0315173
6911	1685.221	179	0.03526
6912	1685.465	179	0.03526
6913	1685.709	184	0.0362449
6914	1685.953	182	0.035851
6915	1686.197	167	0.0328962
6916	1686.441	176	0.0346691
6917	1686.684	175	0.0344721
6918	1686.928	192	0.0378208
6919	1687.172	170	0.0334872
6920	1687.416	182	0.035851
6921	1687.660	161	0.0317143
6922	1687.904	183	0.036048
6923	1688.148	176	0.0346691
6924	1688.391	191	0.0376238
6925	1688.635	164	0.0323053
6926	1688.879	182	0.035851
6927	1689.123	164	0.0323053
6928	1689.367	171	0.0336842
6929	1689.611	162	0.0319113
6930	1689.855	151	0.0297445
6931	1690.099	187	0.0368359
6932	1690.342	156	0.0307294
6933	1690.586	175	0.0344721
6934	1690.830	157	0.0309264
6935	1691.074	173	0.0340781
6936	1691.318	169	0.0332902
6937	1691.562	187	0.0368359
6938	1691.806	141	0.0277747
6939	1692.049	166	0.0326992
6940	1692.293	151	0.0297445
6941	1692.537	167	0.0328962
6942	1692.781	158	0.0311234
6943	1693.025	151	0.0297445
6944	1693.269	180	0.035457
6945	1693.513	177	0.0348661
6946	1693.756	162	0.0319113
6947	1694.000	155	0.0305324
6948	1694.244	170	0.0334872
6949	1694.488	161	0.0317143
6950	1694.732	139	0.0273807
6951	1694.976	156	0.0307294
6952	1695.220	168	0.0330932
6953	1695.464	172	0.0338811
6954	1695.707	153	0.0301385
6955	1695.951	176	0.0346691
6956	1696.195	153	0.0301385
6957	1696.439	149	0.0293505
6958	1696.683	144	0.0283656
6959	1696.927	156	0.0307294
6960	1697.171	148	0.0291535
6961	1697.414	155	0.0305324
6962	1697.658	158	0.0311234
6963	1697.902	152	0.0299415
6964	1698.146	145	0.0285626
6965	1698.390	147	0.0289566
6966	1698.634	154	0.0303354
6967	1698.878	135	0.0265928
6968	1699.122	156	0.0307294
6969	1699.365	163	0.0321083
6970	1699.609	153	0.0301385
6971	1699.853	152	0.0299415
6972	1700.097	147	0.0289566
6973	1700.341	136	0.0267897
6974	1700.585	155	0.0305324
6975	1700.829	156	0.0307294
6976	1701.072	125	0.0246229
6977	1701.316	142	0.0279716
6978	1701.560	143	0.0281686
6979	1701.804	151	0.0297445
6980	1702.048	133	0.0261988
6981	1702.292	145	0.0285626
6982	1702.536	135	0.0265928
6983	1702.779	133	0.0261988
6984	1703.023	147	0.0289566
6985	1703.267	123	0.024229
6986	1703.511	144	0.0283656
6987	1703.755	127	0.0250169
6988	1703.999	143	0.0281686
6989	1704.243	119	0.023441
6990	1704.487	122	0.024032
6991	1704.730	123	0.024229
6992	1704.974	122	0.024032
6993	1705.218	144	0.0283656
6994	1705.462	137	0.0269867
6995	1705.706	116	0.0228501
6996	1705.950	135	0.0265928
6997	1706.194	134	0.0263958
6998	1706.437	146	0.0287596
6999	1706.681	137	0.0269867
7000	1706.925	124	0.0244259
7001	1707.169	136	0.0267897
7002	1707.413	134	0.0263958
7003	1707.657	140	0.0275777
7004	1707.901	108	0.0212742
7005	1708.144	128	0.0252139
7006	1708.388	143	0.0281686
7007	1708.632	124	0.0244259
7008	1708.876	119	0.023441
7009	1709.120	117	0.0230471
7010	1709.364	107	0.0210772
7011	1709.608	144	0.0283656
7012	1709.852	126	0.0248199
7013	1710.095	125	0.0246229
7014	1710.339	114	0.0224561
7015	1710.583	112	0.0220621
7016	1710.827	117	0.0230471
7017	1711.071	122	0.024032
7018	1711.315	127	0.0250169
7019	1711.559	116	0.0228501
7020	1711.802	139	0.0273807
7021	1712.046	143	0.0281686
7022	1712.290	128	0.0252139
7023	1712.534	120	0.023638
7024	1712.778	131	0.0258048
7025	1713.022	119	0.023441
7026	1713.266	133	0.0261988
7027	1713.510	116	0.0228501
7028	1713.753	124	0.0244259
7029	1713.997	144	0.0283656
7030	1714.241	116	0.0228501
7031	1714.485	135	0.0265928
7032	1714.729	108	0.0212742
7033	1714.973	123	0.024229
7034	1715.217	117	0.0230471
7035	1715.460	110	0.0216682
7036	1715.704	94	0.0185164
7037	1715.948	102	0.0200923
7038	1716.192	112	0.0220621
7039	1716.436	96	0.0189104
7040	1716.680	121	0.023835
7041	1716.924	91	0.0179255
7042	1717.167	113	0.0222591
7043	1717.411	100	0.0196983
7044	1717.655	124	0.0244259
7045	1717.899	113	0.0222591
7046	1718.143	114	0.0224561
7047	1718.387	86	0.0169406
7048	1718.631	85	0.0167436
7049	1718.875	113	0.0222591
7050	1719.118	108	0.0212742
7051	1719.362	100	0.0196983
7052	1719.606	88	0.0173345
7053	1719.850	104	0.0204863
7054	1720.094	107	0.0210772
7055	1720.338	95	0.0187134
7056	1720.582	102	0.0200923
7057	1720.825	78	0.0153647
7058	1721.069	96	0.0189104
7059	1721.313	86	0.0169406
7060	1721.557	94	0.0185164
7061	1721.801	84	0.0165466
7062	1722.045	98	0.0193044
7063	1722.289	92	0.0181225
7064	1722.532	85	0.0167436
7065	1722.776	94	0.0185164
7066	1723.020	96	0.0189104
7067	1723.264	94	0.0185164
7068	1723.508	87	0.0171376
7069	1723.752	88	0.0173345
7070	1723.996	83	0.0163496
7071	1724.240	92	0.0181225
7072	1724.483	102	0.0200923
7073	1724.727	93	0.0183195
7074	1724.971	101	0.0198953
7075	1725.215	106	0.0208802
7076	1725.459	101	0.0198953
7077	1725.703	98	0.0193044
7078	1725.947	90	0.0177285
7079	1726.190	74	0.0145768
7080	1726.434	81	0.0159557
7081	1726.678	97	0.0191074
7082	1726.922	84	0.0165466
7083	1727.166	81	0.0159557
7084	1727.410	111	0.0218652
7085	1727.654	74	0.0145768
7086	1727.898	92	0.0181225
7087	1728.141	86	0.0169406
7088	1728.385	89	0.0175315
7089	1728.629	69	0.0135919
7090	1728.873	92	0.0181225
7091	1729.117	95	0.0187134
7092	1729.361	79	0.0155617
7093	1729.605	85	0.0167436
7094	1729.848	83	0.0163496
7095	1730.092	82	0.0161526
7096	1730.336	77	0.0151677
7097	1730.580	67	0.0131979
7098	1730.824	67	0.0131979
7099	1731.068	82	0.0161526
7100	1731.312	79	0.0155617
7101	1731.555	55	0.0108341
7102	1731.799	76	0.0149707
7103	1732.043	102	0.0200923
7104	1732.287	84	0.0165466
7105	1732.531	90	0.0177285
7106	1732.775	72	0.0141828
7107	1733.019	78	0.0153647
7108	1733.263	77	0.0151677
7109	1733.506	83	0.0163496
7110	1733.750	82	0.0161526
7111	1733.994	70	0.0137888
7112	1734.238	74	0.0145768
7113	1734.482	72	0.0141828
7114	1734.726	76	0.0149707
7115	1734.970	62	0.012213
7116	1735.213	66	0.0130009
7117	1735.457	77	0.0151677
7118	1735.701	76	0.0149707
7119	1735.945	63	0.01241
7120	1736.189	66	0.0130009
7121	1736.433	74	0.0145768
7122	1736.677	77	0.0151677
7123	1736.920	55	0.0108341
7124	1737.164	71	0.0139858
7125	1737.408	88	0.0173345
7126	1737.652	87	0.0171376
7127	1737.896	71	0.0139858
7128	1738.140	61	0.012016
7129	1738.384	69	0.0135919
7130	1738.628	67	0.0131979
7131	1738.871	73	0.0143798
7132	1739.115	63	0.01241
7133	1739.359	70	0.0137888
7134	1739.603	61	0.012016
7135	1739.847	55	0.0108341
7136	1740.091	65	0.0128039
7137	1740.335	66	0.0130009
7138	1740.578	76	0.0149707
7139	1740.822	77	0.0151677
7140	1741.066	64	0.0126069
7141	1741.310	59	0.011622
7142	1741.554	61	0.012016
7143	1741.798	66	0.0130009
7144	1742.042	70	0.0137888
7145	1742.286	60	0.011819
7146	1742.529	65	0.0128039
7147	1742.773	67	0.0131979
7148	1743.017	53	0.0104401
7149	1743.261	60	0.011819
7150	1743.505	48	0.0094552
7151	1743.749	75	0.0147738
7152	1743.993	71	0.0139858
7153	1744.236	64	0.0126069
7154	1744.480	66	0.0130009
7155	1744.724	64	0.0126069
7156	1744.968	54	0.0106371
7157	1745.212	53	0.0104401
7158	1745.456	51	0.0100462
7159	1745.700	64	0.0126069
7160	1745.943	48	0.0094552
7161	1746.187	68	0.0133949
7162	1746.431	59	0.011622
7163	1746.675	68	0.0133949
7164	1746.919	64	0.0126069
7165	1747.163	59	0.011622
7166	1747.407	53	0.0104401
7167	1747.651	57	0.0112281
7168	1747.894	76	0.0149707
7169	1748.138	59	0.011622
7170	1748.382	59	0.011622
7171	1748.626	69	0.0135919
7172	1748.870	56	0.0110311
7173	1749.114	47	0.00925822
7174	1749.358	46	0.00906124
7175	1749.601	49	0.00965219
7176	1749.845	58	0.011425
7177	1750.089	49	0.00965219
7178	1750.333	59	0.011622
7179	1750.577	68	0.0133949
7180	1750.821	50	0.00984917
7181	1751.065	50	0.00984917
7182	1751.309	68	0.0133949
7183	1751.552	55	0.0108341
7184	1751.796	46	0.00906124
7185	1752.040	61	0.012016
7186	1752.284	62	0.012213
7187	1752.528	56	0.0110311
7188	1752.772	47	0.00925822
7189	1753.016	48	0.0094552
7190	1753.259	40	0.00787934
7191	1753.503	47	0.00925822
7192	1753.747	47	0.00925822
7193	1753.991	48	0.0094552
7194	1754.235	46	0.00906124
7195	1754.479	54	0.0106371
7196	1754.723	54	0.0106371
7197	1754.966	52	0.0102431
7198	1755.210	46	0.00906124
7199	1755.454	52	0.0102431
7200	1755.698	56	0.0110311
7201	1755.942	42	0.0082733
7202	1756.186	53	0.0104401
7203	1756.430	52	0.0102431
7204	1756.674	45	0.00886425
7205	1756.917	53	0.0104401
7206	1757.161	52	0.0102431
7207	1757.405	52	0.0102431
7208	1757.649	42	0.0082733
7209	1757.893	39	0.00768235
7210	1758.137	58	0.011425
7211	1758.381	50	0.00984917
7212	1758.624	53	0.0104401
7213	1758.868	42	0.0082733
7214	1759.112	57	0.0112281
7215	1759.356	49	0.00965219
7216	1759.600	50	0.00984917
7217	1759.844	58	0.011425
7218	1760.088	47	0.00925822
7219	1760.331	39	0.00768235
7220	1760.575	52	0.0102431
7221	1760.819	45	0.00886425
7222	1761.063	45	0.00886425
7223	1761.307	55	0.0108341
7224	1761.551	52	0.0102431
7225	1761.795	45	0.00886425
7226	1762.039	40	0.00787934
7227	1762.282	48	0.0094552
7228	1762.526	50	0.00984917
7229	1762.770	48	0.0094552
7230	1763.014	51	0.0100462
7231	1763.258	44	0.00866727
7232	1763.502	49	0.00965219
7233	1763.746	50	0.00984917
7234	1763.989	54	0.0106371
7235	1764.233	50	0.00984917
7236	1764.477	50	0.00984917
7237	1764.721	54	0.0106371
7238	1764.965	41	0.00807632
7239	1765.209	47	0.00925822
7240	1765.453	55	0.0108341
7241	1765.697	52	0.0102431
7242	1765.940	66	0.0130009
7243	1766.184	44	0.00866727
7244	1766.428	47	0.00925822
7245	1766.672	46	0.00906124
7246	1766.916	44	0.00866727
7247	1767.160	50	0.00984917
7248	1767.404	47	0.00925822
7249	1767.647	47	0.00925822
7250	1767.891	48	0.0094552
7251	1768.135	50	0.00984917
7252	1768.379	60	0.011819
7253	1768.623	44	0.00866727
7254	1768.867	55	0.0108341
7255	1769.111	54	0.0106371
7256	1769.354	53	0.0104401
7257	1769.598	42	0.0082733
7258	1769.842	50	0.00984917
7259	1770.086	51	0.0100462
7260	1770.330	44	0.00866727
7261	1770.574	54	0.0106371
7262	1770.818	51	0.0100462
7263	1771.062	44	0.00866727
7264	1771.305	62	0.012213
7265	1771.549	45	0.00886425
7266	1771.793	37	0.00728839
7267	1772.037	33	0.00650045
7268	1772.281	52	0.0102431
7269	1772.525	51	0.0100462
7270	1772.769	55	0.0108341
7271	1773.012	51	0.0100462
7272	1773.256	52	0.0102431
7273	1773.500	41	0.00807632
7274	1773.744	42	0.0082733
7275	1773.988	45	0.00886425
7276	1774.232	50	0.00984917
7277	1774.476	48	0.0094552
7278	1774.719	42	0.0082733
7279	1774.963	42	0.0082733
7280	1775.207	50	0.00984917
7281	1775.451	33	0.00650045
7282	1775.695	43	0.00847029
7283	1775.939	52	0.0102431
7284	1776.183	44	0.00866727
7285	1776.427	48	0.0094552
7286	1776.670	50	0.00984917
7287	1776.914	47	0.00925822
7288	1777.158	36	0.0070914
7289	1777.402	45	0.00886425
7290	1777.646	43	0.00847029
7291	1777.890	44	0.00866727
7292	1778.134	39	0.00768235
7293	1778.377	47	0.00925822
7294	1778.621	32	0.00630347
7295	1778.865	47	0.00925822
7296	1779.109	41	0.00807632
7297	1779.353	46	0.00906124
7298	1779.597	51	0.0100462
7299	1779.841	54	0.0106371
7300	1780.085	44	0.00866727
7301	1780.328	45	0.00886425
7302	1780.572	38	0.00748537
7303	1780.816	49	0.00965219
7304	1781.060	42	0.0082733
7305	1781.304	57	0.0112281
7306	1781.548	39	0.00768235
7307	1781.792	42	0.0082733
7308	1782.035	36	0.0070914
7309	1782.279	37	0.00728839
7310	1782.523	47	0.00925822
7311	1782.767	43	0.00847029
7312	1783.011	47	0.00925822
7313	1783.255	45	0.00886425
7314	1783.499	43	0.00847029
7315	1783.742	39	0.00768235
7316	1783.986	48	0.0094552
7317	1784.230	50	0.00984917
7318	1784.474	46	0.00906124
7319	1784.718	51	0.0100462
7320	1784.962	44	0.00866727
7321	1785.206	39	0.00768235
7322	1785.450	44	0.00866727
7323	1785.693	43	0.00847029
7324	1785.937	41	0.00807632
7325	1786.181	44	0.00866727
7326	1786.425	57	0.0112281
7327	1786.669	36	0.0070914
7328	1786.913	39	0.00768235
7329	1787.157	48	0.0094552
7330	1787.400	49	0.00965219
7331	1787.644	39	0.00768235
7332	1787.888	51	0.0100462
7333	1788.132	46	0.00906124
7334	1788.376	41	0.00807632
7335	1788.620	34	0.00669744
7336	1788.864	47	0.00925822
7337	1789.108	45	0.00886425
7338	1789.351	52	0.0102431
7339	1789.595	40	0.00787934
7340	1789.839	38	0.00748537
7341	1790.083	36	0.0070914
7342	1790.327	51	0.0100462
7343	1790.571	49	0.00965219
7344	1790.815	39	0.00768235
7345	1791.058	49	0.00965219
7346	1791.302	48	0.0094552
7347	1791.546	47	0.00925822
7348	1791.790	36	0.0070914
7349	1792.034	36	0.0070914
7350	1792.278	31	0.00610649
7351	1792.522	43	0.00847029
7352	1792.765	41	0.00807632
7353	1793.009	45	0.00886425
7354	1793.253	42	0.0082733
7355	1793.497	43	0.00847029
7356	1793.741	43	0.00847029
7357	1793.985	47	0.00925822
7358	1794.229	41	0.00807632
7359	1794.473	39	0.00768235
7360	1794.716	48	0.0094552
7361	1794.960	50	0.00984917
7362	1795.204	57	0.0112281
7363	1795.448	45	0.00886425
7364	1795.692	40	0.00787934
7365	1795.936	56	0.0110311
7366	1796.180	44	0.00866727
7367	1796.423	42	0.0082733
7368	1796.667	37	0.00728839
7369	1796.911	42	0.0082733
7370	1797.155	47	0.00925822
7371	1797.399	53	0.0104401
7372	1797.643	54	0.0106371
7373	1797.887	46	0.00906124
7374	1798.130	31	0.00610649
7375	1798.374	55	0.0108341
7376	1798.618	39	0.00768235
7377	1798.862	49	0.00965219
7378	1799.106	37	0.00728839
7379	1799.350	39	0.00768235
7380	1799.594	49	0.00965219
7381	1799.838	44	0.00866727
7382	1800.081	46	0.00906124
7383	1800.325	46	0.00906124
7384	1800.569	38	0.00748537
7385	1800.813	30	0.0059095
7386	1801.057	49	0.00965219
7387	1801.301	53	0.0104401
7388	1801.545	51	0.0100462
7389	1801.788	45	0.00886425
7390	1802.032	35	0.00689442
7391	1802.276	45	0.00886425
7392	1802.520	55	0.0108341
7393	1802.764	41	0.00807632
7394	1803.008	47	0.00925822
7395	1803.252	34	0.00669744
7396	1803.496	43	0.00847029
7397	1803.739	44	0.00866727
7398	1803.983	40	0.00787934
7399	1804.227	48	0.0094552
7400	1804.471	46	0.00906124
7401	1804.715	41	0.00807632
7402	1804.959	46	0.00906124
7403	1805.203	55	0.0108341
7404	1805.446	68	0.0133949
7405	1805.690	37	0.00728839
7406	1805.934	52	0.0102431
7407	1806.178	41	0.00807632
7408	1806.422	42	0.0082733
7409	1806.666	60	0.011819
7410	1806.910	37	0.00728839
7411	1807.153	46	0.00906124
7412	1807.397	43	0.00847029
7413	1807.641	40	0.00787934
7414	1807.885	44	0.00866727
7415	1808.129	45	0.00886425
7416	1808.373	44	0.00866727
7417	1808.617	41	0.00807632
7418	1808.861	43	0.00847029
7419	1809.104	29	0.00571252
7420	1809.348	50	0.00984917
7421	1809.592	40	0.00787934
7422	1809.836	38	0.00748537
7423	1810.080	36	0.0070914
7424	1810.324	52	0.0102431
7425	1810.568	40	0.00787934
7426	1810.811	52	0.0102431
7427	1811.055	48	0.0094552
7428	1811.299	39	0.00768235
7429	1811.543	49	0.00965219
7430	1811.787	50	0.00984917
7431	1812.031	44	0.00866727
7432	1812.275	34	0.00669744
7433	1812.518	56	0.0110311
7434	1812.762	52	0.0102431
7435	1813.006	48	0.0094552
7436	1813.250	41	0.00807632
7437	1813.494	41	0.00807632
7438	1813.738	43	0.00847029
7439	1813.982	43	0.00847029
7440	1814.226	43	0.00847029
7441	1814.469	35	0.00689442
7442	1814.713	32	0.00630347
7443	1814.957	38	0.00748537
7444	1815.201	37	0.00728839
7445	1815.445	39	0.00768235
7446	1815.689	43	0.00847029
7447	1815.933	48	0.0094552
7448	1816.176	43	0.00847029
7449	1816.420	33	0.00650045
7450	1816.664	55	0.0108341
7451	1816.908	46	0.00906124
7452	1817.152	46	0.00906124
7453	1817.396	39	0.00768235
7454	1817.640	41	0.00807632
7455	1817.884	43	0.00847029
7456	1818.127	48	0.0094552
7457	1818.371	47	0.00925822
7458	1818.615	45	0.00886425
7459	1818.859	54	0.0106371
7460	1819.103	46	0.00906124
7461	1819.347	45	0.00886425
7462	1819.591	50	0.00984917
7463	1819.834	42	0.0082733
7464	1820.078	52	0.0102431
7465	1820.322	46	0.00906124
7466	1820.566	41	0.00807632
7467	1820.810	35	0.00689442
7468	1821.054	62	0.012213
7469	1821.298	50	0.00984917
7470	1821.541	49	0.00965219
7471	1821.785	44	0.00866727
7472	1822.029	54	0.0106371
7473	1822.273	43	0.00847029
7474	1822.517	33	0.00650045
7475	1822.761	50	0.00984917
7476	1823.005	52	0.0102431
7477	1823.249	43	0.00847029
7478	1823.492	36	0.0070914
7479	1823.736	50	0.00984917
7480	1823.980	44	0.00866727
7481	1824.224	44	0.00866727
7482	1824.468	45	0.00886425
7483	1824.712	47	0.00925822
7484	1824.956	50	0.00984917
7485	1825.199	38	0.00748537
7486	1825.443	43	0.00847029
7487	1825.687	56	0.0110311
7488	1825.931	56	0.0110311
7489	1826.175	37	0.00728839
7490	1826.419	44	0.00866727
7491	1826.663	50	0.00984917
7492	1826.906	49	0.00965219
7493	1827.150	54	0.0106371
7494	1827.394	39	0.00768235
7495	1827.638	54	0.0106371
7496	1827.882	51	0.0100462
7497	1828.126	56	0.0110311
7498	1828.370	46	0.00906124
7499	1828.614	51	0.0100462
7500	1828.857	42	0.0082733
7501	1829.101	49	0.00965219
7502	1829.345	48	0.0094552
7503	1829.589	45	0.00886425
7504	1829.833	60	0.011819
7505	1830.077	53	0.0104401
7506	1830.321	51	0.0100462
7507	1830.564	47	0.00925822
7508	1830.808	51	0.0100462
7509	1831.052	55	0.0108341
7510	1831.296	57	0.0112281
7511	1831.540	61	0.012016
7512	1831.784	46	0.00906124
7513	1832.028	67	0.0131979
7514	1832.272	74	0.0145768
7515	1832.515	70	0.0137888
7516	1832.759	66	0.0130009
7517	1833.003	100	0.0196983
7518	1833.247	112	0.0220621
7519	1833.491	158	0.0311234
7520	1833.735	223	0.0439273
7521	1833.979	344	0.0677623
7522	1834.222	541	0.106568
7523	1834.466	788	0.155223
7524	1834.710	1274	0.250957
7525	1834.954	2073	0.408347
7526	1835.198	3110	0.612618
7527	1835.442	4641	0.9142
7528	1835.686	6372	1.25518
7529	1835.929	8531	1.68047
7530	1836.173	10999	2.16662
7531	1836.417	13536	2.66637
7532	1836.661	15447	3.0428
7533	1836.905	17023	3.35325
7534	1837.149	17402	3.42791
7535	1837.393	16887	3.32646
7536	1837.637	15242	3.00242
7537	1837.880	13159	2.5921
7538	1838.124	10416	2.05178
7539	1838.368	8034	1.58256
7540	1838.612	5886	1.15944
7541	1838.856	4013	0.790494
7542	1839.100	2483	0.48911
7543	1839.344	1609	0.316946
7544	1839.587	915	0.18024
7545	1839.831	551	0.108538
7546	1840.075	367	0.0722929
7547	1840.319	271	0.0533825
7548	1840.563	215	0.0423514
7549	1840.807	213	0.0419575
7550	1841.051	217	0.0427454
7551	1841.295	200	0.0393967
7552	1841.538	193	0.0380178
7553	1841.782	192	0.0378208
7554	1842.026	176	0.0346691
7555	1842.270	187	0.0368359
7556	1842.514	162	0.0319113
7557	1842.758	122	0.024032
7558	1843.002	129	0.0254109
7559	1843.245	107	0.0210772
7560	1843.489	121	0.023835
7561	1843.733	109	0.0214712
7562	1843.977	107	0.0210772
7563	1844.221	97	0.0191074
7564	1844.465	87	0.0171376
7565	1844.709	71	0.0139858
7566	1844.952	74	0.0145768
7567	1845.196	72	0.0141828
7568	1845.440	78	0.0153647
7569	1845.684	75	0.0147738
7570	1845.928	101	0.0198953
7571	1846.172	93	0.0183195
7572	1846.416	95	0.0187134
7573	1846.660	84	0.0165466
7574	1846.903	83	0.0163496
7575	1847.147	89	0.0175315
7576	1847.391	78	0.0153647
7577	1847.635	97	0.0191074
7578	1847.879	86	0.0169406
7579	1848.123	116	0.0228501
7580	1848.367	101	0.0198953
7581	1848.610	131	0.0258048
7582	1848.854	160	0.0315173
7583	1849.098	170	0.0334872
7584	1849.342	236	0.0464881
7585	1849.586	313	0.0616558
7586	1849.830	348	0.0685502
7587	1850.074	520	0.102431
7588	1850.317	581	0.114447
7589	1850.561	649	0.127842
7590	1850.805	765	0.150692
7591	1851.049	876	0.172557
7592	1851.293	874	0.172163
7593	1851.537	809	0.15936
7594	1851.781	795	0.156602
7595	1852.025	721	0.142025
7596	1852.268	628	0.123706
7597	1852.512	540	0.106371
7598	1852.756	428	0.0843089
7599	1853.000	356	0.0701261
7600	1853.244	335	0.0659894
7601	1853.488	248	0.0488519
7602	1853.732	202	0.0397906
7603	1853.975	188	0.0370329
7604	1854.219	136	0.0267897
7605	1854.463	109	0.0214712
7606	1854.707	99	0.0195014
7607	1854.951	85	0.0167436
7608	1855.195	62	0.012213
7609	1855.439	66	0.0130009
7610	1855.683	46	0.00906124
7611	1855.926	50	0.00984917
7612	1856.170	60	0.011819
7613	1856.414	65	0.0128039
7614	1856.658	56	0.0110311
7615	1856.902	57	0.0112281
7616	1857.146	66	0.0130009
7617	1857.390	59	0.011622
7618	1857.633	62	0.012213
7619	1857.877	66	0.0130009
7620	1858.121	71	0.0139858
7621	1858.365	55	0.0108341
7622	1858.609	65	0.0128039
7623	1858.853	68	0.0133949
7624	1859.097	77	0.0151677
7625	1859.340	73	0.0143798
7626	1859.584	71	0.0139858
7627	1859.828	50	0.00984917
7628	1860.072	46	0.00906124
7629	1860.316	50	0.00984917
7630	1860.560	55	0.0108341
7631	1860.804	36	0.0070914
7632	1861.048	41	0.00807632
7633	1861.291	36	0.0070914
7634	1861.535	37	0.00728839
7635	1861.779	37	0.00728839
7636	1862.023	30	0.0059095
7637	1862.267	46	0.00906124
7638	1862.511	28	0.00551554
7639	1862.755	38	0.00748537
7640	1862.998	40	0.00787934
7641	1863.242	31	0.00610649
7642	1863.486	33	0.00650045
7643	1863.730	35	0.00689442
7644	1863.974	35	0.00689442
7645	1864.218	32	0.00630347
7646	1864.462	40	0.00787934
7647	1864.705	21	0.00413665
7648	1864.949	39	0.00768235
7649	1865.193	34	0.00669744
7650	1865.437	24	0.0047276
7651	1865.681	32	0.00630347
7652	1865.925	21	0.00413665
7653	1866.169	36	0.0070914
7654	1866.413	24	0.0047276
7655	1866.656	41	0.00807632
7656	1866.900	39	0.00768235
7657	1867.144	43	0.00847029
7658	1867.388	32	0.00630347
7659	1867.632	36	0.0070914
7660	1867.876	37	0.00728839
7661	1868.120	32	0.00630347
7662	1868.363	42	0.0082733
7663	1868.607	22	0.00433363
7664	1868.851	35	0.00689442
7665	1869.095	27	0.00531855
7666	1869.339	43	0.00847029
7667	1869.583	49	0.00965219
7668	1869.827	28	0.00551554
7669	1870.071	24	0.0047276
7670	1870.314	29	0.00571252
7671	1870.558	40	0.00787934
7672	1870.802	32	0.00630347
7673	1871.046	32	0.00630347
7674	1871.290	33	0.00650045
7675	1871.534	27	0.00531855
7676	1871.778	32	0.00630347
7677	1872.021	38	0.00748537
7678	1872.265	31	0.00610649
7679	1872.509	40	0.00787934
7680	1872.753	28	0.00551554
7681	1872.997	34	0.00669744
7682	1873.241	34	0.00669744
7683	1873.485	24	0.0047276
7684	1873.728	29	0.00571252
7685	1873.972	28	0.00551554
7686	1874.216	24	0.0047276
7687	1874.460	27	0.00531855
7688	1874.704	33	0.00650045
7689	1874.948	29	0.00571252
7690	1875.192	37	0.00728839
7691	1875.436	43	0.00847029
7692	1875.679	34	0.00669744
7693	1875.923	37	0.00728839
7694	1876.167	25	0.00492458
7695	1876.411	26	0.00512157
7696	1876.655	27	0.00531855
7697	1876.899	28	0.00551554
7698	1877.143	40	0.00787934
7699	1877.386	22	0.00433363
7700	1877.630	38	0.00748537
7701	1877.874	21	0.00413665
7702	1878.118	38	0.00748537
7703	1878.362	25	0.00492458
7704	1878.606	19	0.00374268
7705	1878.850	27	0.00531855
7706	1879.093	30	0.0059095
7707	1879.337	29	0.00571252
7708	1879.581	33	0.00650045
7709	1879.825	32	0.00630347
7710	1880.069	28	0.00551554
7711	1880.313	27	0.00531855
7712	1880.557	25	0.00492458
7713	1880.801	22	0.00433363
7714	1881.044	30	0.0059095
7715	1881.288	21	0.00413665
7716	1881.532	39	0.00768235
7717	1881.776	27	0.00531855
7718	1882.020	23	0.00453062
7719	1882.264	23	0.00453062
7720	1882.508	30	0.0059095
7721	1882.751	32	0.00630347
7722	1882.995	34	0.00669744
7723	1883.239	23	0.00453062
7724	1883.483	26	0.00512157
7725	1883.727	32	0.00630347
7726	1883.971	34	0.00669744
7727	1884.215	32	0.00630347
7728	1884.459	26	0.00512157
7729	1884.702	29	0.00571252
7730	1884.946	27	0.00531855
7731	1885.190	26	0.00512157
7732	1885.434	28	0.00551554
7733	1885.678	23	0.00453062
7734	1885.922	31	0.00610649
7735	1886.166	27	0.00531855
7736	1886.409	26	0.00512157
7737	1886.653	35	0.00689442
7738	1886.897	30	0.0059095
7739	1887.141	27	0.00531855
7740	1887.385	24	0.0047276
7741	1887.629	18	0.0035457
7742	1887.873	22	0.00433363
7743	1888.116	23	0.00453062
7744	1888.360	29	0.00571252
7745	1888.604	27	0.00531855
7746	1888.848	27	0.00531855
7747	1889.092	22	0.00433363
7748	1889.336	40	0.00787934
7749	1889.580	32	0.00630347
7750	1889.824	28	0.00551554
7751	1890.067	24	0.0047276
7752	1890.311	29	0.00571252
7753	1890.555	34	0.00669744
7754	1890.799	29	0.00571252
7755	1891.043	30	0.0059095
7756	1891.287	39	0.00768235
7757	1891.531	25	0.00492458
7758	1891.774	29	0.00571252
7759	1892.018	34	0.00669744
7760	1892.262	34	0.00669744
7761	1892.506	30	0.0059095
7762	1892.750	24	0.0047276
7763	1892.994	35	0.00689442
7764	1893.238	29	0.00571252
7765	1893.482	24	0.0047276
7766	1893.725	32	0.00630347
7767	1893.969	33	0.00650045
7768	1894.213	40	0.00787934
7769	1894.457	34	0.00669744
7770	1894.701	32	0.00630347
7771	1894.945	34	0.00669744
7772	1895.189	26	0.00512157
7773	1895.432	28	0.00551554
7774	1895.676	35	0.00689442
7775	1895.920	21	0.00413665
7776	1896.164	33	0.00650045
7777	1896.408	37	0.00728839
7778	1896.652	32	0.00630347
7779	1896.896	43	0.00847029
7780	1897.139	36	0.0070914
7781	1897.383	37	0.00728839
7782	1897.627	32	0.00630347
7783	1897.871	25	0.00492458
7784	1898.115	40	0.00787934
7785	1898.359	17	0.00334872
7786	1898.603	32	0.00630347
7787	1898.847	34	0.00669744
7788	1899.090	31	0.00610649
7789	1899.334	41	0.00807632
7790	1899.578	26	0.00512157
7791	1899.822	23	0.00453062
7792	1900.066	23	0.00453062
7793	1900.310	25	0.00492458
7794	1900.554	33	0.00650045
7795	1900.797	28	0.00551554
7796	1901.041	22	0.00433363
7797	1901.285	25	0.00492458
7798	1901.529	27	0.00531855
7799	1901.773	32	0.00630347
7800	1902.017	34	0.00669744
7801	1902.261	27	0.00531855
7802	1902.504	22	0.00433363
7803	1902.748	25	0.00492458
7804	1902.992	39	0.00768235
7805	1903.236	31	0.00610649
7806	1903.480	28	0.00551554
7807	1903.724	21	0.00413665
7808	1903.968	26	0.00512157
7809	1904.212	28	0.00551554
7810	1904.455	16	0.00315173
7811	1904.699	28	0.00551554
7812	1904.943	27	0.00531855
7813	1905.187	22	0.00433363
7814	1905.431	23	0.00453062
7815	1905.675	25	0.00492458
7816	1905.919	21	0.00413665
7817	1906.162	24	0.0047276
7818	1906.406	23	0.00453062
7819	1906.650	31	0.00610649
7820	1906.894	35	0.00689442
7821	1907.138	24	0.0047276
7822	1907.382	24	0.0047276
7823	1907.626	19	0.00374268
7824	1907.870	25	0.00492458
7825	1908.113	30	0.0059095
7826	1908.357	27	0.00531855
7827	1908.601	36	0.0070914
7828	1908.845	28	0.00551554
7829	1909.089	20	0.00393967
7830	1909.333	27	0.00531855
7831	1909.577	30	0.0059095
7832	1909.820	23	0.00453062
7833	1910.064	33	0.00650045
7834	1910.308	27	0.00531855
7835	1910.552	21	0.00413665
7836	1910.796	28	0.00551554
7837	1911.040	27	0.00531855
7838	1911.284	31	0.00610649
7839	1911.527	21	0.00413665
7840	1911.771	18	0.0035457
7841	1912.015	26	0.00512157
7842	1912.259	40	0.00787934
7843	1912.503	26	0.00512157
7844	1912.747	37	0.00728839
7845	1912.991	23	0.00453062
7846	1913.235	21	0.00413665
7847	1913.478	27	0.00531855
7848	1913.722	19	0.00374268
7849	1913.966	34	0.00669744
7850	1914.210	27	0.00531855
7851	1914.454	26	0.00512157
7852	1914.698	30	0.0059095
7853	1914.942	21	0.00413665
7854	1915.185	33	0.00650045
7855	1915.429	34	0.00669744
7856	1915.673	28	0.00551554
7857	1915.917	25	0.00492458
7858	1916.161	15	0.00295475
7859	1916.405	35	0.00689442
7860	1916.649	23	0.00453062
7861	1916.892	23	0.00453062
7862	1917.136	32	0.00630347
7863	1917.380	36	0.0070914
7864	1917.624	20	0.00393967
7865	1917.868	21	0.00413665
7866	1918.112	30	0.0059095
7867	1918.356	33	0.00650045
7868	1918.600	23	0.00453062
7869	1918.843	20	0.00393967
7870	1919.087	28	0.00551554
7871	1919.331	23	0.00453062
7872	1919.575	25	0.00492458
7873	1919.819	34	0.00669744
7874	1920.063	30	0.0059095
7875	1920.307	31	0.00610649
7876	1920.550	28	0.00551554
7877	1920.794	24	0.0047276
7878	1921.038	38	0.00748537
7879	1921.282	29	0.00571252
7880	1921.526	36	0.0070914
7881	1921.770	35	0.00689442
7882	1922.014	27	0.00531855
7883	1922.258	21	0.00413665
7884	1922.501	23	0.00453062
7885	1922.745	22	0.00433363
7886	1922.989	27	0.00531855
7887	1923.233	31	0.00610649
7888	1923.477	23	0.00453062
7889	1923.721	30	0.0059095
7890	1923.965	34	0.00669744
7891	1924.208	39	0.00768235
7892	1924.452	44	0.00866727
7893	1924.696	22	0.00433363
7894	1924.940	23	0.00453062
7895	1925.184	25	0.00492458
7896	1925.428	39	0.00768235
7897	1925.672	25	0.00492458
7898	1925.915	18	0.0035457
7899	1926.159	28	0.00551554
7900	1926.403	27	0.00531855
7901	1926.647	26	0.00512157
7902	1926.891	23	0.00453062
7903	1927.135	36	0.0070914
7904	1927.379	23	0.00453062
7905	1927.623	25	0.00492458
7906	1927.866	36	0.0070914
7907	1928.110	17	0.00334872
7908	1928.354	22	0.00433363
7909	1928.598	37	0.00728839
7910	1928.842	24	0.0047276
7911	1929.086	31	0.00610649
7912	1929.330	31	0.00610649
7913	1929.573	22	0.00433363
7914	1929.817	24	0.0047276
7915	1930.061	31	0.00610649
7916	1930.305	31	0.00610649
7917	1930.549	30	0.0059095
7918	1930.793	31	0.00610649
7919	1931.037	27	0.00531855
7920	1931.280	26	0.00512157
7921	1931.524	32	0.00630347
7922	1931.768	24	0.0047276
7923	1932.012	19	0.00374268
7924	1932.256	25	0.00492458
7925	1932.500	34	0.00669744
7926	1932.744	34	0.00669744
7927	1932.988	34	0.00669744
7928	1933.231	25	0.00492458
7929	1933.475	21	0.00413665
7930	1933.719	34	0.00669744
7931	1933.963	25	0.00492458
7932	1934.207	15	0.00295475
7933	1934.451	18	0.0035457
7934	1934.695	26	0.00512157
7935	1934.938	33	0.00650045
7936	1935.182	25	0.00492458
7937	1935.426	26	0.00512157
7938	1935.670	33	0.00650045
7939	1935.914	31	0.00610649
7940	1936.158	25	0.00492458
7941	1936.402	26	0.00512157
7942	1936.646	28	0.00551554
7943	1936.889	27	0.00531855
7944	1937.133	29	0.00571252
7945	1937.377	30	0.0059095
7946	1937.621	29	0.00571252
7947	1937.865	20	0.00393967
7948	1938.109	16	0.00315173
7949	1938.353	30	0.0059095
7950	1938.596	22	0.00433363
7951	1938.840	27	0.00531855
7952	1939.084	21	0.00413665
7953	1939.328	29	0.00571252
7954	1939.572	30	0.0059095
7955	1939.816	27	0.00531855
7956	1940.060	28	0.00551554
7957	1940.303	30	0.0059095
7958	1940.547	29	0.00571252
7959	1940.791	27	0.00531855
7960	1941.035	29	0.00571252
7961	1941.279	24	0.0047276
7962	1941.523	35	0.00689442
7963	1941.767	30	0.0059095
7964	1942.011	36	0.0070914
7965	1942.254	24	0.0047276
7966	1942.498	24	0.0047276
7967	1942.742	34	0.00669744
7968	1942.986	22	0.00433363
7969	1943.230	33	0.00650045
7970	1943.474	31	0.00610649
7971	1943.718	27	0.00531855
7972	1943.961	28	0.00551554
7973	1944.205	23	0.00453062
7974	1944.449	29	0.00571252
7975	1944.693	35	0.00689442
7976	1944.937	19	0.00374268
7977	1945.181	32	0.00630347
7978	1945.425	20	0.00393967
7979	1945.669	25	0.00492458
7980	1945.912	27	0.00531855
7981	1946.156	22	0.00433363
7982	1946.400	21	0.00413665
7983	1946.644	28	0.00551554
7984	1946.888	31	0.00610649
7985	1947.132	28	0.00551554
7986	1947.376	20	0.00393967
7987	1947.619	22	0.00433363
7988	1947.863	35	0.00689442
7989	1948.107	28	0.00551554
7990	1948.351	28	0.00551554
7991	1948.595	29	0.00571252
7992	1948.839	17	0.00334872
7993	1949.083	28	0.00551554
7994	1949.326	30	0.0059095
7995	1949.570	32	0.00630347
7996	1949.814	21	0.00413665
7997	1950.058	26	0.00512157
7998	1950.302	28	0.00551554
7999	1950.546	31	0.00610649
8000	1950.790	29	0.00571252
8001	1951.034	30	0.0059095
8002	1951.277	33	0.00650045
8003	1951.521	29	0.00571252
8004	1951.765	32	0.00630347
8005	1952.009	24	0.0047276
8006	1952.253	29	0.00571252
8007	1952.497	26	0.00512157
8008	1952.741	32	0.00630347
8009	1952.984	29	0.00571252
8010	1953.228	24	0.0047276
8011	1953.472	23	0.00453062
8012	1953.716	21	0.00413665
8013	1953.960	30	0.0059095
8014	1954.204	25	0.00492458
8015	1954.448	21	0.00413665
8016	1954.691	25	0.00492458
8017	1954.935	26	0.00512157
8018	1955.179	20	0.00393967
8019	1955.423	26	0.00512157
8020	1955.667	28	0.00551554
8021	1955.911	22	0.00433363
8022	1956.155	24	0.0047276
8023	1956.399	19	0.00374268
8024	1956.642	30	0.0059095
8025	1956.886	31	0.00610649
8026	1957.130	29	0.00571252
8027	1957.374	32	0.00630347
8028	1957.618	24	0.0047276
8029	1957.862	33	0.00650045
8030	1958.106	26	0.00512157
8031	1958.349	35	0.00689442
8032	1958.593	29	0.00571252
8033	1958.837	32	0.00630347
8034	1959.081	36	0.0070914
8035	1959.325	26	0.00512157
8036	1959.569	21	0.00413665
8037	1959.813	35	0.00689442
8038	1960.057	16	0.00315173
8039	1960.300	34	0.00669744
8040	1960.544	24	0.0047276
8041	1960.788	36	0.0070914
8042	1961.032	28	0.00551554
8043	1961.276	39	0.00768235
8044	1961.520	26	0.00512157
8045	1961.764	33	0.00650045
8046	1962.007	28	0.00551554
8047	1962.251	25	0.00492458
8048	1962.495	26	0.00512157
8049	1962.739	24	0.0047276
8050	1962.983	24	0.0047276
8051	1963.227	31	0.00610649
8052	1963.471	28	0.00551554
8053	1963.714	27	0.00531855
8054	1963.958	29	0.00571252
8055	1964.202	18	0.0035457
8056	1964.446	23	0.00453062
8057	1964.690	30	0.0059095
8058	1964.934	22	0.00433363
8059	1965.178	24	0.0047276
8060	1965.422	28	0.00551554
8061	1965.665	27	0.00531855
8062	1965.909	28	0.00551554
8063	1966.153	25	0.00492458
8064	1966.397	31	0.00610649
8065	1966.641	21	0.00413665
8066	1966.885	28	0.00551554
8067	1967.129	25	0.00492458
8068	1967.372	25	0.00492458
8069	1967.616	40	0.00787934
8070	1967.860	28	0.00551554
8071	1968.104	26	0.00512157
8072	1968.348	21	0.00413665
8073	1968.592	25	0.00492458
8074	1968.836	30	0.0059095
8075	1969.079	20	0.00393967
8076	1969.323	24	0.0047276
8077	1969.567	22	0.00433363
8078	1969.811	21	0.00413665
8079	1970.055	29	0.00571252
8080	1970.299	28	0.00551554
8081	1970.543	33	0.00650045
8082	1970.787	26	0.00512157
8083	1971.030	28	0.00551554
8084	1971.274	37	0.00728839
8085	1971.518	28	0.00551554
8086	1971.762	22	0.00433363
8087	1972.006	24	0.0047276
8088	1972.250	25	0.00492458
8089	1972.494	21	0.00413665
8090	1972.737	20	0.00393967
8091	1972.981	27	0.00531855
8092	1973.225	22	0.00433363
8093	1973.469	29	0.00571252
8094	1973.713	24	0.0047276
8095	1973.957	29	0.00571252
8096	1974.201	24	0.0047276
8097	1974.445	35	0.00689442
8098	1974.688	19	0.00374268
8099	1974.932	29	0.00571252
8100	1975.176	19	0.00374268
8101	1975.420	25	0.00492458
8102	1975.664	28	0.00551554
8103	1975.908	31	0.00610649
8104	1976.152	17	0.00334872
8105	1976.395	26	0.00512157
8106	1976.639	22	0.00433363
8107	1976.883	24	0.0047276
8108	1977.127	28	0.00551554
8109	1977.371	25	0.00492458
8110	1977.615	32	0.00630347
8111	1977.859	24	0.0047276
8112	1978.102	23	0.00453062
8113	1978.346	19	0.00374268
8114	1978.590	24	0.0047276
8115	1978.834	22	0.00433363
8116	1979.078	32	0.00630347
8117	1979.322	23	0.00453062
8118	1979.566	17	0.00334872
8119	1979.810	33	0.00650045
8120	1980.053	27	0.00531855
8121	1980.297	16	0.00315173
8122	1980.541	34	0.00669744
8123	1980.785	24	0.0047276
8124	1981.029	33	0.00650045
8125	1981.273	23	0.00453062
8126	1981.517	30	0.0059095
8127	1981.760	36	0.0070914
8128	1982.004	23	0.00453062
8129	1982.248	28	0.00551554
8130	1982.492	22	0.00433363
8131	1982.736	30	0.0059095
8132	1982.980	23	0.00453062
8133	1983.224	38	0.00748537
8134	1983.468	24	0.0047276
8135	1983.711	33	0.00650045
8136	1983.955	26	0.00512157
8137	1984.199	27	0.00531855
8138	1984.443	21	0.00413665
8139	1984.687	34	0.00669744
8140	1984.931	34	0.00669744
8141	1985.175	17	0.00334872
8142	1985.418	27	0.00531855
8143	1985.662	19	0.00374268
8144	1985.906	21	0.00413665
8145	1986.150	26	0.00512157
8146	1986.394	23	0.00453062
8147	1986.638	27	0.00531855
8148	1986.882	22	0.00433363
8149	1987.125	20	0.00393967
8150	1987.369	28	0.00551554
8151	1987.613	30	0.0059095
8152	1987.857	21	0.00413665
8153	1988.101	25	0.00492458
8154	1988.345	25	0.00492458
8155	1988.589	23	0.00453062
8156	1988.833	25	0.00492458
8157	1989.076	21	0.00413665
8158	1989.320	26	0.00512157
8159	1989.564	21	0.00413665
8160	1989.808	25	0.00492458
8161	1990.052	28	0.00551554
8162	1990.296	34	0.00669744
8163	1990.540	21	0.00413665
8164	1990.783	18	0.0035457
8165	1991.027	30	0.0059095
8166	1991.271	24	0.0047276
8167	1991.515	28	0.00551554
8168	1991.759	28	0.00551554
8169	1992.003	28	0.00551554
8170	1992.247	26	0.00512157
8171	1992.490	28	0.00551554
8172	1992.734	24	0.0047276
8173	1992.978	30	0.0059095
8174	1993.222	18	0.0035457
8175	1993.466	33	0.00650045
8176	1993.710	20	0.00393967
8177	1993.954	36	0.0070914
8178	1994.198	23	0.00453062
8179	1994.441	32	0.00630347
8180	1994.685	36	0.0070914
8181	1994.929	23	0.00453062
8182	1995.173	25	0.00492458
8183	1995.417	25	0.00492458
8184	1995.661	22	0.00433363
8185	1995.905	35	0.00689442
8186	1996.148	24	0.0047276
8187	1996.392	22	0.00433363
8188	1996.636	26	0.00512157
8189	1996.880	23	0.00453062
8190	1997.124	33	0.00650045
8191	1997.368	25	0.00492458
8192	1997.612	24	0.0047276
