#
# Sample name: Sample title.                                                   
# Sample id:   
# Sample type: 
# User name:   
# Sample description: 
#
# Start time:    2026-01-09, 13:46:29
# Real time (s): 2718.740
# Live time (s): 2538.680
#
# Total counts:  13954140
#
# Left marker:  20 (4.751 keV)
# Right marker: 50 (12.067 keV)
# Counts:       225772
#
# Energy calibration coefficients ( E = sum(Ai * n**i) )
#     A0: -0.126274
#     A1: 0.243864
#     A2: 0.000000
#     A3: 0.000000
# Energy unit: keV
#
# Channel data
# n	energy(keV)	counts	rate(1/s)
#-----------------------------------------------------------------------
1	0.118	3	0.00118172
2	0.361	2	0.000787811
3	0.605	7	0.00275734
4	0.849	4	0.00157562
5	1.093	4	0.00157562
6	1.337	2	0.000787811
7	1.581	4	0.00157562
8	1.825	1	0.000393905
9	2.069	0	0
10	2.312	2	0.000787811
11	2.556	2	0.000787811
12	2.800	4	0.00157562
13	3.044	5	0.00196953
14	3.288	3	0.00118172
15	3.532	5	0.00196953
16	3.776	3	0.00118172
17	4.019	2	0.000787811
18	4.263	10	0.00393905
19	4.507	6	0.00236343
20	4.751	7	0.00275734
21	4.995	5	0.00196953
22	5.239	10	0.00393905
23	5.483	6	0.00236343
24	5.726	4	0.00157562
25	5.970	5	0.00196953
26	6.214	4	0.00157562
27	6.458	7	0.00275734
28	6.702	5	0.00196953
29	6.946	6	0.00236343
30	7.190	12	0.00472687
31	7.434	5	0.00196953
32	7.677	6	0.00236343
33	7.921	12	0.00472687
34	8.165	10	0.00393905
35	8.409	26	0.0102415
36	8.653	76	0.0299368
37	8.897	307	0.120929
38	9.141	967	0.380907
39	9.384	2123	0.836261
40	9.628	3958	1.55908
41	9.872	5732	2.25787
42	10.116	7752	3.05356
43	10.360	10406	4.09898
44	10.604	13370	5.26652
45	10.848	17177	6.76611
46	11.091	21441	8.44573
47	11.335	26821	10.5649
48	11.579	32463	12.7874
49	11.823	38343	15.1035
50	12.067	44713	17.6127
51	12.311	49247	19.3987
52	12.555	53726	21.163
53	12.799	59146	23.2979
54	13.042	64706	25.488
55	13.286	71522	28.1729
56	13.530	78414	30.8877
57	13.774	84333	33.2192
58	14.018	87706	34.5479
59	14.262	87533	34.4797
60	14.506	81492	32.1001
61	14.749	72684	28.6306
62	14.993	61918	24.3898
63	15.237	51664	20.3507
64	15.481	42764	16.845
65	15.725	35455	13.9659
66	15.969	30279	11.9271
67	16.213	27142	10.6914
68	16.457	25286	9.96029
69	16.700	24521	9.65896
70	16.944	25714	10.1289
71	17.188	26351	10.3798
72	17.432	27145	10.6926
73	17.676	27616	10.8781
74	17.920	26839	10.572
75	18.164	25254	9.94769
76	18.407	22871	9.00901
77	18.651	20348	8.01519
78	18.895	18387	7.24274
79	19.139	17598	6.93195
80	19.383	18845	7.42315
81	19.627	22983	9.05313
82	19.871	30499	12.0137
83	20.114	42695	16.8178
84	20.358	62889	24.7723
85	20.602	92842	36.571
86	20.846	136761	53.8709
87	21.090	197458	77.7798
88	21.334	271581	106.977
89	21.578	352937	139.024
90	21.822	425832	167.738
91	22.065	475337	187.238
92	22.309	486398	191.595
93	22.553	457818	180.337
94	22.797	390547	153.839
95	23.041	309368	121.862
96	23.285	225371	88.7749
97	23.529	157986	62.2316
98	23.772	112602	44.3545
99	24.016	89433	35.2282
100	24.260	85404	33.6411
101	24.504	90947	35.8245
102	24.748	101384	39.9357
103	24.992	109113	42.9802
104	25.236	110600	43.5659
105	25.479	103087	40.6065
106	25.723	88979	35.0493
107	25.967	72180	28.4321
108	26.211	53961	21.2555
109	26.455	38671	15.2327
110	26.699	26442	10.4156
111	26.943	18513	7.29237
112	27.187	13397	5.27715
113	27.430	10546	4.15413
114	27.674	9140	3.6003
115	27.918	8633	3.40059
116	28.162	8528	3.35923
117	28.406	8875	3.49591
118	28.650	9738	3.83585
119	28.894	10885	4.28766
120	29.137	12976	5.11132
121	29.381	16444	6.47738
122	29.625	21475	8.45912
123	29.869	28776	11.335
124	30.113	38491	15.1618
125	30.357	48639	19.1592
126	30.601	57689	22.724
127	30.845	64873	25.5538
128	31.088	66730	26.2853
129	31.332	64854	25.5463
130	31.576	58146	22.904
131	31.820	50270	19.8016
132	32.064	43347	17.0746
133	32.308	37853	14.9105
134	32.552	35584	14.0167
135	32.795	35546	14.0018
136	33.039	36672	14.4453
137	33.283	37909	14.9326
138	33.527	37916	14.9353
139	33.771	36184	14.2531
140	34.015	33635	13.249
141	34.259	30156	11.8786
142	34.502	27106	10.6772
143	34.746	24351	9.59199
144	34.990	22217	8.7514
145	35.234	20799	8.19284
146	35.478	18977	7.47514
147	35.722	17165	6.76139
148	35.966	14846	5.84792
149	36.210	12923	5.09044
150	36.453	11398	4.48973
151	36.697	10204	4.01941
152	36.941	9584	3.77519
153	37.185	9553	3.76298
154	37.429	9885	3.89376
155	37.673	10177	4.00878
156	37.917	10574	4.16516
157	38.160	10319	4.06471
158	38.404	9679	3.81261
159	38.648	8794	3.464
160	38.892	7835	3.08625
161	39.136	6490	2.55645
162	39.380	5557	2.18893
163	39.624	4762	1.87578
164	39.868	4222	1.66307
165	40.111	3680	1.44957
166	40.355	3254	1.28177
167	40.599	3051	1.20181
168	40.843	3033	1.19472
169	41.087	2799	1.10254
170	41.331	2888	1.1376
171	41.575	2779	1.09466
172	41.818	2828	1.11396
173	42.062	2849	1.12224
174	42.306	2911	1.14666
175	42.550	2977	1.17266
176	42.794	3155	1.24277
177	43.038	3203	1.26168
178	43.282	3356	1.32195
179	43.525	3203	1.26168
180	43.769	3311	1.30422
181	44.013	3350	1.31958
182	44.257	3300	1.29989
183	44.501	3182	1.25341
184	44.745	3012	1.18644
185	44.989	2970	1.1699
186	45.233	2879	1.13405
187	45.476	2613	1.02928
188	45.720	2548	1.00367
189	45.964	2573	1.01352
190	46.208	2605	1.02612
191	46.452	2607	1.02691
192	46.696	2644	1.04149
193	46.940	2637	1.03873
194	47.183	2737	1.07812
195	47.427	2872	1.1313
196	47.671	2888	1.1376
197	47.915	3109	1.22465
198	48.159	3156	1.24317
199	48.403	3384	1.33298
200	48.647	3625	1.42791
201	48.890	3826	1.50708
202	49.134	4038	1.59059
203	49.378	4272	1.68276
204	49.622	4401	1.73358
205	49.866	4586	1.80645
206	50.110	4606	1.81433
207	50.354	4384	1.72688
208	50.598	4440	1.74894
209	50.841	4385	1.72728
210	51.085	4221	1.66268
211	51.329	4203	1.65558
212	51.573	4234	1.6678
213	51.817	4352	1.71428
214	52.061	4436	1.74736
215	52.305	4661	1.83599
216	52.548	4759	1.8746
217	52.792	4957	1.95259
218	53.036	5005	1.9715
219	53.280	4963	1.95495
220	53.524	4965	1.95574
221	53.768	4777	1.88169
222	54.012	4477	1.76351
223	54.256	4352	1.71428
224	54.499	3946	1.55435
225	54.743	3816	1.50314
226	54.987	3694	1.45509
227	55.231	3592	1.41491
228	55.475	3581	1.41058
229	55.719	3572	1.40703
230	55.963	3461	1.36331
231	56.206	3618	1.42515
232	56.450	3519	1.38615
233	56.694	3502	1.37946
234	56.938	3493	1.37591
235	57.182	3863	1.52166
236	57.426	4408	1.73634
237	57.670	5610	2.20981
238	57.913	7920	3.11973
239	58.157	12343	4.86198
240	58.401	19270	7.59056
241	58.645	28868	11.3713
242	58.889	40790	16.0674
243	59.133	52631	20.7316
244	59.377	62529	24.6305
245	59.621	68232	26.877
246	59.864	67491	26.5851
247	60.108	61187	24.1019
248	60.352	51451	20.2668
249	60.596	38813	15.2887
250	60.840	27584	10.8655
251	61.084	18605	7.32861
252	61.328	12423	4.89349
253	61.571	8564	3.37341
254	61.815	6423	2.53005
255	62.059	5328	2.09873
256	62.303	4647	1.83048
257	62.547	4039	1.59098
258	62.791	3621	1.42633
259	63.035	3164	1.24632
260	63.278	3025	1.19156
261	63.522	2879	1.13405
262	63.766	2698	1.06276
263	64.010	2645	1.04188
264	64.254	2694	1.06118
265	64.498	2695	1.06158
266	64.742	2921	1.1506
267	64.986	2988	1.17699
268	65.229	3216	1.2668
269	65.473	3466	1.36528
270	65.717	3600	1.41806
271	65.961	3758	1.4803
272	66.205	3889	1.5319
273	66.449	3840	1.5126
274	66.693	3779	1.48857
275	66.936	3531	1.39088
276	67.180	3460	1.36291
277	67.424	3061	1.20574
278	67.668	3036	1.1959
279	67.912	2799	1.10254
280	68.156	2619	1.03164
281	68.400	2562	1.00919
282	68.644	2582	1.01706
283	68.887	2528	0.995793
284	69.131	2512	0.989491
285	69.375	2517	0.99146
286	69.619	2515	0.990672
287	69.863	2601	1.02455
288	70.107	2649	1.04346
289	70.351	2697	1.06236
290	70.594	2697	1.06236
291	70.838	2700	1.06354
292	71.082	2573	1.01352
293	71.326	2606	1.02652
294	71.570	2568	1.01155
295	71.814	2511	0.989097
296	72.058	2484	0.978461
297	72.301	2488	0.980037
298	72.545	2470	0.972947
299	72.789	2426	0.955615
300	73.033	2367	0.932374
301	73.277	2340	0.921739
302	73.521	2304	0.907558
303	73.765	2330	0.9178
304	74.009	2292	0.902831
305	74.252	2297	0.904801
306	74.496	2213	0.871713
307	74.740	2242	0.883136
308	74.984	2178	0.857926
309	75.228	2200	0.866592
310	75.472	2277	0.896923
311	75.716	2212	0.871319
312	75.959	2168	0.853987
313	76.203	2130	0.839019
314	76.447	2309	0.909528
315	76.691	2275	0.896135
316	76.935	2253	0.887469
317	77.179	2144	0.844533
318	77.423	2325	0.91583
319	77.666	2191	0.863047
320	77.910	2397	0.944191
321	78.154	2337	0.920557
322	78.398	2606	1.02652
323	78.642	2803	1.10412
324	78.886	3092	1.21796
325	79.130	3699	1.45706
326	79.374	4753	1.87223
327	79.617	6190	2.43828
328	79.861	8612	3.39231
329	80.105	11588	4.56458
330	80.349	15156	5.97003
331	80.593	18391	7.24432
332	80.837	21408	8.43273
333	81.081	23231	9.15082
334	81.324	22967	9.04683
335	81.568	20737	8.16842
336	81.812	17604	6.93431
337	82.056	13608	5.36027
338	82.300	10048	3.95796
339	82.544	7043	2.77428
340	82.788	4828	1.90178
341	83.032	3553	1.39955
342	83.275	2813	1.10806
343	83.519	2381	0.937889
344	83.763	2296	0.904407
345	84.007	2276	0.896529
346	84.251	2400	0.945373
347	84.495	2318	0.913073
348	84.739	2327	0.916618
349	84.982	2293	0.903225
350	85.226	2274	0.895741
351	85.470	2299	0.905589
352	85.714	2406	0.947737
353	85.958	2451	0.965462
354	86.202	2971	1.17029
355	86.446	3924	1.54569
356	86.689	5466	2.15309
357	86.933	7709	3.03662
358	87.177	11210	4.41568
359	87.421	14880	5.86131
360	87.665	19329	7.6138
361	87.909	22424	8.83294
362	88.153	23968	9.44113
363	88.397	23243	9.15555
364	88.640	21017	8.27871
365	88.884	17799	7.01112
366	89.128	13473	5.30709
367	89.372	9882	3.89257
368	89.616	6754	2.66044
369	89.860	4641	1.82812
370	90.104	3435	1.35307
371	90.347	2638	1.03912
372	90.591	2146	0.845321
373	90.835	2069	0.81499
374	91.079	2053	0.808688
375	91.323	1981	0.780327
376	91.567	2010	0.79175
377	91.811	2066	0.813809
378	92.055	1949	0.767722
379	92.298	1945	0.766146
380	92.542	2058	0.810658
381	92.786	1963	0.773236
382	93.030	1963	0.773236
383	93.274	1957	0.770873
384	93.518	1995	0.785841
385	93.762	1880	0.740542
386	94.005	1889	0.744087
387	94.249	1900	0.74842
388	94.493	1882	0.74133
389	94.737	1934	0.761813
390	94.981	1897	0.747239
391	95.225	1843	0.725968
392	95.469	1882	0.74133
393	95.712	1936	0.762601
394	95.956	1869	0.736209
395	96.200	1935	0.762207
396	96.444	1885	0.742512
397	96.688	1921	0.756692
398	96.932	1987	0.78269
399	97.176	1880	0.740542
400	97.420	1896	0.746845
401	97.663	1884	0.742118
402	97.907	1856	0.731089
403	98.151	1822	0.717696
404	98.395	1902	0.749208
405	98.639	1828	0.720059
406	98.883	1949	0.767722
407	99.127	1866	0.735028
408	99.370	1941	0.764571
409	99.614	1903	0.749602
410	99.858	1946	0.76654
411	100.102	1903	0.749602
412	100.346	1848	0.727937
413	100.590	1922	0.757086
414	100.834	1943	0.765358
415	101.077	1927	0.759056
416	101.321	1955	0.770085
417	101.565	1993	0.785054
418	101.809	2076	0.817748
419	102.053	2012	0.792538
420	102.297	2036	0.801992
421	102.541	2130	0.839019
422	102.785	1980	0.779933
423	103.028	2020	0.795689
424	103.272	2001	0.788205
425	103.516	2010	0.79175
426	103.760	1969	0.7756
427	104.004	1904	0.749996
428	104.248	1911	0.752753
429	104.492	1807	0.711787
430	104.735	1893	0.745663
431	104.979	1929	0.759844
432	105.223	1933	0.761419
433	105.467	1909	0.751966
434	105.711	1873	0.737785
435	105.955	1825	0.718878
436	106.199	1843	0.725968
437	106.443	1897	0.747239
438	106.686	1881	0.740936
439	106.930	1927	0.759056
440	107.174	1862	0.733452
441	107.418	1877	0.739361
442	107.662	1852	0.729513
443	107.906	1899	0.748027
444	108.150	1945	0.766146
445	108.393	1881	0.740936
446	108.637	1885	0.742512
447	108.881	1956	0.770479
448	109.125	1919	0.755905
449	109.369	2007	0.790568
450	109.613	2130	0.839019
451	109.857	2130	0.839019
452	110.100	2280	0.898105
453	110.344	2359	0.929223
454	110.588	2384	0.939071
455	110.832	2700	1.06354
456	111.076	3013	1.18684
457	111.320	3252	1.28098
458	111.564	3437	1.35385
459	111.808	3495	1.3767
460	112.051	3605	1.42003
461	112.295	3552	1.39915
462	112.539	3277	1.29083
463	112.783	2995	1.17975
464	113.027	2663	1.04897
465	113.271	2356	0.928041
466	113.515	2183	0.859896
467	113.758	1959	0.771661
468	114.002	1833	0.722029
469	114.246	1805	0.710999
470	114.490	1858	0.731876
471	114.734	1845	0.726756
472	114.978	1873	0.737785
473	115.222	1926	0.758662
474	115.465	2080	0.819323
475	115.709	2017	0.794507
476	115.953	2023	0.796871
477	116.197	2097	0.82602
478	116.441	2127	0.837837
479	116.685	1987	0.78269
480	116.929	1972	0.776782
481	117.173	1843	0.725968
482	117.416	1773	0.698394
483	117.660	1705	0.671609
484	117.904	1783	0.702333
485	118.148	1725	0.679487
486	118.392	1672	0.65861
487	118.636	1672	0.65861
488	118.880	1647	0.648762
489	119.123	1712	0.674366
490	119.367	1676	0.660186
491	119.611	1871	0.736997
492	119.855	2055	0.809476
493	120.099	2829	1.11436
494	120.343	3982	1.56853
495	120.587	6374	2.51075
496	120.831	10586	4.16988
497	121.074	15852	6.24419
498	121.318	23507	9.25954
499	121.562	31770	12.5144
500	121.806	39507	15.562
501	122.050	45198	17.8037
502	122.294	47270	18.6199
503	122.538	45190	17.8006
504	122.781	39250	15.4608
505	123.025	31700	12.4868
506	123.269	22796	8.97947
507	123.513	15556	6.12759
508	123.757	9939	3.91503
509	124.001	6102	2.40361
510	124.245	3738	1.47242
511	124.488	2616	1.03046
512	124.732	1946	0.76654
513	124.976	1650	0.649944
514	125.220	1548	0.609766
515	125.464	1551	0.610947
516	125.708	1542	0.607402
517	125.952	1453	0.572345
518	126.196	1489	0.586525
519	126.439	1604	0.631824
520	126.683	1518	0.597949
521	126.927	1559	0.614099
522	127.171	1547	0.609372
523	127.415	1460	0.575102
524	127.659	1474	0.580617
525	127.903	1471	0.579435
526	128.146	1468	0.578253
527	128.390	1466	0.577465
528	128.634	1481	0.583374
529	128.878	1430	0.563285
530	129.122	1415	0.557376
531	129.366	1475	0.581011
532	129.610	1455	0.573132
533	129.853	1510	0.594797
534	130.097	1468	0.578253
535	130.341	1471	0.579435
536	130.585	1497	0.589677
537	130.829	1482	0.583768
538	131.073	1357	0.53453
539	131.317	1467	0.577859
540	131.561	1351	0.532166
541	131.804	1466	0.577465
542	132.048	1467	0.577859
543	132.292	1496	0.589283
544	132.536	1445	0.569193
545	132.780	1420	0.559346
546	133.024	1468	0.578253
547	133.268	1493	0.588101
548	133.511	1494	0.588495
549	133.755	1475	0.581011
550	133.999	1530	0.602675
551	134.243	1542	0.607402
552	134.487	1663	0.655065
553	134.731	1755	0.691304
554	134.975	2129	0.838625
555	135.219	2558	1.00761
556	135.462	3189	1.25616
557	135.706	4089	1.61068
558	135.950	5116	2.01522
559	136.194	6007	2.36619
560	136.438	6895	2.71598
561	136.682	7028	2.76837
562	136.926	6853	2.69943
563	137.169	6276	2.47215
564	137.413	5312	2.09243
565	137.657	4258	1.67725
566	137.901	3323	1.30895
567	138.145	2551	1.00485
568	138.389	2050	0.807506
569	138.633	1744	0.686971
570	138.876	1577	0.621189
571	139.120	1428	0.562497
572	139.364	1408	0.554619
573	139.608	1423	0.560528
574	139.852	1415	0.557376
575	140.096	1391	0.547923
576	140.340	1453	0.572345
577	140.584	1378	0.542802
578	140.827	1460	0.575102
579	141.071	1408	0.554619
580	141.315	1498	0.59007
581	141.559	1407	0.554225
582	141.803	1392	0.548316
583	142.047	1515	0.596767
584	142.291	1470	0.579041
585	142.534	1371	0.540044
586	142.778	1466	0.577465
587	143.022	1431	0.563679
588	143.266	1479	0.582586
589	143.510	1426	0.561709
590	143.754	1493	0.588101
591	143.998	1451	0.571557
592	144.242	1604	0.631824
593	144.485	1507	0.593616
594	144.729	1429	0.562891
595	144.973	1502	0.591646
596	145.217	1426	0.561709
597	145.461	1371	0.540044
598	145.705	1456	0.573526
599	145.949	1419	0.558952
600	146.192	1418	0.558558
601	146.436	1407	0.554225
602	146.680	1362	0.536499
603	146.924	1432	0.564073
604	147.168	1354	0.533348
605	147.412	1373	0.540832
606	147.656	1399	0.551074
607	147.899	1412	0.556195
608	148.143	1401	0.551862
609	148.387	1344	0.529409
610	148.631	1436	0.565648
611	148.875	1372	0.540438
612	149.119	1416	0.55777
613	149.363	1357	0.53453
614	149.607	1324	0.521531
615	149.850	1373	0.540832
616	150.094	1405	0.553437
617	150.338	1439	0.56683
618	150.582	1375	0.54162
619	150.826	1439	0.56683
620	151.070	1435	0.565254
621	151.314	1365	0.537681
622	151.557	1388	0.546741
623	151.801	1398	0.55068
624	152.045	1399	0.551074
625	152.289	1413	0.556588
626	152.533	1496	0.589283
627	152.777	1380	0.54359
628	153.021	1409	0.555013
629	153.264	1394	0.549104
630	153.508	1354	0.533348
631	153.752	1417	0.558164
632	153.996	1434	0.56486
633	154.240	1427	0.562103
634	154.484	1411	0.555801
635	154.728	1360	0.535711
636	154.972	1317	0.518774
637	155.215	1415	0.557376
638	155.459	1434	0.56486
639	155.703	1383	0.544771
640	155.947	1473	0.580223
641	156.191	1403	0.552649
642	156.435	1314	0.517592
643	156.679	1402	0.552256
644	156.922	1363	0.536893
645	157.166	1323	0.521137
646	157.410	1370	0.539651
647	157.654	1431	0.563679
648	157.898	1345	0.529803
649	158.142	1383	0.544771
650	158.386	1379	0.543196
651	158.630	1354	0.533348
652	158.873	1362	0.536499
653	159.117	1479	0.582586
654	159.361	1393	0.54871
655	159.605	1472	0.579829
656	159.849	1495	0.588889
657	160.093	1650	0.649944
658	160.337	1618	0.637339
659	160.580	1771	0.697607
660	160.824	1740	0.685396
661	161.068	1628	0.641278
662	161.312	1652	0.650732
663	161.556	1668	0.657034
664	161.800	1511	0.595191
665	162.044	1466	0.577465
666	162.287	1430	0.563285
667	162.531	1450	0.571163
668	162.775	1316	0.51838
669	163.019	1392	0.548316
670	163.263	1385	0.545559
671	163.507	1508	0.594009
672	163.751	1690	0.6657
673	163.995	2118	0.834292
674	164.238	3068	1.2085
675	164.482	4529	1.784
676	164.726	7131	2.80894
677	164.970	10592	4.17225
678	165.214	14769	5.81759
679	165.458	19088	7.51887
680	165.702	23412	9.22212
681	165.945	25783	10.1561
682	166.189	26199	10.3199
683	166.433	24911	9.81258
684	166.677	21269	8.37798
685	166.921	16663	6.56365
686	167.165	12440	4.90018
687	167.409	8319	3.2769
688	167.652	5578	2.1972
689	167.896	3567	1.40506
690	168.140	2542	1.00131
691	168.384	1810	0.712969
692	168.628	1564	0.616068
693	168.872	1490	0.586919
694	169.116	1385	0.545559
695	169.360	1402	0.552256
696	169.603	1335	0.525864
697	169.847	1328	0.523106
698	170.091	1314	0.517592
699	170.335	1384	0.545165
700	170.579	1345	0.529803
701	170.823	1361	0.536105
702	171.067	1340	0.527833
703	171.310	1362	0.536499
704	171.554	1353	0.532954
705	171.798	1386	0.545953
706	172.042	1409	0.555013
707	172.286	1387	0.546347
708	172.530	1360	0.535711
709	172.774	1388	0.546741
710	173.018	1386	0.545953
711	173.261	1363	0.536893
712	173.505	1400	0.551468
713	173.749	1390	0.547529
714	173.993	1364	0.537287
715	174.237	1406	0.553831
716	174.481	1441	0.567618
717	174.725	1481	0.583374
718	174.968	1376	0.542014
719	175.212	1375	0.54162
720	175.456	1431	0.563679
721	175.700	1372	0.540438
722	175.944	1337	0.526652
723	176.188	1379	0.543196
724	176.432	1369	0.539257
725	176.675	1335	0.525864
726	176.919	1348	0.530985
727	177.163	1303	0.513259
728	177.407	1341	0.528227
729	177.651	1321	0.520349
730	177.895	1359	0.535318
731	178.139	1377	0.542408
732	178.383	1340	0.527833
733	178.626	1322	0.520743
734	178.870	1336	0.526258
735	179.114	1341	0.528227
736	179.358	1265	0.49829
737	179.602	1382	0.544377
738	179.846	1349	0.531379
739	180.090	1334	0.52547
740	180.333	1342	0.528621
741	180.577	1372	0.540438
742	180.821	1316	0.51838
743	181.065	1260	0.496321
744	181.309	1294	0.509714
745	181.553	1295	0.510108
746	181.797	1282	0.504987
747	182.041	1325	0.521925
748	182.284	1309	0.515622
749	182.528	1284	0.505775
750	182.772	1313	0.517198
751	183.016	1345	0.529803
752	183.260	1321	0.520349
753	183.504	1351	0.532166
754	183.748	1278	0.503411
755	183.991	1323	0.521137
756	184.235	1341	0.528227
757	184.479	1296	0.510502
758	184.723	1409	0.555013
759	184.967	1266	0.498684
760	185.211	1332	0.524682
761	185.455	1267	0.499078
762	185.698	1333	0.525076
763	185.942	1332	0.524682
764	186.186	1333	0.525076
765	186.430	1324	0.521531
766	186.674	1292	0.508926
767	186.918	1360	0.535711
768	187.162	1300	0.512077
769	187.406	1341	0.528227
770	187.649	1323	0.521137
771	187.893	1397	0.550286
772	188.137	1396	0.549892
773	188.381	1413	0.556588
774	188.625	1374	0.541226
775	188.869	1353	0.532954
776	189.113	1308	0.515228
777	189.356	1390	0.547529
778	189.600	1305	0.514047
779	189.844	1303	0.513259
780	190.088	1323	0.521137
781	190.332	1330	0.523894
782	190.576	1364	0.537287
783	190.820	1353	0.532954
784	191.063	1272	0.501048
785	191.307	1345	0.529803
786	191.551	1310	0.516016
787	191.795	1358	0.534924
788	192.039	1301	0.512471
789	192.283	1287	0.506956
790	192.527	1357	0.53453
791	192.771	1265	0.49829
792	193.014	1268	0.499472
793	193.258	1319	0.519561
794	193.502	1231	0.484898
795	193.746	1311	0.51641
796	193.990	1296	0.510502
797	194.234	1286	0.506562
798	194.478	1329	0.5235
799	194.721	1341	0.528227
800	194.965	1378	0.542802
801	195.209	1377	0.542408
802	195.453	1360	0.535711
803	195.697	1344	0.529409
804	195.941	1350	0.531772
805	196.185	1417	0.558164
806	196.429	1414	0.556982
807	196.672	1408	0.554619
808	196.916	1482	0.583768
809	197.160	1485	0.58495
810	197.404	1485	0.58495
811	197.648	1613	0.63537
812	197.892	1792	0.705879
813	198.136	1923	0.75748
814	198.379	2334	0.919375
815	198.623	2510	0.988703
816	198.867	2832	1.11554
817	199.111	2998	1.18093
818	199.355	3145	1.23883
819	199.599	3076	1.21165
820	199.843	2992	1.17857
821	200.086	2758	1.08639
822	200.330	2360	0.929617
823	200.574	2131	0.839413
824	200.818	1843	0.725968
825	201.062	1595	0.628279
826	201.306	1406	0.553831
827	201.550	1375	0.54162
828	201.794	1312	0.516804
829	202.037	1365	0.537681
830	202.281	1339	0.527439
831	202.525	1431	0.563679
832	202.769	1482	0.583768
833	203.013	1585	0.62434
834	203.257	1656	0.652307
835	203.501	1675	0.659792
836	203.744	1708	0.672791
837	203.988	1682	0.662549
838	204.232	1679	0.661367
839	204.476	1627	0.640884
840	204.720	1588	0.625522
841	204.964	1535	0.604645
842	205.208	1485	0.58495
843	205.451	1382	0.544377
844	205.695	1340	0.527833
845	205.939	1275	0.50223
846	206.183	1222	0.481353
847	206.427	1260	0.496321
848	206.671	1232	0.485292
849	206.915	1310	0.516016
850	207.159	1268	0.499472
851	207.402	1178	0.464021
852	207.646	1256	0.494745
853	207.890	1126	0.443538
854	208.134	1242	0.489231
855	208.378	1204	0.474262
856	208.622	1159	0.456536
857	208.866	1197	0.471505
858	209.109	1178	0.464021
859	209.353	1168	0.460082
860	209.597	1191	0.469141
861	209.841	1195	0.470717
862	210.085	1173	0.462051
863	210.329	1201	0.47308
864	210.573	1169	0.460476
865	210.817	1199	0.472293
866	211.060	1152	0.453779
867	211.304	1185	0.466778
868	211.548	1154	0.454567
869	211.792	1231	0.484898
870	212.036	1170	0.460869
871	212.280	1218	0.479777
872	212.524	1243	0.489625
873	212.767	1159	0.456536
874	213.011	1219	0.480171
875	213.255	1184	0.466384
876	213.499	1131	0.445507
877	213.743	1142	0.44984
878	213.987	1186	0.467172
879	214.231	1165	0.4589
880	214.474	1151	0.453385
881	214.718	1074	0.423055
882	214.962	1178	0.464021
883	215.206	1153	0.454173
884	215.450	1175	0.462839
885	215.694	1196	0.471111
886	215.938	1173	0.462051
887	216.182	1180	0.464808
888	216.425	1156	0.455355
889	216.669	1147	0.45181
890	216.913	1135	0.447083
891	217.157	1141	0.449446
892	217.401	1117	0.439992
893	217.645	1090	0.429357
894	217.889	1207	0.475444
895	218.132	1179	0.464415
896	218.376	1175	0.462839
897	218.620	1122	0.441962
898	218.864	1095	0.431327
899	219.108	1139	0.448658
900	219.352	1178	0.464021
901	219.596	1137	0.447871
902	219.839	1151	0.453385
903	220.083	1125	0.443144
904	220.327	1104	0.434872
905	220.571	1168	0.460082
906	220.815	1108	0.436447
907	221.059	1172	0.461657
908	221.303	1161	0.457324
909	221.547	1125	0.443144
910	221.790	1159	0.456536
911	222.034	1195	0.470717
912	222.278	1119	0.44078
913	222.522	1179	0.464415
914	222.766	1196	0.471111
915	223.010	1227	0.483322
916	223.254	1305	0.514047
917	223.497	1187	0.467566
918	223.741	1270	0.50026
919	223.985	1224	0.48214
920	224.229	1202	0.473474
921	224.473	1174	0.462445
922	224.717	1168	0.460082
923	224.961	1157	0.455749
924	225.205	1150	0.452991
925	225.448	1084	0.426994
926	225.692	1093	0.430539
927	225.936	1101	0.43369
928	226.180	1162	0.457718
929	226.424	1136	0.447477
930	226.668	1100	0.433296
931	226.912	1156	0.455355
932	227.155	1104	0.434872
933	227.399	1092	0.430145
934	227.643	1107	0.436053
935	227.887	1114	0.438811
936	228.131	1161	0.457324
937	228.375	1141	0.449446
938	228.619	1080	0.425418
939	228.862	1091	0.429751
940	229.106	1120	0.441174
941	229.350	1169	0.460476
942	229.594	1101	0.43369
943	229.838	1106	0.435659
944	230.082	1099	0.432902
945	230.326	1104	0.434872
946	230.570	1065	0.419509
947	230.813	1111	0.437629
948	231.057	1092	0.430145
949	231.301	1077	0.424236
950	231.545	1121	0.441568
951	231.789	1052	0.414389
952	232.033	1132	0.445901
953	232.277	1059	0.417146
954	232.520	1092	0.430145
955	232.764	1115	0.439205
956	233.008	1060	0.41754
957	233.252	1071	0.421873
958	233.496	1062	0.418328
959	233.740	1034	0.407298
960	233.984	1005	0.395875
961	234.228	1015	0.399814
962	234.471	1084	0.426994
963	234.715	1051	0.413995
964	234.959	1031	0.406117
965	235.203	1048	0.412813
966	235.447	1011	0.398238
967	235.691	1045	0.411631
968	235.935	1088	0.428569
969	236.178	1062	0.418328
970	236.422	1007	0.396663
971	236.666	1060	0.41754
972	236.910	1088	0.428569
973	237.154	1035	0.407692
974	237.398	959	0.377755
975	237.642	984	0.387603
976	237.885	1034	0.407298
977	238.129	994	0.391542
978	238.373	1020	0.401784
979	238.617	1068	0.420691
980	238.861	1005	0.395875
981	239.105	999	0.393512
982	239.349	1064	0.419115
983	239.593	1004	0.395481
984	239.836	1077	0.424236
985	240.080	1018	0.400996
986	240.324	1001	0.394299
987	240.568	985	0.387997
988	240.812	1008	0.397057
989	241.056	976	0.384452
990	241.300	1006	0.396269
991	241.543	1006	0.396269
992	241.787	1026	0.404147
993	242.031	1024	0.403359
994	242.275	983	0.387209
995	242.519	1014	0.39942
996	242.763	1040	0.409662
997	243.007	960	0.378149
998	243.250	993	0.391148
999	243.494	968	0.381301
1000	243.738	974	0.383664
1001	243.982	990	0.389966
1002	244.226	1004	0.395481
1003	244.470	984	0.387603
1004	244.714	984	0.387603
1005	244.958	957	0.376968
1006	245.201	982	0.386815
1007	245.445	966	0.380513
1008	245.689	968	0.381301
1009	245.933	1014	0.39942
1010	246.177	964	0.379725
1011	246.421	984	0.387603
1012	246.665	942	0.371059
1013	246.908	954	0.375786
1014	247.152	939	0.369877
1015	247.396	947	0.373029
1016	247.640	974	0.383664
1017	247.884	944	0.371847
1018	248.128	944	0.371847
1019	248.372	977	0.384846
1020	248.616	962	0.378937
1021	248.859	945	0.372241
1022	249.103	932	0.36712
1023	249.347	941	0.370665
1024	249.591	929	0.365938
1025	249.835	964	0.379725
1026	250.079	981	0.386421
1027	250.323	946	0.372635
1028	250.566	947	0.373029
1029	250.810	947	0.373029
1030	251.054	940	0.370271
1031	251.298	896	0.352939
1032	251.542	921	0.362787
1033	251.786	923	0.363575
1034	252.030	999	0.393512
1035	252.273	935	0.368302
1036	252.517	912	0.359242
1037	252.761	917	0.361211
1038	253.005	989	0.389573
1039	253.249	930	0.366332
1040	253.493	945	0.372241
1041	253.737	926	0.364756
1042	253.981	957	0.376968
1043	254.224	955	0.37618
1044	254.468	939	0.369877
1045	254.712	964	0.379725
1046	254.956	991	0.39036
1047	255.200	923	0.363575
1048	255.444	916	0.360817
1049	255.688	911	0.358848
1050	255.931	977	0.384846
1051	256.175	955	0.37618
1052	256.419	965	0.380119
1053	256.663	904	0.356091
1054	256.907	939	0.369877
1055	257.151	899	0.354121
1056	257.395	842	0.331668
1057	257.638	875	0.344667
1058	257.882	894	0.352152
1059	258.126	913	0.359636
1060	258.370	920	0.362393
1061	258.614	920	0.362393
1062	258.858	876	0.345061
1063	259.102	878	0.345849
1064	259.346	884	0.348212
1065	259.589	927	0.36515
1066	259.833	901	0.354909
1067	260.077	922	0.363181
1068	260.321	903	0.355697
1069	260.565	889	0.350182
1070	260.809	859	0.338365
1071	261.053	879	0.346243
1072	261.296	850	0.33482
1073	261.540	941	0.370665
1074	261.784	882	0.347425
1075	262.028	918	0.361605
1076	262.272	872	0.343486
1077	262.516	938	0.369483
1078	262.760	914	0.36003
1079	263.004	866	0.341122
1080	263.247	929	0.365938
1081	263.491	931	0.366726
1082	263.735	890	0.350576
1083	263.979	924	0.363969
1084	264.223	906	0.356878
1085	264.467	891	0.35097
1086	264.711	930	0.366332
1087	264.954	911	0.358848
1088	265.198	915	0.360424
1089	265.442	865	0.340728
1090	265.686	858	0.337971
1091	265.930	840	0.330881
1092	266.174	833	0.328123
1093	266.418	859	0.338365
1094	266.661	871	0.343092
1095	266.905	827	0.32576
1096	267.149	940	0.370271
1097	267.393	853	0.336001
1098	267.637	863	0.33994
1099	267.881	903	0.355697
1100	268.125	926	0.364756
1101	268.369	881	0.347031
1102	268.612	862	0.339547
1103	268.856	898	0.353727
1104	269.100	892	0.351364
1105	269.344	908	0.357666
1106	269.588	847	0.333638
1107	269.832	886	0.349
1108	270.076	884	0.348212
1109	270.319	868	0.34191
1110	270.563	816	0.321427
1111	270.807	865	0.340728
1112	271.051	883	0.347819
1113	271.295	887	0.349394
1114	271.539	882	0.347425
1115	271.783	858	0.337971
1116	272.026	880	0.346637
1117	272.270	876	0.345061
1118	272.514	826	0.325366
1119	272.758	879	0.346243
1120	273.002	904	0.356091
1121	273.246	901	0.354909
1122	273.490	826	0.325366
1123	273.734	861	0.339153
1124	273.977	917	0.361211
1125	274.221	894	0.352152
1126	274.465	924	0.363969
1127	274.709	972	0.382876
1128	274.953	1012	0.398632
1129	275.197	1129	0.444719
1130	275.441	1337	0.526652
1131	275.684	1467	0.577859
1132	275.928	1809	0.712575
1133	276.172	2037	0.802385
1134	276.416	2325	0.91583
1135	276.660	2412	0.9501
1136	276.904	2335	0.919769
1137	277.148	2328	0.917012
1138	277.392	2078	0.818536
1139	277.635	1833	0.722029
1140	277.879	1472	0.579829
1141	278.123	1341	0.528227
1142	278.367	1142	0.44984
1143	278.611	1004	0.395481
1144	278.855	944	0.371847
1145	279.099	906	0.356878
1146	279.342	802	0.315912
1147	279.586	847	0.333638
1148	279.830	873	0.343879
1149	280.074	826	0.325366
1150	280.318	902	0.355303
1151	280.562	870	0.342698
1152	280.806	813	0.320245
1153	281.049	866	0.341122
1154	281.293	922	0.363181
1155	281.537	872	0.343486
1156	281.781	803	0.316306
1157	282.025	856	0.337183
1158	282.269	878	0.345849
1159	282.513	836	0.329305
1160	282.757	887	0.349394
1161	283.000	840	0.330881
1162	283.244	804	0.3167
1163	283.488	816	0.321427
1164	283.732	858	0.337971
1165	283.976	879	0.346243
1166	284.220	825	0.324972
1167	284.464	835	0.328911
1168	284.707	915	0.360424
1169	284.951	877	0.345455
1170	285.195	890	0.350576
1171	285.439	875	0.344667
1172	285.683	821	0.323396
1173	285.927	898	0.353727
1174	286.171	874	0.344273
1175	286.415	836	0.329305
1176	286.658	862	0.339547
1177	286.902	801	0.315518
1178	287.146	883	0.347819
1179	287.390	851	0.335214
1180	287.634	842	0.331668
1181	287.878	855	0.336789
1182	288.122	834	0.328517
1183	288.365	790	0.311185
1184	288.609	881	0.347031
1185	288.853	833	0.328123
1186	289.097	910	0.358454
1187	289.341	832	0.327729
1188	289.585	856	0.337183
1189	289.829	862	0.339547
1190	290.072	837	0.329699
1191	290.316	865	0.340728
1192	290.560	866	0.341122
1193	290.804	815	0.321033
1194	291.048	813	0.320245
1195	291.292	832	0.327729
1196	291.536	840	0.330881
1197	291.780	835	0.328911
1198	292.023	840	0.330881
1199	292.267	847	0.333638
1200	292.511	855	0.336789
1201	292.755	790	0.311185
1202	292.999	827	0.32576
1203	293.243	846	0.333244
1204	293.487	895	0.352545
1205	293.730	811	0.319457
1206	293.974	828	0.326154
1207	294.218	834	0.328517
1208	294.462	866	0.341122
1209	294.706	831	0.327335
1210	294.950	853	0.336001
1211	295.194	829	0.326548
1212	295.437	840	0.330881
1213	295.681	831	0.327335
1214	295.925	829	0.326548
1215	296.169	847	0.333638
1216	296.413	840	0.330881
1217	296.657	831	0.327335
1218	296.901	860	0.338759
1219	297.145	914	0.36003
1220	297.388	811	0.319457
1221	297.632	914	0.36003
1222	297.876	842	0.331668
1223	298.120	836	0.329305
1224	298.364	819	0.322609
1225	298.608	860	0.338759
1226	298.852	856	0.337183
1227	299.095	823	0.324184
1228	299.339	837	0.329699
1229	299.583	791	0.311579
1230	299.827	827	0.32576
1231	300.071	792	0.311973
1232	300.315	832	0.327729
1233	300.559	873	0.343879
1234	300.803	877	0.345455
1235	301.046	928	0.365544
1236	301.290	1026	0.404147
1237	301.534	1248	0.491594
1238	301.778	1477	0.581798
1239	302.022	2031	0.800022
1240	302.266	2574	1.01391
1241	302.510	3169	1.24829
1242	302.753	3817	1.50354
1243	302.997	4229	1.66583
1244	303.241	4530	1.78439
1245	303.485	4318	1.70088
1246	303.729	4128	1.62604
1247	303.973	3421	1.34755
1248	304.217	2864	1.12815
1249	304.460	2303	0.907164
1250	304.704	1772	0.698001
1251	304.948	1431	0.563679
1252	305.192	1139	0.448658
1253	305.436	1016	0.400208
1254	305.680	932	0.36712
1255	305.924	875	0.344667
1256	306.168	946	0.372635
1257	306.411	996	0.39233
1258	306.655	987	0.388785
1259	306.899	1026	0.404147
1260	307.143	1064	0.419115
1261	307.387	1131	0.445507
1262	307.631	1121	0.441568
1263	307.875	1109	0.436841
1264	308.118	1082	0.426206
1265	308.362	1108	0.436447
1266	308.606	981	0.386421
1267	308.850	966	0.380513
1268	309.094	935	0.368302
1269	309.338	858	0.337971
1270	309.582	878	0.345849
1271	309.825	889	0.350182
1272	310.069	879	0.346243
1273	310.313	922	0.363181
1274	310.557	938	0.369483
1275	310.801	875	0.344667
1276	311.045	957	0.376968
1277	311.289	933	0.367514
1278	311.533	977	0.384846
1279	311.776	913	0.359636
1280	312.020	919	0.361999
1281	312.264	915	0.360424
1282	312.508	902	0.355303
1283	312.752	947	0.373029
1284	312.996	873	0.343879
1285	313.240	871	0.343092
1286	313.483	876	0.345061
1287	313.727	870	0.342698
1288	313.971	831	0.327335
1289	314.215	855	0.336789
1290	314.459	792	0.311973
1291	314.703	850	0.33482
1292	314.947	870	0.342698
1293	315.191	862	0.339547
1294	315.434	802	0.315912
1295	315.678	858	0.337971
1296	315.922	821	0.323396
1297	316.166	853	0.336001
1298	316.410	845	0.33285
1299	316.654	850	0.33482
1300	316.898	810	0.319063
1301	317.141	871	0.343092
1302	317.385	904	0.356091
1303	317.629	898	0.353727
1304	317.873	866	0.341122
1305	318.117	931	0.366726
1306	318.361	1060	0.41754
1307	318.605	1313	0.517198
1308	318.848	1647	0.648762
1309	319.092	2299	0.905589
1310	319.336	3057	1.20417
1311	319.580	4263	1.67922
1312	319.824	5291	2.08415
1313	320.068	6123	2.41188
1314	320.312	7081	2.78924
1315	320.556	7226	2.84636
1316	320.799	6939	2.73331
1317	321.043	6220	2.45009
1318	321.287	5246	2.06643
1319	321.531	4018	1.58271
1320	321.775	2989	1.17738
1321	322.019	2276	0.896529
1322	322.263	1658	0.653095
1323	322.506	1304	0.513653
1324	322.750	1067	0.420297
1325	322.994	945	0.372241
1326	323.238	973	0.38327
1327	323.482	878	0.345849
1328	323.726	895	0.352545
1329	323.970	889	0.350182
1330	324.213	867	0.341516
1331	324.457	904	0.356091
1332	324.701	893	0.351758
1333	324.945	868	0.34191
1334	325.189	888	0.349788
1335	325.433	835	0.328911
1336	325.677	897	0.353333
1337	325.921	922	0.363181
1338	326.164	873	0.343879
1339	326.408	804	0.3167
1340	326.652	849	0.334426
1341	326.896	925	0.364363
1342	327.140	887	0.349394
1343	327.384	897	0.353333
1344	327.628	909	0.35806
1345	327.871	912	0.359242
1346	328.115	843	0.332062
1347	328.359	903	0.355697
1348	328.603	866	0.341122
1349	328.847	916	0.360817
1350	329.091	861	0.339153
1351	329.335	853	0.336001
1352	329.579	878	0.345849
1353	329.822	898	0.353727
1354	330.066	908	0.357666
1355	330.310	931	0.366726
1356	330.554	861	0.339153
1357	330.798	899	0.354121
1358	331.042	922	0.363181
1359	331.286	910	0.358454
1360	331.529	909	0.35806
1361	331.773	1002	0.394693
1362	332.017	947	0.373029
1363	332.261	1006	0.396269
1364	332.505	1034	0.407298
1365	332.749	1109	0.436841
1366	332.993	1145	0.451022
1367	333.236	1266	0.498684
1368	333.480	1355	0.533742
1369	333.724	1454	0.572739
1370	333.968	1422	0.560134
1371	334.212	1485	0.58495
1372	334.456	1406	0.553831
1373	334.700	1439	0.56683
1374	334.944	1312	0.516804
1375	335.187	1150	0.452991
1376	335.431	1112	0.438023
1377	335.675	1029	0.405329
1378	335.919	959	0.377755
1379	336.163	913	0.359636
1380	336.407	872	0.343486
1381	336.651	924	0.363969
1382	336.894	903	0.355697
1383	337.138	937	0.369089
1384	337.382	996	0.39233
1385	337.626	997	0.392724
1386	337.870	1019	0.40139
1387	338.114	1038	0.408874
1388	338.358	1014	0.39942
1389	338.602	1019	0.40139
1390	338.845	1020	0.401784
1391	339.089	1017	0.400602
1392	339.333	995	0.391936
1393	339.577	924	0.363969
1394	339.821	976	0.384452
1395	340.065	864	0.340334
1396	340.309	885	0.348606
1397	340.552	809	0.31867
1398	340.796	895	0.352545
1399	341.040	836	0.329305
1400	341.284	854	0.336395
1401	341.528	832	0.327729
1402	341.772	821	0.323396
1403	342.016	878	0.345849
1404	342.259	844	0.332456
1405	342.503	824	0.324578
1406	342.747	831	0.327335
1407	342.991	850	0.33482
1408	343.235	829	0.326548
1409	343.479	779	0.306852
1410	343.723	782	0.308034
1411	343.967	802	0.315912
1412	344.210	764	0.300944
1413	344.454	795	0.313155
1414	344.698	837	0.329699
1415	344.942	788	0.310398
1416	345.186	758	0.29858
1417	345.430	755	0.297399
1418	345.674	765	0.301338
1419	345.917	766	0.301732
1420	346.161	719	0.283218
1421	346.405	732	0.288339
1422	346.649	803	0.316306
1423	346.893	747	0.294247
1424	347.137	752	0.296217
1425	347.381	721	0.284006
1426	347.624	731	0.287945
1427	347.868	698	0.274946
1428	348.112	750	0.295429
1429	348.356	728	0.286763
1430	348.600	762	0.300156
1431	348.844	759	0.298974
1432	349.088	744	0.293066
1433	349.332	705	0.277703
1434	349.575	679	0.267462
1435	349.819	719	0.283218
1436	350.063	725	0.285581
1437	350.307	719	0.283218
1438	350.551	711	0.280067
1439	350.795	735	0.289521
1440	351.039	718	0.282824
1441	351.282	663	0.261159
1442	351.526	736	0.289914
1443	351.770	669	0.263523
1444	352.014	735	0.289521
1445	352.258	698	0.274946
1446	352.502	707	0.278491
1447	352.746	711	0.280067
1448	352.990	656	0.258402
1449	353.233	727	0.286369
1450	353.477	704	0.277309
1451	353.721	769	0.302913
1452	353.965	882	0.347425
1453	354.209	964	0.379725
1454	354.453	1245	0.490412
1455	354.697	1841	0.72518
1456	354.940	2583	1.01746
1457	355.184	3794	1.49448
1458	355.428	5621	2.21414
1459	355.672	7561	2.97832
1460	355.916	9109	3.58809
1461	356.160	10918	4.30066
1462	356.404	11622	4.57797
1463	356.647	11748	4.6276
1464	356.891	10879	4.2853
1465	357.135	9359	3.68656
1466	357.379	7624	3.00314
1467	357.623	5535	2.18027
1468	357.867	3961	1.56026
1469	358.111	2649	1.04346
1470	358.355	1801	0.709424
1471	358.598	1269	0.499866
1472	358.842	971	0.382482
1473	359.086	841	0.331275
1474	359.330	756	0.297793
1475	359.574	705	0.277703
1476	359.818	691	0.272189
1477	360.062	701	0.276128
1478	360.305	661	0.260372
1479	360.549	727	0.286369
1480	360.793	706	0.278097
1481	361.037	660	0.259978
1482	361.281	643	0.253281
1483	361.525	631	0.248554
1484	361.769	686	0.270219
1485	362.012	640	0.2521
1486	362.256	684	0.269431
1487	362.500	670	0.263917
1488	362.744	707	0.278491
1489	362.988	693	0.272977
1490	363.232	712	0.280461
1491	363.476	700	0.275734
1492	363.720	686	0.270219
1493	363.963	726	0.285975
1494	364.207	725	0.285581
1495	364.451	702	0.276522
1496	364.695	655	0.258008
1497	364.939	733	0.288733
1498	365.183	694	0.27337
1499	365.427	694	0.27337
1500	365.670	672	0.264704
1501	365.914	696	0.274158
1502	366.158	672	0.264704
1503	366.402	676	0.26628
1504	366.646	615	0.242252
1505	366.890	659	0.259584
1506	367.134	730	0.287551
1507	367.378	656	0.258402
1508	367.621	650	0.256039
1509	367.865	671	0.264311
1510	368.109	697	0.274552
1511	368.353	698	0.274946
1512	368.597	691	0.272189
1513	368.841	667	0.262735
1514	369.085	701	0.276128
1515	369.328	640	0.2521
1516	369.572	622	0.245009
1517	369.816	647	0.254857
1518	370.060	688	0.271007
1519	370.304	666	0.262341
1520	370.548	651	0.256432
1521	370.792	608	0.239495
1522	371.035	614	0.241858
1523	371.279	627	0.246979
1524	371.523	659	0.259584
1525	371.767	594	0.23398
1526	372.011	685	0.269825
1527	372.255	601	0.236737
1528	372.499	648	0.255251
1529	372.743	644	0.253675
1530	372.986	606	0.238707
1531	373.230	663	0.261159
1532	373.474	610	0.240282
1533	373.718	662	0.260765
1534	373.962	619	0.243828
1535	374.206	648	0.255251
1536	374.450	629	0.247767
1537	374.693	660	0.259978
1538	374.937	615	0.242252
1539	375.181	656	0.258402
1540	375.425	647	0.254857
1541	375.669	679	0.267462
1542	375.913	656	0.258402
1543	376.157	649	0.255645
1544	376.401	643	0.253281
1545	376.644	599	0.235949
1546	376.888	687	0.270613
1547	377.132	677	0.266674
1548	377.376	707	0.278491
1549	377.620	687	0.270613
1550	377.864	681	0.26825
1551	378.108	721	0.284006
1552	378.351	651	0.256432
1553	378.595	654	0.257614
1554	378.839	633	0.249342
1555	379.083	651	0.256432
1556	379.327	618	0.243434
1557	379.571	695	0.273764
1558	379.815	608	0.239495
1559	380.058	630	0.24816
1560	380.302	558	0.219799
1561	380.546	622	0.245009
1562	380.790	583	0.229647
1563	381.034	643	0.253281
1564	381.278	662	0.260765
1565	381.522	698	0.274946
1566	381.766	663	0.261159
1567	382.009	665	0.261947
1568	382.253	707	0.278491
1569	382.497	733	0.288733
1570	382.741	937	0.369089
1571	382.985	1032	0.40651
1572	383.229	1337	0.526652
1573	383.473	1647	0.648762
1574	383.716	1925	0.758268
1575	383.960	2184	0.86029
1576	384.204	2359	0.929223
1577	384.448	2407	0.948131
1578	384.692	2361	0.930011
1579	384.936	2166	0.853199
1580	385.180	1888	0.743694
1581	385.423	1720	0.677517
1582	385.667	1473	0.580223
1583	385.911	1323	0.521137
1584	386.155	1404	0.553043
1585	386.399	1530	0.602675
1586	386.643	1727	0.680275
1587	386.887	1743	0.686577
1588	387.131	1929	0.759844
1589	387.374	1993	0.785054
1590	387.618	1927	0.759056
1591	387.862	1969	0.7756
1592	388.106	1599	0.629855
1593	388.350	1376	0.542014
1594	388.594	1120	0.441174
1595	388.838	979	0.385633
1596	389.081	859	0.338365
1597	389.325	748	0.294641
1598	389.569	718	0.282824
1599	389.813	674	0.265492
1600	390.057	724	0.285188
1601	390.301	756	0.297793
1602	390.545	789	0.310791
1603	390.789	858	0.337971
1604	391.032	841	0.331275
1605	391.276	906	0.356878
1606	391.520	937	0.369089
1607	391.764	884	0.348212
1608	392.008	876	0.345061
1609	392.252	813	0.320245
1610	392.496	807	0.317882
1611	392.739	723	0.284794
1612	392.983	673	0.265098
1613	393.227	628	0.247373
1614	393.471	638	0.251312
1615	393.715	631	0.248554
1616	393.959	621	0.244615
1617	394.203	565	0.222557
1618	394.446	604	0.237919
1619	394.690	577	0.227283
1620	394.934	554	0.218224
1621	395.178	561	0.220981
1622	395.422	569	0.224132
1623	395.666	567	0.223344
1624	395.910	584	0.230041
1625	396.154	547	0.215466
1626	396.397	569	0.224132
1627	396.641	567	0.223344
1628	396.885	559	0.220193
1629	397.129	575	0.226496
1630	397.373	591	0.232798
1631	397.617	535	0.210739
1632	397.861	574	0.226102
1633	398.104	561	0.220981
1634	398.348	557	0.219405
1635	398.592	552	0.217436
1636	398.836	569	0.224132
1637	399.080	571	0.22492
1638	399.324	570	0.224526
1639	399.568	568	0.223738
1640	399.811	578	0.227677
1641	400.055	576	0.22689
1642	400.299	537	0.211527
1643	400.543	577	0.227283
1644	400.787	569	0.224132
1645	401.031	592	0.233192
1646	401.275	580	0.228465
1647	401.519	612	0.24107
1648	401.762	587	0.231223
1649	402.006	553	0.21783
1650	402.250	595	0.234374
1651	402.494	561	0.220981
1652	402.738	574	0.226102
1653	402.982	540	0.212709
1654	403.226	541	0.213103
1655	403.469	570	0.224526
1656	403.713	555	0.218618
1657	403.957	557	0.219405
1658	404.201	613	0.241464
1659	404.445	538	0.211921
1660	404.689	546	0.215072
1661	404.933	544	0.214285
1662	405.177	573	0.225708
1663	405.420	599	0.235949
1664	405.664	563	0.221769
1665	405.908	586	0.230829
1666	406.152	568	0.223738
1667	406.396	560	0.220587
1668	406.640	549	0.216254
1669	406.884	561	0.220981
1670	407.127	560	0.220587
1671	407.371	579	0.228071
1672	407.615	605	0.238313
1673	407.859	583	0.229647
1674	408.103	602	0.237131
1675	408.347	611	0.240676
1676	408.591	550	0.216648
1677	408.834	605	0.238313
1678	409.078	554	0.218224
1679	409.322	592	0.233192
1680	409.566	529	0.208376
1681	409.810	593	0.233586
1682	410.054	548	0.21586
1683	410.298	509	0.200498
1684	410.542	549	0.216254
1685	410.785	595	0.234374
1686	411.029	563	0.221769
1687	411.273	599	0.235949
1688	411.517	559	0.220193
1689	411.761	574	0.226102
1690	412.005	553	0.21783
1691	412.249	541	0.213103
1692	412.492	554	0.218224
1693	412.736	578	0.227677
1694	412.980	531	0.209164
1695	413.224	574	0.226102
1696	413.468	590	0.232404
1697	413.712	624	0.245797
1698	413.956	630	0.24816
1699	414.199	667	0.262735
1700	414.443	669	0.263523
1701	414.687	728	0.286763
1702	414.931	748	0.294641
1703	415.175	742	0.292278
1704	415.419	758	0.29858
1705	415.663	757	0.298186
1706	415.907	713	0.280855
1707	416.150	670	0.263917
1708	416.394	659	0.259584
1709	416.638	637	0.250918
1710	416.882	586	0.230829
1711	417.126	629	0.247767
1712	417.370	605	0.238313
1713	417.614	594	0.23398
1714	417.857	610	0.240282
1715	418.101	605	0.238313
1716	418.345	609	0.239888
1717	418.589	648	0.255251
1718	418.833	583	0.229647
1719	419.077	647	0.254857
1720	419.321	636	0.250524
1721	419.565	649	0.255645
1722	419.808	628	0.247373
1723	420.052	618	0.243434
1724	420.296	566	0.222951
1725	420.540	564	0.222163
1726	420.784	636	0.250524
1727	421.028	597	0.235162
1728	421.272	570	0.224526
1729	421.515	601	0.236737
1730	421.759	605	0.238313
1731	422.003	567	0.223344
1732	422.247	589	0.23201
1733	422.491	600	0.236343
1734	422.735	564	0.222163
1735	422.979	559	0.220193
1736	423.222	564	0.222163
1737	423.466	580	0.228465
1738	423.710	582	0.229253
1739	423.954	509	0.200498
1740	424.198	564	0.222163
1741	424.442	585	0.230435
1742	424.686	562	0.221375
1743	424.930	585	0.230435
1744	425.173	562	0.221375
1745	425.417	548	0.21586
1746	425.661	589	0.23201
1747	425.905	570	0.224526
1748	426.149	537	0.211527
1749	426.393	531	0.209164
1750	426.637	568	0.223738
1751	426.880	539	0.212315
1752	427.124	585	0.230435
1753	427.368	584	0.230041
1754	427.612	576	0.22689
1755	427.856	538	0.211921
1756	428.100	547	0.215466
1757	428.344	580	0.228465
1758	428.588	550	0.216648
1759	428.831	560	0.220587
1760	429.075	560	0.220587
1761	429.319	556	0.219011
1762	429.563	543	0.213891
1763	429.807	545	0.214678
1764	430.051	566	0.222951
1765	430.295	549	0.216254
1766	430.538	609	0.239888
1767	430.782	565	0.222557
1768	431.026	562	0.221375
1769	431.270	560	0.220587
1770	431.514	540	0.212709
1771	431.758	564	0.222163
1772	432.002	547	0.215466
1773	432.245	596	0.234768
1774	432.489	570	0.224526
1775	432.733	512	0.20168
1776	432.977	532	0.209558
1777	433.221	531	0.209164
1778	433.465	552	0.217436
1779	433.709	594	0.23398
1780	433.953	593	0.233586
1781	434.196	561	0.220981
1782	434.440	573	0.225708
1783	434.684	533	0.209952
1784	434.928	530	0.20877
1785	435.172	611	0.240676
1786	435.416	636	0.250524
1787	435.660	596	0.234768
1788	435.903	641	0.252493
1789	436.147	675	0.265886
1790	436.391	804	0.3167
1791	436.635	946	0.372635
1792	436.879	1033	0.406904
1793	437.123	1138	0.448264
1794	437.367	1153	0.454173
1795	437.610	1216	0.478989
1796	437.854	1127	0.443931
1797	438.098	1138	0.448264
1798	438.342	1001	0.394299
1799	438.586	866	0.341122
1800	438.830	766	0.301732
1801	439.074	730	0.287551
1802	439.318	662	0.260765
1803	439.561	633	0.249342
1804	439.805	640	0.2521
1805	440.049	562	0.221375
1806	440.293	568	0.223738
1807	440.537	583	0.229647
1808	440.781	599	0.235949
1809	441.025	552	0.217436
1810	441.268	572	0.225314
1811	441.512	559	0.220193
1812	441.756	497	0.195771
1813	442.000	575	0.226496
1814	442.244	578	0.227677
1815	442.488	521	0.205225
1816	442.732	554	0.218224
1817	442.976	596	0.234768
1818	443.219	597	0.235162
1819	443.463	543	0.213891
1820	443.707	564	0.222163
1821	443.951	525	0.2068
1822	444.195	570	0.224526
1823	444.439	563	0.221769
1824	444.683	573	0.225708
1825	444.926	548	0.21586
1826	445.170	513	0.202074
1827	445.414	529	0.208376
1828	445.658	559	0.220193
1829	445.902	543	0.213891
1830	446.146	556	0.219011
1831	446.390	536	0.211133
1832	446.633	578	0.227677
1833	446.877	584	0.230041
1834	447.121	544	0.214285
1835	447.365	619	0.243828
1836	447.609	560	0.220587
1837	447.853	584	0.230041
1838	448.097	568	0.223738
1839	448.341	567	0.223344
1840	448.584	550	0.216648
1841	448.828	597	0.235162
1842	449.072	572	0.225314
1843	449.316	584	0.230041
1844	449.560	563	0.221769
1845	449.804	568	0.223738
1846	450.048	565	0.222557
1847	450.291	565	0.222557
1848	450.535	571	0.22492
1849	450.779	596	0.234768
1850	451.023	579	0.228071
1851	451.267	571	0.22492
1852	451.511	588	0.231616
1853	451.755	594	0.23398
1854	451.998	617	0.24304
1855	452.242	581	0.228859
1856	452.486	578	0.227677
1857	452.730	561	0.220981
1858	452.974	620	0.244221
1859	453.218	574	0.226102
1860	453.462	615	0.242252
1861	453.706	528	0.207982
1862	453.949	560	0.220587
1863	454.193	587	0.231223
1864	454.437	578	0.227677
1865	454.681	616	0.242646
1866	454.925	579	0.228071
1867	455.169	547	0.215466
1868	455.413	581	0.228859
1869	455.656	589	0.23201
1870	455.900	544	0.214285
1871	456.144	569	0.224132
1872	456.388	604	0.237919
1873	456.632	606	0.238707
1874	456.876	565	0.222557
1875	457.120	554	0.218224
1876	457.364	563	0.221769
1877	457.607	613	0.241464
1878	457.851	580	0.228465
1879	458.095	606	0.238707
1880	458.339	604	0.237919
1881	458.583	562	0.221375
1882	458.827	565	0.222557
1883	459.071	625	0.246191
1884	459.314	575	0.226496
1885	459.558	628	0.247373
1886	459.802	552	0.217436
1887	460.046	601	0.236737
1888	460.290	585	0.230435
1889	460.534	561	0.220981
1890	460.778	567	0.223344
1891	461.021	584	0.230041
1892	461.265	579	0.228071
1893	461.509	571	0.22492
1894	461.753	601	0.236737
1895	461.997	591	0.232798
1896	462.241	578	0.227677
1897	462.485	611	0.240676
1898	462.729	581	0.228859
1899	462.972	598	0.235555
1900	463.216	623	0.245403
1901	463.460	612	0.24107
1902	463.704	585	0.230435
1903	463.948	584	0.230041
1904	464.192	600	0.236343
1905	464.436	599	0.235949
1906	464.679	598	0.235555
1907	464.923	617	0.24304
1908	465.167	587	0.231223
1909	465.411	609	0.239888
1910	465.655	632	0.248948
1911	465.899	604	0.237919
1912	466.143	590	0.232404
1913	466.386	638	0.251312
1914	466.630	632	0.248948
1915	466.874	624	0.245797
1916	467.118	582	0.229253
1917	467.362	615	0.242252
1918	467.606	639	0.251706
1919	467.850	657	0.258796
1920	468.094	572	0.225314
1921	468.337	652	0.256826
1922	468.581	664	0.261553
1923	468.825	643	0.253281
1924	469.069	603	0.237525
1925	469.313	616	0.242646
1926	469.557	608	0.239495
1927	469.801	589	0.23201
1928	470.044	620	0.244221
1929	470.288	610	0.240282
1930	470.532	616	0.242646
1931	470.776	584	0.230041
1932	471.020	648	0.255251
1933	471.264	587	0.231223
1934	471.508	622	0.245009
1935	471.752	597	0.235162
1936	471.995	618	0.243434
1937	472.239	600	0.236343
1938	472.483	615	0.242252
1939	472.727	622	0.245009
1940	472.971	626	0.246585
1941	473.215	611	0.240676
1942	473.459	626	0.246585
1943	473.702	617	0.24304
1944	473.946	613	0.241464
1945	474.190	612	0.24107
1946	474.434	569	0.224132
1947	474.678	547	0.215466
1948	474.922	599	0.235949
1949	475.166	623	0.245403
1950	475.409	581	0.228859
1951	475.653	611	0.240676
1952	475.897	555	0.218618
1953	476.141	564	0.222163
1954	476.385	569	0.224132
1955	476.629	534	0.210346
1956	476.873	587	0.231223
1957	477.117	569	0.224132
1958	477.360	559	0.220193
1959	477.604	572	0.225314
1960	477.848	556	0.219011
1961	478.092	598	0.235555
1962	478.336	592	0.233192
1963	478.580	506	0.199316
1964	478.824	485	0.191044
1965	479.067	522	0.205619
1966	479.311	552	0.217436
1967	479.555	563	0.221769
1968	479.799	539	0.212315
1969	480.043	516	0.203255
1970	480.287	522	0.205619
1971	480.531	535	0.210739
1972	480.775	528	0.207982
1973	481.018	520	0.204831
1974	481.262	559	0.220193
1975	481.506	566	0.222951
1976	481.750	513	0.202074
1977	481.994	525	0.2068
1978	482.238	501	0.197347
1979	482.482	570	0.224526
1980	482.725	525	0.2068
1981	482.969	537	0.211527
1982	483.213	494	0.194589
1983	483.457	521	0.205225
1984	483.701	471	0.185529
1985	483.945	494	0.194589
1986	484.189	471	0.185529
1987	484.432	540	0.212709
1988	484.676	531	0.209164
1989	484.920	543	0.213891
1990	485.164	518	0.204043
1991	485.408	476	0.187499
1992	485.652	509	0.200498
1993	485.896	485	0.191044
1994	486.140	459	0.180803
1995	486.383	480	0.189075
1996	486.627	482	0.189862
1997	486.871	470	0.185136
1998	487.115	531	0.209164
1999	487.359	466	0.18356
2000	487.603	469	0.184742
2001	487.847	448	0.17647
2002	488.090	519	0.204437
2003	488.334	495	0.194983
2004	488.578	509	0.200498
2005	488.822	504	0.198528
2006	489.066	493	0.194195
2007	489.310	510	0.200892
2008	489.554	523	0.206013
2009	489.797	463	0.182378
2010	490.041	496	0.195377
2011	490.285	482	0.189862
2012	490.529	493	0.194195
2013	490.773	473	0.186317
2014	491.017	494	0.194589
2015	491.261	446	0.175682
2016	491.505	474	0.186711
2017	491.748	489	0.19262
2018	491.992	499	0.196559
2019	492.236	463	0.182378
2020	492.480	513	0.202074
2021	492.724	475	0.187105
2022	492.968	513	0.202074
2023	493.212	481	0.189469
2024	493.455	479	0.188681
2025	493.699	472	0.185923
2026	493.943	465	0.183166
2027	494.187	449	0.176864
2028	494.431	477	0.187893
2029	494.675	530	0.20877
2030	494.919	457	0.180015
2031	495.163	428	0.168592
2032	495.406	447	0.176076
2033	495.650	472	0.185923
2034	495.894	488	0.192226
2035	496.138	455	0.179227
2036	496.382	477	0.187893
2037	496.626	470	0.185136
2038	496.870	449	0.176864
2039	497.113	502	0.197741
2040	497.357	476	0.187499
2041	497.601	450	0.177257
2042	497.845	477	0.187893
2043	498.089	454	0.178833
2044	498.333	478	0.188287
2045	498.577	490	0.193014
2046	498.820	464	0.182772
2047	499.064	500	0.196953
2048	499.308	469	0.184742
2049	499.552	488	0.192226
2050	499.796	445	0.175288
2051	500.040	447	0.176076
2052	500.284	480	0.189075
2053	500.528	447	0.176076
2054	500.771	465	0.183166
2055	501.015	434	0.170955
2056	501.259	442	0.174106
2057	501.503	443	0.1745
2058	501.747	448	0.17647
2059	501.991	483	0.190256
2060	502.235	437	0.172137
2061	502.478	502	0.197741
2062	502.722	496	0.195377
2063	502.966	506	0.199316
2064	503.210	433	0.170561
2065	503.454	483	0.190256
2066	503.698	441	0.173712
2067	503.942	420	0.16544
2068	504.185	494	0.194589
2069	504.429	479	0.188681
2070	504.673	451	0.177651
2071	504.917	449	0.176864
2072	505.161	533	0.209952
2073	505.405	478	0.188287
2074	505.649	486	0.191438
2075	505.893	456	0.179621
2076	506.136	474	0.186711
2077	506.380	446	0.175682
2078	506.624	453	0.178439
2079	506.868	436	0.171743
2080	507.112	461	0.18159
2081	507.356	478	0.188287
2082	507.600	486	0.191438
2083	507.843	472	0.185923
2084	508.087	479	0.188681
2085	508.331	459	0.180803
2086	508.575	489	0.19262
2087	508.819	459	0.180803
2088	509.063	462	0.181984
2089	509.307	474	0.186711
2090	509.551	485	0.191044
2091	509.794	516	0.203255
2092	510.038	518	0.204043
2093	510.282	561	0.220981
2094	510.526	562	0.221375
2095	510.770	564	0.222163
2096	511.014	586	0.230829
2097	511.258	628	0.247373
2098	511.501	626	0.246585
2099	511.745	647	0.254857
2100	511.989	751	0.295823
2101	512.233	870	0.342698
2102	512.477	1228	0.483716
2103	512.721	1878	0.739755
2104	512.965	2735	1.07733
2105	513.208	4126	1.62525
2106	513.452	6187	2.43709
2107	513.696	8529	3.35962
2108	513.940	10868	4.28096
2109	514.184	13264	5.22476
2110	514.428	14972	5.89755
2111	514.672	15656	6.16698
2112	514.916	14984	5.90228
2113	515.159	13748	5.41541
2114	515.403	11237	4.42632
2115	515.647	8817	3.47306
2116	515.891	6348	2.50051
2117	516.135	4487	1.76745
2118	516.379	2892	1.13917
2119	516.623	1864	0.73424
2120	516.866	1273	0.501442
2121	517.110	916	0.360817
2122	517.354	736	0.289914
2123	517.598	666	0.262341
2124	517.842	588	0.231616
2125	518.086	586	0.230829
2126	518.330	542	0.213497
2127	518.573	596	0.234768
2128	518.817	542	0.213497
2129	519.061	545	0.214678
2130	519.305	562	0.221375
2131	519.549	534	0.210346
2132	519.793	533	0.209952
2133	520.037	547	0.215466
2134	520.281	507	0.19971
2135	520.524	573	0.225708
2136	520.768	527	0.207588
2137	521.012	540	0.212709
2138	521.256	567	0.223344
2139	521.500	515	0.202861
2140	521.744	526	0.207194
2141	521.988	513	0.202074
2142	522.231	545	0.214678
2143	522.475	565	0.222557
2144	522.719	530	0.20877
2145	522.963	523	0.206013
2146	523.207	531	0.209164
2147	523.451	574	0.226102
2148	523.695	576	0.22689
2149	523.939	548	0.21586
2150	524.182	571	0.22492
2151	524.426	551	0.217042
2152	524.670	601	0.236737
2153	524.914	616	0.242646
2154	525.158	596	0.234768
2155	525.402	631	0.248554
2156	525.646	708	0.278885
2157	525.889	653	0.25722
2158	526.133	694	0.27337
2159	526.377	680	0.267856
2160	526.621	736	0.289914
2161	526.865	768	0.302519
2162	527.109	800	0.315124
2163	527.353	815	0.321033
2164	527.596	792	0.311973
2165	527.840	768	0.302519
2166	528.084	770	0.303307
2167	528.328	800	0.315124
2168	528.572	666	0.262341
2169	528.816	692	0.272583
2170	529.060	649	0.255645
2171	529.304	645	0.254069
2172	529.547	556	0.219011
2173	529.791	543	0.213891
2174	530.035	545	0.214678
2175	530.279	521	0.205225
2176	530.523	522	0.205619
2177	530.767	495	0.194983
2178	531.011	491	0.193408
2179	531.254	490	0.193014
2180	531.498	434	0.170955
2181	531.742	466	0.18356
2182	531.986	440	0.173318
2183	532.230	447	0.176076
2184	532.474	432	0.170167
2185	532.718	478	0.188287
2186	532.962	429	0.168985
2187	533.205	449	0.176864
2188	533.449	447	0.176076
2189	533.693	464	0.182772
2190	533.937	475	0.187105
2191	534.181	435	0.171349
2192	534.425	484	0.19065
2193	534.669	441	0.173712
2194	534.912	440	0.173318
2195	535.156	452	0.178045
2196	535.400	446	0.175682
2197	535.644	437	0.172137
2198	535.888	453	0.178439
2199	536.132	461	0.18159
2200	536.376	490	0.193014
2201	536.619	457	0.180015
2202	536.863	460	0.181197
2203	537.107	413	0.162683
2204	537.351	463	0.182378
2205	537.595	451	0.177651
2206	537.839	487	0.191832
2207	538.083	438	0.172531
2208	538.327	455	0.179227
2209	538.570	477	0.187893
2210	538.814	442	0.174106
2211	539.058	393	0.154805
2212	539.302	453	0.178439
2213	539.546	426	0.167804
2214	539.790	393	0.154805
2215	540.034	396	0.155987
2216	540.277	447	0.176076
2217	540.521	386	0.152048
2218	540.765	414	0.163077
2219	541.009	416	0.163865
2220	541.253	390	0.153623
2221	541.497	401	0.157956
2222	541.741	430	0.169379
2223	541.984	440	0.173318
2224	542.228	406	0.159926
2225	542.472	428	0.168592
2226	542.716	405	0.159532
2227	542.960	418	0.164652
2228	543.204	402	0.15835
2229	543.448	422	0.166228
2230	543.692	405	0.159532
2231	543.935	425	0.16741
2232	544.179	424	0.167016
2233	544.423	394	0.155199
2234	544.667	432	0.170167
2235	544.911	389	0.153229
2236	545.155	397	0.15638
2237	545.399	399	0.157168
2238	545.642	404	0.159138
2239	545.886	439	0.172925
2240	546.130	412	0.162289
2241	546.374	392	0.154411
2242	546.618	416	0.163865
2243	546.862	389	0.153229
2244	547.106	389	0.153229
2245	547.350	447	0.176076
2246	547.593	420	0.16544
2247	547.837	370	0.145745
2248	548.081	416	0.163865
2249	548.325	405	0.159532
2250	548.569	402	0.15835
2251	548.813	411	0.161895
2252	549.057	361	0.1422
2253	549.300	398	0.156774
2254	549.544	408	0.160713
2255	549.788	394	0.155199
2256	550.032	420	0.16544
2257	550.276	393	0.154805
2258	550.520	406	0.159926
2259	550.764	423	0.166622
2260	551.007	404	0.159138
2261	551.251	413	0.162683
2262	551.495	406	0.159926
2263	551.739	393	0.154805
2264	551.983	410	0.161501
2265	552.227	443	0.1745
2266	552.471	410	0.161501
2267	552.715	371	0.146139
2268	552.958	394	0.155199
2269	553.202	417	0.164259
2270	553.446	426	0.167804
2271	553.690	418	0.164652
2272	553.934	393	0.154805
2273	554.178	361	0.1422
2274	554.422	426	0.167804
2275	554.665	399	0.157168
2276	554.909	377	0.148502
2277	555.153	362	0.142594
2278	555.397	387	0.152441
2279	555.641	406	0.159926
2280	555.885	412	0.162289
2281	556.129	380	0.149684
2282	556.372	381	0.150078
2283	556.616	411	0.161895
2284	556.860	404	0.159138
2285	557.104	429	0.168985
2286	557.348	425	0.16741
2287	557.592	394	0.155199
2288	557.836	400	0.157562
2289	558.080	389	0.153229
2290	558.323	441	0.173712
2291	558.567	425	0.16741
2292	558.811	410	0.161501
2293	559.055	412	0.162289
2294	559.299	370	0.145745
2295	559.543	407	0.16032
2296	559.787	389	0.153229
2297	560.030	391	0.154017
2298	560.274	418	0.164652
2299	560.518	403	0.158744
2300	560.762	402	0.15835
2301	561.006	402	0.15835
2302	561.250	407	0.16032
2303	561.494	382	0.150472
2304	561.738	402	0.15835
2305	561.981	391	0.154017
2306	562.225	424	0.167016
2307	562.469	397	0.15638
2308	562.713	410	0.161501
2309	562.957	429	0.168985
2310	563.201	424	0.167016
2311	563.445	403	0.158744
2312	563.688	419	0.165046
2313	563.932	374	0.147321
2314	564.176	387	0.152441
2315	564.420	390	0.153623
2316	564.664	383	0.150866
2317	564.908	385	0.151654
2318	565.152	391	0.154017
2319	565.395	391	0.154017
2320	565.639	386	0.152048
2321	565.883	395	0.155593
2322	566.127	414	0.163077
2323	566.371	420	0.16544
2324	566.615	388	0.152835
2325	566.859	441	0.173712
2326	567.103	394	0.155199
2327	567.346	398	0.156774
2328	567.590	369	0.145351
2329	567.834	369	0.145351
2330	568.078	416	0.163865
2331	568.322	431	0.169773
2332	568.566	385	0.151654
2333	568.810	416	0.163865
2334	569.053	404	0.159138
2335	569.297	411	0.161895
2336	569.541	422	0.166228
2337	569.785	425	0.16741
2338	570.029	435	0.171349
2339	570.273	424	0.167016
2340	570.517	372	0.146533
2341	570.761	407	0.16032
2342	571.004	403	0.158744
2343	571.248	417	0.164259
2344	571.492	426	0.167804
2345	571.736	385	0.151654
2346	571.980	400	0.157562
2347	572.224	413	0.162683
2348	572.468	430	0.169379
2349	572.711	413	0.162683
2350	572.955	423	0.166622
2351	573.199	401	0.157956
2352	573.443	411	0.161895
2353	573.687	413	0.162683
2354	573.931	406	0.159926
2355	574.175	434	0.170955
2356	574.418	366	0.144169
2357	574.662	380	0.149684
2358	574.906	431	0.169773
2359	575.150	388	0.152835
2360	575.394	419	0.165046
2361	575.638	433	0.170561
2362	575.882	385	0.151654
2363	576.126	386	0.152048
2364	576.369	390	0.153623
2365	576.613	387	0.152441
2366	576.857	438	0.172531
2367	577.101	393	0.154805
2368	577.345	355	0.139836
2369	577.589	383	0.150866
2370	577.833	446	0.175682
2371	578.076	414	0.163077
2372	578.320	359	0.141412
2373	578.564	396	0.155987
2374	578.808	386	0.152048
2375	579.052	417	0.164259
2376	579.296	397	0.15638
2377	579.540	381	0.150078
2378	579.783	384	0.15126
2379	580.027	412	0.162289
2380	580.271	380	0.149684
2381	580.515	413	0.162683
2382	580.759	419	0.165046
2383	581.003	434	0.170955
2384	581.247	410	0.161501
2385	581.491	424	0.167016
2386	581.734	418	0.164652
2387	581.978	405	0.159532
2388	582.222	383	0.150866
2389	582.466	413	0.162683
2390	582.710	427	0.168198
2391	582.954	395	0.155593
2392	583.198	391	0.154017
2393	583.441	454	0.178833
2394	583.685	417	0.164259
2395	583.929	434	0.170955
2396	584.173	407	0.16032
2397	584.417	371	0.146139
2398	584.661	417	0.164259
2399	584.905	405	0.159532
2400	585.149	432	0.170167
2401	585.392	400	0.157562
2402	585.636	417	0.164259
2403	585.880	393	0.154805
2404	586.124	383	0.150866
2405	586.368	439	0.172925
2406	586.612	443	0.1745
2407	586.856	378	0.148896
2408	587.099	418	0.164652
2409	587.343	434	0.170955
2410	587.587	418	0.164652
2411	587.831	408	0.160713
2412	588.075	429	0.168985
2413	588.319	435	0.171349
2414	588.563	379	0.14929
2415	588.806	376	0.148108
2416	589.050	424	0.167016
2417	589.294	446	0.175682
2418	589.538	404	0.159138
2419	589.782	391	0.154017
2420	590.026	386	0.152048
2421	590.270	404	0.159138
2422	590.514	403	0.158744
2423	590.757	390	0.153623
2424	591.001	402	0.15835
2425	591.245	402	0.15835
2426	591.489	388	0.152835
2427	591.733	444	0.174894
2428	591.977	404	0.159138
2429	592.221	407	0.16032
2430	592.464	435	0.171349
2431	592.708	408	0.160713
2432	592.952	427	0.168198
2433	593.196	427	0.168198
2434	593.440	363	0.142988
2435	593.684	428	0.168592
2436	593.928	436	0.171743
2437	594.171	415	0.163471
2438	594.415	430	0.169379
2439	594.659	449	0.176864
2440	594.903	408	0.160713
2441	595.147	461	0.18159
2442	595.391	426	0.167804
2443	595.635	428	0.168592
2444	595.879	416	0.163865
2445	596.122	449	0.176864
2446	596.366	417	0.164259
2447	596.610	392	0.154411
2448	596.854	428	0.168592
2449	597.098	431	0.169773
2450	597.342	413	0.162683
2451	597.586	401	0.157956
2452	597.829	390	0.153623
2453	598.073	399	0.157168
2454	598.317	398	0.156774
2455	598.561	419	0.165046
2456	598.805	415	0.163471
2457	599.049	425	0.16741
2458	599.293	431	0.169773
2459	599.537	462	0.181984
2460	599.780	422	0.166228
2461	600.024	398	0.156774
2462	600.268	461	0.18159
2463	600.512	424	0.167016
2464	600.756	413	0.162683
2465	601.000	389	0.153229
2466	601.244	416	0.163865
2467	601.487	415	0.163471
2468	601.731	467	0.183954
2469	601.975	415	0.163471
2470	602.219	389	0.153229
2471	602.463	425	0.16741
2472	602.707	413	0.162683
2473	602.951	409	0.161107
2474	603.194	429	0.168985
2475	603.438	436	0.171743
2476	603.682	433	0.170561
2477	603.926	453	0.178439
2478	604.170	434	0.170955
2479	604.414	425	0.16741
2480	604.658	451	0.177651
2481	604.902	405	0.159532
2482	605.145	456	0.179621
2483	605.389	397	0.15638
2484	605.633	436	0.171743
2485	605.877	400	0.157562
2486	606.121	398	0.156774
2487	606.365	460	0.181197
2488	606.609	428	0.168592
2489	606.852	398	0.156774
2490	607.096	423	0.166622
2491	607.340	399	0.157168
2492	607.584	407	0.16032
2493	607.828	388	0.152835
2494	608.072	437	0.172137
2495	608.316	433	0.170561
2496	608.559	445	0.175288
2497	608.803	424	0.167016
2498	609.047	432	0.170167
2499	609.291	434	0.170955
2500	609.535	431	0.169773
2501	609.779	439	0.172925
2502	610.023	420	0.16544
2503	610.267	449	0.176864
2504	610.510	447	0.176076
2505	610.754	402	0.15835
2506	610.998	402	0.15835
2507	611.242	404	0.159138
2508	611.486	421	0.165834
2509	611.730	441	0.173712
2510	611.974	420	0.16544
2511	612.217	457	0.180015
2512	612.461	435	0.171349
2513	612.705	441	0.173712
2514	612.949	434	0.170955
2515	613.193	438	0.172531
2516	613.437	445	0.175288
2517	613.681	439	0.172925
2518	613.925	419	0.165046
2519	614.168	426	0.167804
2520	614.412	449	0.176864
2521	614.656	439	0.172925
2522	614.900	421	0.165834
2523	615.144	448	0.17647
2524	615.388	441	0.173712
2525	615.632	434	0.170955
2526	615.875	431	0.169773
2527	616.119	445	0.175288
2528	616.363	399	0.157168
2529	616.607	428	0.168592
2530	616.851	454	0.178833
2531	617.095	453	0.178439
2532	617.339	426	0.167804
2533	617.582	436	0.171743
2534	617.826	483	0.190256
2535	618.070	405	0.159532
2536	618.314	429	0.168985
2537	618.558	453	0.178439
2538	618.802	419	0.165046
2539	619.046	425	0.16741
2540	619.290	434	0.170955
2541	619.533	442	0.174106
2542	619.777	433	0.170561
2543	620.021	436	0.171743
2544	620.265	437	0.172137
2545	620.509	470	0.185136
2546	620.753	439	0.172925
2547	620.997	435	0.171349
2548	621.240	424	0.167016
2549	621.484	430	0.169379
2550	621.728	414	0.163077
2551	621.972	449	0.176864
2552	622.216	410	0.161501
2553	622.460	464	0.182772
2554	622.704	447	0.176076
2555	622.948	439	0.172925
2556	623.191	467	0.183954
2557	623.435	473	0.186317
2558	623.679	455	0.179227
2559	623.923	447	0.176076
2560	624.167	472	0.185923
2561	624.411	419	0.165046
2562	624.655	449	0.176864
2563	624.898	434	0.170955
2564	625.142	447	0.176076
2565	625.386	459	0.180803
2566	625.630	463	0.182378
2567	625.874	424	0.167016
2568	626.118	461	0.18159
2569	626.362	422	0.166228
2570	626.605	459	0.180803
2571	626.849	431	0.169773
2572	627.093	469	0.184742
2573	627.337	433	0.170561
2574	627.581	454	0.178833
2575	627.825	430	0.169379
2576	628.069	465	0.183166
2577	628.313	467	0.183954
2578	628.556	467	0.183954
2579	628.800	460	0.181197
2580	629.044	446	0.175682
2581	629.288	436	0.171743
2582	629.532	433	0.170561
2583	629.776	440	0.173318
2584	630.020	454	0.178833
2585	630.263	440	0.173318
2586	630.507	450	0.177257
2587	630.751	446	0.175682
2588	630.995	471	0.185529
2589	631.239	453	0.178439
2590	631.483	502	0.197741
2591	631.727	428	0.168592
2592	631.970	449	0.176864
2593	632.214	462	0.181984
2594	632.458	466	0.18356
2595	632.702	476	0.187499
2596	632.946	460	0.181197
2597	633.190	445	0.175288
2598	633.434	448	0.17647
2599	633.678	455	0.179227
2600	633.921	455	0.179227
2601	634.165	458	0.180409
2602	634.409	447	0.176076
2603	634.653	470	0.185136
2604	634.897	438	0.172531
2605	635.141	423	0.166622
2606	635.385	426	0.167804
2607	635.628	477	0.187893
2608	635.872	465	0.183166
2609	636.116	462	0.181984
2610	636.360	429	0.168985
2611	636.604	490	0.193014
2612	636.848	469	0.184742
2613	637.092	438	0.172531
2614	637.336	500	0.196953
2615	637.579	508	0.200104
2616	637.823	497	0.195771
2617	638.067	461	0.18159
2618	638.311	449	0.176864
2619	638.555	449	0.176864
2620	638.799	452	0.178045
2621	639.043	463	0.182378
2622	639.286	477	0.187893
2623	639.530	447	0.176076
2624	639.774	451	0.177651
2625	640.018	497	0.195771
2626	640.262	415	0.163471
2627	640.506	449	0.176864
2628	640.750	482	0.189862
2629	640.993	459	0.180803
2630	641.237	460	0.181197
2631	641.481	468	0.184348
2632	641.725	481	0.189469
2633	641.969	484	0.19065
2634	642.213	460	0.181197
2635	642.457	458	0.180409
2636	642.701	464	0.182772
2637	642.944	457	0.180015
2638	643.188	412	0.162289
2639	643.432	459	0.180803
2640	643.676	501	0.197347
2641	643.920	426	0.167804
2642	644.164	460	0.181197
2643	644.408	447	0.176076
2644	644.651	467	0.183954
2645	644.895	505	0.198922
2646	645.139	406	0.159926
2647	645.383	497	0.195771
2648	645.627	498	0.196165
2649	645.871	500	0.196953
2650	646.115	466	0.18356
2651	646.358	451	0.177651
2652	646.602	480	0.189075
2653	646.846	470	0.185136
2654	647.090	501	0.197347
2655	647.334	497	0.195771
2656	647.578	474	0.186711
2657	647.822	512	0.20168
2658	648.066	484	0.19065
2659	648.309	448	0.17647
2660	648.553	468	0.184348
2661	648.797	478	0.188287
2662	649.041	428	0.168592
2663	649.285	463	0.182378
2664	649.529	446	0.175682
2665	649.773	485	0.191044
2666	650.016	458	0.180409
2667	650.260	524	0.206406
2668	650.504	470	0.185136
2669	650.748	493	0.194195
2670	650.992	525	0.2068
2671	651.236	468	0.184348
2672	651.480	500	0.196953
2673	651.724	473	0.186317
2674	651.967	482	0.189862
2675	652.211	465	0.183166
2676	652.455	476	0.187499
2677	652.699	484	0.19065
2678	652.943	469	0.184742
2679	653.187	496	0.195377
2680	653.431	491	0.193408
2681	653.674	460	0.181197
2682	653.918	485	0.191044
2683	654.162	477	0.187893
2684	654.406	484	0.19065
2685	654.650	471	0.185529
2686	654.894	495	0.194983
2687	655.138	510	0.200892
2688	655.381	531	0.209164
2689	655.625	483	0.190256
2690	655.869	517	0.203649
2691	656.113	457	0.180015
2692	656.357	442	0.174106
2693	656.601	474	0.186711
2694	656.845	484	0.19065
2695	657.089	475	0.187105
2696	657.332	489	0.19262
2697	657.576	499	0.196559
2698	657.820	489	0.19262
2699	658.064	488	0.192226
2700	658.308	433	0.170561
2701	658.552	530	0.20877
2702	658.796	491	0.193408
2703	659.039	543	0.213891
2704	659.283	506	0.199316
2705	659.527	553	0.21783
2706	659.771	631	0.248554
2707	660.015	828	0.326154
2708	660.259	1049	0.413207
2709	660.503	1554	0.612129
2710	660.746	2118	0.834292
2711	660.990	3252	1.28098
2712	661.234	4703	1.85254
2713	661.478	6336	2.49579
2714	661.722	7847	3.09098
2715	661.966	9348	3.68223
2716	662.210	10360	4.08086
2717	662.454	10746	4.23291
2718	662.697	10492	4.13286
2719	662.941	9658	3.80434
2720	663.185	8145	3.20836
2721	663.429	6435	2.53478
2722	663.673	4800	1.89075
2723	663.917	3342	1.31643
2724	664.161	2283	0.899286
2725	664.404	1564	0.616068
2726	664.648	1152	0.453779
2727	664.892	809	0.31867
2728	665.136	719	0.283218
2729	665.380	543	0.213891
2730	665.624	565	0.222557
2731	665.868	550	0.216648
2732	666.112	525	0.2068
2733	666.355	497	0.195771
2734	666.599	534	0.210346
2735	666.843	528	0.207982
2736	667.087	513	0.202074
2737	667.331	539	0.212315
2738	667.575	574	0.226102
2739	667.819	544	0.214285
2740	668.062	537	0.211527
2741	668.306	548	0.21586
2742	668.550	561	0.220981
2743	668.794	598	0.235555
2744	669.038	510	0.200892
2745	669.282	511	0.201286
2746	669.526	514	0.202467
2747	669.769	557	0.219405
2748	670.013	560	0.220587
2749	670.257	536	0.211133
2750	670.501	549	0.216254
2751	670.745	563	0.221769
2752	670.989	542	0.213497
2753	671.233	577	0.227283
2754	671.477	557	0.219405
2755	671.720	552	0.217436
2756	671.964	557	0.219405
2757	672.208	538	0.211921
2758	672.452	563	0.221769
2759	672.696	566	0.222951
2760	672.940	593	0.233586
2761	673.184	507	0.19971
2762	673.427	591	0.232798
2763	673.671	585	0.230435
2764	673.915	567	0.223344
2765	674.159	582	0.229253
2766	674.403	561	0.220981
2767	674.647	531	0.209164
2768	674.891	539	0.212315
2769	675.135	510	0.200892
2770	675.378	566	0.222951
2771	675.622	564	0.222163
2772	675.866	527	0.207588
2773	676.110	547	0.215466
2774	676.354	561	0.220981
2775	676.598	575	0.226496
2776	676.842	542	0.213497
2777	677.085	560	0.220587
2778	677.329	522	0.205619
2779	677.573	563	0.221769
2780	677.817	561	0.220981
2781	678.061	608	0.239495
2782	678.305	615	0.242252
2783	678.549	512	0.20168
2784	678.792	620	0.244221
2785	679.036	578	0.227677
2786	679.280	558	0.219799
2787	679.524	596	0.234768
2788	679.768	547	0.215466
2789	680.012	602	0.237131
2790	680.256	512	0.20168
2791	680.500	538	0.211921
2792	680.743	548	0.21586
2793	680.987	596	0.234768
2794	681.231	551	0.217042
2795	681.475	559	0.220193
2796	681.719	537	0.211527
2797	681.963	548	0.21586
2798	682.207	533	0.209952
2799	682.450	555	0.218618
2800	682.694	581	0.228859
2801	682.938	603	0.237525
2802	683.182	563	0.221769
2803	683.426	588	0.231616
2804	683.670	550	0.216648
2805	683.914	606	0.238707
2806	684.157	622	0.245009
2807	684.401	609	0.239888
2808	684.645	604	0.237919
2809	684.889	596	0.234768
2810	685.133	578	0.227677
2811	685.377	588	0.231616
2812	685.621	557	0.219405
2813	685.865	550	0.216648
2814	686.108	579	0.228071
2815	686.352	531	0.209164
2816	686.596	577	0.227283
2817	686.840	508	0.200104
2818	687.084	519	0.204437
2819	687.328	577	0.227283
2820	687.572	552	0.217436
2821	687.815	562	0.221375
2822	688.059	590	0.232404
2823	688.303	596	0.234768
2824	688.547	599	0.235949
2825	688.791	583	0.229647
2826	689.035	564	0.222163
2827	689.279	539	0.212315
2828	689.523	548	0.21586
2829	689.766	594	0.23398
2830	690.010	547	0.215466
2831	690.254	565	0.222557
2832	690.498	597	0.235162
2833	690.742	567	0.223344
2834	690.986	587	0.231223
2835	691.230	624	0.245797
2836	691.473	532	0.209558
2837	691.717	589	0.23201
2838	691.961	530	0.20877
2839	692.205	565	0.222557
2840	692.449	559	0.220193
2841	692.693	548	0.21586
2842	692.937	619	0.243828
2843	693.180	602	0.237131
2844	693.424	581	0.228859
2845	693.668	594	0.23398
2846	693.912	573	0.225708
2847	694.156	559	0.220193
2848	694.400	556	0.219011
2849	694.644	562	0.221375
2850	694.888	604	0.237919
2851	695.131	557	0.219405
2852	695.375	532	0.209558
2853	695.619	560	0.220587
2854	695.863	529	0.208376
2855	696.107	517	0.203649
2856	696.351	525	0.2068
2857	696.595	546	0.215072
2858	696.838	565	0.222557
2859	697.082	527	0.207588
2860	697.326	545	0.214678
2861	697.570	516	0.203255
2862	697.814	552	0.217436
2863	698.058	576	0.22689
2864	698.302	561	0.220981
2865	698.545	544	0.214285
2866	698.789	519	0.204437
2867	699.033	551	0.217042
2868	699.277	502	0.197741
2869	699.521	483	0.190256
2870	699.765	515	0.202861
2871	700.009	461	0.18159
2872	700.253	450	0.177257
2873	700.496	532	0.209558
2874	700.740	483	0.190256
2875	700.984	489	0.19262
2876	701.228	477	0.187893
2877	701.472	489	0.19262
2878	701.716	463	0.182378
2879	701.960	476	0.187499
2880	702.203	486	0.191438
2881	702.447	482	0.189862
2882	702.691	468	0.184348
2883	702.935	460	0.181197
2884	703.179	441	0.173712
2885	703.423	436	0.171743
2886	703.667	395	0.155593
2887	703.911	466	0.18356
2888	704.154	410	0.161501
2889	704.398	451	0.177651
2890	704.642	433	0.170561
2891	704.886	470	0.185136
2892	705.130	434	0.170955
2893	705.374	404	0.159138
2894	705.618	417	0.164259
2895	705.861	416	0.163865
2896	706.105	415	0.163471
2897	706.349	392	0.154411
2898	706.593	427	0.168198
2899	706.837	384	0.15126
2900	707.081	400	0.157562
2901	707.325	434	0.170955
2902	707.568	399	0.157168
2903	707.812	387	0.152441
2904	708.056	404	0.159138
2905	708.300	398	0.156774
2906	708.544	410	0.161501
2907	708.788	388	0.152835
2908	709.032	390	0.153623
2909	709.276	386	0.152048
2910	709.519	400	0.157562
2911	709.763	407	0.16032
2912	710.007	386	0.152048
2913	710.251	347	0.136685
2914	710.495	428	0.168592
2915	710.739	434	0.170955
2916	710.983	408	0.160713
2917	711.226	353	0.139049
2918	711.470	401	0.157956
2919	711.714	404	0.159138
2920	711.958	376	0.148108
2921	712.202	393	0.154805
2922	712.446	412	0.162289
2923	712.690	375	0.147715
2924	712.933	360	0.141806
2925	713.177	464	0.182772
2926	713.421	404	0.159138
2927	713.665	393	0.154805
2928	713.909	371	0.146139
2929	714.153	396	0.155987
2930	714.397	367	0.144563
2931	714.641	387	0.152441
2932	714.884	401	0.157956
2933	715.128	392	0.154411
2934	715.372	352	0.138655
2935	715.616	392	0.154411
2936	715.860	388	0.152835
2937	716.104	381	0.150078
2938	716.348	417	0.164259
2939	716.591	422	0.166228
2940	716.835	382	0.150472
2941	717.079	388	0.152835
2942	717.323	358	0.141018
2943	717.567	380	0.149684
2944	717.811	377	0.148502
2945	718.055	404	0.159138
2946	718.299	364	0.143382
2947	718.542	416	0.163865
2948	718.786	380	0.149684
2949	719.030	359	0.141412
2950	719.274	383	0.150866
2951	719.518	357	0.140624
2952	719.762	376	0.148108
2953	720.006	374	0.147321
2954	720.249	363	0.142988
2955	720.493	355	0.139836
2956	720.737	399	0.157168
2957	720.981	365	0.143776
2958	721.225	375	0.147715
2959	721.469	346	0.136291
2960	721.713	352	0.138655
2961	721.956	370	0.145745
2962	722.200	359	0.141412
2963	722.444	384	0.15126
2964	722.688	376	0.148108
2965	722.932	352	0.138655
2966	723.176	404	0.159138
2967	723.420	360	0.141806
2968	723.664	339	0.133534
2969	723.907	369	0.145351
2970	724.151	359	0.141412
2971	724.395	365	0.143776
2972	724.639	396	0.155987
2973	724.883	345	0.135897
2974	725.127	372	0.146533
2975	725.371	351	0.138261
2976	725.614	351	0.138261
2977	725.858	356	0.14023
2978	726.102	368	0.144957
2979	726.346	345	0.135897
2980	726.590	351	0.138261
2981	726.834	383	0.150866
2982	727.078	338	0.13314
2983	727.322	335	0.131958
2984	727.565	375	0.147715
2985	727.809	342	0.134716
2986	728.053	339	0.133534
2987	728.297	302	0.118959
2988	728.541	322	0.126838
2989	728.785	369	0.145351
2990	729.029	345	0.135897
2991	729.272	379	0.14929
2992	729.516	368	0.144957
2993	729.760	334	0.131564
2994	730.004	346	0.136291
2995	730.248	358	0.141018
2996	730.492	360	0.141806
2997	730.736	355	0.139836
2998	730.979	350	0.137867
2999	731.223	360	0.141806
3000	731.467	374	0.147321
3001	731.711	370	0.145745
3002	731.955	375	0.147715
3003	732.199	354	0.139443
3004	732.443	309	0.121717
3005	732.687	388	0.152835
3006	732.930	361	0.1422
3007	733.174	325	0.128019
3008	733.418	377	0.148502
3009	733.662	367	0.144563
3010	733.906	334	0.131564
3011	734.150	351	0.138261
3012	734.394	355	0.139836
3013	734.637	321	0.126444
3014	734.881	312	0.122899
3015	735.125	365	0.143776
3016	735.369	347	0.136685
3017	735.613	366	0.144169
3018	735.857	335	0.131958
3019	736.101	312	0.122899
3020	736.344	320	0.12605
3021	736.588	386	0.152048
3022	736.832	303	0.119353
3023	737.076	318	0.125262
3024	737.320	332	0.130777
3025	737.564	331	0.130383
3026	737.808	328	0.129201
3027	738.052	350	0.137867
3028	738.295	328	0.129201
3029	738.539	333	0.131171
3030	738.783	362	0.142594
3031	739.027	351	0.138261
3032	739.271	335	0.131958
3033	739.515	351	0.138261
3034	739.759	341	0.134322
3035	740.002	331	0.130383
3036	740.246	339	0.133534
3037	740.490	317	0.124868
3038	740.734	370	0.145745
3039	740.978	332	0.130777
3040	741.222	349	0.137473
3041	741.466	355	0.139836
3042	741.710	324	0.127625
3043	741.953	344	0.135503
3044	742.197	319	0.125656
3045	742.441	350	0.137867
3046	742.685	315	0.12408
3047	742.929	346	0.136291
3048	743.173	375	0.147715
3049	743.417	316	0.124474
3050	743.660	326	0.128413
3051	743.904	382	0.150472
3052	744.148	355	0.139836
3053	744.392	341	0.134322
3054	744.636	361	0.1422
3055	744.880	376	0.148108
3056	745.124	344	0.135503
3057	745.367	334	0.131564
3058	745.611	384	0.15126
3059	745.855	283	0.111475
3060	746.099	300	0.118172
3061	746.343	341	0.134322
3062	746.587	358	0.141018
3063	746.831	311	0.122505
3064	747.075	306	0.120535
3065	747.318	304	0.119747
3066	747.562	349	0.137473
3067	747.806	344	0.135503
3068	748.050	360	0.141806
3069	748.294	304	0.119747
3070	748.538	324	0.127625
3071	748.782	331	0.130383
3072	749.025	352	0.138655
3073	749.269	331	0.130383
3074	749.513	349	0.137473
3075	749.757	366	0.144169
3076	750.001	330	0.129989
3077	750.245	349	0.137473
3078	750.489	318	0.125262
3079	750.732	309	0.121717
3080	750.976	306	0.120535
3081	751.220	329	0.129595
3082	751.464	306	0.120535
3083	751.708	327	0.128807
3084	751.952	316	0.124474
3085	752.196	329	0.129595
3086	752.440	299	0.117778
3087	752.683	329	0.129595
3088	752.927	331	0.130383
3089	753.171	313	0.123292
3090	753.415	302	0.118959
3091	753.659	299	0.117778
3092	753.903	324	0.127625
3093	754.147	331	0.130383
3094	754.390	327	0.128807
3095	754.634	313	0.123292
3096	754.878	343	0.13511
3097	755.122	309	0.121717
3098	755.366	309	0.121717
3099	755.610	333	0.131171
3100	755.854	336	0.132352
3101	756.098	321	0.126444
3102	756.341	301	0.118566
3103	756.585	294	0.115808
3104	756.829	279	0.1099
3105	757.073	307	0.120929
3106	757.317	306	0.120535
3107	757.561	318	0.125262
3108	757.805	294	0.115808
3109	758.048	338	0.13314
3110	758.292	353	0.139049
3111	758.536	323	0.127231
3112	758.780	279	0.1099
3113	759.024	301	0.118566
3114	759.268	312	0.122899
3115	759.512	338	0.13314
3116	759.755	313	0.123292
3117	759.999	342	0.134716
3118	760.243	317	0.124868
3119	760.487	286	0.112657
3120	760.731	311	0.122505
3121	760.975	300	0.118172
3122	761.219	309	0.121717
3123	761.463	323	0.127231
3124	761.706	297	0.11699
3125	761.950	309	0.121717
3126	762.194	300	0.118172
3127	762.438	314	0.123686
3128	762.682	278	0.109506
3129	762.926	312	0.122899
3130	763.170	299	0.117778
3131	763.413	301	0.118566
3132	763.657	304	0.119747
3133	763.901	291	0.114626
3134	764.145	308	0.121323
3135	764.389	274	0.10793
3136	764.633	293	0.115414
3137	764.877	279	0.1099
3138	765.121	284	0.111869
3139	765.364	305	0.120141
3140	765.608	298	0.117384
3141	765.852	295	0.116202
3142	766.096	292	0.11502
3143	766.340	308	0.121323
3144	766.584	289	0.113839
3145	766.828	294	0.115808
3146	767.071	292	0.11502
3147	767.315	295	0.116202
3148	767.559	296	0.116596
3149	767.803	298	0.117384
3150	768.047	328	0.129201
3151	768.291	313	0.123292
3152	768.535	293	0.115414
3153	768.778	290	0.114233
3154	769.022	276	0.108718
3155	769.266	302	0.118959
3156	769.510	312	0.122899
3157	769.754	286	0.112657
3158	769.998	300	0.118172
3159	770.242	242	0.0953251
3160	770.486	316	0.124474
3161	770.729	274	0.10793
3162	770.973	283	0.111475
3163	771.217	284	0.111869
3164	771.461	277	0.109112
3165	771.705	307	0.120929
3166	771.949	309	0.121717
3167	772.193	314	0.123686
3168	772.436	267	0.105173
3169	772.680	257	0.101234
3170	772.924	296	0.116596
3171	773.168	270	0.106354
3172	773.412	275	0.108324
3173	773.656	282	0.111081
3174	773.900	321	0.126444
3175	774.143	304	0.119747
3176	774.387	310	0.122111
3177	774.631	298	0.117384
3178	774.875	286	0.112657
3179	775.119	290	0.114233
3180	775.363	294	0.115808
3181	775.607	295	0.116202
3182	775.851	256	0.10084
3183	776.094	290	0.114233
3184	776.338	270	0.106354
3185	776.582	274	0.10793
3186	776.826	290	0.114233
3187	777.070	278	0.109506
3188	777.314	272	0.107142
3189	777.558	271	0.106748
3190	777.801	296	0.116596
3191	778.045	282	0.111081
3192	778.289	289	0.113839
3193	778.533	263	0.103597
3194	778.777	273	0.107536
3195	779.021	287	0.113051
3196	779.265	302	0.118959
3197	779.509	312	0.122899
3198	779.752	282	0.111081
3199	779.996	271	0.106748
3200	780.240	272	0.107142
3201	780.484	294	0.115808
3202	780.728	295	0.116202
3203	780.972	281	0.110687
3204	781.216	258	0.101628
3205	781.459	261	0.102809
3206	781.703	275	0.108324
3207	781.947	265	0.104385
3208	782.191	264	0.103991
3209	782.435	294	0.115808
3210	782.679	290	0.114233
3211	782.923	267	0.105173
3212	783.166	274	0.10793
3213	783.410	248	0.0976886
3214	783.654	257	0.101234
3215	783.898	287	0.113051
3216	784.142	257	0.101234
3217	784.386	279	0.1099
3218	784.630	273	0.107536
3219	784.874	276	0.108718
3220	785.117	259	0.102022
3221	785.361	250	0.0984764
3222	785.605	237	0.0933556
3223	785.849	264	0.103991
3224	786.093	254	0.100052
3225	786.337	293	0.115414
3226	786.581	257	0.101234
3227	786.824	281	0.110687
3228	787.068	299	0.117778
3229	787.312	294	0.115808
3230	787.556	287	0.113051
3231	787.800	282	0.111081
3232	788.044	258	0.101628
3233	788.288	267	0.105173
3234	788.531	267	0.105173
3235	788.775	277	0.109112
3236	789.019	242	0.0953251
3237	789.263	262	0.103203
3238	789.507	291	0.114626
3239	789.751	263	0.103597
3240	789.995	248	0.0976886
3241	790.239	267	0.105173
3242	790.482	269	0.105961
3243	790.726	259	0.102022
3244	790.970	265	0.104385
3245	791.214	261	0.102809
3246	791.458	278	0.109506
3247	791.702	251	0.0988703
3248	791.946	257	0.101234
3249	792.189	266	0.104779
3250	792.433	249	0.0980825
3251	792.677	257	0.101234
3252	792.921	259	0.102022
3253	793.165	270	0.106354
3254	793.409	283	0.111475
3255	793.653	253	0.0996581
3256	793.897	249	0.0980825
3257	794.140	300	0.118172
3258	794.384	248	0.0976886
3259	794.628	259	0.102022
3260	794.872	245	0.0965068
3261	795.116	272	0.107142
3262	795.360	252	0.0992642
3263	795.604	274	0.10793
3264	795.847	266	0.104779
3265	796.091	238	0.0937495
3266	796.335	263	0.103597
3267	796.579	251	0.0988703
3268	796.823	251	0.0988703
3269	797.067	243	0.095719
3270	797.311	246	0.0969008
3271	797.554	247	0.0972947
3272	797.798	261	0.102809
3273	798.042	240	0.0945373
3274	798.286	254	0.100052
3275	798.530	224	0.0882348
3276	798.774	241	0.0949312
3277	799.018	251	0.0988703
3278	799.262	243	0.095719
3279	799.505	220	0.0866592
3280	799.749	233	0.09178
3281	799.993	254	0.100052
3282	800.237	271	0.106748
3283	800.481	266	0.104779
3284	800.725	259	0.102022
3285	800.969	271	0.106748
3286	801.212	247	0.0972947
3287	801.456	267	0.105173
3288	801.700	259	0.102022
3289	801.944	261	0.102809
3290	802.188	216	0.0850836
3291	802.432	283	0.111475
3292	802.676	240	0.0945373
3293	802.919	254	0.100052
3294	803.163	232	0.0913861
3295	803.407	267	0.105173
3296	803.651	227	0.0894165
3297	803.895	250	0.0984764
3298	804.139	256	0.10084
3299	804.383	226	0.0890226
3300	804.627	254	0.100052
3301	804.870	253	0.0996581
3302	805.114	274	0.10793
3303	805.358	256	0.10084
3304	805.602	244	0.0961129
3305	805.846	238	0.0937495
3306	806.090	236	0.0929617
3307	806.334	253	0.0996581
3308	806.577	276	0.108718
3309	806.821	251	0.0988703
3310	807.065	266	0.104779
3311	807.309	232	0.0913861
3312	807.553	271	0.106748
3313	807.797	232	0.0913861
3314	808.041	225	0.0886287
3315	808.285	242	0.0953251
3316	808.528	261	0.102809
3317	808.772	232	0.0913861
3318	809.016	239	0.0941434
3319	809.260	253	0.0996581
3320	809.504	228	0.0898105
3321	809.748	247	0.0972947
3322	809.992	259	0.102022
3323	810.235	241	0.0949312
3324	810.479	264	0.103991
3325	810.723	249	0.0980825
3326	810.967	255	0.100446
3327	811.211	256	0.10084
3328	811.455	273	0.107536
3329	811.699	237	0.0933556
3330	811.942	257	0.101234
3331	812.186	256	0.10084
3332	812.430	277	0.109112
3333	812.674	291	0.114626
3334	812.918	291	0.114626
3335	813.162	301	0.118566
3336	813.406	315	0.12408
3337	813.650	406	0.159926
3338	813.893	424	0.167016
3339	814.137	505	0.198922
3340	814.381	532	0.209558
3341	814.625	556	0.219011
3342	814.869	560	0.220587
3343	815.113	566	0.222951
3344	815.357	531	0.209164
3345	815.600	466	0.18356
3346	815.844	420	0.16544
3347	816.088	415	0.163471
3348	816.332	317	0.124868
3349	816.576	313	0.123292
3350	816.820	284	0.111869
3351	817.064	269	0.105961
3352	817.308	284	0.111869
3353	817.551	251	0.0988703
3354	817.795	285	0.112263
3355	818.039	250	0.0984764
3356	818.283	272	0.107142
3357	818.527	253	0.0996581
3358	818.771	256	0.10084
3359	819.015	235	0.0925678
3360	819.258	282	0.111081
3361	819.502	241	0.0949312
3362	819.746	274	0.10793
3363	819.990	244	0.0961129
3364	820.234	273	0.107536
3365	820.478	272	0.107142
3366	820.722	252	0.0992642
3367	820.965	268	0.105567
3368	821.209	272	0.107142
3369	821.453	291	0.114626
3370	821.697	296	0.116596
3371	821.941	274	0.10793
3372	822.185	264	0.103991
3373	822.429	296	0.116596
3374	822.673	284	0.111869
3375	822.916	293	0.115414
3376	823.160	252	0.0992642
3377	823.404	280	0.110294
3378	823.648	250	0.0984764
3379	823.892	283	0.111475
3380	824.136	302	0.118959
3381	824.380	266	0.104779
3382	824.623	253	0.0996581
3383	824.867	309	0.121717
3384	825.111	261	0.102809
3385	825.355	255	0.100446
3386	825.599	276	0.108718
3387	825.843	249	0.0980825
3388	826.087	249	0.0980825
3389	826.330	262	0.103203
3390	826.574	233	0.09178
3391	826.818	248	0.0976886
3392	827.062	254	0.100052
3393	827.306	274	0.10793
3394	827.550	275	0.108324
3395	827.794	281	0.110687
3396	828.038	251	0.0988703
3397	828.281	241	0.0949312
3398	828.525	269	0.105961
3399	828.769	254	0.100052
3400	829.013	268	0.105567
3401	829.257	275	0.108324
3402	829.501	272	0.107142
3403	829.745	269	0.105961
3404	829.988	234	0.0921739
3405	830.232	254	0.100052
3406	830.476	262	0.103203
3407	830.720	280	0.110294
3408	830.964	255	0.100446
3409	831.208	299	0.117778
3410	831.452	292	0.11502
3411	831.696	227	0.0894165
3412	831.939	274	0.10793
3413	832.183	249	0.0980825
3414	832.427	255	0.100446
3415	832.671	252	0.0992642
3416	832.915	264	0.103991
3417	833.159	266	0.104779
3418	833.403	243	0.095719
3419	833.646	267	0.105173
3420	833.890	268	0.105567
3421	834.134	252	0.0992642
3422	834.378	270	0.106354
3423	834.622	268	0.105567
3424	834.866	269	0.105961
3425	835.110	258	0.101628
3426	835.353	299	0.117778
3427	835.597	266	0.104779
3428	835.841	259	0.102022
3429	836.085	238	0.0937495
3430	836.329	252	0.0992642
3431	836.573	274	0.10793
3432	836.817	251	0.0988703
3433	837.061	261	0.102809
3434	837.304	249	0.0980825
3435	837.548	257	0.101234
3436	837.792	231	0.0909922
3437	838.036	261	0.102809
3438	838.280	240	0.0945373
3439	838.524	251	0.0988703
3440	838.768	258	0.101628
3441	839.011	273	0.107536
3442	839.255	236	0.0929617
3443	839.499	269	0.105961
3444	839.743	287	0.113051
3445	839.987	263	0.103597
3446	840.231	248	0.0976886
3447	840.475	242	0.0953251
3448	840.718	236	0.0929617
3449	840.962	280	0.110294
3450	841.206	257	0.101234
3451	841.450	245	0.0965068
3452	841.694	259	0.102022
3453	841.938	247	0.0972947
3454	842.182	265	0.104385
3455	842.426	217	0.0854775
3456	842.669	237	0.0933556
3457	842.913	245	0.0965068
3458	843.157	239	0.0941434
3459	843.401	246	0.0969008
3460	843.645	240	0.0945373
3461	843.889	285	0.112263
3462	844.133	251	0.0988703
3463	844.376	267	0.105173
3464	844.620	255	0.100446
3465	844.864	273	0.107536
3466	845.108	272	0.107142
3467	845.352	253	0.0996581
3468	845.596	245	0.0965068
3469	845.840	228	0.0898105
3470	846.084	242	0.0953251
3471	846.327	247	0.0972947
3472	846.571	240	0.0945373
3473	846.815	267	0.105173
3474	847.059	243	0.095719
3475	847.303	260	0.102415
3476	847.547	249	0.0980825
3477	847.791	263	0.103597
3478	848.034	246	0.0969008
3479	848.278	243	0.095719
3480	848.522	239	0.0941434
3481	848.766	254	0.100052
3482	849.010	264	0.103991
3483	849.254	265	0.104385
3484	849.498	267	0.105173
3485	849.741	250	0.0984764
3486	849.985	236	0.0929617
3487	850.229	276	0.108718
3488	850.473	249	0.0980825
3489	850.717	246	0.0969008
3490	850.961	272	0.107142
3491	851.205	269	0.105961
3492	851.449	268	0.105567
3493	851.692	256	0.10084
3494	851.936	255	0.100446
3495	852.180	264	0.103991
3496	852.424	271	0.106748
3497	852.668	239	0.0941434
3498	852.912	254	0.100052
3499	853.156	240	0.0945373
3500	853.399	260	0.102415
3501	853.643	252	0.0992642
3502	853.887	243	0.095719
3503	854.131	236	0.0929617
3504	854.375	269	0.105961
3505	854.619	242	0.0953251
3506	854.863	292	0.11502
3507	855.106	296	0.116596
3508	855.350	246	0.0969008
3509	855.594	244	0.0961129
3510	855.838	286	0.112657
3511	856.082	262	0.103203
3512	856.326	265	0.104385
3513	856.570	245	0.0965068
3514	856.814	281	0.110687
3515	857.057	288	0.113445
3516	857.301	257	0.101234
3517	857.545	262	0.103203
3518	857.789	267	0.105173
3519	858.033	260	0.102415
3520	858.277	275	0.108324
3521	858.521	292	0.11502
3522	858.764	269	0.105961
3523	859.008	264	0.103991
3524	859.252	250	0.0984764
3525	859.496	271	0.106748
3526	859.740	263	0.103597
3527	859.984	245	0.0965068
3528	860.228	244	0.0961129
3529	860.472	276	0.108718
3530	860.715	291	0.114626
3531	860.959	233	0.09178
3532	861.203	275	0.108324
3533	861.447	290	0.114233
3534	861.691	250	0.0984764
3535	861.935	220	0.0866592
3536	862.179	281	0.110687
3537	862.422	262	0.103203
3538	862.666	234	0.0921739
3539	862.910	272	0.107142
3540	863.154	286	0.112657
3541	863.398	279	0.1099
3542	863.642	235	0.0925678
3543	863.886	265	0.104385
3544	864.129	270	0.106354
3545	864.373	272	0.107142
3546	864.617	261	0.102809
3547	864.861	276	0.108718
3548	865.105	255	0.100446
3549	865.349	283	0.111475
3550	865.593	282	0.111081
3551	865.837	276	0.108718
3552	866.080	240	0.0945373
3553	866.324	274	0.10793
3554	866.568	255	0.100446
3555	866.812	271	0.106748
3556	867.056	265	0.104385
3557	867.300	291	0.114626
3558	867.544	266	0.104779
3559	867.787	290	0.114233
3560	868.031	275	0.108324
3561	868.275	262	0.103203
3562	868.519	275	0.108324
3563	868.763	280	0.110294
3564	869.007	275	0.108324
3565	869.251	233	0.09178
3566	869.495	261	0.102809
3567	869.738	282	0.111081
3568	869.982	276	0.108718
3569	870.226	288	0.113445
3570	870.470	270	0.106354
3571	870.714	274	0.10793
3572	870.958	267	0.105173
3573	871.202	258	0.101628
3574	871.445	293	0.115414
3575	871.689	268	0.105567
3576	871.933	261	0.102809
3577	872.177	271	0.106748
3578	872.421	265	0.104385
3579	872.665	255	0.100446
3580	872.909	278	0.109506
3581	873.152	260	0.102415
3582	873.396	278	0.109506
3583	873.640	255	0.100446
3584	873.884	243	0.095719
3585	874.128	304	0.119747
3586	874.372	282	0.111081
3587	874.616	284	0.111869
3588	874.860	258	0.101628
3589	875.103	284	0.111869
3590	875.347	309	0.121717
3591	875.591	286	0.112657
3592	875.835	280	0.110294
3593	876.079	275	0.108324
3594	876.323	294	0.115808
3595	876.567	272	0.107142
3596	876.810	269	0.105961
3597	877.054	256	0.10084
3598	877.298	319	0.125656
3599	877.542	259	0.102022
3600	877.786	279	0.1099
3601	878.030	296	0.116596
3602	878.274	307	0.120929
3603	878.517	278	0.109506
3604	878.761	274	0.10793
3605	879.005	278	0.109506
3606	879.249	270	0.106354
3607	879.493	288	0.113445
3608	879.737	298	0.117384
3609	879.981	281	0.110687
3610	880.225	257	0.101234
3611	880.468	280	0.110294
3612	880.712	263	0.103597
3613	880.956	283	0.111475
3614	881.200	280	0.110294
3615	881.444	283	0.111475
3616	881.688	285	0.112263
3617	881.932	275	0.108324
3618	882.175	304	0.119747
3619	882.419	266	0.104779
3620	882.663	287	0.113051
3621	882.907	279	0.1099
3622	883.151	273	0.107536
3623	883.395	249	0.0980825
3624	883.639	285	0.112263
3625	883.883	268	0.105567
3626	884.126	289	0.113839
3627	884.370	296	0.116596
3628	884.614	299	0.117778
3629	884.858	253	0.0996581
3630	885.102	293	0.115414
3631	885.346	289	0.113839
3632	885.590	289	0.113839
3633	885.833	282	0.111081
3634	886.077	271	0.106748
3635	886.321	286	0.112657
3636	886.565	285	0.112263
3637	886.809	320	0.12605
3638	887.053	317	0.124868
3639	887.297	278	0.109506
3640	887.540	277	0.109112
3641	887.784	297	0.11699
3642	888.028	320	0.12605
3643	888.272	285	0.112263
3644	888.516	279	0.1099
3645	888.760	277	0.109112
3646	889.004	262	0.103203
3647	889.248	261	0.102809
3648	889.491	277	0.109112
3649	889.735	310	0.122111
3650	889.979	289	0.113839
3651	890.223	265	0.104385
3652	890.467	308	0.121323
3653	890.711	288	0.113445
3654	890.955	287	0.113051
3655	891.198	299	0.117778
3656	891.442	294	0.115808
3657	891.686	316	0.124474
3658	891.930	286	0.112657
3659	892.174	262	0.103203
3660	892.418	313	0.123292
3661	892.662	295	0.116202
3662	892.905	290	0.114233
3663	893.149	305	0.120141
3664	893.393	267	0.105173
3665	893.637	283	0.111475
3666	893.881	309	0.121717
3667	894.125	299	0.117778
3668	894.369	319	0.125656
3669	894.613	311	0.122505
3670	894.856	308	0.121323
3671	895.100	324	0.127625
3672	895.344	342	0.134716
3673	895.588	343	0.13511
3674	895.832	384	0.15126
3675	896.076	460	0.181197
3676	896.320	636	0.250524
3677	896.563	985	0.387997
3678	896.807	1498	0.59007
3679	897.051	2250	0.886287
3680	897.295	3514	1.38418
3681	897.539	5147	2.02743
3682	897.783	6955	2.73961
3683	898.027	9312	3.66805
3684	898.271	11319	4.45862
3685	898.514	13191	5.19601
3686	898.758	14407	5.675
3687	899.002	15125	5.95782
3688	899.246	14435	5.68603
3689	899.490	12885	5.07547
3690	899.734	11076	4.3629
3691	899.978	8721	3.43525
3692	900.221	6542	2.57693
3693	900.465	4651	1.83205
3694	900.709	3096	1.21953
3695	900.953	1946	0.76654
3696	901.197	1347	0.530591
3697	901.441	892	0.351364
3698	901.685	632	0.248948
3699	901.928	503	0.198134
3700	902.172	466	0.18356
3701	902.416	438	0.172531
3702	902.660	399	0.157168
3703	902.904	427	0.168198
3704	903.148	419	0.165046
3705	903.392	452	0.178045
3706	903.636	449	0.176864
3707	903.879	451	0.177651
3708	904.123	409	0.161107
3709	904.367	398	0.156774
3710	904.611	381	0.150078
3711	904.855	373	0.146927
3712	905.099	377	0.148502
3713	905.343	352	0.138655
3714	905.586	357	0.140624
3715	905.830	345	0.135897
3716	906.074	357	0.140624
3717	906.318	339	0.133534
3718	906.562	351	0.138261
3719	906.806	327	0.128807
3720	907.050	357	0.140624
3721	907.293	380	0.149684
3722	907.537	346	0.136291
3723	907.781	329	0.129595
3724	908.025	338	0.13314
3725	908.269	351	0.138261
3726	908.513	343	0.13511
3727	908.757	290	0.114233
3728	909.001	333	0.131171
3729	909.244	364	0.143382
3730	909.488	383	0.150866
3731	909.732	337	0.132746
3732	909.976	400	0.157562
3733	910.220	371	0.146139
3734	910.464	409	0.161107
3735	910.708	399	0.157168
3736	910.951	398	0.156774
3737	911.195	465	0.183166
3738	911.439	500	0.196953
3739	911.683	611	0.240676
3740	911.927	611	0.240676
3741	912.171	775	0.305277
3742	912.415	814	0.320639
3743	912.659	921	0.362787
3744	912.902	989	0.389573
3745	913.146	1002	0.394693
3746	913.390	942	0.371059
3747	913.634	974	0.383664
3748	913.878	871	0.343092
3749	914.122	791	0.311579
3750	914.366	721	0.284006
3751	914.609	652	0.256826
3752	914.853	563	0.221769
3753	915.097	504	0.198528
3754	915.341	467	0.183954
3755	915.585	448	0.17647
3756	915.829	419	0.165046
3757	916.073	422	0.166228
3758	916.316	377	0.148502
3759	916.560	369	0.145351
3760	916.804	333	0.131171
3761	917.048	327	0.128807
3762	917.292	370	0.145745
3763	917.536	348	0.137079
3764	917.780	310	0.122111
3765	918.024	353	0.139049
3766	918.267	330	0.129989
3767	918.511	338	0.13314
3768	918.755	338	0.13314
3769	918.999	315	0.12408
3770	919.243	339	0.133534
3771	919.487	363	0.142988
3772	919.731	328	0.129201
3773	919.974	350	0.137867
3774	920.218	365	0.143776
3775	920.462	336	0.132352
3776	920.706	356	0.14023
3777	920.950	328	0.129201
3778	921.194	334	0.131564
3779	921.438	320	0.12605
3780	921.682	326	0.128413
3781	921.925	345	0.135897
3782	922.169	326	0.128413
3783	922.413	338	0.13314
3784	922.657	355	0.139836
3785	922.901	341	0.134322
3786	923.145	336	0.132352
3787	923.389	289	0.113839
3788	923.632	308	0.121323
3789	923.876	305	0.120141
3790	924.120	322	0.126838
3791	924.364	301	0.118566
3792	924.608	313	0.123292
3793	924.852	289	0.113839
3794	925.096	320	0.12605
3795	925.339	323	0.127231
3796	925.583	315	0.12408
3797	925.827	278	0.109506
3798	926.071	284	0.111869
3799	926.315	331	0.130383
3800	926.559	324	0.127625
3801	926.803	318	0.125262
3802	927.047	334	0.131564
3803	927.290	313	0.123292
3804	927.534	285	0.112263
3805	927.778	295	0.116202
3806	928.022	323	0.127231
3807	928.266	293	0.115414
3808	928.510	304	0.119747
3809	928.754	344	0.135503
3810	928.997	306	0.120535
3811	929.241	335	0.131958
3812	929.485	317	0.124868
3813	929.729	315	0.12408
3814	929.973	343	0.13511
3815	930.217	326	0.128413
3816	930.461	322	0.126838
3817	930.704	304	0.119747
3818	930.948	337	0.132746
3819	931.192	332	0.130777
3820	931.436	324	0.127625
3821	931.680	322	0.126838
3822	931.924	332	0.130777
3823	932.168	312	0.122899
3824	932.412	305	0.120141
3825	932.655	345	0.135897
3826	932.899	322	0.126838
3827	933.143	344	0.135503
3828	933.387	309	0.121717
3829	933.631	298	0.117384
3830	933.875	325	0.128019
3831	934.119	327	0.128807
3832	934.362	336	0.132352
3833	934.606	339	0.133534
3834	934.850	337	0.132746
3835	935.094	317	0.124868
3836	935.338	321	0.126444
3837	935.582	349	0.137473
3838	935.826	307	0.120929
3839	936.070	293	0.115414
3840	936.313	335	0.131958
3841	936.557	317	0.124868
3842	936.801	310	0.122111
3843	937.045	353	0.139049
3844	937.289	298	0.117384
3845	937.533	330	0.129989
3846	937.777	360	0.141806
3847	938.020	319	0.125656
3848	938.264	328	0.129201
3849	938.508	324	0.127625
3850	938.752	339	0.133534
3851	938.996	356	0.14023
3852	939.240	304	0.119747
3853	939.484	318	0.125262
3854	939.727	315	0.12408
3855	939.971	321	0.126444
3856	940.215	346	0.136291
3857	940.459	333	0.131171
3858	940.703	335	0.131958
3859	940.947	343	0.13511
3860	941.191	327	0.128807
3861	941.435	345	0.135897
3862	941.678	310	0.122111
3863	941.922	347	0.136685
3864	942.166	339	0.133534
3865	942.410	350	0.137867
3866	942.654	320	0.12605
3867	942.898	326	0.128413
3868	943.142	339	0.133534
3869	943.385	318	0.125262
3870	943.629	364	0.143382
3871	943.873	321	0.126444
3872	944.117	317	0.124868
3873	944.361	363	0.142988
3874	944.605	327	0.128807
3875	944.849	337	0.132746
3876	945.092	332	0.130777
3877	945.336	327	0.128807
3878	945.580	332	0.130777
3879	945.824	358	0.141018
3880	946.068	317	0.124868
3881	946.312	338	0.13314
3882	946.556	323	0.127231
3883	946.800	355	0.139836
3884	947.043	357	0.140624
3885	947.287	318	0.125262
3886	947.531	325	0.128019
3887	947.775	338	0.13314
3888	948.019	372	0.146533
3889	948.263	336	0.132352
3890	948.507	352	0.138655
3891	948.750	352	0.138655
3892	948.994	311	0.122505
3893	949.238	384	0.15126
3894	949.482	340	0.133928
3895	949.726	318	0.125262
3896	949.970	364	0.143382
3897	950.214	340	0.133928
3898	950.458	351	0.138261
3899	950.701	344	0.135503
3900	950.945	353	0.139049
3901	951.189	351	0.138261
3902	951.433	339	0.133534
3903	951.677	325	0.128019
3904	951.921	301	0.118566
3905	952.165	308	0.121323
3906	952.408	347	0.136685
3907	952.652	341	0.134322
3908	952.896	324	0.127625
3909	953.140	356	0.14023
3910	953.384	345	0.135897
3911	953.628	335	0.131958
3912	953.872	340	0.133928
3913	954.115	345	0.135897
3914	954.359	324	0.127625
3915	954.603	358	0.141018
3916	954.847	358	0.141018
3917	955.091	316	0.124474
3918	955.335	343	0.13511
3919	955.579	347	0.136685
3920	955.823	327	0.128807
3921	956.066	330	0.129989
3922	956.310	332	0.130777
3923	956.554	328	0.129201
3924	956.798	293	0.115414
3925	957.042	334	0.131564
3926	957.286	370	0.145745
3927	957.530	335	0.131958
3928	957.773	349	0.137473
3929	958.017	386	0.152048
3930	958.261	352	0.138655
3931	958.505	367	0.144563
3932	958.749	323	0.127231
3933	958.993	337	0.132746
3934	959.237	309	0.121717
3935	959.481	345	0.135897
3936	959.724	334	0.131564
3937	959.968	315	0.12408
3938	960.212	334	0.131564
3939	960.456	326	0.128413
3940	960.700	278	0.109506
3941	960.944	350	0.137867
3942	961.188	315	0.12408
3943	961.431	344	0.135503
3944	961.675	329	0.129595
3945	961.919	344	0.135503
3946	962.163	320	0.12605
3947	962.407	338	0.13314
3948	962.651	305	0.120141
3949	962.895	323	0.127231
3950	963.138	317	0.124868
3951	963.382	299	0.117778
3952	963.626	316	0.124474
3953	963.870	306	0.120535
3954	964.114	309	0.121717
3955	964.358	328	0.129201
3956	964.602	286	0.112657
3957	964.846	328	0.129201
3958	965.089	309	0.121717
3959	965.333	293	0.115414
3960	965.577	277	0.109112
3961	965.821	300	0.118172
3962	966.065	277	0.109112
3963	966.309	300	0.118172
3964	966.553	300	0.118172
3965	966.796	279	0.1099
3966	967.040	288	0.113445
3967	967.284	277	0.109112
3968	967.528	264	0.103991
3969	967.772	265	0.104385
3970	968.016	289	0.113839
3971	968.260	315	0.12408
3972	968.503	282	0.111081
3973	968.747	257	0.101234
3974	968.991	274	0.10793
3975	969.235	265	0.104385
3976	969.479	259	0.102022
3977	969.723	284	0.111869
3978	969.967	257	0.101234
3979	970.211	277	0.109112
3980	970.454	267	0.105173
3981	970.698	282	0.111081
3982	970.942	258	0.101628
3983	971.186	257	0.101234
3984	971.430	270	0.106354
3985	971.674	275	0.108324
3986	971.918	241	0.0949312
3987	972.161	253	0.0996581
3988	972.405	303	0.119353
3989	972.649	296	0.116596
3990	972.893	231	0.0909922
3991	973.137	273	0.107536
3992	973.381	268	0.105567
3993	973.625	263	0.103597
3994	973.869	243	0.095719
3995	974.112	276	0.108718
3996	974.356	255	0.100446
3997	974.600	259	0.102022
3998	974.844	267	0.105173
3999	975.088	261	0.102809
4000	975.332	254	0.100052
4001	975.576	272	0.107142
4002	975.819	258	0.101628
4003	976.063	270	0.106354
4004	976.307	240	0.0945373
4005	976.551	262	0.103203
4006	976.795	286	0.112657
4007	977.039	254	0.100052
4008	977.283	249	0.0980825
4009	977.526	256	0.10084
4010	977.770	244	0.0961129
4011	978.014	270	0.106354
4012	978.258	263	0.103597
4013	978.502	244	0.0961129
4014	978.746	268	0.105567
4015	978.990	272	0.107142
4016	979.234	277	0.109112
4017	979.477	242	0.0953251
4018	979.721	245	0.0965068
4019	979.965	240	0.0945373
4020	980.209	253	0.0996581
4021	980.453	253	0.0996581
4022	980.697	261	0.102809
4023	980.941	229	0.0902044
4024	981.184	280	0.110294
4025	981.428	285	0.112263
4026	981.672	234	0.0921739
4027	981.916	252	0.0992642
4028	982.160	243	0.095719
4029	982.404	270	0.106354
4030	982.648	242	0.0953251
4031	982.891	254	0.100052
4032	983.135	271	0.106748
4033	983.379	265	0.104385
4034	983.623	271	0.106748
4035	983.867	267	0.105173
4036	984.111	262	0.103203
4037	984.355	259	0.102022
4038	984.599	240	0.0945373
4039	984.842	229	0.0902044
4040	985.086	264	0.103991
4041	985.330	267	0.105173
4042	985.574	260	0.102415
4043	985.818	226	0.0890226
4044	986.062	267	0.105173
4045	986.306	275	0.108324
4046	986.549	245	0.0965068
4047	986.793	257	0.101234
4048	987.037	261	0.102809
4049	987.281	259	0.102022
4050	987.525	260	0.102415
4051	987.769	261	0.102809
4052	988.013	267	0.105173
4053	988.257	250	0.0984764
4054	988.500	267	0.105173
4055	988.744	250	0.0984764
4056	988.988	257	0.101234
4057	989.232	244	0.0961129
4058	989.476	247	0.0972947
4059	989.720	275	0.108324
4060	989.964	259	0.102022
4061	990.207	250	0.0984764
4062	990.451	243	0.095719
4063	990.695	242	0.0953251
4064	990.939	265	0.104385
4065	991.183	254	0.100052
4066	991.427	279	0.1099
4067	991.671	256	0.10084
4068	991.914	230	0.0905983
4069	992.158	257	0.101234
4070	992.402	250	0.0984764
4071	992.646	259	0.102022
4072	992.890	246	0.0969008
4073	993.134	254	0.100052
4074	993.378	235	0.0925678
4075	993.622	239	0.0941434
4076	993.865	252	0.0992642
4077	994.109	246	0.0969008
4078	994.353	260	0.102415
4079	994.597	258	0.101628
4080	994.841	255	0.100446
4081	995.085	237	0.0933556
4082	995.329	260	0.102415
4083	995.572	292	0.11502
4084	995.816	239	0.0941434
4085	996.060	208	0.0819323
4086	996.304	235	0.0925678
4087	996.548	259	0.102022
4088	996.792	240	0.0945373
4089	997.036	249	0.0980825
4090	997.279	238	0.0937495
4091	997.523	246	0.0969008
4092	997.767	218	0.0858714
4093	998.011	243	0.095719
4094	998.255	248	0.0976886
4095	998.499	241	0.0949312
4096	998.743	252	0.0992642
4097	998.987	252	0.0992642
4098	999.230	210	0.0827202
4099	999.474	241	0.0949312
4100	999.718	241	0.0949312
4101	999.962	246	0.0969008
4102	1000.206	258	0.101628
4103	1000.450	231	0.0909922
4104	1000.694	235	0.0925678
4105	1000.937	253	0.0996581
4106	1001.181	236	0.0929617
4107	1001.425	240	0.0945373
4108	1001.669	227	0.0894165
4109	1001.913	236	0.0929617
4110	1002.157	250	0.0984764
4111	1002.401	246	0.0969008
4112	1002.645	247	0.0972947
4113	1002.888	259	0.102022
4114	1003.132	275	0.108324
4115	1003.376	241	0.0949312
4116	1003.620	252	0.0992642
4117	1003.864	245	0.0965068
4118	1004.108	284	0.111869
4119	1004.352	241	0.0949312
4120	1004.595	252	0.0992642
4121	1004.839	258	0.101628
4122	1005.083	241	0.0949312
4123	1005.327	267	0.105173
4124	1005.571	234	0.0921739
4125	1005.815	243	0.095719
4126	1006.059	255	0.100446
4127	1006.302	260	0.102415
4128	1006.546	272	0.107142
4129	1006.790	285	0.112263
4130	1007.034	250	0.0984764
4131	1007.278	257	0.101234
4132	1007.522	236	0.0929617
4133	1007.766	251	0.0988703
4134	1008.010	241	0.0949312
4135	1008.253	232	0.0913861
4136	1008.497	228	0.0898105
4137	1008.741	234	0.0921739
4138	1008.985	233	0.09178
4139	1009.229	262	0.103203
4140	1009.473	258	0.101628
4141	1009.717	225	0.0886287
4142	1009.960	231	0.0909922
4143	1010.204	236	0.0929617
4144	1010.448	229	0.0902044
4145	1010.692	248	0.0976886
4146	1010.936	229	0.0902044
4147	1011.180	229	0.0902044
4148	1011.424	226	0.0890226
4149	1011.668	194	0.0764177
4150	1011.911	227	0.0894165
4151	1012.155	225	0.0886287
4152	1012.399	237	0.0933556
4153	1012.643	236	0.0929617
4154	1012.887	269	0.105961
4155	1013.131	251	0.0988703
4156	1013.375	229	0.0902044
4157	1013.618	237	0.0933556
4158	1013.862	241	0.0949312
4159	1014.106	235	0.0925678
4160	1014.350	250	0.0984764
4161	1014.594	241	0.0949312
4162	1014.838	217	0.0854775
4163	1015.082	237	0.0933556
4164	1015.325	229	0.0902044
4165	1015.569	238	0.0937495
4166	1015.813	241	0.0949312
4167	1016.057	235	0.0925678
4168	1016.301	265	0.104385
4169	1016.545	219	0.0862653
4170	1016.789	269	0.105961
4171	1017.033	227	0.0894165
4172	1017.276	281	0.110687
4173	1017.520	226	0.0890226
4174	1017.764	222	0.087447
4175	1018.008	243	0.095719
4176	1018.252	230	0.0905983
4177	1018.496	257	0.101234
4178	1018.740	234	0.0921739
4179	1018.983	211	0.0831141
4180	1019.227	249	0.0980825
4181	1019.471	238	0.0937495
4182	1019.715	218	0.0858714
4183	1019.959	246	0.0969008
4184	1020.203	237	0.0933556
4185	1020.447	251	0.0988703
4186	1020.690	241	0.0949312
4187	1020.934	251	0.0988703
4188	1021.178	226	0.0890226
4189	1021.422	239	0.0941434
4190	1021.666	232	0.0913861
4191	1021.910	240	0.0945373
4192	1022.154	244	0.0961129
4193	1022.398	224	0.0882348
4194	1022.641	257	0.101234
4195	1022.885	221	0.0870531
4196	1023.129	245	0.0965068
4197	1023.373	251	0.0988703
4198	1023.617	243	0.095719
4199	1023.861	227	0.0894165
4200	1024.105	221	0.0870531
4201	1024.348	225	0.0886287
4202	1024.592	224	0.0882348
4203	1024.836	251	0.0988703
4204	1025.080	219	0.0862653
4205	1025.324	225	0.0886287
4206	1025.568	235	0.0925678
4207	1025.812	219	0.0862653
4208	1026.056	236	0.0929617
4209	1026.299	222	0.087447
4210	1026.543	245	0.0965068
4211	1026.787	269	0.105961
4212	1027.031	248	0.0976886
4213	1027.275	236	0.0929617
4214	1027.519	231	0.0909922
4215	1027.763	261	0.102809
4216	1028.006	240	0.0945373
4217	1028.250	235	0.0925678
4218	1028.494	277	0.109112
4219	1028.738	242	0.0953251
4220	1028.982	257	0.101234
4221	1029.226	277	0.109112
4222	1029.470	212	0.083508
4223	1029.713	248	0.0976886
4224	1029.957	213	0.0839019
4225	1030.201	234	0.0921739
4226	1030.445	231	0.0909922
4227	1030.689	248	0.0976886
4228	1030.933	250	0.0984764
4229	1031.177	229	0.0902044
4230	1031.421	216	0.0850836
4231	1031.664	223	0.0878409
4232	1031.908	234	0.0921739
4233	1032.152	245	0.0965068
4234	1032.396	257	0.101234
4235	1032.640	239	0.0941434
4236	1032.884	229	0.0902044
4237	1033.128	235	0.0925678
4238	1033.371	229	0.0902044
4239	1033.615	257	0.101234
4240	1033.859	228	0.0898105
4241	1034.103	224	0.0882348
4242	1034.347	221	0.0870531
4243	1034.591	243	0.095719
4244	1034.835	275	0.108324
4245	1035.078	245	0.0965068
4246	1035.322	232	0.0913861
4247	1035.566	253	0.0996581
4248	1035.810	239	0.0941434
4249	1036.054	245	0.0965068
4250	1036.298	227	0.0894165
4251	1036.542	248	0.0976886
4252	1036.786	230	0.0905983
4253	1037.029	238	0.0937495
4254	1037.273	220	0.0866592
4255	1037.517	219	0.0862653
4256	1037.761	246	0.0969008
4257	1038.005	249	0.0980825
4258	1038.249	210	0.0827202
4259	1038.493	234	0.0921739
4260	1038.736	240	0.0945373
4261	1038.980	238	0.0937495
4262	1039.224	236	0.0929617
4263	1039.468	251	0.0988703
4264	1039.712	229	0.0902044
4265	1039.956	243	0.095719
4266	1040.200	234	0.0921739
4267	1040.444	192	0.0756299
4268	1040.687	217	0.0854775
4269	1040.931	236	0.0929617
4270	1041.175	250	0.0984764
4271	1041.419	233	0.09178
4272	1041.663	243	0.095719
4273	1041.907	227	0.0894165
4274	1042.151	241	0.0949312
4275	1042.394	218	0.0858714
4276	1042.638	239	0.0941434
4277	1042.882	235	0.0925678
4278	1043.126	229	0.0902044
4279	1043.370	243	0.095719
4280	1043.614	213	0.0839019
4281	1043.858	275	0.108324
4282	1044.101	218	0.0858714
4283	1044.345	230	0.0905983
4284	1044.589	235	0.0925678
4285	1044.833	224	0.0882348
4286	1045.077	225	0.0886287
4287	1045.321	245	0.0965068
4288	1045.565	235	0.0925678
4289	1045.809	233	0.09178
4290	1046.052	230	0.0905983
4291	1046.296	234	0.0921739
4292	1046.540	243	0.095719
4293	1046.784	209	0.0823262
4294	1047.028	224	0.0882348
4295	1047.272	230	0.0905983
4296	1047.516	232	0.0913861
4297	1047.759	234	0.0921739
4298	1048.003	253	0.0996581
4299	1048.247	223	0.0878409
4300	1048.491	229	0.0902044
4301	1048.735	204	0.0803567
4302	1048.979	244	0.0961129
4303	1049.223	251	0.0988703
4304	1049.466	235	0.0925678
4305	1049.710	209	0.0823262
4306	1049.954	234	0.0921739
4307	1050.198	230	0.0905983
4308	1050.442	215	0.0846897
4309	1050.686	243	0.095719
4310	1050.930	237	0.0933556
4311	1051.174	229	0.0902044
4312	1051.417	230	0.0905983
4313	1051.661	222	0.087447
4314	1051.905	225	0.0886287
4315	1052.149	244	0.0961129
4316	1052.393	185	0.0728725
4317	1052.637	247	0.0972947
4318	1052.881	234	0.0921739
4319	1053.124	239	0.0941434
4320	1053.368	222	0.087447
4321	1053.612	222	0.087447
4322	1053.856	263	0.103597
4323	1054.100	229	0.0902044
4324	1054.344	226	0.0890226
4325	1054.588	223	0.0878409
4326	1054.832	202	0.0795689
4327	1055.075	242	0.0953251
4328	1055.319	225	0.0886287
4329	1055.563	229	0.0902044
4330	1055.807	240	0.0945373
4331	1056.051	246	0.0969008
4332	1056.295	220	0.0866592
4333	1056.539	213	0.0839019
4334	1056.782	216	0.0850836
4335	1057.026	232	0.0913861
4336	1057.270	220	0.0866592
4337	1057.514	210	0.0827202
4338	1057.758	239	0.0941434
4339	1058.002	211	0.0831141
4340	1058.246	215	0.0846897
4341	1058.489	246	0.0969008
4342	1058.733	221	0.0870531
4343	1058.977	218	0.0858714
4344	1059.221	220	0.0866592
4345	1059.465	224	0.0882348
4346	1059.709	245	0.0965068
4347	1059.953	223	0.0878409
4348	1060.197	221	0.0870531
4349	1060.440	213	0.0839019
4350	1060.684	205	0.0807506
4351	1060.928	234	0.0921739
4352	1061.172	231	0.0909922
4353	1061.416	234	0.0921739
4354	1061.660	227	0.0894165
4355	1061.904	230	0.0905983
4356	1062.147	210	0.0827202
4357	1062.391	245	0.0965068
4358	1062.635	224	0.0882348
4359	1062.879	243	0.095719
4360	1063.123	209	0.0823262
4361	1063.367	203	0.0799628
4362	1063.611	232	0.0913861
4363	1063.855	222	0.087447
4364	1064.098	210	0.0827202
4365	1064.342	241	0.0949312
4366	1064.586	224	0.0882348
4367	1064.830	253	0.0996581
4368	1065.074	231	0.0909922
4369	1065.318	241	0.0949312
4370	1065.562	251	0.0988703
4371	1065.805	219	0.0862653
4372	1066.049	228	0.0898105
4373	1066.293	213	0.0839019
4374	1066.537	217	0.0854775
4375	1066.781	219	0.0862653
4376	1067.025	229	0.0902044
4377	1067.269	215	0.0846897
4378	1067.512	218	0.0858714
4379	1067.756	194	0.0764177
4380	1068.000	229	0.0902044
4381	1068.244	223	0.0878409
4382	1068.488	221	0.0870531
4383	1068.732	246	0.0969008
4384	1068.976	219	0.0862653
4385	1069.220	215	0.0846897
4386	1069.463	191	0.0752359
4387	1069.707	221	0.0870531
4388	1069.951	231	0.0909922
4389	1070.195	234	0.0921739
4390	1070.439	228	0.0898105
4391	1070.683	235	0.0925678
4392	1070.927	230	0.0905983
4393	1071.170	250	0.0984764
4394	1071.414	228	0.0898105
4395	1071.658	214	0.0842958
4396	1071.902	237	0.0933556
4397	1072.146	214	0.0842958
4398	1072.390	248	0.0976886
4399	1072.634	245	0.0965068
4400	1072.877	259	0.102022
4401	1073.121	239	0.0941434
4402	1073.365	222	0.087447
4403	1073.609	230	0.0905983
4404	1073.853	239	0.0941434
4405	1074.097	264	0.103991
4406	1074.341	243	0.095719
4407	1074.585	216	0.0850836
4408	1074.828	230	0.0905983
4409	1075.072	244	0.0961129
4410	1075.316	230	0.0905983
4411	1075.560	215	0.0846897
4412	1075.804	246	0.0969008
4413	1076.048	241	0.0949312
4414	1076.292	210	0.0827202
4415	1076.535	226	0.0890226
4416	1076.779	230	0.0905983
4417	1077.023	219	0.0862653
4418	1077.267	219	0.0862653
4419	1077.511	252	0.0992642
4420	1077.755	218	0.0858714
4421	1077.999	238	0.0937495
4422	1078.243	201	0.079175
4423	1078.486	243	0.095719
4424	1078.730	212	0.083508
4425	1078.974	238	0.0937495
4426	1079.218	247	0.0972947
4427	1079.462	209	0.0823262
4428	1079.706	214	0.0842958
4429	1079.950	216	0.0850836
4430	1080.193	238	0.0937495
4431	1080.437	218	0.0858714
4432	1080.681	219	0.0862653
4433	1080.925	203	0.0799628
4434	1081.169	240	0.0945373
4435	1081.413	215	0.0846897
4436	1081.657	232	0.0913861
4437	1081.900	210	0.0827202
4438	1082.144	254	0.100052
4439	1082.388	219	0.0862653
4440	1082.632	250	0.0984764
4441	1082.876	249	0.0980825
4442	1083.120	222	0.087447
4443	1083.364	238	0.0937495
4444	1083.608	235	0.0925678
4445	1083.851	205	0.0807506
4446	1084.095	242	0.0953251
4447	1084.339	237	0.0933556
4448	1084.583	235	0.0925678
4449	1084.827	225	0.0886287
4450	1085.071	247	0.0972947
4451	1085.315	242	0.0953251
4452	1085.558	226	0.0890226
4453	1085.802	233	0.09178
4454	1086.046	258	0.101628
4455	1086.290	235	0.0925678
4456	1086.534	262	0.103203
4457	1086.778	240	0.0945373
4458	1087.022	241	0.0949312
4459	1087.265	239	0.0941434
4460	1087.509	239	0.0941434
4461	1087.753	254	0.100052
4462	1087.997	206	0.0811445
4463	1088.241	221	0.0870531
4464	1088.485	247	0.0972947
4465	1088.729	225	0.0886287
4466	1088.973	228	0.0898105
4467	1089.216	223	0.0878409
4468	1089.460	265	0.104385
4469	1089.704	218	0.0858714
4470	1089.948	233	0.09178
4471	1090.192	217	0.0854775
4472	1090.436	243	0.095719
4473	1090.680	270	0.106354
4474	1090.923	252	0.0992642
4475	1091.167	263	0.103597
4476	1091.411	215	0.0846897
4477	1091.655	246	0.0969008
4478	1091.899	244	0.0961129
4479	1092.143	252	0.0992642
4480	1092.387	220	0.0866592
4481	1092.631	234	0.0921739
4482	1092.874	246	0.0969008
4483	1093.118	245	0.0965068
4484	1093.362	228	0.0898105
4485	1093.606	265	0.104385
4486	1093.850	242	0.0953251
4487	1094.094	267	0.105173
4488	1094.338	232	0.0913861
4489	1094.581	242	0.0953251
4490	1094.825	250	0.0984764
4491	1095.069	257	0.101234
4492	1095.313	240	0.0945373
4493	1095.557	236	0.0929617
4494	1095.801	229	0.0902044
4495	1096.045	241	0.0949312
4496	1096.288	253	0.0996581
4497	1096.532	228	0.0898105
4498	1096.776	231	0.0909922
4499	1097.020	243	0.095719
4500	1097.264	228	0.0898105
4501	1097.508	262	0.103203
4502	1097.752	225	0.0886287
4503	1097.996	252	0.0992642
4504	1098.239	234	0.0921739
4505	1098.483	271	0.106748
4506	1098.727	232	0.0913861
4507	1098.971	263	0.103597
4508	1099.215	232	0.0913861
4509	1099.459	269	0.105961
4510	1099.703	249	0.0980825
4511	1099.946	257	0.101234
4512	1100.190	244	0.0961129
4513	1100.434	231	0.0909922
4514	1100.678	235	0.0925678
4515	1100.922	250	0.0984764
4516	1101.166	203	0.0799628
4517	1101.410	238	0.0937495
4518	1101.653	255	0.100446
4519	1101.897	263	0.103597
4520	1102.141	251	0.0988703
4521	1102.385	248	0.0976886
4522	1102.629	246	0.0969008
4523	1102.873	278	0.109506
4524	1103.117	248	0.0976886
4525	1103.361	231	0.0909922
4526	1103.604	243	0.095719
4527	1103.848	282	0.111081
4528	1104.092	254	0.100052
4529	1104.336	267	0.105173
4530	1104.580	248	0.0976886
4531	1104.824	213	0.0839019
4532	1105.068	263	0.103597
4533	1105.311	268	0.105567
4534	1105.555	249	0.0980825
4535	1105.799	249	0.0980825
4536	1106.043	247	0.0972947
4537	1106.287	245	0.0965068
4538	1106.531	239	0.0941434
4539	1106.775	279	0.1099
4540	1107.019	235	0.0925678
4541	1107.262	272	0.107142
4542	1107.506	239	0.0941434
4543	1107.750	251	0.0988703
4544	1107.994	261	0.102809
4545	1108.238	252	0.0992642
4546	1108.482	236	0.0929617
4547	1108.726	245	0.0965068
4548	1108.969	248	0.0976886
4549	1109.213	257	0.101234
4550	1109.457	223	0.0878409
4551	1109.701	274	0.10793
4552	1109.945	258	0.101628
4553	1110.189	251	0.0988703
4554	1110.433	251	0.0988703
4555	1110.676	268	0.105567
4556	1110.920	229	0.0902044
4557	1111.164	197	0.0775994
4558	1111.408	262	0.103203
4559	1111.652	252	0.0992642
4560	1111.896	251	0.0988703
4561	1112.140	257	0.101234
4562	1112.384	257	0.101234
4563	1112.627	221	0.0870531
4564	1112.871	268	0.105567
4565	1113.115	266	0.104779
4566	1113.359	248	0.0976886
4567	1113.603	258	0.101628
4568	1113.847	253	0.0996581
4569	1114.091	248	0.0976886
4570	1114.334	242	0.0953251
4571	1114.578	239	0.0941434
4572	1114.822	216	0.0850836
4573	1115.066	237	0.0933556
4574	1115.310	262	0.103203
4575	1115.554	275	0.108324
4576	1115.798	250	0.0984764
4577	1116.042	230	0.0905983
4578	1116.285	264	0.103991
4579	1116.529	225	0.0886287
4580	1116.773	253	0.0996581
4581	1117.017	237	0.0933556
4582	1117.261	262	0.103203
4583	1117.505	259	0.102022
4584	1117.749	228	0.0898105
4585	1117.992	214	0.0842958
4586	1118.236	244	0.0961129
4587	1118.480	225	0.0886287
4588	1118.724	215	0.0846897
4589	1118.968	206	0.0811445
4590	1119.212	235	0.0925678
4591	1119.456	224	0.0882348
4592	1119.699	227	0.0894165
4593	1119.943	230	0.0905983
4594	1120.187	223	0.0878409
4595	1120.431	207	0.0815384
4596	1120.675	192	0.0756299
4597	1120.919	206	0.0811445
4598	1121.163	217	0.0854775
4599	1121.407	218	0.0858714
4600	1121.650	208	0.0819323
4601	1121.894	214	0.0842958
4602	1122.138	214	0.0842958
4603	1122.382	184	0.0724786
4604	1122.626	180	0.070903
4605	1122.870	195	0.0768116
4606	1123.114	184	0.0724786
4607	1123.357	174	0.0685396
4608	1123.601	205	0.0807506
4609	1123.845	166	0.0653883
4610	1124.089	187	0.0736603
4611	1124.333	198	0.0779933
4612	1124.577	170	0.0669639
4613	1124.821	207	0.0815384
4614	1125.064	193	0.0760238
4615	1125.308	191	0.0752359
4616	1125.552	216	0.0850836
4617	1125.796	185	0.0728725
4618	1126.040	196	0.0772055
4619	1126.284	172	0.0677517
4620	1126.528	194	0.0764177
4621	1126.772	155	0.0610554
4622	1127.015	180	0.070903
4623	1127.259	185	0.0728725
4624	1127.503	188	0.0740542
4625	1127.747	200	0.0787811
4626	1127.991	169	0.06657
4627	1128.235	194	0.0764177
4628	1128.479	172	0.0677517
4629	1128.722	186	0.0732664
4630	1128.966	182	0.0716908
4631	1129.210	165	0.0649944
4632	1129.454	174	0.0685396
4633	1129.698	191	0.0752359
4634	1129.942	189	0.0744481
4635	1130.186	191	0.0752359
4636	1130.430	187	0.0736603
4637	1130.673	186	0.0732664
4638	1130.917	183	0.0720847
4639	1131.161	184	0.0724786
4640	1131.405	167	0.0657822
4641	1131.649	168	0.0661761
4642	1131.893	183	0.0720847
4643	1132.137	186	0.0732664
4644	1132.380	213	0.0839019
4645	1132.624	159	0.062631
4646	1132.868	164	0.0646005
4647	1133.112	173	0.0681457
4648	1133.356	187	0.0736603
4649	1133.600	170	0.0669639
4650	1133.844	162	0.0638127
4651	1134.087	153	0.0602675
4652	1134.331	172	0.0677517
4653	1134.575	171	0.0673578
4654	1134.819	167	0.0657822
4655	1135.063	181	0.0712969
4656	1135.307	190	0.074842
4657	1135.551	165	0.0649944
4658	1135.795	181	0.0712969
4659	1136.038	169	0.06657
4660	1136.282	182	0.0716908
4661	1136.526	152	0.0598736
4662	1136.770	177	0.0697213
4663	1137.014	166	0.0653883
4664	1137.258	179	0.0705091
4665	1137.502	166	0.0653883
4666	1137.745	202	0.0795689
4667	1137.989	183	0.0720847
4668	1138.233	181	0.0712969
4669	1138.477	188	0.0740542
4670	1138.721	170	0.0669639
4671	1138.965	185	0.0728725
4672	1139.209	175	0.0689335
4673	1139.452	173	0.0681457
4674	1139.696	165	0.0649944
4675	1139.940	173	0.0681457
4676	1140.184	186	0.0732664
4677	1140.428	161	0.0634188
4678	1140.672	183	0.0720847
4679	1140.916	180	0.070903
4680	1141.160	168	0.0661761
4681	1141.403	166	0.0653883
4682	1141.647	175	0.0689335
4683	1141.891	195	0.0768116
4684	1142.135	170	0.0669639
4685	1142.379	176	0.0693274
4686	1142.623	168	0.0661761
4687	1142.867	190	0.074842
4688	1143.110	173	0.0681457
4689	1143.354	173	0.0681457
4690	1143.598	171	0.0673578
4691	1143.842	145	0.0571163
4692	1144.086	176	0.0693274
4693	1144.330	165	0.0649944
4694	1144.574	200	0.0787811
4695	1144.818	169	0.06657
4696	1145.061	150	0.0590858
4697	1145.305	175	0.0689335
4698	1145.549	159	0.062631
4699	1145.793	180	0.070903
4700	1146.037	181	0.0712969
4701	1146.281	148	0.058298
4702	1146.525	155	0.0610554
4703	1146.768	179	0.0705091
4704	1147.012	157	0.0618432
4705	1147.256	151	0.0594797
4706	1147.500	165	0.0649944
4707	1147.744	168	0.0661761
4708	1147.988	178	0.0701152
4709	1148.232	164	0.0646005
4710	1148.475	161	0.0634188
4711	1148.719	153	0.0602675
4712	1148.963	161	0.0634188
4713	1149.207	164	0.0646005
4714	1149.451	156	0.0614493
4715	1149.695	146	0.0575102
4716	1149.939	168	0.0661761
4717	1150.183	172	0.0677517
4718	1150.426	167	0.0657822
4719	1150.670	165	0.0649944
4720	1150.914	149	0.0586919
4721	1151.158	154	0.0606614
4722	1151.402	159	0.062631
4723	1151.646	159	0.062631
4724	1151.890	165	0.0649944
4725	1152.133	177	0.0697213
4726	1152.377	172	0.0677517
4727	1152.621	167	0.0657822
4728	1152.865	177	0.0697213
4729	1153.109	160	0.0630249
4730	1153.353	171	0.0673578
4731	1153.597	177	0.0697213
4732	1153.841	163	0.0642066
4733	1154.084	148	0.058298
4734	1154.328	152	0.0598736
4735	1154.572	146	0.0575102
4736	1154.816	148	0.058298
4737	1155.060	154	0.0606614
4738	1155.304	180	0.070903
4739	1155.548	166	0.0653883
4740	1155.791	168	0.0661761
4741	1156.035	160	0.0630249
4742	1156.279	170	0.0669639
4743	1156.523	164	0.0646005
4744	1156.767	176	0.0693274
4745	1157.011	162	0.0638127
4746	1157.255	148	0.058298
4747	1157.498	165	0.0649944
4748	1157.742	165	0.0649944
4749	1157.986	152	0.0598736
4750	1158.230	169	0.06657
4751	1158.474	159	0.062631
4752	1158.718	169	0.06657
4753	1158.962	174	0.0685396
4754	1159.206	158	0.0622371
4755	1159.449	167	0.0657822
4756	1159.693	141	0.0555407
4757	1159.937	157	0.0618432
4758	1160.181	157	0.0618432
4759	1160.425	180	0.070903
4760	1160.669	164	0.0646005
4761	1160.913	158	0.0622371
4762	1161.156	149	0.0586919
4763	1161.400	158	0.0622371
4764	1161.644	167	0.0657822
4765	1161.888	161	0.0634188
4766	1162.132	150	0.0590858
4767	1162.376	167	0.0657822
4768	1162.620	167	0.0657822
4769	1162.863	141	0.0555407
4770	1163.107	180	0.070903
4771	1163.351	172	0.0677517
4772	1163.595	169	0.06657
4773	1163.839	162	0.0638127
4774	1164.083	171	0.0673578
4775	1164.327	162	0.0638127
4776	1164.571	153	0.0602675
4777	1164.814	159	0.062631
4778	1165.058	183	0.0720847
4779	1165.302	156	0.0614493
4780	1165.546	145	0.0571163
4781	1165.790	192	0.0756299
4782	1166.034	142	0.0559346
4783	1166.278	164	0.0646005
4784	1166.521	159	0.062631
4785	1166.765	141	0.0555407
4786	1167.009	162	0.0638127
4787	1167.253	161	0.0634188
4788	1167.497	153	0.0602675
4789	1167.741	171	0.0673578
4790	1167.985	157	0.0618432
4791	1168.229	138	0.054359
4792	1168.472	163	0.0642066
4793	1168.716	167	0.0657822
4794	1168.960	157	0.0618432
4795	1169.204	158	0.0622371
4796	1169.448	155	0.0610554
4797	1169.692	157	0.0618432
4798	1169.936	135	0.0531772
4799	1170.179	172	0.0677517
4800	1170.423	181	0.0712969
4801	1170.667	188	0.0740542
4802	1170.911	226	0.0890226
4803	1171.155	239	0.0941434
4804	1171.399	307	0.120929
4805	1171.643	431	0.169773
4806	1171.886	623	0.245403
4807	1172.130	913	0.359636
4808	1172.374	1382	0.544377
4809	1172.618	2082	0.820111
4810	1172.862	2898	1.14154
4811	1173.106	3886	1.53072
4812	1173.350	4996	1.96795
4813	1173.594	5940	2.3398
4814	1173.837	6818	2.68565
4815	1174.081	7566	2.98029
4816	1174.325	7408	2.91805
4817	1174.569	7157	2.81918
4818	1174.813	6663	2.62459
4819	1175.057	5707	2.24802
4820	1175.301	4602	1.81275
4821	1175.544	3497	1.37749
4822	1175.788	2473	0.974128
4823	1176.032	1748	0.688547
4824	1176.276	1138	0.448264
4825	1176.520	796	0.313549
4826	1176.764	502	0.197741
4827	1177.008	359	0.141412
4828	1177.251	275	0.108324
4829	1177.495	200	0.0787811
4830	1177.739	197	0.0775994
4831	1177.983	154	0.0606614
4832	1178.227	175	0.0689335
4833	1178.471	154	0.0606614
4834	1178.715	167	0.0657822
4835	1178.959	157	0.0618432
4836	1179.202	160	0.0630249
4837	1179.446	172	0.0677517
4838	1179.690	162	0.0638127
4839	1179.934	170	0.0669639
4840	1180.178	185	0.0728725
4841	1180.422	162	0.0638127
4842	1180.666	165	0.0649944
4843	1180.909	157	0.0618432
4844	1181.153	153	0.0602675
4845	1181.397	148	0.058298
4846	1181.641	146	0.0575102
4847	1181.885	172	0.0677517
4848	1182.129	198	0.0779933
4849	1182.373	156	0.0614493
4850	1182.617	160	0.0630249
4851	1182.860	154	0.0606614
4852	1183.104	170	0.0669639
4853	1183.348	152	0.0598736
4854	1183.592	176	0.0693274
4855	1183.836	164	0.0646005
4856	1184.080	162	0.0638127
4857	1184.324	166	0.0653883
4858	1184.567	166	0.0653883
4859	1184.811	146	0.0575102
4860	1185.055	174	0.0685396
4861	1185.299	172	0.0677517
4862	1185.543	172	0.0677517
4863	1185.787	145	0.0571163
4864	1186.031	147	0.0579041
4865	1186.274	156	0.0614493
4866	1186.518	188	0.0740542
4867	1186.762	177	0.0697213
4868	1187.006	164	0.0646005
4869	1187.250	161	0.0634188
4870	1187.494	169	0.06657
4871	1187.738	170	0.0669639
4872	1187.982	152	0.0598736
4873	1188.225	154	0.0606614
4874	1188.469	165	0.0649944
4875	1188.713	161	0.0634188
4876	1188.957	137	0.0539651
4877	1189.201	152	0.0598736
4878	1189.445	158	0.0622371
4879	1189.689	164	0.0646005
4880	1189.932	143	0.0563285
4881	1190.176	164	0.0646005
4882	1190.420	128	0.0504199
4883	1190.664	151	0.0594797
4884	1190.908	149	0.0586919
4885	1191.152	150	0.0590858
4886	1191.396	156	0.0614493
4887	1191.639	151	0.0594797
4888	1191.883	161	0.0634188
4889	1192.127	151	0.0594797
4890	1192.371	145	0.0571163
4891	1192.615	136	0.0535711
4892	1192.859	134	0.0527833
4893	1193.103	139	0.0547529
4894	1193.347	154	0.0606614
4895	1193.590	141	0.0555407
4896	1193.834	152	0.0598736
4897	1194.078	146	0.0575102
4898	1194.322	133	0.0523894
4899	1194.566	143	0.0563285
4900	1194.810	152	0.0598736
4901	1195.054	138	0.054359
4902	1195.297	159	0.062631
4903	1195.541	150	0.0590858
4904	1195.785	153	0.0602675
4905	1196.029	157	0.0618432
4906	1196.273	147	0.0579041
4907	1196.517	121	0.0476626
4908	1196.761	159	0.062631
4909	1197.005	140	0.0551468
4910	1197.248	152	0.0598736
4911	1197.492	154	0.0606614
4912	1197.736	135	0.0531772
4913	1197.980	130	0.0512077
4914	1198.224	115	0.0452991
4915	1198.468	124	0.0488443
4916	1198.712	134	0.0527833
4917	1198.955	132	0.0519955
4918	1199.199	113	0.0445113
4919	1199.443	142	0.0559346
4920	1199.687	124	0.0488443
4921	1199.931	118	0.0464808
4922	1200.175	152	0.0598736
4923	1200.419	140	0.0551468
4924	1200.662	107	0.0421479
4925	1200.906	137	0.0539651
4926	1201.150	125	0.0492382
4927	1201.394	123	0.0484504
4928	1201.638	136	0.0535711
4929	1201.882	115	0.0452991
4930	1202.126	145	0.0571163
4931	1202.370	115	0.0452991
4932	1202.613	147	0.0579041
4933	1202.857	117	0.0460869
4934	1203.101	117	0.0460869
4935	1203.345	121	0.0476626
4936	1203.589	117	0.0460869
4937	1203.833	121	0.0476626
4938	1204.077	119	0.0468748
4939	1204.320	143	0.0563285
4940	1204.564	120	0.0472687
4941	1204.808	118	0.0464808
4942	1205.052	110	0.0433296
4943	1205.296	137	0.0539651
4944	1205.540	100	0.0393905
4945	1205.784	130	0.0512077
4946	1206.028	125	0.0492382
4947	1206.271	132	0.0519955
4948	1206.515	119	0.0468748
4949	1206.759	142	0.0559346
4950	1207.003	108	0.0425418
4951	1207.247	116	0.045693
4952	1207.491	142	0.0559346
4953	1207.735	121	0.0476626
4954	1207.978	134	0.0527833
4955	1208.222	124	0.0488443
4956	1208.466	103	0.0405723
4957	1208.710	124	0.0488443
4958	1208.954	100	0.0393905
4959	1209.198	128	0.0504199
4960	1209.442	131	0.0516016
4961	1209.685	127	0.050026
4962	1209.929	113	0.0445113
4963	1210.173	114	0.0449052
4964	1210.417	127	0.050026
4965	1210.661	114	0.0449052
4966	1210.905	110	0.0433296
4967	1211.149	109	0.0429357
4968	1211.393	115	0.0452991
4969	1211.636	119	0.0468748
4970	1211.880	120	0.0472687
4971	1212.124	105	0.0413601
4972	1212.368	112	0.0441174
4973	1212.612	107	0.0421479
4974	1212.856	129	0.0508138
4975	1213.100	100	0.0393905
4976	1213.343	117	0.0460869
4977	1213.587	106	0.041754
4978	1213.831	106	0.041754
4979	1214.075	114	0.0449052
4980	1214.319	108	0.0425418
4981	1214.563	135	0.0531772
4982	1214.807	96	0.0378149
4983	1215.050	111	0.0437235
4984	1215.294	108	0.0425418
4985	1215.538	118	0.0464808
4986	1215.782	115	0.0452991
4987	1216.026	107	0.0421479
4988	1216.270	105	0.0413601
4989	1216.514	109	0.0429357
4990	1216.758	100	0.0393905
4991	1217.001	122	0.0480565
4992	1217.245	115	0.0452991
4993	1217.489	121	0.0476626
4994	1217.733	107	0.0421479
4995	1217.977	91	0.0358454
4996	1218.221	119	0.0468748
4997	1218.465	111	0.0437235
4998	1218.708	95	0.037421
4999	1218.952	111	0.0437235
5000	1219.196	120	0.0472687
5001	1219.440	109	0.0429357
5002	1219.684	128	0.0504199
5003	1219.928	99	0.0389966
5004	1220.172	103	0.0405723
5005	1220.416	113	0.0445113
5006	1220.659	95	0.037421
5007	1220.903	99	0.0389966
5008	1221.147	111	0.0437235
5009	1221.391	97	0.0382088
5010	1221.635	106	0.041754
5011	1221.879	107	0.0421479
5012	1222.123	103	0.0405723
5013	1222.366	100	0.0393905
5014	1222.610	107	0.0421479
5015	1222.854	97	0.0382088
5016	1223.098	99	0.0389966
5017	1223.342	83	0.0326942
5018	1223.586	112	0.0441174
5019	1223.830	102	0.0401784
5020	1224.073	122	0.0480565
5021	1224.317	92	0.0362393
5022	1224.561	110	0.0433296
5023	1224.805	109	0.0429357
5024	1225.049	102	0.0401784
5025	1225.293	107	0.0421479
5026	1225.537	109	0.0429357
5027	1225.781	100	0.0393905
5028	1226.024	116	0.045693
5029	1226.268	108	0.0425418
5030	1226.512	111	0.0437235
5031	1226.756	133	0.0523894
5032	1227.000	98	0.0386027
5033	1227.244	92	0.0362393
5034	1227.488	118	0.0464808
5035	1227.731	114	0.0449052
5036	1227.975	103	0.0405723
5037	1228.219	130	0.0512077
5038	1228.463	89	0.0350576
5039	1228.707	96	0.0378149
5040	1228.951	123	0.0484504
5041	1229.195	104	0.0409662
5042	1229.438	87	0.0342698
5043	1229.682	108	0.0425418
5044	1229.926	120	0.0472687
5045	1230.170	108	0.0425418
5046	1230.414	124	0.0488443
5047	1230.658	107	0.0421479
5048	1230.902	111	0.0437235
5049	1231.146	97	0.0382088
5050	1231.389	111	0.0437235
5051	1231.633	108	0.0425418
5052	1231.877	93	0.0366332
5053	1232.121	106	0.041754
5054	1232.365	91	0.0358454
5055	1232.609	100	0.0393905
5056	1232.853	100	0.0393905
5057	1233.096	95	0.037421
5058	1233.340	89	0.0350576
5059	1233.584	83	0.0326942
5060	1233.828	104	0.0409662
5061	1234.072	122	0.0480565
5062	1234.316	120	0.0472687
5063	1234.560	102	0.0401784
5064	1234.804	116	0.045693
5065	1235.047	101	0.0397845
5066	1235.291	104	0.0409662
5067	1235.535	111	0.0437235
5068	1235.779	93	0.0366332
5069	1236.023	115	0.0452991
5070	1236.267	100	0.0393905
5071	1236.511	90	0.0354515
5072	1236.754	101	0.0397845
5073	1236.998	95	0.037421
5074	1237.242	111	0.0437235
5075	1237.486	91	0.0358454
5076	1237.730	94	0.0370271
5077	1237.974	108	0.0425418
5078	1238.218	95	0.037421
5079	1238.461	95	0.037421
5080	1238.705	100	0.0393905
5081	1238.949	111	0.0437235
5082	1239.193	81	0.0319063
5083	1239.437	92	0.0362393
5084	1239.681	123	0.0484504
5085	1239.925	122	0.0480565
5086	1240.169	78	0.0307246
5087	1240.412	87	0.0342698
5088	1240.656	94	0.0370271
5089	1240.900	106	0.041754
5090	1241.144	92	0.0362393
5091	1241.388	101	0.0397845
5092	1241.632	106	0.041754
5093	1241.876	105	0.0413601
5094	1242.119	105	0.0413601
5095	1242.363	95	0.037421
5096	1242.607	110	0.0433296
5097	1242.851	100	0.0393905
5098	1243.095	113	0.0445113
5099	1243.339	106	0.041754
5100	1243.583	98	0.0386027
5101	1243.826	90	0.0354515
5102	1244.070	99	0.0389966
5103	1244.314	110	0.0433296
5104	1244.558	102	0.0401784
5105	1244.802	98	0.0386027
5106	1245.046	112	0.0441174
5107	1245.290	94	0.0370271
5108	1245.534	99	0.0389966
5109	1245.777	117	0.0460869
5110	1246.021	97	0.0382088
5111	1246.265	95	0.037421
5112	1246.509	80	0.0315124
5113	1246.753	88	0.0346637
5114	1246.997	86	0.0338759
5115	1247.241	92	0.0362393
5116	1247.484	105	0.0413601
5117	1247.728	100	0.0393905
5118	1247.972	96	0.0378149
5119	1248.216	102	0.0401784
5120	1248.460	108	0.0425418
5121	1248.704	107	0.0421479
5122	1248.948	83	0.0326942
5123	1249.192	86	0.0338759
5124	1249.435	100	0.0393905
5125	1249.679	96	0.0378149
5126	1249.923	106	0.041754
5127	1250.167	102	0.0401784
5128	1250.411	105	0.0413601
5129	1250.655	99	0.0389966
5130	1250.899	83	0.0326942
5131	1251.142	97	0.0382088
5132	1251.386	88	0.0346637
5133	1251.630	92	0.0362393
5134	1251.874	104	0.0409662
5135	1252.118	106	0.041754
5136	1252.362	91	0.0358454
5137	1252.606	106	0.041754
5138	1252.849	111	0.0437235
5139	1253.093	93	0.0366332
5140	1253.337	89	0.0350576
5141	1253.581	102	0.0401784
5142	1253.825	105	0.0413601
5143	1254.069	94	0.0370271
5144	1254.313	79	0.0311185
5145	1254.557	101	0.0397845
5146	1254.800	97	0.0382088
5147	1255.044	87	0.0342698
5148	1255.288	92	0.0362393
5149	1255.532	82	0.0323003
5150	1255.776	116	0.045693
5151	1256.020	103	0.0405723
5152	1256.264	110	0.0433296
5153	1256.507	98	0.0386027
5154	1256.751	109	0.0429357
5155	1256.995	102	0.0401784
5156	1257.239	95	0.037421
5157	1257.483	125	0.0492382
5158	1257.727	99	0.0389966
5159	1257.971	116	0.045693
5160	1258.215	80	0.0315124
5161	1258.458	87	0.0342698
5162	1258.702	85	0.033482
5163	1258.946	109	0.0429357
5164	1259.190	112	0.0441174
5165	1259.434	103	0.0405723
5166	1259.678	103	0.0405723
5167	1259.922	84	0.0330881
5168	1260.165	82	0.0323003
5169	1260.409	114	0.0449052
5170	1260.653	99	0.0389966
5171	1260.897	110	0.0433296
5172	1261.141	93	0.0366332
5173	1261.385	92	0.0362393
5174	1261.629	98	0.0386027
5175	1261.872	102	0.0401784
5176	1262.116	84	0.0330881
5177	1262.360	88	0.0346637
5178	1262.604	98	0.0386027
5179	1262.848	94	0.0370271
5180	1263.092	82	0.0323003
5181	1263.336	94	0.0370271
5182	1263.580	114	0.0449052
5183	1263.823	114	0.0449052
5184	1264.067	100	0.0393905
5185	1264.311	92	0.0362393
5186	1264.555	97	0.0382088
5187	1264.799	95	0.037421
5188	1265.043	85	0.033482
5189	1265.287	103	0.0405723
5190	1265.530	109	0.0429357
5191	1265.774	101	0.0397845
5192	1266.018	102	0.0401784
5193	1266.262	88	0.0346637
5194	1266.506	111	0.0437235
5195	1266.750	106	0.041754
5196	1266.994	102	0.0401784
5197	1267.237	93	0.0366332
5198	1267.481	97	0.0382088
5199	1267.725	88	0.0346637
5200	1267.969	103	0.0405723
5201	1268.213	89	0.0350576
5202	1268.457	100	0.0393905
5203	1268.701	81	0.0319063
5204	1268.945	95	0.037421
5205	1269.188	94	0.0370271
5206	1269.432	124	0.0488443
5207	1269.676	108	0.0425418
5208	1269.920	92	0.0362393
5209	1270.164	105	0.0413601
5210	1270.408	121	0.0476626
5211	1270.652	100	0.0393905
5212	1270.895	96	0.0378149
5213	1271.139	105	0.0413601
5214	1271.383	95	0.037421
5215	1271.627	92	0.0362393
5216	1271.871	106	0.041754
5217	1272.115	76	0.0299368
5218	1272.359	91	0.0358454
5219	1272.603	109	0.0429357
5220	1272.846	92	0.0362393
5221	1273.090	93	0.0366332
5222	1273.334	95	0.037421
5223	1273.578	97	0.0382088
5224	1273.822	101	0.0397845
5225	1274.066	98	0.0386027
5226	1274.310	99	0.0389966
5227	1274.553	97	0.0382088
5228	1274.797	92	0.0362393
5229	1275.041	80	0.0315124
5230	1275.285	92	0.0362393
5231	1275.529	85	0.033482
5232	1275.773	112	0.0441174
5233	1276.017	101	0.0397845
5234	1276.260	81	0.0319063
5235	1276.504	90	0.0354515
5236	1276.748	88	0.0346637
5237	1276.992	94	0.0370271
5238	1277.236	105	0.0413601
5239	1277.480	84	0.0330881
5240	1277.724	120	0.0472687
5241	1277.968	86	0.0338759
5242	1278.211	88	0.0346637
5243	1278.455	104	0.0409662
5244	1278.699	104	0.0409662
5245	1278.943	109	0.0429357
5246	1279.187	90	0.0354515
5247	1279.431	93	0.0366332
5248	1279.675	94	0.0370271
5249	1279.918	103	0.0405723
5250	1280.162	111	0.0437235
5251	1280.406	94	0.0370271
5252	1280.650	108	0.0425418
5253	1280.894	88	0.0346637
5254	1281.138	94	0.0370271
5255	1281.382	106	0.041754
5256	1281.625	94	0.0370271
5257	1281.869	94	0.0370271
5258	1282.113	94	0.0370271
5259	1282.357	110	0.0433296
5260	1282.601	96	0.0378149
5261	1282.845	110	0.0433296
5262	1283.089	91	0.0358454
5263	1283.333	100	0.0393905
5264	1283.576	116	0.045693
5265	1283.820	88	0.0346637
5266	1284.064	101	0.0397845
5267	1284.308	83	0.0326942
5268	1284.552	85	0.033482
5269	1284.796	101	0.0397845
5270	1285.040	101	0.0397845
5271	1285.283	98	0.0386027
5272	1285.527	95	0.037421
5273	1285.771	91	0.0358454
5274	1286.015	112	0.0441174
5275	1286.259	93	0.0366332
5276	1286.503	107	0.0421479
5277	1286.747	101	0.0397845
5278	1286.991	93	0.0366332
5279	1287.234	93	0.0366332
5280	1287.478	71	0.0279673
5281	1287.722	88	0.0346637
5282	1287.966	110	0.0433296
5283	1288.210	117	0.0460869
5284	1288.454	93	0.0366332
5285	1288.698	111	0.0437235
5286	1288.941	90	0.0354515
5287	1289.185	100	0.0393905
5288	1289.429	98	0.0386027
5289	1289.673	110	0.0433296
5290	1289.917	97	0.0382088
5291	1290.161	103	0.0405723
5292	1290.405	91	0.0358454
5293	1290.648	86	0.0338759
5294	1290.892	92	0.0362393
5295	1291.136	99	0.0389966
5296	1291.380	100	0.0393905
5297	1291.624	118	0.0464808
5298	1291.868	83	0.0326942
5299	1292.112	107	0.0421479
5300	1292.356	95	0.037421
5301	1292.599	104	0.0409662
5302	1292.843	88	0.0346637
5303	1293.087	105	0.0413601
5304	1293.331	95	0.037421
5305	1293.575	92	0.0362393
5306	1293.819	88	0.0346637
5307	1294.063	102	0.0401784
5308	1294.306	106	0.041754
5309	1294.550	89	0.0350576
5310	1294.794	85	0.033482
5311	1295.038	91	0.0358454
5312	1295.282	109	0.0429357
5313	1295.526	102	0.0401784
5314	1295.770	92	0.0362393
5315	1296.013	104	0.0409662
5316	1296.257	104	0.0409662
5317	1296.501	95	0.037421
5318	1296.745	103	0.0405723
5319	1296.989	107	0.0421479
5320	1297.233	100	0.0393905
5321	1297.477	93	0.0366332
5322	1297.721	92	0.0362393
5323	1297.964	100	0.0393905
5324	1298.208	81	0.0319063
5325	1298.452	90	0.0354515
5326	1298.696	97	0.0382088
5327	1298.940	106	0.041754
5328	1299.184	97	0.0382088
5329	1299.428	119	0.0468748
5330	1299.671	105	0.0413601
5331	1299.915	102	0.0401784
5332	1300.159	112	0.0441174
5333	1300.403	102	0.0401784
5334	1300.647	88	0.0346637
5335	1300.891	94	0.0370271
5336	1301.135	95	0.037421
5337	1301.379	120	0.0472687
5338	1301.622	90	0.0354515
5339	1301.866	85	0.033482
5340	1302.110	102	0.0401784
5341	1302.354	102	0.0401784
5342	1302.598	93	0.0366332
5343	1302.842	111	0.0437235
5344	1303.086	86	0.0338759
5345	1303.329	105	0.0413601
5346	1303.573	107	0.0421479
5347	1303.817	92	0.0362393
5348	1304.061	94	0.0370271
5349	1304.305	93	0.0366332
5350	1304.549	86	0.0338759
5351	1304.793	88	0.0346637
5352	1305.036	83	0.0326942
5353	1305.280	101	0.0397845
5354	1305.524	96	0.0378149
5355	1305.768	112	0.0441174
5356	1306.012	98	0.0386027
5357	1306.256	97	0.0382088
5358	1306.500	95	0.037421
5359	1306.744	102	0.0401784
5360	1306.987	105	0.0413601
5361	1307.231	94	0.0370271
5362	1307.475	103	0.0405723
5363	1307.719	109	0.0429357
5364	1307.963	79	0.0311185
5365	1308.207	96	0.0378149
5366	1308.451	109	0.0429357
5367	1308.694	103	0.0405723
5368	1308.938	112	0.0441174
5369	1309.182	106	0.041754
5370	1309.426	95	0.037421
5371	1309.670	87	0.0342698
5372	1309.914	104	0.0409662
5373	1310.158	109	0.0429357
5374	1310.402	96	0.0378149
5375	1310.645	111	0.0437235
5376	1310.889	99	0.0389966
5377	1311.133	85	0.033482
5378	1311.377	84	0.0330881
5379	1311.621	100	0.0393905
5380	1311.865	111	0.0437235
5381	1312.109	125	0.0492382
5382	1312.352	104	0.0409662
5383	1312.596	90	0.0354515
5384	1312.840	118	0.0464808
5385	1313.084	103	0.0405723
5386	1313.328	108	0.0425418
5387	1313.572	80	0.0315124
5388	1313.816	85	0.033482
5389	1314.059	119	0.0468748
5390	1314.303	107	0.0421479
5391	1314.547	92	0.0362393
5392	1314.791	104	0.0409662
5393	1315.035	93	0.0366332
5394	1315.279	92	0.0362393
5395	1315.523	97	0.0382088
5396	1315.767	101	0.0397845
5397	1316.010	114	0.0449052
5398	1316.254	97	0.0382088
5399	1316.498	116	0.045693
5400	1316.742	92	0.0362393
5401	1316.986	95	0.037421
5402	1317.230	114	0.0449052
5403	1317.474	119	0.0468748
5404	1317.717	94	0.0370271
5405	1317.961	103	0.0405723
5406	1318.205	100	0.0393905
5407	1318.449	97	0.0382088
5408	1318.693	110	0.0433296
5409	1318.937	99	0.0389966
5410	1319.181	91	0.0358454
5411	1319.424	92	0.0362393
5412	1319.668	101	0.0397845
5413	1319.912	93	0.0366332
5414	1320.156	98	0.0386027
5415	1320.400	95	0.037421
5416	1320.644	104	0.0409662
5417	1320.888	105	0.0413601
5418	1321.132	102	0.0401784
5419	1321.375	103	0.0405723
5420	1321.619	100	0.0393905
5421	1321.863	107	0.0421479
5422	1322.107	103	0.0405723
5423	1322.351	107	0.0421479
5424	1322.595	104	0.0409662
5425	1322.839	124	0.0488443
5426	1323.082	110	0.0433296
5427	1323.326	128	0.0504199
5428	1323.570	127	0.050026
5429	1323.814	188	0.0740542
5430	1324.058	194	0.0764177
5431	1324.302	197	0.0775994
5432	1324.546	248	0.0976886
5433	1324.790	251	0.0988703
5434	1325.033	216	0.0850836
5435	1325.277	301	0.118566
5436	1325.521	300	0.118172
5437	1325.765	304	0.119747
5438	1326.009	324	0.127625
5439	1326.253	289	0.113839
5440	1326.497	303	0.119353
5441	1326.740	296	0.116596
5442	1326.984	286	0.112657
5443	1327.228	258	0.101628
5444	1327.472	234	0.0921739
5445	1327.716	197	0.0775994
5446	1327.960	198	0.0779933
5447	1328.204	172	0.0677517
5448	1328.447	173	0.0681457
5449	1328.691	160	0.0630249
5450	1328.935	133	0.0523894
5451	1329.179	95	0.037421
5452	1329.423	131	0.0516016
5453	1329.667	115	0.0452991
5454	1329.911	136	0.0535711
5455	1330.155	147	0.0579041
5456	1330.398	234	0.0921739
5457	1330.642	261	0.102809
5458	1330.886	361	0.1422
5459	1331.130	503	0.198134
5460	1331.374	790	0.311185
5461	1331.618	1246	0.490806
5462	1331.862	1771	0.697607
5463	1332.105	2416	0.951676
5464	1332.349	3210	1.26444
5465	1332.593	4034	1.58901
5466	1332.837	4981	1.96204
5467	1333.081	5666	2.23187
5468	1333.325	6131	2.41503
5469	1333.569	6540	2.57614
5470	1333.812	6415	2.5269
5471	1334.056	5938	2.33901
5472	1334.300	5301	2.08809
5473	1334.544	4297	1.69261
5474	1334.788	3437	1.35385
5475	1335.032	2521	0.993036
5476	1335.276	1816	0.715332
5477	1335.520	1284	0.505775
5478	1335.763	821	0.323396
5479	1336.007	526	0.207194
5480	1336.251	324	0.127625
5481	1336.495	234	0.0921739
5482	1336.739	199	0.0783872
5483	1336.983	136	0.0535711
5484	1337.227	137	0.0539651
5485	1337.470	130	0.0512077
5486	1337.714	140	0.0551468
5487	1337.958	124	0.0488443
5488	1338.202	135	0.0531772
5489	1338.446	116	0.045693
5490	1338.690	114	0.0449052
5491	1338.934	132	0.0519955
5492	1339.178	123	0.0484504
5493	1339.421	155	0.0610554
5494	1339.665	136	0.0535711
5495	1339.909	136	0.0535711
5496	1340.153	127	0.050026
5497	1340.397	127	0.050026
5498	1340.641	112	0.0441174
5499	1340.885	124	0.0488443
5500	1341.128	146	0.0575102
5501	1341.372	136	0.0535711
5502	1341.616	125	0.0492382
5503	1341.860	133	0.0523894
5504	1342.104	127	0.050026
5505	1342.348	149	0.0586919
5506	1342.592	129	0.0508138
5507	1342.835	124	0.0488443
5508	1343.079	129	0.0508138
5509	1343.323	138	0.054359
5510	1343.567	122	0.0480565
5511	1343.811	122	0.0480565
5512	1344.055	131	0.0516016
5513	1344.299	147	0.0579041
5514	1344.543	150	0.0590858
5515	1344.786	137	0.0539651
5516	1345.030	118	0.0464808
5517	1345.274	126	0.0496321
5518	1345.518	131	0.0516016
5519	1345.762	135	0.0531772
5520	1346.006	147	0.0579041
5521	1346.250	138	0.054359
5522	1346.493	143	0.0563285
5523	1346.737	134	0.0527833
5524	1346.981	118	0.0464808
5525	1347.225	130	0.0512077
5526	1347.469	124	0.0488443
5527	1347.713	120	0.0472687
5528	1347.957	119	0.0468748
5529	1348.200	122	0.0480565
5530	1348.444	129	0.0508138
5531	1348.688	119	0.0468748
5532	1348.932	131	0.0516016
5533	1349.176	113	0.0445113
5534	1349.420	123	0.0484504
5535	1349.664	106	0.041754
5536	1349.908	99	0.0389966
5537	1350.151	129	0.0508138
5538	1350.395	117	0.0460869
5539	1350.639	119	0.0468748
5540	1350.883	100	0.0393905
5541	1351.127	106	0.041754
5542	1351.371	107	0.0421479
5543	1351.615	121	0.0476626
5544	1351.858	104	0.0409662
5545	1352.102	118	0.0464808
5546	1352.346	96	0.0378149
5547	1352.590	99	0.0389966
5548	1352.834	100	0.0393905
5549	1353.078	89	0.0350576
5550	1353.322	122	0.0480565
5551	1353.566	113	0.0445113
5552	1353.809	125	0.0492382
5553	1354.053	142	0.0559346
5554	1354.297	115	0.0452991
5555	1354.541	129	0.0508138
5556	1354.785	121	0.0476626
5557	1355.029	113	0.0445113
5558	1355.273	122	0.0480565
5559	1355.516	120	0.0472687
5560	1355.760	108	0.0425418
5561	1356.004	140	0.0551468
5562	1356.248	118	0.0464808
5563	1356.492	135	0.0531772
5564	1356.736	117	0.0460869
5565	1356.980	103	0.0405723
5566	1357.223	97	0.0382088
5567	1357.467	101	0.0397845
5568	1357.711	133	0.0523894
5569	1357.955	100	0.0393905
5570	1358.199	107	0.0421479
5571	1358.443	115	0.0452991
5572	1358.687	106	0.041754
5573	1358.931	102	0.0401784
5574	1359.174	112	0.0441174
5575	1359.418	96	0.0378149
5576	1359.662	107	0.0421479
5577	1359.906	97	0.0382088
5578	1360.150	98	0.0386027
5579	1360.394	108	0.0425418
5580	1360.638	85	0.033482
5581	1360.881	102	0.0401784
5582	1361.125	96	0.0378149
5583	1361.369	107	0.0421479
5584	1361.613	98	0.0386027
5585	1361.857	96	0.0378149
5586	1362.101	111	0.0437235
5587	1362.345	94	0.0370271
5588	1362.589	91	0.0358454
5589	1362.832	109	0.0429357
5590	1363.076	96	0.0378149
5591	1363.320	101	0.0397845
5592	1363.564	91	0.0358454
5593	1363.808	107	0.0421479
5594	1364.052	106	0.041754
5595	1364.296	90	0.0354515
5596	1364.539	112	0.0441174
5597	1364.783	113	0.0445113
5598	1365.027	115	0.0452991
5599	1365.271	106	0.041754
5600	1365.515	106	0.041754
5601	1365.759	116	0.045693
5602	1366.003	111	0.0437235
5603	1366.246	109	0.0429357
5604	1366.490	122	0.0480565
5605	1366.734	98	0.0386027
5606	1366.978	107	0.0421479
5607	1367.222	128	0.0504199
5608	1367.466	106	0.041754
5609	1367.710	110	0.0433296
5610	1367.954	108	0.0425418
5611	1368.197	111	0.0437235
5612	1368.441	94	0.0370271
5613	1368.685	110	0.0433296
5614	1368.929	104	0.0409662
5615	1369.173	101	0.0397845
5616	1369.417	102	0.0401784
5617	1369.661	95	0.037421
5618	1369.904	116	0.045693
5619	1370.148	109	0.0429357
5620	1370.392	92	0.0362393
5621	1370.636	95	0.037421
5622	1370.880	102	0.0401784
5623	1371.124	127	0.050026
5624	1371.368	105	0.0413601
5625	1371.611	92	0.0362393
5626	1371.855	104	0.0409662
5627	1372.099	101	0.0397845
5628	1372.343	101	0.0397845
5629	1372.587	100	0.0393905
5630	1372.831	117	0.0460869
5631	1373.075	114	0.0449052
5632	1373.319	114	0.0449052
5633	1373.562	106	0.041754
5634	1373.806	113	0.0445113
5635	1374.050	103	0.0405723
5636	1374.294	120	0.0472687
5637	1374.538	106	0.041754
5638	1374.782	95	0.037421
5639	1375.026	111	0.0437235
5640	1375.269	102	0.0401784
5641	1375.513	106	0.041754
5642	1375.757	97	0.0382088
5643	1376.001	101	0.0397845
5644	1376.245	125	0.0492382
5645	1376.489	123	0.0484504
5646	1376.733	102	0.0401784
5647	1376.977	111	0.0437235
5648	1377.220	90	0.0354515
5649	1377.464	92	0.0362393
5650	1377.708	107	0.0421479
5651	1377.952	117	0.0460869
5652	1378.196	105	0.0413601
5653	1378.440	92	0.0362393
5654	1378.684	101	0.0397845
5655	1378.927	95	0.037421
5656	1379.171	106	0.041754
5657	1379.415	89	0.0350576
5658	1379.659	109	0.0429357
5659	1379.903	93	0.0366332
5660	1380.147	102	0.0401784
5661	1380.391	110	0.0433296
5662	1380.634	89	0.0350576
5663	1380.878	101	0.0397845
5664	1381.122	107	0.0421479
5665	1381.366	110	0.0433296
5666	1381.610	115	0.0452991
5667	1381.854	125	0.0492382
5668	1382.098	132	0.0519955
5669	1382.342	107	0.0421479
5670	1382.585	98	0.0386027
5671	1382.829	108	0.0425418
5672	1383.073	115	0.0452991
5673	1383.317	100	0.0393905
5674	1383.561	109	0.0429357
5675	1383.805	109	0.0429357
5676	1384.049	96	0.0378149
5677	1384.292	117	0.0460869
5678	1384.536	85	0.033482
5679	1384.780	118	0.0464808
5680	1385.024	128	0.0504199
5681	1385.268	110	0.0433296
5682	1385.512	99	0.0389966
5683	1385.756	116	0.045693
5684	1385.999	93	0.0366332
5685	1386.243	119	0.0468748
5686	1386.487	113	0.0445113
5687	1386.731	109	0.0429357
5688	1386.975	91	0.0358454
5689	1387.219	99	0.0389966
5690	1387.463	130	0.0512077
5691	1387.707	98	0.0386027
5692	1387.950	106	0.041754
5693	1388.194	126	0.0496321
5694	1388.438	107	0.0421479
5695	1388.682	102	0.0401784
5696	1388.926	134	0.0527833
5697	1389.170	109	0.0429357
5698	1389.414	109	0.0429357
5699	1389.657	105	0.0413601
5700	1389.901	118	0.0464808
5701	1390.145	132	0.0519955
5702	1390.389	118	0.0464808
5703	1390.633	95	0.037421
5704	1390.877	101	0.0397845
5705	1391.121	98	0.0386027
5706	1391.365	100	0.0393905
5707	1391.608	100	0.0393905
5708	1391.852	90	0.0354515
5709	1392.096	121	0.0476626
5710	1392.340	101	0.0397845
5711	1392.584	110	0.0433296
5712	1392.828	112	0.0441174
5713	1393.072	103	0.0405723
5714	1393.315	138	0.054359
5715	1393.559	112	0.0441174
5716	1393.803	91	0.0358454
5717	1394.047	105	0.0413601
5718	1394.291	112	0.0441174
5719	1394.535	119	0.0468748
5720	1394.779	121	0.0476626
5721	1395.022	106	0.041754
5722	1395.266	120	0.0472687
5723	1395.510	103	0.0405723
5724	1395.754	102	0.0401784
5725	1395.998	110	0.0433296
5726	1396.242	102	0.0401784
5727	1396.486	120	0.0472687
5728	1396.730	104	0.0409662
5729	1396.973	109	0.0429357
5730	1397.217	119	0.0468748
5731	1397.461	121	0.0476626
5732	1397.705	123	0.0484504
5733	1397.949	104	0.0409662
5734	1398.193	101	0.0397845
5735	1398.437	135	0.0531772
5736	1398.680	99	0.0389966
5737	1398.924	122	0.0480565
5738	1399.168	109	0.0429357
5739	1399.412	107	0.0421479
5740	1399.656	107	0.0421479
5741	1399.900	124	0.0488443
5742	1400.144	110	0.0433296
5743	1400.388	97	0.0382088
5744	1400.631	109	0.0429357
5745	1400.875	117	0.0460869
5746	1401.119	105	0.0413601
5747	1401.363	114	0.0449052
5748	1401.607	130	0.0512077
5749	1401.851	95	0.037421
5750	1402.095	124	0.0488443
5751	1402.338	101	0.0397845
5752	1402.582	126	0.0496321
5753	1402.826	103	0.0405723
5754	1403.070	115	0.0452991
5755	1403.314	102	0.0401784
5756	1403.558	123	0.0484504
5757	1403.802	110	0.0433296
5758	1404.045	126	0.0496321
5759	1404.289	102	0.0401784
5760	1404.533	110	0.0433296
5761	1404.777	97	0.0382088
5762	1405.021	108	0.0425418
5763	1405.265	93	0.0366332
5764	1405.509	115	0.0452991
5765	1405.753	124	0.0488443
5766	1405.996	93	0.0366332
5767	1406.240	123	0.0484504
5768	1406.484	113	0.0445113
5769	1406.728	94	0.0370271
5770	1406.972	125	0.0492382
5771	1407.216	140	0.0551468
5772	1407.460	133	0.0523894
5773	1407.703	116	0.045693
5774	1407.947	116	0.045693
5775	1408.191	107	0.0421479
5776	1408.435	101	0.0397845
5777	1408.679	108	0.0425418
5778	1408.923	138	0.054359
5779	1409.167	116	0.045693
5780	1409.410	118	0.0464808
5781	1409.654	108	0.0425418
5782	1409.898	118	0.0464808
5783	1410.142	110	0.0433296
5784	1410.386	111	0.0437235
5785	1410.630	96	0.0378149
5786	1410.874	114	0.0449052
5787	1411.118	111	0.0437235
5788	1411.361	111	0.0437235
5789	1411.605	115	0.0452991
5790	1411.849	126	0.0496321
5791	1412.093	98	0.0386027
5792	1412.337	120	0.0472687
5793	1412.581	113	0.0445113
5794	1412.825	109	0.0429357
5795	1413.068	110	0.0433296
5796	1413.312	114	0.0449052
5797	1413.556	94	0.0370271
5798	1413.800	103	0.0405723
5799	1414.044	101	0.0397845
5800	1414.288	91	0.0358454
5801	1414.532	116	0.045693
5802	1414.776	122	0.0480565
5803	1415.019	119	0.0468748
5804	1415.263	103	0.0405723
5805	1415.507	121	0.0476626
5806	1415.751	122	0.0480565
5807	1415.995	101	0.0397845
5808	1416.239	109	0.0429357
5809	1416.483	104	0.0409662
5810	1416.726	116	0.045693
5811	1416.970	114	0.0449052
5812	1417.214	104	0.0409662
5813	1417.458	121	0.0476626
5814	1417.702	105	0.0413601
5815	1417.946	95	0.037421
5816	1418.190	123	0.0484504
5817	1418.433	100	0.0393905
5818	1418.677	117	0.0460869
5819	1418.921	112	0.0441174
5820	1419.165	120	0.0472687
5821	1419.409	109	0.0429357
5822	1419.653	103	0.0405723
5823	1419.897	123	0.0484504
5824	1420.141	100	0.0393905
5825	1420.384	102	0.0401784
5826	1420.628	130	0.0512077
5827	1420.872	113	0.0445113
5828	1421.116	133	0.0523894
5829	1421.360	120	0.0472687
5830	1421.604	114	0.0449052
5831	1421.848	126	0.0496321
5832	1422.091	116	0.045693
5833	1422.335	132	0.0519955
5834	1422.579	118	0.0464808
5835	1422.823	121	0.0476626
5836	1423.067	114	0.0449052
5837	1423.311	123	0.0484504
5838	1423.555	118	0.0464808
5839	1423.798	108	0.0425418
5840	1424.042	108	0.0425418
5841	1424.286	113	0.0445113
5842	1424.530	107	0.0421479
5843	1424.774	118	0.0464808
5844	1425.018	109	0.0429357
5845	1425.262	122	0.0480565
5846	1425.506	89	0.0350576
5847	1425.749	128	0.0504199
5848	1425.993	112	0.0441174
5849	1426.237	123	0.0484504
5850	1426.481	126	0.0496321
5851	1426.725	114	0.0449052
5852	1426.969	109	0.0429357
5853	1427.213	118	0.0464808
5854	1427.456	94	0.0370271
5855	1427.700	130	0.0512077
5856	1427.944	115	0.0452991
5857	1428.188	111	0.0437235
5858	1428.432	110	0.0433296
5859	1428.676	116	0.045693
5860	1428.920	128	0.0504199
5861	1429.164	123	0.0484504
5862	1429.407	118	0.0464808
5863	1429.651	132	0.0519955
5864	1429.895	110	0.0433296
5865	1430.139	112	0.0441174
5866	1430.383	138	0.054359
5867	1430.627	119	0.0468748
5868	1430.871	104	0.0409662
5869	1431.114	97	0.0382088
5870	1431.358	120	0.0472687
5871	1431.602	110	0.0433296
5872	1431.846	121	0.0476626
5873	1432.090	130	0.0512077
5874	1432.334	111	0.0437235
5875	1432.578	132	0.0519955
5876	1432.821	104	0.0409662
5877	1433.065	117	0.0460869
5878	1433.309	114	0.0449052
5879	1433.553	124	0.0488443
5880	1433.797	101	0.0397845
5881	1434.041	107	0.0421479
5882	1434.285	108	0.0425418
5883	1434.529	105	0.0413601
5884	1434.772	112	0.0441174
5885	1435.016	111	0.0437235
5886	1435.260	112	0.0441174
5887	1435.504	91	0.0358454
5888	1435.748	114	0.0449052
5889	1435.992	124	0.0488443
5890	1436.236	128	0.0504199
5891	1436.479	122	0.0480565
5892	1436.723	120	0.0472687
5893	1436.967	100	0.0393905
5894	1437.211	125	0.0492382
5895	1437.455	105	0.0413601
5896	1437.699	109	0.0429357
5897	1437.943	120	0.0472687
5898	1438.186	119	0.0468748
5899	1438.430	120	0.0472687
5900	1438.674	104	0.0409662
5901	1438.918	122	0.0480565
5902	1439.162	106	0.041754
5903	1439.406	118	0.0464808
5904	1439.650	112	0.0441174
5905	1439.894	127	0.050026
5906	1440.137	130	0.0512077
5907	1440.381	132	0.0519955
5908	1440.625	109	0.0429357
5909	1440.869	115	0.0452991
5910	1441.113	103	0.0405723
5911	1441.357	144	0.0567224
5912	1441.601	122	0.0480565
5913	1441.844	104	0.0409662
5914	1442.088	126	0.0496321
5915	1442.332	125	0.0492382
5916	1442.576	106	0.041754
5917	1442.820	121	0.0476626
5918	1443.064	113	0.0445113
5919	1443.308	115	0.0452991
5920	1443.552	121	0.0476626
5921	1443.795	101	0.0397845
5922	1444.039	111	0.0437235
5923	1444.283	134	0.0527833
5924	1444.527	117	0.0460869
5925	1444.771	124	0.0488443
5926	1445.015	112	0.0441174
5927	1445.259	129	0.0508138
5928	1445.502	128	0.0504199
5929	1445.746	115	0.0452991
5930	1445.990	106	0.041754
5931	1446.234	117	0.0460869
5932	1446.478	126	0.0496321
5933	1446.722	105	0.0413601
5934	1446.966	113	0.0445113
5935	1447.209	133	0.0523894
5936	1447.453	119	0.0468748
5937	1447.697	125	0.0492382
5938	1447.941	105	0.0413601
5939	1448.185	127	0.050026
5940	1448.429	136	0.0535711
5941	1448.673	118	0.0464808
5942	1448.917	110	0.0433296
5943	1449.160	115	0.0452991
5944	1449.404	105	0.0413601
5945	1449.648	144	0.0567224
5946	1449.892	109	0.0429357
5947	1450.136	102	0.0401784
5948	1450.380	107	0.0421479
5949	1450.624	106	0.041754
5950	1450.867	101	0.0397845
5951	1451.111	110	0.0433296
5952	1451.355	120	0.0472687
5953	1451.599	129	0.0508138
5954	1451.843	114	0.0449052
5955	1452.087	122	0.0480565
5956	1452.331	119	0.0468748
5957	1452.575	125	0.0492382
5958	1452.818	139	0.0547529
5959	1453.062	155	0.0610554
5960	1453.306	123	0.0484504
5961	1453.550	111	0.0437235
5962	1453.794	117	0.0460869
5963	1454.038	93	0.0366332
5964	1454.282	105	0.0413601
5965	1454.525	111	0.0437235
5966	1454.769	102	0.0401784
5967	1455.013	118	0.0464808
5968	1455.257	106	0.041754
5969	1455.501	117	0.0460869
5970	1455.745	117	0.0460869
5971	1455.989	107	0.0421479
5972	1456.232	141	0.0555407
5973	1456.476	141	0.0555407
5974	1456.720	121	0.0476626
5975	1456.964	106	0.041754
5976	1457.208	124	0.0488443
5977	1457.452	115	0.0452991
5978	1457.696	117	0.0460869
5979	1457.940	140	0.0551468
5980	1458.183	120	0.0472687
5981	1458.427	121	0.0476626
5982	1458.671	121	0.0476626
5983	1458.915	116	0.045693
5984	1459.159	123	0.0484504
5985	1459.403	107	0.0421479
5986	1459.647	132	0.0519955
5987	1459.890	138	0.054359
5988	1460.134	122	0.0480565
5989	1460.378	136	0.0535711
5990	1460.622	120	0.0472687
5991	1460.866	123	0.0484504
5992	1461.110	138	0.054359
5993	1461.354	123	0.0484504
5994	1461.597	127	0.050026
5995	1461.841	131	0.0516016
5996	1462.085	127	0.050026
5997	1462.329	114	0.0449052
5998	1462.573	128	0.0504199
5999	1462.817	112	0.0441174
6000	1463.061	119	0.0468748
6001	1463.305	113	0.0445113
6002	1463.548	124	0.0488443
6003	1463.792	122	0.0480565
6004	1464.036	122	0.0480565
6005	1464.280	130	0.0512077
6006	1464.524	121	0.0476626
6007	1464.768	120	0.0472687
6008	1465.012	109	0.0429357
6009	1465.255	124	0.0488443
6010	1465.499	127	0.050026
6011	1465.743	135	0.0531772
6012	1465.987	133	0.0523894
6013	1466.231	159	0.062631
6014	1466.475	120	0.0472687
6015	1466.719	124	0.0488443
6016	1466.963	131	0.0516016
6017	1467.206	138	0.054359
6018	1467.450	137	0.0539651
6019	1467.694	153	0.0602675
6020	1467.938	123	0.0484504
6021	1468.182	133	0.0523894
6022	1468.426	122	0.0480565
6023	1468.670	107	0.0421479
6024	1468.913	122	0.0480565
6025	1469.157	123	0.0484504
6026	1469.401	121	0.0476626
6027	1469.645	128	0.0504199
6028	1469.889	117	0.0460869
6029	1470.133	118	0.0464808
6030	1470.377	120	0.0472687
6031	1470.620	141	0.0555407
6032	1470.864	141	0.0555407
6033	1471.108	127	0.050026
6034	1471.352	151	0.0594797
6035	1471.596	135	0.0531772
6036	1471.840	117	0.0460869
6037	1472.084	108	0.0425418
6038	1472.328	127	0.050026
6039	1472.571	139	0.0547529
6040	1472.815	127	0.050026
6041	1473.059	147	0.0579041
6042	1473.303	130	0.0512077
6043	1473.547	124	0.0488443
6044	1473.791	110	0.0433296
6045	1474.035	145	0.0571163
6046	1474.278	127	0.050026
6047	1474.522	132	0.0519955
6048	1474.766	121	0.0476626
6049	1475.010	125	0.0492382
6050	1475.254	102	0.0401784
6051	1475.498	117	0.0460869
6052	1475.742	137	0.0539651
6053	1475.985	117	0.0460869
6054	1476.229	140	0.0551468
6055	1476.473	126	0.0496321
6056	1476.717	114	0.0449052
6057	1476.961	140	0.0551468
6058	1477.205	138	0.054359
6059	1477.449	136	0.0535711
6060	1477.693	108	0.0425418
6061	1477.936	144	0.0567224
6062	1478.180	158	0.0622371
6063	1478.424	106	0.041754
6064	1478.668	141	0.0555407
6065	1478.912	110	0.0433296
6066	1479.156	130	0.0512077
6067	1479.400	150	0.0590858
6068	1479.643	118	0.0464808
6069	1479.887	101	0.0397845
6070	1480.131	139	0.0547529
6071	1480.375	122	0.0480565
6072	1480.619	135	0.0531772
6073	1480.863	151	0.0594797
6074	1481.107	134	0.0527833
6075	1481.351	147	0.0579041
6076	1481.594	127	0.050026
6077	1481.838	127	0.050026
6078	1482.082	117	0.0460869
6079	1482.326	139	0.0547529
6080	1482.570	128	0.0504199
6081	1482.814	131	0.0516016
6082	1483.058	125	0.0492382
6083	1483.301	123	0.0484504
6084	1483.545	130	0.0512077
6085	1483.789	150	0.0590858
6086	1484.033	116	0.045693
6087	1484.277	120	0.0472687
6088	1484.521	144	0.0567224
6089	1484.765	133	0.0523894
6090	1485.008	137	0.0539651
6091	1485.252	107	0.0421479
6092	1485.496	143	0.0563285
6093	1485.740	99	0.0389966
6094	1485.984	113	0.0445113
6095	1486.228	122	0.0480565
6096	1486.472	140	0.0551468
6097	1486.716	137	0.0539651
6098	1486.959	129	0.0508138
6099	1487.203	143	0.0563285
6100	1487.447	123	0.0484504
6101	1487.691	132	0.0519955
6102	1487.935	142	0.0559346
6103	1488.179	147	0.0579041
6104	1488.423	121	0.0476626
6105	1488.666	132	0.0519955
6106	1488.910	122	0.0480565
6107	1489.154	128	0.0504199
6108	1489.398	109	0.0429357
6109	1489.642	141	0.0555407
6110	1489.886	146	0.0575102
6111	1490.130	135	0.0531772
6112	1490.373	129	0.0508138
6113	1490.617	134	0.0527833
6114	1490.861	149	0.0586919
6115	1491.105	125	0.0492382
6116	1491.349	124	0.0488443
6117	1491.593	157	0.0618432
6118	1491.837	126	0.0496321
6119	1492.081	123	0.0484504
6120	1492.324	149	0.0586919
6121	1492.568	141	0.0555407
6122	1492.812	136	0.0535711
6123	1493.056	143	0.0563285
6124	1493.300	162	0.0638127
6125	1493.544	141	0.0555407
6126	1493.788	140	0.0551468
6127	1494.031	137	0.0539651
6128	1494.275	136	0.0535711
6129	1494.519	120	0.0472687
6130	1494.763	136	0.0535711
6131	1495.007	128	0.0504199
6132	1495.251	157	0.0618432
6133	1495.495	140	0.0551468
6134	1495.739	125	0.0492382
6135	1495.982	118	0.0464808
6136	1496.226	123	0.0484504
6137	1496.470	140	0.0551468
6138	1496.714	130	0.0512077
6139	1496.958	132	0.0519955
6140	1497.202	150	0.0590858
6141	1497.446	139	0.0547529
6142	1497.689	122	0.0480565
6143	1497.933	129	0.0508138
6144	1498.177	128	0.0504199
6145	1498.421	111	0.0437235
6146	1498.665	124	0.0488443
6147	1498.909	111	0.0437235
6148	1499.153	146	0.0575102
6149	1499.396	140	0.0551468
6150	1499.640	137	0.0539651
6151	1499.884	132	0.0519955
6152	1500.128	128	0.0504199
6153	1500.372	115	0.0452991
6154	1500.616	130	0.0512077
6155	1500.860	122	0.0480565
6156	1501.104	142	0.0559346
6157	1501.347	160	0.0630249
6158	1501.591	142	0.0559346
6159	1501.835	162	0.0638127
6160	1502.079	144	0.0567224
6161	1502.323	137	0.0539651
6162	1502.567	134	0.0527833
6163	1502.811	133	0.0523894
6164	1503.054	145	0.0571163
6165	1503.298	139	0.0547529
6166	1503.542	161	0.0634188
6167	1503.786	139	0.0547529
6168	1504.030	150	0.0590858
6169	1504.274	161	0.0634188
6170	1504.518	139	0.0547529
6171	1504.762	141	0.0555407
6172	1505.005	140	0.0551468
6173	1505.249	144	0.0567224
6174	1505.493	130	0.0512077
6175	1505.737	155	0.0610554
6176	1505.981	124	0.0488443
6177	1506.225	146	0.0575102
6178	1506.469	130	0.0512077
6179	1506.712	147	0.0579041
6180	1506.956	106	0.041754
6181	1507.200	149	0.0586919
6182	1507.444	156	0.0614493
6183	1507.688	151	0.0594797
6184	1507.932	175	0.0689335
6185	1508.176	161	0.0634188
6186	1508.419	136	0.0535711
6187	1508.663	122	0.0480565
6188	1508.907	149	0.0586919
6189	1509.151	150	0.0590858
6190	1509.395	145	0.0571163
6191	1509.639	127	0.050026
6192	1509.883	116	0.045693
6193	1510.127	146	0.0575102
6194	1510.370	153	0.0602675
6195	1510.614	144	0.0567224
6196	1510.858	134	0.0527833
6197	1511.102	150	0.0590858
6198	1511.346	130	0.0512077
6199	1511.590	145	0.0571163
6200	1511.834	141	0.0555407
6201	1512.077	127	0.050026
6202	1512.321	123	0.0484504
6203	1512.565	146	0.0575102
6204	1512.809	150	0.0590858
6205	1513.053	154	0.0606614
6206	1513.297	136	0.0535711
6207	1513.541	152	0.0598736
6208	1513.784	161	0.0634188
6209	1514.028	129	0.0508138
6210	1514.272	137	0.0539651
6211	1514.516	159	0.062631
6212	1514.760	173	0.0681457
6213	1515.004	167	0.0657822
6214	1515.248	138	0.054359
6215	1515.492	158	0.0622371
6216	1515.735	145	0.0571163
6217	1515.979	170	0.0669639
6218	1516.223	159	0.062631
6219	1516.467	132	0.0519955
6220	1516.711	152	0.0598736
6221	1516.955	143	0.0563285
6222	1517.199	131	0.0516016
6223	1517.442	151	0.0594797
6224	1517.686	140	0.0551468
6225	1517.930	123	0.0484504
6226	1518.174	162	0.0638127
6227	1518.418	151	0.0594797
6228	1518.662	149	0.0586919
6229	1518.906	135	0.0531772
6230	1519.150	152	0.0598736
6231	1519.393	148	0.058298
6232	1519.637	146	0.0575102
6233	1519.881	128	0.0504199
6234	1520.125	157	0.0618432
6235	1520.369	124	0.0488443
6236	1520.613	145	0.0571163
6237	1520.857	123	0.0484504
6238	1521.100	154	0.0606614
6239	1521.344	158	0.0622371
6240	1521.588	158	0.0622371
6241	1521.832	144	0.0567224
6242	1522.076	134	0.0527833
6243	1522.320	164	0.0646005
6244	1522.564	126	0.0496321
6245	1522.807	152	0.0598736
6246	1523.051	139	0.0547529
6247	1523.295	148	0.058298
6248	1523.539	149	0.0586919
6249	1523.783	140	0.0551468
6250	1524.027	137	0.0539651
6251	1524.271	132	0.0519955
6252	1524.515	177	0.0697213
6253	1524.758	135	0.0531772
6254	1525.002	147	0.0579041
6255	1525.246	165	0.0649944
6256	1525.490	144	0.0567224
6257	1525.734	166	0.0653883
6258	1525.978	155	0.0610554
6259	1526.222	145	0.0571163
6260	1526.465	148	0.058298
6261	1526.709	157	0.0618432
6262	1526.953	133	0.0523894
6263	1527.197	142	0.0559346
6264	1527.441	153	0.0602675
6265	1527.685	153	0.0602675
6266	1527.929	137	0.0539651
6267	1528.172	133	0.0523894
6268	1528.416	180	0.070903
6269	1528.660	171	0.0673578
6270	1528.904	134	0.0527833
6271	1529.148	155	0.0610554
6272	1529.392	151	0.0594797
6273	1529.636	161	0.0634188
6274	1529.880	141	0.0555407
6275	1530.123	129	0.0508138
6276	1530.367	156	0.0614493
6277	1530.611	125	0.0492382
6278	1530.855	139	0.0547529
6279	1531.099	171	0.0673578
6280	1531.343	150	0.0590858
6281	1531.587	153	0.0602675
6282	1531.830	157	0.0618432
6283	1532.074	140	0.0551468
6284	1532.318	139	0.0547529
6285	1532.562	157	0.0618432
6286	1532.806	139	0.0547529
6287	1533.050	155	0.0610554
6288	1533.294	151	0.0594797
6289	1533.538	149	0.0586919
6290	1533.781	159	0.062631
6291	1534.025	138	0.054359
6292	1534.269	153	0.0602675
6293	1534.513	134	0.0527833
6294	1534.757	148	0.058298
6295	1535.001	152	0.0598736
6296	1535.245	151	0.0594797
6297	1535.488	158	0.0622371
6298	1535.732	143	0.0563285
6299	1535.976	143	0.0563285
6300	1536.220	147	0.0579041
6301	1536.464	160	0.0630249
6302	1536.708	163	0.0642066
6303	1536.952	139	0.0547529
6304	1537.195	143	0.0563285
6305	1537.439	150	0.0590858
6306	1537.683	128	0.0504199
6307	1537.927	151	0.0594797
6308	1538.171	127	0.050026
6309	1538.415	165	0.0649944
6310	1538.659	147	0.0579041
6311	1538.903	153	0.0602675
6312	1539.146	153	0.0602675
6313	1539.390	144	0.0567224
6314	1539.634	146	0.0575102
6315	1539.878	143	0.0563285
6316	1540.122	146	0.0575102
6317	1540.366	151	0.0594797
6318	1540.610	149	0.0586919
6319	1540.853	158	0.0622371
6320	1541.097	162	0.0638127
6321	1541.341	169	0.06657
6322	1541.585	134	0.0527833
6323	1541.829	173	0.0681457
6324	1542.073	143	0.0563285
6325	1542.317	164	0.0646005
6326	1542.560	186	0.0732664
6327	1542.804	163	0.0642066
6328	1543.048	157	0.0618432
6329	1543.292	149	0.0586919
6330	1543.536	179	0.0705091
6331	1543.780	169	0.06657
6332	1544.024	167	0.0657822
6333	1544.268	150	0.0590858
6334	1544.511	157	0.0618432
6335	1544.755	153	0.0602675
6336	1544.999	164	0.0646005
6337	1545.243	165	0.0649944
6338	1545.487	183	0.0720847
6339	1545.731	166	0.0653883
6340	1545.975	154	0.0606614
6341	1546.218	173	0.0681457
6342	1546.462	172	0.0677517
6343	1546.706	143	0.0563285
6344	1546.950	158	0.0622371
6345	1547.194	185	0.0728725
6346	1547.438	143	0.0563285
6347	1547.682	157	0.0618432
6348	1547.926	194	0.0764177
6349	1548.169	139	0.0547529
6350	1548.413	140	0.0551468
6351	1548.657	180	0.070903
6352	1548.901	175	0.0689335
6353	1549.145	161	0.0634188
6354	1549.389	159	0.062631
6355	1549.633	168	0.0661761
6356	1549.876	145	0.0571163
6357	1550.120	167	0.0657822
6358	1550.364	154	0.0606614
6359	1550.608	172	0.0677517
6360	1550.852	171	0.0673578
6361	1551.096	146	0.0575102
6362	1551.340	169	0.06657
6363	1551.583	159	0.062631
6364	1551.827	145	0.0571163
6365	1552.071	144	0.0567224
6366	1552.315	183	0.0720847
6367	1552.559	171	0.0673578
6368	1552.803	155	0.0610554
6369	1553.047	164	0.0646005
6370	1553.291	141	0.0555407
6371	1553.534	178	0.0701152
6372	1553.778	154	0.0606614
6373	1554.022	169	0.06657
6374	1554.266	170	0.0669639
6375	1554.510	156	0.0614493
6376	1554.754	178	0.0701152
6377	1554.998	168	0.0661761
6378	1555.241	198	0.0779933
6379	1555.485	182	0.0716908
6380	1555.729	162	0.0638127
6381	1555.973	162	0.0638127
6382	1556.217	180	0.070903
6383	1556.461	161	0.0634188
6384	1556.705	161	0.0634188
6385	1556.949	157	0.0618432
6386	1557.192	168	0.0661761
6387	1557.436	167	0.0657822
6388	1557.680	187	0.0736603
6389	1557.924	173	0.0681457
6390	1558.168	201	0.079175
6391	1558.412	153	0.0602675
6392	1558.656	173	0.0681457
6393	1558.899	183	0.0720847
6394	1559.143	174	0.0685396
6395	1559.387	168	0.0661761
6396	1559.631	157	0.0618432
6397	1559.875	148	0.058298
6398	1560.119	178	0.0701152
6399	1560.363	182	0.0716908
6400	1560.606	168	0.0661761
6401	1560.850	159	0.062631
6402	1561.094	169	0.06657
6403	1561.338	176	0.0693274
6404	1561.582	156	0.0614493
6405	1561.826	217	0.0854775
6406	1562.070	187	0.0736603
6407	1562.314	167	0.0657822
6408	1562.557	138	0.054359
6409	1562.801	180	0.070903
6410	1563.045	163	0.0642066
6411	1563.289	166	0.0653883
6412	1563.533	181	0.0712969
6413	1563.777	172	0.0677517
6414	1564.021	203	0.0799628
6415	1564.264	151	0.0594797
6416	1564.508	184	0.0724786
6417	1564.752	162	0.0638127
6418	1564.996	179	0.0705091
6419	1565.240	162	0.0638127
6420	1565.484	172	0.0677517
6421	1565.728	154	0.0606614
6422	1565.971	184	0.0724786
6423	1566.215	189	0.0744481
6424	1566.459	175	0.0689335
6425	1566.703	166	0.0653883
6426	1566.947	185	0.0728725
6427	1567.191	190	0.074842
6428	1567.435	197	0.0775994
6429	1567.679	164	0.0646005
6430	1567.922	172	0.0677517
6431	1568.166	181	0.0712969
6432	1568.410	170	0.0669639
6433	1568.654	170	0.0669639
6434	1568.898	173	0.0681457
6435	1569.142	173	0.0681457
6436	1569.386	188	0.0740542
6437	1569.629	180	0.070903
6438	1569.873	179	0.0705091
6439	1570.117	208	0.0819323
6440	1570.361	165	0.0649944
6441	1570.605	200	0.0787811
6442	1570.849	197	0.0775994
6443	1571.093	180	0.070903
6444	1571.337	184	0.0724786
6445	1571.580	172	0.0677517
6446	1571.824	175	0.0689335
6447	1572.068	160	0.0630249
6448	1572.312	176	0.0693274
6449	1572.556	176	0.0693274
6450	1572.800	193	0.0760238
6451	1573.044	160	0.0630249
6452	1573.287	185	0.0728725
6453	1573.531	188	0.0740542
6454	1573.775	180	0.070903
6455	1574.019	172	0.0677517
6456	1574.263	194	0.0764177
6457	1574.507	181	0.0712969
6458	1574.751	175	0.0689335
6459	1574.994	162	0.0638127
6460	1575.238	194	0.0764177
6461	1575.482	183	0.0720847
6462	1575.726	185	0.0728725
6463	1575.970	185	0.0728725
6464	1576.214	156	0.0614493
6465	1576.458	194	0.0764177
6466	1576.702	179	0.0705091
6467	1576.945	199	0.0783872
6468	1577.189	177	0.0697213
6469	1577.433	195	0.0768116
6470	1577.677	192	0.0756299
6471	1577.921	204	0.0803567
6472	1578.165	179	0.0705091
6473	1578.409	185	0.0728725
6474	1578.652	185	0.0728725
6475	1578.896	194	0.0764177
6476	1579.140	205	0.0807506
6477	1579.384	191	0.0752359
6478	1579.628	207	0.0815384
6479	1579.872	204	0.0803567
6480	1580.116	179	0.0705091
6481	1580.359	156	0.0614493
6482	1580.603	180	0.070903
6483	1580.847	189	0.0744481
6484	1581.091	189	0.0744481
6485	1581.335	199	0.0783872
6486	1581.579	202	0.0795689
6487	1581.823	204	0.0803567
6488	1582.067	199	0.0783872
6489	1582.310	183	0.0720847
6490	1582.554	181	0.0712969
6491	1582.798	195	0.0768116
6492	1583.042	197	0.0775994
6493	1583.286	200	0.0787811
6494	1583.530	212	0.083508
6495	1583.774	213	0.0839019
6496	1584.017	217	0.0854775
6497	1584.261	188	0.0740542
6498	1584.505	211	0.0831141
6499	1584.749	208	0.0819323
6500	1584.993	180	0.070903
6501	1585.237	196	0.0772055
6502	1585.481	196	0.0772055
6503	1585.725	205	0.0807506
6504	1585.968	204	0.0803567
6505	1586.212	209	0.0823262
6506	1586.456	202	0.0795689
6507	1586.700	199	0.0783872
6508	1586.944	186	0.0732664
6509	1587.188	186	0.0732664
6510	1587.432	197	0.0775994
6511	1587.675	226	0.0890226
6512	1587.919	209	0.0823262
6513	1588.163	186	0.0732664
6514	1588.407	163	0.0642066
6515	1588.651	204	0.0803567
6516	1588.895	212	0.083508
6517	1589.139	190	0.074842
6518	1589.382	167	0.0657822
6519	1589.626	203	0.0799628
6520	1589.870	181	0.0712969
6521	1590.114	197	0.0775994
6522	1590.358	180	0.070903
6523	1590.602	191	0.0752359
6524	1590.846	198	0.0779933
6525	1591.090	189	0.0744481
6526	1591.333	205	0.0807506
6527	1591.577	187	0.0736603
6528	1591.821	199	0.0783872
6529	1592.065	170	0.0669639
6530	1592.309	215	0.0846897
6531	1592.553	186	0.0732664
6532	1592.797	203	0.0799628
6533	1593.040	205	0.0807506
6534	1593.284	188	0.0740542
6535	1593.528	220	0.0866592
6536	1593.772	193	0.0760238
6537	1594.016	214	0.0842958
6538	1594.260	203	0.0799628
6539	1594.504	186	0.0732664
6540	1594.748	187	0.0736603
6541	1594.991	206	0.0811445
6542	1595.235	183	0.0720847
6543	1595.479	189	0.0744481
6544	1595.723	188	0.0740542
6545	1595.967	196	0.0772055
6546	1596.211	202	0.0795689
6547	1596.455	206	0.0811445
6548	1596.698	201	0.079175
6549	1596.942	207	0.0815384
6550	1597.186	216	0.0850836
6551	1597.430	220	0.0866592
6552	1597.674	225	0.0886287
6553	1597.918	184	0.0724786
6554	1598.162	197	0.0775994
6555	1598.405	218	0.0858714
6556	1598.649	210	0.0827202
6557	1598.893	198	0.0779933
6558	1599.137	200	0.0787811
6559	1599.381	204	0.0803567
6560	1599.625	226	0.0890226
6561	1599.869	180	0.070903
6562	1600.113	189	0.0744481
6563	1600.356	207	0.0815384
6564	1600.600	223	0.0878409
6565	1600.844	205	0.0807506
6566	1601.088	209	0.0823262
6567	1601.332	202	0.0795689
6568	1601.576	203	0.0799628
6569	1601.820	207	0.0815384
6570	1602.063	219	0.0862653
6571	1602.307	209	0.0823262
6572	1602.551	199	0.0783872
6573	1602.795	189	0.0744481
6574	1603.039	208	0.0819323
6575	1603.283	216	0.0850836
6576	1603.527	217	0.0854775
6577	1603.770	220	0.0866592
6578	1604.014	216	0.0850836
6579	1604.258	214	0.0842958
6580	1604.502	203	0.0799628
6581	1604.746	217	0.0854775
6582	1604.990	206	0.0811445
6583	1605.234	203	0.0799628
6584	1605.478	192	0.0756299
6585	1605.721	213	0.0839019
6586	1605.965	223	0.0878409
6587	1606.209	199	0.0783872
6588	1606.453	206	0.0811445
6589	1606.697	198	0.0779933
6590	1606.941	182	0.0716908
6591	1607.185	199	0.0783872
6592	1607.428	189	0.0744481
6593	1607.672	190	0.074842
6594	1607.916	211	0.0831141
6595	1608.160	204	0.0803567
6596	1608.404	188	0.0740542
6597	1608.648	211	0.0831141
6598	1608.892	187	0.0736603
6599	1609.136	208	0.0819323
6600	1609.379	182	0.0716908
6601	1609.623	208	0.0819323
6602	1609.867	179	0.0705091
6603	1610.111	190	0.074842
6604	1610.355	170	0.0669639
6605	1610.599	193	0.0760238
6606	1610.843	180	0.070903
6607	1611.086	176	0.0693274
6608	1611.330	199	0.0783872
6609	1611.574	206	0.0811445
6610	1611.818	179	0.0705091
6611	1612.062	169	0.06657
6612	1612.306	158	0.0622371
6613	1612.550	171	0.0673578
6614	1612.793	197	0.0775994
6615	1613.037	164	0.0646005
6616	1613.281	140	0.0551468
6617	1613.525	165	0.0649944
6618	1613.769	176	0.0693274
6619	1614.013	169	0.06657
6620	1614.257	153	0.0602675
6621	1614.501	164	0.0646005
6622	1614.744	170	0.0669639
6623	1614.988	153	0.0602675
6624	1615.232	140	0.0551468
6625	1615.476	126	0.0496321
6626	1615.720	149	0.0586919
6627	1615.964	151	0.0594797
6628	1616.208	152	0.0598736
6629	1616.451	144	0.0567224
6630	1616.695	147	0.0579041
6631	1616.939	153	0.0602675
6632	1617.183	118	0.0464808
6633	1617.427	147	0.0579041
6634	1617.671	126	0.0496321
6635	1617.915	122	0.0480565
6636	1618.158	130	0.0512077
6637	1618.402	146	0.0575102
6638	1618.646	148	0.058298
6639	1618.890	126	0.0496321
6640	1619.134	129	0.0508138
6641	1619.378	128	0.0504199
6642	1619.622	140	0.0551468
6643	1619.866	116	0.045693
6644	1620.109	116	0.045693
6645	1620.353	121	0.0476626
6646	1620.597	113	0.0445113
6647	1620.841	118	0.0464808
6648	1621.085	146	0.0575102
6649	1621.329	145	0.0571163
6650	1621.573	152	0.0598736
6651	1621.816	123	0.0484504
6652	1622.060	125	0.0492382
6653	1622.304	110	0.0433296
6654	1622.548	136	0.0535711
6655	1622.792	132	0.0519955
6656	1623.036	113	0.0445113
6657	1623.280	141	0.0555407
6658	1623.524	138	0.054359
6659	1623.767	143	0.0563285
6660	1624.011	148	0.058298
6661	1624.255	121	0.0476626
6662	1624.499	128	0.0504199
6663	1624.743	121	0.0476626
6664	1624.987	112	0.0441174
6665	1625.231	129	0.0508138
6666	1625.474	132	0.0519955
6667	1625.718	108	0.0425418
6668	1625.962	109	0.0429357
6669	1626.206	112	0.0441174
6670	1626.450	148	0.058298
6671	1626.694	140	0.0551468
6672	1626.938	130	0.0512077
6673	1627.181	125	0.0492382
6674	1627.425	150	0.0590858
6675	1627.669	117	0.0460869
6676	1627.913	123	0.0484504
6677	1628.157	116	0.045693
6678	1628.401	137	0.0539651
6679	1628.645	114	0.0449052
6680	1628.889	124	0.0488443
6681	1629.132	129	0.0508138
6682	1629.376	126	0.0496321
6683	1629.620	144	0.0567224
6684	1629.864	115	0.0452991
6685	1630.108	119	0.0468748
6686	1630.352	121	0.0476626
6687	1630.596	113	0.0445113
6688	1630.839	102	0.0401784
6689	1631.083	122	0.0480565
6690	1631.327	114	0.0449052
6691	1631.571	106	0.041754
6692	1631.815	119	0.0468748
6693	1632.059	122	0.0480565
6694	1632.303	123	0.0484504
6695	1632.546	124	0.0488443
6696	1632.790	135	0.0531772
6697	1633.034	121	0.0476626
6698	1633.278	119	0.0468748
6699	1633.522	93	0.0366332
6700	1633.766	137	0.0539651
6701	1634.010	112	0.0441174
6702	1634.254	114	0.0449052
6703	1634.497	108	0.0425418
6704	1634.741	101	0.0397845
6705	1634.985	111	0.0437235
6706	1635.229	121	0.0476626
6707	1635.473	117	0.0460869
6708	1635.717	113	0.0445113
6709	1635.961	114	0.0449052
6710	1636.204	103	0.0405723
6711	1636.448	109	0.0429357
6712	1636.692	112	0.0441174
6713	1636.936	110	0.0433296
6714	1637.180	112	0.0441174
6715	1637.424	108	0.0425418
6716	1637.668	104	0.0409662
6717	1637.912	106	0.041754
6718	1638.155	101	0.0397845
6719	1638.399	124	0.0488443
6720	1638.643	111	0.0437235
6721	1638.887	111	0.0437235
6722	1639.131	122	0.0480565
6723	1639.375	112	0.0441174
6724	1639.619	119	0.0468748
6725	1639.862	103	0.0405723
6726	1640.106	122	0.0480565
6727	1640.350	102	0.0401784
6728	1640.594	110	0.0433296
6729	1640.838	95	0.037421
6730	1641.082	117	0.0460869
6731	1641.326	108	0.0425418
6732	1641.569	99	0.0389966
6733	1641.813	112	0.0441174
6734	1642.057	121	0.0476626
6735	1642.301	100	0.0393905
6736	1642.545	84	0.0330881
6737	1642.789	129	0.0508138
6738	1643.033	95	0.037421
6739	1643.277	103	0.0405723
6740	1643.520	127	0.050026
6741	1643.764	130	0.0512077
6742	1644.008	117	0.0460869
6743	1644.252	122	0.0480565
6744	1644.496	114	0.0449052
6745	1644.740	106	0.041754
6746	1644.984	111	0.0437235
6747	1645.227	107	0.0421479
6748	1645.471	109	0.0429357
6749	1645.715	109	0.0429357
6750	1645.959	111	0.0437235
6751	1646.203	118	0.0464808
6752	1646.447	103	0.0405723
6753	1646.691	102	0.0401784
6754	1646.935	105	0.0413601
6755	1647.178	119	0.0468748
6756	1647.422	112	0.0441174
6757	1647.666	115	0.0452991
6758	1647.910	116	0.045693
6759	1648.154	86	0.0338759
6760	1648.398	107	0.0421479
6761	1648.642	114	0.0449052
6762	1648.885	111	0.0437235
6763	1649.129	112	0.0441174
6764	1649.373	80	0.0315124
6765	1649.617	98	0.0386027
6766	1649.861	84	0.0330881
6767	1650.105	103	0.0405723
6768	1650.349	118	0.0464808
6769	1650.592	97	0.0382088
6770	1650.836	96	0.0378149
6771	1651.080	86	0.0338759
6772	1651.324	102	0.0401784
6773	1651.568	110	0.0433296
6774	1651.812	119	0.0468748
6775	1652.056	106	0.041754
6776	1652.300	97	0.0382088
6777	1652.543	116	0.045693
6778	1652.787	117	0.0460869
6779	1653.031	107	0.0421479
6780	1653.275	89	0.0350576
6781	1653.519	98	0.0386027
6782	1653.763	104	0.0409662
6783	1654.007	95	0.037421
6784	1654.250	107	0.0421479
6785	1654.494	93	0.0366332
6786	1654.738	107	0.0421479
6787	1654.982	90	0.0354515
6788	1655.226	106	0.041754
6789	1655.470	96	0.0378149
6790	1655.714	92	0.0362393
6791	1655.957	93	0.0366332
6792	1656.201	117	0.0460869
6793	1656.445	95	0.037421
6794	1656.689	86	0.0338759
6795	1656.933	108	0.0425418
6796	1657.177	100	0.0393905
6797	1657.421	95	0.037421
6798	1657.665	90	0.0354515
6799	1657.908	89	0.0350576
6800	1658.152	93	0.0366332
6801	1658.396	86	0.0338759
6802	1658.640	89	0.0350576
6803	1658.884	123	0.0484504
6804	1659.128	102	0.0401784
6805	1659.372	105	0.0413601
6806	1659.615	97	0.0382088
6807	1659.859	91	0.0358454
6808	1660.103	111	0.0437235
6809	1660.347	62	0.0244221
6810	1660.591	77	0.0303307
6811	1660.835	82	0.0323003
6812	1661.079	108	0.0425418
6813	1661.323	92	0.0362393
6814	1661.566	95	0.037421
6815	1661.810	121	0.0476626
6816	1662.054	102	0.0401784
6817	1662.298	101	0.0397845
6818	1662.542	92	0.0362393
6819	1662.786	96	0.0378149
6820	1663.030	101	0.0397845
6821	1663.273	98	0.0386027
6822	1663.517	90	0.0354515
6823	1663.761	89	0.0350576
6824	1664.005	95	0.037421
6825	1664.249	86	0.0338759
6826	1664.493	81	0.0319063
6827	1664.737	103	0.0405723
6828	1664.980	102	0.0401784
6829	1665.224	107	0.0421479
6830	1665.468	103	0.0405723
6831	1665.712	96	0.0378149
6832	1665.956	87	0.0342698
6833	1666.200	104	0.0409662
6834	1666.444	89	0.0350576
6835	1666.688	95	0.037421
6836	1666.931	94	0.0370271
6837	1667.175	123	0.0484504
6838	1667.419	90	0.0354515
6839	1667.663	91	0.0358454
6840	1667.907	93	0.0366332
6841	1668.151	94	0.0370271
6842	1668.395	92	0.0362393
6843	1668.638	86	0.0338759
6844	1668.882	103	0.0405723
6845	1669.126	81	0.0319063
6846	1669.370	83	0.0326942
6847	1669.614	87	0.0342698
6848	1669.858	113	0.0445113
6849	1670.102	84	0.0330881
6850	1670.345	91	0.0358454
6851	1670.589	97	0.0382088
6852	1670.833	99	0.0389966
6853	1671.077	81	0.0319063
6854	1671.321	100	0.0393905
6855	1671.565	92	0.0362393
6856	1671.809	87	0.0342698
6857	1672.053	102	0.0401784
6858	1672.296	88	0.0346637
6859	1672.540	94	0.0370271
6860	1672.784	105	0.0413601
6861	1673.028	85	0.033482
6862	1673.272	88	0.0346637
6863	1673.516	78	0.0307246
6864	1673.760	104	0.0409662
6865	1674.003	95	0.037421
6866	1674.247	79	0.0311185
6867	1674.491	79	0.0311185
6868	1674.735	86	0.0338759
6869	1674.979	85	0.033482
6870	1675.223	79	0.0311185
6871	1675.467	89	0.0350576
6872	1675.711	87	0.0342698
6873	1675.954	99	0.0389966
6874	1676.198	97	0.0382088
6875	1676.442	81	0.0319063
6876	1676.686	78	0.0307246
6877	1676.930	68	0.0267856
6878	1677.174	79	0.0311185
6879	1677.418	88	0.0346637
6880	1677.661	77	0.0303307
6881	1677.905	84	0.0330881
6882	1678.149	88	0.0346637
6883	1678.393	77	0.0303307
6884	1678.637	95	0.037421
6885	1678.881	84	0.0330881
6886	1679.125	99	0.0389966
6887	1679.368	100	0.0393905
6888	1679.612	76	0.0299368
6889	1679.856	81	0.0319063
6890	1680.100	79	0.0311185
6891	1680.344	63	0.024816
6892	1680.588	96	0.0378149
6893	1680.832	84	0.0330881
6894	1681.076	53	0.020877
6895	1681.319	77	0.0303307
6896	1681.563	77	0.0303307
6897	1681.807	77	0.0303307
6898	1682.051	64	0.02521
6899	1682.295	87	0.0342698
6900	1682.539	74	0.029149
6901	1682.783	76	0.0299368
6902	1683.026	75	0.0295429
6903	1683.270	70	0.0275734
6904	1683.514	76	0.0299368
6905	1683.758	77	0.0303307
6906	1684.002	74	0.029149
6907	1684.246	78	0.0307246
6908	1684.490	79	0.0311185
6909	1684.733	96	0.0378149
6910	1684.977	79	0.0311185
6911	1685.221	72	0.0283612
6912	1685.465	63	0.024816
6913	1685.709	72	0.0283612
6914	1685.953	92	0.0362393
6915	1686.197	79	0.0311185
6916	1686.441	75	0.0295429
6917	1686.684	91	0.0358454
6918	1686.928	82	0.0323003
6919	1687.172	81	0.0319063
6920	1687.416	65	0.0256039
6921	1687.660	88	0.0346637
6922	1687.904	82	0.0323003
6923	1688.148	89	0.0350576
6924	1688.391	71	0.0279673
6925	1688.635	83	0.0326942
6926	1688.879	82	0.0323003
6927	1689.123	72	0.0283612
6928	1689.367	62	0.0244221
6929	1689.611	87	0.0342698
6930	1689.855	71	0.0279673
6931	1690.099	63	0.024816
6932	1690.342	78	0.0307246
6933	1690.586	59	0.0232404
6934	1690.830	70	0.0275734
6935	1691.074	94	0.0370271
6936	1691.318	77	0.0303307
6937	1691.562	64	0.02521
6938	1691.806	63	0.024816
6939	1692.049	69	0.0271795
6940	1692.293	52	0.0204831
6941	1692.537	61	0.0240282
6942	1692.781	73	0.0287551
6943	1693.025	62	0.0244221
6944	1693.269	76	0.0299368
6945	1693.513	79	0.0311185
6946	1693.756	76	0.0299368
6947	1694.000	64	0.02521
6948	1694.244	63	0.024816
6949	1694.488	76	0.0299368
6950	1694.732	73	0.0287551
6951	1694.976	79	0.0311185
6952	1695.220	82	0.0323003
6953	1695.464	75	0.0295429
6954	1695.707	66	0.0259978
6955	1695.951	64	0.02521
6956	1696.195	70	0.0275734
6957	1696.439	57	0.0224526
6958	1696.683	54	0.0212709
6959	1696.927	74	0.029149
6960	1697.171	66	0.0259978
6961	1697.414	58	0.0228465
6962	1697.658	62	0.0244221
6963	1697.902	59	0.0232404
6964	1698.146	76	0.0299368
6965	1698.390	59	0.0232404
6966	1698.634	68	0.0267856
6967	1698.878	83	0.0326942
6968	1699.122	62	0.0244221
6969	1699.365	73	0.0287551
6970	1699.609	70	0.0275734
6971	1699.853	66	0.0259978
6972	1700.097	67	0.0263917
6973	1700.341	56	0.0220587
6974	1700.585	69	0.0271795
6975	1700.829	59	0.0232404
6976	1701.072	65	0.0256039
6977	1701.316	61	0.0240282
6978	1701.560	56	0.0220587
6979	1701.804	72	0.0283612
6980	1702.048	74	0.029149
6981	1702.292	50	0.0196953
6982	1702.536	57	0.0224526
6983	1702.779	68	0.0267856
6984	1703.023	56	0.0220587
6985	1703.267	63	0.024816
6986	1703.511	65	0.0256039
6987	1703.755	59	0.0232404
6988	1703.999	67	0.0263917
6989	1704.243	53	0.020877
6990	1704.487	65	0.0256039
6991	1704.730	65	0.0256039
6992	1704.974	52	0.0204831
6993	1705.218	52	0.0204831
6994	1705.462	52	0.0204831
6995	1705.706	53	0.020877
6996	1705.950	60	0.0236343
6997	1706.194	49	0.0193014
6998	1706.437	50	0.0196953
6999	1706.681	69	0.0271795
7000	1706.925	44	0.0173318
7001	1707.169	65	0.0256039
7002	1707.413	58	0.0228465
7003	1707.657	59	0.0232404
7004	1707.901	55	0.0216648
7005	1708.144	59	0.0232404
7006	1708.388	55	0.0216648
7007	1708.632	48	0.0189075
7008	1708.876	60	0.0236343
7009	1709.120	52	0.0204831
7010	1709.364	53	0.020877
7011	1709.608	44	0.0173318
7012	1709.852	61	0.0240282
7013	1710.095	49	0.0193014
7014	1710.339	51	0.0200892
7015	1710.583	45	0.0177257
7016	1710.827	35	0.0137867
7017	1711.071	51	0.0200892
7018	1711.315	45	0.0177257
7019	1711.559	66	0.0259978
7020	1711.802	65	0.0256039
7021	1712.046	52	0.0204831
7022	1712.290	60	0.0236343
7023	1712.534	74	0.029149
7024	1712.778	72	0.0283612
7025	1713.022	58	0.0228465
7026	1713.266	56	0.0220587
7027	1713.510	46	0.0181197
7028	1713.753	59	0.0232404
7029	1713.997	53	0.020877
7030	1714.241	50	0.0196953
7031	1714.485	41	0.0161501
7032	1714.729	51	0.0200892
7033	1714.973	55	0.0216648
7034	1715.217	69	0.0271795
7035	1715.460	57	0.0224526
7036	1715.704	53	0.020877
7037	1715.948	55	0.0216648
7038	1716.192	58	0.0228465
7039	1716.436	50	0.0196953
7040	1716.680	54	0.0212709
7041	1716.924	48	0.0189075
7042	1717.167	41	0.0161501
7043	1717.411	45	0.0177257
7044	1717.655	48	0.0189075
7045	1717.899	43	0.0169379
7046	1718.143	50	0.0196953
7047	1718.387	49	0.0193014
7048	1718.631	41	0.0161501
7049	1718.875	43	0.0169379
7050	1719.118	38	0.0149684
7051	1719.362	52	0.0204831
7052	1719.606	45	0.0177257
7053	1719.850	32	0.012605
7054	1720.094	49	0.0193014
7055	1720.338	39	0.0153623
7056	1720.582	40	0.0157562
7057	1720.825	45	0.0177257
7058	1721.069	40	0.0157562
7059	1721.313	47	0.0185136
7060	1721.557	36	0.0141806
7061	1721.801	29	0.0114233
7062	1722.045	41	0.0161501
7063	1722.289	42	0.016544
7064	1722.532	36	0.0141806
7065	1722.776	48	0.0189075
7066	1723.020	36	0.0141806
7067	1723.264	39	0.0153623
7068	1723.508	39	0.0153623
7069	1723.752	43	0.0169379
7070	1723.996	36	0.0141806
7071	1724.240	47	0.0185136
7072	1724.483	47	0.0185136
7073	1724.727	37	0.0145745
7074	1724.971	41	0.0161501
7075	1725.215	45	0.0177257
7076	1725.459	52	0.0204831
7077	1725.703	29	0.0114233
7078	1725.947	31	0.0122111
7079	1726.190	34	0.0133928
7080	1726.434	30	0.0118172
7081	1726.678	38	0.0149684
7082	1726.922	37	0.0145745
7083	1727.166	46	0.0181197
7084	1727.410	44	0.0173318
7085	1727.654	38	0.0149684
7086	1727.898	36	0.0141806
7087	1728.141	33	0.0129989
7088	1728.385	50	0.0196953
7089	1728.629	33	0.0129989
7090	1728.873	41	0.0161501
7091	1729.117	44	0.0173318
7092	1729.361	43	0.0169379
7093	1729.605	29	0.0114233
7094	1729.848	36	0.0141806
7095	1730.092	33	0.0129989
7096	1730.336	39	0.0153623
7097	1730.580	39	0.0153623
7098	1730.824	25	0.00984764
7099	1731.068	28	0.0110294
7100	1731.312	25	0.00984764
7101	1731.555	30	0.0118172
7102	1731.799	25	0.00984764
7103	1732.043	41	0.0161501
7104	1732.287	43	0.0169379
7105	1732.531	31	0.0122111
7106	1732.775	35	0.0137867
7107	1733.019	44	0.0173318
7108	1733.263	39	0.0153623
7109	1733.506	33	0.0129989
7110	1733.750	37	0.0145745
7111	1733.994	38	0.0149684
7112	1734.238	32	0.012605
7113	1734.482	28	0.0110294
7114	1734.726	28	0.0110294
7115	1734.970	32	0.012605
7116	1735.213	24	0.00945373
7117	1735.457	35	0.0137867
7118	1735.701	29	0.0114233
7119	1735.945	27	0.0106354
7120	1736.189	38	0.0149684
7121	1736.433	26	0.0102415
7122	1736.677	25	0.00984764
7123	1736.920	27	0.0106354
7124	1737.164	26	0.0102415
7125	1737.408	28	0.0110294
7126	1737.652	24	0.00945373
7127	1737.896	38	0.0149684
7128	1738.140	29	0.0114233
7129	1738.384	22	0.00866592
7130	1738.628	35	0.0137867
7131	1738.871	30	0.0118172
7132	1739.115	25	0.00984764
7133	1739.359	21	0.00827202
7134	1739.603	23	0.00905983
7135	1739.847	30	0.0118172
7136	1740.091	24	0.00945373
7137	1740.335	23	0.00905983
7138	1740.578	30	0.0118172
7139	1740.822	24	0.00945373
7140	1741.066	22	0.00866592
7141	1741.310	24	0.00945373
7142	1741.554	26	0.0102415
7143	1741.798	33	0.0129989
7144	1742.042	31	0.0122111
7145	1742.286	24	0.00945373
7146	1742.529	24	0.00945373
7147	1742.773	22	0.00866592
7148	1743.017	30	0.0118172
7149	1743.261	27	0.0106354
7150	1743.505	32	0.012605
7151	1743.749	30	0.0118172
7152	1743.993	26	0.0102415
7153	1744.236	21	0.00827202
7154	1744.480	21	0.00827202
7155	1744.724	30	0.0118172
7156	1744.968	29	0.0114233
7157	1745.212	27	0.0106354
7158	1745.456	22	0.00866592
7159	1745.700	36	0.0141806
7160	1745.943	28	0.0110294
7161	1746.187	26	0.0102415
7162	1746.431	20	0.00787811
7163	1746.675	31	0.0122111
7164	1746.919	25	0.00984764
7165	1747.163	36	0.0141806
7166	1747.407	32	0.012605
7167	1747.651	26	0.0102415
7168	1747.894	10	0.00393905
7169	1748.138	23	0.00905983
7170	1748.382	30	0.0118172
7171	1748.626	22	0.00866592
7172	1748.870	28	0.0110294
7173	1749.114	30	0.0118172
7174	1749.358	16	0.00630249
7175	1749.601	20	0.00787811
7176	1749.845	30	0.0118172
7177	1750.089	27	0.0106354
7178	1750.333	27	0.0106354
7179	1750.577	24	0.00945373
7180	1750.821	22	0.00866592
7181	1751.065	25	0.00984764
7182	1751.309	21	0.00827202
7183	1751.552	20	0.00787811
7184	1751.796	23	0.00905983
7185	1752.040	25	0.00984764
7186	1752.284	30	0.0118172
7187	1752.528	22	0.00866592
7188	1752.772	39	0.0153623
7189	1753.016	27	0.0106354
7190	1753.259	20	0.00787811
7191	1753.503	34	0.0133928
7192	1753.747	31	0.0122111
7193	1753.991	15	0.00590858
7194	1754.235	25	0.00984764
7195	1754.479	16	0.00630249
7196	1754.723	32	0.012605
7197	1754.966	28	0.0110294
7198	1755.210	27	0.0106354
7199	1755.454	23	0.00905983
7200	1755.698	26	0.0102415
7201	1755.942	25	0.00984764
7202	1756.186	21	0.00827202
7203	1756.430	24	0.00945373
7204	1756.674	26	0.0102415
7205	1756.917	28	0.0110294
7206	1757.161	17	0.00669639
7207	1757.405	24	0.00945373
7208	1757.649	25	0.00984764
7209	1757.893	23	0.00905983
7210	1758.137	20	0.00787811
7211	1758.381	23	0.00905983
7212	1758.624	19	0.0074842
7213	1758.868	19	0.0074842
7214	1759.112	23	0.00905983
7215	1759.356	20	0.00787811
7216	1759.600	17	0.00669639
7217	1759.844	20	0.00787811
7218	1760.088	15	0.00590858
7219	1760.331	28	0.0110294
7220	1760.575	25	0.00984764
7221	1760.819	22	0.00866592
7222	1761.063	21	0.00827202
7223	1761.307	26	0.0102415
7224	1761.551	23	0.00905983
7225	1761.795	19	0.0074842
7226	1762.039	22	0.00866592
7227	1762.282	15	0.00590858
7228	1762.526	25	0.00984764
7229	1762.770	23	0.00905983
7230	1763.014	23	0.00905983
7231	1763.258	18	0.0070903
7232	1763.502	18	0.0070903
7233	1763.746	23	0.00905983
7234	1763.989	34	0.0133928
7235	1764.233	22	0.00866592
7236	1764.477	27	0.0106354
7237	1764.721	31	0.0122111
7238	1764.965	20	0.00787811
7239	1765.209	18	0.0070903
7240	1765.453	29	0.0114233
7241	1765.697	22	0.00866592
7242	1765.940	24	0.00945373
7243	1766.184	23	0.00905983
7244	1766.428	25	0.00984764
7245	1766.672	20	0.00787811
7246	1766.916	25	0.00984764
7247	1767.160	21	0.00827202
7248	1767.404	17	0.00669639
7249	1767.647	23	0.00905983
7250	1767.891	17	0.00669639
7251	1768.135	18	0.0070903
7252	1768.379	17	0.00669639
7253	1768.623	16	0.00630249
7254	1768.867	28	0.0110294
7255	1769.111	21	0.00827202
7256	1769.354	15	0.00590858
7257	1769.598	14	0.00551468
7258	1769.842	22	0.00866592
7259	1770.086	15	0.00590858
7260	1770.330	19	0.0074842
7261	1770.574	19	0.0074842
7262	1770.818	17	0.00669639
7263	1771.062	21	0.00827202
7264	1771.305	19	0.0074842
7265	1771.549	23	0.00905983
7266	1771.793	22	0.00866592
7267	1772.037	22	0.00866592
7268	1772.281	17	0.00669639
7269	1772.525	24	0.00945373
7270	1772.769	23	0.00905983
7271	1773.012	24	0.00945373
7272	1773.256	32	0.012605
7273	1773.500	22	0.00866592
7274	1773.744	22	0.00866592
7275	1773.988	21	0.00827202
7276	1774.232	20	0.00787811
7277	1774.476	25	0.00984764
7278	1774.719	29	0.0114233
7279	1774.963	18	0.0070903
7280	1775.207	23	0.00905983
7281	1775.451	25	0.00984764
7282	1775.695	18	0.0070903
7283	1775.939	19	0.0074842
7284	1776.183	18	0.0070903
7285	1776.427	25	0.00984764
7286	1776.670	24	0.00945373
7287	1776.914	17	0.00669639
7288	1777.158	14	0.00551468
7289	1777.402	18	0.0070903
7290	1777.646	21	0.00827202
7291	1777.890	16	0.00630249
7292	1778.134	22	0.00866592
7293	1778.377	16	0.00630249
7294	1778.621	24	0.00945373
7295	1778.865	16	0.00630249
7296	1779.109	13	0.00512077
7297	1779.353	16	0.00630249
7298	1779.597	20	0.00787811
7299	1779.841	27	0.0106354
7300	1780.085	21	0.00827202
7301	1780.328	15	0.00590858
7302	1780.572	24	0.00945373
7303	1780.816	24	0.00945373
7304	1781.060	25	0.00984764
7305	1781.304	22	0.00866592
7306	1781.548	16	0.00630249
7307	1781.792	19	0.0074842
7308	1782.035	26	0.0102415
7309	1782.279	25	0.00984764
7310	1782.523	17	0.00669639
7311	1782.767	22	0.00866592
7312	1783.011	23	0.00905983
7313	1783.255	22	0.00866592
7314	1783.499	22	0.00866592
7315	1783.742	16	0.00630249
7316	1783.986	17	0.00669639
7317	1784.230	20	0.00787811
7318	1784.474	19	0.0074842
7319	1784.718	28	0.0110294
7320	1784.962	18	0.0070903
7321	1785.206	20	0.00787811
7322	1785.450	16	0.00630249
7323	1785.693	23	0.00905983
7324	1785.937	20	0.00787811
7325	1786.181	18	0.0070903
7326	1786.425	16	0.00630249
7327	1786.669	22	0.00866592
7328	1786.913	15	0.00590858
7329	1787.157	15	0.00590858
7330	1787.400	15	0.00590858
7331	1787.644	20	0.00787811
7332	1787.888	12	0.00472687
7333	1788.132	22	0.00866592
7334	1788.376	19	0.0074842
7335	1788.620	17	0.00669639
7336	1788.864	15	0.00590858
7337	1789.108	18	0.0070903
7338	1789.351	26	0.0102415
7339	1789.595	25	0.00984764
7340	1789.839	22	0.00866592
7341	1790.083	15	0.00590858
7342	1790.327	24	0.00945373
7343	1790.571	29	0.0114233
7344	1790.815	16	0.00630249
7345	1791.058	18	0.0070903
7346	1791.302	20	0.00787811
7347	1791.546	21	0.00827202
7348	1791.790	20	0.00787811
7349	1792.034	18	0.0070903
7350	1792.278	18	0.0070903
7351	1792.522	25	0.00984764
7352	1792.765	32	0.012605
7353	1793.009	14	0.00551468
7354	1793.253	28	0.0110294
7355	1793.497	16	0.00630249
7356	1793.741	12	0.00472687
7357	1793.985	26	0.0102415
7358	1794.229	20	0.00787811
7359	1794.473	15	0.00590858
7360	1794.716	19	0.0074842
7361	1794.960	13	0.00512077
7362	1795.204	22	0.00866592
7363	1795.448	25	0.00984764
7364	1795.692	17	0.00669639
7365	1795.936	18	0.0070903
7366	1796.180	19	0.0074842
7367	1796.423	25	0.00984764
7368	1796.667	19	0.0074842
7369	1796.911	27	0.0106354
7370	1797.155	16	0.00630249
7371	1797.399	17	0.00669639
7372	1797.643	21	0.00827202
7373	1797.887	29	0.0114233
7374	1798.130	25	0.00984764
7375	1798.374	17	0.00669639
7376	1798.618	18	0.0070903
7377	1798.862	14	0.00551468
7378	1799.106	19	0.0074842
7379	1799.350	28	0.0110294
7380	1799.594	30	0.0118172
7381	1799.838	23	0.00905983
7382	1800.081	29	0.0114233
7383	1800.325	23	0.00905983
7384	1800.569	17	0.00669639
7385	1800.813	19	0.0074842
7386	1801.057	26	0.0102415
7387	1801.301	22	0.00866592
7388	1801.545	19	0.0074842
7389	1801.788	24	0.00945373
7390	1802.032	27	0.0106354
7391	1802.276	23	0.00905983
7392	1802.520	26	0.0102415
7393	1802.764	19	0.0074842
7394	1803.008	24	0.00945373
7395	1803.252	17	0.00669639
7396	1803.496	10	0.00393905
7397	1803.739	16	0.00630249
7398	1803.983	25	0.00984764
7399	1804.227	23	0.00905983
7400	1804.471	22	0.00866592
7401	1804.715	19	0.0074842
7402	1804.959	15	0.00590858
7403	1805.203	26	0.0102415
7404	1805.446	16	0.00630249
7405	1805.690	25	0.00984764
7406	1805.934	20	0.00787811
7407	1806.178	22	0.00866592
7408	1806.422	18	0.0070903
7409	1806.666	10	0.00393905
7410	1806.910	24	0.00945373
7411	1807.153	23	0.00905983
7412	1807.397	13	0.00512077
7413	1807.641	21	0.00827202
7414	1807.885	12	0.00472687
7415	1808.129	12	0.00472687
7416	1808.373	17	0.00669639
7417	1808.617	23	0.00905983
7418	1808.861	9	0.00354515
7419	1809.104	26	0.0102415
7420	1809.348	18	0.0070903
7421	1809.592	17	0.00669639
7422	1809.836	20	0.00787811
7423	1810.080	13	0.00512077
7424	1810.324	21	0.00827202
7425	1810.568	23	0.00905983
7426	1810.811	13	0.00512077
7427	1811.055	18	0.0070903
7428	1811.299	21	0.00827202
7429	1811.543	27	0.0106354
7430	1811.787	17	0.00669639
7431	1812.031	19	0.0074842
7432	1812.275	20	0.00787811
7433	1812.518	16	0.00630249
7434	1812.762	18	0.0070903
7435	1813.006	22	0.00866592
7436	1813.250	23	0.00905983
7437	1813.494	19	0.0074842
7438	1813.738	14	0.00551468
7439	1813.982	16	0.00630249
7440	1814.226	20	0.00787811
7441	1814.469	25	0.00984764
7442	1814.713	21	0.00827202
7443	1814.957	11	0.00433296
7444	1815.201	16	0.00630249
7445	1815.445	24	0.00945373
7446	1815.689	19	0.0074842
7447	1815.933	17	0.00669639
7448	1816.176	17	0.00669639
7449	1816.420	20	0.00787811
7450	1816.664	25	0.00984764
7451	1816.908	30	0.0118172
7452	1817.152	18	0.0070903
7453	1817.396	27	0.0106354
7454	1817.640	10	0.00393905
7455	1817.884	23	0.00905983
7456	1818.127	12	0.00472687
7457	1818.371	28	0.0110294
7458	1818.615	19	0.0074842
7459	1818.859	19	0.0074842
7460	1819.103	8	0.00315124
7461	1819.347	25	0.00984764
7462	1819.591	24	0.00945373
7463	1819.834	18	0.0070903
7464	1820.078	25	0.00984764
7465	1820.322	22	0.00866592
7466	1820.566	24	0.00945373
7467	1820.810	23	0.00905983
7468	1821.054	21	0.00827202
7469	1821.298	22	0.00866592
7470	1821.541	19	0.0074842
7471	1821.785	25	0.00984764
7472	1822.029	14	0.00551468
7473	1822.273	17	0.00669639
7474	1822.517	22	0.00866592
7475	1822.761	21	0.00827202
7476	1823.005	13	0.00512077
7477	1823.249	30	0.0118172
7478	1823.492	16	0.00630249
7479	1823.736	28	0.0110294
7480	1823.980	17	0.00669639
7481	1824.224	16	0.00630249
7482	1824.468	16	0.00630249
7483	1824.712	30	0.0118172
7484	1824.956	19	0.0074842
7485	1825.199	27	0.0106354
7486	1825.443	22	0.00866592
7487	1825.687	16	0.00630249
7488	1825.931	25	0.00984764
7489	1826.175	26	0.0102415
7490	1826.419	18	0.0070903
7491	1826.663	20	0.00787811
7492	1826.906	12	0.00472687
7493	1827.150	15	0.00590858
7494	1827.394	15	0.00590858
7495	1827.638	27	0.0106354
7496	1827.882	27	0.0106354
7497	1828.126	29	0.0114233
7498	1828.370	22	0.00866592
7499	1828.614	19	0.0074842
7500	1828.857	21	0.00827202
7501	1829.101	22	0.00866592
7502	1829.345	23	0.00905983
7503	1829.589	26	0.0102415
7504	1829.833	16	0.00630249
7505	1830.077	23	0.00905983
7506	1830.321	15	0.00590858
7507	1830.564	21	0.00827202
7508	1830.808	24	0.00945373
7509	1831.052	22	0.00866592
7510	1831.296	19	0.0074842
7511	1831.540	22	0.00866592
7512	1831.784	23	0.00905983
7513	1832.028	29	0.0114233
7514	1832.272	27	0.0106354
7515	1832.515	34	0.0133928
7516	1832.759	42	0.016544
7517	1833.003	34	0.0133928
7518	1833.247	68	0.0267856
7519	1833.491	79	0.0311185
7520	1833.735	91	0.0358454
7521	1833.979	175	0.0689335
7522	1834.222	232	0.0913861
7523	1834.466	405	0.159532
7524	1834.710	591	0.232798
7525	1834.954	789	0.310791
7526	1835.198	1281	0.504593
7527	1835.442	1813	0.714151
7528	1835.686	2442	0.961917
7529	1835.929	3167	1.2475
7530	1836.173	4146	1.63313
7531	1836.417	4835	1.90453
7532	1836.661	5500	2.16648
7533	1836.905	6326	2.49185
7534	1837.149	6675	2.62932
7535	1837.393	6501	2.56078
7536	1837.637	6466	2.54699
7537	1837.880	5856	2.30671
7538	1838.124	5196	2.04673
7539	1838.368	4176	1.64495
7540	1838.612	3396	1.3377
7541	1838.856	2597	1.02297
7542	1839.100	1851	0.729119
7543	1839.344	1330	0.523894
7544	1839.587	915	0.360424
7545	1839.831	600	0.236343
7546	1840.075	380	0.149684
7547	1840.319	255	0.100446
7548	1840.563	179	0.0705091
7549	1840.807	139	0.0547529
7550	1841.051	122	0.0480565
7551	1841.295	108	0.0425418
7552	1841.538	112	0.0441174
7553	1841.782	102	0.0401784
7554	1842.026	94	0.0370271
7555	1842.270	75	0.0295429
7556	1842.514	76	0.0299368
7557	1842.758	77	0.0303307
7558	1843.002	76	0.0299368
7559	1843.245	56	0.0220587
7560	1843.489	64	0.02521
7561	1843.733	42	0.016544
7562	1843.977	67	0.0263917
7563	1844.221	49	0.0193014
7564	1844.465	64	0.02521
7565	1844.709	47	0.0185136
7566	1844.952	49	0.0193014
7567	1845.196	42	0.016544
7568	1845.440	52	0.0204831
7569	1845.684	47	0.0185136
7570	1845.928	40	0.0157562
7571	1846.172	38	0.0149684
7572	1846.416	39	0.0153623
7573	1846.660	37	0.0145745
7574	1846.903	39	0.0153623
7575	1847.147	50	0.0196953
7576	1847.391	40	0.0157562
7577	1847.635	39	0.0153623
7578	1847.879	43	0.0169379
7579	1848.123	43	0.0169379
7580	1848.367	39	0.0153623
7581	1848.610	63	0.024816
7582	1848.854	78	0.0307246
7583	1849.098	83	0.0326942
7584	1849.342	113	0.0445113
7585	1849.586	114	0.0449052
7586	1849.830	170	0.0669639
7587	1850.074	186	0.0732664
7588	1850.317	220	0.0866592
7589	1850.561	256	0.10084
7590	1850.805	295	0.116202
7591	1851.049	323	0.127231
7592	1851.293	320	0.12605
7593	1851.537	374	0.147321
7594	1851.781	359	0.141412
7595	1852.025	346	0.136291
7596	1852.268	290	0.114233
7597	1852.512	289	0.113839
7598	1852.756	211	0.0831141
7599	1853.000	162	0.0638127
7600	1853.244	181	0.0712969
7601	1853.488	148	0.058298
7602	1853.732	121	0.0476626
7603	1853.975	91	0.0358454
7604	1854.219	84	0.0330881
7605	1854.463	79	0.0311185
7606	1854.707	59	0.0232404
7607	1854.951	47	0.0185136
7608	1855.195	48	0.0189075
7609	1855.439	46	0.0181197
7610	1855.683	36	0.0141806
7611	1855.926	36	0.0141806
7612	1856.170	33	0.0129989
7613	1856.414	24	0.00945373
7614	1856.658	33	0.0129989
7615	1856.902	42	0.016544
7616	1857.146	30	0.0118172
7617	1857.390	35	0.0137867
7618	1857.633	31	0.0122111
7619	1857.877	34	0.0133928
7620	1858.121	27	0.0106354
7621	1858.365	28	0.0110294
7622	1858.609	43	0.0169379
7623	1858.853	40	0.0157562
7624	1859.097	30	0.0118172
7625	1859.340	27	0.0106354
7626	1859.584	33	0.0129989
7627	1859.828	23	0.00905983
7628	1860.072	36	0.0141806
7629	1860.316	21	0.00827202
7630	1860.560	21	0.00827202
7631	1860.804	31	0.0122111
7632	1861.048	23	0.00905983
7633	1861.291	24	0.00945373
7634	1861.535	22	0.00866592
7635	1861.779	14	0.00551468
7636	1862.023	18	0.0070903
7637	1862.267	15	0.00590858
7638	1862.511	21	0.00827202
7639	1862.755	20	0.00787811
7640	1862.998	15	0.00590858
7641	1863.242	16	0.00630249
7642	1863.486	14	0.00551468
7643	1863.730	18	0.0070903
7644	1863.974	15	0.00590858
7645	1864.218	20	0.00787811
7646	1864.462	15	0.00590858
7647	1864.705	11	0.00433296
7648	1864.949	22	0.00866592
7649	1865.193	18	0.0070903
7650	1865.437	15	0.00590858
7651	1865.681	22	0.00866592
7652	1865.925	15	0.00590858
7653	1866.169	12	0.00472687
7654	1866.413	13	0.00512077
7655	1866.656	18	0.0070903
7656	1866.900	13	0.00512077
7657	1867.144	13	0.00512077
7658	1867.388	6	0.00236343
7659	1867.632	19	0.0074842
7660	1867.876	10	0.00393905
7661	1868.120	18	0.0070903
7662	1868.363	20	0.00787811
7663	1868.607	13	0.00512077
7664	1868.851	17	0.00669639
7665	1869.095	17	0.00669639
7666	1869.339	15	0.00590858
7667	1869.583	11	0.00433296
7668	1869.827	12	0.00472687
7669	1870.071	19	0.0074842
7670	1870.314	16	0.00630249
7671	1870.558	15	0.00590858
7672	1870.802	22	0.00866592
7673	1871.046	18	0.0070903
7674	1871.290	9	0.00354515
7675	1871.534	12	0.00472687
7676	1871.778	17	0.00669639
7677	1872.021	13	0.00512077
7678	1872.265	16	0.00630249
7679	1872.509	23	0.00905983
7680	1872.753	13	0.00512077
7681	1872.997	14	0.00551468
7682	1873.241	22	0.00866592
7683	1873.485	17	0.00669639
7684	1873.728	15	0.00590858
7685	1873.972	16	0.00630249
7686	1874.216	15	0.00590858
7687	1874.460	19	0.0074842
7688	1874.704	15	0.00590858
7689	1874.948	15	0.00590858
7690	1875.192	26	0.0102415
7691	1875.436	8	0.00315124
7692	1875.679	12	0.00472687
7693	1875.923	12	0.00472687
7694	1876.167	9	0.00354515
7695	1876.411	16	0.00630249
7696	1876.655	8	0.00315124
7697	1876.899	13	0.00512077
7698	1877.143	7	0.00275734
7699	1877.386	15	0.00590858
7700	1877.630	10	0.00393905
7701	1877.874	12	0.00472687
7702	1878.118	8	0.00315124
7703	1878.362	12	0.00472687
7704	1878.606	15	0.00590858
7705	1878.850	16	0.00630249
7706	1879.093	11	0.00433296
7707	1879.337	8	0.00315124
7708	1879.581	14	0.00551468
7709	1879.825	12	0.00472687
7710	1880.069	13	0.00512077
7711	1880.313	4	0.00157562
7712	1880.557	12	0.00472687
7713	1880.801	11	0.00433296
7714	1881.044	17	0.00669639
7715	1881.288	14	0.00551468
7716	1881.532	12	0.00472687
7717	1881.776	14	0.00551468
7718	1882.020	14	0.00551468
7719	1882.264	14	0.00551468
7720	1882.508	14	0.00551468
7721	1882.751	9	0.00354515
7722	1882.995	8	0.00315124
7723	1883.239	8	0.00315124
7724	1883.483	9	0.00354515
7725	1883.727	13	0.00512077
7726	1883.971	13	0.00512077
7727	1884.215	12	0.00472687
7728	1884.459	9	0.00354515
7729	1884.702	17	0.00669639
7730	1884.946	11	0.00433296
7731	1885.190	12	0.00472687
7732	1885.434	16	0.00630249
7733	1885.678	14	0.00551468
7734	1885.922	12	0.00472687
7735	1886.166	8	0.00315124
7736	1886.409	12	0.00472687
7737	1886.653	10	0.00393905
7738	1886.897	11	0.00433296
7739	1887.141	8	0.00315124
7740	1887.385	19	0.0074842
7741	1887.629	14	0.00551468
7742	1887.873	19	0.0074842
7743	1888.116	12	0.00472687
7744	1888.360	6	0.00236343
7745	1888.604	14	0.00551468
7746	1888.848	15	0.00590858
7747	1889.092	8	0.00315124
7748	1889.336	8	0.00315124
7749	1889.580	21	0.00827202
7750	1889.824	12	0.00472687
7751	1890.067	18	0.0070903
7752	1890.311	12	0.00472687
7753	1890.555	9	0.00354515
7754	1890.799	12	0.00472687
7755	1891.043	18	0.0070903
7756	1891.287	12	0.00472687
7757	1891.531	14	0.00551468
7758	1891.774	9	0.00354515
7759	1892.018	8	0.00315124
7760	1892.262	15	0.00590858
7761	1892.506	11	0.00433296
7762	1892.750	10	0.00393905
7763	1892.994	11	0.00433296
7764	1893.238	14	0.00551468
7765	1893.482	8	0.00315124
7766	1893.725	8	0.00315124
7767	1893.969	8	0.00315124
7768	1894.213	16	0.00630249
7769	1894.457	11	0.00433296
7770	1894.701	14	0.00551468
7771	1894.945	12	0.00472687
7772	1895.189	18	0.0070903
7773	1895.432	16	0.00630249
7774	1895.676	10	0.00393905
7775	1895.920	13	0.00512077
7776	1896.164	21	0.00827202
7777	1896.408	17	0.00669639
7778	1896.652	7	0.00275734
7779	1896.896	8	0.00315124
7780	1897.139	14	0.00551468
7781	1897.383	15	0.00590858
7782	1897.627	15	0.00590858
7783	1897.871	16	0.00630249
7784	1898.115	16	0.00630249
7785	1898.359	12	0.00472687
7786	1898.603	9	0.00354515
7787	1898.847	14	0.00551468
7788	1899.090	16	0.00630249
7789	1899.334	15	0.00590858
7790	1899.578	15	0.00590858
7791	1899.822	5	0.00196953
7792	1900.066	9	0.00354515
7793	1900.310	11	0.00433296
7794	1900.554	7	0.00275734
7795	1900.797	12	0.00472687
7796	1901.041	18	0.0070903
7797	1901.285	15	0.00590858
7798	1901.529	19	0.0074842
7799	1901.773	11	0.00433296
7800	1902.017	10	0.00393905
7801	1902.261	11	0.00433296
7802	1902.504	8	0.00315124
7803	1902.748	19	0.0074842
7804	1902.992	14	0.00551468
7805	1903.236	21	0.00827202
7806	1903.480	21	0.00827202
7807	1903.724	18	0.0070903
7808	1903.968	13	0.00512077
7809	1904.212	15	0.00590858
7810	1904.455	19	0.0074842
7811	1904.699	13	0.00512077
7812	1904.943	13	0.00512077
7813	1905.187	22	0.00866592
7814	1905.431	17	0.00669639
7815	1905.675	14	0.00551468
7816	1905.919	16	0.00630249
7817	1906.162	13	0.00512077
7818	1906.406	11	0.00433296
7819	1906.650	9	0.00354515
7820	1906.894	12	0.00472687
7821	1907.138	13	0.00512077
7822	1907.382	12	0.00472687
7823	1907.626	15	0.00590858
7824	1907.870	14	0.00551468
7825	1908.113	6	0.00236343
7826	1908.357	11	0.00433296
7827	1908.601	9	0.00354515
7828	1908.845	12	0.00472687
7829	1909.089	9	0.00354515
7830	1909.333	17	0.00669639
7831	1909.577	9	0.00354515
7832	1909.820	10	0.00393905
7833	1910.064	13	0.00512077
7834	1910.308	12	0.00472687
7835	1910.552	18	0.0070903
7836	1910.796	9	0.00354515
7837	1911.040	15	0.00590858
7838	1911.284	14	0.00551468
7839	1911.527	4	0.00157562
7840	1911.771	14	0.00551468
7841	1912.015	15	0.00590858
7842	1912.259	9	0.00354515
7843	1912.503	18	0.0070903
7844	1912.747	12	0.00472687
7845	1912.991	8	0.00315124
7846	1913.235	17	0.00669639
7847	1913.478	10	0.00393905
7848	1913.722	11	0.00433296
7849	1913.966	13	0.00512077
7850	1914.210	13	0.00512077
7851	1914.454	13	0.00512077
7852	1914.698	11	0.00433296
7853	1914.942	11	0.00433296
7854	1915.185	14	0.00551468
7855	1915.429	10	0.00393905
7856	1915.673	8	0.00315124
7857	1915.917	13	0.00512077
7858	1916.161	6	0.00236343
7859	1916.405	8	0.00315124
7860	1916.649	9	0.00354515
7861	1916.892	10	0.00393905
7862	1917.136	11	0.00433296
7863	1917.380	10	0.00393905
7864	1917.624	13	0.00512077
7865	1917.868	14	0.00551468
7866	1918.112	14	0.00551468
7867	1918.356	15	0.00590858
7868	1918.600	13	0.00512077
7869	1918.843	11	0.00433296
7870	1919.087	13	0.00512077
7871	1919.331	8	0.00315124
7872	1919.575	17	0.00669639
7873	1919.819	10	0.00393905
7874	1920.063	19	0.0074842
7875	1920.307	17	0.00669639
7876	1920.550	10	0.00393905
7877	1920.794	9	0.00354515
7878	1921.038	11	0.00433296
7879	1921.282	14	0.00551468
7880	1921.526	25	0.00984764
7881	1921.770	13	0.00512077
7882	1922.014	12	0.00472687
7883	1922.258	10	0.00393905
7884	1922.501	12	0.00472687
7885	1922.745	9	0.00354515
7886	1922.989	24	0.00945373
7887	1923.233	15	0.00590858
7888	1923.477	19	0.0074842
7889	1923.721	6	0.00236343
7890	1923.965	17	0.00669639
7891	1924.208	11	0.00433296
7892	1924.452	10	0.00393905
7893	1924.696	9	0.00354515
7894	1924.940	18	0.0070903
7895	1925.184	11	0.00433296
7896	1925.428	12	0.00472687
7897	1925.672	11	0.00433296
7898	1925.915	11	0.00433296
7899	1926.159	7	0.00275734
7900	1926.403	6	0.00236343
7901	1926.647	14	0.00551468
7902	1926.891	11	0.00433296
7903	1927.135	8	0.00315124
7904	1927.379	8	0.00315124
7905	1927.623	13	0.00512077
7906	1927.866	14	0.00551468
7907	1928.110	18	0.0070903
7908	1928.354	14	0.00551468
7909	1928.598	16	0.00630249
7910	1928.842	8	0.00315124
7911	1929.086	14	0.00551468
7912	1929.330	9	0.00354515
7913	1929.573	9	0.00354515
7914	1929.817	11	0.00433296
7915	1930.061	9	0.00354515
7916	1930.305	13	0.00512077
7917	1930.549	11	0.00433296
7918	1930.793	20	0.00787811
7919	1931.037	11	0.00433296
7920	1931.280	14	0.00551468
7921	1931.524	13	0.00512077
7922	1931.768	7	0.00275734
7923	1932.012	11	0.00433296
7924	1932.256	8	0.00315124
7925	1932.500	16	0.00630249
7926	1932.744	14	0.00551468
7927	1932.988	15	0.00590858
7928	1933.231	14	0.00551468
7929	1933.475	14	0.00551468
7930	1933.719	11	0.00433296
7931	1933.963	14	0.00551468
7932	1934.207	14	0.00551468
7933	1934.451	13	0.00512077
7934	1934.695	20	0.00787811
7935	1934.938	12	0.00472687
7936	1935.182	7	0.00275734
7937	1935.426	12	0.00472687
7938	1935.670	18	0.0070903
7939	1935.914	22	0.00866592
7940	1936.158	4	0.00157562
7941	1936.402	13	0.00512077
7942	1936.646	17	0.00669639
7943	1936.889	14	0.00551468
7944	1937.133	16	0.00630249
7945	1937.377	8	0.00315124
7946	1937.621	7	0.00275734
7947	1937.865	13	0.00512077
7948	1938.109	10	0.00393905
7949	1938.353	8	0.00315124
7950	1938.596	20	0.00787811
7951	1938.840	14	0.00551468
7952	1939.084	9	0.00354515
7953	1939.328	15	0.00590858
7954	1939.572	9	0.00354515
7955	1939.816	9	0.00354515
7956	1940.060	13	0.00512077
7957	1940.303	10	0.00393905
7958	1940.547	16	0.00630249
7959	1940.791	18	0.0070903
7960	1941.035	12	0.00472687
7961	1941.279	13	0.00512077
7962	1941.523	15	0.00590858
7963	1941.767	10	0.00393905
7964	1942.011	14	0.00551468
7965	1942.254	9	0.00354515
7966	1942.498	9	0.00354515
7967	1942.742	9	0.00354515
7968	1942.986	16	0.00630249
7969	1943.230	9	0.00354515
7970	1943.474	11	0.00433296
7971	1943.718	7	0.00275734
7972	1943.961	17	0.00669639
7973	1944.205	11	0.00433296
7974	1944.449	9	0.00354515
7975	1944.693	12	0.00472687
7976	1944.937	6	0.00236343
7977	1945.181	8	0.00315124
7978	1945.425	13	0.00512077
7979	1945.669	13	0.00512077
7980	1945.912	13	0.00512077
7981	1946.156	10	0.00393905
7982	1946.400	10	0.00393905
7983	1946.644	17	0.00669639
7984	1946.888	17	0.00669639
7985	1947.132	20	0.00787811
7986	1947.376	9	0.00354515
7987	1947.619	9	0.00354515
7988	1947.863	10	0.00393905
7989	1948.107	10	0.00393905
7990	1948.351	16	0.00630249
7991	1948.595	17	0.00669639
7992	1948.839	19	0.0074842
7993	1949.083	12	0.00472687
7994	1949.326	13	0.00512077
7995	1949.570	9	0.00354515
7996	1949.814	6	0.00236343
7997	1950.058	7	0.00275734
7998	1950.302	5	0.00196953
7999	1950.546	13	0.00512077
8000	1950.790	18	0.0070903
8001	1951.034	9	0.00354515
8002	1951.277	9	0.00354515
8003	1951.521	12	0.00472687
8004	1951.765	14	0.00551468
8005	1952.009	17	0.00669639
8006	1952.253	12	0.00472687
8007	1952.497	9	0.00354515
8008	1952.741	20	0.00787811
8009	1952.984	13	0.00512077
8010	1953.228	16	0.00630249
8011	1953.472	4	0.00157562
8012	1953.716	12	0.00472687
8013	1953.960	16	0.00630249
8014	1954.204	13	0.00512077
8015	1954.448	14	0.00551468
8016	1954.691	16	0.00630249
8017	1954.935	15	0.00590858
8018	1955.179	12	0.00472687
8019	1955.423	12	0.00472687
8020	1955.667	10	0.00393905
8021	1955.911	9	0.00354515
8022	1956.155	14	0.00551468
8023	1956.399	10	0.00393905
8024	1956.642	16	0.00630249
8025	1956.886	15	0.00590858
8026	1957.130	9	0.00354515
8027	1957.374	12	0.00472687
8028	1957.618	15	0.00590858
8029	1957.862	16	0.00630249
8030	1958.106	11	0.00433296
8031	1958.349	7	0.00275734
8032	1958.593	15	0.00590858
8033	1958.837	14	0.00551468
8034	1959.081	7	0.00275734
8035	1959.325	15	0.00590858
8036	1959.569	16	0.00630249
8037	1959.813	14	0.00551468
8038	1960.057	13	0.00512077
8039	1960.300	12	0.00472687
8040	1960.544	11	0.00433296
8041	1960.788	14	0.00551468
8042	1961.032	13	0.00512077
8043	1961.276	18	0.0070903
8044	1961.520	9	0.00354515
8045	1961.764	17	0.00669639
8046	1962.007	10	0.00393905
8047	1962.251	5	0.00196953
8048	1962.495	4	0.00157562
8049	1962.739	13	0.00512077
8050	1962.983	16	0.00630249
8051	1963.227	9	0.00354515
8052	1963.471	11	0.00433296
8053	1963.714	9	0.00354515
8054	1963.958	12	0.00472687
8055	1964.202	13	0.00512077
8056	1964.446	8	0.00315124
8057	1964.690	13	0.00512077
8058	1964.934	8	0.00315124
8059	1965.178	12	0.00472687
8060	1965.422	8	0.00315124
8061	1965.665	11	0.00433296
8062	1965.909	15	0.00590858
8063	1966.153	12	0.00472687
8064	1966.397	15	0.00590858
8065	1966.641	18	0.0070903
8066	1966.885	11	0.00433296
8067	1967.129	17	0.00669639
8068	1967.372	13	0.00512077
8069	1967.616	10	0.00393905
8070	1967.860	15	0.00590858
8071	1968.104	16	0.00630249
8072	1968.348	13	0.00512077
8073	1968.592	9	0.00354515
8074	1968.836	9	0.00354515
8075	1969.079	8	0.00315124
8076	1969.323	13	0.00512077
8077	1969.567	12	0.00472687
8078	1969.811	13	0.00512077
8079	1970.055	8	0.00315124
8080	1970.299	10	0.00393905
8081	1970.543	17	0.00669639
8082	1970.787	12	0.00472687
8083	1971.030	14	0.00551468
8084	1971.274	11	0.00433296
8085	1971.518	16	0.00630249
8086	1971.762	6	0.00236343
8087	1972.006	11	0.00433296
8088	1972.250	13	0.00512077
8089	1972.494	18	0.0070903
8090	1972.737	9	0.00354515
8091	1972.981	15	0.00590858
8092	1973.225	12	0.00472687
8093	1973.469	17	0.00669639
8094	1973.713	9	0.00354515
8095	1973.957	12	0.00472687
8096	1974.201	6	0.00236343
8097	1974.445	11	0.00433296
8098	1974.688	8	0.00315124
8099	1974.932	11	0.00433296
8100	1975.176	17	0.00669639
8101	1975.420	11	0.00433296
8102	1975.664	10	0.00393905
8103	1975.908	15	0.00590858
8104	1976.152	10	0.00393905
8105	1976.395	12	0.00472687
8106	1976.639	17	0.00669639
8107	1976.883	7	0.00275734
8108	1977.127	12	0.00472687
8109	1977.371	11	0.00433296
8110	1977.615	17	0.00669639
8111	1977.859	13	0.00512077
8112	1978.102	9	0.00354515
8113	1978.346	10	0.00393905
8114	1978.590	13	0.00512077
8115	1978.834	16	0.00630249
8116	1979.078	16	0.00630249
8117	1979.322	9	0.00354515
8118	1979.566	10	0.00393905
8119	1979.810	8	0.00315124
8120	1980.053	9	0.00354515
8121	1980.297	9	0.00354515
8122	1980.541	16	0.00630249
8123	1980.785	14	0.00551468
8124	1981.029	14	0.00551468
8125	1981.273	14	0.00551468
8126	1981.517	9	0.00354515
8127	1981.760	9	0.00354515
8128	1982.004	9	0.00354515
8129	1982.248	7	0.00275734
8130	1982.492	12	0.00472687
8131	1982.736	16	0.00630249
8132	1982.980	13	0.00512077
8133	1983.224	12	0.00472687
8134	1983.468	13	0.00512077
8135	1983.711	9	0.00354515
8136	1983.955	10	0.00393905
8137	1984.199	10	0.00393905
8138	1984.443	11	0.00433296
8139	1984.687	10	0.00393905
8140	1984.931	14	0.00551468
8141	1985.175	10	0.00393905
8142	1985.418	16	0.00630249
8143	1985.662	12	0.00472687
8144	1985.906	17	0.00669639
8145	1986.150	12	0.00472687
8146	1986.394	12	0.00472687
8147	1986.638	10	0.00393905
8148	1986.882	15	0.00590858
8149	1987.125	13	0.00512077
8150	1987.369	14	0.00551468
8151	1987.613	12	0.00472687
8152	1987.857	8	0.00315124
8153	1988.101	15	0.00590858
8154	1988.345	11	0.00433296
8155	1988.589	10	0.00393905
8156	1988.833	12	0.00472687
8157	1989.076	13	0.00512077
8158	1989.320	10	0.00393905
8159	1989.564	8	0.00315124
8160	1989.808	14	0.00551468
8161	1990.052	13	0.00512077
8162	1990.296	15	0.00590858
8163	1990.540	7	0.00275734
8164	1990.783	16	0.00630249
8165	1991.027	9	0.00354515
8166	1991.271	17	0.00669639
8167	1991.515	11	0.00433296
8168	1991.759	16	0.00630249
8169	1992.003	16	0.00630249
8170	1992.247	12	0.00472687
8171	1992.490	8	0.00315124
8172	1992.734	15	0.00590858
8173	1992.978	16	0.00630249
8174	1993.222	14	0.00551468
8175	1993.466	9	0.00354515
8176	1993.710	17	0.00669639
8177	1993.954	16	0.00630249
8178	1994.198	11	0.00433296
8179	1994.441	12	0.00472687
8180	1994.685	12	0.00472687
8181	1994.929	19	0.0074842
8182	1995.173	19	0.0074842
8183	1995.417	13	0.00512077
8184	1995.661	16	0.00630249
8185	1995.905	20	0.00787811
8186	1996.148	15	0.00590858
8187	1996.392	9	0.00354515
8188	1996.636	14	0.00551468
8189	1996.880	7	0.00275734
8190	1997.124	12	0.00472687
8191	1997.368	11	0.00433296
8192	1997.612	22	0.00866592
