#
# Sample name: Sample title.                                                   
# Sample id:   
# Sample type: 
# User name:   
# Sample description: 
#
# Start time:    2025-12-16, 11:22:57
# Real time (s): 2800.080
# Live time (s): 2661.370
#
# Total counts:  10411089
#
# Left marker:  20 (4.751 keV)
# Right marker: 50 (12.067 keV)
# Counts:       200126
#
# Energy calibration coefficients ( E = sum(Ai * n**i) )
#     A0: -0.126274
#     A1: 0.243864
#     A2: 0.000000
#     A3: 0.000000
# Energy unit: keV
#
# Channel data
# n	energy(keV)	counts	rate(1/s)
#-----------------------------------------------------------------------
1	0.118	5	0.00187873
2	0.361	3	0.00112724
3	0.605	4	0.00150299
4	0.849	2	0.000751493
5	1.093	2	0.000751493
6	1.337	2	0.000751493
7	1.581	1	0.000375746
8	1.825	1	0.000375746
9	2.069	2	0.000751493
10	2.312	5	0.00187873
11	2.556	1	0.000375746
12	2.800	2	0.000751493
13	3.044	2	0.000751493
14	3.288	4	0.00150299
15	3.532	6	0.00225448
16	3.776	4	0.00150299
17	4.019	3	0.00112724
18	4.263	6	0.00225448
19	4.507	6	0.00225448
20	4.751	4	0.00150299
21	4.995	7	0.00263022
22	5.239	3	0.00112724
23	5.483	6	0.00225448
24	5.726	4	0.00150299
25	5.970	4	0.00150299
26	6.214	6	0.00225448
27	6.458	68	0.0255508
28	6.702	345	0.129632
29	6.946	1154	0.433611
30	7.190	2241	0.842048
31	7.434	3234	1.21516
32	7.677	3902	1.46616
33	7.921	4173	1.56799
34	8.165	3965	1.48983
35	8.409	3979	1.49509
36	8.653	3561	1.33803
37	8.897	3467	1.30271
38	9.141	3629	1.36358
39	9.384	3845	1.44474
40	9.628	4366	1.64051
41	9.872	5105	1.91818
42	10.116	6027	2.26462
43	10.360	7429	2.79142
44	10.604	9415	3.53765
45	10.848	11601	4.35903
46	11.091	14745	5.54038
47	11.335	18065	6.78786
48	11.579	23008	8.64517
49	11.823	28827	10.8316
50	12.067	33945	12.7547
51	12.311	38341	14.4065
52	12.555	41066	15.4304
53	12.799	44039	16.5475
54	13.042	48437	18.2
55	13.286	56349	21.1729
56	13.530	68315	25.6691
57	13.774	78755	29.5919
58	14.018	86163	32.3754
59	14.262	85905	32.2785
60	14.506	77244	29.0241
61	14.749	63150	23.7284
62	14.993	49184	18.4807
63	15.237	36975	13.8932
64	15.481	29106	10.9365
65	15.725	24390	9.16445
66	15.969	21755	8.17436
67	16.213	19665	7.38905
68	16.457	17808	6.69129
69	16.700	16764	6.29901
70	16.944	17356	6.52145
71	17.188	18757	7.04787
72	17.432	20839	7.83018
73	17.676	22258	8.36336
74	17.920	22290	8.37539
75	18.164	20142	7.56828
76	18.407	16588	6.23288
77	18.651	13118	4.92904
78	18.895	10180	3.8251
79	19.139	9338	3.50872
80	19.383	10129	3.80593
81	19.627	12402	4.66001
82	19.871	16454	6.18253
83	20.114	22865	8.59144
84	20.358	32337	12.1505
85	20.602	46261	17.3824
86	20.846	69068	25.952
87	21.090	106993	40.2022
88	21.334	169871	63.8284
89	21.578	257459	96.7393
90	21.822	352299	132.375
91	22.065	426240	160.158
92	22.309	443124	166.502
93	22.553	395419	148.577
94	22.797	302552	113.683
95	23.041	198345	74.5274
96	23.285	114871	43.1624
97	23.529	61873	23.2486
98	23.772	37916	14.2468
99	24.016	34203	12.8517
100	24.260	43673	16.41
101	24.504	60924	22.892
102	24.748	80748	30.3408
103	24.992	94785	35.6151
104	25.236	96943	36.426
105	25.479	86038	32.3285
106	25.723	66743	25.0784
107	25.967	46814	17.5902
108	26.211	29901	11.2352
109	26.455	17989	6.7593
110	26.699	11811	4.43794
111	26.943	8176	3.0721
112	27.187	6354	2.38749
113	27.430	5559	2.08877
114	27.674	5507	2.06924
115	27.918	5661	2.1271
116	28.162	6025	2.26387
117	28.406	6359	2.38937
118	28.650	6673	2.50736
119	28.894	7229	2.71627
120	29.137	7667	2.88085
121	29.381	9152	3.43883
122	29.625	11774	4.42404
123	29.869	17248	6.48087
124	30.113	25665	9.64353
125	30.357	37307	14.018
126	30.601	50173	18.8523
127	30.845	58667	22.0439
128	31.088	61042	22.9363
129	31.332	55556	20.875
130	31.576	45096	16.9447
131	31.820	33375	12.5405
132	32.064	24926	9.36585
133	32.308	20703	7.77908
134	32.552	21146	7.94553
135	32.795	25033	9.40606
136	33.039	29572	11.1116
137	33.283	33596	12.6236
138	33.527	34041	12.7908
139	33.771	31480	11.8285
140	34.015	26174	9.83478
141	34.259	21096	7.92674
142	34.502	17583	6.60675
143	34.746	16166	6.07432
144	34.990	16059	6.03411
145	35.234	15458	5.80829
146	35.478	14400	5.41075
147	35.722	12275	4.61229
148	35.966	10276	3.86117
149	36.210	8065	3.03039
150	36.453	6682	2.51074
151	36.697	5841	2.19473
152	36.941	5554	2.0869
153	37.185	6173	2.31948
154	37.429	7144	2.68433
155	37.673	8404	3.15777
156	37.917	8667	3.25659
157	38.160	8743	3.28515
158	38.404	7652	2.87521
159	38.648	6609	2.48331
160	38.892	5244	1.97041
161	39.136	4211	1.58227
162	39.380	3349	1.25837
163	39.624	2805	1.05397
164	39.868	2345	0.881125
165	40.111	2053	0.771407
166	40.355	1841	0.691749
167	40.599	1747	0.656429
168	40.843	1746	0.656053
169	41.087	1667	0.626369
170	41.331	1697	0.637642
171	41.575	1722	0.647035
172	41.818	1751	0.657932
173	42.062	1716	0.644781
174	42.306	1773	0.666198
175	42.550	1730	0.650041
176	42.794	1819	0.683483
177	43.038	1815	0.68198
178	43.282	1934	0.726693
179	43.525	2031	0.763141
180	43.769	2071	0.778171
181	44.013	2073	0.778922
182	44.257	2018	0.758256
183	44.501	1899	0.713542
184	44.745	1861	0.699264
185	44.989	1828	0.686864
186	45.233	1723	0.647411
187	45.476	1817	0.682731
188	45.720	1751	0.657932
189	45.964	1750	0.657556
190	46.208	1739	0.653423
191	46.452	1803	0.677471
192	46.696	1769	0.664695
193	46.940	1843	0.6925
194	47.183	1904	0.715421
195	47.427	1895	0.712039
196	47.671	1967	0.739093
197	47.915	2111	0.7932
198	48.159	2068	0.777043
199	48.403	2328	0.874737
200	48.647	2525	0.948759
201	48.890	2601	0.977316
202	49.134	2828	1.06261
203	49.378	2989	1.12311
204	49.622	3308	1.24297
205	49.866	3242	1.21817
206	50.110	3361	1.26288
207	50.354	3081	1.15767
208	50.598	3122	1.17308
209	50.841	3180	1.19487
210	51.085	3227	1.21253
211	51.329	3142	1.18059
212	51.573	3062	1.15054
213	51.817	3101	1.16519
214	52.061	3262	1.22568
215	52.305	3316	1.24597
216	52.548	3604	1.35419
217	52.792	4040	1.51802
218	53.036	4116	1.54657
219	53.280	4065	1.52741
220	53.524	4029	1.51388
221	53.768	3812	1.43234
222	54.012	3468	1.30309
223	54.256	3099	1.16444
224	54.499	2762	1.03781
225	54.743	2616	0.982952
226	54.987	2682	1.00775
227	55.231	2569	0.965292
228	55.475	2494	0.937111
229	55.719	2520	0.946881
230	55.963	2447	0.919451
231	56.206	2496	0.937863
232	56.450	2418	0.908555
233	56.694	2507	0.941996
234	56.938	2369	0.890143
235	57.182	2341	0.879622
236	57.426	2484	0.933354
237	57.670	2652	0.996479
238	57.913	3152	1.18435
239	58.157	4684	1.76
240	58.401	7991	3.00259
241	58.645	14789	5.55691
242	58.889	25309	9.50976
243	59.133	39059	14.6763
244	59.377	52388	19.6846
245	59.621	60004	22.5463
246	59.864	57811	21.7223
247	60.108	48031	18.0475
248	60.352	34510	12.967
249	60.596	21199	7.96545
250	60.840	11910	4.47514
251	61.084	6386	2.39952
252	61.328	4034	1.51576
253	61.571	3168	1.19036
254	61.815	3052	1.14678
255	62.059	2940	1.10469
256	62.303	2649	0.995352
257	62.547	2431	0.913439
258	62.791	2192	0.823636
259	63.035	2077	0.780425
260	63.278	1941	0.729324
261	63.522	1891	0.710536
262	63.766	1784	0.670331
263	64.010	1814	0.681604
264	64.254	1888	0.709409
265	64.498	1877	0.705276
266	64.742	1882	0.707155
267	64.986	2070	0.777795
268	65.229	2148	0.807103
269	65.473	2260	0.849187
270	65.717	2439	0.916445
271	65.961	2541	0.954771
272	66.205	2653	0.996855
273	66.449	2565	0.963789
274	66.693	2446	0.919076
275	66.936	2366	0.889016
276	67.180	2275	0.854823
277	67.424	2149	0.807479
278	67.668	2094	0.786813
279	67.912	2006	0.753747
280	68.156	1932	0.725942
281	68.400	1893	0.711288
282	68.644	1858	0.698137
283	68.887	1836	0.68987
284	69.131	1954	0.734208
285	69.375	1945	0.730827
286	69.619	1884	0.707906
287	69.863	1878	0.705652
288	70.107	1849	0.694755
289	70.351	1969	0.739845
290	70.594	1950	0.732705
291	70.838	2001	0.751868
292	71.082	2043	0.76765
293	71.326	1993	0.748862
294	71.570	1871	0.703021
295	71.814	1896	0.712415
296	72.058	1781	0.669204
297	72.301	1868	0.701894
298	72.545	1828	0.686864
299	72.789	1782	0.66958
300	73.033	1728	0.64929
301	73.277	1775	0.66695
302	73.521	1742	0.65455
303	73.765	1702	0.63952
304	74.009	1817	0.682731
305	74.252	1762	0.662065
306	74.496	1737	0.652671
307	74.740	1638	0.615472
308	74.984	1704	0.640272
309	75.228	1679	0.630878
310	75.472	1631	0.612842
311	75.716	1621	0.609085
312	75.959	1671	0.627872
313	76.203	1592	0.598188
314	76.447	1637	0.615097
315	76.691	1641	0.6166
316	76.935	1596	0.599691
317	77.179	1653	0.621109
318	77.423	1671	0.627872
319	77.666	1620	0.608709
320	77.910	1664	0.625242
321	78.154	1621	0.609085
322	78.398	1644	0.617727
323	78.642	1836	0.68987
324	78.886	2060	0.774037
325	79.130	2409	0.905173
326	79.374	2893	1.08703
327	79.617	3643	1.36884
328	79.861	4877	1.83251
329	80.105	7059	2.65239
330	80.349	10478	3.93707
331	80.593	15055	5.65686
332	80.837	19180	7.20681
333	81.081	21523	8.08719
334	81.324	20737	7.79185
335	81.568	17423	6.54663
336	81.812	12999	4.88433
337	82.056	8360	3.14124
338	82.300	4988	1.87422
339	82.544	3088	1.1603
340	82.788	2041	0.766898
341	83.032	1693	0.636139
342	83.275	1618	0.607958
343	83.519	1693	0.636139
344	83.763	1672	0.628248
345	84.007	1728	0.64929
346	84.251	1703	0.639896
347	84.495	1606	0.603449
348	84.739	1761	0.661689
349	84.982	1746	0.656053
350	85.226	1722	0.647035
351	85.470	1680	0.631254
352	85.714	1689	0.634636
353	85.958	1721	0.646659
354	86.202	1829	0.68724
355	86.446	2012	0.756002
356	86.689	2532	0.95139
357	86.933	4011	1.50712
358	87.177	6414	2.41004
359	87.421	10407	3.91039
360	87.665	15108	5.67678
361	87.909	19521	7.33494
362	88.153	21591	8.11274
363	88.397	20685	7.77231
364	88.640	17286	6.49515
365	88.884	12483	4.69044
366	89.128	8115	3.04918
367	89.372	4750	1.7848
368	89.616	2905	1.09154
369	89.860	2082	0.782304
370	90.104	1687	0.633884
371	90.347	1594	0.59894
372	90.591	1604	0.602697
373	90.835	1545	0.580528
374	91.079	1540	0.578649
375	91.323	1513	0.568504
376	91.567	1527	0.573765
377	91.811	1564	0.587667
378	92.055	1560	0.586164
379	92.298	1565	0.588043
380	92.542	1558	0.585413
381	92.786	1581	0.594055
382	93.030	1521	0.57151
383	93.274	1594	0.59894
384	93.518	1504	0.565122
385	93.762	1576	0.592176
386	94.005	1575	0.5918
387	94.249	1569	0.589546
388	94.493	1548	0.581655
389	94.737	1573	0.591049
390	94.981	1572	0.590673
391	95.225	1516	0.569631
392	95.469	1461	0.548965
393	95.712	1497	0.562492
394	95.956	1520	0.571134
395	96.200	1502	0.564371
396	96.444	1451	0.545208
397	96.688	1461	0.548965
398	96.932	1481	0.55648
399	97.176	1510	0.567377
400	97.420	1496	0.562117
401	97.663	1460	0.54859
402	97.907	1385	0.520409
403	98.151	1488	0.559111
404	98.395	1479	0.555729
405	98.639	1514	0.56888
406	98.883	1494	0.561365
407	99.127	1455	0.546711
408	99.370	1490	0.559862
409	99.614	1557	0.585037
410	99.858	1455	0.546711
411	100.102	1455	0.546711
412	100.346	1471	0.552723
413	100.590	1496	0.562117
414	100.834	1530	0.574892
415	101.077	1630	0.612467
416	101.321	1526	0.573389
417	101.565	1580	0.593679
418	101.809	1609	0.604576
419	102.053	1637	0.615097
420	102.297	1555	0.584286
421	102.541	1545	0.580528
422	102.785	1604	0.602697
423	103.028	1561	0.58654
424	103.272	1560	0.586164
425	103.516	1626	0.610964
426	103.760	1546	0.580904
427	104.004	1474	0.55385
428	104.248	1466	0.550844
429	104.492	1485	0.557983
430	104.735	1548	0.581655
431	104.979	1473	0.553474
432	105.223	1481	0.55648
433	105.467	1495	0.561741
434	105.711	1465	0.550468
435	105.955	1554	0.58391
436	106.199	1495	0.561741
437	106.443	1462	0.549341
438	106.686	1436	0.539572
439	106.930	1439	0.540699
440	107.174	1455	0.546711
441	107.418	1456	0.547087
442	107.662	1420	0.53356
443	107.906	1464	0.550093
444	108.150	1464	0.550093
445	108.393	1511	0.567753
446	108.637	1504	0.565122
447	108.881	1410	0.529802
448	109.125	1480	0.556105
449	109.369	1506	0.565874
450	109.613	1477	0.554977
451	109.857	1559	0.585789
452	110.100	1571	0.590297
453	110.344	1654	0.621484
454	110.588	1725	0.648162
455	110.832	1707	0.641399
456	111.076	1913	0.718803
457	111.320	2102	0.789819
458	111.564	2354	0.884507
459	111.808	2465	0.926215
460	112.051	2484	0.933354
461	112.295	2396	0.900288
462	112.539	2256	0.847684
463	112.783	1894	0.711664
464	113.027	1727	0.648914
465	113.271	1523	0.572262
466	113.515	1429	0.536942
467	113.758	1396	0.524542
468	114.002	1360	0.511015
469	114.246	1426	0.535814
470	114.490	1437	0.539947
471	114.734	1464	0.550093
472	114.978	1437	0.539947
473	115.222	1464	0.550093
474	115.465	1463	0.549717
475	115.709	1531	0.575268
476	115.953	1571	0.590297
477	116.197	1532	0.575643
478	116.441	1520	0.571134
479	116.685	1496	0.562117
480	116.929	1483	0.557232
481	117.173	1464	0.550093
482	117.416	1425	0.535439
483	117.660	1322	0.496737
484	117.904	1344	0.505003
485	118.148	1308	0.491476
486	118.392	1317	0.494858
487	118.636	1313	0.493355
488	118.880	1315	0.494106
489	119.123	1318	0.495234
490	119.367	1246	0.46818
491	119.611	1296	0.486967
492	119.855	1373	0.5159
493	120.099	1474	0.55385
494	120.343	1668	0.626745
495	120.587	2365	0.88864
496	120.831	4222	1.5864
497	121.074	8045	3.02288
498	121.318	14432	5.42277
499	121.562	23285	8.74925
500	121.806	33449	12.5683
501	122.050	41383	15.5495
502	122.294	43950	16.5141
503	122.538	39843	14.9709
504	122.781	31368	11.7864
505	123.025	21091	7.92487
506	123.269	12404	4.66076
507	123.513	6634	2.4927
508	123.757	3572	1.34217
509	124.001	1958	0.735711
510	124.245	1431	0.537693
511	124.488	1200	0.450896
512	124.732	1188	0.446387
513	124.976	1130	0.424593
514	125.220	1169	0.439247
515	125.464	1155	0.433987
516	125.708	1209	0.454277
517	125.952	1175	0.441502
518	126.196	1182	0.444132
519	126.439	1174	0.441126
520	126.683	1156	0.434363
521	126.927	1126	0.42309
522	127.171	1180	0.443381
523	127.415	1176	0.441878
524	127.659	1168	0.438872
525	127.903	1145	0.43023
526	128.146	1082	0.406558
527	128.390	1170	0.439623
528	128.634	1108	0.416327
529	128.878	1151	0.432484
530	129.122	1136	0.426848
531	129.366	1194	0.448641
532	129.610	1102	0.414072
533	129.853	1141	0.428727
534	130.097	1041	0.391152
535	130.341	1166	0.43812
536	130.585	1145	0.43023
537	130.829	1151	0.432484
538	131.073	1099	0.412945
539	131.317	1124	0.422339
540	131.561	1166	0.43812
541	131.804	1150	0.432108
542	132.048	1121	0.421212
543	132.292	1155	0.433987
544	132.536	1144	0.429854
545	132.780	1084	0.407309
546	133.024	1148	0.431357
547	133.268	1132	0.425345
548	133.511	1182	0.444132
549	133.755	1130	0.424593
550	133.999	1178	0.442629
551	134.243	1100	0.413321
552	134.487	1174	0.441126
553	134.731	1154	0.433611
554	134.975	1265	0.475319
555	135.219	1428	0.536566
556	135.462	1969	0.739845
557	135.706	2568	0.964917
558	135.950	3831	1.43948
559	136.194	4937	1.85506
560	136.438	5962	2.2402
561	136.682	6424	2.41379
562	136.926	5895	2.21502
563	137.169	4971	1.86783
564	137.413	3720	1.39778
565	137.657	2635	0.990092
566	137.901	1925	0.723312
567	138.145	1438	0.540323
568	138.389	1263	0.474568
569	138.633	1083	0.406933
570	138.876	1107	0.415951
571	139.120	1156	0.434363
572	139.364	1106	0.415575
573	139.608	1065	0.40017
574	139.852	1172	0.440375
575	140.096	1083	0.406933
576	140.340	1140	0.428351
577	140.584	1147	0.430981
578	140.827	1138	0.427599
579	141.071	1143	0.429478
580	141.315	1113	0.418206
581	141.559	1131	0.424969
582	141.803	1133	0.425721
583	142.047	1161	0.436241
584	142.291	1174	0.441126
585	142.534	1223	0.459538
586	142.778	1202	0.451647
587	143.022	1198	0.450144
588	143.266	1102	0.414072
589	143.510	1171	0.439999
590	143.754	1175	0.441502
591	143.998	1142	0.429102
592	144.242	1170	0.439623
593	144.485	1181	0.443756
594	144.729	1166	0.43812
595	144.973	1173	0.44075
596	145.217	1150	0.432108
597	145.461	1147	0.430981
598	145.705	1097	0.412194
599	145.949	1146	0.430605
600	146.192	1101	0.413697
601	146.436	1176	0.441878
602	146.680	1134	0.426096
603	146.924	1148	0.431357
604	147.168	1101	0.413697
605	147.412	1128	0.423842
606	147.656	1084	0.407309
607	147.899	1155	0.433987
608	148.143	1132	0.425345
609	148.387	1094	0.411066
610	148.631	1074	0.403552
611	148.875	1166	0.43812
612	149.119	1087	0.408436
613	149.363	1162	0.436617
614	149.607	1194	0.448641
615	149.850	1139	0.427975
616	150.094	1176	0.441878
617	150.338	1136	0.426848
618	150.582	1196	0.449393
619	150.826	1149	0.431733
620	151.070	1178	0.442629
621	151.314	1109	0.416703
622	151.557	1096	0.411818
623	151.801	1120	0.420836
624	152.045	1183	0.444508
625	152.289	1170	0.439623
626	152.533	1137	0.427224
627	152.777	1181	0.443756
628	153.021	1128	0.423842
629	153.264	1175	0.441502
630	153.508	1207	0.453526
631	153.752	1090	0.409563
632	153.996	1096	0.411818
633	154.240	1111	0.417454
634	154.484	1171	0.439999
635	154.728	1164	0.437369
636	154.972	1158	0.435114
637	155.215	1147	0.430981
638	155.459	1209	0.454277
639	155.703	1223	0.459538
640	155.947	1135	0.426472
641	156.191	1132	0.425345
642	156.435	1167	0.438496
643	156.679	1216	0.456908
644	156.922	1179	0.443005
645	157.166	1181	0.443756
646	157.410	1156	0.434363
647	157.654	1095	0.411442
648	157.898	1170	0.439623
649	158.142	1148	0.431357
650	158.386	1163	0.436993
651	158.630	1128	0.423842
652	158.873	1144	0.429854
653	159.117	1199	0.45052
654	159.361	1223	0.459538
655	159.605	1162	0.436617
656	159.849	1288	0.483961
657	160.093	1307	0.4911
658	160.337	1290	0.484713
659	160.580	1352	0.508009
660	160.824	1461	0.548965
661	161.068	1446	0.543329
662	161.312	1365	0.512894
663	161.556	1309	0.491852
664	161.800	1174	0.441126
665	162.044	1239	0.46555
666	162.287	1116	0.419333
667	162.531	1181	0.443756
668	162.775	1203	0.452023
669	163.019	1233	0.463295
670	163.263	1105	0.4152
671	163.507	1131	0.424969
672	163.751	1126	0.42309
673	163.995	1209	0.454277
674	164.238	1467	0.55122
675	164.482	2076	0.780049
676	164.726	3442	1.29332
677	164.970	6259	2.3518
678	165.214	10529	3.95623
679	165.458	16335	6.13782
680	165.702	22304	8.38065
681	165.945	26228	9.85507
682	166.189	26868	10.0956
683	166.433	23832	8.95479
684	166.677	18253	6.8585
685	166.921	12330	4.63295
686	167.165	7401	2.7809
687	167.409	4216	1.58415
688	167.652	2255	0.847308
689	167.896	1571	0.590297
690	168.140	1266	0.475695
691	168.384	1167	0.438496
692	168.628	1102	0.414072
693	168.872	1086	0.408061
694	169.116	1116	0.419333
695	169.360	1084	0.407309
696	169.603	1093	0.410691
697	169.847	1119	0.42046
698	170.091	1197	0.449768
699	170.335	1180	0.443381
700	170.579	1123	0.421963
701	170.823	1161	0.436241
702	171.067	1152	0.43286
703	171.310	1202	0.451647
704	171.554	1143	0.429478
705	171.798	1114	0.418581
706	172.042	1153	0.433236
707	172.286	1165	0.437744
708	172.530	1129	0.424218
709	172.774	1097	0.412194
710	173.018	1090	0.409563
711	173.261	1167	0.438496
712	173.505	1141	0.428727
713	173.749	1209	0.454277
714	173.993	1104	0.414824
715	174.237	1138	0.427599
716	174.481	1136	0.426848
717	174.725	1096	0.411818
718	174.968	1142	0.429102
719	175.212	1107	0.415951
720	175.456	1154	0.433611
721	175.700	1128	0.423842
722	175.944	1177	0.442253
723	176.188	1098	0.412569
724	176.432	1135	0.426472
725	176.675	1136	0.426848
726	176.919	1109	0.416703
727	177.163	1091	0.409939
728	177.407	1100	0.413321
729	177.651	1106	0.415575
730	177.895	1141	0.428727
731	178.139	1069	0.401673
732	178.383	1148	0.431357
733	178.626	1075	0.403927
734	178.870	1056	0.396788
735	179.114	1154	0.433611
736	179.358	1069	0.401673
737	179.602	1069	0.401673
738	179.846	1126	0.42309
739	180.090	1075	0.403927
740	180.333	1065	0.40017
741	180.577	1067	0.400921
742	180.821	1062	0.399043
743	181.065	1097	0.412194
744	181.309	1053	0.395661
745	181.553	1031	0.387394
746	181.797	1001	0.376122
747	182.041	1012	0.380255
748	182.284	991	0.372365
749	182.528	1076	0.404303
750	182.772	1062	0.399043
751	183.016	1068	0.401297
752	183.260	1032	0.38777
753	183.504	1050	0.394534
754	183.748	1081	0.406182
755	183.991	1053	0.395661
756	184.235	1064	0.399794
757	184.479	1054	0.396037
758	184.723	1068	0.401297
759	184.967	1060	0.398291
760	185.211	1014	0.381007
761	185.455	1055	0.396412
762	185.698	1082	0.406558
763	185.942	1098	0.412569
764	186.186	1108	0.416327
765	186.430	1050	0.394534
766	186.674	1021	0.383637
767	186.918	1087	0.408436
768	187.162	1038	0.390025
769	187.406	1067	0.400921
770	187.649	1119	0.42046
771	187.893	1070	0.402049
772	188.137	1037	0.389649
773	188.381	1150	0.432108
774	188.625	1146	0.430605
775	188.869	1095	0.411442
776	189.113	1064	0.399794
777	189.356	1106	0.415575
778	189.600	1037	0.389649
779	189.844	1155	0.433987
780	190.088	1102	0.414072
781	190.332	1072	0.4028
782	190.576	1042	0.391528
783	190.820	1003	0.376874
784	191.063	1015	0.381383
785	191.307	1081	0.406182
786	191.551	1088	0.408812
787	191.795	1084	0.407309
788	192.039	1022	0.384013
789	192.283	1005	0.377625
790	192.527	1032	0.38777
791	192.771	1011	0.37988
792	193.014	1104	0.414824
793	193.258	1063	0.399418
794	193.502	1054	0.396037
795	193.746	1076	0.404303
796	193.990	1000	0.375746
797	194.234	1053	0.395661
798	194.478	1071	0.402424
799	194.721	1069	0.401673
800	194.965	1032	0.38777
801	195.209	1085	0.407685
802	195.453	1050	0.394534
803	195.697	1036	0.389273
804	195.941	1040	0.390776
805	196.185	1080	0.405806
806	196.429	1119	0.42046
807	196.672	1100	0.413321
808	196.916	1153	0.433236
809	197.160	1095	0.411442
810	197.404	1177	0.442253
811	197.648	1193	0.448265
812	197.892	1236	0.464422
813	198.136	1302	0.489222
814	198.379	1532	0.575643
815	198.623	1660	0.623739
816	198.867	1898	0.713167
817	199.111	2157	0.810485
818	199.355	2298	0.863465
819	199.599	2178	0.818375
820	199.843	2004	0.752996
821	200.086	1750	0.657556
822	200.330	1517	0.570007
823	200.574	1333	0.50087
824	200.818	1156	0.434363
825	201.062	1178	0.442629
826	201.306	1091	0.409939
827	201.550	1068	0.401297
828	201.794	1067	0.400921
829	202.037	1084	0.407309
830	202.281	1093	0.410691
831	202.525	1070	0.402049
832	202.769	1101	0.413697
833	203.013	1153	0.433236
834	203.257	1198	0.450144
835	203.501	1242	0.466677
836	203.744	1290	0.484713
837	203.988	1352	0.508009
838	204.232	1275	0.479077
839	204.476	1216	0.456908
840	204.720	1227	0.461041
841	204.964	1107	0.415951
842	205.208	1150	0.432108
843	205.451	1165	0.437744
844	205.695	943	0.354329
845	205.939	1051	0.394909
846	206.183	977	0.367104
847	206.427	1054	0.396037
848	206.671	1060	0.398291
849	206.915	1007	0.378377
850	207.159	984	0.369734
851	207.402	995	0.373868
852	207.646	1065	0.40017
853	207.890	967	0.363347
854	208.134	949	0.356583
855	208.378	949	0.356583
856	208.622	980	0.368231
857	208.866	967	0.363347
858	209.109	955	0.358838
859	209.353	997	0.374619
860	209.597	961	0.361092
861	209.841	939	0.352826
862	210.085	922	0.346438
863	210.329	983	0.369359
864	210.573	933	0.350571
865	210.817	959	0.360341
866	211.060	973	0.365601
867	211.304	946	0.355456
868	211.548	924	0.34719
869	211.792	987	0.370862
870	212.036	915	0.343808
871	212.280	945	0.35508
872	212.524	984	0.369734
873	212.767	943	0.354329
874	213.011	989	0.371613
875	213.255	965	0.362595
876	213.499	970	0.364474
877	213.743	926	0.347941
878	213.987	918	0.344935
879	214.231	967	0.363347
880	214.474	938	0.35245
881	214.718	961	0.361092
882	214.962	938	0.35245
883	215.206	941	0.353577
884	215.450	931	0.34982
885	215.694	984	0.369734
886	215.938	931	0.34982
887	216.182	1012	0.380255
888	216.425	938	0.35245
889	216.669	934	0.350947
890	216.913	960	0.360716
891	217.157	977	0.367104
892	217.401	896	0.336669
893	217.645	917	0.344559
894	217.889	934	0.350947
895	218.132	931	0.34982
896	218.376	960	0.360716
897	218.620	950	0.356959
898	218.864	975	0.366353
899	219.108	961	0.361092
900	219.352	981	0.368607
901	219.596	936	0.351699
902	219.839	938	0.35245
903	220.083	924	0.34719
904	220.327	880	0.330657
905	220.571	923	0.346814
906	220.815	888	0.333663
907	221.059	926	0.347941
908	221.303	877	0.32953
909	221.547	904	0.339675
910	221.790	936	0.351699
911	222.034	858	0.32239
912	222.278	918	0.344935
913	222.522	950	0.356959
914	222.766	943	0.354329
915	223.010	963	0.361844
916	223.254	981	0.368607
917	223.497	990	0.371989
918	223.741	990	0.371989
919	223.985	1011	0.37988
920	224.229	973	0.365601
921	224.473	970	0.364474
922	224.717	966	0.362971
923	224.961	911	0.342305
924	225.205	928	0.348693
925	225.448	898	0.33742
926	225.692	898	0.33742
927	225.936	889	0.334038
928	226.180	907	0.340802
929	226.424	929	0.349068
930	226.668	927	0.348317
931	226.912	932	0.350196
932	227.155	895	0.336293
933	227.399	911	0.342305
934	227.643	879	0.330281
935	227.887	872	0.327651
936	228.131	895	0.336293
937	228.375	922	0.346438
938	228.619	882	0.331408
939	228.862	949	0.356583
940	229.106	912	0.342681
941	229.350	916	0.344184
942	229.594	846	0.317881
943	229.838	936	0.351699
944	230.082	900	0.338172
945	230.326	874	0.328402
946	230.570	893	0.335541
947	230.813	865	0.325021
948	231.057	890	0.334414
949	231.301	863	0.324269
950	231.545	868	0.326148
951	231.789	807	0.303227
952	232.033	897	0.337044
953	232.277	824	0.309615
954	232.520	822	0.308863
955	232.764	854	0.320887
956	233.008	845	0.317506
957	233.252	886	0.332911
958	233.496	844	0.31713
959	233.740	835	0.313748
960	233.984	829	0.311494
961	234.228	822	0.308863
962	234.471	829	0.311494
963	234.715	820	0.308112
964	234.959	873	0.328027
965	235.203	810	0.304355
966	235.447	851	0.31976
967	235.691	895	0.336293
968	235.935	797	0.29947
969	236.178	851	0.31976
970	236.422	852	0.320136
971	236.666	863	0.324269
972	236.910	847	0.318257
973	237.154	844	0.31713
974	237.398	898	0.33742
975	237.642	907	0.340802
976	237.885	836	0.314124
977	238.129	810	0.304355
978	238.373	839	0.315251
979	238.617	811	0.30473
980	238.861	825	0.309991
981	239.105	791	0.297215
982	239.349	834	0.313372
983	239.593	792	0.297591
984	239.836	836	0.314124
985	240.080	811	0.30473
986	240.324	804	0.3021
987	240.568	830	0.311869
988	240.812	808	0.303603
989	241.056	805	0.302476
990	241.300	751	0.282185
991	241.543	831	0.312245
992	241.787	806	0.302852
993	242.031	823	0.309239
994	242.275	806	0.302852
995	242.519	848	0.318633
996	242.763	821	0.308488
997	243.007	804	0.3021
998	243.250	867	0.325772
999	243.494	758	0.284816
1000	243.738	794	0.298343
1001	243.982	756	0.284064
1002	244.226	775	0.291203
1003	244.470	805	0.302476
1004	244.714	784	0.294585
1005	244.958	818	0.30736
1006	245.201	877	0.32953
1007	245.445	798	0.299846
1008	245.689	762	0.286319
1009	245.933	794	0.298343
1010	246.177	795	0.298718
1011	246.421	783	0.294209
1012	246.665	787	0.295712
1013	246.908	791	0.297215
1014	247.152	794	0.298343
1015	247.396	772	0.290076
1016	247.640	797	0.29947
1017	247.884	768	0.288573
1018	248.128	769	0.288949
1019	248.372	757	0.28444
1020	248.616	770	0.289325
1021	248.859	764	0.28707
1022	249.103	786	0.295337
1023	249.347	775	0.291203
1024	249.591	719	0.270162
1025	249.835	723	0.271665
1026	250.079	759	0.285191
1027	250.323	816	0.306609
1028	250.566	732	0.275046
1029	250.810	737	0.276925
1030	251.054	748	0.281058
1031	251.298	709	0.266404
1032	251.542	785	0.294961
1033	251.786	770	0.289325
1034	252.030	835	0.313748
1035	252.273	738	0.277301
1036	252.517	761	0.285943
1037	252.761	789	0.296464
1038	253.005	780	0.293082
1039	253.249	747	0.280683
1040	253.493	804	0.3021
1041	253.737	863	0.324269
1042	253.981	758	0.284816
1043	254.224	773	0.290452
1044	254.468	732	0.275046
1045	254.712	722	0.271289
1046	254.956	759	0.285191
1047	255.200	761	0.285943
1048	255.444	693	0.260392
1049	255.688	741	0.278428
1050	255.931	741	0.278428
1051	256.175	759	0.285191
1052	256.419	745	0.279931
1053	256.663	719	0.270162
1054	256.907	705	0.264901
1055	257.151	727	0.273168
1056	257.395	754	0.283313
1057	257.638	777	0.291955
1058	257.882	780	0.293082
1059	258.126	725	0.272416
1060	258.370	700	0.263022
1061	258.614	744	0.279555
1062	258.858	724	0.27204
1063	259.102	741	0.278428
1064	259.346	737	0.276925
1065	259.589	709	0.266404
1066	259.833	723	0.271665
1067	260.077	699	0.262647
1068	260.321	702	0.263774
1069	260.565	720	0.270537
1070	260.809	723	0.271665
1071	261.053	656	0.24649
1072	261.296	724	0.27204
1073	261.540	767	0.288197
1074	261.784	684	0.25701
1075	262.028	705	0.264901
1076	262.272	708	0.266028
1077	262.516	768	0.288573
1078	262.760	677	0.25438
1079	263.004	771	0.2897
1080	263.247	737	0.276925
1081	263.491	753	0.282937
1082	263.735	765	0.287446
1083	263.979	719	0.270162
1084	264.223	657	0.246865
1085	264.467	717	0.26941
1086	264.711	689	0.258889
1087	264.954	765	0.287446
1088	265.198	739	0.277677
1089	265.442	696	0.261519
1090	265.686	705	0.264901
1091	265.930	727	0.273168
1092	266.174	700	0.263022
1093	266.418	689	0.258889
1094	266.661	708	0.266028
1095	266.905	726	0.272792
1096	267.149	707	0.265653
1097	267.393	767	0.288197
1098	267.637	727	0.273168
1099	267.881	697	0.261895
1100	268.125	679	0.255132
1101	268.369	706	0.265277
1102	268.612	713	0.267907
1103	268.856	644	0.241981
1104	269.100	740	0.278052
1105	269.344	696	0.261519
1106	269.588	704	0.264525
1107	269.832	697	0.261895
1108	270.076	687	0.258138
1109	270.319	680	0.255508
1110	270.563	736	0.276549
1111	270.807	711	0.267156
1112	271.051	702	0.263774
1113	271.295	734	0.275798
1114	271.539	720	0.270537
1115	271.783	721	0.270913
1116	272.026	714	0.268283
1117	272.270	693	0.260392
1118	272.514	692	0.260016
1119	272.758	695	0.261144
1120	273.002	706	0.265277
1121	273.246	739	0.277677
1122	273.490	670	0.25175
1123	273.734	688	0.258513
1124	273.977	654	0.245738
1125	274.221	702	0.263774
1126	274.465	703	0.26415
1127	274.709	696	0.261519
1128	274.953	708	0.266028
1129	275.197	781	0.293458
1130	275.441	844	0.31713
1131	275.684	1090	0.409563
1132	275.928	1347	0.50613
1133	276.172	1595	0.599315
1134	276.416	2013	0.756377
1135	276.660	2082	0.782304
1136	276.904	2240	0.841672
1137	277.148	1935	0.727069
1138	277.392	1725	0.648162
1139	277.635	1368	0.514021
1140	277.879	1049	0.394158
1141	278.123	863	0.324269
1142	278.367	776	0.291579
1143	278.611	748	0.281058
1144	278.855	722	0.271289
1145	279.099	727	0.273168
1146	279.342	706	0.265277
1147	279.586	684	0.25701
1148	279.830	715	0.268659
1149	280.074	714	0.268283
1150	280.318	720	0.270537
1151	280.562	687	0.258138
1152	280.806	721	0.270913
1153	281.049	708	0.266028
1154	281.293	692	0.260016
1155	281.537	664	0.249496
1156	281.781	697	0.261895
1157	282.025	728	0.273543
1158	282.269	669	0.251374
1159	282.513	709	0.266404
1160	282.757	684	0.25701
1161	283.000	662	0.248744
1162	283.244	698	0.262271
1163	283.488	740	0.278052
1164	283.732	654	0.245738
1165	283.976	686	0.257762
1166	284.220	686	0.257762
1167	284.464	658	0.247241
1168	284.707	765	0.287446
1169	284.951	740	0.278052
1170	285.195	689	0.258889
1171	285.439	667	0.250623
1172	285.683	734	0.275798
1173	285.927	714	0.268283
1174	286.171	671	0.252126
1175	286.415	638	0.239726
1176	286.658	698	0.262271
1177	286.902	639	0.240102
1178	287.146	732	0.275046
1179	287.390	706	0.265277
1180	287.634	675	0.253629
1181	287.878	685	0.257386
1182	288.122	677	0.25438
1183	288.365	681	0.255883
1184	288.609	684	0.25701
1185	288.853	703	0.26415
1186	289.097	697	0.261895
1187	289.341	691	0.259641
1188	289.585	742	0.278804
1189	289.829	653	0.245362
1190	290.072	677	0.25438
1191	290.316	707	0.265653
1192	290.560	638	0.239726
1193	290.804	662	0.248744
1194	291.048	675	0.253629
1195	291.292	680	0.255508
1196	291.536	634	0.238223
1197	291.780	693	0.260392
1198	292.023	705	0.264901
1199	292.267	670	0.25175
1200	292.511	689	0.258889
1201	292.755	709	0.266404
1202	292.999	709	0.266404
1203	293.243	690	0.259265
1204	293.487	650	0.244235
1205	293.730	744	0.279555
1206	293.974	661	0.248368
1207	294.218	666	0.250247
1208	294.462	714	0.268283
1209	294.706	678	0.254756
1210	294.950	692	0.260016
1211	295.194	639	0.240102
1212	295.437	706	0.265277
1213	295.681	697	0.261895
1214	295.925	698	0.262271
1215	296.169	698	0.262271
1216	296.413	669	0.251374
1217	296.657	657	0.246865
1218	296.901	658	0.247241
1219	297.145	682	0.256259
1220	297.388	696	0.261519
1221	297.632	667	0.250623
1222	297.876	691	0.259641
1223	298.120	706	0.265277
1224	298.364	696	0.261519
1225	298.608	640	0.240478
1226	298.852	659	0.247617
1227	299.095	692	0.260016
1228	299.339	683	0.256635
1229	299.583	677	0.25438
1230	299.827	689	0.258889
1231	300.071	679	0.255132
1232	300.315	667	0.250623
1233	300.559	672	0.252502
1234	300.803	650	0.244235
1235	301.046	720	0.270537
1236	301.290	746	0.280307
1237	301.534	828	0.311118
1238	301.778	979	0.367856
1239	302.022	1258	0.472689
1240	302.266	1792	0.673337
1241	302.510	2545	0.956274
1242	302.753	3212	1.2069
1243	302.997	3881	1.45827
1244	303.241	4247	1.59579
1245	303.485	3995	1.50111
1246	303.729	3491	1.31173
1247	303.973	2815	1.05773
1248	304.217	2057	0.77291
1249	304.460	1476	0.554602
1250	304.704	1039	0.3904
1251	304.948	859	0.322766
1252	305.192	750	0.28181
1253	305.436	725	0.272416
1254	305.680	752	0.282561
1255	305.924	684	0.25701
1256	306.168	692	0.260016
1257	306.411	703	0.26415
1258	306.655	774	0.290828
1259	306.899	788	0.296088
1260	307.143	848	0.318633
1261	307.387	831	0.312245
1262	307.631	849	0.319009
1263	307.875	843	0.316754
1264	308.118	781	0.293458
1265	308.362	803	0.301724
1266	308.606	722	0.271289
1267	308.850	684	0.25701
1268	309.094	702	0.263774
1269	309.338	692	0.260016
1270	309.582	692	0.260016
1271	309.825	746	0.280307
1272	310.069	697	0.261895
1273	310.313	728	0.273543
1274	310.557	726	0.272792
1275	310.801	744	0.279555
1276	311.045	717	0.26941
1277	311.289	764	0.28707
1278	311.533	737	0.276925
1279	311.776	725	0.272416
1280	312.020	719	0.270162
1281	312.264	690	0.259265
1282	312.508	708	0.266028
1283	312.752	698	0.262271
1284	312.996	663	0.24912
1285	313.240	650	0.244235
1286	313.483	682	0.256259
1287	313.727	674	0.253253
1288	313.971	639	0.240102
1289	314.215	692	0.260016
1290	314.459	727	0.273168
1291	314.703	697	0.261895
1292	314.947	728	0.273543
1293	315.191	718	0.269786
1294	315.434	681	0.255883
1295	315.678	693	0.260392
1296	315.922	687	0.258138
1297	316.166	700	0.263022
1298	316.410	712	0.267531
1299	316.654	666	0.250247
1300	316.898	660	0.247993
1301	317.141	716	0.269034
1302	317.385	712	0.267531
1303	317.629	706	0.265277
1304	317.873	709	0.266404
1305	318.117	697	0.261895
1306	318.361	762	0.286319
1307	318.605	863	0.324269
1308	318.848	1152	0.43286
1309	319.092	1744	0.655302
1310	319.336	2723	1.02316
1311	319.580	4356	1.63675
1312	319.824	6299	2.36683
1313	320.068	8607	3.23405
1314	320.312	10143	3.81119
1315	320.556	10832	4.07008
1316	320.799	9964	3.74394
1317	321.043	8179	3.07323
1318	321.287	6228	2.34015
1319	321.531	4085	1.53492
1320	321.775	2461	0.924712
1321	322.019	1549	0.582031
1322	322.263	1077	0.404679
1323	322.506	866	0.325396
1324	322.750	769	0.288949
1325	322.994	731	0.274671
1326	323.238	700	0.263022
1327	323.482	761	0.285943
1328	323.726	731	0.274671
1329	323.970	683	0.256635
1330	324.213	752	0.282561
1331	324.457	716	0.269034
1332	324.701	731	0.274671
1333	324.945	690	0.259265
1334	325.189	715	0.268659
1335	325.433	686	0.257762
1336	325.677	689	0.258889
1337	325.921	665	0.249871
1338	326.164	748	0.281058
1339	326.408	668	0.250999
1340	326.652	699	0.262647
1341	326.896	659	0.247617
1342	327.140	673	0.252877
1343	327.384	709	0.266404
1344	327.628	729	0.273919
1345	327.871	706	0.265277
1346	328.115	717	0.26941
1347	328.359	693	0.260392
1348	328.603	720	0.270537
1349	328.847	678	0.254756
1350	329.091	705	0.264901
1351	329.335	733	0.275422
1352	329.579	733	0.275422
1353	329.822	698	0.262271
1354	330.066	703	0.26415
1355	330.310	654	0.245738
1356	330.554	709	0.266404
1357	330.798	709	0.266404
1358	331.042	735	0.276174
1359	331.286	713	0.267907
1360	331.529	759	0.285191
1361	331.773	755	0.283688
1362	332.017	685	0.257386
1363	332.261	715	0.268659
1364	332.505	737	0.276925
1365	332.749	785	0.294961
1366	332.993	850	0.319384
1367	333.236	864	0.324645
1368	333.480	914	0.343432
1369	333.724	1004	0.377249
1370	333.968	1070	0.402049
1371	334.212	1106	0.415575
1372	334.456	1082	0.406558
1373	334.700	1047	0.393406
1374	334.944	939	0.352826
1375	335.187	823	0.309239
1376	335.431	759	0.285191
1377	335.675	730	0.274295
1378	335.919	737	0.276925
1379	336.163	726	0.272792
1380	336.407	677	0.25438
1381	336.651	723	0.271665
1382	336.894	716	0.269034
1383	337.138	732	0.275046
1384	337.382	777	0.291955
1385	337.626	766	0.287822
1386	337.870	776	0.291579
1387	338.114	769	0.288949
1388	338.358	831	0.312245
1389	338.602	772	0.290076
1390	338.845	771	0.2897
1391	339.089	757	0.28444
1392	339.333	741	0.278428
1393	339.577	689	0.258889
1394	339.821	674	0.253253
1395	340.065	675	0.253629
1396	340.309	714	0.268283
1397	340.552	640	0.240478
1398	340.796	701	0.263398
1399	341.040	671	0.252126
1400	341.284	709	0.266404
1401	341.528	718	0.269786
1402	341.772	715	0.268659
1403	342.016	659	0.247617
1404	342.259	651	0.244611
1405	342.503	701	0.263398
1406	342.747	647	0.243108
1407	342.991	671	0.252126
1408	343.235	689	0.258889
1409	343.479	665	0.249871
1410	343.723	630	0.23672
1411	343.967	577	0.216806
1412	344.210	641	0.240853
1413	344.454	647	0.243108
1414	344.698	625	0.234841
1415	344.942	645	0.242356
1416	345.186	628	0.235969
1417	345.430	619	0.232587
1418	345.674	618	0.232211
1419	345.917	607	0.228078
1420	346.161	578	0.217181
1421	346.405	566	0.212672
1422	346.649	602	0.226199
1423	346.893	591	0.222066
1424	347.137	579	0.217557
1425	347.381	614	0.230708
1426	347.624	556	0.208915
1427	347.868	618	0.232211
1428	348.112	599	0.225072
1429	348.356	543	0.20403
1430	348.600	609	0.22883
1431	348.844	566	0.212672
1432	349.088	532	0.199897
1433	349.332	581	0.218309
1434	349.575	567	0.213048
1435	349.819	582	0.218684
1436	350.063	575	0.216054
1437	350.307	509	0.191255
1438	350.551	537	0.201776
1439	350.795	595	0.223569
1440	351.039	532	0.199897
1441	351.282	535	0.201024
1442	351.526	558	0.209666
1443	351.770	571	0.214551
1444	352.014	543	0.20403
1445	352.258	557	0.209291
1446	352.502	548	0.205909
1447	352.746	518	0.194637
1448	352.990	550	0.20666
1449	353.233	531	0.199521
1450	353.477	549	0.206285
1451	353.721	536	0.2014
1452	353.965	562	0.211169
1453	354.209	547	0.205533
1454	354.453	656	0.24649
1455	354.697	809	0.303979
1456	354.940	1246	0.46818
1457	355.184	2035	0.764644
1458	355.428	3408	1.28054
1459	355.672	5375	2.01964
1460	355.916	7565	2.84252
1461	356.160	9740	3.65977
1462	356.404	11003	4.13434
1463	356.647	10955	4.1163
1464	356.891	9606	3.60942
1465	357.135	7533	2.8305
1466	357.379	5236	1.96741
1467	357.623	3348	1.258
1468	357.867	1992	0.748487
1469	358.111	1241	0.466301
1470	358.355	837	0.3145
1471	358.598	623	0.23409
1472	358.842	597	0.224321
1473	359.086	515	0.193509
1474	359.330	580	0.217933
1475	359.574	504	0.189376
1476	359.818	555	0.208539
1477	360.062	546	0.205157
1478	360.305	544	0.204406
1479	360.549	533	0.200273
1480	360.793	499	0.187497
1481	361.037	525	0.197267
1482	361.281	589	0.221315
1483	361.525	521	0.195764
1484	361.769	488	0.183364
1485	362.012	558	0.209666
1486	362.256	521	0.195764
1487	362.500	493	0.185243
1488	362.744	514	0.193134
1489	362.988	496	0.18637
1490	363.232	530	0.199146
1491	363.476	526	0.197643
1492	363.720	554	0.208163
1493	363.963	484	0.181861
1494	364.207	500	0.187873
1495	364.451	542	0.203655
1496	364.695	518	0.194637
1497	364.939	541	0.203279
1498	365.183	507	0.190503
1499	365.427	529	0.19877
1500	365.670	487	0.182988
1501	365.914	501	0.188249
1502	366.158	548	0.205909
1503	366.402	514	0.193134
1504	366.646	470	0.176601
1505	366.890	535	0.201024
1506	367.134	545	0.204782
1507	367.378	526	0.197643
1508	367.621	507	0.190503
1509	367.865	516	0.193885
1510	368.109	497	0.186746
1511	368.353	506	0.190128
1512	368.597	497	0.186746
1513	368.841	501	0.188249
1514	369.085	463	0.173971
1515	369.328	514	0.193134
1516	369.572	493	0.185243
1517	369.816	499	0.187497
1518	370.060	481	0.180734
1519	370.304	512	0.192382
1520	370.548	468	0.175849
1521	370.792	466	0.175098
1522	371.035	507	0.190503
1523	371.279	527	0.198018
1524	371.523	464	0.174346
1525	371.767	431	0.161947
1526	372.011	500	0.187873
1527	372.255	491	0.184491
1528	372.499	463	0.173971
1529	372.743	512	0.192382
1530	372.986	495	0.185994
1531	373.230	458	0.172092
1532	373.474	495	0.185994
1533	373.718	503	0.189
1534	373.962	501	0.188249
1535	374.206	478	0.179607
1536	374.450	501	0.188249
1537	374.693	485	0.182237
1538	374.937	495	0.185994
1539	375.181	463	0.173971
1540	375.425	493	0.185243
1541	375.669	483	0.181485
1542	375.913	487	0.182988
1543	376.157	485	0.182237
1544	376.401	459	0.172468
1545	376.644	508	0.190879
1546	376.888	475	0.17848
1547	377.132	483	0.181485
1548	377.376	540	0.202903
1549	377.620	491	0.184491
1550	377.864	481	0.180734
1551	378.108	529	0.19877
1552	378.351	495	0.185994
1553	378.595	488	0.183364
1554	378.839	510	0.191631
1555	379.083	451	0.169462
1556	379.327	456	0.17134
1557	379.571	509	0.191255
1558	379.815	486	0.182613
1559	380.058	423	0.158941
1560	380.302	502	0.188625
1561	380.546	472	0.177352
1562	380.790	489	0.18374
1563	381.034	469	0.176225
1564	381.278	442	0.16608
1565	381.522	512	0.192382
1566	381.766	481	0.180734
1567	382.009	491	0.184491
1568	382.253	452	0.169837
1569	382.497	552	0.207412
1570	382.741	562	0.211169
1571	382.985	673	0.252877
1572	383.229	873	0.328027
1573	383.473	1088	0.408812
1574	383.716	1519	0.570759
1575	383.960	1739	0.653423
1576	384.204	2012	0.756002
1577	384.448	1999	0.751117
1578	384.692	1964	0.737966
1579	384.936	1628	0.611715
1580	385.180	1323	0.497112
1581	385.423	1045	0.392655
1582	385.667	838	0.314875
1583	385.911	716	0.269034
1584	386.155	766	0.287822
1585	386.399	865	0.325021
1586	386.643	975	0.366353
1587	386.887	1063	0.399418
1588	387.131	1263	0.474568
1589	387.374	1282	0.481707
1590	387.618	1270	0.477198
1591	387.862	1162	0.436617
1592	388.106	889	0.334038
1593	388.350	745	0.279931
1594	388.594	668	0.250999
1595	388.838	559	0.210042
1596	389.081	559	0.210042
1597	389.325	463	0.173971
1598	389.569	488	0.183364
1599	389.813	470	0.176601
1600	390.057	439	0.164953
1601	390.301	472	0.177352
1602	390.545	498	0.187122
1603	390.789	547	0.205533
1604	391.032	559	0.210042
1605	391.276	594	0.223193
1606	391.520	602	0.226199
1607	391.764	601	0.225824
1608	392.008	574	0.215678
1609	392.252	619	0.232587
1610	392.496	533	0.200273
1611	392.739	526	0.197643
1612	392.983	468	0.175849
1613	393.227	420	0.157813
1614	393.471	422	0.158565
1615	393.715	454	0.170589
1616	393.959	434	0.163074
1617	394.203	456	0.17134
1618	394.446	444	0.166831
1619	394.690	471	0.176977
1620	394.934	444	0.166831
1621	395.178	449	0.16871
1622	395.422	457	0.171716
1623	395.666	430	0.161571
1624	395.910	398	0.149547
1625	396.154	476	0.178855
1626	396.397	460	0.172843
1627	396.641	451	0.169462
1628	396.885	437	0.164201
1629	397.129	433	0.162698
1630	397.373	431	0.161947
1631	397.617	439	0.164953
1632	397.861	442	0.16608
1633	398.104	447	0.167959
1634	398.348	431	0.161947
1635	398.592	421	0.158189
1636	398.836	411	0.154432
1637	399.080	470	0.176601
1638	399.324	482	0.18111
1639	399.568	425	0.159692
1640	399.811	400	0.150299
1641	400.055	418	0.157062
1642	400.299	420	0.157813
1643	400.543	459	0.172468
1644	400.787	443	0.166456
1645	401.031	415	0.155935
1646	401.275	418	0.157062
1647	401.519	403	0.151426
1648	401.762	408	0.153305
1649	402.006	387	0.145414
1650	402.250	411	0.154432
1651	402.494	429	0.161195
1652	402.738	399	0.149923
1653	402.982	455	0.170965
1654	403.226	427	0.160444
1655	403.469	445	0.167207
1656	403.713	433	0.162698
1657	403.957	419	0.157438
1658	404.201	414	0.155559
1659	404.445	437	0.164201
1660	404.689	434	0.163074
1661	404.933	403	0.151426
1662	405.177	435	0.16345
1663	405.420	436	0.163825
1664	405.664	466	0.175098
1665	405.908	430	0.161571
1666	406.152	401	0.150674
1667	406.396	422	0.158565
1668	406.640	420	0.157813
1669	406.884	393	0.147668
1670	407.127	466	0.175098
1671	407.371	431	0.161947
1672	407.615	453	0.170213
1673	407.859	487	0.182988
1674	408.103	436	0.163825
1675	408.347	427	0.160444
1676	408.591	456	0.17134
1677	408.834	432	0.162322
1678	409.078	455	0.170965
1679	409.322	392	0.147293
1680	409.566	407	0.152929
1681	409.810	459	0.172468
1682	410.054	454	0.170589
1683	410.298	396	0.148796
1684	410.542	409	0.15368
1685	410.785	425	0.159692
1686	411.029	432	0.162322
1687	411.273	390	0.146541
1688	411.517	365	0.137147
1689	411.761	392	0.147293
1690	412.005	434	0.163074
1691	412.249	405	0.152177
1692	412.492	397	0.149171
1693	412.736	399	0.149923
1694	412.980	452	0.169837
1695	413.224	462	0.173595
1696	413.468	456	0.17134
1697	413.712	434	0.163074
1698	413.956	438	0.164577
1699	414.199	430	0.161571
1700	414.443	507	0.190503
1701	414.687	506	0.190128
1702	414.931	556	0.208915
1703	415.175	566	0.212672
1704	415.419	565	0.212297
1705	415.663	488	0.183364
1706	415.907	466	0.175098
1707	416.150	448	0.168334
1708	416.394	464	0.174346
1709	416.638	442	0.16608
1710	416.882	447	0.167959
1711	417.126	388	0.14579
1712	417.370	407	0.152929
1713	417.614	446	0.167583
1714	417.857	451	0.169462
1715	418.101	444	0.166831
1716	418.345	440	0.165328
1717	418.589	444	0.166831
1718	418.833	436	0.163825
1719	419.077	458	0.172092
1720	419.321	432	0.162322
1721	419.565	434	0.163074
1722	419.808	444	0.166831
1723	420.052	418	0.157062
1724	420.296	447	0.167959
1725	420.540	430	0.161571
1726	420.784	457	0.171716
1727	421.028	422	0.158565
1728	421.272	441	0.165704
1729	421.515	457	0.171716
1730	421.759	479	0.179982
1731	422.003	421	0.158189
1732	422.247	429	0.161195
1733	422.491	421	0.158189
1734	422.735	403	0.151426
1735	422.979	453	0.170213
1736	423.222	429	0.161195
1737	423.466	448	0.168334
1738	423.710	451	0.169462
1739	423.954	395	0.14842
1740	424.198	418	0.157062
1741	424.442	419	0.157438
1742	424.686	419	0.157438
1743	424.930	397	0.149171
1744	425.173	428	0.160819
1745	425.417	382	0.143535
1746	425.661	417	0.156686
1747	425.905	467	0.175474
1748	426.149	424	0.159316
1749	426.393	412	0.154807
1750	426.637	426	0.160068
1751	426.880	436	0.163825
1752	427.124	407	0.152929
1753	427.368	414	0.155559
1754	427.612	447	0.167959
1755	427.856	420	0.157813
1756	428.100	433	0.162698
1757	428.344	415	0.155935
1758	428.588	449	0.16871
1759	428.831	424	0.159316
1760	429.075	446	0.167583
1761	429.319	392	0.147293
1762	429.563	429	0.161195
1763	429.807	452	0.169837
1764	430.051	435	0.16345
1765	430.295	425	0.159692
1766	430.538	407	0.152929
1767	430.782	410	0.154056
1768	431.026	444	0.166831
1769	431.270	437	0.164201
1770	431.514	427	0.160444
1771	431.758	453	0.170213
1772	432.002	397	0.149171
1773	432.245	423	0.158941
1774	432.489	405	0.152177
1775	432.733	408	0.153305
1776	432.977	414	0.155559
1777	433.221	413	0.155183
1778	433.465	427	0.160444
1779	433.709	427	0.160444
1780	433.953	447	0.167959
1781	434.196	403	0.151426
1782	434.440	415	0.155935
1783	434.684	428	0.160819
1784	434.928	435	0.16345
1785	435.172	416	0.15631
1786	435.416	407	0.152929
1787	435.660	445	0.167207
1788	435.903	410	0.154056
1789	436.147	469	0.176225
1790	436.391	495	0.185994
1791	436.635	570	0.214175
1792	436.879	653	0.245362
1793	437.123	753	0.282937
1794	437.367	738	0.277301
1795	437.610	868	0.326148
1796	437.854	738	0.277301
1797	438.098	738	0.277301
1798	438.342	619	0.232587
1799	438.586	545	0.204782
1800	438.830	462	0.173595
1801	439.074	454	0.170589
1802	439.318	420	0.157813
1803	439.561	463	0.173971
1804	439.805	425	0.159692
1805	440.049	403	0.151426
1806	440.293	433	0.162698
1807	440.537	460	0.172843
1808	440.781	400	0.150299
1809	441.025	401	0.150674
1810	441.268	392	0.147293
1811	441.512	408	0.153305
1812	441.756	414	0.155559
1813	442.000	413	0.155183
1814	442.244	461	0.173219
1815	442.488	436	0.163825
1816	442.732	449	0.16871
1817	442.976	432	0.162322
1818	443.219	418	0.157062
1819	443.463	418	0.157062
1820	443.707	403	0.151426
1821	443.951	448	0.168334
1822	444.195	412	0.154807
1823	444.439	463	0.173971
1824	444.683	408	0.153305
1825	444.926	445	0.167207
1826	445.170	463	0.173971
1827	445.414	417	0.156686
1828	445.658	432	0.162322
1829	445.902	449	0.16871
1830	446.146	430	0.161571
1831	446.390	391	0.146917
1832	446.633	422	0.158565
1833	446.877	437	0.164201
1834	447.121	433	0.162698
1835	447.365	442	0.16608
1836	447.609	444	0.166831
1837	447.853	403	0.151426
1838	448.097	454	0.170589
1839	448.341	455	0.170965
1840	448.584	445	0.167207
1841	448.828	378	0.142032
1842	449.072	451	0.169462
1843	449.316	415	0.155935
1844	449.560	418	0.157062
1845	449.804	435	0.16345
1846	450.048	457	0.171716
1847	450.291	422	0.158565
1848	450.535	443	0.166456
1849	450.779	430	0.161571
1850	451.023	424	0.159316
1851	451.267	423	0.158941
1852	451.511	410	0.154056
1853	451.755	417	0.156686
1854	451.998	490	0.184116
1855	452.242	419	0.157438
1856	452.486	403	0.151426
1857	452.730	391	0.146917
1858	452.974	399	0.149923
1859	453.218	390	0.146541
1860	453.462	424	0.159316
1861	453.706	414	0.155559
1862	453.949	463	0.173971
1863	454.193	423	0.158941
1864	454.437	402	0.15105
1865	454.681	429	0.161195
1866	454.925	431	0.161947
1867	455.169	472	0.177352
1868	455.413	401	0.150674
1869	455.656	415	0.155935
1870	455.900	447	0.167959
1871	456.144	428	0.160819
1872	456.388	432	0.162322
1873	456.632	429	0.161195
1874	456.876	425	0.159692
1875	457.120	434	0.163074
1876	457.364	436	0.163825
1877	457.607	449	0.16871
1878	457.851	436	0.163825
1879	458.095	448	0.168334
1880	458.339	439	0.164953
1881	458.583	424	0.159316
1882	458.827	463	0.173971
1883	459.071	446	0.167583
1884	459.314	441	0.165704
1885	459.558	433	0.162698
1886	459.802	457	0.171716
1887	460.046	430	0.161571
1888	460.290	459	0.172468
1889	460.534	476	0.178855
1890	460.778	429	0.161195
1891	461.021	430	0.161571
1892	461.265	473	0.177728
1893	461.509	410	0.154056
1894	461.753	430	0.161571
1895	461.997	416	0.15631
1896	462.241	444	0.166831
1897	462.485	403	0.151426
1898	462.729	448	0.168334
1899	462.972	449	0.16871
1900	463.216	402	0.15105
1901	463.460	436	0.163825
1902	463.704	513	0.192758
1903	463.948	452	0.169837
1904	464.192	439	0.164953
1905	464.436	411	0.154432
1906	464.679	447	0.167959
1907	464.923	398	0.149547
1908	465.167	437	0.164201
1909	465.411	449	0.16871
1910	465.655	419	0.157438
1911	465.899	455	0.170965
1912	466.143	472	0.177352
1913	466.386	406	0.152553
1914	466.630	426	0.160068
1915	466.874	474	0.178104
1916	467.118	452	0.169837
1917	467.362	446	0.167583
1918	467.606	435	0.16345
1919	467.850	446	0.167583
1920	468.094	443	0.166456
1921	468.337	464	0.174346
1922	468.581	456	0.17134
1923	468.825	441	0.165704
1924	469.069	451	0.169462
1925	469.313	446	0.167583
1926	469.557	461	0.173219
1927	469.801	456	0.17134
1928	470.044	435	0.16345
1929	470.288	429	0.161195
1930	470.532	450	0.169086
1931	470.776	448	0.168334
1932	471.020	435	0.16345
1933	471.264	433	0.162698
1934	471.508	461	0.173219
1935	471.752	473	0.177728
1936	471.995	463	0.173971
1937	472.239	430	0.161571
1938	472.483	478	0.179607
1939	472.727	489	0.18374
1940	472.971	442	0.16608
1941	473.215	484	0.181861
1942	473.459	472	0.177352
1943	473.702	462	0.173595
1944	473.946	477	0.179231
1945	474.190	467	0.175474
1946	474.434	456	0.17134
1947	474.678	463	0.173971
1948	474.922	479	0.179982
1949	475.166	455	0.170965
1950	475.409	425	0.159692
1951	475.653	434	0.163074
1952	475.897	421	0.158189
1953	476.141	437	0.164201
1954	476.385	423	0.158941
1955	476.629	420	0.157813
1956	476.873	407	0.152929
1957	477.117	398	0.149547
1958	477.360	439	0.164953
1959	477.604	401	0.150674
1960	477.848	424	0.159316
1961	478.092	417	0.156686
1962	478.336	418	0.157062
1963	478.580	417	0.156686
1964	478.824	407	0.152929
1965	479.067	403	0.151426
1966	479.311	398	0.149547
1967	479.555	417	0.156686
1968	479.799	405	0.152177
1969	480.043	404	0.151802
1970	480.287	409	0.15368
1971	480.531	392	0.147293
1972	480.775	410	0.154056
1973	481.018	413	0.155183
1974	481.262	394	0.148044
1975	481.506	388	0.14579
1976	481.750	380	0.142784
1977	481.994	411	0.154432
1978	482.238	400	0.150299
1979	482.482	403	0.151426
1980	482.725	381	0.143159
1981	482.969	391	0.146917
1982	483.213	369	0.13865
1983	483.457	336	0.126251
1984	483.701	377	0.141656
1985	483.945	349	0.131135
1986	484.189	413	0.155183
1987	484.432	341	0.128129
1988	484.676	374	0.140529
1989	484.920	387	0.145414
1990	485.164	346	0.130008
1991	485.408	327	0.122869
1992	485.652	364	0.136772
1993	485.896	390	0.146541
1994	486.140	385	0.144662
1995	486.383	389	0.146165
1996	486.627	394	0.148044
1997	486.871	390	0.146541
1998	487.115	383	0.143911
1999	487.359	350	0.131511
2000	487.603	392	0.147293
2001	487.847	357	0.134141
2002	488.090	389	0.146165
2003	488.334	360	0.135269
2004	488.578	380	0.142784
2005	488.822	360	0.135269
2006	489.066	366	0.137523
2007	489.310	373	0.140153
2008	489.554	372	0.139778
2009	489.797	360	0.135269
2010	490.041	377	0.141656
2011	490.285	330	0.123996
2012	490.529	352	0.132263
2013	490.773	388	0.14579
2014	491.017	381	0.143159
2015	491.261	392	0.147293
2016	491.505	377	0.141656
2017	491.748	336	0.126251
2018	491.992	367	0.137899
2019	492.236	353	0.132638
2020	492.480	355	0.13339
2021	492.724	320	0.120239
2022	492.968	395	0.14842
2023	493.212	393	0.147668
2024	493.455	384	0.144287
2025	493.699	359	0.134893
2026	493.943	374	0.140529
2027	494.187	352	0.132263
2028	494.431	340	0.127754
2029	494.675	347	0.130384
2030	494.919	342	0.128505
2031	495.163	399	0.149923
2032	495.406	369	0.13865
2033	495.650	351	0.131887
2034	495.894	362	0.13602
2035	496.138	355	0.13339
2036	496.382	355	0.13339
2037	496.626	355	0.13339
2038	496.870	315	0.11836
2039	497.113	364	0.136772
2040	497.357	338	0.127002
2041	497.601	356	0.133766
2042	497.845	369	0.13865
2043	498.089	362	0.13602
2044	498.333	329	0.123621
2045	498.577	398	0.149547
2046	498.820	324	0.121742
2047	499.064	353	0.132638
2048	499.308	347	0.130384
2049	499.552	357	0.134141
2050	499.796	376	0.141281
2051	500.040	331	0.124372
2052	500.284	338	0.127002
2053	500.528	328	0.123245
2054	500.771	378	0.142032
2055	501.015	326	0.122493
2056	501.259	347	0.130384
2057	501.503	365	0.137147
2058	501.747	343	0.128881
2059	501.991	364	0.136772
2060	502.235	356	0.133766
2061	502.478	376	0.141281
2062	502.722	377	0.141656
2063	502.966	386	0.145038
2064	503.210	337	0.126627
2065	503.454	306	0.114978
2066	503.698	333	0.125124
2067	503.942	388	0.14579
2068	504.185	346	0.130008
2069	504.429	344	0.129257
2070	504.673	378	0.142032
2071	504.917	376	0.141281
2072	505.161	347	0.130384
2073	505.405	361	0.135644
2074	505.649	367	0.137899
2075	505.893	371	0.139402
2076	506.136	361	0.135644
2077	506.380	366	0.137523
2078	506.624	374	0.140529
2079	506.868	358	0.134517
2080	507.112	347	0.130384
2081	507.356	361	0.135644
2082	507.600	352	0.132263
2083	507.843	318	0.119487
2084	508.087	387	0.145414
2085	508.331	369	0.13865
2086	508.575	337	0.126627
2087	508.819	356	0.133766
2088	509.063	358	0.134517
2089	509.307	377	0.141656
2090	509.551	379	0.142408
2091	509.794	395	0.14842
2092	510.038	391	0.146917
2093	510.282	428	0.160819
2094	510.526	467	0.175474
2095	510.770	471	0.176977
2096	511.014	512	0.192382
2097	511.258	496	0.18637
2098	511.501	554	0.208163
2099	511.745	513	0.192758
2100	511.989	476	0.178855
2101	512.233	562	0.211169
2102	512.477	701	0.263398
2103	512.721	897	0.337044
2104	512.965	1492	0.560614
2105	513.208	2498	0.938614
2106	513.452	4248	1.59617
2107	513.696	7152	2.68734
2108	513.940	10053	3.77738
2109	514.184	13512	5.07708
2110	514.428	15963	5.99804
2111	514.672	17256	6.48388
2112	514.916	16419	6.16938
2113	515.159	13855	5.20597
2114	515.403	10670	4.00921
2115	515.647	7243	2.72153
2116	515.891	4429	1.66418
2117	516.135	2565	0.963789
2118	516.379	1384	0.520033
2119	516.623	846	0.317881
2120	516.866	548	0.205909
2121	517.110	486	0.182613
2122	517.354	452	0.169837
2123	517.598	429	0.161195
2124	517.842	446	0.167583
2125	518.086	427	0.160444
2126	518.330	410	0.154056
2127	518.573	389	0.146165
2128	518.817	388	0.14579
2129	519.061	385	0.144662
2130	519.305	386	0.145038
2131	519.549	374	0.140529
2132	519.793	387	0.145414
2133	520.037	405	0.152177
2134	520.281	359	0.134893
2135	520.524	365	0.137147
2136	520.768	371	0.139402
2137	521.012	380	0.142784
2138	521.256	377	0.141656
2139	521.500	373	0.140153
2140	521.744	370	0.139026
2141	521.988	337	0.126627
2142	522.231	365	0.137147
2143	522.475	395	0.14842
2144	522.719	379	0.142408
2145	522.963	426	0.160068
2146	523.207	383	0.143911
2147	523.451	378	0.142032
2148	523.695	418	0.157062
2149	523.939	401	0.150674
2150	524.182	402	0.15105
2151	524.426	405	0.152177
2152	524.670	422	0.158565
2153	524.914	397	0.149171
2154	525.158	421	0.158189
2155	525.402	447	0.167959
2156	525.646	442	0.16608
2157	525.889	477	0.179231
2158	526.133	446	0.167583
2159	526.377	460	0.172843
2160	526.621	470	0.176601
2161	526.865	490	0.184116
2162	527.109	545	0.204782
2163	527.353	546	0.205157
2164	527.596	554	0.208163
2165	527.840	534	0.200649
2166	528.084	537	0.201776
2167	528.328	545	0.204782
2168	528.572	487	0.182988
2169	528.816	446	0.167583
2170	529.060	485	0.182237
2171	529.304	436	0.163825
2172	529.547	381	0.143159
2173	529.791	397	0.149171
2174	530.035	404	0.151802
2175	530.279	337	0.126627
2176	530.523	369	0.13865
2177	530.767	360	0.135269
2178	531.011	340	0.127754
2179	531.254	329	0.123621
2180	531.498	346	0.130008
2181	531.742	337	0.126627
2182	531.986	327	0.122869
2183	532.230	331	0.124372
2184	532.474	336	0.126251
2185	532.718	332	0.124748
2186	532.962	351	0.131887
2187	533.205	315	0.11836
2188	533.449	348	0.13076
2189	533.693	343	0.128881
2190	533.937	330	0.123996
2191	534.181	339	0.127378
2192	534.425	331	0.124372
2193	534.669	328	0.123245
2194	534.912	317	0.119112
2195	535.156	356	0.133766
2196	535.400	321	0.120615
2197	535.644	356	0.133766
2198	535.888	368	0.138275
2199	536.132	336	0.126251
2200	536.376	335	0.125875
2201	536.619	346	0.130008
2202	536.863	337	0.126627
2203	537.107	313	0.117609
2204	537.351	333	0.125124
2205	537.595	376	0.141281
2206	537.839	334	0.125499
2207	538.083	328	0.123245
2208	538.327	288	0.108215
2209	538.570	309	0.116106
2210	538.814	346	0.130008
2211	539.058	346	0.130008
2212	539.302	306	0.114978
2213	539.546	336	0.126251
2214	539.790	320	0.120239
2215	540.034	343	0.128881
2216	540.277	330	0.123996
2217	540.521	303	0.113851
2218	540.765	312	0.117233
2219	541.009	339	0.127378
2220	541.253	328	0.123245
2221	541.497	335	0.125875
2222	541.741	353	0.132638
2223	541.984	329	0.123621
2224	542.228	336	0.126251
2225	542.472	312	0.117233
2226	542.716	319	0.119863
2227	542.960	315	0.11836
2228	543.204	336	0.126251
2229	543.448	308	0.11573
2230	543.692	323	0.121366
2231	543.935	307	0.115354
2232	544.179	307	0.115354
2233	544.423	321	0.120615
2234	544.667	292	0.109718
2235	544.911	342	0.128505
2236	545.155	320	0.120239
2237	545.399	337	0.126627
2238	545.642	322	0.12099
2239	545.886	334	0.125499
2240	546.130	315	0.11836
2241	546.374	302	0.113475
2242	546.618	301	0.1131
2243	546.862	354	0.133014
2244	547.106	281	0.105585
2245	547.350	295	0.110845
2246	547.593	313	0.117609
2247	547.837	338	0.127002
2248	548.081	328	0.123245
2249	548.325	334	0.125499
2250	548.569	300	0.112724
2251	548.813	273	0.102579
2252	549.057	345	0.129632
2253	549.300	310	0.116481
2254	549.544	326	0.122493
2255	549.788	299	0.112348
2256	550.032	301	0.1131
2257	550.276	305	0.114603
2258	550.520	283	0.106336
2259	550.764	316	0.118736
2260	551.007	317	0.119112
2261	551.251	337	0.126627
2262	551.495	310	0.116481
2263	551.739	321	0.120615
2264	551.983	286	0.107463
2265	552.227	321	0.120615
2266	552.471	316	0.118736
2267	552.715	306	0.114978
2268	552.958	292	0.109718
2269	553.202	344	0.129257
2270	553.446	294	0.110469
2271	553.690	322	0.12099
2272	553.934	327	0.122869
2273	554.178	327	0.122869
2274	554.422	295	0.110845
2275	554.665	314	0.117984
2276	554.909	291	0.109342
2277	555.153	303	0.113851
2278	555.397	298	0.111972
2279	555.641	300	0.112724
2280	555.885	325	0.122118
2281	556.129	296	0.111221
2282	556.372	303	0.113851
2283	556.616	293	0.110094
2284	556.860	283	0.106336
2285	557.104	319	0.119863
2286	557.348	335	0.125875
2287	557.592	283	0.106336
2288	557.836	335	0.125875
2289	558.080	302	0.113475
2290	558.323	317	0.119112
2291	558.567	287	0.107839
2292	558.811	343	0.128881
2293	559.055	366	0.137523
2294	559.299	317	0.119112
2295	559.543	332	0.124748
2296	559.787	310	0.116481
2297	560.030	339	0.127378
2298	560.274	306	0.114978
2299	560.518	330	0.123996
2300	560.762	302	0.113475
2301	561.006	298	0.111972
2302	561.250	320	0.120239
2303	561.494	306	0.114978
2304	561.738	317	0.119112
2305	561.981	292	0.109718
2306	562.225	296	0.111221
2307	562.469	299	0.112348
2308	562.713	300	0.112724
2309	562.957	331	0.124372
2310	563.201	276	0.103706
2311	563.445	317	0.119112
2312	563.688	286	0.107463
2313	563.932	319	0.119863
2314	564.176	322	0.12099
2315	564.420	312	0.117233
2316	564.664	345	0.129632
2317	564.908	308	0.11573
2318	565.152	321	0.120615
2319	565.395	333	0.125124
2320	565.639	316	0.118736
2321	565.883	335	0.125875
2322	566.127	317	0.119112
2323	566.371	311	0.116857
2324	566.615	342	0.128505
2325	566.859	343	0.128881
2326	567.103	323	0.121366
2327	567.346	288	0.108215
2328	567.590	322	0.12099
2329	567.834	320	0.120239
2330	568.078	301	0.1131
2331	568.322	315	0.11836
2332	568.566	305	0.114603
2333	568.810	355	0.13339
2334	569.053	326	0.122493
2335	569.297	296	0.111221
2336	569.541	323	0.121366
2337	569.785	311	0.116857
2338	570.029	296	0.111221
2339	570.273	331	0.124372
2340	570.517	328	0.123245
2341	570.761	305	0.114603
2342	571.004	338	0.127002
2343	571.248	306	0.114978
2344	571.492	311	0.116857
2345	571.736	341	0.128129
2346	571.980	307	0.115354
2347	572.224	300	0.112724
2348	572.468	313	0.117609
2349	572.711	299	0.112348
2350	572.955	300	0.112724
2351	573.199	318	0.119487
2352	573.443	312	0.117233
2353	573.687	350	0.131511
2354	573.931	314	0.117984
2355	574.175	299	0.112348
2356	574.418	310	0.116481
2357	574.662	327	0.122869
2358	574.906	331	0.124372
2359	575.150	320	0.120239
2360	575.394	296	0.111221
2361	575.638	276	0.103706
2362	575.882	341	0.128129
2363	576.126	291	0.109342
2364	576.369	322	0.12099
2365	576.613	311	0.116857
2366	576.857	323	0.121366
2367	577.101	277	0.104082
2368	577.345	308	0.11573
2369	577.589	309	0.116106
2370	577.833	328	0.123245
2371	578.076	328	0.123245
2372	578.320	312	0.117233
2373	578.564	299	0.112348
2374	578.808	315	0.11836
2375	579.052	337	0.126627
2376	579.296	331	0.124372
2377	579.540	321	0.120615
2378	579.783	321	0.120615
2379	580.027	312	0.117233
2380	580.271	339	0.127378
2381	580.515	313	0.117609
2382	580.759	321	0.120615
2383	581.003	341	0.128129
2384	581.247	338	0.127002
2385	581.491	331	0.124372
2386	581.734	316	0.118736
2387	581.978	358	0.134517
2388	582.222	304	0.114227
2389	582.466	324	0.121742
2390	582.710	308	0.11573
2391	582.954	311	0.116857
2392	583.198	298	0.111972
2393	583.441	311	0.116857
2394	583.685	351	0.131887
2395	583.929	324	0.121742
2396	584.173	336	0.126251
2397	584.417	317	0.119112
2398	584.661	377	0.141656
2399	584.905	312	0.117233
2400	585.149	326	0.122493
2401	585.392	328	0.123245
2402	585.636	303	0.113851
2403	585.880	318	0.119487
2404	586.124	316	0.118736
2405	586.368	290	0.108966
2406	586.612	325	0.122118
2407	586.856	328	0.123245
2408	587.099	323	0.121366
2409	587.343	301	0.1131
2410	587.587	329	0.123621
2411	587.831	355	0.13339
2412	588.075	338	0.127002
2413	588.319	327	0.122869
2414	588.563	337	0.126627
2415	588.806	315	0.11836
2416	589.050	366	0.137523
2417	589.294	313	0.117609
2418	589.538	338	0.127002
2419	589.782	323	0.121366
2420	590.026	339	0.127378
2421	590.270	333	0.125124
2422	590.514	308	0.11573
2423	590.757	302	0.113475
2424	591.001	338	0.127002
2425	591.245	299	0.112348
2426	591.489	329	0.123621
2427	591.733	322	0.12099
2428	591.977	361	0.135644
2429	592.221	344	0.129257
2430	592.464	327	0.122869
2431	592.708	346	0.130008
2432	592.952	276	0.103706
2433	593.196	275	0.10333
2434	593.440	357	0.134141
2435	593.684	294	0.110469
2436	593.928	299	0.112348
2437	594.171	328	0.123245
2438	594.415	322	0.12099
2439	594.659	292	0.109718
2440	594.903	337	0.126627
2441	595.147	336	0.126251
2442	595.391	314	0.117984
2443	595.635	339	0.127378
2444	595.879	333	0.125124
2445	596.122	291	0.109342
2446	596.366	304	0.114227
2447	596.610	341	0.128129
2448	596.854	349	0.131135
2449	597.098	319	0.119863
2450	597.342	313	0.117609
2451	597.586	340	0.127754
2452	597.829	309	0.116106
2453	598.073	324	0.121742
2454	598.317	323	0.121366
2455	598.561	337	0.126627
2456	598.805	323	0.121366
2457	599.049	329	0.123621
2458	599.293	325	0.122118
2459	599.537	347	0.130384
2460	599.780	326	0.122493
2461	600.024	322	0.12099
2462	600.268	305	0.114603
2463	600.512	349	0.131135
2464	600.756	331	0.124372
2465	601.000	333	0.125124
2466	601.244	307	0.115354
2467	601.487	328	0.123245
2468	601.731	350	0.131511
2469	601.975	327	0.122869
2470	602.219	337	0.126627
2471	602.463	344	0.129257
2472	602.707	337	0.126627
2473	602.951	356	0.133766
2474	603.194	318	0.119487
2475	603.438	307	0.115354
2476	603.682	323	0.121366
2477	603.926	323	0.121366
2478	604.170	355	0.13339
2479	604.414	330	0.123996
2480	604.658	327	0.122869
2481	604.902	344	0.129257
2482	605.145	292	0.109718
2483	605.389	340	0.127754
2484	605.633	336	0.126251
2485	605.877	317	0.119112
2486	606.121	337	0.126627
2487	606.365	366	0.137523
2488	606.609	310	0.116481
2489	606.852	327	0.122869
2490	607.096	333	0.125124
2491	607.340	326	0.122493
2492	607.584	324	0.121742
2493	607.828	359	0.134893
2494	608.072	350	0.131511
2495	608.316	370	0.139026
2496	608.559	318	0.119487
2497	608.803	329	0.123621
2498	609.047	354	0.133014
2499	609.291	330	0.123996
2500	609.535	346	0.130008
2501	609.779	331	0.124372
2502	610.023	357	0.134141
2503	610.267	326	0.122493
2504	610.510	363	0.136396
2505	610.754	341	0.128129
2506	610.998	323	0.121366
2507	611.242	302	0.113475
2508	611.486	314	0.117984
2509	611.730	329	0.123621
2510	611.974	351	0.131887
2511	612.217	320	0.120239
2512	612.461	357	0.134141
2513	612.705	358	0.134517
2514	612.949	329	0.123621
2515	613.193	325	0.122118
2516	613.437	324	0.121742
2517	613.681	380	0.142784
2518	613.925	357	0.134141
2519	614.168	335	0.125875
2520	614.412	325	0.122118
2521	614.656	325	0.122118
2522	614.900	367	0.137899
2523	615.144	339	0.127378
2524	615.388	359	0.134893
2525	615.632	329	0.123621
2526	615.875	310	0.116481
2527	616.119	369	0.13865
2528	616.363	335	0.125875
2529	616.607	318	0.119487
2530	616.851	343	0.128881
2531	617.095	359	0.134893
2532	617.339	326	0.122493
2533	617.582	349	0.131135
2534	617.826	329	0.123621
2535	618.070	307	0.115354
2536	618.314	353	0.132638
2537	618.558	340	0.127754
2538	618.802	354	0.133014
2539	619.046	338	0.127002
2540	619.290	320	0.120239
2541	619.533	392	0.147293
2542	619.777	342	0.128505
2543	620.021	317	0.119112
2544	620.265	370	0.139026
2545	620.509	361	0.135644
2546	620.753	322	0.12099
2547	620.997	352	0.132263
2548	621.240	378	0.142032
2549	621.484	347	0.130384
2550	621.728	383	0.143911
2551	621.972	358	0.134517
2552	622.216	314	0.117984
2553	622.460	329	0.123621
2554	622.704	348	0.13076
2555	622.948	327	0.122869
2556	623.191	374	0.140529
2557	623.435	350	0.131511
2558	623.679	361	0.135644
2559	623.923	333	0.125124
2560	624.167	384	0.144287
2561	624.411	358	0.134517
2562	624.655	336	0.126251
2563	624.898	380	0.142784
2564	625.142	338	0.127002
2565	625.386	366	0.137523
2566	625.630	343	0.128881
2567	625.874	314	0.117984
2568	626.118	368	0.138275
2569	626.362	343	0.128881
2570	626.605	372	0.139778
2571	626.849	337	0.126627
2572	627.093	341	0.128129
2573	627.337	343	0.128881
2574	627.581	375	0.140905
2575	627.825	376	0.141281
2576	628.069	372	0.139778
2577	628.313	382	0.143535
2578	628.556	371	0.139402
2579	628.800	356	0.133766
2580	629.044	368	0.138275
2581	629.288	327	0.122869
2582	629.532	321	0.120615
2583	629.776	344	0.129257
2584	630.020	402	0.15105
2585	630.263	358	0.134517
2586	630.507	360	0.135269
2587	630.751	341	0.128129
2588	630.995	399	0.149923
2589	631.239	383	0.143911
2590	631.483	351	0.131887
2591	631.727	367	0.137899
2592	631.970	332	0.124748
2593	632.214	363	0.136396
2594	632.458	376	0.141281
2595	632.702	379	0.142408
2596	632.946	408	0.153305
2597	633.190	395	0.14842
2598	633.434	356	0.133766
2599	633.678	374	0.140529
2600	633.921	361	0.135644
2601	634.165	349	0.131135
2602	634.409	349	0.131135
2603	634.653	357	0.134141
2604	634.897	339	0.127378
2605	635.141	331	0.124372
2606	635.385	368	0.138275
2607	635.628	362	0.13602
2608	635.872	358	0.134517
2609	636.116	352	0.132263
2610	636.360	383	0.143911
2611	636.604	373	0.140153
2612	636.848	347	0.130384
2613	637.092	343	0.128881
2614	637.336	386	0.145038
2615	637.579	346	0.130008
2616	637.823	376	0.141281
2617	638.067	360	0.135269
2618	638.311	371	0.139402
2619	638.555	358	0.134517
2620	638.799	387	0.145414
2621	639.043	375	0.140905
2622	639.286	379	0.142408
2623	639.530	402	0.15105
2624	639.774	362	0.13602
2625	640.018	377	0.141656
2626	640.262	359	0.134893
2627	640.506	369	0.13865
2628	640.750	344	0.129257
2629	640.993	369	0.13865
2630	641.237	342	0.128505
2631	641.481	363	0.136396
2632	641.725	367	0.137899
2633	641.969	361	0.135644
2634	642.213	390	0.146541
2635	642.457	408	0.153305
2636	642.701	375	0.140905
2637	642.944	393	0.147668
2638	643.188	357	0.134141
2639	643.432	384	0.144287
2640	643.676	362	0.13602
2641	643.920	366	0.137523
2642	644.164	367	0.137899
2643	644.408	373	0.140153
2644	644.651	375	0.140905
2645	644.895	373	0.140153
2646	645.139	390	0.146541
2647	645.383	398	0.149547
2648	645.627	400	0.150299
2649	645.871	397	0.149171
2650	646.115	380	0.142784
2651	646.358	415	0.155935
2652	646.602	414	0.155559
2653	646.846	371	0.139402
2654	647.090	384	0.144287
2655	647.334	403	0.151426
2656	647.578	401	0.150674
2657	647.822	407	0.152929
2658	648.066	375	0.140905
2659	648.309	425	0.159692
2660	648.553	389	0.146165
2661	648.797	379	0.142408
2662	649.041	382	0.143535
2663	649.285	365	0.137147
2664	649.529	385	0.144662
2665	649.773	395	0.14842
2666	650.016	392	0.147293
2667	650.260	380	0.142784
2668	650.504	383	0.143911
2669	650.748	404	0.151802
2670	650.992	409	0.15368
2671	651.236	378	0.142032
2672	651.480	365	0.137147
2673	651.724	386	0.145038
2674	651.967	386	0.145038
2675	652.211	399	0.149923
2676	652.455	359	0.134893
2677	652.699	374	0.140529
2678	652.943	368	0.138275
2679	653.187	382	0.143535
2680	653.431	391	0.146917
2681	653.674	388	0.14579
2682	653.918	440	0.165328
2683	654.162	389	0.146165
2684	654.406	383	0.143911
2685	654.650	423	0.158941
2686	654.894	397	0.149171
2687	655.138	388	0.14579
2688	655.381	389	0.146165
2689	655.625	418	0.157062
2690	655.869	395	0.14842
2691	656.113	394	0.148044
2692	656.357	383	0.143911
2693	656.601	415	0.155935
2694	656.845	381	0.143159
2695	657.089	369	0.13865
2696	657.332	377	0.141656
2697	657.576	396	0.148796
2698	657.820	373	0.140153
2699	658.064	401	0.150674
2700	658.308	388	0.14579
2701	658.552	430	0.161571
2702	658.796	405	0.152177
2703	659.039	372	0.139778
2704	659.283	422	0.158565
2705	659.527	415	0.155935
2706	659.771	423	0.158941
2707	660.015	411	0.154432
2708	660.259	538	0.202152
2709	660.503	697	0.261895
2710	660.746	1038	0.390025
2711	660.990	1723	0.647411
2712	661.234	2672	1.00399
2713	661.478	4168	1.56611
2714	661.722	5678	2.13349
2715	661.966	7336	2.75648
2716	662.210	8450	3.17506
2717	662.454	9048	3.39975
2718	662.697	8707	3.27162
2719	662.941	7527	2.82824
2720	663.185	5865	2.20375
2721	663.429	4147	1.55822
2722	663.673	2828	1.06261
2723	663.917	1724	0.647787
2724	664.161	1090	0.409563
2725	664.404	727	0.273168
2726	664.648	521	0.195764
2727	664.892	462	0.173595
2728	665.136	425	0.159692
2729	665.380	427	0.160444
2730	665.624	432	0.162322
2731	665.868	462	0.173595
2732	666.112	407	0.152929
2733	666.355	447	0.167959
2734	666.599	416	0.15631
2735	666.843	394	0.148044
2736	667.087	417	0.156686
2737	667.331	405	0.152177
2738	667.575	394	0.148044
2739	667.819	436	0.163825
2740	668.062	433	0.162698
2741	668.306	439	0.164953
2742	668.550	405	0.152177
2743	668.794	427	0.160444
2744	669.038	461	0.173219
2745	669.282	418	0.157062
2746	669.526	403	0.151426
2747	669.769	428	0.160819
2748	670.013	412	0.154807
2749	670.257	452	0.169837
2750	670.501	431	0.161947
2751	670.745	430	0.161571
2752	670.989	461	0.173219
2753	671.233	427	0.160444
2754	671.477	408	0.153305
2755	671.720	414	0.155559
2756	671.964	449	0.16871
2757	672.208	435	0.16345
2758	672.452	420	0.157813
2759	672.696	429	0.161195
2760	672.940	420	0.157813
2761	673.184	431	0.161947
2762	673.427	421	0.158189
2763	673.671	426	0.160068
2764	673.915	468	0.175849
2765	674.159	428	0.160819
2766	674.403	425	0.159692
2767	674.647	442	0.16608
2768	674.891	445	0.167207
2769	675.135	440	0.165328
2770	675.378	421	0.158189
2771	675.622	415	0.155935
2772	675.866	474	0.178104
2773	676.110	412	0.154807
2774	676.354	433	0.162698
2775	676.598	428	0.160819
2776	676.842	438	0.164577
2777	677.085	429	0.161195
2778	677.329	447	0.167959
2779	677.573	418	0.157062
2780	677.817	461	0.173219
2781	678.061	444	0.166831
2782	678.305	452	0.169837
2783	678.549	429	0.161195
2784	678.792	426	0.160068
2785	679.036	450	0.169086
2786	679.280	478	0.179607
2787	679.524	453	0.170213
2788	679.768	446	0.167583
2789	680.012	420	0.157813
2790	680.256	476	0.178855
2791	680.500	446	0.167583
2792	680.743	459	0.172468
2793	680.987	414	0.155559
2794	681.231	469	0.176225
2795	681.475	459	0.172468
2796	681.719	407	0.152929
2797	681.963	409	0.15368
2798	682.207	418	0.157062
2799	682.450	436	0.163825
2800	682.694	451	0.169462
2801	682.938	448	0.168334
2802	683.182	402	0.15105
2803	683.426	445	0.167207
2804	683.670	422	0.158565
2805	683.914	460	0.172843
2806	684.157	422	0.158565
2807	684.401	459	0.172468
2808	684.645	420	0.157813
2809	684.889	441	0.165704
2810	685.133	482	0.18111
2811	685.377	450	0.169086
2812	685.621	464	0.174346
2813	685.865	454	0.170589
2814	686.108	428	0.160819
2815	686.352	445	0.167207
2816	686.596	381	0.143159
2817	686.840	443	0.166456
2818	687.084	436	0.163825
2819	687.328	465	0.174722
2820	687.572	479	0.179982
2821	687.815	452	0.169837
2822	688.059	480	0.180358
2823	688.303	430	0.161571
2824	688.547	457	0.171716
2825	688.791	410	0.154056
2826	689.035	453	0.170213
2827	689.279	464	0.174346
2828	689.523	455	0.170965
2829	689.766	441	0.165704
2830	690.010	467	0.175474
2831	690.254	411	0.154432
2832	690.498	436	0.163825
2833	690.742	424	0.159316
2834	690.986	485	0.182237
2835	691.230	413	0.155183
2836	691.473	454	0.170589
2837	691.717	476	0.178855
2838	691.961	442	0.16608
2839	692.205	449	0.16871
2840	692.449	462	0.173595
2841	692.693	440	0.165328
2842	692.937	436	0.163825
2843	693.180	460	0.172843
2844	693.424	427	0.160444
2845	693.668	454	0.170589
2846	693.912	440	0.165328
2847	694.156	411	0.154432
2848	694.400	436	0.163825
2849	694.644	430	0.161571
2850	694.888	446	0.167583
2851	695.131	431	0.161947
2852	695.375	461	0.173219
2853	695.619	387	0.145414
2854	695.863	399	0.149923
2855	696.107	430	0.161571
2856	696.351	395	0.14842
2857	696.595	442	0.16608
2858	696.838	428	0.160819
2859	697.082	399	0.149923
2860	697.326	406	0.152553
2861	697.570	428	0.160819
2862	697.814	403	0.151426
2863	698.058	425	0.159692
2864	698.302	375	0.140905
2865	698.545	397	0.149171
2866	698.789	390	0.146541
2867	699.033	397	0.149171
2868	699.277	426	0.160068
2869	699.521	358	0.134517
2870	699.765	392	0.147293
2871	700.009	378	0.142032
2872	700.253	390	0.146541
2873	700.496	388	0.14579
2874	700.740	393	0.147668
2875	700.984	382	0.143535
2876	701.228	364	0.136772
2877	701.472	347	0.130384
2878	701.716	360	0.135269
2879	701.960	369	0.13865
2880	702.203	361	0.135644
2881	702.447	370	0.139026
2882	702.691	356	0.133766
2883	702.935	332	0.124748
2884	703.179	344	0.129257
2885	703.423	340	0.127754
2886	703.667	363	0.136396
2887	703.911	343	0.128881
2888	704.154	359	0.134893
2889	704.398	318	0.119487
2890	704.642	297	0.111597
2891	704.886	331	0.124372
2892	705.130	338	0.127002
2893	705.374	318	0.119487
2894	705.618	331	0.124372
2895	705.861	310	0.116481
2896	706.105	306	0.114978
2897	706.349	334	0.125499
2898	706.593	302	0.113475
2899	706.837	305	0.114603
2900	707.081	297	0.111597
2901	707.325	342	0.128505
2902	707.568	323	0.121366
2903	707.812	291	0.109342
2904	708.056	278	0.104457
2905	708.300	294	0.110469
2906	708.544	276	0.103706
2907	708.788	320	0.120239
2908	709.032	348	0.13076
2909	709.276	294	0.110469
2910	709.519	320	0.120239
2911	709.763	316	0.118736
2912	710.007	300	0.112724
2913	710.251	312	0.117233
2914	710.495	298	0.111972
2915	710.739	319	0.119863
2916	710.983	306	0.114978
2917	711.226	333	0.125124
2918	711.470	289	0.108591
2919	711.714	335	0.125875
2920	711.958	261	0.0980698
2921	712.202	314	0.117984
2922	712.446	285	0.107088
2923	712.690	264	0.099197
2924	712.933	313	0.117609
2925	713.177	303	0.113851
2926	713.421	310	0.116481
2927	713.665	319	0.119863
2928	713.909	309	0.116106
2929	714.153	279	0.104833
2930	714.397	294	0.110469
2931	714.641	313	0.117609
2932	714.884	325	0.122118
2933	715.128	312	0.117233
2934	715.372	267	0.100324
2935	715.616	314	0.117984
2936	715.860	303	0.113851
2937	716.104	270	0.101452
2938	716.348	317	0.119112
2939	716.591	301	0.1131
2940	716.835	310	0.116481
2941	717.079	299	0.112348
2942	717.323	290	0.108966
2943	717.567	283	0.106336
2944	717.811	305	0.114603
2945	718.055	315	0.11836
2946	718.299	311	0.116857
2947	718.542	271	0.101827
2948	718.786	290	0.108966
2949	719.030	267	0.100324
2950	719.274	275	0.10333
2951	719.518	296	0.111221
2952	719.762	300	0.112724
2953	720.006	272	0.102203
2954	720.249	295	0.110845
2955	720.493	273	0.102579
2956	720.737	287	0.107839
2957	720.981	275	0.10333
2958	721.225	264	0.099197
2959	721.469	284	0.106712
2960	721.713	282	0.10596
2961	721.956	283	0.106336
2962	722.200	277	0.104082
2963	722.444	281	0.105585
2964	722.688	250	0.0939366
2965	722.932	237	0.0890519
2966	723.176	295	0.110845
2967	723.420	307	0.115354
2968	723.664	276	0.103706
2969	723.907	287	0.107839
2970	724.151	302	0.113475
2971	724.395	316	0.118736
2972	724.639	248	0.0931851
2973	724.883	278	0.104457
2974	725.127	235	0.0883004
2975	725.371	265	0.0995728
2976	725.614	268	0.1007
2977	725.858	296	0.111221
2978	726.102	299	0.112348
2979	726.346	285	0.107088
2980	726.590	287	0.107839
2981	726.834	266	0.0999485
2982	727.078	293	0.110094
2983	727.322	274	0.102954
2984	727.565	273	0.102579
2985	727.809	290	0.108966
2986	728.053	291	0.109342
2987	728.297	318	0.119487
2988	728.541	281	0.105585
2989	728.785	259	0.0973183
2990	729.029	282	0.10596
2991	729.272	294	0.110469
2992	729.516	270	0.101452
2993	729.760	272	0.102203
2994	730.004	270	0.101452
2995	730.248	248	0.0931851
2996	730.492	273	0.102579
2997	730.736	295	0.110845
2998	730.979	268	0.1007
2999	731.223	270	0.101452
3000	731.467	247	0.0928093
3001	731.711	275	0.10333
3002	731.955	263	0.0988213
3003	732.199	272	0.102203
3004	732.443	275	0.10333
3005	732.687	296	0.111221
3006	732.930	272	0.102203
3007	733.174	303	0.113851
3008	733.418	242	0.0909306
3009	733.662	273	0.102579
3010	733.906	269	0.101076
3011	734.150	285	0.107088
3012	734.394	273	0.102579
3013	734.637	253	0.0950638
3014	734.881	263	0.0988213
3015	735.125	271	0.101827
3016	735.369	306	0.114978
3017	735.613	274	0.102954
3018	735.857	268	0.1007
3019	736.101	263	0.0988213
3020	736.344	241	0.0905549
3021	736.588	242	0.0909306
3022	736.832	253	0.0950638
3023	737.076	270	0.101452
3024	737.320	260	0.097694
3025	737.564	261	0.0980698
3026	737.808	252	0.0946881
3027	738.052	284	0.106712
3028	738.295	262	0.0984455
3029	738.539	235	0.0883004
3030	738.783	231	0.0867974
3031	739.027	276	0.103706
3032	739.271	238	0.0894276
3033	739.515	298	0.111972
3034	739.759	276	0.103706
3035	740.002	237	0.0890519
3036	740.246	274	0.102954
3037	740.490	251	0.0943123
3038	740.734	261	0.0980698
3039	740.978	258	0.0969426
3040	741.222	275	0.10333
3041	741.466	248	0.0931851
3042	741.710	273	0.102579
3043	741.953	261	0.0980698
3044	742.197	261	0.0980698
3045	742.441	269	0.101076
3046	742.685	243	0.0913064
3047	742.929	248	0.0931851
3048	743.173	253	0.0950638
3049	743.417	253	0.0950638
3050	743.660	244	0.0916821
3051	743.904	217	0.081537
3052	744.148	248	0.0931851
3053	744.392	264	0.099197
3054	744.636	276	0.103706
3055	744.880	256	0.0961911
3056	745.124	282	0.10596
3057	745.367	250	0.0939366
3058	745.611	246	0.0924336
3059	745.855	254	0.0954396
3060	746.099	264	0.099197
3061	746.343	244	0.0916821
3062	746.587	232	0.0871731
3063	746.831	251	0.0943123
3064	747.075	257	0.0965668
3065	747.318	273	0.102579
3066	747.562	260	0.097694
3067	747.806	271	0.101827
3068	748.050	240	0.0901791
3069	748.294	224	0.0841672
3070	748.538	257	0.0965668
3071	748.782	247	0.0928093
3072	749.025	214	0.0804097
3073	749.269	239	0.0898034
3074	749.513	288	0.108215
3075	749.757	282	0.10596
3076	750.001	254	0.0954396
3077	750.245	241	0.0905549
3078	750.489	252	0.0946881
3079	750.732	277	0.104082
3080	750.976	231	0.0867974
3081	751.220	250	0.0939366
3082	751.464	264	0.099197
3083	751.708	230	0.0864217
3084	751.952	251	0.0943123
3085	752.196	264	0.099197
3086	752.440	246	0.0924336
3087	752.683	247	0.0928093
3088	752.927	246	0.0924336
3089	753.171	239	0.0898034
3090	753.415	271	0.101827
3091	753.659	251	0.0943123
3092	753.903	214	0.0804097
3093	754.147	235	0.0883004
3094	754.390	219	0.0822884
3095	754.634	273	0.102579
3096	754.878	239	0.0898034
3097	755.122	206	0.0774037
3098	755.366	240	0.0901791
3099	755.610	231	0.0867974
3100	755.854	245	0.0920578
3101	756.098	258	0.0969426
3102	756.341	240	0.0901791
3103	756.585	243	0.0913064
3104	756.829	224	0.0841672
3105	757.073	221	0.0830399
3106	757.317	238	0.0894276
3107	757.561	230	0.0864217
3108	757.805	234	0.0879246
3109	758.048	237	0.0890519
3110	758.292	248	0.0931851
3111	758.536	260	0.097694
3112	758.780	234	0.0879246
3113	759.024	250	0.0939366
3114	759.268	216	0.0811612
3115	759.512	226	0.0849187
3116	759.755	252	0.0946881
3117	759.999	231	0.0867974
3118	760.243	276	0.103706
3119	760.487	237	0.0890519
3120	760.731	209	0.078531
3121	760.975	222	0.0834157
3122	761.219	216	0.0811612
3123	761.463	235	0.0883004
3124	761.706	243	0.0913064
3125	761.950	208	0.0781552
3126	762.194	264	0.099197
3127	762.438	230	0.0864217
3128	762.682	245	0.0920578
3129	762.926	250	0.0939366
3130	763.170	229	0.0860459
3131	763.413	235	0.0883004
3132	763.657	209	0.078531
3133	763.901	234	0.0879246
3134	764.145	225	0.0845429
3135	764.389	238	0.0894276
3136	764.633	227	0.0852944
3137	764.877	210	0.0789067
3138	765.121	222	0.0834157
3139	765.364	230	0.0864217
3140	765.608	219	0.0822884
3141	765.852	216	0.0811612
3142	766.096	236	0.0886761
3143	766.340	219	0.0822884
3144	766.584	227	0.0852944
3145	766.828	266	0.0999485
3146	767.071	234	0.0879246
3147	767.315	237	0.0890519
3148	767.559	212	0.0796582
3149	767.803	219	0.0822884
3150	768.047	247	0.0928093
3151	768.291	250	0.0939366
3152	768.535	245	0.0920578
3153	768.778	207	0.0777795
3154	769.022	230	0.0864217
3155	769.266	221	0.0830399
3156	769.510	204	0.0766523
3157	769.754	230	0.0864217
3158	769.998	237	0.0890519
3159	770.242	225	0.0845429
3160	770.486	213	0.080034
3161	770.729	237	0.0890519
3162	770.973	243	0.0913064
3163	771.217	215	0.0807855
3164	771.461	228	0.0856702
3165	771.705	217	0.081537
3166	771.949	227	0.0852944
3167	772.193	193	0.072519
3168	772.436	213	0.080034
3169	772.680	220	0.0826642
3170	772.924	204	0.0766523
3171	773.168	225	0.0845429
3172	773.412	216	0.0811612
3173	773.656	212	0.0796582
3174	773.900	208	0.0781552
3175	774.143	202	0.0759008
3176	774.387	202	0.0759008
3177	774.631	237	0.0890519
3178	774.875	217	0.081537
3179	775.119	210	0.0789067
3180	775.363	205	0.077028
3181	775.607	224	0.0841672
3182	775.851	222	0.0834157
3183	776.094	197	0.074022
3184	776.338	242	0.0909306
3185	776.582	237	0.0890519
3186	776.826	187	0.0702646
3187	777.070	220	0.0826642
3188	777.314	215	0.0807855
3189	777.558	198	0.0743978
3190	777.801	211	0.0792825
3191	778.045	218	0.0819127
3192	778.289	178	0.0668828
3193	778.533	203	0.0762765
3194	778.777	223	0.0837914
3195	779.021	201	0.075525
3196	779.265	189	0.0710161
3197	779.509	209	0.078531
3198	779.752	215	0.0807855
3199	779.996	212	0.0796582
3200	780.240	208	0.0781552
3201	780.484	215	0.0807855
3202	780.728	211	0.0792825
3203	780.972	198	0.0743978
3204	781.216	198	0.0743978
3205	781.459	202	0.0759008
3206	781.703	209	0.078531
3207	781.947	194	0.0728948
3208	782.191	195	0.0732705
3209	782.435	224	0.0841672
3210	782.679	196	0.0736463
3211	782.923	206	0.0774037
3212	783.166	212	0.0796582
3213	783.410	189	0.0710161
3214	783.654	200	0.0751493
3215	783.898	206	0.0774037
3216	784.142	201	0.075525
3217	784.386	183	0.0687616
3218	784.630	198	0.0743978
3219	784.874	187	0.0702646
3220	785.117	193	0.072519
3221	785.361	214	0.0804097
3222	785.605	196	0.0736463
3223	785.849	203	0.0762765
3224	786.093	203	0.0762765
3225	786.337	208	0.0781552
3226	786.581	196	0.0736463
3227	786.824	195	0.0732705
3228	787.068	186	0.0698888
3229	787.312	200	0.0751493
3230	787.556	172	0.0646284
3231	787.800	199	0.0747735
3232	788.044	196	0.0736463
3233	788.288	208	0.0781552
3234	788.531	201	0.075525
3235	788.775	229	0.0860459
3236	789.019	191	0.0717675
3237	789.263	193	0.072519
3238	789.507	186	0.0698888
3239	789.751	208	0.0781552
3240	789.995	181	0.0680101
3241	790.239	199	0.0747735
3242	790.482	221	0.0830399
3243	790.726	198	0.0743978
3244	790.970	190	0.0713918
3245	791.214	197	0.074022
3246	791.458	213	0.080034
3247	791.702	183	0.0687616
3248	791.946	177	0.0665071
3249	792.189	181	0.0680101
3250	792.433	191	0.0717675
3251	792.677	187	0.0702646
3252	792.921	199	0.0747735
3253	793.165	200	0.0751493
3254	793.409	204	0.0766523
3255	793.653	191	0.0717675
3256	793.897	207	0.0777795
3257	794.140	215	0.0807855
3258	794.384	206	0.0774037
3259	794.628	173	0.0650041
3260	794.872	202	0.0759008
3261	795.116	159	0.0597437
3262	795.360	196	0.0736463
3263	795.604	185	0.0695131
3264	795.847	202	0.0759008
3265	796.091	202	0.0759008
3266	796.335	185	0.0695131
3267	796.579	211	0.0792825
3268	796.823	213	0.080034
3269	797.067	202	0.0759008
3270	797.311	181	0.0680101
3271	797.554	181	0.0680101
3272	797.798	211	0.0792825
3273	798.042	180	0.0676343
3274	798.286	215	0.0807855
3275	798.530	209	0.078531
3276	798.774	203	0.0762765
3277	799.018	226	0.0849187
3278	799.262	188	0.0706403
3279	799.505	176	0.0661314
3280	799.749	184	0.0691373
3281	799.993	179	0.0672586
3282	800.237	182	0.0683858
3283	800.481	202	0.0759008
3284	800.725	196	0.0736463
3285	800.969	179	0.0672586
3286	801.212	193	0.072519
3287	801.456	181	0.0680101
3288	801.700	185	0.0695131
3289	801.944	207	0.0777795
3290	802.188	196	0.0736463
3291	802.432	179	0.0672586
3292	802.676	179	0.0672586
3293	802.919	196	0.0736463
3294	803.163	179	0.0672586
3295	803.407	183	0.0687616
3296	803.651	207	0.0777795
3297	803.895	207	0.0777795
3298	804.139	179	0.0672586
3299	804.383	182	0.0683858
3300	804.627	192	0.0721433
3301	804.870	177	0.0665071
3302	805.114	200	0.0751493
3303	805.358	221	0.0830399
3304	805.602	206	0.0774037
3305	805.846	183	0.0687616
3306	806.090	176	0.0661314
3307	806.334	190	0.0713918
3308	806.577	188	0.0706403
3309	806.821	193	0.072519
3310	807.065	195	0.0732705
3311	807.309	200	0.0751493
3312	807.553	188	0.0706403
3313	807.797	171	0.0642526
3314	808.041	191	0.0717675
3315	808.285	202	0.0759008
3316	808.528	185	0.0695131
3317	808.772	186	0.0698888
3318	809.016	185	0.0695131
3319	809.260	180	0.0676343
3320	809.504	189	0.0710161
3321	809.748	156	0.0586164
3322	809.992	182	0.0683858
3323	810.235	191	0.0717675
3324	810.479	176	0.0661314
3325	810.723	182	0.0683858
3326	810.967	173	0.0650041
3327	811.211	185	0.0695131
3328	811.455	199	0.0747735
3329	811.699	185	0.0695131
3330	811.942	181	0.0680101
3331	812.186	198	0.0743978
3332	812.430	171	0.0642526
3333	812.674	198	0.0743978
3334	812.918	213	0.080034
3335	813.162	213	0.080034
3336	813.406	262	0.0984455
3337	813.650	285	0.107088
3338	813.893	335	0.125875
3339	814.137	387	0.145414
3340	814.381	416	0.15631
3341	814.625	490	0.184116
3342	814.869	478	0.179607
3343	815.113	477	0.179231
3344	815.357	470	0.176601
3345	815.600	372	0.139778
3346	815.844	308	0.11573
3347	816.088	292	0.109718
3348	816.332	251	0.0943123
3349	816.576	241	0.0905549
3350	816.820	171	0.0642526
3351	817.064	213	0.080034
3352	817.308	180	0.0676343
3353	817.551	164	0.0616224
3354	817.795	211	0.0792825
3355	818.039	170	0.0638769
3356	818.283	189	0.0710161
3357	818.527	190	0.0713918
3358	818.771	197	0.074022
3359	819.015	169	0.0635011
3360	819.258	187	0.0702646
3361	819.502	203	0.0762765
3362	819.746	174	0.0653799
3363	819.990	192	0.0721433
3364	820.234	221	0.0830399
3365	820.478	182	0.0683858
3366	820.722	191	0.0717675
3367	820.965	194	0.0728948
3368	821.209	201	0.075525
3369	821.453	221	0.0830399
3370	821.697	207	0.0777795
3371	821.941	201	0.075525
3372	822.185	211	0.0792825
3373	822.429	207	0.0777795
3374	822.673	187	0.0702646
3375	822.916	188	0.0706403
3376	823.160	188	0.0706403
3377	823.404	194	0.0728948
3378	823.648	205	0.077028
3379	823.892	198	0.0743978
3380	824.136	193	0.072519
3381	824.380	182	0.0683858
3382	824.623	195	0.0732705
3383	824.867	180	0.0676343
3384	825.111	191	0.0717675
3385	825.355	195	0.0732705
3386	825.599	186	0.0698888
3387	825.843	191	0.0717675
3388	826.087	164	0.0616224
3389	826.330	199	0.0747735
3390	826.574	189	0.0710161
3391	826.818	200	0.0751493
3392	827.062	193	0.072519
3393	827.306	188	0.0706403
3394	827.550	182	0.0683858
3395	827.794	212	0.0796582
3396	828.038	169	0.0635011
3397	828.281	200	0.0751493
3398	828.525	180	0.0676343
3399	828.769	188	0.0706403
3400	829.013	190	0.0713918
3401	829.257	207	0.0777795
3402	829.501	204	0.0766523
3403	829.745	203	0.0762765
3404	829.988	196	0.0736463
3405	830.232	175	0.0657556
3406	830.476	244	0.0916821
3407	830.720	217	0.081537
3408	830.964	211	0.0792825
3409	831.208	196	0.0736463
3410	831.452	177	0.0665071
3411	831.696	199	0.0747735
3412	831.939	156	0.0586164
3413	832.183	193	0.072519
3414	832.427	214	0.0804097
3415	832.671	199	0.0747735
3416	832.915	198	0.0743978
3417	833.159	193	0.072519
3418	833.403	212	0.0796582
3419	833.646	230	0.0864217
3420	833.890	185	0.0695131
3421	834.134	194	0.0728948
3422	834.378	198	0.0743978
3423	834.622	196	0.0736463
3424	834.866	187	0.0702646
3425	835.110	174	0.0653799
3426	835.353	235	0.0883004
3427	835.597	174	0.0653799
3428	835.841	204	0.0766523
3429	836.085	194	0.0728948
3430	836.329	185	0.0695131
3431	836.573	172	0.0646284
3432	836.817	205	0.077028
3433	837.061	208	0.0781552
3434	837.304	187	0.0702646
3435	837.548	173	0.0650041
3436	837.792	206	0.0774037
3437	838.036	186	0.0698888
3438	838.280	192	0.0721433
3439	838.524	194	0.0728948
3440	838.768	216	0.0811612
3441	839.011	177	0.0665071
3442	839.255	194	0.0728948
3443	839.499	174	0.0653799
3444	839.743	197	0.074022
3445	839.987	190	0.0713918
3446	840.231	186	0.0698888
3447	840.475	180	0.0676343
3448	840.718	201	0.075525
3449	840.962	200	0.0751493
3450	841.206	203	0.0762765
3451	841.450	186	0.0698888
3452	841.694	192	0.0721433
3453	841.938	185	0.0695131
3454	842.182	234	0.0879246
3455	842.426	190	0.0713918
3456	842.669	181	0.0680101
3457	842.913	202	0.0759008
3458	843.157	212	0.0796582
3459	843.401	184	0.0691373
3460	843.645	201	0.075525
3461	843.889	174	0.0653799
3462	844.133	200	0.0751493
3463	844.376	182	0.0683858
3464	844.620	194	0.0728948
3465	844.864	203	0.0762765
3466	845.108	171	0.0642526
3467	845.352	197	0.074022
3468	845.596	195	0.0732705
3469	845.840	177	0.0665071
3470	846.084	184	0.0691373
3471	846.327	191	0.0717675
3472	846.571	184	0.0691373
3473	846.815	176	0.0661314
3474	847.059	206	0.0774037
3475	847.303	193	0.072519
3476	847.547	187	0.0702646
3477	847.791	198	0.0743978
3478	848.034	209	0.078531
3479	848.278	199	0.0747735
3480	848.522	186	0.0698888
3481	848.766	182	0.0683858
3482	849.010	178	0.0668828
3483	849.254	201	0.075525
3484	849.498	200	0.0751493
3485	849.741	173	0.0650041
3486	849.985	180	0.0676343
3487	850.229	206	0.0774037
3488	850.473	193	0.072519
3489	850.717	198	0.0743978
3490	850.961	188	0.0706403
3491	851.205	186	0.0698888
3492	851.449	177	0.0665071
3493	851.692	211	0.0792825
3494	851.936	204	0.0766523
3495	852.180	219	0.0822884
3496	852.424	180	0.0676343
3497	852.668	222	0.0834157
3498	852.912	227	0.0852944
3499	853.156	181	0.0680101
3500	853.399	205	0.077028
3501	853.643	186	0.0698888
3502	853.887	197	0.074022
3503	854.131	163	0.0612467
3504	854.375	202	0.0759008
3505	854.619	205	0.077028
3506	854.863	207	0.0777795
3507	855.106	192	0.0721433
3508	855.350	199	0.0747735
3509	855.594	202	0.0759008
3510	855.838	204	0.0766523
3511	856.082	194	0.0728948
3512	856.326	189	0.0710161
3513	856.570	194	0.0728948
3514	856.814	227	0.0852944
3515	857.057	190	0.0713918
3516	857.301	192	0.0721433
3517	857.545	184	0.0691373
3518	857.789	198	0.0743978
3519	858.033	210	0.0789067
3520	858.277	183	0.0687616
3521	858.521	222	0.0834157
3522	858.764	222	0.0834157
3523	859.008	189	0.0710161
3524	859.252	202	0.0759008
3525	859.496	196	0.0736463
3526	859.740	188	0.0706403
3527	859.984	201	0.075525
3528	860.228	204	0.0766523
3529	860.472	180	0.0676343
3530	860.715	181	0.0680101
3531	860.959	195	0.0732705
3532	861.203	228	0.0856702
3533	861.447	217	0.081537
3534	861.691	212	0.0796582
3535	861.935	211	0.0792825
3536	862.179	194	0.0728948
3537	862.422	218	0.0819127
3538	862.666	213	0.080034
3539	862.910	193	0.072519
3540	863.154	171	0.0642526
3541	863.398	216	0.0811612
3542	863.642	192	0.0721433
3543	863.886	209	0.078531
3544	864.129	190	0.0713918
3545	864.373	196	0.0736463
3546	864.617	218	0.0819127
3547	864.861	202	0.0759008
3548	865.105	186	0.0698888
3549	865.349	198	0.0743978
3550	865.593	202	0.0759008
3551	865.837	216	0.0811612
3552	866.080	192	0.0721433
3553	866.324	201	0.075525
3554	866.568	201	0.075525
3555	866.812	201	0.075525
3556	867.056	189	0.0710161
3557	867.300	204	0.0766523
3558	867.544	178	0.0668828
3559	867.787	193	0.072519
3560	868.031	200	0.0751493
3561	868.275	191	0.0717675
3562	868.519	191	0.0717675
3563	868.763	217	0.081537
3564	869.007	190	0.0713918
3565	869.251	217	0.081537
3566	869.495	215	0.0807855
3567	869.738	190	0.0713918
3568	869.982	220	0.0826642
3569	870.226	203	0.0762765
3570	870.470	208	0.0781552
3571	870.714	204	0.0766523
3572	870.958	213	0.080034
3573	871.202	192	0.0721433
3574	871.445	208	0.0781552
3575	871.689	218	0.0819127
3576	871.933	204	0.0766523
3577	872.177	209	0.078531
3578	872.421	206	0.0774037
3579	872.665	186	0.0698888
3580	872.909	202	0.0759008
3581	873.152	212	0.0796582
3582	873.396	194	0.0728948
3583	873.640	216	0.0811612
3584	873.884	228	0.0856702
3585	874.128	217	0.081537
3586	874.372	203	0.0762765
3587	874.616	226	0.0849187
3588	874.860	205	0.077028
3589	875.103	195	0.0732705
3590	875.347	199	0.0747735
3591	875.591	218	0.0819127
3592	875.835	210	0.0789067
3593	876.079	206	0.0774037
3594	876.323	223	0.0837914
3595	876.567	211	0.0792825
3596	876.810	204	0.0766523
3597	877.054	212	0.0796582
3598	877.298	210	0.0789067
3599	877.542	173	0.0650041
3600	877.786	205	0.077028
3601	878.030	211	0.0792825
3602	878.274	204	0.0766523
3603	878.517	179	0.0672586
3604	878.761	202	0.0759008
3605	879.005	194	0.0728948
3606	879.249	207	0.0777795
3607	879.493	216	0.0811612
3608	879.737	190	0.0713918
3609	879.981	195	0.0732705
3610	880.225	208	0.0781552
3611	880.468	201	0.075525
3612	880.712	183	0.0687616
3613	880.956	189	0.0710161
3614	881.200	228	0.0856702
3615	881.444	228	0.0856702
3616	881.688	208	0.0781552
3617	881.932	202	0.0759008
3618	882.175	221	0.0830399
3619	882.419	198	0.0743978
3620	882.663	218	0.0819127
3621	882.907	194	0.0728948
3622	883.151	206	0.0774037
3623	883.395	166	0.0623739
3624	883.639	205	0.077028
3625	883.883	233	0.0875489
3626	884.126	199	0.0747735
3627	884.370	201	0.075525
3628	884.614	209	0.078531
3629	884.858	226	0.0849187
3630	885.102	227	0.0852944
3631	885.346	200	0.0751493
3632	885.590	217	0.081537
3633	885.833	205	0.077028
3634	886.077	224	0.0841672
3635	886.321	203	0.0762765
3636	886.565	182	0.0683858
3637	886.809	215	0.0807855
3638	887.053	225	0.0845429
3639	887.297	230	0.0864217
3640	887.540	212	0.0796582
3641	887.784	221	0.0830399
3642	888.028	195	0.0732705
3643	888.272	197	0.074022
3644	888.516	195	0.0732705
3645	888.760	185	0.0695131
3646	889.004	219	0.0822884
3647	889.248	206	0.0774037
3648	889.491	194	0.0728948
3649	889.735	189	0.0710161
3650	889.979	216	0.0811612
3651	890.223	212	0.0796582
3652	890.467	204	0.0766523
3653	890.711	208	0.0781552
3654	890.955	224	0.0841672
3655	891.198	204	0.0766523
3656	891.442	217	0.081537
3657	891.686	196	0.0736463
3658	891.930	197	0.074022
3659	892.174	193	0.072519
3660	892.418	200	0.0751493
3661	892.662	211	0.0792825
3662	892.905	251	0.0943123
3663	893.149	222	0.0834157
3664	893.393	229	0.0860459
3665	893.637	236	0.0886761
3666	893.881	215	0.0807855
3667	894.125	228	0.0856702
3668	894.369	206	0.0774037
3669	894.613	223	0.0837914
3670	894.856	217	0.081537
3671	895.100	218	0.0819127
3672	895.344	234	0.0879246
3673	895.588	214	0.0804097
3674	895.832	233	0.0875489
3675	896.076	288	0.108215
3676	896.320	329	0.123621
3677	896.563	430	0.161571
3678	896.807	666	0.250247
3679	897.051	1192	0.44789
3680	897.295	2002	0.752244
3681	897.539	3366	1.26476
3682	897.783	5150	1.93509
3683	898.027	7477	2.80946
3684	898.271	10203	3.83374
3685	898.514	12758	4.79377
3686	898.758	14410	5.4145
3687	899.002	15044	5.65273
3688	899.246	14172	5.32508
3689	899.490	12353	4.64159
3690	899.734	9738	3.65902
3691	899.978	7079	2.65991
3692	900.221	4832	1.81561
3693	900.465	2871	1.07877
3694	900.709	1661	0.624115
3695	900.953	931	0.34982
3696	901.197	563	0.211545
3697	901.441	349	0.131135
3698	901.685	322	0.12099
3699	901.928	264	0.099197
3700	902.172	256	0.0961911
3701	902.416	259	0.0973183
3702	902.660	264	0.099197
3703	902.904	284	0.106712
3704	903.148	289	0.108591
3705	903.392	313	0.117609
3706	903.636	285	0.107088
3707	903.879	256	0.0961911
3708	904.123	278	0.104457
3709	904.367	252	0.0946881
3710	904.611	257	0.0965668
3711	904.855	240	0.0901791
3712	905.099	221	0.0830399
3713	905.343	262	0.0984455
3714	905.586	243	0.0913064
3715	905.830	241	0.0905549
3716	906.074	255	0.0958153
3717	906.318	263	0.0988213
3718	906.562	249	0.0935608
3719	906.806	249	0.0935608
3720	907.050	233	0.0875489
3721	907.293	239	0.0898034
3722	907.537	210	0.0789067
3723	907.781	241	0.0905549
3724	908.025	252	0.0946881
3725	908.269	235	0.0883004
3726	908.513	234	0.0879246
3727	908.757	215	0.0807855
3728	909.001	228	0.0856702
3729	909.244	222	0.0834157
3730	909.488	248	0.0931851
3731	909.732	226	0.0849187
3732	909.976	222	0.0834157
3733	910.220	248	0.0931851
3734	910.464	230	0.0864217
3735	910.708	227	0.0852944
3736	910.951	293	0.110094
3737	911.195	305	0.114603
3738	911.439	277	0.104082
3739	911.683	337	0.126627
3740	911.927	415	0.155935
3741	912.171	449	0.16871
3742	912.415	569	0.2138
3743	912.659	642	0.241229
3744	912.902	645	0.242356
3745	913.146	655	0.246114
3746	913.390	611	0.229581
3747	913.634	603	0.226575
3748	913.878	532	0.199897
3749	914.122	493	0.185243
3750	914.366	414	0.155559
3751	914.609	398	0.149547
3752	914.853	394	0.148044
3753	915.097	338	0.127002
3754	915.341	348	0.13076
3755	915.585	289	0.108591
3756	915.829	296	0.111221
3757	916.073	264	0.099197
3758	916.316	263	0.0988213
3759	916.560	251	0.0943123
3760	916.804	240	0.0901791
3761	917.048	245	0.0920578
3762	917.292	242	0.0909306
3763	917.536	227	0.0852944
3764	917.780	214	0.0804097
3765	918.024	218	0.0819127
3766	918.267	236	0.0886761
3767	918.511	238	0.0894276
3768	918.755	220	0.0826642
3769	918.999	224	0.0841672
3770	919.243	217	0.081537
3771	919.487	242	0.0909306
3772	919.731	251	0.0943123
3773	919.974	242	0.0909306
3774	920.218	252	0.0946881
3775	920.462	249	0.0935608
3776	920.706	270	0.101452
3777	920.950	226	0.0849187
3778	921.194	244	0.0916821
3779	921.438	239	0.0898034
3780	921.682	238	0.0894276
3781	921.925	220	0.0826642
3782	922.169	249	0.0935608
3783	922.413	238	0.0894276
3784	922.657	228	0.0856702
3785	922.901	223	0.0837914
3786	923.145	248	0.0931851
3787	923.389	222	0.0834157
3788	923.632	267	0.100324
3789	923.876	246	0.0924336
3790	924.120	228	0.0856702
3791	924.364	251	0.0943123
3792	924.608	244	0.0916821
3793	924.852	262	0.0984455
3794	925.096	216	0.0811612
3795	925.339	244	0.0916821
3796	925.583	266	0.0999485
3797	925.827	243	0.0913064
3798	926.071	223	0.0837914
3799	926.315	227	0.0852944
3800	926.559	221	0.0830399
3801	926.803	249	0.0935608
3802	927.047	246	0.0924336
3803	927.290	209	0.078531
3804	927.534	231	0.0867974
3805	927.778	206	0.0774037
3806	928.022	217	0.081537
3807	928.266	240	0.0901791
3808	928.510	235	0.0883004
3809	928.754	239	0.0898034
3810	928.997	211	0.0792825
3811	929.241	205	0.077028
3812	929.485	225	0.0845429
3813	929.729	231	0.0867974
3814	929.973	220	0.0826642
3815	930.217	256	0.0961911
3816	930.461	264	0.099197
3817	930.704	241	0.0905549
3818	930.948	220	0.0826642
3819	931.192	237	0.0890519
3820	931.436	229	0.0860459
3821	931.680	250	0.0939366
3822	931.924	222	0.0834157
3823	932.168	226	0.0849187
3824	932.412	220	0.0826642
3825	932.655	238	0.0894276
3826	932.899	222	0.0834157
3827	933.143	233	0.0875489
3828	933.387	238	0.0894276
3829	933.631	209	0.078531
3830	933.875	231	0.0867974
3831	934.119	216	0.0811612
3832	934.362	207	0.0777795
3833	934.606	234	0.0879246
3834	934.850	243	0.0913064
3835	935.094	231	0.0867974
3836	935.338	235	0.0883004
3837	935.582	244	0.0916821
3838	935.826	229	0.0860459
3839	936.070	211	0.0792825
3840	936.313	245	0.0920578
3841	936.557	222	0.0834157
3842	936.801	268	0.1007
3843	937.045	220	0.0826642
3844	937.289	235	0.0883004
3845	937.533	249	0.0935608
3846	937.777	229	0.0860459
3847	938.020	205	0.077028
3848	938.264	224	0.0841672
3849	938.508	251	0.0943123
3850	938.752	243	0.0913064
3851	938.996	247	0.0928093
3852	939.240	246	0.0924336
3853	939.484	222	0.0834157
3854	939.727	245	0.0920578
3855	939.971	246	0.0924336
3856	940.215	234	0.0879246
3857	940.459	270	0.101452
3858	940.703	238	0.0894276
3859	940.947	238	0.0894276
3860	941.191	197	0.074022
3861	941.435	239	0.0898034
3862	941.678	226	0.0849187
3863	941.922	242	0.0909306
3864	942.166	207	0.0777795
3865	942.410	246	0.0924336
3866	942.654	282	0.10596
3867	942.898	251	0.0943123
3868	943.142	256	0.0961911
3869	943.385	229	0.0860459
3870	943.629	262	0.0984455
3871	943.873	241	0.0905549
3872	944.117	279	0.104833
3873	944.361	254	0.0954396
3874	944.605	243	0.0913064
3875	944.849	216	0.0811612
3876	945.092	233	0.0875489
3877	945.336	250	0.0939366
3878	945.580	239	0.0898034
3879	945.824	247	0.0928093
3880	946.068	226	0.0849187
3881	946.312	271	0.101827
3882	946.556	213	0.080034
3883	946.800	285	0.107088
3884	947.043	243	0.0913064
3885	947.287	220	0.0826642
3886	947.531	215	0.0807855
3887	947.775	237	0.0890519
3888	948.019	246	0.0924336
3889	948.263	251	0.0943123
3890	948.507	231	0.0867974
3891	948.750	245	0.0920578
3892	948.994	257	0.0965668
3893	949.238	244	0.0916821
3894	949.482	259	0.0973183
3895	949.726	270	0.101452
3896	949.970	252	0.0946881
3897	950.214	237	0.0890519
3898	950.458	245	0.0920578
3899	950.701	277	0.104082
3900	950.945	250	0.0939366
3901	951.189	244	0.0916821
3902	951.433	214	0.0804097
3903	951.677	251	0.0943123
3904	951.921	227	0.0852944
3905	952.165	230	0.0864217
3906	952.408	248	0.0931851
3907	952.652	215	0.0807855
3908	952.896	263	0.0988213
3909	953.140	252	0.0946881
3910	953.384	276	0.103706
3911	953.628	229	0.0860459
3912	953.872	255	0.0958153
3913	954.115	249	0.0935608
3914	954.359	225	0.0845429
3915	954.603	227	0.0852944
3916	954.847	257	0.0965668
3917	955.091	253	0.0950638
3918	955.335	255	0.0958153
3919	955.579	251	0.0943123
3920	955.823	231	0.0867974
3921	956.066	246	0.0924336
3922	956.310	233	0.0875489
3923	956.554	268	0.1007
3924	956.798	258	0.0969426
3925	957.042	248	0.0931851
3926	957.286	236	0.0886761
3927	957.530	238	0.0894276
3928	957.773	249	0.0935608
3929	958.017	256	0.0961911
3930	958.261	246	0.0924336
3931	958.505	249	0.0935608
3932	958.749	252	0.0946881
3933	958.993	237	0.0890519
3934	959.237	271	0.101827
3935	959.481	258	0.0969426
3936	959.724	254	0.0954396
3937	959.968	236	0.0886761
3938	960.212	230	0.0864217
3939	960.456	255	0.0958153
3940	960.700	250	0.0939366
3941	960.944	260	0.097694
3942	961.188	244	0.0916821
3943	961.431	234	0.0879246
3944	961.675	219	0.0822884
3945	961.919	275	0.10333
3946	962.163	245	0.0920578
3947	962.407	238	0.0894276
3948	962.651	228	0.0856702
3949	962.895	216	0.0811612
3950	963.138	227	0.0852944
3951	963.382	236	0.0886761
3952	963.626	216	0.0811612
3953	963.870	212	0.0796582
3954	964.114	213	0.080034
3955	964.358	242	0.0909306
3956	964.602	208	0.0781552
3957	964.846	247	0.0928093
3958	965.089	235	0.0883004
3959	965.333	222	0.0834157
3960	965.577	223	0.0837914
3961	965.821	200	0.0751493
3962	966.065	205	0.077028
3963	966.309	202	0.0759008
3964	966.553	180	0.0676343
3965	966.796	228	0.0856702
3966	967.040	187	0.0702646
3967	967.284	201	0.075525
3968	967.528	229	0.0860459
3969	967.772	223	0.0837914
3970	968.016	198	0.0743978
3971	968.260	220	0.0826642
3972	968.503	242	0.0909306
3973	968.747	208	0.0781552
3974	968.991	211	0.0792825
3975	969.235	195	0.0732705
3976	969.479	199	0.0747735
3977	969.723	190	0.0713918
3978	969.967	211	0.0792825
3979	970.211	221	0.0830399
3980	970.454	228	0.0856702
3981	970.698	185	0.0695131
3982	970.942	186	0.0698888
3983	971.186	198	0.0743978
3984	971.430	182	0.0683858
3985	971.674	227	0.0852944
3986	971.918	214	0.0804097
3987	972.161	190	0.0713918
3988	972.405	200	0.0751493
3989	972.649	186	0.0698888
3990	972.893	191	0.0717675
3991	973.137	188	0.0706403
3992	973.381	196	0.0736463
3993	973.625	178	0.0668828
3994	973.869	177	0.0665071
3995	974.112	185	0.0695131
3996	974.356	175	0.0657556
3997	974.600	178	0.0668828
3998	974.844	189	0.0710161
3999	975.088	170	0.0638769
4000	975.332	182	0.0683858
4001	975.576	196	0.0736463
4002	975.819	205	0.077028
4003	976.063	192	0.0721433
4004	976.307	191	0.0717675
4005	976.551	182	0.0683858
4006	976.795	210	0.0789067
4007	977.039	195	0.0732705
4008	977.283	181	0.0680101
4009	977.526	196	0.0736463
4010	977.770	241	0.0905549
4011	978.014	177	0.0665071
4012	978.258	205	0.077028
4013	978.502	187	0.0702646
4014	978.746	165	0.0619981
4015	978.990	201	0.075525
4016	979.234	201	0.075525
4017	979.477	176	0.0661314
4018	979.721	155	0.0582407
4019	979.965	184	0.0691373
4020	980.209	198	0.0743978
4021	980.453	193	0.072519
4022	980.697	197	0.074022
4023	980.941	178	0.0668828
4024	981.184	201	0.075525
4025	981.428	215	0.0807855
4026	981.672	186	0.0698888
4027	981.916	218	0.0819127
4028	982.160	169	0.0635011
4029	982.404	173	0.0650041
4030	982.648	174	0.0653799
4031	982.891	195	0.0732705
4032	983.135	169	0.0635011
4033	983.379	170	0.0638769
4034	983.623	202	0.0759008
4035	983.867	204	0.0766523
4036	984.111	192	0.0721433
4037	984.355	172	0.0646284
4038	984.599	168	0.0631254
4039	984.842	189	0.0710161
4040	985.086	211	0.0792825
4041	985.330	181	0.0680101
4042	985.574	169	0.0635011
4043	985.818	176	0.0661314
4044	986.062	198	0.0743978
4045	986.306	200	0.0751493
4046	986.549	186	0.0698888
4047	986.793	175	0.0657556
4048	987.037	174	0.0653799
4049	987.281	198	0.0743978
4050	987.525	195	0.0732705
4051	987.769	197	0.074022
4052	988.013	191	0.0717675
4053	988.257	166	0.0623739
4054	988.500	184	0.0691373
4055	988.744	191	0.0717675
4056	988.988	170	0.0638769
4057	989.232	178	0.0668828
4058	989.476	216	0.0811612
4059	989.720	186	0.0698888
4060	989.964	177	0.0665071
4061	990.207	196	0.0736463
4062	990.451	167	0.0627496
4063	990.695	207	0.0777795
4064	990.939	165	0.0619981
4065	991.183	185	0.0695131
4066	991.427	198	0.0743978
4067	991.671	205	0.077028
4068	991.914	171	0.0642526
4069	992.158	184	0.0691373
4070	992.402	191	0.0717675
4071	992.646	163	0.0612467
4072	992.890	181	0.0680101
4073	993.134	209	0.078531
4074	993.378	194	0.0728948
4075	993.622	195	0.0732705
4076	993.865	205	0.077028
4077	994.109	194	0.0728948
4078	994.353	176	0.0661314
4079	994.597	170	0.0638769
4080	994.841	195	0.0732705
4081	995.085	195	0.0732705
4082	995.329	166	0.0623739
4083	995.572	179	0.0672586
4084	995.816	206	0.0774037
4085	996.060	190	0.0713918
4086	996.304	183	0.0687616
4087	996.548	177	0.0665071
4088	996.792	178	0.0668828
4089	997.036	176	0.0661314
4090	997.279	187	0.0702646
4091	997.523	198	0.0743978
4092	997.767	193	0.072519
4093	998.011	177	0.0665071
4094	998.255	170	0.0638769
4095	998.499	165	0.0619981
4096	998.743	157	0.0589922
4097	998.987	182	0.0683858
4098	999.230	182	0.0683858
4099	999.474	183	0.0687616
4100	999.718	166	0.0623739
4101	999.962	173	0.0650041
4102	1000.206	202	0.0759008
4103	1000.450	167	0.0627496
4104	1000.694	177	0.0665071
4105	1000.937	188	0.0706403
4106	1001.181	198	0.0743978
4107	1001.425	181	0.0680101
4108	1001.669	172	0.0646284
4109	1001.913	191	0.0717675
4110	1002.157	182	0.0683858
4111	1002.401	182	0.0683858
4112	1002.645	163	0.0612467
4113	1002.888	199	0.0747735
4114	1003.132	169	0.0635011
4115	1003.376	188	0.0706403
4116	1003.620	180	0.0676343
4117	1003.864	157	0.0589922
4118	1004.108	173	0.0650041
4119	1004.352	187	0.0702646
4120	1004.595	196	0.0736463
4121	1004.839	183	0.0687616
4122	1005.083	210	0.0789067
4123	1005.327	167	0.0627496
4124	1005.571	162	0.0608709
4125	1005.815	164	0.0616224
4126	1006.059	199	0.0747735
4127	1006.302	194	0.0728948
4128	1006.546	171	0.0642526
4129	1006.790	174	0.0653799
4130	1007.034	181	0.0680101
4131	1007.278	174	0.0653799
4132	1007.522	177	0.0665071
4133	1007.766	180	0.0676343
4134	1008.010	171	0.0642526
4135	1008.253	171	0.0642526
4136	1008.497	198	0.0743978
4137	1008.741	161	0.0604952
4138	1008.985	199	0.0747735
4139	1009.229	166	0.0623739
4140	1009.473	195	0.0732705
4141	1009.717	184	0.0691373
4142	1009.960	200	0.0751493
4143	1010.204	205	0.077028
4144	1010.448	174	0.0653799
4145	1010.692	168	0.0631254
4146	1010.936	187	0.0702646
4147	1011.180	164	0.0616224
4148	1011.424	174	0.0653799
4149	1011.668	180	0.0676343
4150	1011.911	171	0.0642526
4151	1012.155	199	0.0747735
4152	1012.399	170	0.0638769
4153	1012.643	180	0.0676343
4154	1012.887	170	0.0638769
4155	1013.131	164	0.0616224
4156	1013.375	169	0.0635011
4157	1013.618	181	0.0680101
4158	1013.862	165	0.0619981
4159	1014.106	172	0.0646284
4160	1014.350	172	0.0646284
4161	1014.594	186	0.0698888
4162	1014.838	185	0.0695131
4163	1015.082	153	0.0574892
4164	1015.325	167	0.0627496
4165	1015.569	183	0.0687616
4166	1015.813	205	0.077028
4167	1016.057	178	0.0668828
4168	1016.301	185	0.0695131
4169	1016.545	165	0.0619981
4170	1016.789	163	0.0612467
4171	1017.033	164	0.0616224
4172	1017.276	179	0.0672586
4173	1017.520	182	0.0683858
4174	1017.764	166	0.0623739
4175	1018.008	172	0.0646284
4176	1018.252	177	0.0665071
4177	1018.496	172	0.0646284
4178	1018.740	164	0.0616224
4179	1018.983	163	0.0612467
4180	1019.227	187	0.0702646
4181	1019.471	175	0.0657556
4182	1019.715	184	0.0691373
4183	1019.959	181	0.0680101
4184	1020.203	170	0.0638769
4185	1020.447	169	0.0635011
4186	1020.690	178	0.0668828
4187	1020.934	195	0.0732705
4188	1021.178	158	0.0593679
4189	1021.422	185	0.0695131
4190	1021.666	208	0.0781552
4191	1021.910	149	0.0559862
4192	1022.154	178	0.0668828
4193	1022.398	164	0.0616224
4194	1022.641	184	0.0691373
4195	1022.885	164	0.0616224
4196	1023.129	162	0.0608709
4197	1023.373	165	0.0619981
4198	1023.617	180	0.0676343
4199	1023.861	168	0.0631254
4200	1024.105	159	0.0597437
4201	1024.348	202	0.0759008
4202	1024.592	176	0.0661314
4203	1024.836	176	0.0661314
4204	1025.080	196	0.0736463
4205	1025.324	164	0.0616224
4206	1025.568	175	0.0657556
4207	1025.812	196	0.0736463
4208	1026.056	155	0.0582407
4209	1026.299	183	0.0687616
4210	1026.543	172	0.0646284
4211	1026.787	162	0.0608709
4212	1027.031	178	0.0668828
4213	1027.275	149	0.0559862
4214	1027.519	183	0.0687616
4215	1027.763	177	0.0665071
4216	1028.006	177	0.0665071
4217	1028.250	193	0.072519
4218	1028.494	168	0.0631254
4219	1028.738	176	0.0661314
4220	1028.982	179	0.0672586
4221	1029.226	194	0.0728948
4222	1029.470	188	0.0706403
4223	1029.713	189	0.0710161
4224	1029.957	206	0.0774037
4225	1030.201	181	0.0680101
4226	1030.445	174	0.0653799
4227	1030.689	140	0.0526045
4228	1030.933	172	0.0646284
4229	1031.177	198	0.0743978
4230	1031.421	189	0.0710161
4231	1031.664	194	0.0728948
4232	1031.908	185	0.0695131
4233	1032.152	161	0.0604952
4234	1032.396	170	0.0638769
4235	1032.640	178	0.0668828
4236	1032.884	179	0.0672586
4237	1033.128	179	0.0672586
4238	1033.371	176	0.0661314
4239	1033.615	199	0.0747735
4240	1033.859	178	0.0668828
4241	1034.103	192	0.0721433
4242	1034.347	204	0.0766523
4243	1034.591	179	0.0672586
4244	1034.835	159	0.0597437
4245	1035.078	188	0.0706403
4246	1035.322	156	0.0586164
4247	1035.566	161	0.0604952
4248	1035.810	178	0.0668828
4249	1036.054	179	0.0672586
4250	1036.298	165	0.0619981
4251	1036.542	171	0.0642526
4252	1036.786	201	0.075525
4253	1037.029	162	0.0608709
4254	1037.273	142	0.053356
4255	1037.517	163	0.0612467
4256	1037.761	162	0.0608709
4257	1038.005	160	0.0601194
4258	1038.249	192	0.0721433
4259	1038.493	194	0.0728948
4260	1038.736	184	0.0691373
4261	1038.980	171	0.0642526
4262	1039.224	163	0.0612467
4263	1039.468	169	0.0635011
4264	1039.712	170	0.0638769
4265	1039.956	152	0.0571134
4266	1040.200	166	0.0623739
4267	1040.444	179	0.0672586
4268	1040.687	175	0.0657556
4269	1040.931	186	0.0698888
4270	1041.175	184	0.0691373
4271	1041.419	156	0.0586164
4272	1041.663	174	0.0653799
4273	1041.907	157	0.0589922
4274	1042.151	195	0.0732705
4275	1042.394	191	0.0717675
4276	1042.638	202	0.0759008
4277	1042.882	191	0.0717675
4278	1043.126	152	0.0571134
4279	1043.370	174	0.0653799
4280	1043.614	186	0.0698888
4281	1043.858	178	0.0668828
4282	1044.101	184	0.0691373
4283	1044.345	169	0.0635011
4284	1044.589	163	0.0612467
4285	1044.833	165	0.0619981
4286	1045.077	184	0.0691373
4287	1045.321	166	0.0623739
4288	1045.565	193	0.072519
4289	1045.809	160	0.0601194
4290	1046.052	149	0.0559862
4291	1046.296	173	0.0650041
4292	1046.540	146	0.054859
4293	1046.784	178	0.0668828
4294	1047.028	162	0.0608709
4295	1047.272	169	0.0635011
4296	1047.516	163	0.0612467
4297	1047.759	167	0.0627496
4298	1048.003	166	0.0623739
4299	1048.247	199	0.0747735
4300	1048.491	172	0.0646284
4301	1048.735	159	0.0597437
4302	1048.979	173	0.0650041
4303	1049.223	147	0.0552347
4304	1049.466	176	0.0661314
4305	1049.710	180	0.0676343
4306	1049.954	174	0.0653799
4307	1050.198	175	0.0657556
4308	1050.442	193	0.072519
4309	1050.686	188	0.0706403
4310	1050.930	154	0.0578649
4311	1051.174	187	0.0702646
4312	1051.417	175	0.0657556
4313	1051.661	191	0.0717675
4314	1051.905	169	0.0635011
4315	1052.149	170	0.0638769
4316	1052.393	170	0.0638769
4317	1052.637	196	0.0736463
4318	1052.881	175	0.0657556
4319	1053.124	178	0.0668828
4320	1053.368	159	0.0597437
4321	1053.612	188	0.0706403
4322	1053.856	174	0.0653799
4323	1054.100	168	0.0631254
4324	1054.344	149	0.0559862
4325	1054.588	164	0.0616224
4326	1054.832	177	0.0665071
4327	1055.075	172	0.0646284
4328	1055.319	163	0.0612467
4329	1055.563	165	0.0619981
4330	1055.807	157	0.0589922
4331	1056.051	176	0.0661314
4332	1056.295	175	0.0657556
4333	1056.539	165	0.0619981
4334	1056.782	183	0.0687616
4335	1057.026	175	0.0657556
4336	1057.270	170	0.0638769
4337	1057.514	166	0.0623739
4338	1057.758	173	0.0650041
4339	1058.002	189	0.0710161
4340	1058.246	165	0.0619981
4341	1058.489	169	0.0635011
4342	1058.733	158	0.0593679
4343	1058.977	163	0.0612467
4344	1059.221	189	0.0710161
4345	1059.465	176	0.0661314
4346	1059.709	177	0.0665071
4347	1059.953	153	0.0574892
4348	1060.197	148	0.0556105
4349	1060.440	169	0.0635011
4350	1060.684	194	0.0728948
4351	1060.928	177	0.0665071
4352	1061.172	163	0.0612467
4353	1061.416	178	0.0668828
4354	1061.660	153	0.0574892
4355	1061.904	186	0.0698888
4356	1062.147	180	0.0676343
4357	1062.391	156	0.0586164
4358	1062.635	166	0.0623739
4359	1062.879	164	0.0616224
4360	1063.123	163	0.0612467
4361	1063.367	162	0.0608709
4362	1063.611	195	0.0732705
4363	1063.855	171	0.0642526
4364	1064.098	167	0.0627496
4365	1064.342	174	0.0653799
4366	1064.586	172	0.0646284
4367	1064.830	182	0.0683858
4368	1065.074	177	0.0665071
4369	1065.318	178	0.0668828
4370	1065.562	175	0.0657556
4371	1065.805	158	0.0593679
4372	1066.049	167	0.0627496
4373	1066.293	179	0.0672586
4374	1066.537	160	0.0601194
4375	1066.781	173	0.0650041
4376	1067.025	163	0.0612467
4377	1067.269	185	0.0695131
4378	1067.512	176	0.0661314
4379	1067.756	173	0.0650041
4380	1068.000	142	0.053356
4381	1068.244	171	0.0642526
4382	1068.488	183	0.0687616
4383	1068.732	154	0.0578649
4384	1068.976	183	0.0687616
4385	1069.220	166	0.0623739
4386	1069.463	167	0.0627496
4387	1069.707	180	0.0676343
4388	1069.951	179	0.0672586
4389	1070.195	188	0.0706403
4390	1070.439	170	0.0638769
4391	1070.683	161	0.0604952
4392	1070.927	184	0.0691373
4393	1071.170	178	0.0668828
4394	1071.414	179	0.0672586
4395	1071.658	184	0.0691373
4396	1071.902	162	0.0608709
4397	1072.146	165	0.0619981
4398	1072.390	163	0.0612467
4399	1072.634	149	0.0559862
4400	1072.877	177	0.0665071
4401	1073.121	195	0.0732705
4402	1073.365	177	0.0665071
4403	1073.609	157	0.0589922
4404	1073.853	156	0.0586164
4405	1074.097	187	0.0702646
4406	1074.341	167	0.0627496
4407	1074.585	190	0.0713918
4408	1074.828	175	0.0657556
4409	1075.072	144	0.0541075
4410	1075.316	186	0.0698888
4411	1075.560	190	0.0713918
4412	1075.804	185	0.0695131
4413	1076.048	163	0.0612467
4414	1076.292	165	0.0619981
4415	1076.535	158	0.0593679
4416	1076.779	169	0.0635011
4417	1077.023	164	0.0616224
4418	1077.267	169	0.0635011
4419	1077.511	171	0.0642526
4420	1077.755	193	0.072519
4421	1077.999	201	0.075525
4422	1078.243	171	0.0642526
4423	1078.486	177	0.0665071
4424	1078.730	189	0.0710161
4425	1078.974	167	0.0627496
4426	1079.218	192	0.0721433
4427	1079.462	150	0.0563619
4428	1079.706	187	0.0702646
4429	1079.950	177	0.0665071
4430	1080.193	179	0.0672586
4431	1080.437	170	0.0638769
4432	1080.681	195	0.0732705
4433	1080.925	181	0.0680101
4434	1081.169	179	0.0672586
4435	1081.413	174	0.0653799
4436	1081.657	163	0.0612467
4437	1081.900	181	0.0680101
4438	1082.144	162	0.0608709
4439	1082.388	168	0.0631254
4440	1082.632	166	0.0623739
4441	1082.876	186	0.0698888
4442	1083.120	177	0.0665071
4443	1083.364	179	0.0672586
4444	1083.608	190	0.0713918
4445	1083.851	172	0.0646284
4446	1084.095	175	0.0657556
4447	1084.339	183	0.0687616
4448	1084.583	164	0.0616224
4449	1084.827	179	0.0672586
4450	1085.071	190	0.0713918
4451	1085.315	170	0.0638769
4452	1085.558	188	0.0706403
4453	1085.802	171	0.0642526
4454	1086.046	133	0.0499743
4455	1086.290	193	0.072519
4456	1086.534	160	0.0601194
4457	1086.778	164	0.0616224
4458	1087.022	191	0.0717675
4459	1087.265	153	0.0574892
4460	1087.509	173	0.0650041
4461	1087.753	199	0.0747735
4462	1087.997	171	0.0642526
4463	1088.241	152	0.0571134
4464	1088.485	191	0.0717675
4465	1088.729	172	0.0646284
4466	1088.973	163	0.0612467
4467	1089.216	186	0.0698888
4468	1089.460	173	0.0650041
4469	1089.704	193	0.072519
4470	1089.948	192	0.0721433
4471	1090.192	165	0.0619981
4472	1090.436	167	0.0627496
4473	1090.680	186	0.0698888
4474	1090.923	168	0.0631254
4475	1091.167	165	0.0619981
4476	1091.411	174	0.0653799
4477	1091.655	196	0.0736463
4478	1091.899	171	0.0642526
4479	1092.143	174	0.0653799
4480	1092.387	178	0.0668828
4481	1092.631	170	0.0638769
4482	1092.874	188	0.0706403
4483	1093.118	160	0.0601194
4484	1093.362	176	0.0661314
4485	1093.606	200	0.0751493
4486	1093.850	181	0.0680101
4487	1094.094	176	0.0661314
4488	1094.338	180	0.0676343
4489	1094.581	165	0.0619981
4490	1094.825	161	0.0604952
4491	1095.069	162	0.0608709
4492	1095.313	161	0.0604952
4493	1095.557	204	0.0766523
4494	1095.801	173	0.0650041
4495	1096.045	188	0.0706403
4496	1096.288	188	0.0706403
4497	1096.532	174	0.0653799
4498	1096.776	173	0.0650041
4499	1097.020	184	0.0691373
4500	1097.264	177	0.0665071
4501	1097.508	183	0.0687616
4502	1097.752	174	0.0653799
4503	1097.996	202	0.0759008
4504	1098.239	145	0.0544832
4505	1098.483	191	0.0717675
4506	1098.727	186	0.0698888
4507	1098.971	180	0.0676343
4508	1099.215	180	0.0676343
4509	1099.459	177	0.0665071
4510	1099.703	165	0.0619981
4511	1099.946	163	0.0612467
4512	1100.190	188	0.0706403
4513	1100.434	161	0.0604952
4514	1100.678	191	0.0717675
4515	1100.922	172	0.0646284
4516	1101.166	213	0.080034
4517	1101.410	175	0.0657556
4518	1101.653	179	0.0672586
4519	1101.897	162	0.0608709
4520	1102.141	182	0.0683858
4521	1102.385	186	0.0698888
4522	1102.629	187	0.0702646
4523	1102.873	152	0.0571134
4524	1103.117	177	0.0665071
4525	1103.361	170	0.0638769
4526	1103.604	180	0.0676343
4527	1103.848	192	0.0721433
4528	1104.092	189	0.0710161
4529	1104.336	170	0.0638769
4530	1104.580	190	0.0713918
4531	1104.824	184	0.0691373
4532	1105.068	171	0.0642526
4533	1105.311	197	0.074022
4534	1105.555	156	0.0586164
4535	1105.799	167	0.0627496
4536	1106.043	206	0.0774037
4537	1106.287	188	0.0706403
4538	1106.531	190	0.0713918
4539	1106.775	187	0.0702646
4540	1107.019	163	0.0612467
4541	1107.262	165	0.0619981
4542	1107.506	188	0.0706403
4543	1107.750	176	0.0661314
4544	1107.994	185	0.0695131
4545	1108.238	196	0.0736463
4546	1108.482	184	0.0691373
4547	1108.726	183	0.0687616
4548	1108.969	182	0.0683858
4549	1109.213	182	0.0683858
4550	1109.457	177	0.0665071
4551	1109.701	181	0.0680101
4552	1109.945	176	0.0661314
4553	1110.189	204	0.0766523
4554	1110.433	177	0.0665071
4555	1110.676	191	0.0717675
4556	1110.920	175	0.0657556
4557	1111.164	185	0.0695131
4558	1111.408	198	0.0743978
4559	1111.652	206	0.0774037
4560	1111.896	172	0.0646284
4561	1112.140	163	0.0612467
4562	1112.384	198	0.0743978
4563	1112.627	180	0.0676343
4564	1112.871	196	0.0736463
4565	1113.115	166	0.0623739
4566	1113.359	192	0.0721433
4567	1113.603	163	0.0612467
4568	1113.847	196	0.0736463
4569	1114.091	171	0.0642526
4570	1114.334	159	0.0597437
4571	1114.578	166	0.0623739
4572	1114.822	175	0.0657556
4573	1115.066	182	0.0683858
4574	1115.310	169	0.0635011
4575	1115.554	183	0.0687616
4576	1115.798	171	0.0642526
4577	1116.042	159	0.0597437
4578	1116.285	178	0.0668828
4579	1116.529	166	0.0623739
4580	1116.773	174	0.0653799
4581	1117.017	151	0.0567377
4582	1117.261	194	0.0728948
4583	1117.505	158	0.0593679
4584	1117.749	158	0.0593679
4585	1117.992	162	0.0608709
4586	1118.236	189	0.0710161
4587	1118.480	170	0.0638769
4588	1118.724	178	0.0668828
4589	1118.968	182	0.0683858
4590	1119.212	185	0.0695131
4591	1119.456	182	0.0683858
4592	1119.699	155	0.0582407
4593	1119.943	177	0.0665071
4594	1120.187	158	0.0593679
4595	1120.431	148	0.0556105
4596	1120.675	143	0.0537317
4597	1120.919	166	0.0623739
4598	1121.163	160	0.0601194
4599	1121.407	120	0.0450896
4600	1121.650	133	0.0499743
4601	1121.894	173	0.0650041
4602	1122.138	143	0.0537317
4603	1122.382	163	0.0612467
4604	1122.626	167	0.0627496
4605	1122.870	139	0.0522287
4606	1123.114	153	0.0574892
4607	1123.357	144	0.0541075
4608	1123.601	154	0.0578649
4609	1123.845	133	0.0499743
4610	1124.089	153	0.0574892
4611	1124.333	150	0.0563619
4612	1124.577	150	0.0563619
4613	1124.821	124	0.0465925
4614	1125.064	135	0.0507258
4615	1125.308	128	0.0480955
4616	1125.552	127	0.0477198
4617	1125.796	154	0.0578649
4618	1126.040	142	0.053356
4619	1126.284	148	0.0556105
4620	1126.528	126	0.047344
4621	1126.772	139	0.0522287
4622	1127.015	133	0.0499743
4623	1127.259	134	0.05035
4624	1127.503	137	0.0514772
4625	1127.747	120	0.0450896
4626	1127.991	125	0.0469683
4627	1128.235	161	0.0604952
4628	1128.479	132	0.0495985
4629	1128.722	139	0.0522287
4630	1128.966	139	0.0522287
4631	1129.210	141	0.0529802
4632	1129.454	127	0.0477198
4633	1129.698	129	0.0484713
4634	1129.942	141	0.0529802
4635	1130.186	130	0.048847
4636	1130.430	137	0.0514772
4637	1130.673	126	0.047344
4638	1130.917	127	0.0477198
4639	1131.161	132	0.0495985
4640	1131.405	136	0.0511015
4641	1131.649	116	0.0435866
4642	1131.893	136	0.0511015
4643	1132.137	124	0.0465925
4644	1132.380	120	0.0450896
4645	1132.624	128	0.0480955
4646	1132.868	129	0.0484713
4647	1133.112	145	0.0544832
4648	1133.356	129	0.0484713
4649	1133.600	136	0.0511015
4650	1133.844	129	0.0484713
4651	1134.087	134	0.05035
4652	1134.331	130	0.048847
4653	1134.575	131	0.0492228
4654	1134.819	122	0.0458411
4655	1135.063	138	0.051853
4656	1135.307	133	0.0499743
4657	1135.551	112	0.0420836
4658	1135.795	134	0.05035
4659	1136.038	161	0.0604952
4660	1136.282	120	0.0450896
4661	1136.526	114	0.0428351
4662	1136.770	118	0.0443381
4663	1137.014	122	0.0458411
4664	1137.258	132	0.0495985
4665	1137.502	136	0.0511015
4666	1137.745	129	0.0484713
4667	1137.989	115	0.0432108
4668	1138.233	127	0.0477198
4669	1138.477	136	0.0511015
4670	1138.721	127	0.0477198
4671	1138.965	158	0.0593679
4672	1139.209	107	0.0402049
4673	1139.452	141	0.0529802
4674	1139.696	116	0.0435866
4675	1139.940	127	0.0477198
4676	1140.184	131	0.0492228
4677	1140.428	130	0.048847
4678	1140.672	123	0.0462168
4679	1140.916	123	0.0462168
4680	1141.160	149	0.0559862
4681	1141.403	133	0.0499743
4682	1141.647	119	0.0447138
4683	1141.891	144	0.0541075
4684	1142.135	140	0.0526045
4685	1142.379	113	0.0424593
4686	1142.623	109	0.0409563
4687	1142.867	118	0.0443381
4688	1143.110	122	0.0458411
4689	1143.354	142	0.053356
4690	1143.598	119	0.0447138
4691	1143.842	125	0.0469683
4692	1144.086	131	0.0492228
4693	1144.330	128	0.0480955
4694	1144.574	121	0.0454653
4695	1144.818	137	0.0514772
4696	1145.061	124	0.0465925
4697	1145.305	111	0.0417078
4698	1145.549	118	0.0443381
4699	1145.793	104	0.0390776
4700	1146.037	132	0.0495985
4701	1146.281	124	0.0465925
4702	1146.525	131	0.0492228
4703	1146.768	111	0.0417078
4704	1147.012	131	0.0492228
4705	1147.256	134	0.05035
4706	1147.500	115	0.0432108
4707	1147.744	140	0.0526045
4708	1147.988	98	0.0368231
4709	1148.232	123	0.0462168
4710	1148.475	137	0.0514772
4711	1148.719	119	0.0447138
4712	1148.963	132	0.0495985
4713	1149.207	131	0.0492228
4714	1149.451	121	0.0454653
4715	1149.695	132	0.0495985
4716	1149.939	111	0.0417078
4717	1150.183	105	0.0394534
4718	1150.426	135	0.0507258
4719	1150.670	121	0.0454653
4720	1150.914	144	0.0541075
4721	1151.158	132	0.0495985
4722	1151.402	113	0.0424593
4723	1151.646	129	0.0484713
4724	1151.890	130	0.048847
4725	1152.133	131	0.0492228
4726	1152.377	118	0.0443381
4727	1152.621	108	0.0405806
4728	1152.865	116	0.0435866
4729	1153.109	133	0.0499743
4730	1153.353	113	0.0424593
4731	1153.597	117	0.0439623
4732	1153.841	119	0.0447138
4733	1154.084	131	0.0492228
4734	1154.328	119	0.0447138
4735	1154.572	112	0.0420836
4736	1154.816	122	0.0458411
4737	1155.060	114	0.0428351
4738	1155.304	127	0.0477198
4739	1155.548	128	0.0480955
4740	1155.791	128	0.0480955
4741	1156.035	112	0.0420836
4742	1156.279	130	0.048847
4743	1156.523	127	0.0477198
4744	1156.767	102	0.0383261
4745	1157.011	120	0.0450896
4746	1157.255	108	0.0405806
4747	1157.498	123	0.0462168
4748	1157.742	115	0.0432108
4749	1157.986	122	0.0458411
4750	1158.230	113	0.0424593
4751	1158.474	138	0.051853
4752	1158.718	114	0.0428351
4753	1158.962	112	0.0420836
4754	1159.206	110	0.0413321
4755	1159.449	96	0.0360716
4756	1159.693	125	0.0469683
4757	1159.937	118	0.0443381
4758	1160.181	113	0.0424593
4759	1160.425	130	0.048847
4760	1160.669	115	0.0432108
4761	1160.913	128	0.0480955
4762	1161.156	116	0.0435866
4763	1161.400	123	0.0462168
4764	1161.644	104	0.0390776
4765	1161.888	106	0.0398291
4766	1162.132	126	0.047344
4767	1162.376	123	0.0462168
4768	1162.620	121	0.0454653
4769	1162.863	112	0.0420836
4770	1163.107	121	0.0454653
4771	1163.351	112	0.0420836
4772	1163.595	115	0.0432108
4773	1163.839	110	0.0413321
4774	1164.083	115	0.0432108
4775	1164.327	134	0.05035
4776	1164.571	101	0.0379504
4777	1164.814	117	0.0439623
4778	1165.058	124	0.0465925
4779	1165.302	130	0.048847
4780	1165.546	120	0.0450896
4781	1165.790	123	0.0462168
4782	1166.034	124	0.0465925
4783	1166.278	108	0.0405806
4784	1166.521	103	0.0387019
4785	1166.765	130	0.048847
4786	1167.009	129	0.0484713
4787	1167.253	115	0.0432108
4788	1167.497	121	0.0454653
4789	1167.741	137	0.0514772
4790	1167.985	114	0.0428351
4791	1168.229	117	0.0439623
4792	1168.472	128	0.0480955
4793	1168.716	115	0.0432108
4794	1168.960	110	0.0413321
4795	1169.204	127	0.0477198
4796	1169.448	113	0.0424593
4797	1169.692	124	0.0465925
4798	1169.936	123	0.0462168
4799	1170.179	121	0.0454653
4800	1170.423	116	0.0435866
4801	1170.667	118	0.0443381
4802	1170.911	117	0.0439623
4803	1171.155	161	0.0604952
4804	1171.399	157	0.0589922
4805	1171.643	219	0.0822884
4806	1171.886	313	0.117609
4807	1172.130	429	0.161195
4808	1172.374	699	0.262647
4809	1172.618	1137	0.427224
4810	1172.862	1694	0.636514
4811	1173.106	2540	0.954396
4812	1173.350	3590	1.34893
4813	1173.594	4543	1.70702
4814	1173.837	5492	2.0636
4815	1174.081	6209	2.33301
4816	1174.325	6316	2.37321
4817	1174.569	6120	2.29957
4818	1174.813	5225	1.96327
4819	1175.057	4195	1.57626
4820	1175.301	3232	1.21441
4821	1175.544	2245	0.843551
4822	1175.788	1487	0.558735
4823	1176.032	937	0.352074
4824	1176.276	594	0.223193
4825	1176.520	303	0.113851
4826	1176.764	224	0.0841672
4827	1177.008	181	0.0680101
4828	1177.251	112	0.0420836
4829	1177.495	113	0.0424593
4830	1177.739	113	0.0424593
4831	1177.983	127	0.0477198
4832	1178.227	119	0.0447138
4833	1178.471	84	0.0315627
4834	1178.715	121	0.0454653
4835	1178.959	126	0.047344
4836	1179.202	108	0.0405806
4837	1179.446	114	0.0428351
4838	1179.690	111	0.0417078
4839	1179.934	120	0.0450896
4840	1180.178	122	0.0458411
4841	1180.422	109	0.0409563
4842	1180.666	112	0.0420836
4843	1180.909	116	0.0435866
4844	1181.153	127	0.0477198
4845	1181.397	93	0.0349444
4846	1181.641	106	0.0398291
4847	1181.885	110	0.0413321
4848	1182.129	119	0.0447138
4849	1182.373	125	0.0469683
4850	1182.617	124	0.0465925
4851	1182.860	129	0.0484713
4852	1183.104	117	0.0439623
4853	1183.348	110	0.0413321
4854	1183.592	102	0.0383261
4855	1183.836	114	0.0428351
4856	1184.080	118	0.0443381
4857	1184.324	109	0.0409563
4858	1184.567	127	0.0477198
4859	1184.811	114	0.0428351
4860	1185.055	112	0.0420836
4861	1185.299	117	0.0439623
4862	1185.543	121	0.0454653
4863	1185.787	118	0.0443381
4864	1186.031	101	0.0379504
4865	1186.274	115	0.0432108
4866	1186.518	108	0.0405806
4867	1186.762	104	0.0390776
4868	1187.006	115	0.0432108
4869	1187.250	114	0.0428351
4870	1187.494	111	0.0417078
4871	1187.738	123	0.0462168
4872	1187.982	92	0.0345687
4873	1188.225	118	0.0443381
4874	1188.469	91	0.0341929
4875	1188.713	106	0.0398291
4876	1188.957	106	0.0398291
4877	1189.201	95	0.0356959
4878	1189.445	120	0.0450896
4879	1189.689	101	0.0379504
4880	1189.932	112	0.0420836
4881	1190.176	119	0.0447138
4882	1190.420	112	0.0420836
4883	1190.664	83	0.0311869
4884	1190.908	108	0.0405806
4885	1191.152	108	0.0405806
4886	1191.396	105	0.0394534
4887	1191.639	104	0.0390776
4888	1191.883	129	0.0484713
4889	1192.127	92	0.0345687
4890	1192.371	107	0.0402049
4891	1192.615	119	0.0447138
4892	1192.859	115	0.0432108
4893	1193.103	109	0.0409563
4894	1193.347	102	0.0383261
4895	1193.590	103	0.0387019
4896	1193.834	104	0.0390776
4897	1194.078	118	0.0443381
4898	1194.322	95	0.0356959
4899	1194.566	93	0.0349444
4900	1194.810	98	0.0368231
4901	1195.054	98	0.0368231
4902	1195.297	117	0.0439623
4903	1195.541	102	0.0383261
4904	1195.785	108	0.0405806
4905	1196.029	127	0.0477198
4906	1196.273	115	0.0432108
4907	1196.517	114	0.0428351
4908	1196.761	109	0.0409563
4909	1197.005	113	0.0424593
4910	1197.248	103	0.0387019
4911	1197.492	103	0.0387019
4912	1197.736	103	0.0387019
4913	1197.980	100	0.0375746
4914	1198.224	96	0.0360716
4915	1198.468	92	0.0345687
4916	1198.712	96	0.0360716
4917	1198.955	85	0.0319384
4918	1199.199	102	0.0383261
4919	1199.443	107	0.0402049
4920	1199.687	106	0.0398291
4921	1199.931	99	0.0371989
4922	1200.175	93	0.0349444
4923	1200.419	82	0.0308112
4924	1200.662	78	0.0293082
4925	1200.906	100	0.0375746
4926	1201.150	92	0.0345687
4927	1201.394	107	0.0402049
4928	1201.638	78	0.0293082
4929	1201.882	85	0.0319384
4930	1202.126	114	0.0428351
4931	1202.370	84	0.0315627
4932	1202.613	86	0.0323142
4933	1202.857	89	0.0334414
4934	1203.101	91	0.0341929
4935	1203.345	83	0.0311869
4936	1203.589	86	0.0323142
4937	1203.833	81	0.0304355
4938	1204.077	78	0.0293082
4939	1204.320	91	0.0341929
4940	1204.564	100	0.0375746
4941	1204.808	94	0.0353202
4942	1205.052	96	0.0360716
4943	1205.296	82	0.0308112
4944	1205.540	88	0.0330657
4945	1205.784	94	0.0353202
4946	1206.028	79	0.029684
4947	1206.271	91	0.0341929
4948	1206.515	98	0.0368231
4949	1206.759	91	0.0341929
4950	1207.003	91	0.0341929
4951	1207.247	70	0.0263022
4952	1207.491	93	0.0349444
4953	1207.735	67	0.025175
4954	1207.978	95	0.0356959
4955	1208.222	93	0.0349444
4956	1208.466	102	0.0383261
4957	1208.710	93	0.0349444
4958	1208.954	90	0.0338172
4959	1209.198	91	0.0341929
4960	1209.442	91	0.0341929
4961	1209.685	98	0.0368231
4962	1209.929	81	0.0304355
4963	1210.173	96	0.0360716
4964	1210.417	92	0.0345687
4965	1210.661	94	0.0353202
4966	1210.905	82	0.0308112
4967	1211.149	94	0.0353202
4968	1211.393	91	0.0341929
4969	1211.636	91	0.0341929
4970	1211.880	94	0.0353202
4971	1212.124	88	0.0330657
4972	1212.368	81	0.0304355
4973	1212.612	83	0.0311869
4974	1212.856	82	0.0308112
4975	1213.100	87	0.0326899
4976	1213.343	93	0.0349444
4977	1213.587	79	0.029684
4978	1213.831	79	0.029684
4979	1214.075	85	0.0319384
4980	1214.319	78	0.0293082
4981	1214.563	91	0.0341929
4982	1214.807	75	0.028181
4983	1215.050	82	0.0308112
4984	1215.294	82	0.0308112
4985	1215.538	73	0.0274295
4986	1215.782	105	0.0394534
4987	1216.026	92	0.0345687
4988	1216.270	81	0.0304355
4989	1216.514	83	0.0311869
4990	1216.758	87	0.0326899
4991	1217.001	72	0.0270537
4992	1217.245	78	0.0293082
4993	1217.489	88	0.0330657
4994	1217.733	70	0.0263022
4995	1217.977	79	0.029684
4996	1218.221	81	0.0304355
4997	1218.465	102	0.0383261
4998	1218.708	69	0.0259265
4999	1218.952	66	0.0247993
5000	1219.196	91	0.0341929
5001	1219.440	84	0.0315627
5002	1219.684	97	0.0364474
5003	1219.928	75	0.028181
5004	1220.172	83	0.0311869
5005	1220.416	78	0.0293082
5006	1220.659	79	0.029684
5007	1220.903	81	0.0304355
5008	1221.147	75	0.028181
5009	1221.391	78	0.0293082
5010	1221.635	92	0.0345687
5011	1221.879	83	0.0311869
5012	1222.123	92	0.0345687
5013	1222.366	80	0.0300597
5014	1222.610	71	0.026678
5015	1222.854	79	0.029684
5016	1223.098	69	0.0259265
5017	1223.342	74	0.0278052
5018	1223.586	71	0.026678
5019	1223.830	86	0.0323142
5020	1224.073	91	0.0341929
5021	1224.317	87	0.0326899
5022	1224.561	85	0.0319384
5023	1224.805	87	0.0326899
5024	1225.049	81	0.0304355
5025	1225.293	93	0.0349444
5026	1225.537	95	0.0356959
5027	1225.781	80	0.0300597
5028	1226.024	78	0.0293082
5029	1226.268	82	0.0308112
5030	1226.512	75	0.028181
5031	1226.756	79	0.029684
5032	1227.000	96	0.0360716
5033	1227.244	78	0.0293082
5034	1227.488	79	0.029684
5035	1227.731	103	0.0387019
5036	1227.975	71	0.026678
5037	1228.219	77	0.0289325
5038	1228.463	83	0.0311869
5039	1228.707	80	0.0300597
5040	1228.951	66	0.0247993
5041	1229.195	81	0.0304355
5042	1229.438	87	0.0326899
5043	1229.682	76	0.0285567
5044	1229.926	68	0.0255508
5045	1230.170	83	0.0311869
5046	1230.414	89	0.0334414
5047	1230.658	83	0.0311869
5048	1230.902	95	0.0356959
5049	1231.146	84	0.0315627
5050	1231.389	62	0.0232963
5051	1231.633	87	0.0326899
5052	1231.877	87	0.0326899
5053	1232.121	71	0.026678
5054	1232.365	87	0.0326899
5055	1232.609	84	0.0315627
5056	1232.853	73	0.0274295
5057	1233.096	83	0.0311869
5058	1233.340	72	0.0270537
5059	1233.584	95	0.0356959
5060	1233.828	76	0.0285567
5061	1234.072	63	0.023672
5062	1234.316	76	0.0285567
5063	1234.560	88	0.0330657
5064	1234.804	81	0.0304355
5065	1235.047	73	0.0274295
5066	1235.291	70	0.0263022
5067	1235.535	81	0.0304355
5068	1235.779	84	0.0315627
5069	1236.023	77	0.0289325
5070	1236.267	77	0.0289325
5071	1236.511	78	0.0293082
5072	1236.754	91	0.0341929
5073	1236.998	81	0.0304355
5074	1237.242	84	0.0315627
5075	1237.486	81	0.0304355
5076	1237.730	82	0.0308112
5077	1237.974	70	0.0263022
5078	1238.218	90	0.0338172
5079	1238.461	71	0.026678
5080	1238.705	93	0.0349444
5081	1238.949	76	0.0285567
5082	1239.193	86	0.0323142
5083	1239.437	75	0.028181
5084	1239.681	67	0.025175
5085	1239.925	78	0.0293082
5086	1240.169	68	0.0255508
5087	1240.412	74	0.0278052
5088	1240.656	78	0.0293082
5089	1240.900	93	0.0349444
5090	1241.144	66	0.0247993
5091	1241.388	74	0.0278052
5092	1241.632	81	0.0304355
5093	1241.876	71	0.026678
5094	1242.119	79	0.029684
5095	1242.363	74	0.0278052
5096	1242.607	60	0.0225448
5097	1242.851	65	0.0244235
5098	1243.095	65	0.0244235
5099	1243.339	94	0.0353202
5100	1243.583	81	0.0304355
5101	1243.826	102	0.0383261
5102	1244.070	71	0.026678
5103	1244.314	94	0.0353202
5104	1244.558	79	0.029684
5105	1244.802	73	0.0274295
5106	1245.046	81	0.0304355
5107	1245.290	71	0.026678
5108	1245.534	80	0.0300597
5109	1245.777	70	0.0263022
5110	1246.021	68	0.0255508
5111	1246.265	81	0.0304355
5112	1246.509	66	0.0247993
5113	1246.753	73	0.0274295
5114	1246.997	74	0.0278052
5115	1247.241	73	0.0274295
5116	1247.484	74	0.0278052
5117	1247.728	94	0.0353202
5118	1247.972	97	0.0364474
5119	1248.216	79	0.029684
5120	1248.460	72	0.0270537
5121	1248.704	61	0.0229205
5122	1248.948	74	0.0278052
5123	1249.192	84	0.0315627
5124	1249.435	77	0.0289325
5125	1249.679	69	0.0259265
5126	1249.923	61	0.0229205
5127	1250.167	79	0.029684
5128	1250.411	71	0.026678
5129	1250.655	80	0.0300597
5130	1250.899	72	0.0270537
5131	1251.142	75	0.028181
5132	1251.386	85	0.0319384
5133	1251.630	81	0.0304355
5134	1251.874	74	0.0278052
5135	1252.118	76	0.0285567
5136	1252.362	75	0.028181
5137	1252.606	76	0.0285567
5138	1252.849	71	0.026678
5139	1253.093	87	0.0326899
5140	1253.337	63	0.023672
5141	1253.581	74	0.0278052
5142	1253.825	70	0.0263022
5143	1254.069	66	0.0247993
5144	1254.313	74	0.0278052
5145	1254.557	80	0.0300597
5146	1254.800	82	0.0308112
5147	1255.044	53	0.0199146
5148	1255.288	80	0.0300597
5149	1255.532	72	0.0270537
5150	1255.776	73	0.0274295
5151	1256.020	73	0.0274295
5152	1256.264	73	0.0274295
5153	1256.507	72	0.0270537
5154	1256.751	80	0.0300597
5155	1256.995	91	0.0341929
5156	1257.239	74	0.0278052
5157	1257.483	75	0.028181
5158	1257.727	72	0.0270537
5159	1257.971	93	0.0349444
5160	1258.215	77	0.0289325
5161	1258.458	69	0.0259265
5162	1258.702	82	0.0308112
5163	1258.946	77	0.0289325
5164	1259.190	64	0.0240478
5165	1259.434	77	0.0289325
5166	1259.678	56	0.0210418
5167	1259.922	79	0.029684
5168	1260.165	83	0.0311869
5169	1260.409	69	0.0259265
5170	1260.653	70	0.0263022
5171	1260.897	65	0.0244235
5172	1261.141	81	0.0304355
5173	1261.385	83	0.0311869
5174	1261.629	72	0.0270537
5175	1261.872	78	0.0293082
5176	1262.116	79	0.029684
5177	1262.360	91	0.0341929
5178	1262.604	86	0.0323142
5179	1262.848	70	0.0263022
5180	1263.092	71	0.026678
5181	1263.336	76	0.0285567
5182	1263.580	73	0.0274295
5183	1263.823	81	0.0304355
5184	1264.067	75	0.028181
5185	1264.311	63	0.023672
5186	1264.555	89	0.0334414
5187	1264.799	79	0.029684
5188	1265.043	77	0.0289325
5189	1265.287	79	0.029684
5190	1265.530	85	0.0319384
5191	1265.774	74	0.0278052
5192	1266.018	62	0.0232963
5193	1266.262	67	0.025175
5194	1266.506	76	0.0285567
5195	1266.750	84	0.0315627
5196	1266.994	68	0.0255508
5197	1267.237	81	0.0304355
5198	1267.481	79	0.029684
5199	1267.725	75	0.028181
5200	1267.969	80	0.0300597
5201	1268.213	71	0.026678
5202	1268.457	67	0.025175
5203	1268.701	65	0.0244235
5204	1268.945	86	0.0323142
5205	1269.188	70	0.0263022
5206	1269.432	66	0.0247993
5207	1269.676	70	0.0263022
5208	1269.920	82	0.0308112
5209	1270.164	62	0.0232963
5210	1270.408	75	0.028181
5211	1270.652	75	0.028181
5212	1270.895	76	0.0285567
5213	1271.139	76	0.0285567
5214	1271.383	67	0.025175
5215	1271.627	74	0.0278052
5216	1271.871	63	0.023672
5217	1272.115	100	0.0375746
5218	1272.359	75	0.028181
5219	1272.603	82	0.0308112
5220	1272.846	85	0.0319384
5221	1273.090	84	0.0315627
5222	1273.334	80	0.0300597
5223	1273.578	78	0.0293082
5224	1273.822	76	0.0285567
5225	1274.066	88	0.0330657
5226	1274.310	77	0.0289325
5227	1274.553	67	0.025175
5228	1274.797	74	0.0278052
5229	1275.041	92	0.0345687
5230	1275.285	78	0.0293082
5231	1275.529	62	0.0232963
5232	1275.773	91	0.0341929
5233	1276.017	81	0.0304355
5234	1276.260	70	0.0263022
5235	1276.504	85	0.0319384
5236	1276.748	78	0.0293082
5237	1276.992	70	0.0263022
5238	1277.236	64	0.0240478
5239	1277.480	70	0.0263022
5240	1277.724	74	0.0278052
5241	1277.968	88	0.0330657
5242	1278.211	79	0.029684
5243	1278.455	84	0.0315627
5244	1278.699	77	0.0289325
5245	1278.943	80	0.0300597
5246	1279.187	64	0.0240478
5247	1279.431	77	0.0289325
5248	1279.675	63	0.023672
5249	1279.918	85	0.0319384
5250	1280.162	59	0.022169
5251	1280.406	84	0.0315627
5252	1280.650	82	0.0308112
5253	1280.894	83	0.0311869
5254	1281.138	98	0.0368231
5255	1281.382	82	0.0308112
5256	1281.625	75	0.028181
5257	1281.869	65	0.0244235
5258	1282.113	79	0.029684
5259	1282.357	86	0.0323142
5260	1282.601	82	0.0308112
5261	1282.845	80	0.0300597
5262	1283.089	85	0.0319384
5263	1283.333	76	0.0285567
5264	1283.576	65	0.0244235
5265	1283.820	68	0.0255508
5266	1284.064	68	0.0255508
5267	1284.308	86	0.0323142
5268	1284.552	77	0.0289325
5269	1284.796	63	0.023672
5270	1285.040	88	0.0330657
5271	1285.283	89	0.0334414
5272	1285.527	70	0.0263022
5273	1285.771	67	0.025175
5274	1286.015	81	0.0304355
5275	1286.259	71	0.026678
5276	1286.503	87	0.0326899
5277	1286.747	58	0.0217933
5278	1286.991	71	0.026678
5279	1287.234	79	0.029684
5280	1287.478	74	0.0278052
5281	1287.722	85	0.0319384
5282	1287.966	67	0.025175
5283	1288.210	84	0.0315627
5284	1288.454	74	0.0278052
5285	1288.698	72	0.0270537
5286	1288.941	67	0.025175
5287	1289.185	82	0.0308112
5288	1289.429	72	0.0270537
5289	1289.673	78	0.0293082
5290	1289.917	80	0.0300597
5291	1290.161	68	0.0255508
5292	1290.405	61	0.0229205
5293	1290.648	97	0.0364474
5294	1290.892	73	0.0274295
5295	1291.136	71	0.026678
5296	1291.380	79	0.029684
5297	1291.624	85	0.0319384
5298	1291.868	82	0.0308112
5299	1292.112	94	0.0353202
5300	1292.356	80	0.0300597
5301	1292.599	74	0.0278052
5302	1292.843	76	0.0285567
5303	1293.087	81	0.0304355
5304	1293.331	70	0.0263022
5305	1293.575	77	0.0289325
5306	1293.819	73	0.0274295
5307	1294.063	76	0.0285567
5308	1294.306	90	0.0338172
5309	1294.550	81	0.0304355
5310	1294.794	91	0.0341929
5311	1295.038	79	0.029684
5312	1295.282	93	0.0349444
5313	1295.526	65	0.0244235
5314	1295.770	91	0.0341929
5315	1296.013	68	0.0255508
5316	1296.257	87	0.0326899
5317	1296.501	84	0.0315627
5318	1296.745	94	0.0353202
5319	1296.989	76	0.0285567
5320	1297.233	86	0.0323142
5321	1297.477	67	0.025175
5322	1297.721	84	0.0315627
5323	1297.964	86	0.0323142
5324	1298.208	76	0.0285567
5325	1298.452	92	0.0345687
5326	1298.696	63	0.023672
5327	1298.940	85	0.0319384
5328	1299.184	89	0.0334414
5329	1299.428	81	0.0304355
5330	1299.671	70	0.0263022
5331	1299.915	88	0.0330657
5332	1300.159	81	0.0304355
5333	1300.403	76	0.0285567
5334	1300.647	70	0.0263022
5335	1300.891	77	0.0289325
5336	1301.135	72	0.0270537
5337	1301.379	80	0.0300597
5338	1301.622	69	0.0259265
5339	1301.866	70	0.0263022
5340	1302.110	66	0.0247993
5341	1302.354	75	0.028181
5342	1302.598	85	0.0319384
5343	1302.842	72	0.0270537
5344	1303.086	64	0.0240478
5345	1303.329	63	0.023672
5346	1303.573	64	0.0240478
5347	1303.817	74	0.0278052
5348	1304.061	66	0.0247993
5349	1304.305	93	0.0349444
5350	1304.549	73	0.0274295
5351	1304.793	73	0.0274295
5352	1305.036	92	0.0345687
5353	1305.280	81	0.0304355
5354	1305.524	84	0.0315627
5355	1305.768	77	0.0289325
5356	1306.012	63	0.023672
5357	1306.256	83	0.0311869
5358	1306.500	76	0.0285567
5359	1306.744	61	0.0229205
5360	1306.987	84	0.0315627
5361	1307.231	92	0.0345687
5362	1307.475	76	0.0285567
5363	1307.719	60	0.0225448
5364	1307.963	91	0.0341929
5365	1308.207	73	0.0274295
5366	1308.451	84	0.0315627
5367	1308.694	94	0.0353202
5368	1308.938	73	0.0274295
5369	1309.182	80	0.0300597
5370	1309.426	79	0.029684
5371	1309.670	69	0.0259265
5372	1309.914	74	0.0278052
5373	1310.158	80	0.0300597
5374	1310.402	87	0.0326899
5375	1310.645	75	0.028181
5376	1310.889	79	0.029684
5377	1311.133	84	0.0315627
5378	1311.377	65	0.0244235
5379	1311.621	85	0.0319384
5380	1311.865	85	0.0319384
5381	1312.109	66	0.0247993
5382	1312.352	73	0.0274295
5383	1312.596	78	0.0293082
5384	1312.840	73	0.0274295
5385	1313.084	81	0.0304355
5386	1313.328	79	0.029684
5387	1313.572	74	0.0278052
5388	1313.816	86	0.0323142
5389	1314.059	76	0.0285567
5390	1314.303	84	0.0315627
5391	1314.547	66	0.0247993
5392	1314.791	88	0.0330657
5393	1315.035	92	0.0345687
5394	1315.279	68	0.0255508
5395	1315.523	69	0.0259265
5396	1315.767	82	0.0308112
5397	1316.010	68	0.0255508
5398	1316.254	63	0.023672
5399	1316.498	80	0.0300597
5400	1316.742	96	0.0360716
5401	1316.986	78	0.0293082
5402	1317.230	82	0.0308112
5403	1317.474	87	0.0326899
5404	1317.717	89	0.0334414
5405	1317.961	77	0.0289325
5406	1318.205	81	0.0304355
5407	1318.449	77	0.0289325
5408	1318.693	82	0.0308112
5409	1318.937	65	0.0244235
5410	1319.181	83	0.0311869
5411	1319.424	77	0.0289325
5412	1319.668	72	0.0270537
5413	1319.912	95	0.0356959
5414	1320.156	91	0.0341929
5415	1320.400	83	0.0311869
5416	1320.644	84	0.0315627
5417	1320.888	78	0.0293082
5418	1321.132	84	0.0315627
5419	1321.375	102	0.0383261
5420	1321.619	79	0.029684
5421	1321.863	93	0.0349444
5422	1322.107	104	0.0390776
5423	1322.351	92	0.0345687
5424	1322.595	85	0.0319384
5425	1322.839	90	0.0338172
5426	1323.082	93	0.0349444
5427	1323.326	105	0.0394534
5428	1323.570	91	0.0341929
5429	1323.814	123	0.0462168
5430	1324.058	148	0.0556105
5431	1324.302	155	0.0582407
5432	1324.546	198	0.0743978
5433	1324.790	189	0.0710161
5434	1325.033	193	0.072519
5435	1325.277	231	0.0867974
5436	1325.521	264	0.099197
5437	1325.765	250	0.0939366
5438	1326.009	294	0.110469
5439	1326.253	264	0.099197
5440	1326.497	267	0.100324
5441	1326.740	231	0.0867974
5442	1326.984	223	0.0837914
5443	1327.228	239	0.0898034
5444	1327.472	197	0.074022
5445	1327.716	193	0.072519
5446	1327.960	148	0.0556105
5447	1328.204	145	0.0544832
5448	1328.447	120	0.0450896
5449	1328.691	123	0.0462168
5450	1328.935	119	0.0447138
5451	1329.179	117	0.0439623
5452	1329.423	91	0.0341929
5453	1329.667	90	0.0338172
5454	1329.911	96	0.0360716
5455	1330.155	105	0.0394534
5456	1330.398	113	0.0424593
5457	1330.642	124	0.0465925
5458	1330.886	192	0.0721433
5459	1331.130	257	0.0965668
5460	1331.374	359	0.134893
5461	1331.618	627	0.235593
5462	1331.862	965	0.362595
5463	1332.105	1397	0.524918
5464	1332.349	2080	0.781552
5465	1332.593	2872	1.07914
5466	1332.837	3726	1.40003
5467	1333.081	4528	1.70138
5468	1333.325	5143	1.93246
5469	1333.569	5375	2.01964
5470	1333.812	5187	1.949
5471	1334.056	4859	1.82575
5472	1334.300	3948	1.48345
5473	1334.544	3246	1.21967
5474	1334.788	2235	0.839793
5475	1335.032	1567	0.588794
5476	1335.276	1005	0.377625
5477	1335.520	594	0.223193
5478	1335.763	390	0.146541
5479	1336.007	243	0.0913064
5480	1336.251	151	0.0567377
5481	1336.495	118	0.0443381
5482	1336.739	112	0.0420836
5483	1336.983	84	0.0315627
5484	1337.227	93	0.0349444
5485	1337.470	78	0.0293082
5486	1337.714	102	0.0383261
5487	1337.958	84	0.0315627
5488	1338.202	86	0.0323142
5489	1338.446	97	0.0364474
5490	1338.690	86	0.0323142
5491	1338.934	80	0.0300597
5492	1339.178	92	0.0345687
5493	1339.421	107	0.0402049
5494	1339.665	93	0.0349444
5495	1339.909	77	0.0289325
5496	1340.153	107	0.0402049
5497	1340.397	88	0.0330657
5498	1340.641	86	0.0323142
5499	1340.885	94	0.0353202
5500	1341.128	102	0.0383261
5501	1341.372	104	0.0390776
5502	1341.616	84	0.0315627
5503	1341.860	96	0.0360716
5504	1342.104	81	0.0304355
5505	1342.348	87	0.0326899
5506	1342.592	77	0.0289325
5507	1342.835	94	0.0353202
5508	1343.079	94	0.0353202
5509	1343.323	82	0.0308112
5510	1343.567	77	0.0289325
5511	1343.811	82	0.0308112
5512	1344.055	101	0.0379504
5513	1344.299	86	0.0323142
5514	1344.543	106	0.0398291
5515	1344.786	81	0.0304355
5516	1345.030	102	0.0383261
5517	1345.274	86	0.0323142
5518	1345.518	86	0.0323142
5519	1345.762	93	0.0349444
5520	1346.006	71	0.026678
5521	1346.250	86	0.0323142
5522	1346.493	83	0.0311869
5523	1346.737	82	0.0308112
5524	1346.981	92	0.0345687
5525	1347.225	87	0.0326899
5526	1347.469	80	0.0300597
5527	1347.713	87	0.0326899
5528	1347.957	97	0.0364474
5529	1348.200	73	0.0274295
5530	1348.444	82	0.0308112
5531	1348.688	84	0.0315627
5532	1348.932	90	0.0338172
5533	1349.176	93	0.0349444
5534	1349.420	88	0.0330657
5535	1349.664	97	0.0364474
5536	1349.908	77	0.0289325
5537	1350.151	76	0.0285567
5538	1350.395	88	0.0330657
5539	1350.639	89	0.0334414
5540	1350.883	87	0.0326899
5541	1351.127	82	0.0308112
5542	1351.371	89	0.0334414
5543	1351.615	80	0.0300597
5544	1351.858	103	0.0387019
5545	1352.102	87	0.0326899
5546	1352.346	92	0.0345687
5547	1352.590	69	0.0259265
5548	1352.834	84	0.0315627
5549	1353.078	86	0.0323142
5550	1353.322	81	0.0304355
5551	1353.566	96	0.0360716
5552	1353.809	85	0.0319384
5553	1354.053	93	0.0349444
5554	1354.297	92	0.0345687
5555	1354.541	90	0.0338172
5556	1354.785	69	0.0259265
5557	1355.029	76	0.0285567
5558	1355.273	97	0.0364474
5559	1355.516	71	0.026678
5560	1355.760	72	0.0270537
5561	1356.004	73	0.0274295
5562	1356.248	81	0.0304355
5563	1356.492	75	0.028181
5564	1356.736	84	0.0315627
5565	1356.980	79	0.029684
5566	1357.223	60	0.0225448
5567	1357.467	71	0.026678
5568	1357.711	78	0.0293082
5569	1357.955	98	0.0368231
5570	1358.199	71	0.026678
5571	1358.443	95	0.0356959
5572	1358.687	87	0.0326899
5573	1358.931	90	0.0338172
5574	1359.174	93	0.0349444
5575	1359.418	83	0.0311869
5576	1359.662	71	0.026678
5577	1359.906	102	0.0383261
5578	1360.150	86	0.0323142
5579	1360.394	90	0.0338172
5580	1360.638	79	0.029684
5581	1360.881	91	0.0341929
5582	1361.125	85	0.0319384
5583	1361.369	78	0.0293082
5584	1361.613	79	0.029684
5585	1361.857	82	0.0308112
5586	1362.101	74	0.0278052
5587	1362.345	93	0.0349444
5588	1362.589	95	0.0356959
5589	1362.832	83	0.0311869
5590	1363.076	78	0.0293082
5591	1363.320	74	0.0278052
5592	1363.564	88	0.0330657
5593	1363.808	86	0.0323142
5594	1364.052	76	0.0285567
5595	1364.296	80	0.0300597
5596	1364.539	95	0.0356959
5597	1364.783	78	0.0293082
5598	1365.027	84	0.0315627
5599	1365.271	72	0.0270537
5600	1365.515	88	0.0330657
5601	1365.759	92	0.0345687
5602	1366.003	74	0.0278052
5603	1366.246	101	0.0379504
5604	1366.490	82	0.0308112
5605	1366.734	81	0.0304355
5606	1366.978	83	0.0311869
5607	1367.222	82	0.0308112
5608	1367.466	91	0.0341929
5609	1367.710	63	0.023672
5610	1367.954	99	0.0371989
5611	1368.197	79	0.029684
5612	1368.441	77	0.0289325
5613	1368.685	70	0.0263022
5614	1368.929	80	0.0300597
5615	1369.173	79	0.029684
5616	1369.417	77	0.0289325
5617	1369.661	85	0.0319384
5618	1369.904	72	0.0270537
5619	1370.148	80	0.0300597
5620	1370.392	86	0.0323142
5621	1370.636	86	0.0323142
5622	1370.880	67	0.025175
5623	1371.124	71	0.026678
5624	1371.368	87	0.0326899
5625	1371.611	84	0.0315627
5626	1371.855	78	0.0293082
5627	1372.099	90	0.0338172
5628	1372.343	69	0.0259265
5629	1372.587	76	0.0285567
5630	1372.831	75	0.028181
5631	1373.075	71	0.026678
5632	1373.319	77	0.0289325
5633	1373.562	79	0.029684
5634	1373.806	79	0.029684
5635	1374.050	71	0.026678
5636	1374.294	77	0.0289325
5637	1374.538	105	0.0394534
5638	1374.782	89	0.0334414
5639	1375.026	88	0.0330657
5640	1375.269	75	0.028181
5641	1375.513	97	0.0364474
5642	1375.757	82	0.0308112
5643	1376.001	81	0.0304355
5644	1376.245	91	0.0341929
5645	1376.489	82	0.0308112
5646	1376.733	88	0.0330657
5647	1376.977	77	0.0289325
5648	1377.220	91	0.0341929
5649	1377.464	93	0.0349444
5650	1377.708	96	0.0360716
5651	1377.952	92	0.0345687
5652	1378.196	77	0.0289325
5653	1378.440	79	0.029684
5654	1378.684	76	0.0285567
5655	1378.927	82	0.0308112
5656	1379.171	76	0.0285567
5657	1379.415	87	0.0326899
5658	1379.659	79	0.029684
5659	1379.903	63	0.023672
5660	1380.147	95	0.0356959
5661	1380.391	96	0.0360716
5662	1380.634	89	0.0334414
5663	1380.878	86	0.0323142
5664	1381.122	95	0.0356959
5665	1381.366	79	0.029684
5666	1381.610	80	0.0300597
5667	1381.854	74	0.0278052
5668	1382.098	80	0.0300597
5669	1382.342	74	0.0278052
5670	1382.585	95	0.0356959
5671	1382.829	87	0.0326899
5672	1383.073	66	0.0247993
5673	1383.317	103	0.0387019
5674	1383.561	92	0.0345687
5675	1383.805	102	0.0383261
5676	1384.049	99	0.0371989
5677	1384.292	81	0.0304355
5678	1384.536	74	0.0278052
5679	1384.780	73	0.0274295
5680	1385.024	63	0.023672
5681	1385.268	78	0.0293082
5682	1385.512	88	0.0330657
5683	1385.756	76	0.0285567
5684	1385.999	83	0.0311869
5685	1386.243	74	0.0278052
5686	1386.487	75	0.028181
5687	1386.731	81	0.0304355
5688	1386.975	87	0.0326899
5689	1387.219	97	0.0364474
5690	1387.463	103	0.0387019
5691	1387.707	84	0.0315627
5692	1387.950	79	0.029684
5693	1388.194	83	0.0311869
5694	1388.438	66	0.0247993
5695	1388.682	76	0.0285567
5696	1388.926	83	0.0311869
5697	1389.170	90	0.0338172
5698	1389.414	98	0.0368231
5699	1389.657	85	0.0319384
5700	1389.901	73	0.0274295
5701	1390.145	75	0.028181
5702	1390.389	67	0.025175
5703	1390.633	96	0.0360716
5704	1390.877	92	0.0345687
5705	1391.121	81	0.0304355
5706	1391.365	79	0.029684
5707	1391.608	80	0.0300597
5708	1391.852	84	0.0315627
5709	1392.096	84	0.0315627
5710	1392.340	76	0.0285567
5711	1392.584	83	0.0311869
5712	1392.828	99	0.0371989
5713	1393.072	88	0.0330657
5714	1393.315	79	0.029684
5715	1393.559	93	0.0349444
5716	1393.803	90	0.0338172
5717	1394.047	102	0.0383261
5718	1394.291	83	0.0311869
5719	1394.535	68	0.0255508
5720	1394.779	103	0.0387019
5721	1395.022	94	0.0353202
5722	1395.266	76	0.0285567
5723	1395.510	86	0.0323142
5724	1395.754	87	0.0326899
5725	1395.998	80	0.0300597
5726	1396.242	80	0.0300597
5727	1396.486	94	0.0353202
5728	1396.730	105	0.0394534
5729	1396.973	97	0.0364474
5730	1397.217	87	0.0326899
5731	1397.461	86	0.0323142
5732	1397.705	81	0.0304355
5733	1397.949	95	0.0356959
5734	1398.193	96	0.0360716
5735	1398.437	94	0.0353202
5736	1398.680	70	0.0263022
5737	1398.924	89	0.0334414
5738	1399.168	74	0.0278052
5739	1399.412	94	0.0353202
5740	1399.656	102	0.0383261
5741	1399.900	71	0.026678
5742	1400.144	86	0.0323142
5743	1400.388	92	0.0345687
5744	1400.631	91	0.0341929
5745	1400.875	77	0.0289325
5746	1401.119	85	0.0319384
5747	1401.363	80	0.0300597
5748	1401.607	69	0.0259265
5749	1401.851	73	0.0274295
5750	1402.095	97	0.0364474
5751	1402.338	80	0.0300597
5752	1402.582	81	0.0304355
5753	1402.826	92	0.0345687
5754	1403.070	77	0.0289325
5755	1403.314	101	0.0379504
5756	1403.558	82	0.0308112
5757	1403.802	98	0.0368231
5758	1404.045	76	0.0285567
5759	1404.289	91	0.0341929
5760	1404.533	94	0.0353202
5761	1404.777	88	0.0330657
5762	1405.021	87	0.0326899
5763	1405.265	95	0.0356959
5764	1405.509	94	0.0353202
5765	1405.753	82	0.0308112
5766	1405.996	74	0.0278052
5767	1406.240	87	0.0326899
5768	1406.484	84	0.0315627
5769	1406.728	83	0.0311869
5770	1406.972	89	0.0334414
5771	1407.216	80	0.0300597
5772	1407.460	88	0.0330657
5773	1407.703	82	0.0308112
5774	1407.947	90	0.0338172
5775	1408.191	104	0.0390776
5776	1408.435	85	0.0319384
5777	1408.679	101	0.0379504
5778	1408.923	99	0.0371989
5779	1409.167	109	0.0409563
5780	1409.410	104	0.0390776
5781	1409.654	86	0.0323142
5782	1409.898	83	0.0311869
5783	1410.142	90	0.0338172
5784	1410.386	76	0.0285567
5785	1410.630	107	0.0402049
5786	1410.874	74	0.0278052
5787	1411.118	91	0.0341929
5788	1411.361	102	0.0383261
5789	1411.605	101	0.0379504
5790	1411.849	89	0.0334414
5791	1412.093	76	0.0285567
5792	1412.337	93	0.0349444
5793	1412.581	108	0.0405806
5794	1412.825	89	0.0334414
5795	1413.068	105	0.0394534
5796	1413.312	89	0.0334414
5797	1413.556	94	0.0353202
5798	1413.800	98	0.0368231
5799	1414.044	85	0.0319384
5800	1414.288	83	0.0311869
5801	1414.532	104	0.0390776
5802	1414.776	83	0.0311869
5803	1415.019	90	0.0338172
5804	1415.263	87	0.0326899
5805	1415.507	80	0.0300597
5806	1415.751	102	0.0383261
5807	1415.995	108	0.0405806
5808	1416.239	90	0.0338172
5809	1416.483	100	0.0375746
5810	1416.726	90	0.0338172
5811	1416.970	90	0.0338172
5812	1417.214	79	0.029684
5813	1417.458	84	0.0315627
5814	1417.702	102	0.0383261
5815	1417.946	82	0.0308112
5816	1418.190	96	0.0360716
5817	1418.433	103	0.0387019
5818	1418.677	97	0.0364474
5819	1418.921	85	0.0319384
5820	1419.165	100	0.0375746
5821	1419.409	108	0.0405806
5822	1419.653	93	0.0349444
5823	1419.897	89	0.0334414
5824	1420.141	90	0.0338172
5825	1420.384	82	0.0308112
5826	1420.628	95	0.0356959
5827	1420.872	92	0.0345687
5828	1421.116	80	0.0300597
5829	1421.360	94	0.0353202
5830	1421.604	100	0.0375746
5831	1421.848	102	0.0383261
5832	1422.091	91	0.0341929
5833	1422.335	99	0.0371989
5834	1422.579	80	0.0300597
5835	1422.823	95	0.0356959
5836	1423.067	78	0.0293082
5837	1423.311	87	0.0326899
5838	1423.555	88	0.0330657
5839	1423.798	77	0.0289325
5840	1424.042	92	0.0345687
5841	1424.286	102	0.0383261
5842	1424.530	86	0.0323142
5843	1424.774	95	0.0356959
5844	1425.018	106	0.0398291
5845	1425.262	90	0.0338172
5846	1425.506	89	0.0334414
5847	1425.749	106	0.0398291
5848	1425.993	92	0.0345687
5849	1426.237	82	0.0308112
5850	1426.481	96	0.0360716
5851	1426.725	95	0.0356959
5852	1426.969	85	0.0319384
5853	1427.213	95	0.0356959
5854	1427.456	81	0.0304355
5855	1427.700	99	0.0371989
5856	1427.944	103	0.0387019
5857	1428.188	93	0.0349444
5858	1428.432	89	0.0334414
5859	1428.676	84	0.0315627
5860	1428.920	93	0.0349444
5861	1429.164	116	0.0435866
5862	1429.407	103	0.0387019
5863	1429.651	95	0.0356959
5864	1429.895	99	0.0371989
5865	1430.139	84	0.0315627
5866	1430.383	96	0.0360716
5867	1430.627	68	0.0255508
5868	1430.871	93	0.0349444
5869	1431.114	95	0.0356959
5870	1431.358	80	0.0300597
5871	1431.602	94	0.0353202
5872	1431.846	90	0.0338172
5873	1432.090	96	0.0360716
5874	1432.334	109	0.0409563
5875	1432.578	87	0.0326899
5876	1432.821	103	0.0387019
5877	1433.065	74	0.0278052
5878	1433.309	108	0.0405806
5879	1433.553	106	0.0398291
5880	1433.797	81	0.0304355
5881	1434.041	108	0.0405806
5882	1434.285	79	0.029684
5883	1434.529	99	0.0371989
5884	1434.772	95	0.0356959
5885	1435.016	106	0.0398291
5886	1435.260	92	0.0345687
5887	1435.504	105	0.0394534
5888	1435.748	91	0.0341929
5889	1435.992	96	0.0360716
5890	1436.236	92	0.0345687
5891	1436.479	104	0.0390776
5892	1436.723	79	0.029684
5893	1436.967	95	0.0356959
5894	1437.211	78	0.0293082
5895	1437.455	104	0.0390776
5896	1437.699	94	0.0353202
5897	1437.943	87	0.0326899
5898	1438.186	85	0.0319384
5899	1438.430	88	0.0330657
5900	1438.674	104	0.0390776
5901	1438.918	112	0.0420836
5902	1439.162	92	0.0345687
5903	1439.406	118	0.0443381
5904	1439.650	87	0.0326899
5905	1439.894	99	0.0371989
5906	1440.137	78	0.0293082
5907	1440.381	112	0.0420836
5908	1440.625	103	0.0387019
5909	1440.869	93	0.0349444
5910	1441.113	100	0.0375746
5911	1441.357	98	0.0368231
5912	1441.601	88	0.0330657
5913	1441.844	118	0.0443381
5914	1442.088	91	0.0341929
5915	1442.332	73	0.0274295
5916	1442.576	82	0.0308112
5917	1442.820	86	0.0323142
5918	1443.064	90	0.0338172
5919	1443.308	89	0.0334414
5920	1443.552	100	0.0375746
5921	1443.795	86	0.0323142
5922	1444.039	94	0.0353202
5923	1444.283	83	0.0311869
5924	1444.527	88	0.0330657
5925	1444.771	92	0.0345687
5926	1445.015	106	0.0398291
5927	1445.259	91	0.0341929
5928	1445.502	85	0.0319384
5929	1445.746	103	0.0387019
5930	1445.990	92	0.0345687
5931	1446.234	88	0.0330657
5932	1446.478	99	0.0371989
5933	1446.722	96	0.0360716
5934	1446.966	93	0.0349444
5935	1447.209	88	0.0330657
5936	1447.453	96	0.0360716
5937	1447.697	108	0.0405806
5938	1447.941	85	0.0319384
5939	1448.185	87	0.0326899
5940	1448.429	96	0.0360716
5941	1448.673	87	0.0326899
5942	1448.917	84	0.0315627
5943	1449.160	84	0.0315627
5944	1449.404	86	0.0323142
5945	1449.648	98	0.0368231
5946	1449.892	88	0.0330657
5947	1450.136	94	0.0353202
5948	1450.380	81	0.0304355
5949	1450.624	85	0.0319384
5950	1450.867	95	0.0356959
5951	1451.111	110	0.0413321
5952	1451.355	81	0.0304355
5953	1451.599	103	0.0387019
5954	1451.843	96	0.0360716
5955	1452.087	109	0.0409563
5956	1452.331	103	0.0387019
5957	1452.575	95	0.0356959
5958	1452.818	103	0.0387019
5959	1453.062	93	0.0349444
5960	1453.306	84	0.0315627
5961	1453.550	102	0.0383261
5962	1453.794	105	0.0394534
5963	1454.038	80	0.0300597
5964	1454.282	95	0.0356959
5965	1454.525	89	0.0334414
5966	1454.769	82	0.0308112
5967	1455.013	95	0.0356959
5968	1455.257	117	0.0439623
5969	1455.501	100	0.0375746
5970	1455.745	109	0.0409563
5971	1455.989	94	0.0353202
5972	1456.232	102	0.0383261
5973	1456.476	85	0.0319384
5974	1456.720	91	0.0341929
5975	1456.964	111	0.0417078
5976	1457.208	102	0.0383261
5977	1457.452	90	0.0338172
5978	1457.696	112	0.0420836
5979	1457.940	98	0.0368231
5980	1458.183	125	0.0469683
5981	1458.427	80	0.0300597
5982	1458.671	99	0.0371989
5983	1458.915	116	0.0435866
5984	1459.159	106	0.0398291
5985	1459.403	101	0.0379504
5986	1459.647	90	0.0338172
5987	1459.890	84	0.0315627
5988	1460.134	92	0.0345687
5989	1460.378	108	0.0405806
5990	1460.622	102	0.0383261
5991	1460.866	88	0.0330657
5992	1461.110	96	0.0360716
5993	1461.354	100	0.0375746
5994	1461.597	80	0.0300597
5995	1461.841	92	0.0345687
5996	1462.085	91	0.0341929
5997	1462.329	76	0.0285567
5998	1462.573	108	0.0405806
5999	1462.817	101	0.0379504
6000	1463.061	95	0.0356959
6001	1463.305	99	0.0371989
6002	1463.548	108	0.0405806
6003	1463.792	104	0.0390776
6004	1464.036	98	0.0368231
6005	1464.280	96	0.0360716
6006	1464.524	105	0.0394534
6007	1464.768	102	0.0383261
6008	1465.012	115	0.0432108
6009	1465.255	105	0.0394534
6010	1465.499	97	0.0364474
6011	1465.743	107	0.0402049
6012	1465.987	89	0.0334414
6013	1466.231	113	0.0424593
6014	1466.475	112	0.0420836
6015	1466.719	118	0.0443381
6016	1466.963	93	0.0349444
6017	1467.206	90	0.0338172
6018	1467.450	112	0.0420836
6019	1467.694	94	0.0353202
6020	1467.938	101	0.0379504
6021	1468.182	96	0.0360716
6022	1468.426	94	0.0353202
6023	1468.670	95	0.0356959
6024	1468.913	97	0.0364474
6025	1469.157	96	0.0360716
6026	1469.401	99	0.0371989
6027	1469.645	133	0.0499743
6028	1469.889	107	0.0402049
6029	1470.133	102	0.0383261
6030	1470.377	83	0.0311869
6031	1470.620	89	0.0334414
6032	1470.864	104	0.0390776
6033	1471.108	116	0.0435866
6034	1471.352	107	0.0402049
6035	1471.596	99	0.0371989
6036	1471.840	94	0.0353202
6037	1472.084	99	0.0371989
6038	1472.328	114	0.0428351
6039	1472.571	91	0.0341929
6040	1472.815	108	0.0405806
6041	1473.059	94	0.0353202
6042	1473.303	84	0.0315627
6043	1473.547	101	0.0379504
6044	1473.791	122	0.0458411
6045	1474.035	106	0.0398291
6046	1474.278	102	0.0383261
6047	1474.522	88	0.0330657
6048	1474.766	99	0.0371989
6049	1475.010	89	0.0334414
6050	1475.254	115	0.0432108
6051	1475.498	117	0.0439623
6052	1475.742	113	0.0424593
6053	1475.985	126	0.047344
6054	1476.229	115	0.0432108
6055	1476.473	94	0.0353202
6056	1476.717	71	0.026678
6057	1476.961	101	0.0379504
6058	1477.205	79	0.029684
6059	1477.449	129	0.0484713
6060	1477.693	115	0.0432108
6061	1477.936	90	0.0338172
6062	1478.180	102	0.0383261
6063	1478.424	101	0.0379504
6064	1478.668	111	0.0417078
6065	1478.912	85	0.0319384
6066	1479.156	91	0.0341929
6067	1479.400	96	0.0360716
6068	1479.643	99	0.0371989
6069	1479.887	109	0.0409563
6070	1480.131	98	0.0368231
6071	1480.375	103	0.0387019
6072	1480.619	82	0.0308112
6073	1480.863	112	0.0420836
6074	1481.107	108	0.0405806
6075	1481.351	107	0.0402049
6076	1481.594	109	0.0409563
6077	1481.838	110	0.0413321
6078	1482.082	96	0.0360716
6079	1482.326	94	0.0353202
6080	1482.570	103	0.0387019
6081	1482.814	120	0.0450896
6082	1483.058	91	0.0341929
6083	1483.301	114	0.0428351
6084	1483.545	114	0.0428351
6085	1483.789	103	0.0387019
6086	1484.033	118	0.0443381
6087	1484.277	100	0.0375746
6088	1484.521	89	0.0334414
6089	1484.765	83	0.0311869
6090	1485.008	100	0.0375746
6091	1485.252	96	0.0360716
6092	1485.496	106	0.0398291
6093	1485.740	94	0.0353202
6094	1485.984	96	0.0360716
6095	1486.228	79	0.029684
6096	1486.472	103	0.0387019
6097	1486.716	111	0.0417078
6098	1486.959	103	0.0387019
6099	1487.203	110	0.0413321
6100	1487.447	86	0.0323142
6101	1487.691	130	0.048847
6102	1487.935	120	0.0450896
6103	1488.179	78	0.0293082
6104	1488.423	121	0.0454653
6105	1488.666	108	0.0405806
6106	1488.910	127	0.0477198
6107	1489.154	125	0.0469683
6108	1489.398	94	0.0353202
6109	1489.642	112	0.0420836
6110	1489.886	102	0.0383261
6111	1490.130	99	0.0371989
6112	1490.373	116	0.0435866
6113	1490.617	102	0.0383261
6114	1490.861	110	0.0413321
6115	1491.105	98	0.0368231
6116	1491.349	104	0.0390776
6117	1491.593	115	0.0432108
6118	1491.837	105	0.0394534
6119	1492.081	98	0.0368231
6120	1492.324	98	0.0368231
6121	1492.568	125	0.0469683
6122	1492.812	126	0.047344
6123	1493.056	118	0.0443381
6124	1493.300	122	0.0458411
6125	1493.544	106	0.0398291
6126	1493.788	105	0.0394534
6127	1494.031	129	0.0484713
6128	1494.275	105	0.0394534
6129	1494.519	116	0.0435866
6130	1494.763	117	0.0439623
6131	1495.007	96	0.0360716
6132	1495.251	111	0.0417078
6133	1495.495	108	0.0405806
6134	1495.739	119	0.0447138
6135	1495.982	110	0.0413321
6136	1496.226	109	0.0409563
6137	1496.470	100	0.0375746
6138	1496.714	109	0.0409563
6139	1496.958	102	0.0383261
6140	1497.202	123	0.0462168
6141	1497.446	108	0.0405806
6142	1497.689	126	0.047344
6143	1497.933	111	0.0417078
6144	1498.177	122	0.0458411
6145	1498.421	109	0.0409563
6146	1498.665	105	0.0394534
6147	1498.909	114	0.0428351
6148	1499.153	113	0.0424593
6149	1499.396	123	0.0462168
6150	1499.640	102	0.0383261
6151	1499.884	114	0.0428351
6152	1500.128	109	0.0409563
6153	1500.372	115	0.0432108
6154	1500.616	110	0.0413321
6155	1500.860	117	0.0439623
6156	1501.104	129	0.0484713
6157	1501.347	125	0.0469683
6158	1501.591	93	0.0349444
6159	1501.835	117	0.0439623
6160	1502.079	111	0.0417078
6161	1502.323	94	0.0353202
6162	1502.567	113	0.0424593
6163	1502.811	117	0.0439623
6164	1503.054	104	0.0390776
6165	1503.298	98	0.0368231
6166	1503.542	113	0.0424593
6167	1503.786	114	0.0428351
6168	1504.030	121	0.0454653
6169	1504.274	121	0.0454653
6170	1504.518	104	0.0390776
6171	1504.762	120	0.0450896
6172	1505.005	127	0.0477198
6173	1505.249	119	0.0447138
6174	1505.493	103	0.0387019
6175	1505.737	104	0.0390776
6176	1505.981	110	0.0413321
6177	1506.225	114	0.0428351
6178	1506.469	109	0.0409563
6179	1506.712	98	0.0368231
6180	1506.956	112	0.0420836
6181	1507.200	119	0.0447138
6182	1507.444	103	0.0387019
6183	1507.688	121	0.0454653
6184	1507.932	118	0.0443381
6185	1508.176	96	0.0360716
6186	1508.419	116	0.0435866
6187	1508.663	141	0.0529802
6188	1508.907	101	0.0379504
6189	1509.151	113	0.0424593
6190	1509.395	123	0.0462168
6191	1509.639	128	0.0480955
6192	1509.883	122	0.0458411
6193	1510.127	125	0.0469683
6194	1510.370	121	0.0454653
6195	1510.614	121	0.0454653
6196	1510.858	130	0.048847
6197	1511.102	104	0.0390776
6198	1511.346	108	0.0405806
6199	1511.590	116	0.0435866
6200	1511.834	80	0.0300597
6201	1512.077	110	0.0413321
6202	1512.321	112	0.0420836
6203	1512.565	121	0.0454653
6204	1512.809	149	0.0559862
6205	1513.053	117	0.0439623
6206	1513.297	111	0.0417078
6207	1513.541	123	0.0462168
6208	1513.784	125	0.0469683
6209	1514.028	119	0.0447138
6210	1514.272	126	0.047344
6211	1514.516	124	0.0465925
6212	1514.760	124	0.0465925
6213	1515.004	128	0.0480955
6214	1515.248	110	0.0413321
6215	1515.492	137	0.0514772
6216	1515.735	114	0.0428351
6217	1515.979	108	0.0405806
6218	1516.223	107	0.0402049
6219	1516.467	129	0.0484713
6220	1516.711	102	0.0383261
6221	1516.955	110	0.0413321
6222	1517.199	126	0.047344
6223	1517.442	129	0.0484713
6224	1517.686	112	0.0420836
6225	1517.930	117	0.0439623
6226	1518.174	138	0.051853
6227	1518.418	128	0.0480955
6228	1518.662	131	0.0492228
6229	1518.906	112	0.0420836
6230	1519.150	102	0.0383261
6231	1519.393	107	0.0402049
6232	1519.637	141	0.0529802
6233	1519.881	135	0.0507258
6234	1520.125	152	0.0571134
6235	1520.369	127	0.0477198
6236	1520.613	124	0.0465925
6237	1520.857	124	0.0465925
6238	1521.100	135	0.0507258
6239	1521.344	115	0.0432108
6240	1521.588	118	0.0443381
6241	1521.832	131	0.0492228
6242	1522.076	129	0.0484713
6243	1522.320	116	0.0435866
6244	1522.564	106	0.0398291
6245	1522.807	141	0.0529802
6246	1523.051	133	0.0499743
6247	1523.295	127	0.0477198
6248	1523.539	99	0.0371989
6249	1523.783	112	0.0420836
6250	1524.027	116	0.0435866
6251	1524.271	114	0.0428351
6252	1524.515	121	0.0454653
6253	1524.758	127	0.0477198
6254	1525.002	115	0.0432108
6255	1525.246	99	0.0371989
6256	1525.490	100	0.0375746
6257	1525.734	129	0.0484713
6258	1525.978	140	0.0526045
6259	1526.222	88	0.0330657
6260	1526.465	103	0.0387019
6261	1526.709	113	0.0424593
6262	1526.953	138	0.051853
6263	1527.197	101	0.0379504
6264	1527.441	116	0.0435866
6265	1527.685	126	0.047344
6266	1527.929	117	0.0439623
6267	1528.172	124	0.0465925
6268	1528.416	111	0.0417078
6269	1528.660	133	0.0499743
6270	1528.904	117	0.0439623
6271	1529.148	111	0.0417078
6272	1529.392	115	0.0432108
6273	1529.636	132	0.0495985
6274	1529.880	117	0.0439623
6275	1530.123	118	0.0443381
6276	1530.367	112	0.0420836
6277	1530.611	124	0.0465925
6278	1530.855	121	0.0454653
6279	1531.099	121	0.0454653
6280	1531.343	136	0.0511015
6281	1531.587	104	0.0390776
6282	1531.830	113	0.0424593
6283	1532.074	140	0.0526045
6284	1532.318	125	0.0469683
6285	1532.562	107	0.0402049
6286	1532.806	129	0.0484713
6287	1533.050	123	0.0462168
6288	1533.294	115	0.0432108
6289	1533.538	119	0.0447138
6290	1533.781	123	0.0462168
6291	1534.025	116	0.0435866
6292	1534.269	115	0.0432108
6293	1534.513	139	0.0522287
6294	1534.757	134	0.05035
6295	1535.001	114	0.0428351
6296	1535.245	122	0.0458411
6297	1535.488	142	0.053356
6298	1535.732	110	0.0413321
6299	1535.976	125	0.0469683
6300	1536.220	115	0.0432108
6301	1536.464	115	0.0432108
6302	1536.708	136	0.0511015
6303	1536.952	123	0.0462168
6304	1537.195	120	0.0450896
6305	1537.439	109	0.0409563
6306	1537.683	119	0.0447138
6307	1537.927	138	0.051853
6308	1538.171	139	0.0522287
6309	1538.415	131	0.0492228
6310	1538.659	127	0.0477198
6311	1538.903	133	0.0499743
6312	1539.146	118	0.0443381
6313	1539.390	126	0.047344
6314	1539.634	105	0.0394534
6315	1539.878	138	0.051853
6316	1540.122	123	0.0462168
6317	1540.366	145	0.0544832
6318	1540.610	141	0.0529802
6319	1540.853	107	0.0402049
6320	1541.097	102	0.0383261
6321	1541.341	121	0.0454653
6322	1541.585	109	0.0409563
6323	1541.829	121	0.0454653
6324	1542.073	128	0.0480955
6325	1542.317	131	0.0492228
6326	1542.560	131	0.0492228
6327	1542.804	150	0.0563619
6328	1543.048	136	0.0511015
6329	1543.292	135	0.0507258
6330	1543.536	96	0.0360716
6331	1543.780	141	0.0529802
6332	1544.024	122	0.0458411
6333	1544.268	141	0.0529802
6334	1544.511	115	0.0432108
6335	1544.755	132	0.0495985
6336	1544.999	125	0.0469683
6337	1545.243	123	0.0462168
6338	1545.487	148	0.0556105
6339	1545.731	123	0.0462168
6340	1545.975	142	0.053356
6341	1546.218	114	0.0428351
6342	1546.462	120	0.0450896
6343	1546.706	127	0.0477198
6344	1546.950	133	0.0499743
6345	1547.194	147	0.0552347
6346	1547.438	152	0.0571134
6347	1547.682	118	0.0443381
6348	1547.926	127	0.0477198
6349	1548.169	117	0.0439623
6350	1548.413	132	0.0495985
6351	1548.657	133	0.0499743
6352	1548.901	138	0.051853
6353	1549.145	143	0.0537317
6354	1549.389	134	0.05035
6355	1549.633	126	0.047344
6356	1549.876	136	0.0511015
6357	1550.120	137	0.0514772
6358	1550.364	141	0.0529802
6359	1550.608	136	0.0511015
6360	1550.852	127	0.0477198
6361	1551.096	112	0.0420836
6362	1551.340	128	0.0480955
6363	1551.583	126	0.047344
6364	1551.827	132	0.0495985
6365	1552.071	127	0.0477198
6366	1552.315	141	0.0529802
6367	1552.559	142	0.053356
6368	1552.803	140	0.0526045
6369	1553.047	128	0.0480955
6370	1553.291	125	0.0469683
6371	1553.534	128	0.0480955
6372	1553.778	145	0.0544832
6373	1554.022	126	0.047344
6374	1554.266	140	0.0526045
6375	1554.510	123	0.0462168
6376	1554.754	146	0.054859
6377	1554.998	155	0.0582407
6378	1555.241	143	0.0537317
6379	1555.485	142	0.053356
6380	1555.729	146	0.054859
6381	1555.973	116	0.0435866
6382	1556.217	135	0.0507258
6383	1556.461	115	0.0432108
6384	1556.705	138	0.051853
6385	1556.949	136	0.0511015
6386	1557.192	137	0.0514772
6387	1557.436	116	0.0435866
6388	1557.680	128	0.0480955
6389	1557.924	139	0.0522287
6390	1558.168	134	0.05035
6391	1558.412	146	0.054859
6392	1558.656	145	0.0544832
6393	1558.899	145	0.0544832
6394	1559.143	150	0.0563619
6395	1559.387	124	0.0465925
6396	1559.631	158	0.0593679
6397	1559.875	141	0.0529802
6398	1560.119	139	0.0522287
6399	1560.363	151	0.0567377
6400	1560.606	123	0.0462168
6401	1560.850	140	0.0526045
6402	1561.094	139	0.0522287
6403	1561.338	171	0.0642526
6404	1561.582	151	0.0567377
6405	1561.826	140	0.0526045
6406	1562.070	140	0.0526045
6407	1562.314	137	0.0514772
6408	1562.557	120	0.0450896
6409	1562.801	138	0.051853
6410	1563.045	130	0.048847
6411	1563.289	140	0.0526045
6412	1563.533	143	0.0537317
6413	1563.777	147	0.0552347
6414	1564.021	139	0.0522287
6415	1564.264	152	0.0571134
6416	1564.508	136	0.0511015
6417	1564.752	145	0.0544832
6418	1564.996	119	0.0447138
6419	1565.240	150	0.0563619
6420	1565.484	144	0.0541075
6421	1565.728	146	0.054859
6422	1565.971	130	0.048847
6423	1566.215	149	0.0559862
6424	1566.459	127	0.0477198
6425	1566.703	154	0.0578649
6426	1566.947	138	0.051853
6427	1567.191	127	0.0477198
6428	1567.435	156	0.0586164
6429	1567.679	139	0.0522287
6430	1567.922	158	0.0593679
6431	1568.166	139	0.0522287
6432	1568.410	139	0.0522287
6433	1568.654	129	0.0484713
6434	1568.898	135	0.0507258
6435	1569.142	136	0.0511015
6436	1569.386	147	0.0552347
6437	1569.629	149	0.0559862
6438	1569.873	156	0.0586164
6439	1570.117	139	0.0522287
6440	1570.361	148	0.0556105
6441	1570.605	144	0.0541075
6442	1570.849	144	0.0541075
6443	1571.093	152	0.0571134
6444	1571.337	146	0.054859
6445	1571.580	149	0.0559862
6446	1571.824	149	0.0559862
6447	1572.068	159	0.0597437
6448	1572.312	132	0.0495985
6449	1572.556	145	0.0544832
6450	1572.800	149	0.0559862
6451	1573.044	137	0.0514772
6452	1573.287	144	0.0541075
6453	1573.531	165	0.0619981
6454	1573.775	148	0.0556105
6455	1574.019	149	0.0559862
6456	1574.263	145	0.0544832
6457	1574.507	136	0.0511015
6458	1574.751	143	0.0537317
6459	1574.994	143	0.0537317
6460	1575.238	162	0.0608709
6461	1575.482	133	0.0499743
6462	1575.726	132	0.0495985
6463	1575.970	155	0.0582407
6464	1576.214	154	0.0578649
6465	1576.458	182	0.0683858
6466	1576.702	166	0.0623739
6467	1576.945	153	0.0574892
6468	1577.189	140	0.0526045
6469	1577.433	154	0.0578649
6470	1577.677	146	0.054859
6471	1577.921	143	0.0537317
6472	1578.165	164	0.0616224
6473	1578.409	124	0.0465925
6474	1578.652	176	0.0661314
6475	1578.896	167	0.0627496
6476	1579.140	143	0.0537317
6477	1579.384	168	0.0631254
6478	1579.628	139	0.0522287
6479	1579.872	158	0.0593679
6480	1580.116	156	0.0586164
6481	1580.359	156	0.0586164
6482	1580.603	152	0.0571134
6483	1580.847	149	0.0559862
6484	1581.091	170	0.0638769
6485	1581.335	173	0.0650041
6486	1581.579	140	0.0526045
6487	1581.823	168	0.0631254
6488	1582.067	165	0.0619981
6489	1582.310	137	0.0514772
6490	1582.554	136	0.0511015
6491	1582.798	173	0.0650041
6492	1583.042	185	0.0695131
6493	1583.286	142	0.053356
6494	1583.530	143	0.0537317
6495	1583.774	151	0.0567377
6496	1584.017	155	0.0582407
6497	1584.261	182	0.0683858
6498	1584.505	160	0.0601194
6499	1584.749	142	0.053356
6500	1584.993	180	0.0676343
6501	1585.237	161	0.0604952
6502	1585.481	156	0.0586164
6503	1585.725	175	0.0657556
6504	1585.968	136	0.0511015
6505	1586.212	136	0.0511015
6506	1586.456	155	0.0582407
6507	1586.700	162	0.0608709
6508	1586.944	168	0.0631254
6509	1587.188	156	0.0586164
6510	1587.432	177	0.0665071
6511	1587.675	176	0.0661314
6512	1587.919	177	0.0665071
6513	1588.163	150	0.0563619
6514	1588.407	165	0.0619981
6515	1588.651	147	0.0552347
6516	1588.895	182	0.0683858
6517	1589.139	145	0.0544832
6518	1589.382	146	0.054859
6519	1589.626	152	0.0571134
6520	1589.870	153	0.0574892
6521	1590.114	167	0.0627496
6522	1590.358	167	0.0627496
6523	1590.602	178	0.0668828
6524	1590.846	160	0.0601194
6525	1591.090	180	0.0676343
6526	1591.333	161	0.0604952
6527	1591.577	179	0.0672586
6528	1591.821	149	0.0559862
6529	1592.065	161	0.0604952
6530	1592.309	150	0.0563619
6531	1592.553	135	0.0507258
6532	1592.797	156	0.0586164
6533	1593.040	192	0.0721433
6534	1593.284	178	0.0668828
6535	1593.528	165	0.0619981
6536	1593.772	162	0.0608709
6537	1594.016	138	0.051853
6538	1594.260	158	0.0593679
6539	1594.504	159	0.0597437
6540	1594.748	148	0.0556105
6541	1594.991	178	0.0668828
6542	1595.235	186	0.0698888
6543	1595.479	172	0.0646284
6544	1595.723	159	0.0597437
6545	1595.967	164	0.0616224
6546	1596.211	173	0.0650041
6547	1596.455	174	0.0653799
6548	1596.698	188	0.0706403
6549	1596.942	155	0.0582407
6550	1597.186	143	0.0537317
6551	1597.430	167	0.0627496
6552	1597.674	176	0.0661314
6553	1597.918	145	0.0544832
6554	1598.162	135	0.0507258
6555	1598.405	163	0.0612467
6556	1598.649	159	0.0597437
6557	1598.893	175	0.0657556
6558	1599.137	167	0.0627496
6559	1599.381	146	0.054859
6560	1599.625	159	0.0597437
6561	1599.869	187	0.0702646
6562	1600.113	186	0.0698888
6563	1600.356	202	0.0759008
6564	1600.600	151	0.0567377
6565	1600.844	153	0.0574892
6566	1601.088	174	0.0653799
6567	1601.332	152	0.0571134
6568	1601.576	175	0.0657556
6569	1601.820	155	0.0582407
6570	1602.063	164	0.0616224
6571	1602.307	145	0.0544832
6572	1602.551	188	0.0706403
6573	1602.795	154	0.0578649
6574	1603.039	152	0.0571134
6575	1603.283	138	0.051853
6576	1603.527	154	0.0578649
6577	1603.770	150	0.0563619
6578	1604.014	150	0.0563619
6579	1604.258	161	0.0604952
6580	1604.502	194	0.0728948
6581	1604.746	150	0.0563619
6582	1604.990	174	0.0653799
6583	1605.234	164	0.0616224
6584	1605.478	151	0.0567377
6585	1605.721	192	0.0721433
6586	1605.965	140	0.0526045
6587	1606.209	174	0.0653799
6588	1606.453	171	0.0642526
6589	1606.697	155	0.0582407
6590	1606.941	180	0.0676343
6591	1607.185	166	0.0623739
6592	1607.428	169	0.0635011
6593	1607.672	158	0.0593679
6594	1607.916	151	0.0567377
6595	1608.160	186	0.0698888
6596	1608.404	159	0.0597437
6597	1608.648	175	0.0657556
6598	1608.892	153	0.0574892
6599	1609.136	165	0.0619981
6600	1609.379	143	0.0537317
6601	1609.623	152	0.0571134
6602	1609.867	176	0.0661314
6603	1610.111	169	0.0635011
6604	1610.355	159	0.0597437
6605	1610.599	155	0.0582407
6606	1610.843	151	0.0567377
6607	1611.086	154	0.0578649
6608	1611.330	149	0.0559862
6609	1611.574	115	0.0432108
6610	1611.818	129	0.0484713
6611	1612.062	145	0.0544832
6612	1612.306	135	0.0507258
6613	1612.550	144	0.0541075
6614	1612.793	145	0.0544832
6615	1613.037	152	0.0571134
6616	1613.281	137	0.0514772
6617	1613.525	130	0.048847
6618	1613.769	131	0.0492228
6619	1614.013	131	0.0492228
6620	1614.257	114	0.0428351
6621	1614.501	119	0.0447138
6622	1614.744	113	0.0424593
6623	1614.988	123	0.0462168
6624	1615.232	137	0.0514772
6625	1615.476	127	0.0477198
6626	1615.720	112	0.0420836
6627	1615.964	122	0.0458411
6628	1616.208	137	0.0514772
6629	1616.451	109	0.0409563
6630	1616.695	117	0.0439623
6631	1616.939	95	0.0356959
6632	1617.183	115	0.0432108
6633	1617.427	119	0.0447138
6634	1617.671	115	0.0432108
6635	1617.915	108	0.0405806
6636	1618.158	102	0.0383261
6637	1618.402	125	0.0469683
6638	1618.646	104	0.0390776
6639	1618.890	114	0.0428351
6640	1619.134	93	0.0349444
6641	1619.378	87	0.0326899
6642	1619.622	90	0.0338172
6643	1619.866	90	0.0338172
6644	1620.109	124	0.0465925
6645	1620.353	104	0.0390776
6646	1620.597	87	0.0326899
6647	1620.841	104	0.0390776
6648	1621.085	118	0.0443381
6649	1621.329	86	0.0323142
6650	1621.573	115	0.0432108
6651	1621.816	91	0.0341929
6652	1622.060	77	0.0289325
6653	1622.304	117	0.0439623
6654	1622.548	108	0.0405806
6655	1622.792	103	0.0387019
6656	1623.036	101	0.0379504
6657	1623.280	109	0.0409563
6658	1623.524	104	0.0390776
6659	1623.767	94	0.0353202
6660	1624.011	94	0.0353202
6661	1624.255	96	0.0360716
6662	1624.499	104	0.0390776
6663	1624.743	101	0.0379504
6664	1624.987	92	0.0345687
6665	1625.231	94	0.0353202
6666	1625.474	120	0.0450896
6667	1625.718	99	0.0371989
6668	1625.962	91	0.0341929
6669	1626.206	104	0.0390776
6670	1626.450	99	0.0371989
6671	1626.694	107	0.0402049
6672	1626.938	81	0.0304355
6673	1627.181	99	0.0371989
6674	1627.425	99	0.0371989
6675	1627.669	118	0.0443381
6676	1627.913	96	0.0360716
6677	1628.157	98	0.0368231
6678	1628.401	100	0.0375746
6679	1628.645	88	0.0330657
6680	1628.889	108	0.0405806
6681	1629.132	97	0.0364474
6682	1629.376	95	0.0356959
6683	1629.620	105	0.0394534
6684	1629.864	106	0.0398291
6685	1630.108	91	0.0341929
6686	1630.352	92	0.0345687
6687	1630.596	105	0.0394534
6688	1630.839	94	0.0353202
6689	1631.083	91	0.0341929
6690	1631.327	99	0.0371989
6691	1631.571	102	0.0383261
6692	1631.815	81	0.0304355
6693	1632.059	90	0.0338172
6694	1632.303	99	0.0371989
6695	1632.546	100	0.0375746
6696	1632.790	99	0.0371989
6697	1633.034	79	0.029684
6698	1633.278	91	0.0341929
6699	1633.522	85	0.0319384
6700	1633.766	81	0.0304355
6701	1634.010	92	0.0345687
6702	1634.254	73	0.0274295
6703	1634.497	90	0.0338172
6704	1634.741	90	0.0338172
6705	1634.985	100	0.0375746
6706	1635.229	84	0.0315627
6707	1635.473	105	0.0394534
6708	1635.717	104	0.0390776
6709	1635.961	82	0.0308112
6710	1636.204	89	0.0334414
6711	1636.448	83	0.0311869
6712	1636.692	72	0.0270537
6713	1636.936	97	0.0364474
6714	1637.180	92	0.0345687
6715	1637.424	111	0.0417078
6716	1637.668	90	0.0338172
6717	1637.912	75	0.028181
6718	1638.155	101	0.0379504
6719	1638.399	80	0.0300597
6720	1638.643	83	0.0311869
6721	1638.887	89	0.0334414
6722	1639.131	96	0.0360716
6723	1639.375	87	0.0326899
6724	1639.619	90	0.0338172
6725	1639.862	80	0.0300597
6726	1640.106	84	0.0315627
6727	1640.350	87	0.0326899
6728	1640.594	90	0.0338172
6729	1640.838	94	0.0353202
6730	1641.082	87	0.0326899
6731	1641.326	92	0.0345687
6732	1641.569	83	0.0311869
6733	1641.813	94	0.0353202
6734	1642.057	83	0.0311869
6735	1642.301	84	0.0315627
6736	1642.545	80	0.0300597
6737	1642.789	98	0.0368231
6738	1643.033	79	0.029684
6739	1643.277	93	0.0349444
6740	1643.520	74	0.0278052
6741	1643.764	86	0.0323142
6742	1644.008	84	0.0315627
6743	1644.252	76	0.0285567
6744	1644.496	93	0.0349444
6745	1644.740	93	0.0349444
6746	1644.984	92	0.0345687
6747	1645.227	80	0.0300597
6748	1645.471	98	0.0368231
6749	1645.715	75	0.028181
6750	1645.959	81	0.0304355
6751	1646.203	85	0.0319384
6752	1646.447	79	0.029684
6753	1646.691	82	0.0308112
6754	1646.935	69	0.0259265
6755	1647.178	74	0.0278052
6756	1647.422	75	0.028181
6757	1647.666	78	0.0293082
6758	1647.910	95	0.0356959
6759	1648.154	78	0.0293082
6760	1648.398	74	0.0278052
6761	1648.642	86	0.0323142
6762	1648.885	87	0.0326899
6763	1649.129	99	0.0371989
6764	1649.373	87	0.0326899
6765	1649.617	83	0.0311869
6766	1649.861	89	0.0334414
6767	1650.105	87	0.0326899
6768	1650.349	76	0.0285567
6769	1650.592	81	0.0304355
6770	1650.836	73	0.0274295
6771	1651.080	71	0.026678
6772	1651.324	69	0.0259265
6773	1651.568	98	0.0368231
6774	1651.812	91	0.0341929
6775	1652.056	63	0.023672
6776	1652.300	83	0.0311869
6777	1652.543	89	0.0334414
6778	1652.787	100	0.0375746
6779	1653.031	92	0.0345687
6780	1653.275	78	0.0293082
6781	1653.519	89	0.0334414
6782	1653.763	107	0.0402049
6783	1654.007	84	0.0315627
6784	1654.250	101	0.0379504
6785	1654.494	88	0.0330657
6786	1654.738	74	0.0278052
6787	1654.982	91	0.0341929
6788	1655.226	83	0.0311869
6789	1655.470	88	0.0330657
6790	1655.714	73	0.0274295
6791	1655.957	74	0.0278052
6792	1656.201	81	0.0304355
6793	1656.445	87	0.0326899
6794	1656.689	95	0.0356959
6795	1656.933	71	0.026678
6796	1657.177	77	0.0289325
6797	1657.421	90	0.0338172
6798	1657.665	76	0.0285567
6799	1657.908	56	0.0210418
6800	1658.152	75	0.028181
6801	1658.396	91	0.0341929
6802	1658.640	63	0.023672
6803	1658.884	65	0.0244235
6804	1659.128	79	0.029684
6805	1659.372	93	0.0349444
6806	1659.615	71	0.026678
6807	1659.859	69	0.0259265
6808	1660.103	79	0.029684
6809	1660.347	75	0.028181
6810	1660.591	85	0.0319384
6811	1660.835	76	0.0285567
6812	1661.079	75	0.028181
6813	1661.323	71	0.026678
6814	1661.566	83	0.0311869
6815	1661.810	92	0.0345687
6816	1662.054	70	0.0263022
6817	1662.298	81	0.0304355
6818	1662.542	85	0.0319384
6819	1662.786	76	0.0285567
6820	1663.030	65	0.0244235
6821	1663.273	85	0.0319384
6822	1663.517	78	0.0293082
6823	1663.761	62	0.0232963
6824	1664.005	72	0.0270537
6825	1664.249	81	0.0304355
6826	1664.493	71	0.026678
6827	1664.737	78	0.0293082
6828	1664.980	79	0.029684
6829	1665.224	65	0.0244235
6830	1665.468	73	0.0274295
6831	1665.712	58	0.0217933
6832	1665.956	71	0.026678
6833	1666.200	75	0.028181
6834	1666.444	73	0.0274295
6835	1666.688	68	0.0255508
6836	1666.931	83	0.0311869
6837	1667.175	91	0.0341929
6838	1667.419	69	0.0259265
6839	1667.663	68	0.0255508
6840	1667.907	73	0.0274295
6841	1668.151	58	0.0217933
6842	1668.395	69	0.0259265
6843	1668.638	78	0.0293082
6844	1668.882	71	0.026678
6845	1669.126	71	0.026678
6846	1669.370	81	0.0304355
6847	1669.614	53	0.0199146
6848	1669.858	65	0.0244235
6849	1670.102	82	0.0308112
6850	1670.345	74	0.0278052
6851	1670.589	59	0.022169
6852	1670.833	82	0.0308112
6853	1671.077	65	0.0244235
6854	1671.321	85	0.0319384
6855	1671.565	70	0.0263022
6856	1671.809	73	0.0274295
6857	1672.053	65	0.0244235
6858	1672.296	66	0.0247993
6859	1672.540	50	0.0187873
6860	1672.784	68	0.0255508
6861	1673.028	86	0.0323142
6862	1673.272	68	0.0255508
6863	1673.516	62	0.0232963
6864	1673.760	66	0.0247993
6865	1674.003	65	0.0244235
6866	1674.247	68	0.0255508
6867	1674.491	52	0.0195388
6868	1674.735	71	0.026678
6869	1674.979	62	0.0232963
6870	1675.223	70	0.0263022
6871	1675.467	54	0.0202903
6872	1675.711	70	0.0263022
6873	1675.954	58	0.0217933
6874	1676.198	67	0.025175
6875	1676.442	66	0.0247993
6876	1676.686	65	0.0244235
6877	1676.930	52	0.0195388
6878	1677.174	63	0.023672
6879	1677.418	72	0.0270537
6880	1677.661	56	0.0210418
6881	1677.905	52	0.0195388
6882	1678.149	76	0.0285567
6883	1678.393	65	0.0244235
6884	1678.637	59	0.022169
6885	1678.881	61	0.0229205
6886	1679.125	67	0.025175
6887	1679.368	61	0.0229205
6888	1679.612	64	0.0240478
6889	1679.856	50	0.0187873
6890	1680.100	67	0.025175
6891	1680.344	70	0.0263022
6892	1680.588	60	0.0225448
6893	1680.832	90	0.0338172
6894	1681.076	61	0.0229205
6895	1681.319	68	0.0255508
6896	1681.563	64	0.0240478
6897	1681.807	62	0.0232963
6898	1682.051	89	0.0334414
6899	1682.295	65	0.0244235
6900	1682.539	69	0.0259265
6901	1682.783	71	0.026678
6902	1683.026	62	0.0232963
6903	1683.270	71	0.026678
6904	1683.514	65	0.0244235
6905	1683.758	68	0.0255508
6906	1684.002	54	0.0202903
6907	1684.246	52	0.0195388
6908	1684.490	59	0.022169
6909	1684.733	63	0.023672
6910	1684.977	58	0.0217933
6911	1685.221	58	0.0217933
6912	1685.465	49	0.0184116
6913	1685.709	70	0.0263022
6914	1685.953	62	0.0232963
6915	1686.197	53	0.0199146
6916	1686.441	60	0.0225448
6917	1686.684	56	0.0210418
6918	1686.928	50	0.0187873
6919	1687.172	71	0.026678
6920	1687.416	52	0.0195388
6921	1687.660	72	0.0270537
6922	1687.904	60	0.0225448
6923	1688.148	54	0.0202903
6924	1688.391	59	0.022169
6925	1688.635	71	0.026678
6926	1688.879	57	0.0214175
6927	1689.123	77	0.0289325
6928	1689.367	57	0.0214175
6929	1689.611	56	0.0210418
6930	1689.855	54	0.0202903
6931	1690.099	69	0.0259265
6932	1690.342	55	0.020666
6933	1690.586	55	0.020666
6934	1690.830	61	0.0229205
6935	1691.074	70	0.0263022
6936	1691.318	43	0.0161571
6937	1691.562	49	0.0184116
6938	1691.806	59	0.022169
6939	1692.049	55	0.020666
6940	1692.293	51	0.0191631
6941	1692.537	65	0.0244235
6942	1692.781	60	0.0225448
6943	1693.025	52	0.0195388
6944	1693.269	59	0.022169
6945	1693.513	63	0.023672
6946	1693.756	39	0.0146541
6947	1694.000	52	0.0195388
6948	1694.244	40	0.0150299
6949	1694.488	47	0.0176601
6950	1694.732	65	0.0244235
6951	1694.976	55	0.020666
6952	1695.220	51	0.0191631
6953	1695.464	49	0.0184116
6954	1695.707	65	0.0244235
6955	1695.951	49	0.0184116
6956	1696.195	47	0.0176601
6957	1696.439	44	0.0165328
6958	1696.683	54	0.0202903
6959	1696.927	43	0.0161571
6960	1697.171	36	0.0135269
6961	1697.414	49	0.0184116
6962	1697.658	54	0.0202903
6963	1697.902	52	0.0195388
6964	1698.146	61	0.0229205
6965	1698.390	53	0.0199146
6966	1698.634	44	0.0165328
6967	1698.878	50	0.0187873
6968	1699.122	52	0.0195388
6969	1699.365	45	0.0169086
6970	1699.609	46	0.0172843
6971	1699.853	56	0.0210418
6972	1700.097	39	0.0146541
6973	1700.341	51	0.0191631
6974	1700.585	56	0.0210418
6975	1700.829	51	0.0191631
6976	1701.072	50	0.0187873
6977	1701.316	52	0.0195388
6978	1701.560	41	0.0154056
6979	1701.804	45	0.0169086
6980	1702.048	49	0.0184116
6981	1702.292	49	0.0184116
6982	1702.536	45	0.0169086
6983	1702.779	47	0.0176601
6984	1703.023	43	0.0161571
6985	1703.267	37	0.0139026
6986	1703.511	60	0.0225448
6987	1703.755	46	0.0172843
6988	1703.999	48	0.0180358
6989	1704.243	50	0.0187873
6990	1704.487	43	0.0161571
6991	1704.730	44	0.0165328
6992	1704.974	41	0.0154056
6993	1705.218	42	0.0157813
6994	1705.462	39	0.0146541
6995	1705.706	44	0.0165328
6996	1705.950	33	0.0123996
6997	1706.194	40	0.0150299
6998	1706.437	46	0.0172843
6999	1706.681	49	0.0184116
7000	1706.925	30	0.0112724
7001	1707.169	42	0.0157813
7002	1707.413	64	0.0240478
7003	1707.657	47	0.0176601
7004	1707.901	31	0.0116481
7005	1708.144	33	0.0123996
7006	1708.388	44	0.0165328
7007	1708.632	48	0.0180358
7008	1708.876	55	0.020666
7009	1709.120	53	0.0199146
7010	1709.364	39	0.0146541
7011	1709.608	39	0.0146541
7012	1709.852	46	0.0172843
7013	1710.095	43	0.0161571
7014	1710.339	39	0.0146541
7015	1710.583	40	0.0150299
7016	1710.827	43	0.0161571
7017	1711.071	49	0.0184116
7018	1711.315	38	0.0142784
7019	1711.559	47	0.0176601
7020	1711.802	46	0.0172843
7021	1712.046	47	0.0176601
7022	1712.290	38	0.0142784
7023	1712.534	43	0.0161571
7024	1712.778	44	0.0165328
7025	1713.022	42	0.0157813
7026	1713.266	34	0.0127754
7027	1713.510	35	0.0131511
7028	1713.753	46	0.0172843
7029	1713.997	41	0.0154056
7030	1714.241	38	0.0142784
7031	1714.485	45	0.0169086
7032	1714.729	37	0.0139026
7033	1714.973	44	0.0165328
7034	1715.217	34	0.0127754
7035	1715.460	37	0.0139026
7036	1715.704	30	0.0112724
7037	1715.948	45	0.0169086
7038	1716.192	37	0.0139026
7039	1716.436	38	0.0142784
7040	1716.680	31	0.0116481
7041	1716.924	38	0.0142784
7042	1717.167	30	0.0112724
7043	1717.411	41	0.0154056
7044	1717.655	35	0.0131511
7045	1717.899	39	0.0146541
7046	1718.143	32	0.0120239
7047	1718.387	33	0.0123996
7048	1718.631	31	0.0116481
7049	1718.875	31	0.0116481
7050	1719.118	36	0.0135269
7051	1719.362	28	0.0105209
7052	1719.606	39	0.0146541
7053	1719.850	42	0.0157813
7054	1720.094	32	0.0120239
7055	1720.338	29	0.0108966
7056	1720.582	43	0.0161571
7057	1720.825	29	0.0108966
7058	1721.069	30	0.0112724
7059	1721.313	36	0.0135269
7060	1721.557	34	0.0127754
7061	1721.801	31	0.0116481
7062	1722.045	22	0.00826642
7063	1722.289	41	0.0154056
7064	1722.532	32	0.0120239
7065	1722.776	25	0.00939366
7066	1723.020	34	0.0127754
7067	1723.264	29	0.0108966
7068	1723.508	28	0.0105209
7069	1723.752	22	0.00826642
7070	1723.996	43	0.0161571
7071	1724.240	29	0.0108966
7072	1724.483	29	0.0108966
7073	1724.727	37	0.0139026
7074	1724.971	23	0.00864217
7075	1725.215	20	0.00751493
7076	1725.459	23	0.00864217
7077	1725.703	28	0.0105209
7078	1725.947	25	0.00939366
7079	1726.190	29	0.0108966
7080	1726.434	30	0.0112724
7081	1726.678	26	0.0097694
7082	1726.922	30	0.0112724
7083	1727.166	31	0.0116481
7084	1727.410	26	0.0097694
7085	1727.654	21	0.00789067
7086	1727.898	22	0.00826642
7087	1728.141	27	0.0101452
7088	1728.385	22	0.00826642
7089	1728.629	33	0.0123996
7090	1728.873	24	0.00901791
7091	1729.117	30	0.0112724
7092	1729.361	34	0.0127754
7093	1729.605	28	0.0105209
7094	1729.848	29	0.0108966
7095	1730.092	19	0.00713918
7096	1730.336	24	0.00901791
7097	1730.580	25	0.00939366
7098	1730.824	25	0.00939366
7099	1731.068	14	0.00526045
7100	1731.312	29	0.0108966
7101	1731.555	18	0.00676343
7102	1731.799	19	0.00713918
7103	1732.043	21	0.00789067
7104	1732.287	25	0.00939366
7105	1732.531	31	0.0116481
7106	1732.775	24	0.00901791
7107	1733.019	21	0.00789067
7108	1733.263	25	0.00939366
7109	1733.506	25	0.00939366
7110	1733.750	21	0.00789067
7111	1733.994	25	0.00939366
7112	1734.238	30	0.0112724
7113	1734.482	30	0.0112724
7114	1734.726	31	0.0116481
7115	1734.970	26	0.0097694
7116	1735.213	19	0.00713918
7117	1735.457	22	0.00826642
7118	1735.701	28	0.0105209
7119	1735.945	18	0.00676343
7120	1736.189	14	0.00526045
7121	1736.433	10	0.00375746
7122	1736.677	23	0.00864217
7123	1736.920	23	0.00864217
7124	1737.164	21	0.00789067
7125	1737.408	27	0.0101452
7126	1737.652	22	0.00826642
7127	1737.896	24	0.00901791
7128	1738.140	24	0.00901791
7129	1738.384	23	0.00864217
7130	1738.628	19	0.00713918
7131	1738.871	20	0.00751493
7132	1739.115	21	0.00789067
7133	1739.359	22	0.00826642
7134	1739.603	10	0.00375746
7135	1739.847	22	0.00826642
7136	1740.091	26	0.0097694
7137	1740.335	17	0.00638769
7138	1740.578	18	0.00676343
7139	1740.822	22	0.00826642
7140	1741.066	17	0.00638769
7141	1741.310	19	0.00713918
7142	1741.554	18	0.00676343
7143	1741.798	21	0.00789067
7144	1742.042	18	0.00676343
7145	1742.286	15	0.00563619
7146	1742.529	27	0.0101452
7147	1742.773	14	0.00526045
7148	1743.017	19	0.00713918
7149	1743.261	16	0.00601194
7150	1743.505	19	0.00713918
7151	1743.749	27	0.0101452
7152	1743.993	17	0.00638769
7153	1744.236	16	0.00601194
7154	1744.480	19	0.00713918
7155	1744.724	19	0.00713918
7156	1744.968	16	0.00601194
7157	1745.212	25	0.00939366
7158	1745.456	16	0.00601194
7159	1745.700	18	0.00676343
7160	1745.943	21	0.00789067
7161	1746.187	18	0.00676343
7162	1746.431	12	0.00450896
7163	1746.675	14	0.00526045
7164	1746.919	25	0.00939366
7165	1747.163	26	0.0097694
7166	1747.407	22	0.00826642
7167	1747.651	13	0.0048847
7168	1747.894	20	0.00751493
7169	1748.138	20	0.00751493
7170	1748.382	19	0.00713918
7171	1748.626	17	0.00638769
7172	1748.870	13	0.0048847
7173	1749.114	18	0.00676343
7174	1749.358	16	0.00601194
7175	1749.601	9	0.00338172
7176	1749.845	19	0.00713918
7177	1750.089	7	0.00263022
7178	1750.333	27	0.0101452
7179	1750.577	21	0.00789067
7180	1750.821	14	0.00526045
7181	1751.065	23	0.00864217
7182	1751.309	13	0.0048847
7183	1751.552	13	0.0048847
7184	1751.796	13	0.0048847
7185	1752.040	14	0.00526045
7186	1752.284	19	0.00713918
7187	1752.528	19	0.00713918
7188	1752.772	17	0.00638769
7189	1753.016	18	0.00676343
7190	1753.259	17	0.00638769
7191	1753.503	16	0.00601194
7192	1753.747	16	0.00601194
7193	1753.991	10	0.00375746
7194	1754.235	13	0.0048847
7195	1754.479	20	0.00751493
7196	1754.723	24	0.00901791
7197	1754.966	13	0.0048847
7198	1755.210	11	0.00413321
7199	1755.454	14	0.00526045
7200	1755.698	13	0.0048847
7201	1755.942	16	0.00601194
7202	1756.186	12	0.00450896
7203	1756.430	14	0.00526045
7204	1756.674	10	0.00375746
7205	1756.917	13	0.0048847
7206	1757.161	11	0.00413321
7207	1757.405	18	0.00676343
7208	1757.649	15	0.00563619
7209	1757.893	20	0.00751493
7210	1758.137	9	0.00338172
7211	1758.381	14	0.00526045
7212	1758.624	11	0.00413321
7213	1758.868	9	0.00338172
7214	1759.112	24	0.00901791
7215	1759.356	17	0.00638769
7216	1759.600	14	0.00526045
7217	1759.844	16	0.00601194
7218	1760.088	12	0.00450896
7219	1760.331	21	0.00789067
7220	1760.575	11	0.00413321
7221	1760.819	19	0.00713918
7222	1761.063	10	0.00375746
7223	1761.307	13	0.0048847
7224	1761.551	18	0.00676343
7225	1761.795	14	0.00526045
7226	1762.039	15	0.00563619
7227	1762.282	11	0.00413321
7228	1762.526	14	0.00526045
7229	1762.770	19	0.00713918
7230	1763.014	15	0.00563619
7231	1763.258	19	0.00713918
7232	1763.502	15	0.00563619
7233	1763.746	20	0.00751493
7234	1763.989	18	0.00676343
7235	1764.233	14	0.00526045
7236	1764.477	19	0.00713918
7237	1764.721	11	0.00413321
7238	1764.965	12	0.00450896
7239	1765.209	19	0.00713918
7240	1765.453	13	0.0048847
7241	1765.697	16	0.00601194
7242	1765.940	9	0.00338172
7243	1766.184	13	0.0048847
7244	1766.428	15	0.00563619
7245	1766.672	17	0.00638769
7246	1766.916	16	0.00601194
7247	1767.160	12	0.00450896
7248	1767.404	12	0.00450896
7249	1767.647	13	0.0048847
7250	1767.891	5	0.00187873
7251	1768.135	13	0.0048847
7252	1768.379	11	0.00413321
7253	1768.623	17	0.00638769
7254	1768.867	20	0.00751493
7255	1769.111	13	0.0048847
7256	1769.354	15	0.00563619
7257	1769.598	15	0.00563619
7258	1769.842	21	0.00789067
7259	1770.086	17	0.00638769
7260	1770.330	11	0.00413321
7261	1770.574	13	0.0048847
7262	1770.818	12	0.00450896
7263	1771.062	12	0.00450896
7264	1771.305	24	0.00901791
7265	1771.549	15	0.00563619
7266	1771.793	16	0.00601194
7267	1772.037	13	0.0048847
7268	1772.281	16	0.00601194
7269	1772.525	10	0.00375746
7270	1772.769	19	0.00713918
7271	1773.012	16	0.00601194
7272	1773.256	15	0.00563619
7273	1773.500	14	0.00526045
7274	1773.744	13	0.0048847
7275	1773.988	15	0.00563619
7276	1774.232	14	0.00526045
7277	1774.476	16	0.00601194
7278	1774.719	14	0.00526045
7279	1774.963	11	0.00413321
7280	1775.207	11	0.00413321
7281	1775.451	10	0.00375746
7282	1775.695	7	0.00263022
7283	1775.939	14	0.00526045
7284	1776.183	10	0.00375746
7285	1776.427	13	0.0048847
7286	1776.670	20	0.00751493
7287	1776.914	14	0.00526045
7288	1777.158	10	0.00375746
7289	1777.402	14	0.00526045
7290	1777.646	13	0.0048847
7291	1777.890	17	0.00638769
7292	1778.134	15	0.00563619
7293	1778.377	14	0.00526045
7294	1778.621	9	0.00338172
7295	1778.865	17	0.00638769
7296	1779.109	11	0.00413321
7297	1779.353	16	0.00601194
7298	1779.597	18	0.00676343
7299	1779.841	16	0.00601194
7300	1780.085	15	0.00563619
7301	1780.328	13	0.0048847
7302	1780.572	9	0.00338172
7303	1780.816	15	0.00563619
7304	1781.060	15	0.00563619
7305	1781.304	18	0.00676343
7306	1781.548	17	0.00638769
7307	1781.792	20	0.00751493
7308	1782.035	13	0.0048847
7309	1782.279	15	0.00563619
7310	1782.523	12	0.00450896
7311	1782.767	12	0.00450896
7312	1783.011	12	0.00450896
7313	1783.255	18	0.00676343
7314	1783.499	16	0.00601194
7315	1783.742	13	0.0048847
7316	1783.986	14	0.00526045
7317	1784.230	15	0.00563619
7318	1784.474	19	0.00713918
7319	1784.718	15	0.00563619
7320	1784.962	9	0.00338172
7321	1785.206	17	0.00638769
7322	1785.450	12	0.00450896
7323	1785.693	24	0.00901791
7324	1785.937	13	0.0048847
7325	1786.181	16	0.00601194
7326	1786.425	16	0.00601194
7327	1786.669	13	0.0048847
7328	1786.913	14	0.00526045
7329	1787.157	15	0.00563619
7330	1787.400	13	0.0048847
7331	1787.644	11	0.00413321
7332	1787.888	12	0.00450896
7333	1788.132	18	0.00676343
7334	1788.376	11	0.00413321
7335	1788.620	15	0.00563619
7336	1788.864	11	0.00413321
7337	1789.108	15	0.00563619
7338	1789.351	11	0.00413321
7339	1789.595	19	0.00713918
7340	1789.839	14	0.00526045
7341	1790.083	15	0.00563619
7342	1790.327	9	0.00338172
7343	1790.571	13	0.0048847
7344	1790.815	13	0.0048847
7345	1791.058	17	0.00638769
7346	1791.302	14	0.00526045
7347	1791.546	10	0.00375746
7348	1791.790	17	0.00638769
7349	1792.034	11	0.00413321
7350	1792.278	12	0.00450896
7351	1792.522	10	0.00375746
7352	1792.765	12	0.00450896
7353	1793.009	14	0.00526045
7354	1793.253	9	0.00338172
7355	1793.497	19	0.00713918
7356	1793.741	15	0.00563619
7357	1793.985	19	0.00713918
7358	1794.229	16	0.00601194
7359	1794.473	10	0.00375746
7360	1794.716	8	0.00300597
7361	1794.960	15	0.00563619
7362	1795.204	8	0.00300597
7363	1795.448	15	0.00563619
7364	1795.692	11	0.00413321
7365	1795.936	8	0.00300597
7366	1796.180	9	0.00338172
7367	1796.423	12	0.00450896
7368	1796.667	11	0.00413321
7369	1796.911	8	0.00300597
7370	1797.155	6	0.00225448
7371	1797.399	13	0.0048847
7372	1797.643	15	0.00563619
7373	1797.887	16	0.00601194
7374	1798.130	14	0.00526045
7375	1798.374	12	0.00450896
7376	1798.618	11	0.00413321
7377	1798.862	15	0.00563619
7378	1799.106	13	0.0048847
7379	1799.350	10	0.00375746
7380	1799.594	15	0.00563619
7381	1799.838	12	0.00450896
7382	1800.081	7	0.00263022
7383	1800.325	8	0.00300597
7384	1800.569	13	0.0048847
7385	1800.813	13	0.0048847
7386	1801.057	12	0.00450896
7387	1801.301	10	0.00375746
7388	1801.545	13	0.0048847
7389	1801.788	14	0.00526045
7390	1802.032	15	0.00563619
7391	1802.276	18	0.00676343
7392	1802.520	11	0.00413321
7393	1802.764	19	0.00713918
7394	1803.008	20	0.00751493
7395	1803.252	12	0.00450896
7396	1803.496	17	0.00638769
7397	1803.739	10	0.00375746
7398	1803.983	11	0.00413321
7399	1804.227	11	0.00413321
7400	1804.471	8	0.00300597
7401	1804.715	9	0.00338172
7402	1804.959	11	0.00413321
7403	1805.203	17	0.00638769
7404	1805.446	8	0.00300597
7405	1805.690	17	0.00638769
7406	1805.934	9	0.00338172
7407	1806.178	7	0.00263022
7408	1806.422	19	0.00713918
7409	1806.666	15	0.00563619
7410	1806.910	10	0.00375746
7411	1807.153	6	0.00225448
7412	1807.397	14	0.00526045
7413	1807.641	18	0.00676343
7414	1807.885	13	0.0048847
7415	1808.129	21	0.00789067
7416	1808.373	17	0.00638769
7417	1808.617	10	0.00375746
7418	1808.861	11	0.00413321
7419	1809.104	15	0.00563619
7420	1809.348	16	0.00601194
7421	1809.592	9	0.00338172
7422	1809.836	23	0.00864217
7423	1810.080	19	0.00713918
7424	1810.324	5	0.00187873
7425	1810.568	7	0.00263022
7426	1810.811	12	0.00450896
7427	1811.055	13	0.0048847
7428	1811.299	8	0.00300597
7429	1811.543	15	0.00563619
7430	1811.787	14	0.00526045
7431	1812.031	15	0.00563619
7432	1812.275	10	0.00375746
7433	1812.518	16	0.00601194
7434	1812.762	11	0.00413321
7435	1813.006	9	0.00338172
7436	1813.250	12	0.00450896
7437	1813.494	12	0.00450896
7438	1813.738	17	0.00638769
7439	1813.982	11	0.00413321
7440	1814.226	10	0.00375746
7441	1814.469	15	0.00563619
7442	1814.713	8	0.00300597
7443	1814.957	14	0.00526045
7444	1815.201	8	0.00300597
7445	1815.445	8	0.00300597
7446	1815.689	16	0.00601194
7447	1815.933	15	0.00563619
7448	1816.176	13	0.0048847
7449	1816.420	13	0.0048847
7450	1816.664	12	0.00450896
7451	1816.908	11	0.00413321
7452	1817.152	19	0.00713918
7453	1817.396	17	0.00638769
7454	1817.640	13	0.0048847
7455	1817.884	9	0.00338172
7456	1818.127	9	0.00338172
7457	1818.371	16	0.00601194
7458	1818.615	15	0.00563619
7459	1818.859	13	0.0048847
7460	1819.103	4	0.00150299
7461	1819.347	11	0.00413321
7462	1819.591	6	0.00225448
7463	1819.834	13	0.0048847
7464	1820.078	10	0.00375746
7465	1820.322	20	0.00751493
7466	1820.566	15	0.00563619
7467	1820.810	10	0.00375746
7468	1821.054	8	0.00300597
7469	1821.298	11	0.00413321
7470	1821.541	12	0.00450896
7471	1821.785	10	0.00375746
7472	1822.029	8	0.00300597
7473	1822.273	11	0.00413321
7474	1822.517	15	0.00563619
7475	1822.761	11	0.00413321
7476	1823.005	14	0.00526045
7477	1823.249	18	0.00676343
7478	1823.492	14	0.00526045
7479	1823.736	14	0.00526045
7480	1823.980	12	0.00450896
7481	1824.224	15	0.00563619
7482	1824.468	15	0.00563619
7483	1824.712	14	0.00526045
7484	1824.956	9	0.00338172
7485	1825.199	11	0.00413321
7486	1825.443	12	0.00450896
7487	1825.687	9	0.00338172
7488	1825.931	13	0.0048847
7489	1826.175	11	0.00413321
7490	1826.419	15	0.00563619
7491	1826.663	24	0.00901791
7492	1826.906	14	0.00526045
7493	1827.150	11	0.00413321
7494	1827.394	15	0.00563619
7495	1827.638	19	0.00713918
7496	1827.882	12	0.00450896
7497	1828.126	19	0.00713918
7498	1828.370	18	0.00676343
7499	1828.614	10	0.00375746
7500	1828.857	27	0.0101452
7501	1829.101	18	0.00676343
7502	1829.345	11	0.00413321
7503	1829.589	11	0.00413321
7504	1829.833	12	0.00450896
7505	1830.077	11	0.00413321
7506	1830.321	15	0.00563619
7507	1830.564	14	0.00526045
7508	1830.808	11	0.00413321
7509	1831.052	16	0.00601194
7510	1831.296	18	0.00676343
7511	1831.540	19	0.00713918
7512	1831.784	18	0.00676343
7513	1832.028	25	0.00939366
7514	1832.272	14	0.00526045
7515	1832.515	22	0.00826642
7516	1832.759	20	0.00751493
7517	1833.003	18	0.00676343
7518	1833.247	33	0.0123996
7519	1833.491	33	0.0123996
7520	1833.735	54	0.0202903
7521	1833.979	85	0.0319384
7522	1834.222	126	0.047344
7523	1834.466	203	0.0762765
7524	1834.710	354	0.133014
7525	1834.954	530	0.199146
7526	1835.198	806	0.302852
7527	1835.442	1220	0.458411
7528	1835.686	1719	0.645908
7529	1835.929	2471	0.928469
7530	1836.173	3289	1.23583
7531	1836.417	4246	1.59542
7532	1836.661	5187	1.949
7533	1836.905	5799	2.17895
7534	1837.149	6298	2.36645
7535	1837.393	6578	2.47166
7536	1837.637	6166	2.31685
7537	1837.880	5581	2.09704
7538	1838.124	4613	1.73332
7539	1838.368	3698	1.38951
7540	1838.612	2815	1.05773
7541	1838.856	2034	0.764268
7542	1839.100	1366	0.513269
7543	1839.344	878	0.329905
7544	1839.587	502	0.188625
7545	1839.831	300	0.112724
7546	1840.075	133	0.0499743
7547	1840.319	111	0.0417078
7548	1840.563	65	0.0244235
7549	1840.807	67	0.025175
7550	1841.051	58	0.0217933
7551	1841.295	56	0.0210418
7552	1841.538	54	0.0202903
7553	1841.782	48	0.0180358
7554	1842.026	41	0.0154056
7555	1842.270	42	0.0157813
7556	1842.514	39	0.0146541
7557	1842.758	36	0.0135269
7558	1843.002	28	0.0105209
7559	1843.245	37	0.0139026
7560	1843.489	35	0.0131511
7561	1843.733	27	0.0101452
7562	1843.977	18	0.00676343
7563	1844.221	19	0.00713918
7564	1844.465	18	0.00676343
7565	1844.709	25	0.00939366
7566	1844.952	22	0.00826642
7567	1845.196	26	0.0097694
7568	1845.440	20	0.00751493
7569	1845.684	10	0.00375746
7570	1845.928	16	0.00601194
7571	1846.172	17	0.00638769
7572	1846.416	15	0.00563619
7573	1846.660	18	0.00676343
7574	1846.903	24	0.00901791
7575	1847.147	20	0.00751493
7576	1847.391	17	0.00638769
7577	1847.635	14	0.00526045
7578	1847.879	20	0.00751493
7579	1848.123	21	0.00789067
7580	1848.367	33	0.0123996
7581	1848.610	29	0.0108966
7582	1848.854	30	0.0112724
7583	1849.098	41	0.0154056
7584	1849.342	53	0.0199146
7585	1849.586	57	0.0214175
7586	1849.830	61	0.0229205
7587	1850.074	99	0.0371989
7588	1850.317	110	0.0413321
7589	1850.561	138	0.051853
7590	1850.805	163	0.0612467
7591	1851.049	197	0.074022
7592	1851.293	207	0.0777795
7593	1851.537	202	0.0759008
7594	1851.781	228	0.0856702
7595	1852.025	172	0.0646284
7596	1852.268	186	0.0698888
7597	1852.512	145	0.0544832
7598	1852.756	126	0.047344
7599	1853.000	110	0.0413321
7600	1853.244	67	0.025175
7601	1853.488	60	0.0225448
7602	1853.732	66	0.0247993
7603	1853.975	42	0.0157813
7604	1854.219	33	0.0123996
7605	1854.463	36	0.0135269
7606	1854.707	26	0.0097694
7607	1854.951	36	0.0135269
7608	1855.195	17	0.00638769
7609	1855.439	12	0.00450896
7610	1855.683	11	0.00413321
7611	1855.926	13	0.0048847
7612	1856.170	12	0.00450896
7613	1856.414	8	0.00300597
7614	1856.658	15	0.00563619
7615	1856.902	10	0.00375746
7616	1857.146	15	0.00563619
7617	1857.390	13	0.0048847
7618	1857.633	10	0.00375746
7619	1857.877	14	0.00526045
7620	1858.121	15	0.00563619
7621	1858.365	14	0.00526045
7622	1858.609	11	0.00413321
7623	1858.853	13	0.0048847
7624	1859.097	19	0.00713918
7625	1859.340	22	0.00826642
7626	1859.584	17	0.00638769
7627	1859.828	15	0.00563619
7628	1860.072	17	0.00638769
7629	1860.316	11	0.00413321
7630	1860.560	8	0.00300597
7631	1860.804	14	0.00526045
7632	1861.048	6	0.00225448
7633	1861.291	13	0.0048847
7634	1861.535	9	0.00338172
7635	1861.779	14	0.00526045
7636	1862.023	9	0.00338172
7637	1862.267	12	0.00450896
7638	1862.511	12	0.00450896
7639	1862.755	10	0.00375746
7640	1862.998	11	0.00413321
7641	1863.242	10	0.00375746
7642	1863.486	5	0.00187873
7643	1863.730	10	0.00375746
7644	1863.974	9	0.00338172
7645	1864.218	6	0.00225448
7646	1864.462	5	0.00187873
7647	1864.705	12	0.00450896
7648	1864.949	4	0.00150299
7649	1865.193	5	0.00187873
7650	1865.437	7	0.00263022
7651	1865.681	7	0.00263022
7652	1865.925	6	0.00225448
7653	1866.169	3	0.00112724
7654	1866.413	4	0.00150299
7655	1866.656	7	0.00263022
7656	1866.900	5	0.00187873
7657	1867.144	7	0.00263022
7658	1867.388	4	0.00150299
7659	1867.632	5	0.00187873
7660	1867.876	7	0.00263022
7661	1868.120	6	0.00225448
7662	1868.363	10	0.00375746
7663	1868.607	2	0.000751493
7664	1868.851	6	0.00225448
7665	1869.095	10	0.00375746
7666	1869.339	5	0.00187873
7667	1869.583	5	0.00187873
7668	1869.827	4	0.00150299
7669	1870.071	5	0.00187873
7670	1870.314	11	0.00413321
7671	1870.558	7	0.00263022
7672	1870.802	6	0.00225448
7673	1871.046	12	0.00450896
7674	1871.290	8	0.00300597
7675	1871.534	10	0.00375746
7676	1871.778	9	0.00338172
7677	1872.021	6	0.00225448
7678	1872.265	4	0.00150299
7679	1872.509	4	0.00150299
7680	1872.753	7	0.00263022
7681	1872.997	8	0.00300597
7682	1873.241	7	0.00263022
7683	1873.485	5	0.00187873
7684	1873.728	4	0.00150299
7685	1873.972	7	0.00263022
7686	1874.216	8	0.00300597
7687	1874.460	5	0.00187873
7688	1874.704	10	0.00375746
7689	1874.948	8	0.00300597
7690	1875.192	11	0.00413321
7691	1875.436	3	0.00112724
7692	1875.679	6	0.00225448
7693	1875.923	5	0.00187873
7694	1876.167	8	0.00300597
7695	1876.411	7	0.00263022
7696	1876.655	12	0.00450896
7697	1876.899	8	0.00300597
7698	1877.143	6	0.00225448
7699	1877.386	4	0.00150299
7700	1877.630	8	0.00300597
7701	1877.874	6	0.00225448
7702	1878.118	8	0.00300597
7703	1878.362	8	0.00300597
7704	1878.606	8	0.00300597
7705	1878.850	9	0.00338172
7706	1879.093	3	0.00112724
7707	1879.337	4	0.00150299
7708	1879.581	5	0.00187873
7709	1879.825	4	0.00150299
7710	1880.069	3	0.00112724
7711	1880.313	7	0.00263022
7712	1880.557	2	0.000751493
7713	1880.801	7	0.00263022
7714	1881.044	9	0.00338172
7715	1881.288	10	0.00375746
7716	1881.532	4	0.00150299
7717	1881.776	5	0.00187873
7718	1882.020	2	0.000751493
7719	1882.264	4	0.00150299
7720	1882.508	8	0.00300597
7721	1882.751	8	0.00300597
7722	1882.995	5	0.00187873
7723	1883.239	9	0.00338172
7724	1883.483	5	0.00187873
7725	1883.727	5	0.00187873
7726	1883.971	6	0.00225448
7727	1884.215	8	0.00300597
7728	1884.459	3	0.00112724
7729	1884.702	5	0.00187873
7730	1884.946	5	0.00187873
7731	1885.190	5	0.00187873
7732	1885.434	4	0.00150299
7733	1885.678	5	0.00187873
7734	1885.922	8	0.00300597
7735	1886.166	4	0.00150299
7736	1886.409	5	0.00187873
7737	1886.653	4	0.00150299
7738	1886.897	8	0.00300597
7739	1887.141	6	0.00225448
7740	1887.385	9	0.00338172
7741	1887.629	12	0.00450896
7742	1887.873	6	0.00225448
7743	1888.116	8	0.00300597
7744	1888.360	8	0.00300597
7745	1888.604	8	0.00300597
7746	1888.848	6	0.00225448
7747	1889.092	6	0.00225448
7748	1889.336	9	0.00338172
7749	1889.580	7	0.00263022
7750	1889.824	9	0.00338172
7751	1890.067	7	0.00263022
7752	1890.311	8	0.00300597
7753	1890.555	5	0.00187873
7754	1890.799	5	0.00187873
7755	1891.043	4	0.00150299
7756	1891.287	7	0.00263022
7757	1891.531	3	0.00112724
7758	1891.774	4	0.00150299
7759	1892.018	9	0.00338172
7760	1892.262	10	0.00375746
7761	1892.506	5	0.00187873
7762	1892.750	12	0.00450896
7763	1892.994	11	0.00413321
7764	1893.238	12	0.00450896
7765	1893.482	7	0.00263022
7766	1893.725	9	0.00338172
7767	1893.969	7	0.00263022
7768	1894.213	10	0.00375746
7769	1894.457	8	0.00300597
7770	1894.701	4	0.00150299
7771	1894.945	5	0.00187873
7772	1895.189	6	0.00225448
7773	1895.432	7	0.00263022
7774	1895.676	9	0.00338172
7775	1895.920	4	0.00150299
7776	1896.164	8	0.00300597
7777	1896.408	6	0.00225448
7778	1896.652	8	0.00300597
7779	1896.896	8	0.00300597
7780	1897.139	8	0.00300597
7781	1897.383	9	0.00338172
7782	1897.627	6	0.00225448
7783	1897.871	8	0.00300597
7784	1898.115	7	0.00263022
7785	1898.359	6	0.00225448
7786	1898.603	11	0.00413321
7787	1898.847	11	0.00413321
7788	1899.090	11	0.00413321
7789	1899.334	5	0.00187873
7790	1899.578	15	0.00563619
7791	1899.822	7	0.00263022
7792	1900.066	12	0.00450896
7793	1900.310	6	0.00225448
7794	1900.554	7	0.00263022
7795	1900.797	5	0.00187873
7796	1901.041	9	0.00338172
7797	1901.285	5	0.00187873
7798	1901.529	8	0.00300597
7799	1901.773	4	0.00150299
7800	1902.017	9	0.00338172
7801	1902.261	4	0.00150299
7802	1902.504	6	0.00225448
7803	1902.748	12	0.00450896
7804	1902.992	4	0.00150299
7805	1903.236	6	0.00225448
7806	1903.480	7	0.00263022
7807	1903.724	5	0.00187873
7808	1903.968	7	0.00263022
7809	1904.212	6	0.00225448
7810	1904.455	6	0.00225448
7811	1904.699	8	0.00300597
7812	1904.943	3	0.00112724
7813	1905.187	10	0.00375746
7814	1905.431	8	0.00300597
7815	1905.675	6	0.00225448
7816	1905.919	6	0.00225448
7817	1906.162	6	0.00225448
7818	1906.406	9	0.00338172
7819	1906.650	4	0.00150299
7820	1906.894	7	0.00263022
7821	1907.138	11	0.00413321
7822	1907.382	2	0.000751493
7823	1907.626	8	0.00300597
7824	1907.870	4	0.00150299
7825	1908.113	7	0.00263022
7826	1908.357	10	0.00375746
7827	1908.601	8	0.00300597
7828	1908.845	10	0.00375746
7829	1909.089	6	0.00225448
7830	1909.333	4	0.00150299
7831	1909.577	4	0.00150299
7832	1909.820	3	0.00112724
7833	1910.064	5	0.00187873
7834	1910.308	7	0.00263022
7835	1910.552	6	0.00225448
7836	1910.796	4	0.00150299
7837	1911.040	6	0.00225448
7838	1911.284	2	0.000751493
7839	1911.527	11	0.00413321
7840	1911.771	7	0.00263022
7841	1912.015	5	0.00187873
7842	1912.259	5	0.00187873
7843	1912.503	6	0.00225448
7844	1912.747	4	0.00150299
7845	1912.991	8	0.00300597
7846	1913.235	11	0.00413321
7847	1913.478	5	0.00187873
7848	1913.722	7	0.00263022
7849	1913.966	8	0.00300597
7850	1914.210	7	0.00263022
7851	1914.454	5	0.00187873
7852	1914.698	5	0.00187873
7853	1914.942	10	0.00375746
7854	1915.185	3	0.00112724
7855	1915.429	6	0.00225448
7856	1915.673	5	0.00187873
7857	1915.917	6	0.00225448
7858	1916.161	5	0.00187873
7859	1916.405	8	0.00300597
7860	1916.649	4	0.00150299
7861	1916.892	8	0.00300597
7862	1917.136	8	0.00300597
7863	1917.380	11	0.00413321
7864	1917.624	9	0.00338172
7865	1917.868	8	0.00300597
7866	1918.112	8	0.00300597
7867	1918.356	4	0.00150299
7868	1918.600	11	0.00413321
7869	1918.843	8	0.00300597
7870	1919.087	6	0.00225448
7871	1919.331	5	0.00187873
7872	1919.575	9	0.00338172
7873	1919.819	1	0.000375746
7874	1920.063	7	0.00263022
7875	1920.307	10	0.00375746
7876	1920.550	10	0.00375746
7877	1920.794	2	0.000751493
7878	1921.038	5	0.00187873
7879	1921.282	5	0.00187873
7880	1921.526	3	0.00112724
7881	1921.770	9	0.00338172
7882	1922.014	10	0.00375746
7883	1922.258	8	0.00300597
7884	1922.501	5	0.00187873
7885	1922.745	6	0.00225448
7886	1922.989	7	0.00263022
7887	1923.233	5	0.00187873
7888	1923.477	5	0.00187873
7889	1923.721	9	0.00338172
7890	1923.965	9	0.00338172
7891	1924.208	6	0.00225448
7892	1924.452	8	0.00300597
7893	1924.696	6	0.00225448
7894	1924.940	4	0.00150299
7895	1925.184	8	0.00300597
7896	1925.428	9	0.00338172
7897	1925.672	7	0.00263022
7898	1925.915	8	0.00300597
7899	1926.159	2	0.000751493
7900	1926.403	9	0.00338172
7901	1926.647	6	0.00225448
7902	1926.891	6	0.00225448
7903	1927.135	5	0.00187873
7904	1927.379	11	0.00413321
7905	1927.623	6	0.00225448
7906	1927.866	6	0.00225448
7907	1928.110	9	0.00338172
7908	1928.354	10	0.00375746
7909	1928.598	6	0.00225448
7910	1928.842	7	0.00263022
7911	1929.086	4	0.00150299
7912	1929.330	6	0.00225448
7913	1929.573	7	0.00263022
7914	1929.817	7	0.00263022
7915	1930.061	9	0.00338172
7916	1930.305	6	0.00225448
7917	1930.549	7	0.00263022
7918	1930.793	6	0.00225448
7919	1931.037	7	0.00263022
7920	1931.280	7	0.00263022
7921	1931.524	3	0.00112724
7922	1931.768	5	0.00187873
7923	1932.012	5	0.00187873
7924	1932.256	4	0.00150299
7925	1932.500	7	0.00263022
7926	1932.744	9	0.00338172
7927	1932.988	8	0.00300597
7928	1933.231	11	0.00413321
7929	1933.475	6	0.00225448
7930	1933.719	10	0.00375746
7931	1933.963	6	0.00225448
7932	1934.207	1	0.000375746
7933	1934.451	7	0.00263022
7934	1934.695	7	0.00263022
7935	1934.938	4	0.00150299
7936	1935.182	8	0.00300597
7937	1935.426	10	0.00375746
7938	1935.670	12	0.00450896
7939	1935.914	7	0.00263022
7940	1936.158	7	0.00263022
7941	1936.402	4	0.00150299
7942	1936.646	3	0.00112724
7943	1936.889	5	0.00187873
7944	1937.133	8	0.00300597
7945	1937.377	7	0.00263022
7946	1937.621	4	0.00150299
7947	1937.865	4	0.00150299
7948	1938.109	10	0.00375746
7949	1938.353	8	0.00300597
7950	1938.596	6	0.00225448
7951	1938.840	7	0.00263022
7952	1939.084	6	0.00225448
7953	1939.328	4	0.00150299
7954	1939.572	6	0.00225448
7955	1939.816	5	0.00187873
7956	1940.060	8	0.00300597
7957	1940.303	7	0.00263022
7958	1940.547	7	0.00263022
7959	1940.791	9	0.00338172
7960	1941.035	7	0.00263022
7961	1941.279	6	0.00225448
7962	1941.523	6	0.00225448
7963	1941.767	2	0.000751493
7964	1942.011	7	0.00263022
7965	1942.254	6	0.00225448
7966	1942.498	7	0.00263022
7967	1942.742	6	0.00225448
7968	1942.986	7	0.00263022
7969	1943.230	6	0.00225448
7970	1943.474	1	0.000375746
7971	1943.718	8	0.00300597
7972	1943.961	7	0.00263022
7973	1944.205	5	0.00187873
7974	1944.449	9	0.00338172
7975	1944.693	4	0.00150299
7976	1944.937	9	0.00338172
7977	1945.181	10	0.00375746
7978	1945.425	6	0.00225448
7979	1945.669	6	0.00225448
7980	1945.912	14	0.00526045
7981	1946.156	3	0.00112724
7982	1946.400	5	0.00187873
7983	1946.644	9	0.00338172
7984	1946.888	5	0.00187873
7985	1947.132	8	0.00300597
7986	1947.376	10	0.00375746
7987	1947.619	2	0.000751493
7988	1947.863	9	0.00338172
7989	1948.107	5	0.00187873
7990	1948.351	7	0.00263022
7991	1948.595	7	0.00263022
7992	1948.839	7	0.00263022
7993	1949.083	8	0.00300597
7994	1949.326	5	0.00187873
7995	1949.570	3	0.00112724
7996	1949.814	3	0.00112724
7997	1950.058	7	0.00263022
7998	1950.302	5	0.00187873
7999	1950.546	4	0.00150299
8000	1950.790	1	0.000375746
8001	1951.034	5	0.00187873
8002	1951.277	4	0.00150299
8003	1951.521	6	0.00225448
8004	1951.765	3	0.00112724
8005	1952.009	10	0.00375746
8006	1952.253	5	0.00187873
8007	1952.497	8	0.00300597
8008	1952.741	5	0.00187873
8009	1952.984	6	0.00225448
8010	1953.228	8	0.00300597
8011	1953.472	8	0.00300597
8012	1953.716	10	0.00375746
8013	1953.960	6	0.00225448
8014	1954.204	5	0.00187873
8015	1954.448	4	0.00150299
8016	1954.691	4	0.00150299
8017	1954.935	3	0.00112724
8018	1955.179	3	0.00112724
8019	1955.423	5	0.00187873
8020	1955.667	5	0.00187873
8021	1955.911	5	0.00187873
8022	1956.155	6	0.00225448
8023	1956.399	7	0.00263022
8024	1956.642	6	0.00225448
8025	1956.886	7	0.00263022
8026	1957.130	3	0.00112724
8027	1957.374	5	0.00187873
8028	1957.618	4	0.00150299
8029	1957.862	5	0.00187873
8030	1958.106	10	0.00375746
8031	1958.349	3	0.00112724
8032	1958.593	7	0.00263022
8033	1958.837	7	0.00263022
8034	1959.081	11	0.00413321
8035	1959.325	5	0.00187873
8036	1959.569	7	0.00263022
8037	1959.813	2	0.000751493
8038	1960.057	7	0.00263022
8039	1960.300	3	0.00112724
8040	1960.544	10	0.00375746
8041	1960.788	7	0.00263022
8042	1961.032	11	0.00413321
8043	1961.276	8	0.00300597
8044	1961.520	2	0.000751493
8045	1961.764	10	0.00375746
8046	1962.007	10	0.00375746
8047	1962.251	5	0.00187873
8048	1962.495	8	0.00300597
8049	1962.739	4	0.00150299
8050	1962.983	6	0.00225448
8051	1963.227	8	0.00300597
8052	1963.471	5	0.00187873
8053	1963.714	4	0.00150299
8054	1963.958	5	0.00187873
8055	1964.202	8	0.00300597
8056	1964.446	2	0.000751493
8057	1964.690	7	0.00263022
8058	1964.934	1	0.000375746
8059	1965.178	3	0.00112724
8060	1965.422	5	0.00187873
8061	1965.665	8	0.00300597
8062	1965.909	10	0.00375746
8063	1966.153	6	0.00225448
8064	1966.397	5	0.00187873
8065	1966.641	11	0.00413321
8066	1966.885	7	0.00263022
8067	1967.129	3	0.00112724
8068	1967.372	3	0.00112724
8069	1967.616	7	0.00263022
8070	1967.860	4	0.00150299
8071	1968.104	7	0.00263022
8072	1968.348	2	0.000751493
8073	1968.592	7	0.00263022
8074	1968.836	5	0.00187873
8075	1969.079	9	0.00338172
8076	1969.323	9	0.00338172
8077	1969.567	7	0.00263022
8078	1969.811	5	0.00187873
8079	1970.055	7	0.00263022
8080	1970.299	3	0.00112724
8081	1970.543	6	0.00225448
8082	1970.787	3	0.00112724
8083	1971.030	4	0.00150299
8084	1971.274	8	0.00300597
8085	1971.518	3	0.00112724
8086	1971.762	2	0.000751493
8087	1972.006	5	0.00187873
8088	1972.250	4	0.00150299
8089	1972.494	7	0.00263022
8090	1972.737	1	0.000375746
8091	1972.981	9	0.00338172
8092	1973.225	7	0.00263022
8093	1973.469	6	0.00225448
8094	1973.713	6	0.00225448
8095	1973.957	3	0.00112724
8096	1974.201	9	0.00338172
8097	1974.445	5	0.00187873
8098	1974.688	8	0.00300597
8099	1974.932	3	0.00112724
8100	1975.176	4	0.00150299
8101	1975.420	7	0.00263022
8102	1975.664	6	0.00225448
8103	1975.908	5	0.00187873
8104	1976.152	7	0.00263022
8105	1976.395	4	0.00150299
8106	1976.639	4	0.00150299
8107	1976.883	7	0.00263022
8108	1977.127	10	0.00375746
8109	1977.371	8	0.00300597
8110	1977.615	7	0.00263022
8111	1977.859	5	0.00187873
8112	1978.102	5	0.00187873
8113	1978.346	11	0.00413321
8114	1978.590	7	0.00263022
8115	1978.834	6	0.00225448
8116	1979.078	6	0.00225448
8117	1979.322	9	0.00338172
8118	1979.566	7	0.00263022
8119	1979.810	8	0.00300597
8120	1980.053	4	0.00150299
8121	1980.297	2	0.000751493
8122	1980.541	6	0.00225448
8123	1980.785	4	0.00150299
8124	1981.029	5	0.00187873
8125	1981.273	10	0.00375746
8126	1981.517	5	0.00187873
8127	1981.760	7	0.00263022
8128	1982.004	11	0.00413321
8129	1982.248	7	0.00263022
8130	1982.492	4	0.00150299
8131	1982.736	13	0.0048847
8132	1982.980	6	0.00225448
8133	1983.224	1	0.000375746
8134	1983.468	7	0.00263022
8135	1983.711	4	0.00150299
8136	1983.955	7	0.00263022
8137	1984.199	3	0.00112724
8138	1984.443	5	0.00187873
8139	1984.687	6	0.00225448
8140	1984.931	3	0.00112724
8141	1985.175	3	0.00112724
8142	1985.418	6	0.00225448
8143	1985.662	3	0.00112724
8144	1985.906	8	0.00300597
8145	1986.150	7	0.00263022
8146	1986.394	3	0.00112724
8147	1986.638	7	0.00263022
8148	1986.882	1	0.000375746
8149	1987.125	4	0.00150299
8150	1987.369	7	0.00263022
8151	1987.613	5	0.00187873
8152	1987.857	4	0.00150299
8153	1988.101	9	0.00338172
8154	1988.345	8	0.00300597
8155	1988.589	6	0.00225448
8156	1988.833	4	0.00150299
8157	1989.076	5	0.00187873
8158	1989.320	9	0.00338172
8159	1989.564	12	0.00450896
8160	1989.808	3	0.00112724
8161	1990.052	6	0.00225448
8162	1990.296	5	0.00187873
8163	1990.540	5	0.00187873
8164	1990.783	8	0.00300597
8165	1991.027	5	0.00187873
8166	1991.271	9	0.00338172
8167	1991.515	5	0.00187873
8168	1991.759	6	0.00225448
8169	1992.003	7	0.00263022
8170	1992.247	7	0.00263022
8171	1992.490	4	0.00150299
8172	1992.734	11	0.00413321
8173	1992.978	7	0.00263022
8174	1993.222	6	0.00225448
8175	1993.466	4	0.00150299
8176	1993.710	5	0.00187873
8177	1993.954	3	0.00112724
8178	1994.198	7	0.00263022
8179	1994.441	4	0.00150299
8180	1994.685	8	0.00300597
8181	1994.929	7	0.00263022
8182	1995.173	3	0.00112724
8183	1995.417	5	0.00187873
8184	1995.661	5	0.00187873
8185	1995.905	6	0.00225448
8186	1996.148	7	0.00263022
8187	1996.392	6	0.00225448
8188	1996.636	10	0.00375746
8189	1996.880	5	0.00187873
8190	1997.124	4	0.00150299
8191	1997.368	7	0.00263022
8192	1997.612	4	0.00150299
