#
# Sample name: Sample title.                                                   
# Sample id:   
# Sample type: 
# User name:   
# Sample description: 
#
# Start time:    2025-12-17, 14:16:12
# Real time (s): 77709.900
# Live time (s): 76874.930
#
# Total counts:  60769423
#
# Left marker:  20 (4.751 keV)
# Right marker: 50 (12.067 keV)
# Counts:       1153517
#
# Energy calibration coefficients ( E = sum(Ai * n**i) )
#     A0: -0.126274
#     A1: 0.243864
#     A2: 0.000000
#     A3: 0.000000
# Energy unit: keV
#
# Channel data
# n	energy(keV)	counts	rate(1/s)
#-----------------------------------------------------------------------
1	0.118	8	0.000104065
2	0.361	6	7.80489e-05
3	0.605	10	0.000130081
4	0.849	11	0.00014309
5	1.093	14	0.000182114
6	1.337	9	0.000117073
7	1.581	3	3.90244e-05
8	1.825	8	0.000104065
9	2.069	6	7.80489e-05
10	2.312	7	9.1057e-05
11	2.556	12	0.000156098
12	2.800	15	0.000195122
13	3.044	7	9.1057e-05
14	3.288	9	0.000117073
15	3.532	8	0.000104065
16	3.776	17	0.000221138
17	4.019	17	0.000221138
18	4.263	16	0.00020813
19	4.507	13	0.000169106
20	4.751	10	0.000130081
21	4.995	13	0.000169106
22	5.239	20	0.000260163
23	5.483	16	0.00020813
24	5.726	25	0.000325204
25	5.970	122	0.00158699
26	6.214	1425	0.0185366
27	6.458	7339	0.0954668
28	6.702	15627	0.203278
29	6.946	20856	0.271298
30	7.190	23634	0.307434
31	7.434	25458	0.331161
32	7.677	26963	0.350739
33	7.921	28266	0.367688
34	8.165	28115	0.365724
35	8.409	26653	0.346706
36	8.653	24895	0.323838
37	8.897	22754	0.295987
38	9.141	22196	0.288729
39	9.384	22966	0.298745
40	9.628	24784	0.322394
41	9.872	28278	0.367844
42	10.116	33746	0.438973
43	10.360	40314	0.52441
44	10.604	50387	0.655441
45	10.848	62831	0.817315
46	11.091	77357	1.00627
47	11.335	95919	1.24773
48	11.579	119869	1.55927
49	11.823	147495	1.91864
50	12.067	175194	2.27895
51	12.311	196727	2.55905
52	12.555	212372	2.76257
53	12.799	228179	2.96818
54	13.042	257077	3.34409
55	13.286	308126	4.00815
56	13.530	375484	4.88435
57	13.774	440999	5.73658
58	14.018	484079	6.29697
59	14.262	481873	6.26827
60	14.506	434858	5.65669
61	14.749	353191	4.59436
62	14.993	267970	3.48579
63	15.237	201300	2.61854
64	15.481	158374	2.06015
65	15.725	135009	1.75622
66	15.969	119898	1.55965
67	16.213	107649	1.40031
68	16.457	97596	1.26954
69	16.700	92318	1.20089
70	16.944	93698	1.21884
71	17.188	101517	1.32055
72	17.432	113641	1.47826
73	17.676	122153	1.58898
74	17.920	121451	1.57985
75	18.164	109575	1.42537
76	18.407	90193	1.17324
77	18.651	71003	0.923617
78	18.895	56884	0.739955
79	19.139	51965	0.675968
80	19.383	55646	0.723851
81	19.627	67877	0.882954
82	19.871	89275	1.1613
83	20.114	122861	1.59819
84	20.358	174517	2.27014
85	20.602	251625	3.27317
86	20.846	374803	4.87549
87	21.090	580051	7.54539
88	21.334	910623	11.8455
89	21.578	1363434	17.7357
90	21.822	1864300	24.2511
91	22.065	2236595	29.0939
92	22.309	2318521	30.1597
93	22.553	2056319	26.7489
94	22.797	1555838	20.2386
95	23.041	1009060	13.126
96	23.285	574868	7.47796
97	23.529	310895	4.04417
98	23.772	194875	2.53496
99	24.016	181538	2.36147
100	24.260	232009	3.01801
101	24.504	325028	4.22801
102	24.748	423724	5.51186
103	24.992	495080	6.44007
104	25.236	502584	6.53768
105	25.479	443483	5.76889
106	25.723	342838	4.45969
107	25.967	236555	3.07714
108	26.211	149715	1.94751
109	26.455	93572	1.2172
110	26.699	60007	0.78058
111	26.943	42430	0.551935
112	27.187	33368	0.434056
113	27.430	29706	0.38642
114	27.674	28860	0.375415
115	27.918	31246	0.406452
116	28.162	34657	0.450823
117	28.406	39142	0.509165
118	28.650	43529	0.566231
119	28.894	48436	0.630062
120	29.137	53340	0.693854
121	29.381	60964	0.793028
122	29.625	75647	0.984027
123	29.869	104652	1.36133
124	30.113	153964	2.00279
125	30.357	222425	2.89334
126	30.601	295156	3.83943
127	30.845	348401	4.53205
128	31.088	360736	4.69251
129	31.332	326754	4.25046
130	31.576	261390	3.4002
131	31.820	193687	2.51951
132	32.064	139569	1.81553
133	32.308	115166	1.4981
134	32.552	116105	1.51031
135	32.795	136108	1.77051
136	33.039	165075	2.14732
137	33.283	185035	2.40696
138	33.527	189452	2.46442
139	33.771	171849	2.23544
140	34.015	143091	1.86135
141	34.259	113599	1.47771
142	34.502	96160	1.25086
143	34.746	90329	1.17501
144	34.990	91183	1.18612
145	35.234	89775	1.16781
146	35.478	82174	1.06893
147	35.722	70696	0.919624
148	35.966	57003	0.741503
149	36.210	45228	0.588332
150	36.453	35974	0.467955
151	36.697	30624	0.398361
152	36.941	29805	0.387708
153	37.185	32186	0.41868
154	37.429	37913	0.493178
155	37.673	43912	0.571214
156	37.917	47695	0.620423
157	38.160	46594	0.606101
158	38.404	41024	0.533646
159	38.648	34476	0.448469
160	38.892	28061	0.365021
161	39.136	22160	0.28826
162	39.380	17878	0.23256
163	39.624	14192	0.184612
164	39.868	12028	0.156462
165	40.111	10396	0.135233
166	40.355	9940	0.129301
167	40.599	9757	0.12692
168	40.843	9316	0.121184
169	41.087	9404	0.122329
170	41.331	9512	0.123733
171	41.575	9543	0.124137
172	41.818	9572	0.124514
173	42.062	9704	0.126231
174	42.306	9971	0.129704
175	42.550	10183	0.132462
176	42.794	10271	0.133607
177	43.038	10400	0.135285
178	43.282	10920	0.142049
179	43.525	10893	0.141698
180	43.769	11106	0.144468
181	44.013	10860	0.141268
182	44.257	10921	0.142062
183	44.501	10908	0.141893
184	44.745	10934	0.142231
185	44.989	10852	0.141164
186	45.233	10662	0.138693
187	45.476	10786	0.140306
188	45.720	10823	0.140787
189	45.964	10919	0.142036
190	46.208	10922	0.142075
191	46.452	10998	0.143064
192	46.696	11124	0.144703
193	46.940	11440	0.148813
194	47.183	11603	0.150933
195	47.427	11967	0.155668
196	47.671	12400	0.161301
197	47.915	12854	0.167207
198	48.159	13552	0.176286
199	48.403	14151	0.184078
200	48.647	15345	0.19961
201	48.890	16101	0.209444
202	49.134	17168	0.223324
203	49.378	18257	0.23749
204	49.622	18726	0.24359
205	49.866	19227	0.250108
206	50.110	19310	0.251187
207	50.354	19419	0.252605
208	50.598	19456	0.253086
209	50.841	19469	0.253256
210	51.085	19912	0.259018
211	51.329	20424	0.265678
212	51.573	21222	0.276059
213	51.817	21975	0.285854
214	52.061	22980	0.298927
215	52.305	24595	0.319935
216	52.548	26562	0.345522
217	52.792	28991	0.377119
218	53.036	30661	0.398843
219	53.280	31964	0.415792
220	53.524	31325	0.40748
221	53.768	29108	0.378641
222	54.012	26770	0.348228
223	54.256	24908	0.324007
224	54.499	23180	0.301529
225	54.743	21987	0.28601
226	54.987	21226	0.276111
227	55.231	20860	0.27135
228	55.475	20157	0.262205
229	55.719	19682	0.256026
230	55.963	19100	0.248456
231	56.206	18294	0.237971
232	56.450	18041	0.23468
233	56.694	17558	0.228397
234	56.938	17048	0.221763
235	57.182	16867	0.219408
236	57.426	16465	0.214179
237	57.670	16972	0.220774
238	57.913	18838	0.245047
239	58.157	25316	0.329314
240	58.401	41842	0.544287
241	58.645	75703	0.984755
242	58.889	130435	1.69672
243	59.133	203043	2.64121
244	59.377	272223	3.54112
245	59.621	311056	4.04626
246	59.864	302282	3.93213
247	60.108	249079	3.24005
248	60.352	176244	2.29261
249	60.596	106869	1.39017
250	60.840	58437	0.760157
251	61.084	30989	0.403109
252	61.328	18305	0.238114
253	61.571	13746	0.17881
254	61.815	12451	0.161964
255	62.059	11987	0.155929
256	62.303	12119	0.157646
257	62.547	12007	0.156189
258	62.791	11840	0.154016
259	63.035	11736	0.152664
260	63.278	11882	0.154563
261	63.522	11755	0.152911
262	63.766	11688	0.152039
263	64.010	12212	0.158855
264	64.254	12049	0.156735
265	64.498	12091	0.157281
266	64.742	12084	0.15719
267	64.986	12018	0.156332
268	65.229	12290	0.15987
269	65.473	12638	0.164397
270	65.717	12878	0.167519
271	65.961	13302	0.173034
272	66.205	13332	0.173425
273	66.449	13423	0.174608
274	66.693	13782	0.179278
275	66.936	13703	0.178251
276	67.180	13788	0.179356
277	67.424	13935	0.181268
278	67.668	14139	0.183922
279	67.912	14012	0.18227
280	68.156	14100	0.183415
281	68.400	14213	0.184885
282	68.644	14220	0.184976
283	68.887	14252	0.185392
284	69.131	14202	0.184742
285	69.375	13977	0.181815
286	69.619	14408	0.187421
287	69.863	14196	0.184664
288	70.107	14555	0.189334
289	70.351	14001	0.182127
290	70.594	14411	0.18746
291	70.838	14278	0.18573
292	71.082	14401	0.18733
293	71.326	14514	0.1888
294	71.570	14367	0.186888
295	71.814	14458	0.188072
296	72.058	14317	0.186238
297	72.301	14525	0.188943
298	72.545	14434	0.18776
299	72.789	14473	0.188267
300	73.033	14627	0.19027
301	73.277	14495	0.188553
302	73.521	14139	0.183922
303	73.765	14092	0.183311
304	74.009	14128	0.183779
305	74.252	14123	0.183714
306	74.496	14421	0.18759
307	74.740	14401	0.18733
308	74.984	14678	0.190934
309	75.228	14361	0.18681
310	75.472	14151	0.184078
311	75.716	13977	0.181815
312	75.959	13521	0.175883
313	76.203	13104	0.170459
314	76.447	12726	0.165542
315	76.691	12757	0.165945
316	76.935	12738	0.165698
317	77.179	12642	0.164449
318	77.423	12613	0.164072
319	77.666	12470	0.162212
320	77.910	12519	0.162849
321	78.154	12473	0.162251
322	78.398	12639	0.16441
323	78.642	13483	0.175389
324	78.886	14988	0.194966
325	79.130	17005	0.221203
326	79.374	19967	0.259734
327	79.617	24243	0.315356
328	79.861	31457	0.409197
329	80.105	43904	0.571109
330	80.349	63320	0.823676
331	80.593	89596	1.16548
332	80.837	115175	1.49821
333	81.081	129497	1.68452
334	81.324	126289	1.64279
335	81.568	106573	1.38632
336	81.812	77348	1.00615
337	82.056	50796	0.660762
338	82.300	31372	0.408091
339	82.544	19601	0.254973
340	82.788	14509	0.188735
341	83.032	12179	0.158426
342	83.275	11890	0.154667
343	83.519	11805	0.153561
344	83.763	11970	0.155707
345	84.007	12351	0.160664
346	84.251	12631	0.164306
347	84.495	12590	0.163773
348	84.739	13013	0.169275
349	84.982	13194	0.171629
350	85.226	13013	0.169275
351	85.470	12709	0.16532
352	85.714	12621	0.164176
353	85.958	12590	0.163773
354	86.202	12776	0.166192
355	86.446	13608	0.177015
356	86.689	16452	0.21401
357	86.933	23356	0.303818
358	87.177	35797	0.465652
359	87.421	56321	0.732632
360	87.665	81610	1.06159
361	87.909	104816	1.36346
362	88.153	116264	1.51238
363	88.397	111687	1.45284
364	88.640	92524	1.20357
365	88.884	67560	0.87883
366	89.128	43754	0.569158
367	89.372	27093	0.35243
368	89.616	17451	0.227005
369	89.860	13338	0.173503
370	90.104	11672	0.151831
371	90.347	11207	0.145782
372	90.591	11103	0.144429
373	90.835	11175	0.145366
374	91.079	11117	0.144612
375	91.323	11102	0.144416
376	91.567	11174	0.145353
377	91.811	11253	0.146381
378	92.055	11347	0.147603
379	92.298	11380	0.148033
380	92.542	11419	0.14854
381	92.786	11724	0.152507
382	93.030	11918	0.155031
383	93.274	11563	0.150413
384	93.518	11788	0.15334
385	93.762	11784	0.153288
386	94.005	11862	0.154303
387	94.249	11880	0.154537
388	94.493	11930	0.155187
389	94.737	11970	0.155707
390	94.981	11757	0.152937
391	95.225	11858	0.154251
392	95.469	11911	0.15494
393	95.712	12063	0.156917
394	95.956	12248	0.159324
395	96.200	12171	0.158322
396	96.444	12020	0.156358
397	96.688	12234	0.159142
398	96.932	12159	0.158166
399	97.176	12231	0.159103
400	97.420	12316	0.160208
401	97.663	12477	0.162303
402	97.907	12301	0.160013
403	98.151	12331	0.160403
404	98.395	12237	0.159181
405	98.639	12343	0.160559
406	98.883	12453	0.16199
407	99.127	12831	0.166907
408	99.370	12535	0.163057
409	99.614	12478	0.162316
410	99.858	12443	0.16186
411	100.102	12494	0.162524
412	100.346	12612	0.164059
413	100.590	12504	0.162654
414	100.834	12509	0.162719
415	101.077	12563	0.163421
416	101.321	12800	0.166504
417	101.565	12713	0.165373
418	101.809	12797	0.166465
419	102.053	12883	0.167584
420	102.297	12830	0.166894
421	102.541	12872	0.167441
422	102.785	12838	0.166999
423	103.028	12895	0.16774
424	103.272	12963	0.168625
425	103.516	12970	0.168716
426	103.760	12516	0.16281
427	104.004	12832	0.16692
428	104.248	12512	0.162758
429	104.492	12372	0.160937
430	104.735	12451	0.161964
431	104.979	12519	0.162849
432	105.223	12734	0.165646
433	105.467	12555	0.163317
434	105.711	12292	0.159896
435	105.955	12172	0.158335
436	106.199	12241	0.159233
437	106.443	12337	0.160481
438	106.686	12085	0.157203
439	106.930	11865	0.154342
440	107.174	11921	0.15507
441	107.418	11930	0.155187
442	107.662	11853	0.154186
443	107.906	11694	0.152117
444	108.150	11650	0.151545
445	108.393	11677	0.151896
446	108.637	11543	0.150153
447	108.881	11654	0.151597
448	109.125	11571	0.150517
449	109.369	11545	0.150179
450	109.613	11460	0.149073
451	109.857	11366	0.147851
452	110.100	11391	0.148176
453	110.344	11531	0.149997
454	110.588	11252	0.146368
455	110.832	11280	0.146732
456	111.076	11422	0.148579
457	111.320	11506	0.149672
458	111.564	11802	0.153522
459	111.808	11676	0.151883
460	112.051	12074	0.15706
461	112.295	11916	0.155005
462	112.539	11601	0.150907
463	112.783	11335	0.147447
464	113.027	10980	0.142829
465	113.271	10751	0.139851
466	113.515	10665	0.138732
467	113.758	10508	0.13669
468	114.002	10460	0.136065
469	114.246	10416	0.135493
470	114.490	10498	0.136559
471	114.734	10304	0.134036
472	114.978	10296	0.133932
473	115.222	10198	0.132657
474	115.465	10413	0.135454
475	115.709	10662	0.138693
476	115.953	10343	0.134543
477	116.197	10478	0.136299
478	116.441	10608	0.13799
479	116.685	10653	0.138576
480	116.929	10604	0.137938
481	117.173	10462	0.136091
482	117.416	10348	0.134608
483	117.660	10382	0.135051
484	117.904	10443	0.135844
485	118.148	10522	0.136872
486	118.392	10180	0.132423
487	118.636	10552	0.137262
488	118.880	10660	0.138667
489	119.123	10355	0.134699
490	119.367	10453	0.135974
491	119.611	10369	0.134881
492	119.855	10703	0.139226
493	120.099	10689	0.139044
494	120.343	11837	0.153977
495	120.587	15309	0.199142
496	120.831	24442	0.317945
497	121.074	44694	0.581386
498	121.318	79384	1.03264
499	121.562	129457	1.684
500	121.806	186945	2.43181
501	122.050	230944	3.00415
502	122.294	245318	3.19113
503	122.538	224196	2.91637
504	122.781	175134	2.27817
505	123.025	118946	1.54727
506	123.269	70510	0.917204
507	123.513	38774	0.504378
508	123.757	21587	0.280807
509	124.001	13775	0.179187
510	124.245	10625	0.138212
511	124.488	9828	0.127844
512	124.732	9526	0.123916
513	124.976	9470	0.123187
514	125.220	9438	0.122771
515	125.464	9249	0.120312
516	125.708	9404	0.122329
517	125.952	9364	0.121808
518	126.196	9376	0.121964
519	126.439	9534	0.12402
520	126.683	9313	0.121145
521	126.927	9238	0.120169
522	127.171	9375	0.121951
523	127.415	9352	0.121652
524	127.659	9344	0.121548
525	127.903	9209	0.119792
526	128.146	9180	0.119415
527	128.390	9418	0.122511
528	128.634	9181	0.119428
529	128.878	9153	0.119064
530	129.122	9178	0.119389
531	129.366	9322	0.121262
532	129.610	9117	0.118595
533	129.853	9231	0.120078
534	130.097	9251	0.120338
535	130.341	9188	0.119519
536	130.585	9147	0.118985
537	130.829	9095	0.118309
538	131.073	9183	0.119454
539	131.317	9063	0.117893
540	131.561	9307	0.121067
541	131.804	9135	0.118829
542	132.048	9076	0.118062
543	132.292	9120	0.118634
544	132.536	9019	0.11732
545	132.780	9032	0.11749
546	133.024	9024	0.117385
547	133.268	9034	0.117516
548	133.511	9164	0.119207
549	133.755	8985	0.116878
550	133.999	9054	0.117776
551	134.243	9128	0.118738
552	134.487	9159	0.119142
553	134.731	9182	0.119441
554	134.975	9590	0.124748
555	135.219	10655	0.138602
556	135.462	12694	0.165125
557	135.706	16601	0.215948
558	135.950	22076	0.287168
559	136.194	29082	0.378303
560	136.438	34375	0.447155
561	136.682	36602	0.476124
562	136.926	34971	0.454908
563	137.169	29465	0.383285
564	137.413	22825	0.296911
565	137.657	17154	0.223142
566	137.901	13080	0.170146
567	138.145	10500	0.136585
568	138.389	9345	0.121561
569	138.633	9204	0.119727
570	138.876	9024	0.117385
571	139.120	8968	0.116657
572	139.364	8949	0.11641
573	139.608	8953	0.116462
574	139.852	9061	0.117867
575	140.096	8960	0.116553
576	140.340	8891	0.115655
577	140.584	8934	0.116215
578	140.827	9041	0.117607
579	141.071	8963	0.116592
580	141.315	9027	0.117424
581	141.559	8907	0.115864
582	141.803	9129	0.118751
583	142.047	9136	0.118842
584	142.291	9134	0.118816
585	142.534	9140	0.118894
586	142.778	9152	0.119051
587	143.022	9092	0.11827
588	143.266	9083	0.118153
589	143.510	9236	0.120143
590	143.754	8963	0.116592
591	143.998	9102	0.1184
592	144.242	9165	0.11922
593	144.485	9163	0.119194
594	144.729	9207	0.119766
595	144.973	9285	0.120781
596	145.217	9194	0.119597
597	145.461	9293	0.120885
598	145.705	9262	0.120481
599	145.949	9164	0.119207
600	146.192	9114	0.118556
601	146.436	9149	0.119011
602	146.680	9134	0.118816
603	146.924	9224	0.119987
604	147.168	9260	0.120455
605	147.412	9215	0.11987
606	147.656	9049	0.117711
607	147.899	9194	0.119597
608	148.143	9178	0.119389
609	148.387	9273	0.120625
610	148.631	9238	0.120169
611	148.875	9276	0.120664
612	149.119	9178	0.119389
613	149.363	9430	0.122667
614	149.607	9379	0.122003
615	149.850	9085	0.118179
616	150.094	9412	0.122433
617	150.338	9414	0.122459
618	150.582	9175	0.11935
619	150.826	9363	0.121795
620	151.070	9355	0.121691
621	151.314	9180	0.119415
622	151.557	9108	0.118478
623	151.801	9341	0.121509
624	152.045	9226	0.120013
625	152.289	9474	0.123239
626	152.533	9183	0.119454
627	152.777	9260	0.120455
628	153.021	9064	0.117906
629	153.264	9328	0.12134
630	153.508	9231	0.120078
631	153.752	9363	0.121795
632	153.996	9249	0.120312
633	154.240	9358	0.12173
634	154.484	9237	0.120156
635	154.728	9290	0.120846
636	154.972	9261	0.120468
637	155.215	9280	0.120716
638	155.459	9297	0.120937
639	155.703	9203	0.119714
640	155.947	9277	0.120677
641	156.191	9259	0.120442
642	156.435	9446	0.122875
643	156.679	9283	0.120755
644	156.922	9072	0.11801
645	157.166	9062	0.11788
646	157.410	9027	0.117424
647	157.654	9189	0.119532
648	157.898	8913	0.115942
649	158.142	9001	0.117086
650	158.386	9061	0.117867
651	158.630	8979	0.1168
652	158.873	9110	0.118504
653	159.117	9147	0.118985
654	159.361	9155	0.11909
655	159.605	9176	0.119363
656	159.849	9444	0.122849
657	160.093	9863	0.128299
658	160.337	10165	0.132228
659	160.580	10648	0.138511
660	160.824	10529	0.136963
661	161.068	10549	0.137223
662	161.312	10305	0.134049
663	161.556	10052	0.130758
664	161.800	9484	0.123369
665	162.044	9088	0.118218
666	162.287	8909	0.11589
667	162.531	8755	0.113886
668	162.775	8905	0.115838
669	163.019	8906	0.115851
670	163.263	8839	0.114979
671	163.507	8909	0.11589
672	163.751	8915	0.115968
673	163.995	9054	0.117776
674	164.238	10499	0.136572
675	164.482	13656	0.177639
676	164.726	21605	0.281041
677	164.970	37493	0.487714
678	165.214	64227	0.835474
679	165.458	98333	1.27913
680	165.702	134557	1.75034
681	165.945	159734	2.07784
682	166.189	164071	2.13426
683	166.433	144974	1.88584
684	166.677	112531	1.46382
685	166.921	75052	0.976287
686	167.165	45573	0.59282
687	167.409	25887	0.336742
688	167.652	15194	0.197646
689	167.896	10663	0.138706
690	168.140	8884	0.115564
691	168.384	8400	0.109268
692	168.628	8207	0.106758
693	168.872	8247	0.107278
694	169.116	8487	0.1104
695	169.360	8405	0.109333
696	169.603	8402	0.109294
697	169.847	8454	0.109971
698	170.091	8488	0.110413
699	170.335	8295	0.107903
700	170.579	8308	0.108072
701	170.823	8369	0.108865
702	171.067	8387	0.109099
703	171.310	8513	0.110738
704	171.554	8563	0.111389
705	171.798	8610	0.112
706	172.042	8522	0.110855
707	172.286	8408	0.109372
708	172.530	8466	0.110127
709	172.774	8507	0.11066
710	173.018	8451	0.109932
711	173.261	8787	0.114303
712	173.505	8599	0.111857
713	173.749	8748	0.113795
714	173.993	8735	0.113626
715	174.237	8786	0.11429
716	174.481	8599	0.111857
717	174.725	8728	0.113535
718	174.968	8672	0.112807
719	175.212	8526	0.110907
720	175.456	8688	0.113015
721	175.700	8633	0.112299
722	175.944	8601	0.111883
723	176.188	8744	0.113743
724	176.432	8604	0.111922
725	176.675	8704	0.113223
726	176.919	8558	0.111324
727	177.163	8656	0.112598
728	177.407	8564	0.111402
729	177.651	8553	0.111259
730	177.895	8632	0.112286
731	178.139	8591	0.111753
732	178.383	8491	0.110452
733	178.626	8436	0.109737
734	178.870	8669	0.112768
735	179.114	8490	0.110439
736	179.358	8631	0.112273
737	179.602	8530	0.110959
738	179.846	8690	0.113041
739	180.090	8401	0.109281
740	180.333	8567	0.111441
741	180.577	8511	0.110712
742	180.821	8651	0.112533
743	181.065	8529	0.110946
744	181.309	8463	0.110088
745	181.553	8418	0.109503
746	181.797	8457	0.11001
747	182.041	8515	0.110764
748	182.284	8483	0.110348
749	182.528	8465	0.110114
750	182.772	8382	0.109034
751	183.016	8520	0.110829
752	183.260	8356	0.108696
753	183.504	8469	0.110166
754	183.748	8700	0.113171
755	183.991	8484	0.110361
756	184.235	8489	0.110426
757	184.479	8489	0.110426
758	184.723	8600	0.11187
759	184.967	8590	0.11174
760	185.211	8397	0.109229
761	185.455	8719	0.113418
762	185.698	8684	0.112963
763	185.942	8723	0.11347
764	186.186	8431	0.109672
765	186.430	8664	0.112703
766	186.674	8626	0.112208
767	186.918	8521	0.110842
768	187.162	8454	0.109971
769	187.406	8539	0.111077
770	187.649	8419	0.109516
771	187.893	8487	0.1104
772	188.137	8581	0.111623
773	188.381	8478	0.110283
774	188.625	8505	0.110634
775	188.869	8357	0.108709
776	189.113	8527	0.11092
777	189.356	8665	0.112716
778	189.600	8483	0.110348
779	189.844	8572	0.111506
780	190.088	8489	0.110426
781	190.332	8461	0.110062
782	190.576	8401	0.109281
783	190.820	8377	0.108969
784	191.063	8350	0.108618
785	191.307	8385	0.109073
786	191.551	8362	0.108774
787	191.795	8438	0.109763
788	192.039	8406	0.109346
789	192.283	8379	0.108995
790	192.527	8293	0.107877
791	192.771	8407	0.109359
792	193.014	8358	0.108722
793	193.258	8096	0.105314
794	193.502	8385	0.109073
795	193.746	8230	0.107057
796	193.990	8257	0.107408
797	194.234	8229	0.107044
798	194.478	8270	0.107577
799	194.721	8229	0.107044
800	194.965	8146	0.105964
801	195.209	8221	0.10694
802	195.453	8177	0.106368
803	195.697	8235	0.107122
804	195.941	8388	0.109112
805	196.185	8287	0.107798
806	196.429	8415	0.109464
807	196.672	8319	0.108215
808	196.916	8393	0.109177
809	197.160	8438	0.109763
810	197.404	8339	0.108475
811	197.648	8308	0.108072
812	197.892	8498	0.110543
813	198.136	8419	0.109516
814	198.379	8852	0.115148
815	198.623	8950	0.116423
816	198.867	9353	0.121665
817	199.111	9189	0.119532
818	199.355	9427	0.122628
819	199.599	9495	0.123512
820	199.843	9190	0.119545
821	200.086	9052	0.11775
822	200.330	8694	0.113093
823	200.574	8764	0.114003
824	200.818	8417	0.10949
825	201.062	8413	0.109437
826	201.306	8309	0.108085
827	201.550	8322	0.108254
828	201.794	8372	0.108904
829	202.037	8389	0.109125
830	202.281	8305	0.108033
831	202.525	8407	0.109359
832	202.769	8361	0.108761
833	203.013	8490	0.110439
834	203.257	8371	0.108891
835	203.501	8378	0.108982
836	203.744	8350	0.108618
837	203.988	8485	0.110374
838	204.232	8598	0.111844
839	204.476	8449	0.109906
840	204.720	8189	0.106524
841	204.964	8411	0.109411
842	205.208	8228	0.107031
843	205.451	8141	0.105899
844	205.695	8195	0.106602
845	205.939	8287	0.107798
846	206.183	8081	0.105119
847	206.427	8059	0.104833
848	206.671	8100	0.105366
849	206.915	7988	0.103909
850	207.159	8104	0.105418
851	207.402	7874	0.102426
852	207.646	7921	0.103037
853	207.890	7758	0.100917
854	208.134	7969	0.103662
855	208.378	7880	0.102504
856	208.622	7872	0.1024
857	208.866	7858	0.102218
858	209.109	7650	0.0995123
859	209.353	7726	0.100501
860	209.597	7835	0.101919
861	209.841	7806	0.101542
862	210.085	7799	0.10145
863	210.329	7741	0.100696
864	210.573	7914	0.102946
865	210.817	7690	0.100033
866	211.060	7610	0.098992
867	211.304	7901	0.102777
868	211.548	7699	0.10015
869	211.792	7796	0.101411
870	212.036	7751	0.100826
871	212.280	7709	0.10028
872	212.524	7566	0.0984196
873	212.767	7727	0.100514
874	213.011	7677	0.0998635
875	213.255	7736	0.100631
876	213.499	7773	0.101112
877	213.743	7790	0.101333
878	213.987	7791	0.101346
879	214.231	7687	0.0999936
880	214.474	7788	0.101307
881	214.718	7815	0.101659
882	214.962	7790	0.101333
883	215.206	7724	0.100475
884	215.450	7588	0.0987058
885	215.694	7753	0.100852
886	215.938	7631	0.0992651
887	216.182	7741	0.100696
888	216.425	7631	0.0992651
889	216.669	7579	0.0985887
890	216.913	7635	0.0993172
891	217.157	7497	0.097522
892	217.401	7531	0.0979643
893	217.645	7689	0.10002
894	217.889	7681	0.0999155
895	218.132	7537	0.0980424
896	218.376	7536	0.0980294
897	218.620	7598	0.0988359
898	218.864	7487	0.097392
899	219.108	7551	0.0982245
900	219.352	7381	0.0960131
901	219.596	7608	0.0989659
902	219.839	7486	0.097379
903	220.083	7462	0.0970668
904	220.327	7455	0.0969757
905	220.571	7463	0.0970798
906	220.815	7630	0.0992521
907	221.059	7305	0.0950245
908	221.303	7559	0.0983285
909	221.547	7341	0.0954928
910	221.790	7348	0.0955838
911	222.034	7533	0.0979903
912	222.278	7449	0.0968976
913	222.522	7635	0.0993172
914	222.766	7747	0.100774
915	223.010	7878	0.102478
916	223.254	8128	0.10573
917	223.497	8254	0.107369
918	223.741	8099	0.105353
919	223.985	7906	0.102842
920	224.229	7883	0.102543
921	224.473	7681	0.0999155
922	224.717	7592	0.0987578
923	224.961	7300	0.0949594
924	225.205	7355	0.0956749
925	225.448	7360	0.0957399
926	225.692	7308	0.0950635
927	225.936	7334	0.0954017
928	226.180	7299	0.0949464
929	226.424	7507	0.0976521
930	226.668	7181	0.0934115
931	226.912	7299	0.0949464
932	227.155	7343	0.0955188
933	227.399	7263	0.0944781
934	227.643	7160	0.0931383
935	227.887	7300	0.0949594
936	228.131	7162	0.0931643
937	228.375	7266	0.0945172
938	228.619	7246	0.094257
939	228.862	7256	0.0943871
940	229.106	7161	0.0931513
941	229.350	6929	0.0901334
942	229.594	7187	0.0934895
943	229.838	7252	0.094335
944	230.082	6983	0.0908359
945	230.326	7128	0.092722
946	230.570	7101	0.0923708
947	230.813	7118	0.092592
948	231.057	7124	0.09267
949	231.301	6973	0.0907058
950	231.545	7148	0.0929822
951	231.789	6840	0.0889757
952	232.033	6860	0.0892359
953	232.277	7000	0.091057
954	232.520	6957	0.0904976
955	232.764	6976	0.0907448
956	233.008	6955	0.0904716
957	233.252	6914	0.0899383
958	233.496	6799	0.0884424
959	233.740	6991	0.0909399
960	233.984	6686	0.0869724
961	234.228	6922	0.0900424
962	234.471	6847	0.0890667
963	234.715	6799	0.0884424
964	234.959	6839	0.0889627
965	235.203	6727	0.0875058
966	235.447	6819	0.0887025
967	235.691	6818	0.0886895
968	235.935	6677	0.0868554
969	236.178	6660	0.0866342
970	236.422	6716	0.0873627
971	236.666	6971	0.0906798
972	236.910	6672	0.0867903
973	237.154	6769	0.0880521
974	237.398	6708	0.0872586
975	237.642	6486	0.0843708
976	237.885	6673	0.0868033
977	238.129	6636	0.086322
978	238.373	6443	0.0838115
979	238.617	6524	0.0848651
980	238.861	6552	0.0852293
981	239.105	6636	0.086322
982	239.349	6581	0.0856066
983	239.593	6501	0.0845659
984	239.836	6546	0.0851513
985	240.080	6674	0.0868163
986	240.324	6440	0.0837724
987	240.568	6457	0.0839936
988	240.812	6392	0.083148
989	241.056	6339	0.0824586
990	241.300	6489	0.0844098
991	241.543	6192	0.0805464
992	241.787	6259	0.081418
993	242.031	6390	0.083122
994	242.275	6333	0.0823806
995	242.519	6209	0.0807676
996	242.763	6428	0.0836163
997	243.007	6267	0.081522
998	243.250	6374	0.0829139
999	243.494	6325	0.0822765
1000	243.738	6205	0.0807155
1001	243.982	6014	0.078231
1002	244.226	6294	0.0818732
1003	244.470	6358	0.0827058
1004	244.714	6179	0.0803773
1005	244.958	6175	0.0803253
1006	245.201	6165	0.0801952
1007	245.445	6197	0.0806115
1008	245.689	6208	0.0807545
1009	245.933	6112	0.0795058
1010	246.177	6025	0.0783741
1011	246.421	6021	0.078322
1012	246.665	6060	0.0788293
1013	246.908	6041	0.0785822
1014	247.152	5961	0.0775415
1015	247.396	6089	0.0792066
1016	247.640	5838	0.0759415
1017	247.884	5935	0.0772033
1018	248.128	6014	0.078231
1019	248.372	5994	0.0779708
1020	248.616	6021	0.078322
1021	248.859	5922	0.0770342
1022	249.103	5880	0.0764879
1023	249.347	5950	0.0773984
1024	249.591	5927	0.0770993
1025	249.835	5789	0.0753041
1026	250.079	5786	0.0752651
1027	250.323	5952	0.0774245
1028	250.566	5965	0.0775936
1029	250.810	5860	0.0762277
1030	251.054	5697	0.0741074
1031	251.298	5757	0.0748879
1032	251.542	5736	0.0746147
1033	251.786	5821	0.0757204
1034	252.030	5863	0.0762667
1035	252.273	5747	0.0747578
1036	252.517	5838	0.0759415
1037	252.761	5654	0.073548
1038	253.005	5828	0.0758115
1039	253.249	5671	0.0737692
1040	253.493	5740	0.0746667
1041	253.737	5768	0.075031
1042	253.981	5560	0.0723253
1043	254.224	5467	0.0711155
1044	254.468	5676	0.0738342
1045	254.712	5732	0.0745627
1046	254.956	5562	0.0723513
1047	255.200	5728	0.0745106
1048	255.444	5585	0.0726505
1049	255.688	5492	0.0714407
1050	255.931	5636	0.0733139
1051	256.175	5651	0.073509
1052	256.419	5572	0.0724814
1053	256.663	5558	0.0722993
1054	256.907	5501	0.0715578
1055	257.151	5572	0.0724814
1056	257.395	5467	0.0711155
1057	257.638	5538	0.0720391
1058	257.882	5579	0.0725724
1059	258.126	5432	0.0706602
1060	258.370	5592	0.0727415
1061	258.614	5399	0.070231
1062	258.858	5399	0.070231
1063	259.102	5324	0.0692553
1064	259.346	5520	0.0718049
1065	259.589	5456	0.0709724
1066	259.833	5409	0.070361
1067	260.077	5399	0.070231
1068	260.321	5412	0.0704001
1069	260.565	5448	0.0708684
1070	260.809	5431	0.0706472
1071	261.053	5332	0.0693594
1072	261.296	5372	0.0698797
1073	261.540	5423	0.0705432
1074	261.784	5269	0.0685399
1075	262.028	5326	0.0692814
1076	262.272	5292	0.0688391
1077	262.516	5243	0.0682017
1078	262.760	5286	0.068761
1079	263.004	5447	0.0708553
1080	263.247	5262	0.0684488
1081	263.491	5307	0.0690342
1082	263.735	5385	0.0700488
1083	263.979	5325	0.0692684
1084	264.223	5367	0.0698147
1085	264.467	5283	0.068722
1086	264.711	5463	0.0710635
1087	264.954	5348	0.0695675
1088	265.198	5169	0.0672391
1089	265.442	5261	0.0684358
1090	265.686	5275	0.0686179
1091	265.930	5186	0.0674602
1092	266.174	5073	0.0659903
1093	266.418	5292	0.0688391
1094	266.661	5340	0.0694635
1095	266.905	5301	0.0689562
1096	267.149	5207	0.0677334
1097	267.393	5197	0.0676033
1098	267.637	5294	0.0688651
1099	267.881	5345	0.0695285
1100	268.125	5239	0.0681497
1101	268.369	5185	0.0674472
1102	268.612	5054	0.0657431
1103	268.856	5165	0.0671871
1104	269.100	5268	0.0685269
1105	269.344	5167	0.0672131
1106	269.588	5210	0.0677724
1107	269.832	5113	0.0665106
1108	270.076	5035	0.065496
1109	270.319	5066	0.0658992
1110	270.563	5087	0.0661724
1111	270.807	5174	0.0673041
1112	271.051	5157	0.067083
1113	271.295	5108	0.0664456
1114	271.539	5052	0.0657171
1115	271.783	5083	0.0661204
1116	272.026	5163	0.067161
1117	272.270	5168	0.0672261
1118	272.514	5006	0.0651188
1119	272.758	5150	0.0669919
1120	273.002	5127	0.0666927
1121	273.246	5059	0.0658082
1122	273.490	5026	0.0653789
1123	273.734	5078	0.0660553
1124	273.977	5123	0.0666407
1125	274.221	5077	0.0660423
1126	274.465	5047	0.0656521
1127	274.709	5134	0.0667838
1128	274.953	5183	0.0674212
1129	275.197	5586	0.0726635
1130	275.441	6225	0.0809757
1131	275.684	7570	0.0984716
1132	275.928	9555	0.124293
1133	276.172	11990	0.155968
1134	276.416	14377	0.187018
1135	276.660	15660	0.203708
1136	276.904	16037	0.208612
1137	277.148	14741	0.191753
1138	277.392	12558	0.163356
1139	277.635	10058	0.130836
1140	277.879	7677	0.0998635
1141	278.123	6453	0.0839415
1142	278.367	5502	0.0715708
1143	278.611	5199	0.0676293
1144	278.855	5003	0.0650797
1145	279.099	5077	0.0660423
1146	279.342	4851	0.0631025
1147	279.586	4937	0.0642212
1148	279.830	4901	0.0637529
1149	280.074	4917	0.063961
1150	280.318	5004	0.0650927
1151	280.562	4911	0.063883
1152	280.806	4862	0.0632456
1153	281.049	4834	0.0628814
1154	281.293	4888	0.0635838
1155	281.537	5053	0.0657301
1156	281.781	4876	0.0634277
1157	282.025	4927	0.0640911
1158	282.269	4870	0.0633497
1159	282.513	4870	0.0633497
1160	282.757	4917	0.063961
1161	283.000	4959	0.0645074
1162	283.244	4929	0.0641171
1163	283.488	4897	0.0637009
1164	283.732	4969	0.0646375
1165	283.976	4916	0.063948
1166	284.220	4858	0.0631936
1167	284.464	4848	0.0630635
1168	284.707	4865	0.0632846
1169	284.951	4824	0.0627513
1170	285.195	4932	0.0641562
1171	285.439	4951	0.0644033
1172	285.683	4925	0.0640651
1173	285.927	5010	0.0651708
1174	286.171	4885	0.0635448
1175	286.415	4916	0.063948
1176	286.658	5000	0.0650407
1177	286.902	4866	0.0632976
1178	287.146	4958	0.0644944
1179	287.390	4975	0.0647155
1180	287.634	4825	0.0627643
1181	287.878	4832	0.0628553
1182	288.122	4943	0.0642992
1183	288.365	4962	0.0645464
1184	288.609	4812	0.0625952
1185	288.853	4912	0.063896
1186	289.097	5007	0.0651318
1187	289.341	4848	0.0630635
1188	289.585	4830	0.0628293
1189	289.829	4819	0.0626862
1190	290.072	4786	0.062257
1191	290.316	4799	0.0624261
1192	290.560	4890	0.0636098
1193	290.804	4811	0.0625822
1194	291.048	4897	0.0637009
1195	291.292	4859	0.0632066
1196	291.536	4877	0.0634407
1197	291.780	4820	0.0626992
1198	292.023	4835	0.0628944
1199	292.267	4921	0.0640131
1200	292.511	4785	0.062244
1201	292.755	4778	0.0621529
1202	292.999	4979	0.0647675
1203	293.243	5006	0.0651188
1204	293.487	4928	0.0641041
1205	293.730	4876	0.0634277
1206	293.974	4900	0.0637399
1207	294.218	4768	0.0620228
1208	294.462	5002	0.0650667
1209	294.706	4874	0.0634017
1210	294.950	4881	0.0634927
1211	295.194	4971	0.0646635
1212	295.437	4782	0.0622049
1213	295.681	4811	0.0625822
1214	295.925	4711	0.0612814
1215	296.169	4787	0.06227
1216	296.413	4838	0.0629334
1217	296.657	4866	0.0632976
1218	296.901	4855	0.0631545
1219	297.145	4791	0.062322
1220	297.388	4828	0.0628033
1221	297.632	4838	0.0629334
1222	297.876	4906	0.0638179
1223	298.120	4816	0.0626472
1224	298.364	4798	0.0624131
1225	298.608	4853	0.0631285
1226	298.852	4908	0.063844
1227	299.095	4777	0.0621399
1228	299.339	4925	0.0640651
1229	299.583	4831	0.0628423
1230	299.827	4897	0.0637009
1231	300.071	4835	0.0628944
1232	300.315	4776	0.0621269
1233	300.559	4818	0.0626732
1234	300.803	4911	0.063883
1235	301.046	4845	0.0630244
1236	301.290	5087	0.0661724
1237	301.534	5579	0.0725724
1238	301.778	6794	0.0883773
1239	302.022	8892	0.115668
1240	302.266	12282	0.159766
1241	302.510	17470	0.227252
1242	302.753	23120	0.300748
1243	302.997	28031	0.364631
1244	303.241	30753	0.400039
1245	303.485	30071	0.391168
1246	303.729	25813	0.335779
1247	303.973	20015	0.260358
1248	304.217	14509	0.188735
1249	304.460	10223	0.132982
1250	304.704	7418	0.0964944
1251	304.948	6003	0.0780879
1252	305.192	5217	0.0678635
1253	305.436	4902	0.0637659
1254	305.680	4843	0.0629984
1255	305.924	4949	0.0643773
1256	306.168	5007	0.0651318
1257	306.411	4957	0.0644814
1258	306.655	4916	0.063948
1259	306.899	4855	0.0631545
1260	307.143	5027	0.0653919
1261	307.387	5019	0.0652879
1262	307.631	5066	0.0658992
1263	307.875	5002	0.0650667
1264	308.118	4956	0.0644684
1265	308.362	4840	0.0629594
1266	308.606	4980	0.0647805
1267	308.850	4905	0.0638049
1268	309.094	4721	0.0614114
1269	309.338	4783	0.0622179
1270	309.582	4881	0.0634927
1271	309.825	4920	0.0640001
1272	310.069	4896	0.0636879
1273	310.313	4873	0.0633887
1274	310.557	5056	0.0657692
1275	310.801	5044	0.0656131
1276	311.045	4995	0.0649757
1277	311.289	5179	0.0673692
1278	311.533	5013	0.0652098
1279	311.776	5133	0.0667708
1280	312.020	4900	0.0637399
1281	312.264	4893	0.0636488
1282	312.508	4834	0.0628814
1283	312.752	4827	0.0627903
1284	312.996	4906	0.0638179
1285	313.240	4874	0.0634017
1286	313.483	4974	0.0647025
1287	313.727	4767	0.0620098
1288	313.971	4900	0.0637399
1289	314.215	4988	0.0648846
1290	314.459	4970	0.0646505
1291	314.703	4821	0.0627123
1292	314.947	4851	0.0631025
1293	315.191	4831	0.0628423
1294	315.434	4921	0.0640131
1295	315.678	4767	0.0620098
1296	315.922	4755	0.0618537
1297	316.166	4936	0.0642082
1298	316.410	4829	0.0628163
1299	316.654	4825	0.0627643
1300	316.898	4827	0.0627903
1301	317.141	4898	0.0637139
1302	317.385	4899	0.0637269
1303	317.629	4850	0.0630895
1304	317.873	4877	0.0634407
1305	318.117	4886	0.0635578
1306	318.361	5068	0.0659253
1307	318.605	5613	0.0730147
1308	318.848	7023	0.0913562
1309	319.092	10065	0.130927
1310	319.336	15971	0.207753
1311	319.580	24976	0.324891
1312	319.824	36865	0.479545
1313	320.068	50391	0.655493
1314	320.312	60536	0.787461
1315	320.556	64213	0.835292
1316	320.799	60571	0.787916
1317	321.043	50423	0.65591
1318	321.287	36770	0.478309
1319	321.531	24224	0.315109
1320	321.775	15435	0.200781
1321	322.019	9777	0.127181
1322	322.263	7102	0.0923838
1323	322.506	5545	0.0721301
1324	322.750	4990	0.0649106
1325	322.994	4751	0.0618017
1326	323.238	4868	0.0633236
1327	323.482	4667	0.060709
1328	323.726	4971	0.0646635
1329	323.970	4850	0.0630895
1330	324.213	4901	0.0637529
1331	324.457	4962	0.0645464
1332	324.701	4862	0.0632456
1333	324.945	4746	0.0617366
1334	325.189	4839	0.0629464
1335	325.433	4764	0.0619708
1336	325.677	4901	0.0637529
1337	325.921	4836	0.0629074
1338	326.164	4812	0.0625952
1339	326.408	4940	0.0642602
1340	326.652	4857	0.0631805
1341	326.896	4743	0.0616976
1342	327.140	4871	0.0633627
1343	327.384	4798	0.0624131
1344	327.628	4786	0.062257
1345	327.871	4907	0.063831
1346	328.115	4711	0.0612814
1347	328.359	4880	0.0634797
1348	328.603	4758	0.0618927
1349	328.847	4862	0.0632456
1350	329.091	4775	0.0621139
1351	329.335	4792	0.062335
1352	329.579	4821	0.0627123
1353	329.822	4861	0.0632326
1354	330.066	4892	0.0636358
1355	330.310	4862	0.0632456
1356	330.554	4870	0.0633497
1357	330.798	4853	0.0631285
1358	331.042	4746	0.0617366
1359	331.286	4922	0.0640261
1360	331.529	4882	0.0635057
1361	331.773	4869	0.0633366
1362	332.017	4971	0.0646635
1363	332.261	4904	0.0637919
1364	332.505	4816	0.0626472
1365	332.749	4933	0.0641692
1366	332.993	4873	0.0633887
1367	333.236	4946	0.0643383
1368	333.480	5007	0.0651318
1369	333.724	5155	0.067057
1370	333.968	5292	0.0688391
1371	334.212	5199	0.0676293
1372	334.456	5278	0.068657
1373	334.700	5080	0.0660814
1374	334.944	4981	0.0647936
1375	335.187	4906	0.0638179
1376	335.431	4865	0.0632846
1377	335.675	4789	0.062296
1378	335.919	4684	0.0609301
1379	336.163	4745	0.0617236
1380	336.407	4753	0.0618277
1381	336.651	4903	0.0637789
1382	336.894	4866	0.0632976
1383	337.138	4744	0.0617106
1384	337.382	4868	0.0633236
1385	337.626	4857	0.0631805
1386	337.870	4732	0.0615545
1387	338.114	4815	0.0626342
1388	338.358	4850	0.0630895
1389	338.602	4704	0.0611903
1390	338.845	4850	0.0630895
1391	339.089	4691	0.0610212
1392	339.333	4780	0.0621789
1393	339.577	4739	0.0616456
1394	339.821	4654	0.0605399
1395	340.065	4627	0.0601887
1396	340.309	4576	0.0595253
1397	340.552	4568	0.0594212
1398	340.796	4627	0.0601887
1399	341.040	4714	0.0613204
1400	341.284	4630	0.0602277
1401	341.528	4589	0.0596944
1402	341.772	4641	0.0603708
1403	342.016	4593	0.0597464
1404	342.259	4610	0.0599675
1405	342.503	4502	0.0585627
1406	342.747	4495	0.0584716
1407	342.991	4505	0.0586017
1408	343.235	4327	0.0562862
1409	343.479	4258	0.0553887
1410	343.723	4238	0.0551285
1411	343.967	4199	0.0546212
1412	344.210	4228	0.0549984
1413	344.454	4328	0.0562992
1414	344.698	4183	0.0544131
1415	344.942	4108	0.0534374
1416	345.186	4083	0.0531122
1417	345.430	4159	0.0541009
1418	345.674	4180	0.054374
1419	345.917	4104	0.0533854
1420	346.161	4104	0.0533854
1421	346.405	4233	0.0550635
1422	346.649	4051	0.052696
1423	346.893	4016	0.0522407
1424	347.137	3993	0.0519415
1425	347.381	3984	0.0518244
1426	347.624	3976	0.0517204
1427	347.868	3880	0.0504716
1428	348.112	3909	0.0508488
1429	348.356	4012	0.0521887
1430	348.600	3952	0.0514082
1431	348.844	3787	0.0492618
1432	349.088	3791	0.0493139
1433	349.332	3922	0.0510179
1434	349.575	3950	0.0513822
1435	349.819	3853	0.0501204
1436	350.063	3952	0.0514082
1437	350.307	3861	0.0502244
1438	350.551	3788	0.0492748
1439	350.795	3837	0.0499122
1440	351.039	3826	0.0497692
1441	351.282	3859	0.0501984
1442	351.526	3809	0.049548
1443	351.770	3807	0.049522
1444	352.014	3719	0.0483773
1445	352.258	3866	0.0502895
1446	352.502	3874	0.0503935
1447	352.746	3846	0.0500293
1448	352.990	3741	0.0486635
1449	353.233	3749	0.0487675
1450	353.477	3810	0.049561
1451	353.721	3705	0.0481952
1452	353.965	3756	0.0488586
1453	354.209	3994	0.0519545
1454	354.453	4291	0.0558179
1455	354.697	5338	0.0694375
1456	354.940	8271	0.10759
1457	355.184	13497	0.175571
1458	355.428	22660	0.294764
1459	355.672	35900	0.466992
1460	355.916	51475	0.669594
1461	356.160	66761	0.868437
1462	356.404	76421	0.994095
1463	356.647	76135	0.990375
1464	356.891	67059	0.872313
1465	357.135	53076	0.69042
1466	357.379	36917	0.480222
1467	357.623	23417	0.304612
1468	357.867	13729	0.178589
1469	358.111	8227	0.107018
1470	358.355	5324	0.0692553
1471	358.598	4144	0.0539057
1472	358.842	3751	0.0487935
1473	359.086	3646	0.0474277
1474	359.330	3605	0.0468944
1475	359.574	3540	0.0460488
1476	359.818	3468	0.0451122
1477	360.062	3556	0.046257
1478	360.305	3408	0.0443317
1479	360.549	3470	0.0451383
1480	360.793	3433	0.044657
1481	361.037	3479	0.0452553
1482	361.281	3536	0.0459968
1483	361.525	3460	0.0450082
1484	361.769	3412	0.0443838
1485	362.012	3499	0.0455155
1486	362.256	3564	0.046361
1487	362.500	3588	0.0466732
1488	362.744	3519	0.0457757
1489	362.988	3458	0.0449822
1490	363.232	3538	0.0460228
1491	363.476	3470	0.0451383
1492	363.720	3391	0.0441106
1493	363.963	3465	0.0450732
1494	364.207	3469	0.0451252
1495	364.451	3431	0.0446309
1496	364.695	3552	0.0462049
1497	364.939	3428	0.0445919
1498	365.183	3481	0.0452813
1499	365.427	3450	0.0448781
1500	365.670	3464	0.0450602
1501	365.914	3465	0.0450732
1502	366.158	3467	0.0450992
1503	366.402	3504	0.0455805
1504	366.646	3388	0.0440716
1505	366.890	3476	0.0452163
1506	367.134	3456	0.0449561
1507	367.378	3297	0.0428878
1508	367.621	3337	0.0434082
1509	367.865	3377	0.0439285
1510	368.109	3248	0.0422504
1511	368.353	3499	0.0455155
1512	368.597	3394	0.0441496
1513	368.841	3390	0.0440976
1514	369.085	3321	0.0432
1515	369.328	3370	0.0438374
1516	369.572	3412	0.0443838
1517	369.816	3320	0.043187
1518	370.060	3330	0.0433171
1519	370.304	3425	0.0445529
1520	370.548	3376	0.0439155
1521	370.792	3393	0.0441366
1522	371.035	3294	0.0428488
1523	371.279	3314	0.043109
1524	371.523	3372	0.0438635
1525	371.767	3273	0.0425756
1526	372.011	3323	0.0432261
1527	372.255	3316	0.043135
1528	372.499	3231	0.0420293
1529	372.743	3289	0.0427838
1530	372.986	3389	0.0440846
1531	373.230	3302	0.0429529
1532	373.474	3363	0.0437464
1533	373.718	3329	0.0433041
1534	373.962	3397	0.0441887
1535	374.206	3256	0.0423545
1536	374.450	3318	0.043161
1537	374.693	3229	0.0420033
1538	374.937	3417	0.0444488
1539	375.181	3316	0.043135
1540	375.425	3316	0.043135
1541	375.669	3233	0.0420553
1542	375.913	3243	0.0421854
1543	376.157	3306	0.0430049
1544	376.401	3249	0.0422635
1545	376.644	3273	0.0425756
1546	376.888	3275	0.0426017
1547	377.132	3329	0.0433041
1548	377.376	3186	0.0414439
1549	377.620	3340	0.0434472
1550	377.864	3211	0.0417691
1551	378.108	3257	0.0423675
1552	378.351	3378	0.0439415
1553	378.595	3312	0.043083
1554	378.839	3149	0.0409626
1555	379.083	3337	0.0434082
1556	379.327	3238	0.0421204
1557	379.571	3129	0.0407025
1558	379.815	3196	0.041574
1559	380.058	3174	0.0412878
1560	380.302	3209	0.0417431
1561	380.546	3236	0.0420943
1562	380.790	3265	0.0424716
1563	381.034	3212	0.0417822
1564	381.278	3241	0.0421594
1565	381.522	3250	0.0422765
1566	381.766	3212	0.0417822
1567	382.009	3254	0.0423285
1568	382.253	3327	0.0432781
1569	382.497	3310	0.0430569
1570	382.741	3617	0.0470504
1571	382.985	4247	0.0552456
1572	383.229	5486	0.0713627
1573	383.473	6981	0.0908098
1574	383.716	9189	0.119532
1575	383.960	11312	0.147148
1576	384.204	12889	0.167662
1577	384.448	13081	0.17016
1578	384.692	12284	0.159792
1579	384.936	10546	0.137184
1580	385.180	8380	0.109008
1581	385.423	6348	0.0825757
1582	385.667	5060	0.0658212
1583	385.911	4132	0.0537496
1584	386.155	3653	0.0475187
1585	386.399	3523	0.0458277
1586	386.643	3739	0.0486374
1587	386.887	3932	0.051148
1588	387.131	3853	0.0501204
1589	387.374	4028	0.0523968
1590	387.618	4020	0.0522927
1591	387.862	3818	0.0496651
1592	388.106	3639	0.0473366
1593	388.350	3440	0.044748
1594	388.594	3330	0.0433171
1595	388.838	3252	0.0423025
1596	389.081	3085	0.0401301
1597	389.325	3217	0.0418472
1598	389.569	3044	0.0395968
1599	389.813	3095	0.0402602
1600	390.057	3149	0.0409626
1601	390.301	3074	0.039987
1602	390.545	3103	0.0403643
1603	390.789	3174	0.0412878
1604	391.032	3175	0.0413009
1605	391.276	3306	0.0430049
1606	391.520	3380	0.0439675
1607	391.764	3207	0.0417171
1608	392.008	3241	0.0421594
1609	392.252	3153	0.0410147
1610	392.496	3188	0.04147
1611	392.739	3147	0.0409366
1612	392.983	3097	0.0402862
1613	393.227	3075	0.04
1614	393.471	3079	0.0400521
1615	393.715	2957	0.0384651
1616	393.959	3038	0.0395187
1617	394.203	2960	0.0385041
1618	394.446	3022	0.0393106
1619	394.690	3008	0.0391285
1620	394.934	3031	0.0394277
1621	395.178	3060	0.0398049
1622	395.422	2949	0.038361
1623	395.666	3029	0.0394017
1624	395.910	2989	0.0388813
1625	396.154	3024	0.0393366
1626	396.397	3025	0.0393496
1627	396.641	3035	0.0394797
1628	396.885	2909	0.0378407
1629	397.129	3015	0.0392195
1630	397.373	3040	0.0395448
1631	397.617	3046	0.0396228
1632	397.861	3000	0.0390244
1633	398.104	3058	0.0397789
1634	398.348	3083	0.0401041
1635	398.592	3008	0.0391285
1636	398.836	2908	0.0378277
1637	399.080	2916	0.0379317
1638	399.324	2908	0.0378277
1639	399.568	2971	0.0386472
1640	399.811	2961	0.0385171
1641	400.055	2919	0.0379708
1642	400.299	3003	0.0390635
1643	400.543	2917	0.0379447
1644	400.787	3026	0.0393626
1645	401.031	2960	0.0385041
1646	401.275	2887	0.0375545
1647	401.519	2875	0.0373984
1648	401.762	2957	0.0384651
1649	402.006	2969	0.0386212
1650	402.250	2950	0.038374
1651	402.494	2903	0.0377626
1652	402.738	3023	0.0393236
1653	402.982	2997	0.0389854
1654	403.226	3028	0.0393887
1655	403.469	2975	0.0386992
1656	403.713	2989	0.0388813
1657	403.957	2916	0.0379317
1658	404.201	2969	0.0386212
1659	404.445	2960	0.0385041
1660	404.689	2803	0.0364618
1661	404.933	2902	0.0377496
1662	405.177	2871	0.0373464
1663	405.420	2935	0.0381789
1664	405.664	2928	0.0380878
1665	405.908	2838	0.0369171
1666	406.152	2916	0.0379317
1667	406.396	2898	0.0376976
1668	406.640	2899	0.0377106
1669	406.884	2970	0.0386342
1670	407.127	2869	0.0373204
1671	407.371	2924	0.0380358
1672	407.615	2843	0.0369821
1673	407.859	2918	0.0379578
1674	408.103	2921	0.0379968
1675	408.347	2883	0.0375025
1676	408.591	2957	0.0384651
1677	408.834	2916	0.0379317
1678	409.078	2842	0.0369691
1679	409.322	2866	0.0372813
1680	409.566	2930	0.0381139
1681	409.810	2836	0.0368911
1682	410.054	2897	0.0376846
1683	410.298	2843	0.0369821
1684	410.542	2876	0.0374114
1685	410.785	2911	0.0378667
1686	411.029	2916	0.0379317
1687	411.273	2876	0.0374114
1688	411.517	2969	0.0386212
1689	411.761	2880	0.0374634
1690	412.005	2826	0.036761
1691	412.249	2857	0.0371643
1692	412.492	2972	0.0386602
1693	412.736	2836	0.0368911
1694	412.980	2831	0.036826
1695	413.224	2888	0.0375675
1696	413.468	2880	0.0374634
1697	413.712	2846	0.0370212
1698	413.956	2924	0.0380358
1699	414.199	2813	0.0365919
1700	414.443	2927	0.0380748
1701	414.687	2882	0.0374895
1702	414.931	2939	0.0382309
1703	415.175	2958	0.0384781
1704	415.419	2888	0.0375675
1705	415.663	2980	0.0387643
1706	415.907	2905	0.0377887
1707	416.150	2979	0.0387513
1708	416.394	2899	0.0377106
1709	416.638	2881	0.0374765
1710	416.882	2819	0.03667
1711	417.126	2855	0.0371382
1712	417.370	2949	0.038361
1713	417.614	2868	0.0373074
1714	417.857	2868	0.0373074
1715	418.101	2797	0.0363838
1716	418.345	2845	0.0370082
1717	418.589	2830	0.036813
1718	418.833	2834	0.0368651
1719	419.077	2878	0.0374374
1720	419.321	2823	0.036722
1721	419.565	2793	0.0363317
1722	419.808	2818	0.0366569
1723	420.052	2863	0.0372423
1724	420.296	2821	0.036696
1725	420.540	2856	0.0371513
1726	420.784	2805	0.0364878
1727	421.028	2863	0.0372423
1728	421.272	2923	0.0380228
1729	421.515	2905	0.0377887
1730	421.759	2889	0.0375805
1731	422.003	2934	0.0381659
1732	422.247	2876	0.0374114
1733	422.491	2818	0.0366569
1734	422.735	2863	0.0372423
1735	422.979	2866	0.0372813
1736	423.222	2816	0.0366309
1737	423.466	2872	0.0373594
1738	423.710	2707	0.035213
1739	423.954	2926	0.0380618
1740	424.198	2838	0.0369171
1741	424.442	2877	0.0374244
1742	424.686	2877	0.0374244
1743	424.930	2857	0.0371643
1744	425.173	2815	0.0366179
1745	425.417	2979	0.0387513
1746	425.661	2822	0.036709
1747	425.905	2849	0.0370602
1748	426.149	2890	0.0375935
1749	426.393	2866	0.0372813
1750	426.637	2780	0.0361626
1751	426.880	2739	0.0356293
1752	427.124	2887	0.0375545
1753	427.368	2889	0.0375805
1754	427.612	2774	0.0360846
1755	427.856	2810	0.0365529
1756	428.100	2881	0.0374765
1757	428.344	2914	0.0379057
1758	428.588	2850	0.0370732
1759	428.831	2879	0.0374504
1760	429.075	2802	0.0364488
1761	429.319	2860	0.0372033
1762	429.563	2907	0.0378147
1763	429.807	2893	0.0376326
1764	430.051	2861	0.0372163
1765	430.295	2857	0.0371643
1766	430.538	2913	0.0378927
1767	430.782	2961	0.0385171
1768	431.026	2838	0.0369171
1769	431.270	2790	0.0362927
1770	431.514	2818	0.0366569
1771	431.758	2950	0.038374
1772	432.002	2870	0.0373334
1773	432.245	2899	0.0377106
1774	432.489	2896	0.0376716
1775	432.733	2737	0.0356033
1776	432.977	2797	0.0363838
1777	433.221	2801	0.0364358
1778	433.465	2778	0.0361366
1779	433.709	2829	0.0368
1780	433.953	2803	0.0364618
1781	434.196	2972	0.0386602
1782	434.440	2905	0.0377887
1783	434.684	2820	0.036683
1784	434.928	2782	0.0361887
1785	435.172	2822	0.036709
1786	435.416	2778	0.0361366
1787	435.660	2864	0.0372553
1788	435.903	2989	0.0388813
1789	436.147	2934	0.0381659
1790	436.391	2979	0.0387513
1791	436.635	2970	0.0386342
1792	436.879	3011	0.0391675
1793	437.123	3243	0.0421854
1794	437.367	3253	0.0423155
1795	437.610	3284	0.0427187
1796	437.854	3282	0.0426927
1797	438.098	3294	0.0428488
1798	438.342	3189	0.041483
1799	438.586	2995	0.0389594
1800	438.830	2964	0.0385561
1801	439.074	2924	0.0380358
1802	439.318	2882	0.0374895
1803	439.561	2877	0.0374244
1804	439.805	2905	0.0377887
1805	440.049	2907	0.0378147
1806	440.293	2917	0.0379447
1807	440.537	2836	0.0368911
1808	440.781	2932	0.0381399
1809	441.025	2803	0.0364618
1810	441.268	2799	0.0364098
1811	441.512	2946	0.038322
1812	441.756	2874	0.0373854
1813	442.000	2954	0.0384261
1814	442.244	2860	0.0372033
1815	442.488	2956	0.0384521
1816	442.732	2831	0.036826
1817	442.976	2885	0.0375285
1818	443.219	2860	0.0372033
1819	443.463	2893	0.0376326
1820	443.707	2898	0.0376976
1821	443.951	2932	0.0381399
1822	444.195	2782	0.0361887
1823	444.439	2812	0.0365789
1824	444.683	2916	0.0379317
1825	444.926	2961	0.0385171
1826	445.170	2837	0.0369041
1827	445.414	2901	0.0377366
1828	445.658	2838	0.0369171
1829	445.902	2861	0.0372163
1830	446.146	2857	0.0371643
1831	446.390	2792	0.0363187
1832	446.633	2766	0.0359805
1833	446.877	2989	0.0388813
1834	447.121	2789	0.0362797
1835	447.365	2843	0.0369821
1836	447.609	2813	0.0365919
1837	447.853	2935	0.0381789
1838	448.097	2926	0.0380618
1839	448.341	2831	0.036826
1840	448.584	2917	0.0379447
1841	448.828	2807	0.0365139
1842	449.072	2828	0.036787
1843	449.316	2850	0.0370732
1844	449.560	2788	0.0362667
1845	449.804	2879	0.0374504
1846	450.048	2935	0.0381789
1847	450.291	2925	0.0380488
1848	450.535	2908	0.0378277
1849	450.779	2889	0.0375805
1850	451.023	2933	0.0381529
1851	451.267	2909	0.0378407
1852	451.511	2916	0.0379317
1853	451.755	2843	0.0369821
1854	451.998	2961	0.0385171
1855	452.242	2981	0.0387773
1856	452.486	2819	0.03667
1857	452.730	2743	0.0356813
1858	452.974	2950	0.038374
1859	453.218	2897	0.0376846
1860	453.462	2873	0.0373724
1861	453.706	2902	0.0377496
1862	453.949	2942	0.03827
1863	454.193	2947	0.038335
1864	454.437	2930	0.0381139
1865	454.681	2920	0.0379838
1866	454.925	2940	0.0382439
1867	455.169	2845	0.0370082
1868	455.413	2963	0.0385431
1869	455.656	2918	0.0379578
1870	455.900	2896	0.0376716
1871	456.144	2842	0.0369691
1872	456.388	2820	0.036683
1873	456.632	2968	0.0386082
1874	456.876	2917	0.0379447
1875	457.120	2852	0.0370992
1876	457.364	2975	0.0386992
1877	457.607	2918	0.0379578
1878	457.851	2977	0.0387252
1879	458.095	2938	0.0382179
1880	458.339	2873	0.0373724
1881	458.583	2924	0.0380358
1882	458.827	2905	0.0377887
1883	459.071	2930	0.0381139
1884	459.314	2858	0.0371773
1885	459.558	2921	0.0379968
1886	459.802	2968	0.0386082
1887	460.046	2945	0.038309
1888	460.290	2889	0.0375805
1889	460.534	2934	0.0381659
1890	460.778	2947	0.038335
1891	461.021	2921	0.0379968
1892	461.265	2970	0.0386342
1893	461.509	2929	0.0381008
1894	461.753	2936	0.0381919
1895	461.997	2922	0.0380098
1896	462.241	2973	0.0386732
1897	462.485	2918	0.0379578
1898	462.729	2909	0.0378407
1899	462.972	2966	0.0385821
1900	463.216	2934	0.0381659
1901	463.460	2983	0.0388033
1902	463.704	2933	0.0381529
1903	463.948	3045	0.0396098
1904	464.192	2883	0.0375025
1905	464.436	2947	0.038335
1906	464.679	2840	0.0369431
1907	464.923	2986	0.0388423
1908	465.167	2891	0.0376065
1909	465.411	2974	0.0386862
1910	465.655	2944	0.038296
1911	465.899	2915	0.0379187
1912	466.143	3021	0.0392976
1913	466.386	2984	0.0388163
1914	466.630	2867	0.0372943
1915	466.874	3011	0.0391675
1916	467.118	2859	0.0371903
1917	467.362	2922	0.0380098
1918	467.606	2896	0.0376716
1919	467.850	2860	0.0372033
1920	468.094	2931	0.0381269
1921	468.337	2993	0.0389334
1922	468.581	3113	0.0404943
1923	468.825	2990	0.0388943
1924	469.069	2918	0.0379578
1925	469.313	2897	0.0376846
1926	469.557	2910	0.0378537
1927	469.801	2942	0.03827
1928	470.044	2946	0.038322
1929	470.288	2898	0.0376976
1930	470.532	2862	0.0372293
1931	470.776	2875	0.0373984
1932	471.020	2895	0.0376586
1933	471.264	2882	0.0374895
1934	471.508	2941	0.0382569
1935	471.752	2939	0.0382309
1936	471.995	2948	0.038348
1937	472.239	2883	0.0375025
1938	472.483	3030	0.0394147
1939	472.727	2890	0.0375935
1940	472.971	2885	0.0375285
1941	473.215	2851	0.0370862
1942	473.459	2722	0.0354082
1943	473.702	2968	0.0386082
1944	473.946	2866	0.0372813
1945	474.190	2866	0.0372813
1946	474.434	2834	0.0368651
1947	474.678	2815	0.0366179
1948	474.922	2879	0.0374504
1949	475.166	2825	0.036748
1950	475.409	2863	0.0372423
1951	475.653	2769	0.0360195
1952	475.897	2870	0.0373334
1953	476.141	2753	0.0358114
1954	476.385	2795	0.0363578
1955	476.629	2786	0.0362407
1956	476.873	2812	0.0365789
1957	477.117	2794	0.0363447
1958	477.360	2825	0.036748
1959	477.604	2745	0.0357073
1960	477.848	2740	0.0356423
1961	478.092	2776	0.0361106
1962	478.336	2649	0.0344586
1963	478.580	2604	0.0338732
1964	478.824	2691	0.0350049
1965	479.067	2669	0.0347187
1966	479.311	2612	0.0339773
1967	479.555	2534	0.0329626
1968	479.799	2607	0.0339122
1969	480.043	2574	0.033483
1970	480.287	2481	0.0322732
1971	480.531	2626	0.0341594
1972	480.775	2561	0.0333139
1973	481.018	2563	0.0333399
1974	481.262	2621	0.0340943
1975	481.506	2468	0.0321041
1976	481.750	2587	0.0336521
1977	481.994	2602	0.0338472
1978	482.238	2450	0.0318699
1979	482.482	2523	0.0328195
1980	482.725	2501	0.0325334
1981	482.969	2539	0.0330277
1982	483.213	2452	0.031896
1983	483.457	2543	0.0330797
1984	483.701	2500	0.0325204
1985	483.945	2482	0.0322862
1986	484.189	2552	0.0331968
1987	484.432	2470	0.0321301
1988	484.676	2436	0.0316878
1989	484.920	2479	0.0322472
1990	485.164	2400	0.0312195
1991	485.408	2516	0.0327285
1992	485.652	2438	0.0317139
1993	485.896	2520	0.0327805
1994	486.140	2519	0.0327675
1995	486.383	2434	0.0316618
1996	486.627	2477	0.0322212
1997	486.871	2501	0.0325334
1998	487.115	2421	0.0314927
1999	487.359	2385	0.0310244
2000	487.603	2438	0.0317139
2001	487.847	2405	0.0312846
2002	488.090	2448	0.0318439
2003	488.334	2469	0.0321171
2004	488.578	2413	0.0313886
2005	488.822	2470	0.0321301
2006	489.066	2520	0.0327805
2007	489.310	2417	0.0314407
2008	489.554	2429	0.0315968
2009	489.797	2430	0.0316098
2010	490.041	2408	0.0313236
2011	490.285	2320	0.0301789
2012	490.529	2488	0.0323643
2013	490.773	2441	0.0317529
2014	491.017	2286	0.0297366
2015	491.261	2390	0.0310895
2016	491.505	2389	0.0310765
2017	491.748	2436	0.0316878
2018	491.992	2451	0.031883
2019	492.236	2440	0.0317399
2020	492.480	2312	0.0300748
2021	492.724	2431	0.0316228
2022	492.968	2386	0.0310374
2023	493.212	2399	0.0312065
2024	493.455	2507	0.0326114
2025	493.699	2475	0.0321952
2026	493.943	2513	0.0326895
2027	494.187	2483	0.0322992
2028	494.431	2350	0.0305691
2029	494.675	2377	0.0309204
2030	494.919	2398	0.0311935
2031	495.163	2330	0.030309
2032	495.406	2385	0.0310244
2033	495.650	2358	0.0306732
2034	495.894	2364	0.0307512
2035	496.138	2390	0.0310895
2036	496.382	2377	0.0309204
2037	496.626	2465	0.0320651
2038	496.870	2366	0.0307773
2039	497.113	2385	0.0310244
2040	497.357	2387	0.0310504
2041	497.601	2328	0.030283
2042	497.845	2335	0.030374
2043	498.089	2314	0.0301008
2044	498.333	2317	0.0301399
2045	498.577	2347	0.0305301
2046	498.820	2501	0.0325334
2047	499.064	2318	0.0301529
2048	499.308	2304	0.0299708
2049	499.552	2345	0.0305041
2050	499.796	2271	0.0295415
2051	500.040	2411	0.0313626
2052	500.284	2457	0.031961
2053	500.528	2406	0.0312976
2054	500.771	2390	0.0310895
2055	501.015	2325	0.0302439
2056	501.259	2433	0.0316488
2057	501.503	2333	0.030348
2058	501.747	2347	0.0305301
2059	501.991	2389	0.0310765
2060	502.235	2350	0.0305691
2061	502.478	2387	0.0310504
2062	502.722	2339	0.030426
2063	502.966	2354	0.0306212
2064	503.210	2342	0.0304651
2065	503.454	2368	0.0308033
2066	503.698	2324	0.0302309
2067	503.942	2333	0.030348
2068	504.185	2408	0.0313236
2069	504.429	2337	0.0304
2070	504.673	2356	0.0306472
2071	504.917	2318	0.0301529
2072	505.161	2289	0.0297756
2073	505.405	2364	0.0307512
2074	505.649	2334	0.030361
2075	505.893	2273	0.0295675
2076	506.136	2426	0.0315578
2077	506.380	2315	0.0301138
2078	506.624	2383	0.0309984
2079	506.868	2365	0.0307643
2080	507.112	2384	0.0310114
2081	507.356	2374	0.0308813
2082	507.600	2285	0.0297236
2083	507.843	2416	0.0314277
2084	508.087	2441	0.0317529
2085	508.331	2362	0.0307252
2086	508.575	2411	0.0313626
2087	508.819	2467	0.0320911
2088	509.063	2583	0.0336
2089	509.307	2604	0.0338732
2090	509.551	2737	0.0356033
2091	509.794	2905	0.0377887
2092	510.038	3076	0.040013
2093	510.282	3460	0.0450082
2094	510.526	3621	0.0471025
2095	510.770	3938	0.0512261
2096	511.014	4203	0.0546732
2097	511.258	4448	0.0578602
2098	511.501	4443	0.0577952
2099	511.745	4544	0.059109
2100	511.989	4621	0.0601106
2101	512.233	4546	0.059135
2102	512.477	5084	0.0661334
2103	512.721	6214	0.0808326
2104	512.965	9003	0.117112
2105	513.208	14849	0.193158
2106	513.452	25526	0.332046
2107	513.696	41694	0.542361
2108	513.940	62326	0.810745
2109	514.184	83781	1.08984
2110	514.428	102816	1.33745
2111	514.672	109704	1.42705
2112	514.916	105426	1.3714
2113	515.159	90320	1.1749
2114	515.403	68971	0.897185
2115	515.647	46807	0.608872
2116	515.891	28650	0.372683
2117	516.135	16278	0.211747
2118	516.379	8854	0.115174
2119	516.623	5102	0.0663675
2120	516.866	3253	0.0423155
2121	517.110	2619	0.0340683
2122	517.354	2322	0.0302049
2123	517.598	2252	0.0292943
2124	517.842	2340	0.0304391
2125	518.086	2285	0.0297236
2126	518.330	2259	0.0293854
2127	518.573	2149	0.0279545
2128	518.817	2295	0.0298537
2129	519.061	2305	0.0299838
2130	519.305	2290	0.0297886
2131	519.549	2201	0.0286309
2132	519.793	2237	0.0290992
2133	520.037	2231	0.0290212
2134	520.281	2175	0.0282927
2135	520.524	2271	0.0295415
2136	520.768	2149	0.0279545
2137	521.012	2260	0.0293984
2138	521.256	2275	0.0295935
2139	521.500	2205	0.028683
2140	521.744	2177	0.0283187
2141	521.988	2237	0.0290992
2142	522.231	2167	0.0281886
2143	522.475	2283	0.0296976
2144	522.719	2268	0.0295025
2145	522.963	2213	0.028787
2146	523.207	2170	0.0282277
2147	523.451	2231	0.0290212
2148	523.695	2282	0.0296846
2149	523.939	2103	0.0273561
2150	524.182	2270	0.0295285
2151	524.426	2294	0.0298407
2152	524.670	2309	0.0300358
2153	524.914	2141	0.0278504
2154	525.158	2249	0.0292553
2155	525.402	2345	0.0305041
2156	525.646	2213	0.028787
2157	525.889	2341	0.0304521
2158	526.133	2269	0.0295155
2159	526.377	2269	0.0295155
2160	526.621	2361	0.0307122
2161	526.865	2352	0.0305951
2162	527.109	2381	0.0309724
2163	527.353	2383	0.0309984
2164	527.596	2449	0.0318569
2165	527.840	2483	0.0322992
2166	528.084	2410	0.0313496
2167	528.328	2413	0.0313886
2168	528.572	2349	0.0305561
2169	528.816	2269	0.0295155
2170	529.060	2226	0.0289561
2171	529.304	2188	0.0284618
2172	529.547	2235	0.0290732
2173	529.791	2285	0.0297236
2174	530.035	2248	0.0292423
2175	530.279	2286	0.0297366
2176	530.523	2211	0.028761
2177	530.767	2246	0.0292163
2178	531.011	2183	0.0283968
2179	531.254	2116	0.0275252
2180	531.498	2140	0.0278374
2181	531.742	2176	0.0283057
2182	531.986	2047	0.0266277
2183	532.230	2055	0.0267317
2184	532.474	2171	0.0282407
2185	532.718	2098	0.0272911
2186	532.962	2128	0.0276813
2187	533.205	2090	0.027187
2188	533.449	2138	0.0278114
2189	533.693	2115	0.0275122
2190	533.937	2230	0.0290082
2191	534.181	2190	0.0284878
2192	534.425	2197	0.0285789
2193	534.669	2242	0.0291643
2194	534.912	2144	0.0278895
2195	535.156	2156	0.0280456
2196	535.400	2137	0.0277984
2197	535.644	2178	0.0283317
2198	535.888	2104	0.0273691
2199	536.132	2047	0.0266277
2200	536.376	2201	0.0286309
2201	536.619	2177	0.0283187
2202	536.863	2197	0.0285789
2203	537.107	2086	0.027135
2204	537.351	2129	0.0276943
2205	537.595	2079	0.0270439
2206	537.839	2044	0.0265886
2207	538.083	2126	0.0276553
2208	538.327	2104	0.0273691
2209	538.570	2145	0.0279025
2210	538.814	2062	0.0268228
2211	539.058	2117	0.0275382
2212	539.302	2105	0.0273821
2213	539.546	2075	0.0269919
2214	539.790	2099	0.0273041
2215	540.034	2059	0.0267838
2216	540.277	2163	0.0281366
2217	540.521	2149	0.0279545
2218	540.765	2037	0.0264976
2219	541.009	2074	0.0269789
2220	541.253	2103	0.0273561
2221	541.497	2077	0.0270179
2222	541.741	2169	0.0282147
2223	541.984	2144	0.0278895
2224	542.228	2153	0.0280065
2225	542.472	2093	0.027226
2226	542.716	2085	0.027122
2227	542.960	2121	0.0275903
2228	543.204	2127	0.0276683
2229	543.448	2098	0.0272911
2230	543.692	2021	0.0262895
2231	543.935	2083	0.027096
2232	544.179	2096	0.0272651
2233	544.423	2048	0.0266407
2234	544.667	2094	0.027239
2235	544.911	2103	0.0273561
2236	545.155	2064	0.0268488
2237	545.399	2129	0.0276943
2238	545.642	2070	0.0269269
2239	545.886	2038	0.0265106
2240	546.130	2087	0.027148
2241	546.374	2147	0.0279285
2242	546.618	2078	0.0270309
2243	546.862	2083	0.027096
2244	547.106	2070	0.0269269
2245	547.350	2096	0.0272651
2246	547.593	2002	0.0260423
2247	547.837	2121	0.0275903
2248	548.081	2060	0.0267968
2249	548.325	2044	0.0265886
2250	548.569	2094	0.027239
2251	548.813	2013	0.0261854
2252	549.057	2087	0.027148
2253	549.300	2125	0.0276423
2254	549.544	2081	0.0270699
2255	549.788	2121	0.0275903
2256	550.032	2025	0.0263415
2257	550.276	2152	0.0279935
2258	550.520	2098	0.0272911
2259	550.764	2027	0.0263675
2260	551.007	2066	0.0268748
2261	551.251	2080	0.0270569
2262	551.495	2065	0.0268618
2263	551.739	2011	0.0261594
2264	551.983	2032	0.0264325
2265	552.227	2015	0.0262114
2266	552.471	2102	0.0273431
2267	552.715	2060	0.0267968
2268	552.958	2075	0.0269919
2269	553.202	2069	0.0269138
2270	553.446	2092	0.027213
2271	553.690	2108	0.0274212
2272	553.934	2098	0.0272911
2273	554.178	2087	0.027148
2274	554.422	2065	0.0268618
2275	554.665	2106	0.0273951
2276	554.909	2004	0.0260683
2277	555.153	2076	0.0270049
2278	555.397	2017	0.0262374
2279	555.641	2067	0.0268878
2280	555.885	2056	0.0267447
2281	556.129	2171	0.0282407
2282	556.372	2015	0.0262114
2283	556.616	2067	0.0268878
2284	556.860	2076	0.0270049
2285	557.104	2079	0.0270439
2286	557.348	2038	0.0265106
2287	557.592	2120	0.0275773
2288	557.836	2166	0.0281756
2289	558.080	2024	0.0263285
2290	558.323	1987	0.0258472
2291	558.567	1994	0.0259382
2292	558.811	2068	0.0269008
2293	559.055	2037	0.0264976
2294	559.299	1992	0.0259122
2295	559.543	2052	0.0266927
2296	559.787	2085	0.027122
2297	560.030	1992	0.0259122
2298	560.274	2059	0.0267838
2299	560.518	2035	0.0264716
2300	560.762	2108	0.0274212
2301	561.006	2062	0.0268228
2302	561.250	2084	0.027109
2303	561.494	2122	0.0276033
2304	561.738	2087	0.027148
2305	561.981	2015	0.0262114
2306	562.225	2054	0.0267187
2307	562.469	2074	0.0269789
2308	562.713	2067	0.0268878
2309	562.957	2059	0.0267838
2310	563.201	2008	0.0261203
2311	563.445	2064	0.0268488
2312	563.688	2159	0.0280846
2313	563.932	2102	0.0273431
2314	564.176	2079	0.0270439
2315	564.420	2058	0.0267708
2316	564.664	2049	0.0266537
2317	564.908	2061	0.0268098
2318	565.152	2080	0.0270569
2319	565.395	2081	0.0270699
2320	565.639	2111	0.0274602
2321	565.883	2052	0.0266927
2322	566.127	1977	0.0257171
2323	566.371	2075	0.0269919
2324	566.615	2044	0.0265886
2325	566.859	2018	0.0262504
2326	567.103	2019	0.0262634
2327	567.346	2041	0.0265496
2328	567.590	1965	0.025561
2329	567.834	2062	0.0268228
2330	568.078	2039	0.0265236
2331	568.322	2117	0.0275382
2332	568.566	2062	0.0268228
2333	568.810	2048	0.0266407
2334	569.053	2044	0.0265886
2335	569.297	2051	0.0266797
2336	569.541	1994	0.0259382
2337	569.785	2047	0.0266277
2338	570.029	2093	0.027226
2339	570.273	2043	0.0265756
2340	570.517	2050	0.0266667
2341	570.761	2121	0.0275903
2342	571.004	2013	0.0261854
2343	571.248	2109	0.0274342
2344	571.492	2114	0.0274992
2345	571.736	2087	0.027148
2346	571.980	2138	0.0278114
2347	572.224	2027	0.0263675
2348	572.468	2078	0.0270309
2349	572.711	2084	0.027109
2350	572.955	2055	0.0267317
2351	573.199	1992	0.0259122
2352	573.443	2008	0.0261203
2353	573.687	2007	0.0261073
2354	573.931	2091	0.0272
2355	574.175	2112	0.0274732
2356	574.418	2040	0.0265366
2357	574.662	1993	0.0259252
2358	574.906	1996	0.0259643
2359	575.150	2036	0.0264846
2360	575.394	2055	0.0267317
2361	575.638	2072	0.0269529
2362	575.882	2088	0.027161
2363	576.126	2121	0.0275903
2364	576.369	1965	0.025561
2365	576.613	2046	0.0266147
2366	576.857	2061	0.0268098
2367	577.101	2001	0.0260293
2368	577.345	2021	0.0262895
2369	577.589	2151	0.0279805
2370	577.833	2066	0.0268748
2371	578.076	2080	0.0270569
2372	578.320	2097	0.0272781
2373	578.564	2048	0.0266407
2374	578.808	2039	0.0265236
2375	579.052	2055	0.0267317
2376	579.296	2009	0.0261334
2377	579.540	2084	0.027109
2378	579.783	2033	0.0264456
2379	580.027	2111	0.0274602
2380	580.271	2084	0.027109
2381	580.515	2015	0.0262114
2382	580.759	2085	0.027122
2383	581.003	2111	0.0274602
2384	581.247	2140	0.0278374
2385	581.491	2087	0.027148
2386	581.734	2039	0.0265236
2387	581.978	2045	0.0266017
2388	582.222	1942	0.0252618
2389	582.466	2100	0.0273171
2390	582.710	2164	0.0281496
2391	582.954	2045	0.0266017
2392	583.198	2080	0.0270569
2393	583.441	2109	0.0274342
2394	583.685	2040	0.0265366
2395	583.929	2161	0.0281106
2396	584.173	2100	0.0273171
2397	584.417	2027	0.0263675
2398	584.661	2111	0.0274602
2399	584.905	2101	0.0273301
2400	585.149	2148	0.0279415
2401	585.392	2113	0.0274862
2402	585.636	2084	0.027109
2403	585.880	2079	0.0270439
2404	586.124	2032	0.0264325
2405	586.368	2077	0.0270179
2406	586.612	2095	0.0272521
2407	586.856	2040	0.0265366
2408	587.099	2039	0.0265236
2409	587.343	2150	0.0279675
2410	587.587	2078	0.0270309
2411	587.831	2064	0.0268488
2412	588.075	2106	0.0273951
2413	588.319	2069	0.0269138
2414	588.563	2043	0.0265756
2415	588.806	2078	0.0270309
2416	589.050	2043	0.0265756
2417	589.294	2029	0.0263935
2418	589.538	2034	0.0264586
2419	589.782	2185	0.0284228
2420	590.026	2165	0.0281626
2421	590.270	2126	0.0276553
2422	590.514	2116	0.0275252
2423	590.757	2085	0.027122
2424	591.001	2072	0.0269529
2425	591.245	2077	0.0270179
2426	591.489	2038	0.0265106
2427	591.733	2092	0.027213
2428	591.977	2102	0.0273431
2429	592.221	2023	0.0263155
2430	592.464	2142	0.0278634
2431	592.708	2146	0.0279155
2432	592.952	2124	0.0276293
2433	593.196	2114	0.0274992
2434	593.440	2097	0.0272781
2435	593.684	2095	0.0272521
2436	593.928	2079	0.0270439
2437	594.171	2079	0.0270439
2438	594.415	2060	0.0267968
2439	594.659	2130	0.0277073
2440	594.903	2108	0.0274212
2441	595.147	2073	0.0269659
2442	595.391	2106	0.0273951
2443	595.635	2153	0.0280065
2444	595.879	2096	0.0272651
2445	596.122	2235	0.0290732
2446	596.366	2119	0.0275643
2447	596.610	2107	0.0274082
2448	596.854	2148	0.0279415
2449	597.098	2091	0.0272
2450	597.342	2092	0.027213
2451	597.586	2120	0.0275773
2452	597.829	2124	0.0276293
2453	598.073	2131	0.0277204
2454	598.317	2188	0.0284618
2455	598.561	2099	0.0273041
2456	598.805	2070	0.0269269
2457	599.049	2164	0.0281496
2458	599.293	2141	0.0278504
2459	599.537	2090	0.027187
2460	599.780	2132	0.0277334
2461	600.024	2108	0.0274212
2462	600.268	2068	0.0269008
2463	600.512	2149	0.0279545
2464	600.756	2085	0.027122
2465	601.000	2149	0.0279545
2466	601.244	2191	0.0285008
2467	601.487	2137	0.0277984
2468	601.731	2124	0.0276293
2469	601.975	2186	0.0284358
2470	602.219	2113	0.0274862
2471	602.463	2085	0.027122
2472	602.707	2158	0.0280716
2473	602.951	2125	0.0276423
2474	603.194	2144	0.0278895
2475	603.438	2114	0.0274992
2476	603.682	2111	0.0274602
2477	603.926	2182	0.0283838
2478	604.170	2157	0.0280586
2479	604.414	2262	0.0294244
2480	604.658	2200	0.0286179
2481	604.902	2220	0.0288781
2482	605.145	2154	0.0280195
2483	605.389	2197	0.0285789
2484	605.633	2258	0.0293724
2485	605.877	2090	0.027187
2486	606.121	2232	0.0290342
2487	606.365	2222	0.0289041
2488	606.609	2218	0.0288521
2489	606.852	2190	0.0284878
2490	607.096	2153	0.0280065
2491	607.340	2224	0.0289301
2492	607.584	2221	0.0288911
2493	607.828	2209	0.028735
2494	608.072	2253	0.0293073
2495	608.316	2245	0.0292033
2496	608.559	2180	0.0283577
2497	608.803	2214	0.0288
2498	609.047	2298	0.0298927
2499	609.291	2161	0.0281106
2500	609.535	2228	0.0289821
2501	609.779	2265	0.0294634
2502	610.023	2186	0.0284358
2503	610.267	2167	0.0281886
2504	610.510	2245	0.0292033
2505	610.754	2242	0.0291643
2506	610.998	2177	0.0283187
2507	611.242	2219	0.0288651
2508	611.486	2168	0.0282017
2509	611.730	2229	0.0289951
2510	611.974	2211	0.028761
2511	612.217	2176	0.0283057
2512	612.461	2257	0.0293594
2513	612.705	2086	0.027135
2514	612.949	2112	0.0274732
2515	613.193	2204	0.0286699
2516	613.437	2245	0.0292033
2517	613.681	2254	0.0293204
2518	613.925	2176	0.0283057
2519	614.168	2088	0.027161
2520	614.412	2201	0.0286309
2521	614.656	2207	0.028709
2522	614.900	2316	0.0301269
2523	615.144	2361	0.0307122
2524	615.388	2221	0.0288911
2525	615.632	2215	0.028813
2526	615.875	2150	0.0279675
2527	616.119	2242	0.0291643
2528	616.363	2297	0.0298797
2529	616.607	2188	0.0284618
2530	616.851	2204	0.0286699
2531	617.095	2299	0.0299057
2532	617.339	2226	0.0289561
2533	617.582	2224	0.0289301
2534	617.826	2345	0.0305041
2535	618.070	2199	0.0286049
2536	618.314	2226	0.0289561
2537	618.558	2152	0.0279935
2538	618.802	2272	0.0295545
2539	619.046	2204	0.0286699
2540	619.290	2292	0.0298147
2541	619.533	2264	0.0294504
2542	619.777	2172	0.0282537
2543	620.021	2281	0.0296716
2544	620.265	2239	0.0291252
2545	620.509	2298	0.0298927
2546	620.753	2320	0.0301789
2547	620.997	2300	0.0299187
2548	621.240	2306	0.0299968
2549	621.484	2196	0.0285659
2550	621.728	2304	0.0299708
2551	621.972	2297	0.0298797
2552	622.216	2272	0.0295545
2553	622.460	2301	0.0299317
2554	622.704	2209	0.028735
2555	622.948	2272	0.0295545
2556	623.191	2351	0.0305821
2557	623.435	2264	0.0294504
2558	623.679	2232	0.0290342
2559	623.923	2273	0.0295675
2560	624.167	2298	0.0298927
2561	624.411	2226	0.0289561
2562	624.655	2259	0.0293854
2563	624.898	2292	0.0298147
2564	625.142	2253	0.0293073
2565	625.386	2321	0.0301919
2566	625.630	2226	0.0289561
2567	625.874	2226	0.0289561
2568	626.118	2264	0.0294504
2569	626.362	2248	0.0292423
2570	626.605	2332	0.030335
2571	626.849	2330	0.030309
2572	627.093	2402	0.0312456
2573	627.337	2327	0.0302699
2574	627.581	2265	0.0294634
2575	627.825	2210	0.028748
2576	628.069	2293	0.0298277
2577	628.313	2363	0.0307382
2578	628.556	2341	0.0304521
2579	628.800	2349	0.0305561
2580	629.044	2280	0.0296586
2581	629.288	2298	0.0298927
2582	629.532	2291	0.0298017
2583	629.776	2254	0.0293204
2584	630.020	2312	0.0300748
2585	630.263	2311	0.0300618
2586	630.507	2327	0.0302699
2587	630.751	2364	0.0307512
2588	630.995	2375	0.0308943
2589	631.239	2368	0.0308033
2590	631.483	2359	0.0306862
2591	631.727	2353	0.0306082
2592	631.970	2357	0.0306602
2593	632.214	2358	0.0306732
2594	632.458	2411	0.0313626
2595	632.702	2368	0.0308033
2596	632.946	2424	0.0315317
2597	633.190	2419	0.0314667
2598	633.434	2419	0.0314667
2599	633.678	2369	0.0308163
2600	633.921	2362	0.0307252
2601	634.165	2423	0.0315187
2602	634.409	2331	0.030322
2603	634.653	2355	0.0306342
2604	634.897	2343	0.0304781
2605	635.141	2401	0.0312325
2606	635.385	2380	0.0309594
2607	635.628	2398	0.0311935
2608	635.872	2341	0.0304521
2609	636.116	2371	0.0308423
2610	636.360	2412	0.0313756
2611	636.604	2396	0.0311675
2612	636.848	2323	0.0302179
2613	637.092	2440	0.0317399
2614	637.336	2402	0.0312456
2615	637.579	2482	0.0322862
2616	637.823	2506	0.0325984
2617	638.067	2346	0.0305171
2618	638.311	2448	0.0318439
2619	638.555	2483	0.0322992
2620	638.799	2481	0.0322732
2621	639.043	2391	0.0311025
2622	639.286	2407	0.0313106
2623	639.530	2466	0.0320781
2624	639.774	2306	0.0299968
2625	640.018	2483	0.0322992
2626	640.262	2400	0.0312195
2627	640.506	2514	0.0327025
2628	640.750	2350	0.0305691
2629	640.993	2419	0.0314667
2630	641.237	2480	0.0322602
2631	641.481	2426	0.0315578
2632	641.725	2446	0.0318179
2633	641.969	2413	0.0313886
2634	642.213	2404	0.0312716
2635	642.457	2428	0.0315838
2636	642.701	2417	0.0314407
2637	642.944	2495	0.0324553
2638	643.188	2455	0.031935
2639	643.432	2398	0.0311935
2640	643.676	2378	0.0309334
2641	643.920	2420	0.0314797
2642	644.164	2480	0.0322602
2643	644.408	2415	0.0314147
2644	644.651	2469	0.0321171
2645	644.895	2398	0.0311935
2646	645.139	2439	0.0317269
2647	645.383	2531	0.0329236
2648	645.627	2463	0.0320391
2649	645.871	2523	0.0328195
2650	646.115	2502	0.0325464
2651	646.358	2535	0.0329756
2652	646.602	2422	0.0315057
2653	646.846	2505	0.0325854
2654	647.090	2491	0.0324033
2655	647.334	2471	0.0321431
2656	647.578	2471	0.0321431
2657	647.822	2508	0.0326244
2658	648.066	2482	0.0322862
2659	648.309	2516	0.0327285
2660	648.553	2497	0.0324813
2661	648.797	2483	0.0322992
2662	649.041	2523	0.0328195
2663	649.285	2482	0.0322862
2664	649.529	2522	0.0328065
2665	649.773	2516	0.0327285
2666	650.016	2588	0.0336651
2667	650.260	2548	0.0331447
2668	650.504	2501	0.0325334
2669	650.748	2582	0.033587
2670	650.992	2540	0.0330407
2671	651.236	2589	0.0336781
2672	651.480	2478	0.0322342
2673	651.724	2512	0.0326765
2674	651.967	2548	0.0331447
2675	652.211	2558	0.0332748
2676	652.455	2489	0.0323773
2677	652.699	2512	0.0326765
2678	652.943	2512	0.0326765
2679	653.187	2548	0.0331447
2680	653.431	2539	0.0330277
2681	653.674	2500	0.0325204
2682	653.918	2492	0.0324163
2683	654.162	2631	0.0342244
2684	654.406	2516	0.0327285
2685	654.650	2585	0.033626
2686	654.894	2488	0.0323643
2687	655.138	2574	0.033483
2688	655.381	2547	0.0331317
2689	655.625	2513	0.0326895
2690	655.869	2639	0.0343285
2691	656.113	2631	0.0342244
2692	656.357	2649	0.0344586
2693	656.601	2541	0.0330537
2694	656.845	2500	0.0325204
2695	657.089	2602	0.0338472
2696	657.332	2617	0.0340423
2697	657.576	2646	0.0344195
2698	657.820	2546	0.0331187
2699	658.064	2674	0.0347838
2700	658.308	2634	0.0342634
2701	658.552	2618	0.0340553
2702	658.796	2574	0.033483
2703	659.039	2718	0.0353561
2704	659.283	2596	0.0337691
2705	659.527	2617	0.0340423
2706	659.771	2766	0.0359805
2707	660.015	2991	0.0389074
2708	660.259	3353	0.0436163
2709	660.503	4331	0.0563383
2710	660.746	6207	0.0807415
2711	660.990	9879	0.128507
2712	661.234	15934	0.207272
2713	661.478	23851	0.310257
2714	661.722	34510	0.448911
2715	661.966	44962	0.584872
2716	662.210	54230	0.705432
2717	662.454	57574	0.748931
2718	662.697	56210	0.731188
2719	662.941	48836	0.635266
2720	663.185	38835	0.505171
2721	663.429	27594	0.358947
2722	663.673	18238	0.237242
2723	663.917	11545	0.150179
2724	664.161	6996	0.091005
2725	664.404	4634	0.0602797
2726	664.648	3472	0.0451643
2727	664.892	2932	0.0381399
2728	665.136	2732	0.0355382
2729	665.380	2565	0.0333659
2730	665.624	2644	0.0343935
2731	665.868	2583	0.0336
2732	666.112	2714	0.0353041
2733	666.355	2638	0.0343155
2734	666.599	2733	0.0355513
2735	666.843	2635	0.0342765
2736	667.087	2580	0.033561
2737	667.331	2615	0.0340163
2738	667.575	2607	0.0339122
2739	667.819	2641	0.0343545
2740	668.062	2592	0.0337171
2741	668.306	2691	0.0350049
2742	668.550	2694	0.0350439
2743	668.794	2671	0.0347447
2744	669.038	2690	0.0349919
2745	669.282	2672	0.0347578
2746	669.526	2725	0.0354472
2747	669.769	2635	0.0342765
2748	670.013	2590	0.0336911
2749	670.257	2592	0.0337171
2750	670.501	2611	0.0339643
2751	670.745	2662	0.0346277
2752	670.989	2654	0.0345236
2753	671.233	2640	0.0343415
2754	671.477	2718	0.0353561
2755	671.720	2719	0.0353691
2756	671.964	2651	0.0344846
2757	672.208	2631	0.0342244
2758	672.452	2626	0.0341594
2759	672.696	2752	0.0357984
2760	672.940	2783	0.0362017
2761	673.184	2690	0.0349919
2762	673.427	2670	0.0347317
2763	673.671	2701	0.035135
2764	673.915	2780	0.0361626
2765	674.159	2678	0.0348358
2766	674.403	2600	0.0338212
2767	674.647	2740	0.0356423
2768	674.891	2749	0.0357594
2769	675.135	2771	0.0360456
2770	675.378	2752	0.0357984
2771	675.622	2736	0.0355903
2772	675.866	2705	0.035187
2773	676.110	2713	0.0352911
2774	676.354	2688	0.0349659
2775	676.598	2760	0.0359025
2776	676.842	2770	0.0360326
2777	677.085	2794	0.0363447
2778	677.329	2728	0.0354862
2779	677.573	2650	0.0344716
2780	677.817	2803	0.0364618
2781	678.061	2810	0.0365529
2782	678.305	2854	0.0371252
2783	678.549	2730	0.0355122
2784	678.792	2823	0.036722
2785	679.036	2704	0.035174
2786	679.280	2786	0.0362407
2787	679.524	2742	0.0356683
2788	679.768	2847	0.0370342
2789	680.012	2773	0.0360716
2790	680.256	2755	0.0358374
2791	680.500	2706	0.0352
2792	680.743	2776	0.0361106
2793	680.987	2677	0.0348228
2794	681.231	2803	0.0364618
2795	681.475	2820	0.036683
2796	681.719	2688	0.0349659
2797	681.963	2741	0.0356553
2798	682.207	2638	0.0343155
2799	682.450	2763	0.0359415
2800	682.694	2714	0.0353041
2801	682.938	2806	0.0365008
2802	683.182	2721	0.0353952
2803	683.426	2852	0.0370992
2804	683.670	2797	0.0363838
2805	683.914	2751	0.0357854
2806	684.157	2724	0.0354342
2807	684.401	2766	0.0359805
2808	684.645	2788	0.0362667
2809	684.889	2790	0.0362927
2810	685.133	2726	0.0354602
2811	685.377	2830	0.036813
2812	685.621	2800	0.0364228
2813	685.865	2752	0.0357984
2814	686.108	2707	0.035213
2815	686.352	2778	0.0361366
2816	686.596	2742	0.0356683
2817	686.840	2867	0.0372943
2818	687.084	2743	0.0356813
2819	687.328	2840	0.0369431
2820	687.572	2882	0.0374895
2821	687.815	2672	0.0347578
2822	688.059	2784	0.0362147
2823	688.303	2799	0.0364098
2824	688.547	2879	0.0374504
2825	688.791	2814	0.0366049
2826	689.035	2812	0.0365789
2827	689.279	2807	0.0365139
2828	689.523	2840	0.0369431
2829	689.766	2814	0.0366049
2830	690.010	2827	0.036774
2831	690.254	2773	0.0360716
2832	690.498	2926	0.0380618
2833	690.742	2809	0.0365399
2834	690.986	2800	0.0364228
2835	691.230	2784	0.0362147
2836	691.473	2725	0.0354472
2837	691.717	2902	0.0377496
2838	691.961	2817	0.0366439
2839	692.205	2898	0.0376976
2840	692.449	2839	0.0369301
2841	692.693	2971	0.0386472
2842	692.937	2858	0.0371773
2843	693.180	2804	0.0364748
2844	693.424	2867	0.0372943
2845	693.668	2750	0.0357724
2846	693.912	2687	0.0349529
2847	694.156	2776	0.0361106
2848	694.400	2793	0.0363317
2849	694.644	2803	0.0364618
2850	694.888	2689	0.0349789
2851	695.131	2688	0.0349659
2852	695.375	2673	0.0347708
2853	695.619	2666	0.0346797
2854	695.863	2699	0.035109
2855	696.107	2707	0.035213
2856	696.351	2804	0.0364748
2857	696.595	2646	0.0344195
2858	696.838	2734	0.0355643
2859	697.082	2602	0.0338472
2860	697.326	2645	0.0344065
2861	697.570	2670	0.0347317
2862	697.814	2622	0.0341073
2863	698.058	2632	0.0342374
2864	698.302	2546	0.0331187
2865	698.545	2556	0.0332488
2866	698.789	2587	0.0336521
2867	699.033	2497	0.0324813
2868	699.277	2496	0.0324683
2869	699.521	2503	0.0325594
2870	699.765	2439	0.0317269
2871	700.009	2404	0.0312716
2872	700.253	2376	0.0309073
2873	700.496	2367	0.0307903
2874	700.740	2308	0.0300228
2875	700.984	2315	0.0301138
2876	701.228	2281	0.0296716
2877	701.472	2307	0.0300098
2878	701.716	2237	0.0290992
2879	701.960	2251	0.0292813
2880	702.203	2169	0.0282147
2881	702.447	2221	0.0288911
2882	702.691	2167	0.0281886
2883	702.935	2202	0.0286439
2884	703.179	2080	0.0270569
2885	703.423	2184	0.0284098
2886	703.667	2112	0.0274732
2887	703.911	2117	0.0275382
2888	704.154	2107	0.0274082
2889	704.398	2140	0.0278374
2890	704.642	2077	0.0270179
2891	704.886	2104	0.0273691
2892	705.130	2083	0.027096
2893	705.374	2075	0.0269919
2894	705.618	2007	0.0261073
2895	705.861	2044	0.0265886
2896	706.105	2019	0.0262634
2897	706.349	1997	0.0259773
2898	706.593	1994	0.0259382
2899	706.837	2011	0.0261594
2900	707.081	2091	0.0272
2901	707.325	1983	0.0257951
2902	707.568	1980	0.0257561
2903	707.812	1997	0.0259773
2904	708.056	2059	0.0267838
2905	708.300	2023	0.0263155
2906	708.544	2047	0.0266277
2907	708.788	1891	0.0245984
2908	709.032	1948	0.0253399
2909	709.276	2032	0.0264325
2910	709.519	1946	0.0253138
2911	709.763	1994	0.0259382
2912	710.007	1923	0.0250147
2913	710.251	1961	0.025509
2914	710.495	2000	0.0260163
2915	710.739	1959	0.025483
2916	710.983	1972	0.0256521
2917	711.226	1915	0.0249106
2918	711.470	1929	0.0250927
2919	711.714	1932	0.0251317
2920	711.958	1998	0.0259903
2921	712.202	1878	0.0244293
2922	712.446	1900	0.0247155
2923	712.690	1887	0.0245464
2924	712.933	1845	0.024
2925	713.177	1955	0.0254309
2926	713.421	1880	0.0244553
2927	713.665	1922	0.0250016
2928	713.909	1835	0.0238699
2929	714.153	1890	0.0245854
2930	714.397	1898	0.0246895
2931	714.641	1901	0.0247285
2932	714.884	1869	0.0243122
2933	715.128	1923	0.0250147
2934	715.372	1917	0.0249366
2935	715.616	1883	0.0244943
2936	715.860	1942	0.0252618
2937	716.104	1863	0.0242342
2938	716.348	1885	0.0245203
2939	716.591	1867	0.0242862
2940	716.835	1947	0.0253269
2941	717.079	1867	0.0242862
2942	717.323	1902	0.0247415
2943	717.567	1833	0.0238439
2944	717.811	1751	0.0227773
2945	718.055	1871	0.0243382
2946	718.299	1831	0.0238179
2947	718.542	1842	0.023961
2948	718.786	1857	0.0241561
2949	719.030	1843	0.023974
2950	719.274	1875	0.0243903
2951	719.518	1822	0.0237008
2952	719.762	1809	0.0235317
2953	720.006	1858	0.0241691
2954	720.249	1840	0.023935
2955	720.493	1764	0.0229464
2956	720.737	1801	0.0234277
2957	720.981	1932	0.0251317
2958	721.225	1854	0.0241171
2959	721.469	1761	0.0229073
2960	721.713	1799	0.0234016
2961	721.956	1780	0.0231545
2962	722.200	1833	0.0238439
2963	722.444	1816	0.0236228
2964	722.688	1827	0.0237659
2965	722.932	1803	0.0234537
2966	723.176	1795	0.0233496
2967	723.420	1839	0.023922
2968	723.664	1795	0.0233496
2969	723.907	1818	0.0236488
2970	724.151	1777	0.0231155
2971	724.395	1803	0.0234537
2972	724.639	1757	0.0228553
2973	724.883	1845	0.024
2974	725.127	1825	0.0237399
2975	725.371	1772	0.0230504
2976	725.614	1811	0.0235577
2977	725.858	1769	0.0230114
2978	726.102	1726	0.0224521
2979	726.346	1865	0.0242602
2980	726.590	1772	0.0230504
2981	726.834	1798	0.0233886
2982	727.078	1797	0.0233756
2983	727.322	1796	0.0233626
2984	727.565	1817	0.0236358
2985	727.809	1786	0.0232325
2986	728.053	1796	0.0233626
2987	728.297	1776	0.0231025
2988	728.541	1759	0.0228813
2989	728.785	1767	0.0229854
2990	729.029	1758	0.0228683
2991	729.272	1798	0.0233886
2992	729.516	1768	0.0229984
2993	729.760	1773	0.0230634
2994	730.004	1745	0.0226992
2995	730.248	1708	0.0222179
2996	730.492	1794	0.0233366
2997	730.736	1739	0.0226212
2998	730.979	1752	0.0227903
2999	731.223	1767	0.0229854
3000	731.467	1749	0.0227512
3001	731.711	1823	0.0237138
3002	731.955	1797	0.0233756
3003	732.199	1768	0.0229984
3004	732.443	1728	0.0224781
3005	732.687	1674	0.0217756
3006	732.930	1729	0.0224911
3007	733.174	1684	0.0219057
3008	733.418	1717	0.022335
3009	733.662	1709	0.0222309
3010	733.906	1819	0.0236618
3011	734.150	1741	0.0226472
3012	734.394	1708	0.0222179
3013	734.637	1726	0.0224521
3014	734.881	1744	0.0226862
3015	735.125	1672	0.0217496
3016	735.369	1685	0.0219187
3017	735.613	1635	0.0212683
3018	735.857	1720	0.022374
3019	736.101	1750	0.0227642
3020	736.344	1651	0.0214764
3021	736.588	1707	0.0222049
3022	736.832	1717	0.022335
3023	737.076	1656	0.0215415
3024	737.320	1583	0.0205919
3025	737.564	1705	0.0221789
3026	737.808	1637	0.0212943
3027	738.052	1714	0.022296
3028	738.295	1677	0.0218147
3029	738.539	1744	0.0226862
3030	738.783	1696	0.0220618
3031	739.027	1762	0.0229203
3032	739.271	1671	0.0217366
3033	739.515	1717	0.022335
3034	739.759	1677	0.0218147
3035	740.002	1678	0.0218277
3036	740.246	1661	0.0216065
3037	740.490	1602	0.020839
3038	740.734	1653	0.0215025
3039	740.978	1668	0.0216976
3040	741.222	1675	0.0217886
3041	741.466	1624	0.0211252
3042	741.710	1632	0.0212293
3043	741.953	1621	0.0210862
3044	742.197	1618	0.0210472
3045	742.441	1636	0.0212813
3046	742.685	1629	0.0211903
3047	742.929	1664	0.0216455
3048	743.173	1643	0.0213724
3049	743.417	1665	0.0216586
3050	743.660	1609	0.0209301
3051	743.904	1674	0.0217756
3052	744.148	1679	0.0218407
3053	744.392	1673	0.0217626
3054	744.636	1610	0.0209431
3055	744.880	1682	0.0218797
3056	745.124	1660	0.0215935
3057	745.367	1697	0.0220748
3058	745.611	1630	0.0212033
3059	745.855	1645	0.0213984
3060	746.099	1649	0.0214504
3061	746.343	1660	0.0215935
3062	746.587	1600	0.020813
3063	746.831	1608	0.0209171
3064	747.075	1531	0.0199155
3065	747.318	1568	0.0203968
3066	747.562	1591	0.020696
3067	747.806	1598	0.020787
3068	748.050	1608	0.0209171
3069	748.294	1574	0.0204748
3070	748.538	1590	0.0206829
3071	748.782	1577	0.0205138
3072	749.025	1535	0.0199675
3073	749.269	1543	0.0200716
3074	749.513	1586	0.0206309
3075	749.757	1617	0.0210342
3076	750.001	1610	0.0209431
3077	750.245	1546	0.0201106
3078	750.489	1675	0.0217886
3079	750.732	1554	0.0202147
3080	750.976	1583	0.0205919
3081	751.220	1565	0.0203577
3082	751.464	1583	0.0205919
3083	751.708	1549	0.0201496
3084	751.952	1614	0.0209951
3085	752.196	1559	0.0202797
3086	752.440	1598	0.020787
3087	752.683	1597	0.020774
3088	752.927	1578	0.0205268
3089	753.171	1547	0.0201236
3090	753.415	1560	0.0202927
3091	753.659	1500	0.0195122
3092	753.903	1495	0.0194472
3093	754.147	1604	0.0208651
3094	754.390	1569	0.0204098
3095	754.634	1538	0.0200065
3096	754.878	1570	0.0204228
3097	755.122	1514	0.0196943
3098	755.366	1562	0.0203187
3099	755.610	1569	0.0204098
3100	755.854	1536	0.0199805
3101	756.098	1540	0.0200325
3102	756.341	1564	0.0203447
3103	756.585	1542	0.0200586
3104	756.829	1589	0.0206699
3105	757.073	1530	0.0199025
3106	757.317	1551	0.0201756
3107	757.561	1579	0.0205399
3108	757.805	1471	0.019135
3109	758.048	1580	0.0205529
3110	758.292	1611	0.0209561
3111	758.536	1542	0.0200586
3112	758.780	1542	0.0200586
3113	759.024	1581	0.0205659
3114	759.268	1559	0.0202797
3115	759.512	1587	0.0206439
3116	759.755	1503	0.0195512
3117	759.999	1466	0.0190699
3118	760.243	1535	0.0199675
3119	760.487	1501	0.0195252
3120	760.731	1513	0.0196813
3121	760.975	1505	0.0195773
3122	761.219	1522	0.0197984
3123	761.463	1495	0.0194472
3124	761.706	1473	0.019161
3125	761.950	1476	0.0192
3126	762.194	1501	0.0195252
3127	762.438	1429	0.0185886
3128	762.682	1517	0.0197334
3129	762.926	1498	0.0194862
3130	763.170	1485	0.0193171
3131	763.413	1464	0.0190439
3132	763.657	1428	0.0185756
3133	763.901	1450	0.0188618
3134	764.145	1511	0.0196553
3135	764.389	1481	0.0192651
3136	764.633	1539	0.0200195
3137	764.877	1468	0.019096
3138	765.121	1468	0.019096
3139	765.364	1516	0.0197203
3140	765.608	1499	0.0194992
3141	765.852	1454	0.0189138
3142	766.096	1476	0.0192
3143	766.340	1392	0.0181073
3144	766.584	1436	0.0186797
3145	766.828	1478	0.019226
3146	767.071	1463	0.0190309
3147	767.315	1502	0.0195382
3148	767.559	1473	0.019161
3149	767.803	1398	0.0181854
3150	768.047	1386	0.0180293
3151	768.291	1409	0.0183285
3152	768.535	1513	0.0196813
3153	768.778	1431	0.0186147
3154	769.022	1411	0.0183545
3155	769.266	1522	0.0197984
3156	769.510	1409	0.0183285
3157	769.754	1428	0.0185756
3158	769.998	1375	0.0178862
3159	770.242	1388	0.0180553
3160	770.486	1411	0.0183545
3161	770.729	1380	0.0179512
3162	770.973	1460	0.0189919
3163	771.217	1397	0.0181724
3164	771.461	1417	0.0184325
3165	771.705	1377	0.0179122
3166	771.949	1441	0.0187447
3167	772.193	1462	0.0190179
3168	772.436	1399	0.0181984
3169	772.680	1354	0.017613
3170	772.924	1420	0.0184716
3171	773.168	1397	0.0181724
3172	773.412	1415	0.0184065
3173	773.656	1359	0.0176781
3174	773.900	1411	0.0183545
3175	774.143	1343	0.0174699
3176	774.387	1462	0.0190179
3177	774.631	1361	0.0177041
3178	774.875	1386	0.0180293
3179	775.119	1412	0.0183675
3180	775.363	1335	0.0173659
3181	775.607	1350	0.017561
3182	775.851	1342	0.0174569
3183	776.094	1363	0.0177301
3184	776.338	1365	0.0177561
3185	776.582	1360	0.0176911
3186	776.826	1325	0.0172358
3187	777.070	1360	0.0176911
3188	777.314	1366	0.0177691
3189	777.558	1390	0.0180813
3190	777.801	1340	0.0174309
3191	778.045	1357	0.017652
3192	778.289	1365	0.0177561
3193	778.533	1344	0.0174829
3194	778.777	1299	0.0168976
3195	779.021	1281	0.0166634
3196	779.265	1341	0.0174439
3197	779.509	1403	0.0182504
3198	779.752	1388	0.0180553
3199	779.996	1341	0.0174439
3200	780.240	1330	0.0173008
3201	780.484	1376	0.0178992
3202	780.728	1387	0.0180423
3203	780.972	1367	0.0177821
3204	781.216	1338	0.0174049
3205	781.459	1288	0.0167545
3206	781.703	1290	0.0167805
3207	781.947	1314	0.0170927
3208	782.191	1335	0.0173659
3209	782.435	1379	0.0179382
3210	782.679	1350	0.017561
3211	782.923	1294	0.0168325
3212	783.166	1263	0.0164293
3213	783.410	1343	0.0174699
3214	783.654	1289	0.0167675
3215	783.898	1330	0.0173008
3216	784.142	1306	0.0169886
3217	784.386	1293	0.0168195
3218	784.630	1380	0.0179512
3219	784.874	1266	0.0164683
3220	785.117	1322	0.0171968
3221	785.361	1289	0.0167675
3222	785.605	1295	0.0168455
3223	785.849	1307	0.0170016
3224	786.093	1294	0.0168325
3225	786.337	1356	0.017639
3226	786.581	1284	0.0167025
3227	786.824	1271	0.0165333
3228	787.068	1253	0.0162992
3229	787.312	1317	0.0171317
3230	787.556	1281	0.0166634
3231	787.800	1273	0.0165594
3232	788.044	1294	0.0168325
3233	788.288	1274	0.0165724
3234	788.531	1222	0.0158959
3235	788.775	1260	0.0163903
3236	789.019	1269	0.0165073
3237	789.263	1276	0.0165984
3238	789.507	1317	0.0171317
3239	789.751	1256	0.0163382
3240	789.995	1280	0.0166504
3241	790.239	1243	0.0161691
3242	790.482	1265	0.0164553
3243	790.726	1263	0.0164293
3244	790.970	1304	0.0169626
3245	791.214	1227	0.015961
3246	791.458	1285	0.0167155
3247	791.702	1255	0.0163252
3248	791.946	1244	0.0161821
3249	792.189	1245	0.0161951
3250	792.433	1278	0.0166244
3251	792.677	1304	0.0169626
3252	792.921	1261	0.0164033
3253	793.165	1275	0.0165854
3254	793.409	1182	0.0153756
3255	793.653	1271	0.0165333
3256	793.897	1280	0.0166504
3257	794.140	1295	0.0168455
3258	794.384	1238	0.0161041
3259	794.628	1286	0.0167285
3260	794.872	1243	0.0161691
3261	795.116	1241	0.0161431
3262	795.360	1198	0.0155838
3263	795.604	1191	0.0154927
3264	795.847	1208	0.0157138
3265	796.091	1310	0.0170407
3266	796.335	1238	0.0161041
3267	796.579	1261	0.0164033
3268	796.823	1253	0.0162992
3269	797.067	1212	0.0157659
3270	797.311	1236	0.0160781
3271	797.554	1288	0.0167545
3272	797.798	1216	0.0158179
3273	798.042	1292	0.0168065
3274	798.286	1204	0.0156618
3275	798.530	1200	0.0156098
3276	798.774	1213	0.0157789
3277	799.018	1244	0.0161821
3278	799.262	1237	0.0160911
3279	799.505	1215	0.0158049
3280	799.749	1265	0.0164553
3281	799.993	1216	0.0158179
3282	800.237	1230	0.016
3283	800.481	1249	0.0162472
3284	800.725	1219	0.0158569
3285	800.969	1183	0.0153886
3286	801.212	1182	0.0153756
3287	801.456	1225	0.015935
3288	801.700	1204	0.0156618
3289	801.944	1280	0.0166504
3290	802.188	1203	0.0156488
3291	802.432	1179	0.0153366
3292	802.676	1238	0.0161041
3293	802.919	1226	0.015948
3294	803.163	1245	0.0161951
3295	803.407	1273	0.0165594
3296	803.651	1196	0.0155577
3297	803.895	1197	0.0155707
3298	804.139	1286	0.0167285
3299	804.383	1259	0.0163773
3300	804.627	1237	0.0160911
3301	804.870	1280	0.0166504
3302	805.114	1258	0.0163642
3303	805.358	1162	0.0151155
3304	805.602	1252	0.0162862
3305	805.846	1216	0.0158179
3306	806.090	1195	0.0155447
3307	806.334	1170	0.0152195
3308	806.577	1221	0.0158829
3309	806.821	1231	0.016013
3310	807.065	1149	0.0149464
3311	807.309	1247	0.0162212
3312	807.553	1164	0.0151415
3313	807.797	1179	0.0153366
3314	808.041	1216	0.0158179
3315	808.285	1192	0.0155057
3316	808.528	1202	0.0156358
3317	808.772	1169	0.0152065
3318	809.016	1177	0.0153106
3319	809.260	1165	0.0151545
3320	809.504	1215	0.0158049
3321	809.748	1174	0.0152716
3322	809.992	1214	0.0157919
3323	810.235	1181	0.0153626
3324	810.479	1149	0.0149464
3325	810.723	1209	0.0157268
3326	810.967	1166	0.0151675
3327	811.211	1134	0.0147512
3328	811.455	1215	0.0158049
3329	811.699	1181	0.0153626
3330	811.942	1215	0.0158049
3331	812.186	1254	0.0163122
3332	812.430	1240	0.0161301
3333	812.674	1295	0.0168455
3334	812.918	1316	0.0171187
3335	813.162	1471	0.019135
3336	813.406	1571	0.0204358
3337	813.650	1818	0.0236488
3338	813.893	2171	0.0282407
3339	814.137	2495	0.0324553
3340	814.381	2870	0.0373334
3341	814.625	3204	0.0416781
3342	814.869	3305	0.0429919
3343	815.113	3197	0.041587
3344	815.357	2898	0.0376976
3345	815.600	2693	0.0350309
3346	815.844	2251	0.0292813
3347	816.088	1926	0.0250537
3348	816.332	1671	0.0217366
3349	816.576	1427	0.0185626
3350	816.820	1326	0.0172488
3351	817.064	1302	0.0169366
3352	817.308	1231	0.016013
3353	817.551	1145	0.0148943
3354	817.795	1176	0.0152976
3355	818.039	1170	0.0152195
3356	818.283	1245	0.0161951
3357	818.527	1158	0.0150634
3358	818.771	1214	0.0157919
3359	819.015	1239	0.0161171
3360	819.258	1181	0.0153626
3361	819.502	1178	0.0153236
3362	819.746	1208	0.0157138
3363	819.990	1180	0.0153496
3364	820.234	1231	0.016013
3365	820.478	1270	0.0165203
3366	820.722	1243	0.0161691
3367	820.965	1290	0.0167805
3368	821.209	1294	0.0168325
3369	821.453	1295	0.0168455
3370	821.697	1282	0.0166764
3371	821.941	1311	0.0170537
3372	822.185	1281	0.0166634
3373	822.429	1339	0.0174179
3374	822.673	1343	0.0174699
3375	822.916	1328	0.0172748
3376	823.160	1291	0.0167935
3377	823.404	1285	0.0167155
3378	823.648	1279	0.0166374
3379	823.892	1260	0.0163903
3380	824.136	1265	0.0164553
3381	824.380	1251	0.0162732
3382	824.623	1246	0.0162081
3383	824.867	1232	0.016026
3384	825.111	1181	0.0153626
3385	825.355	1204	0.0156618
3386	825.599	1190	0.0154797
3387	825.843	1168	0.0151935
3388	826.087	1192	0.0155057
3389	826.330	1167	0.0151805
3390	826.574	1265	0.0164553
3391	826.818	1211	0.0157529
3392	827.062	1187	0.0154407
3393	827.306	1225	0.015935
3394	827.550	1285	0.0167155
3395	827.794	1215	0.0158049
3396	828.038	1245	0.0161951
3397	828.281	1300	0.0169106
3398	828.525	1201	0.0156228
3399	828.769	1158	0.0150634
3400	829.013	1267	0.0164813
3401	829.257	1174	0.0152716
3402	829.501	1234	0.016052
3403	829.745	1234	0.016052
3404	829.988	1256	0.0163382
3405	830.232	1227	0.015961
3406	830.476	1275	0.0165854
3407	830.720	1266	0.0164683
3408	830.964	1176	0.0152976
3409	831.208	1150	0.0149594
3410	831.452	1268	0.0164943
3411	831.696	1163	0.0151285
3412	831.939	1174	0.0152716
3413	832.183	1220	0.0158699
3414	832.427	1264	0.0164423
3415	832.671	1313	0.0170797
3416	832.915	1159	0.0150764
3417	833.159	1215	0.0158049
3418	833.403	1190	0.0154797
3419	833.646	1239	0.0161171
3420	833.890	1237	0.0160911
3421	834.134	1199	0.0155968
3422	834.378	1223	0.015909
3423	834.622	1193	0.0155187
3424	834.866	1183	0.0153886
3425	835.110	1232	0.016026
3426	835.353	1234	0.016052
3427	835.597	1271	0.0165333
3428	835.841	1175	0.0152846
3429	836.085	1256	0.0163382
3430	836.329	1257	0.0163512
3431	836.573	1222	0.0158959
3432	836.817	1282	0.0166764
3433	837.061	1253	0.0162992
3434	837.304	1248	0.0162342
3435	837.548	1256	0.0163382
3436	837.792	1298	0.0168846
3437	838.036	1236	0.0160781
3438	838.280	1229	0.015987
3439	838.524	1241	0.0161431
3440	838.768	1271	0.0165333
3441	839.011	1237	0.0160911
3442	839.255	1251	0.0162732
3443	839.499	1253	0.0162992
3444	839.743	1229	0.015987
3445	839.987	1203	0.0156488
3446	840.231	1264	0.0164423
3447	840.475	1220	0.0158699
3448	840.718	1281	0.0166634
3449	840.962	1235	0.0160651
3450	841.206	1280	0.0166504
3451	841.450	1259	0.0163773
3452	841.694	1240	0.0161301
3453	841.938	1200	0.0156098
3454	842.182	1259	0.0163773
3455	842.426	1211	0.0157529
3456	842.669	1306	0.0169886
3457	842.913	1236	0.0160781
3458	843.157	1226	0.015948
3459	843.401	1259	0.0163773
3460	843.645	1294	0.0168325
3461	843.889	1230	0.016
3462	844.133	1229	0.015987
3463	844.376	1247	0.0162212
3464	844.620	1294	0.0168325
3465	844.864	1299	0.0168976
3466	845.108	1225	0.015935
3467	845.352	1299	0.0168976
3468	845.596	1255	0.0163252
3469	845.840	1305	0.0169756
3470	846.084	1190	0.0154797
3471	846.327	1256	0.0163382
3472	846.571	1293	0.0168195
3473	846.815	1250	0.0162602
3474	847.059	1249	0.0162472
3475	847.303	1195	0.0155447
3476	847.547	1237	0.0160911
3477	847.791	1233	0.016039
3478	848.034	1289	0.0167675
3479	848.278	1207	0.0157008
3480	848.522	1259	0.0163773
3481	848.766	1185	0.0154146
3482	849.010	1221	0.0158829
3483	849.254	1286	0.0167285
3484	849.498	1286	0.0167285
3485	849.741	1272	0.0165464
3486	849.985	1298	0.0168846
3487	850.229	1177	0.0153106
3488	850.473	1261	0.0164033
3489	850.717	1239	0.0161171
3490	850.961	1289	0.0167675
3491	851.205	1256	0.0163382
3492	851.449	1273	0.0165594
3493	851.692	1274	0.0165724
3494	851.936	1364	0.0177431
3495	852.180	1289	0.0167675
3496	852.424	1280	0.0166504
3497	852.668	1264	0.0164423
3498	852.912	1245	0.0161951
3499	853.156	1234	0.016052
3500	853.399	1264	0.0164423
3501	853.643	1237	0.0160911
3502	853.887	1259	0.0163773
3503	854.131	1243	0.0161691
3504	854.375	1292	0.0168065
3505	854.619	1283	0.0166894
3506	854.863	1269	0.0165073
3507	855.106	1231	0.016013
3508	855.350	1260	0.0163903
3509	855.594	1260	0.0163903
3510	855.838	1269	0.0165073
3511	856.082	1327	0.0172618
3512	856.326	1274	0.0165724
3513	856.570	1287	0.0167415
3514	856.814	1277	0.0166114
3515	857.057	1282	0.0166764
3516	857.301	1289	0.0167675
3517	857.545	1238	0.0161041
3518	857.789	1302	0.0169366
3519	858.033	1202	0.0156358
3520	858.277	1348	0.017535
3521	858.521	1267	0.0164813
3522	858.764	1253	0.0162992
3523	859.008	1351	0.017574
3524	859.252	1329	0.0172878
3525	859.496	1311	0.0170537
3526	859.740	1224	0.015922
3527	859.984	1300	0.0169106
3528	860.228	1257	0.0163512
3529	860.472	1292	0.0168065
3530	860.715	1244	0.0161821
3531	860.959	1267	0.0164813
3532	861.203	1271	0.0165333
3533	861.447	1329	0.0172878
3534	861.691	1270	0.0165203
3535	861.935	1300	0.0169106
3536	862.179	1341	0.0174439
3537	862.422	1341	0.0174439
3538	862.666	1347	0.017522
3539	862.910	1309	0.0170277
3540	863.154	1247	0.0162212
3541	863.398	1256	0.0163382
3542	863.642	1291	0.0167935
3543	863.886	1279	0.0166374
3544	864.129	1283	0.0166894
3545	864.373	1314	0.0170927
3546	864.617	1285	0.0167155
3547	864.861	1297	0.0168716
3548	865.105	1357	0.017652
3549	865.349	1325	0.0172358
3550	865.593	1256	0.0163382
3551	865.837	1245	0.0161951
3552	866.080	1263	0.0164293
3553	866.324	1247	0.0162212
3554	866.568	1291	0.0167935
3555	866.812	1363	0.0177301
3556	867.056	1286	0.0167285
3557	867.300	1287	0.0167415
3558	867.544	1265	0.0164553
3559	867.787	1280	0.0166504
3560	868.031	1268	0.0164943
3561	868.275	1279	0.0166374
3562	868.519	1302	0.0169366
3563	868.763	1263	0.0164293
3564	869.007	1352	0.017587
3565	869.251	1379	0.0179382
3566	869.495	1344	0.0174829
3567	869.738	1311	0.0170537
3568	869.982	1340	0.0174309
3569	870.226	1360	0.0176911
3570	870.470	1291	0.0167935
3571	870.714	1356	0.017639
3572	870.958	1367	0.0177821
3573	871.202	1326	0.0172488
3574	871.445	1289	0.0167675
3575	871.689	1312	0.0170667
3576	871.933	1333	0.0173399
3577	872.177	1332	0.0173268
3578	872.421	1328	0.0172748
3579	872.665	1248	0.0162342
3580	872.909	1331	0.0173138
3581	873.152	1327	0.0172618
3582	873.396	1263	0.0164293
3583	873.640	1375	0.0178862
3584	873.884	1317	0.0171317
3585	874.128	1344	0.0174829
3586	874.372	1332	0.0173268
3587	874.616	1282	0.0166764
3588	874.860	1347	0.017522
3589	875.103	1319	0.0171577
3590	875.347	1327	0.0172618
3591	875.591	1291	0.0167935
3592	875.835	1393	0.0181203
3593	876.079	1292	0.0168065
3594	876.323	1412	0.0183675
3595	876.567	1291	0.0167935
3596	876.810	1331	0.0173138
3597	877.054	1323	0.0172098
3598	877.298	1337	0.0173919
3599	877.542	1328	0.0172748
3600	877.786	1308	0.0170146
3601	878.030	1288	0.0167545
3602	878.274	1316	0.0171187
3603	878.517	1330	0.0173008
3604	878.761	1322	0.0171968
3605	879.005	1302	0.0169366
3606	879.249	1378	0.0179252
3607	879.493	1321	0.0171838
3608	879.737	1329	0.0172878
3609	879.981	1342	0.0174569
3610	880.225	1369	0.0178081
3611	880.468	1343	0.0174699
3612	880.712	1348	0.017535
3613	880.956	1334	0.0173529
3614	881.200	1384	0.0180033
3615	881.444	1376	0.0178992
3616	881.688	1384	0.0180033
3617	881.932	1345	0.017496
3618	882.175	1363	0.0177301
3619	882.419	1375	0.0178862
3620	882.663	1412	0.0183675
3621	882.907	1347	0.017522
3622	883.151	1361	0.0177041
3623	883.395	1343	0.0174699
3624	883.639	1331	0.0173138
3625	883.883	1336	0.0173789
3626	884.126	1375	0.0178862
3627	884.370	1361	0.0177041
3628	884.614	1373	0.0178602
3629	884.858	1371	0.0178342
3630	885.102	1344	0.0174829
3631	885.346	1346	0.017509
3632	885.590	1410	0.0183415
3633	885.833	1375	0.0178862
3634	886.077	1391	0.0180943
3635	886.321	1301	0.0169236
3636	886.565	1424	0.0185236
3637	886.809	1385	0.0180163
3638	887.053	1404	0.0182634
3639	887.297	1357	0.017652
3640	887.540	1422	0.0184976
3641	887.784	1383	0.0179903
3642	888.028	1383	0.0179903
3643	888.272	1465	0.0190569
3644	888.516	1385	0.0180163
3645	888.760	1380	0.0179512
3646	889.004	1487	0.0193431
3647	889.248	1411	0.0183545
3648	889.491	1405	0.0182764
3649	889.735	1432	0.0186277
3650	889.979	1390	0.0180813
3651	890.223	1365	0.0177561
3652	890.467	1429	0.0185886
3653	890.711	1409	0.0183285
3654	890.955	1285	0.0167155
3655	891.198	1392	0.0181073
3656	891.442	1404	0.0182634
3657	891.686	1470	0.019122
3658	891.930	1533	0.0199415
3659	892.174	1431	0.0186147
3660	892.418	1363	0.0177301
3661	892.662	1406	0.0182894
3662	892.905	1429	0.0185886
3663	893.149	1433	0.0186407
3664	893.393	1452	0.0188878
3665	893.637	1422	0.0184976
3666	893.881	1435	0.0186667
3667	894.125	1485	0.0193171
3668	894.369	1447	0.0188228
3669	894.613	1476	0.0192
3670	894.856	1469	0.019109
3671	895.100	1463	0.0190309
3672	895.344	1493	0.0194212
3673	895.588	1520	0.0197724
3674	895.832	1571	0.0204358
3675	896.076	1728	0.0224781
3676	896.320	1992	0.0259122
3677	896.563	2588	0.0336651
3678	896.807	3959	0.0514992
3679	897.051	6686	0.0869724
3680	897.295	11600	0.150894
3681	897.539	19987	0.259994
3682	897.783	32284	0.419955
3683	898.027	47926	0.623428
3684	898.271	65844	0.856508
3685	898.514	83420	1.08514
3686	898.758	96193	1.25129
3687	899.002	102106	1.32821
3688	899.246	97854	1.2729
3689	899.490	85924	1.11771
3690	899.734	67974	0.884215
3691	899.978	49770	0.647415
3692	900.221	33465	0.435317
3693	900.465	20094	0.261386
3694	900.709	11648	0.151519
3695	900.953	6459	0.0840196
3696	901.197	3575	0.0465041
3697	901.441	2236	0.0290862
3698	901.685	1765	0.0229594
3699	901.928	1543	0.0200716
3700	902.172	1461	0.0190049
3701	902.416	1457	0.0189529
3702	902.660	1458	0.0189659
3703	902.904	1457	0.0189529
3704	903.148	1478	0.019226
3705	903.392	1512	0.0196683
3706	903.636	1431	0.0186147
3707	903.879	1423	0.0185106
3708	904.123	1482	0.0192781
3709	904.367	1433	0.0186407
3710	904.611	1442	0.0187577
3711	904.855	1427	0.0185626
3712	905.099	1434	0.0186537
3713	905.343	1350	0.017561
3714	905.586	1426	0.0185496
3715	905.830	1493	0.0194212
3716	906.074	1395	0.0181464
3717	906.318	1442	0.0187577
3718	906.562	1344	0.0174829
3719	906.806	1456	0.0189399
3720	907.050	1399	0.0181984
3721	907.293	1453	0.0189008
3722	907.537	1464	0.0190439
3723	907.781	1350	0.017561
3724	908.025	1390	0.0180813
3725	908.269	1409	0.0183285
3726	908.513	1414	0.0183935
3727	908.757	1456	0.0189399
3728	909.001	1418	0.0184455
3729	909.244	1375	0.0178862
3730	909.488	1448	0.0188358
3731	909.732	1423	0.0185106
3732	909.976	1395	0.0181464
3733	910.220	1341	0.0174439
3734	910.464	1449	0.0188488
3735	910.708	1428	0.0185756
3736	910.951	1425	0.0185366
3737	911.195	1486	0.0193301
3738	911.439	1452	0.0188878
3739	911.683	1556	0.0202407
3740	911.927	1540	0.0200325
3741	912.171	1628	0.0211773
3742	912.415	1859	0.0241821
3743	912.659	1842	0.023961
3744	912.902	1931	0.0251187
3745	913.146	1942	0.0252618
3746	913.390	1928	0.0250797
3747	913.634	1884	0.0245073
3748	913.878	1800	0.0234147
3749	914.122	1765	0.0229594
3750	914.366	1709	0.0222309
3751	914.609	1646	0.0214114
3752	914.853	1545	0.0200976
3753	915.097	1517	0.0197334
3754	915.341	1487	0.0193431
3755	915.585	1538	0.0200065
3756	915.829	1511	0.0196553
3757	916.073	1493	0.0194212
3758	916.316	1520	0.0197724
3759	916.560	1469	0.019109
3760	916.804	1460	0.0189919
3761	917.048	1453	0.0189008
3762	917.292	1500	0.0195122
3763	917.536	1451	0.0188748
3764	917.780	1450	0.0188618
3765	918.024	1455	0.0189268
3766	918.267	1492	0.0194081
3767	918.511	1450	0.0188618
3768	918.755	1445	0.0187968
3769	918.999	1438	0.0187057
3770	919.243	1497	0.0194732
3771	919.487	1525	0.0198374
3772	919.731	1497	0.0194732
3773	919.974	1438	0.0187057
3774	920.218	1428	0.0185756
3775	920.462	1474	0.019174
3776	920.706	1515	0.0197073
3777	920.950	1451	0.0188748
3778	921.194	1513	0.0196813
3779	921.438	1486	0.0193301
3780	921.682	1449	0.0188488
3781	921.925	1494	0.0194342
3782	922.169	1424	0.0185236
3783	922.413	1513	0.0196813
3784	922.657	1430	0.0186016
3785	922.901	1471	0.019135
3786	923.145	1506	0.0195903
3787	923.389	1452	0.0188878
3788	923.632	1440	0.0187317
3789	923.876	1474	0.019174
3790	924.120	1481	0.0192651
3791	924.364	1529	0.0198894
3792	924.608	1519	0.0197594
3793	924.852	1493	0.0194212
3794	925.096	1403	0.0182504
3795	925.339	1416	0.0184195
3796	925.583	1472	0.019148
3797	925.827	1455	0.0189268
3798	926.071	1470	0.019122
3799	926.315	1529	0.0198894
3800	926.559	1510	0.0196423
3801	926.803	1502	0.0195382
3802	927.047	1460	0.0189919
3803	927.290	1530	0.0199025
3804	927.534	1497	0.0194732
3805	927.778	1473	0.019161
3806	928.022	1503	0.0195512
3807	928.266	1469	0.019109
3808	928.510	1468	0.019096
3809	928.754	1464	0.0190439
3810	928.997	1483	0.0192911
3811	929.241	1484	0.0193041
3812	929.485	1497	0.0194732
3813	929.729	1541	0.0200455
3814	929.973	1430	0.0186016
3815	930.217	1559	0.0202797
3816	930.461	1537	0.0199935
3817	930.704	1463	0.0190309
3818	930.948	1435	0.0186667
3819	931.192	1530	0.0199025
3820	931.436	1554	0.0202147
3821	931.680	1418	0.0184455
3822	931.924	1496	0.0194602
3823	932.168	1526	0.0198504
3824	932.412	1485	0.0193171
3825	932.655	1586	0.0206309
3826	932.899	1542	0.0200586
3827	933.143	1463	0.0190309
3828	933.387	1491	0.0193951
3829	933.631	1512	0.0196683
3830	933.875	1504	0.0195642
3831	934.119	1476	0.0192
3832	934.362	1490	0.0193821
3833	934.606	1496	0.0194602
3834	934.850	1448	0.0188358
3835	935.094	1449	0.0188488
3836	935.338	1509	0.0196293
3837	935.582	1472	0.019148
3838	935.826	1507	0.0196033
3839	936.070	1463	0.0190309
3840	936.313	1513	0.0196813
3841	936.557	1477	0.019213
3842	936.801	1479	0.019239
3843	937.045	1567	0.0203838
3844	937.289	1608	0.0209171
3845	937.533	1494	0.0194342
3846	937.777	1466	0.0190699
3847	938.020	1546	0.0201106
3848	938.264	1518	0.0197464
3849	938.508	1550	0.0201626
3850	938.752	1490	0.0193821
3851	938.996	1576	0.0205008
3852	939.240	1580	0.0205529
3853	939.484	1517	0.0197334
3854	939.727	1576	0.0205008
3855	939.971	1583	0.0205919
3856	940.215	1524	0.0198244
3857	940.459	1567	0.0203838
3858	940.703	1560	0.0202927
3859	940.947	1563	0.0203317
3860	941.191	1547	0.0201236
3861	941.435	1612	0.0209691
3862	941.678	1569	0.0204098
3863	941.922	1538	0.0200065
3864	942.166	1509	0.0196293
3865	942.410	1498	0.0194862
3866	942.654	1486	0.0193301
3867	942.898	1555	0.0202277
3868	943.142	1544	0.0200846
3869	943.385	1470	0.019122
3870	943.629	1499	0.0194992
3871	943.873	1604	0.0208651
3872	944.117	1531	0.0199155
3873	944.361	1575	0.0204878
3874	944.605	1585	0.0206179
3875	944.849	1545	0.0200976
3876	945.092	1580	0.0205529
3877	945.336	1583	0.0205919
3878	945.580	1538	0.0200065
3879	945.824	1518	0.0197464
3880	946.068	1506	0.0195903
3881	946.312	1524	0.0198244
3882	946.556	1583	0.0205919
3883	946.800	1577	0.0205138
3884	947.043	1554	0.0202147
3885	947.287	1602	0.020839
3886	947.531	1573	0.0204618
3887	947.775	1565	0.0203577
3888	948.019	1555	0.0202277
3889	948.263	1508	0.0196163
3890	948.507	1615	0.0210081
3891	948.750	1563	0.0203317
3892	948.994	1611	0.0209561
3893	949.238	1576	0.0205008
3894	949.482	1589	0.0206699
3895	949.726	1565	0.0203577
3896	949.970	1536	0.0199805
3897	950.214	1551	0.0201756
3898	950.458	1597	0.020774
3899	950.701	1570	0.0204228
3900	950.945	1561	0.0203057
3901	951.189	1577	0.0205138
3902	951.433	1537	0.0199935
3903	951.677	1583	0.0205919
3904	951.921	1559	0.0202797
3905	952.165	1581	0.0205659
3906	952.408	1615	0.0210081
3907	952.652	1558	0.0202667
3908	952.896	1505	0.0195773
3909	953.140	1519	0.0197594
3910	953.384	1529	0.0198894
3911	953.628	1512	0.0196683
3912	953.872	1553	0.0202016
3913	954.115	1598	0.020787
3914	954.359	1557	0.0202537
3915	954.603	1521	0.0197854
3916	954.847	1553	0.0202016
3917	955.091	1622	0.0210992
3918	955.335	1612	0.0209691
3919	955.579	1563	0.0203317
3920	955.823	1554	0.0202147
3921	956.066	1566	0.0203708
3922	956.310	1568	0.0203968
3923	956.554	1605	0.0208781
3924	956.798	1548	0.0201366
3925	957.042	1584	0.0206049
3926	957.286	1563	0.0203317
3927	957.530	1593	0.020722
3928	957.773	1477	0.019213
3929	958.017	1540	0.0200325
3930	958.261	1590	0.0206829
3931	958.505	1569	0.0204098
3932	958.749	1553	0.0202016
3933	958.993	1496	0.0194602
3934	959.237	1519	0.0197594
3935	959.481	1539	0.0200195
3936	959.724	1531	0.0199155
3937	959.968	1564	0.0203447
3938	960.212	1573	0.0204618
3939	960.456	1510	0.0196423
3940	960.700	1573	0.0204618
3941	960.944	1581	0.0205659
3942	961.188	1524	0.0198244
3943	961.431	1514	0.0196943
3944	961.675	1561	0.0203057
3945	961.919	1501	0.0195252
3946	962.163	1492	0.0194081
3947	962.407	1505	0.0195773
3948	962.651	1548	0.0201366
3949	962.895	1524	0.0198244
3950	963.138	1389	0.0180683
3951	963.382	1417	0.0184325
3952	963.626	1407	0.0183025
3953	963.870	1402	0.0182374
3954	964.114	1409	0.0183285
3955	964.358	1435	0.0186667
3956	964.602	1431	0.0186147
3957	964.846	1355	0.017626
3958	965.089	1325	0.0172358
3959	965.333	1384	0.0180033
3960	965.577	1420	0.0184716
3961	965.821	1355	0.017626
3962	966.065	1349	0.017548
3963	966.309	1397	0.0181724
3964	966.553	1352	0.017587
3965	966.796	1321	0.0171838
3966	967.040	1343	0.0174699
3967	967.284	1312	0.0170667
3968	967.528	1315	0.0171057
3969	967.772	1309	0.0170277
3970	968.016	1338	0.0174049
3971	968.260	1341	0.0174439
3972	968.503	1275	0.0165854
3973	968.747	1295	0.0168455
3974	968.991	1309	0.0170277
3975	969.235	1203	0.0156488
3976	969.479	1296	0.0168586
3977	969.723	1304	0.0169626
3978	969.967	1335	0.0173659
3979	970.211	1254	0.0163122
3980	970.454	1272	0.0165464
3981	970.698	1271	0.0165333
3982	970.942	1251	0.0162732
3983	971.186	1265	0.0164553
3984	971.430	1303	0.0169496
3985	971.674	1210	0.0157399
3986	971.918	1251	0.0162732
3987	972.161	1241	0.0161431
3988	972.405	1233	0.016039
3989	972.649	1284	0.0167025
3990	972.893	1237	0.0160911
3991	973.137	1218	0.0158439
3992	973.381	1162	0.0151155
3993	973.625	1225	0.015935
3994	973.869	1324	0.0172228
3995	974.112	1224	0.015922
3996	974.356	1308	0.0170146
3997	974.600	1182	0.0153756
3998	974.844	1214	0.0157919
3999	975.088	1281	0.0166634
4000	975.332	1289	0.0167675
4001	975.576	1175	0.0152846
4002	975.819	1192	0.0155057
4003	976.063	1262	0.0164163
4004	976.307	1265	0.0164553
4005	976.551	1174	0.0152716
4006	976.795	1209	0.0157268
4007	977.039	1239	0.0161171
4008	977.283	1228	0.015974
4009	977.526	1261	0.0164033
4010	977.770	1274	0.0165724
4011	978.014	1200	0.0156098
4012	978.258	1139	0.0148163
4013	978.502	1317	0.0171317
4014	978.746	1244	0.0161821
4015	978.990	1183	0.0153886
4016	979.234	1231	0.016013
4017	979.477	1215	0.0158049
4018	979.721	1198	0.0155838
4019	979.965	1195	0.0155447
4020	980.209	1214	0.0157919
4021	980.453	1234	0.016052
4022	980.697	1247	0.0162212
4023	980.941	1241	0.0161431
4024	981.184	1258	0.0163642
4025	981.428	1231	0.016013
4026	981.672	1242	0.0161561
4027	981.916	1202	0.0156358
4028	982.160	1188	0.0154537
4029	982.404	1182	0.0153756
4030	982.648	1179	0.0153366
4031	982.891	1201	0.0156228
4032	983.135	1200	0.0156098
4033	983.379	1205	0.0156748
4034	983.623	1200	0.0156098
4035	983.867	1154	0.0150114
4036	984.111	1167	0.0151805
4037	984.355	1215	0.0158049
4038	984.599	1209	0.0157268
4039	984.842	1172	0.0152455
4040	985.086	1143	0.0148683
4041	985.330	1198	0.0155838
4042	985.574	1226	0.015948
4043	985.818	1235	0.0160651
4044	986.062	1203	0.0156488
4045	986.306	1211	0.0157529
4046	986.549	1183	0.0153886
4047	986.793	1240	0.0161301
4048	987.037	1223	0.015909
4049	987.281	1168	0.0151935
4050	987.525	1200	0.0156098
4051	987.769	1200	0.0156098
4052	988.013	1219	0.0158569
4053	988.257	1137	0.0147903
4054	988.500	1210	0.0157399
4055	988.744	1242	0.0161561
4056	988.988	1177	0.0153106
4057	989.232	1211	0.0157529
4058	989.476	1265	0.0164553
4059	989.720	1195	0.0155447
4060	989.964	1174	0.0152716
4061	990.207	1145	0.0148943
4062	990.451	1259	0.0163773
4063	990.695	1215	0.0158049
4064	990.939	1203	0.0156488
4065	991.183	1230	0.016
4066	991.427	1190	0.0154797
4067	991.671	1247	0.0162212
4068	991.914	1213	0.0157789
4069	992.158	1209	0.0157268
4070	992.402	1268	0.0164943
4071	992.646	1227	0.015961
4072	992.890	1207	0.0157008
4073	993.134	1153	0.0149984
4074	993.378	1218	0.0158439
4075	993.622	1183	0.0153886
4076	993.865	1184	0.0154016
4077	994.109	1241	0.0161431
4078	994.353	1134	0.0147512
4079	994.597	1191	0.0154927
4080	994.841	1203	0.0156488
4081	995.085	1162	0.0151155
4082	995.329	1165	0.0151545
4083	995.572	1127	0.0146602
4084	995.816	1144	0.0148813
4085	996.060	1127	0.0146602
4086	996.304	1177	0.0153106
4087	996.548	1111	0.014452
4088	996.792	1210	0.0157399
4089	997.036	1232	0.016026
4090	997.279	1181	0.0153626
4091	997.523	1150	0.0149594
4092	997.767	1160	0.0150894
4093	998.011	1191	0.0154927
4094	998.255	1189	0.0154667
4095	998.499	1235	0.0160651
4096	998.743	1156	0.0150374
4097	998.987	1190	0.0154797
4098	999.230	1178	0.0153236
4099	999.474	1194	0.0155317
4100	999.718	1179	0.0153366
4101	999.962	1179	0.0153366
4102	1000.206	1140	0.0148293
4103	1000.450	1157	0.0150504
4104	1000.694	1177	0.0153106
4105	1000.937	1224	0.015922
4106	1001.181	1149	0.0149464
4107	1001.425	1135	0.0147642
4108	1001.669	1127	0.0146602
4109	1001.913	1170	0.0152195
4110	1002.157	1203	0.0156488
4111	1002.401	1127	0.0146602
4112	1002.645	1162	0.0151155
4113	1002.888	1200	0.0156098
4114	1003.132	1258	0.0163642
4115	1003.376	1172	0.0152455
4116	1003.620	1178	0.0153236
4117	1003.864	1196	0.0155577
4118	1004.108	1120	0.0145691
4119	1004.352	1208	0.0157138
4120	1004.595	1246	0.0162081
4121	1004.839	1186	0.0154277
4122	1005.083	1208	0.0157138
4123	1005.327	1090	0.0141789
4124	1005.571	1130	0.0146992
4125	1005.815	1169	0.0152065
4126	1006.059	1232	0.016026
4127	1006.302	1175	0.0152846
4128	1006.546	1056	0.0137366
4129	1006.790	1243	0.0161691
4130	1007.034	1192	0.0155057
4131	1007.278	1180	0.0153496
4132	1007.522	1215	0.0158049
4133	1007.766	1178	0.0153236
4134	1008.010	1183	0.0153886
4135	1008.253	1180	0.0153496
4136	1008.497	1143	0.0148683
4137	1008.741	1153	0.0149984
4138	1008.985	1226	0.015948
4139	1009.229	1203	0.0156488
4140	1009.473	1197	0.0155707
4141	1009.717	1110	0.014439
4142	1009.960	1185	0.0154146
4143	1010.204	1092	0.0142049
4144	1010.448	1190	0.0154797
4145	1010.692	1148	0.0149333
4146	1010.936	1196	0.0155577
4147	1011.180	1119	0.0145561
4148	1011.424	1158	0.0150634
4149	1011.668	1236	0.0160781
4150	1011.911	1136	0.0147772
4151	1012.155	1230	0.016
4152	1012.399	1211	0.0157529
4153	1012.643	1181	0.0153626
4154	1012.887	1179	0.0153366
4155	1013.131	1156	0.0150374
4156	1013.375	1187	0.0154407
4157	1013.618	1202	0.0156358
4158	1013.862	1172	0.0152455
4159	1014.106	1127	0.0146602
4160	1014.350	1125	0.0146342
4161	1014.594	1186	0.0154277
4162	1014.838	1208	0.0157138
4163	1015.082	1198	0.0155838
4164	1015.325	1200	0.0156098
4165	1015.569	1139	0.0148163
4166	1015.813	1151	0.0149724
4167	1016.057	1142	0.0148553
4168	1016.301	1093	0.0142179
4169	1016.545	1130	0.0146992
4170	1016.789	1106	0.014387
4171	1017.033	1173	0.0152586
4172	1017.276	1175	0.0152846
4173	1017.520	1165	0.0151545
4174	1017.764	1163	0.0151285
4175	1018.008	1131	0.0147122
4176	1018.252	1098	0.0142829
4177	1018.496	1139	0.0148163
4178	1018.740	1107	0.0144
4179	1018.983	1216	0.0158179
4180	1019.227	1169	0.0152065
4181	1019.471	1239	0.0161171
4182	1019.715	1163	0.0151285
4183	1019.959	1141	0.0148423
4184	1020.203	1128	0.0146732
4185	1020.447	1161	0.0151025
4186	1020.690	1154	0.0150114
4187	1020.934	1198	0.0155838
4188	1021.178	1099	0.0142959
4189	1021.422	1131	0.0147122
4190	1021.666	1127	0.0146602
4191	1021.910	1141	0.0148423
4192	1022.154	1180	0.0153496
4193	1022.398	1152	0.0149854
4194	1022.641	1164	0.0151415
4195	1022.885	1145	0.0148943
4196	1023.129	1202	0.0156358
4197	1023.373	1154	0.0150114
4198	1023.617	1112	0.0144651
4199	1023.861	1155	0.0150244
4200	1024.105	1136	0.0147772
4201	1024.348	1098	0.0142829
4202	1024.592	1142	0.0148553
4203	1024.836	1083	0.0140878
4204	1025.080	1171	0.0152325
4205	1025.324	1161	0.0151025
4206	1025.568	1135	0.0147642
4207	1025.812	1094	0.0142309
4208	1026.056	1113	0.0144781
4209	1026.299	1190	0.0154797
4210	1026.543	1125	0.0146342
4211	1026.787	1142	0.0148553
4212	1027.031	1196	0.0155577
4213	1027.275	1139	0.0148163
4214	1027.519	1158	0.0150634
4215	1027.763	1163	0.0151285
4216	1028.006	1135	0.0147642
4217	1028.250	1132	0.0147252
4218	1028.494	1139	0.0148163
4219	1028.738	1214	0.0157919
4220	1028.982	1187	0.0154407
4221	1029.226	1106	0.014387
4222	1029.470	1176	0.0152976
4223	1029.713	1117	0.0145301
4224	1029.957	1151	0.0149724
4225	1030.201	1100	0.014309
4226	1030.445	1123	0.0146081
4227	1030.689	1169	0.0152065
4228	1030.933	1130	0.0146992
4229	1031.177	1135	0.0147642
4230	1031.421	1121	0.0145821
4231	1031.664	1178	0.0153236
4232	1031.908	1170	0.0152195
4233	1032.152	1200	0.0156098
4234	1032.396	1176	0.0152976
4235	1032.640	1108	0.014413
4236	1032.884	1114	0.0144911
4237	1033.128	1088	0.0141529
4238	1033.371	1137	0.0147903
4239	1033.615	1118	0.0145431
4240	1033.859	1166	0.0151675
4241	1034.103	1083	0.0140878
4242	1034.347	1106	0.014387
4243	1034.591	1149	0.0149464
4244	1034.835	1116	0.0145171
4245	1035.078	1121	0.0145821
4246	1035.322	1115	0.0145041
4247	1035.566	1111	0.014452
4248	1035.810	1113	0.0144781
4249	1036.054	1089	0.0141659
4250	1036.298	1151	0.0149724
4251	1036.542	1084	0.0141008
4252	1036.786	1104	0.014361
4253	1037.029	1122	0.0145951
4254	1037.273	1093	0.0142179
4255	1037.517	1089	0.0141659
4256	1037.761	1050	0.0136585
4257	1038.005	1079	0.0140358
4258	1038.249	1162	0.0151155
4259	1038.493	1205	0.0156748
4260	1038.736	1076	0.0139968
4261	1038.980	1188	0.0154537
4262	1039.224	1122	0.0145951
4263	1039.468	1072	0.0139447
4264	1039.712	1145	0.0148943
4265	1039.956	1097	0.0142699
4266	1040.200	1167	0.0151805
4267	1040.444	1130	0.0146992
4268	1040.687	1120	0.0145691
4269	1040.931	1180	0.0153496
4270	1041.175	1115	0.0145041
4271	1041.419	1108	0.014413
4272	1041.663	1102	0.014335
4273	1041.907	1070	0.0139187
4274	1042.151	1117	0.0145301
4275	1042.394	1074	0.0139707
4276	1042.638	1142	0.0148553
4277	1042.882	1057	0.0137496
4278	1043.126	1096	0.0142569
4279	1043.370	1144	0.0148813
4280	1043.614	1173	0.0152586
4281	1043.858	1119	0.0145561
4282	1044.101	1075	0.0139838
4283	1044.345	1157	0.0150504
4284	1044.589	1162	0.0151155
4285	1044.833	1149	0.0149464
4286	1045.077	1102	0.014335
4287	1045.321	1095	0.0142439
4288	1045.565	1091	0.0141919
4289	1045.809	1114	0.0144911
4290	1046.052	1138	0.0148033
4291	1046.296	1087	0.0141399
4292	1046.540	1123	0.0146081
4293	1046.784	1115	0.0145041
4294	1047.028	1107	0.0144
4295	1047.272	1175	0.0152846
4296	1047.516	1119	0.0145561
4297	1047.759	1105	0.014374
4298	1048.003	1122	0.0145951
4299	1048.247	1147	0.0149203
4300	1048.491	1088	0.0141529
4301	1048.735	1084	0.0141008
4302	1048.979	1177	0.0153106
4303	1049.223	1048	0.0136325
4304	1049.466	1032	0.0134244
4305	1049.710	1115	0.0145041
4306	1049.954	1113	0.0144781
4307	1050.198	1135	0.0147642
4308	1050.442	1082	0.0140748
4309	1050.686	1139	0.0148163
4310	1050.930	1094	0.0142309
4311	1051.174	1109	0.014426
4312	1051.417	1094	0.0142309
4313	1051.661	1023	0.0133073
4314	1051.905	1098	0.0142829
4315	1052.149	1088	0.0141529
4316	1052.393	1073	0.0139577
4317	1052.637	1079	0.0140358
4318	1052.881	1079	0.0140358
4319	1053.124	1060	0.0137886
4320	1053.368	1092	0.0142049
4321	1053.612	1092	0.0142049
4322	1053.856	1116	0.0145171
4323	1054.100	1145	0.0148943
4324	1054.344	1026	0.0133464
4325	1054.588	1054	0.0137106
4326	1054.832	1076	0.0139968
4327	1055.075	1095	0.0142439
4328	1055.319	1103	0.014348
4329	1055.563	1125	0.0146342
4330	1055.807	1090	0.0141789
4331	1056.051	1097	0.0142699
4332	1056.295	1075	0.0139838
4333	1056.539	1095	0.0142439
4334	1056.782	1096	0.0142569
4335	1057.026	1169	0.0152065
4336	1057.270	1082	0.0140748
4337	1057.514	1012	0.0131642
4338	1057.758	1101	0.014322
4339	1058.002	1120	0.0145691
4340	1058.246	1075	0.0139838
4341	1058.489	1089	0.0141659
4342	1058.733	1138	0.0148033
4343	1058.977	1139	0.0148163
4344	1059.221	1081	0.0140618
4345	1059.465	1106	0.014387
4346	1059.709	1059	0.0137756
4347	1059.953	1118	0.0145431
4348	1060.197	1050	0.0136585
4349	1060.440	1127	0.0146602
4350	1060.684	1136	0.0147772
4351	1060.928	1144	0.0148813
4352	1061.172	1112	0.0144651
4353	1061.416	1103	0.014348
4354	1061.660	1176	0.0152976
4355	1061.904	1072	0.0139447
4356	1062.147	1100	0.014309
4357	1062.391	1103	0.014348
4358	1062.635	1081	0.0140618
4359	1062.879	1085	0.0141138
4360	1063.123	1089	0.0141659
4361	1063.367	1086	0.0141268
4362	1063.611	1127	0.0146602
4363	1063.855	1021	0.0132813
4364	1064.098	1097	0.0142699
4365	1064.342	1038	0.0135025
4366	1064.586	1093	0.0142179
4367	1064.830	1097	0.0142699
4368	1065.074	1156	0.0150374
4369	1065.318	1110	0.014439
4370	1065.562	1075	0.0139838
4371	1065.805	1073	0.0139577
4372	1066.049	1160	0.0150894
4373	1066.293	1032	0.0134244
4374	1066.537	1026	0.0133464
4375	1066.781	1121	0.0145821
4376	1067.025	1111	0.014452
4377	1067.269	1195	0.0155447
4378	1067.512	1100	0.014309
4379	1067.756	1045	0.0135935
4380	1068.000	1104	0.014361
4381	1068.244	1083	0.0140878
4382	1068.488	1121	0.0145821
4383	1068.732	1040	0.0135285
4384	1068.976	1095	0.0142439
4385	1069.220	1140	0.0148293
4386	1069.463	1131	0.0147122
4387	1069.707	1107	0.0144
4388	1069.951	1087	0.0141399
4389	1070.195	1058	0.0137626
4390	1070.439	1085	0.0141138
4391	1070.683	1057	0.0137496
4392	1070.927	1067	0.0138797
4393	1071.170	1081	0.0140618
4394	1071.414	1078	0.0140228
4395	1071.658	1094	0.0142309
4396	1071.902	1049	0.0136455
4397	1072.146	1077	0.0140098
4398	1072.390	1180	0.0153496
4399	1072.634	1075	0.0139838
4400	1072.877	1071	0.0139317
4401	1073.121	1041	0.0135415
4402	1073.365	1071	0.0139317
4403	1073.609	1067	0.0138797
4404	1073.853	1116	0.0145171
4405	1074.097	1114	0.0144911
4406	1074.341	1103	0.014348
4407	1074.585	1146	0.0149073
4408	1074.828	1064	0.0138407
4409	1075.072	1110	0.014439
4410	1075.316	1081	0.0140618
4411	1075.560	1087	0.0141399
4412	1075.804	1136	0.0147772
4413	1076.048	1108	0.014413
4414	1076.292	1093	0.0142179
4415	1076.535	1109	0.014426
4416	1076.779	1128	0.0146732
4417	1077.023	1076	0.0139968
4418	1077.267	1200	0.0156098
4419	1077.511	1060	0.0137886
4420	1077.755	1125	0.0146342
4421	1077.999	1067	0.0138797
4422	1078.243	1123	0.0146081
4423	1078.486	1131	0.0147122
4424	1078.730	1122	0.0145951
4425	1078.974	1109	0.014426
4426	1079.218	1152	0.0149854
4427	1079.462	1084	0.0141008
4428	1079.706	1163	0.0151285
4429	1079.950	1122	0.0145951
4430	1080.193	1091	0.0141919
4431	1080.437	1098	0.0142829
4432	1080.681	1139	0.0148163
4433	1080.925	1099	0.0142959
4434	1081.169	1193	0.0155187
4435	1081.413	1203	0.0156488
4436	1081.657	1053	0.0136976
4437	1081.900	1135	0.0147642
4438	1082.144	1117	0.0145301
4439	1082.388	1135	0.0147642
4440	1082.632	1106	0.014387
4441	1082.876	1204	0.0156618
4442	1083.120	1093	0.0142179
4443	1083.364	1162	0.0151155
4444	1083.608	1157	0.0150504
4445	1083.851	1091	0.0141919
4446	1084.095	1070	0.0139187
4447	1084.339	1094	0.0142309
4448	1084.583	1106	0.014387
4449	1084.827	1127	0.0146602
4450	1085.071	1115	0.0145041
4451	1085.315	1082	0.0140748
4452	1085.558	1094	0.0142309
4453	1085.802	1146	0.0149073
4454	1086.046	1122	0.0145951
4455	1086.290	1154	0.0150114
4456	1086.534	1112	0.0144651
4457	1086.778	1143	0.0148683
4458	1087.022	1181	0.0153626
4459	1087.265	1104	0.014361
4460	1087.509	1091	0.0141919
4461	1087.753	1020	0.0132683
4462	1087.997	1117	0.0145301
4463	1088.241	1101	0.014322
4464	1088.485	1108	0.014413
4465	1088.729	1162	0.0151155
4466	1088.973	1119	0.0145561
4467	1089.216	1126	0.0146472
4468	1089.460	1061	0.0138016
4469	1089.704	1085	0.0141138
4470	1089.948	1095	0.0142439
4471	1090.192	1128	0.0146732
4472	1090.436	1203	0.0156488
4473	1090.680	1175	0.0152846
4474	1090.923	1142	0.0148553
4475	1091.167	1145	0.0148943
4476	1091.411	1111	0.014452
4477	1091.655	1136	0.0147772
4478	1091.899	1139	0.0148163
4479	1092.143	1181	0.0153626
4480	1092.387	1195	0.0155447
4481	1092.631	1181	0.0153626
4482	1092.874	1129	0.0146862
4483	1093.118	1187	0.0154407
4484	1093.362	1118	0.0145431
4485	1093.606	1158	0.0150634
4486	1093.850	1148	0.0149333
4487	1094.094	1132	0.0147252
4488	1094.338	1106	0.014387
4489	1094.581	1192	0.0155057
4490	1094.825	1168	0.0151935
4491	1095.069	1146	0.0149073
4492	1095.313	1193	0.0155187
4493	1095.557	1157	0.0150504
4494	1095.801	1155	0.0150244
4495	1096.045	1135	0.0147642
4496	1096.288	1055	0.0137236
4497	1096.532	1135	0.0147642
4498	1096.776	1133	0.0147382
4499	1097.020	1142	0.0148553
4500	1097.264	1151	0.0149724
4501	1097.508	1099	0.0142959
4502	1097.752	1168	0.0151935
4503	1097.996	1166	0.0151675
4504	1098.239	1060	0.0137886
4505	1098.483	1201	0.0156228
4506	1098.727	1148	0.0149333
4507	1098.971	1143	0.0148683
4508	1099.215	1248	0.0162342
4509	1099.459	1143	0.0148683
4510	1099.703	1124	0.0146212
4511	1099.946	1122	0.0145951
4512	1100.190	1123	0.0146081
4513	1100.434	1114	0.0144911
4514	1100.678	1186	0.0154277
4515	1100.922	1143	0.0148683
4516	1101.166	1167	0.0151805
4517	1101.410	1133	0.0147382
4518	1101.653	1181	0.0153626
4519	1101.897	1182	0.0153756
4520	1102.141	1151	0.0149724
4521	1102.385	1195	0.0155447
4522	1102.629	1086	0.0141268
4523	1102.873	1131	0.0147122
4524	1103.117	1162	0.0151155
4525	1103.361	1215	0.0158049
4526	1103.604	1161	0.0151025
4527	1103.848	1161	0.0151025
4528	1104.092	1159	0.0150764
4529	1104.336	1110	0.014439
4530	1104.580	1094	0.0142309
4531	1104.824	1199	0.0155968
4532	1105.068	1168	0.0151935
4533	1105.311	1113	0.0144781
4534	1105.555	1126	0.0146472
4535	1105.799	1193	0.0155187
4536	1106.043	1193	0.0155187
4537	1106.287	1150	0.0149594
4538	1106.531	1103	0.014348
4539	1106.775	1194	0.0155317
4540	1107.019	1137	0.0147903
4541	1107.262	1117	0.0145301
4542	1107.506	1214	0.0157919
4543	1107.750	1154	0.0150114
4544	1107.994	1180	0.0153496
4545	1108.238	1188	0.0154537
4546	1108.482	1173	0.0152586
4547	1108.726	1191	0.0154927
4548	1108.969	1104	0.014361
4549	1109.213	1244	0.0161821
4550	1109.457	1215	0.0158049
4551	1109.701	1124	0.0146212
4552	1109.945	1083	0.0140878
4553	1110.189	1151	0.0149724
4554	1110.433	1152	0.0149854
4555	1110.676	1165	0.0151545
4556	1110.920	1127	0.0146602
4557	1111.164	1194	0.0155317
4558	1111.408	1167	0.0151805
4559	1111.652	1125	0.0146342
4560	1111.896	1154	0.0150114
4561	1112.140	1121	0.0145821
4562	1112.384	1162	0.0151155
4563	1112.627	1200	0.0156098
4564	1112.871	1152	0.0149854
4565	1113.115	1163	0.0151285
4566	1113.359	1150	0.0149594
4567	1113.603	1113	0.0144781
4568	1113.847	1063	0.0138277
4569	1114.091	1152	0.0149854
4570	1114.334	1123	0.0146081
4571	1114.578	1163	0.0151285
4572	1114.822	1132	0.0147252
4573	1115.066	1093	0.0142179
4574	1115.310	1080	0.0140488
4575	1115.554	1129	0.0146862
4576	1115.798	1098	0.0142829
4577	1116.042	1156	0.0150374
4578	1116.285	1076	0.0139968
4579	1116.529	1141	0.0148423
4580	1116.773	1149	0.0149464
4581	1117.017	1124	0.0146212
4582	1117.261	1070	0.0139187
4583	1117.505	1089	0.0141659
4584	1117.749	1082	0.0140748
4585	1117.992	1078	0.0140228
4586	1118.236	1053	0.0136976
4587	1118.480	1074	0.0139707
4588	1118.724	1052	0.0136846
4589	1118.968	1047	0.0136195
4590	1119.212	1056	0.0137366
4591	1119.456	986	0.012826
4592	1119.699	996	0.0129561
4593	1119.943	987	0.012839
4594	1120.187	964	0.0125398
4595	1120.431	919	0.0119545
4596	1120.675	991	0.0128911
4597	1120.919	947	0.0123187
4598	1121.163	978	0.012722
4599	1121.407	927	0.0120585
4600	1121.650	990	0.0128781
4601	1121.894	947	0.0123187
4602	1122.138	940	0.0122277
4603	1122.382	969	0.0126049
4604	1122.626	962	0.0125138
4605	1122.870	879	0.0114342
4606	1123.114	934	0.0121496
4607	1123.357	892	0.0116033
4608	1123.601	896	0.0116553
4609	1123.845	929	0.0120846
4610	1124.089	899	0.0116943
4611	1124.333	911	0.0118504
4612	1124.577	916	0.0119155
4613	1124.821	875	0.0113821
4614	1125.064	899	0.0116943
4615	1125.308	901	0.0117203
4616	1125.552	933	0.0121366
4617	1125.796	889	0.0115642
4618	1126.040	888	0.0115512
4619	1126.284	874	0.0113691
4620	1126.528	858	0.011161
4621	1126.772	908	0.0118114
4622	1127.015	870	0.0113171
4623	1127.259	860	0.011187
4624	1127.503	854	0.011109
4625	1127.747	838	0.0109008
4626	1127.991	840	0.0109268
4627	1128.235	858	0.011161
4628	1128.479	842	0.0109529
4629	1128.722	855	0.011122
4630	1128.966	885	0.0115122
4631	1129.210	835	0.0108618
4632	1129.454	857	0.011148
4633	1129.698	820	0.0106667
4634	1129.942	874	0.0113691
4635	1130.186	819	0.0106537
4636	1130.430	903	0.0117464
4637	1130.673	856	0.011135
4638	1130.917	853	0.0110959
4639	1131.161	855	0.011122
4640	1131.405	895	0.0116423
4641	1131.649	843	0.0109659
4642	1131.893	841	0.0109398
4643	1132.137	835	0.0108618
4644	1132.380	835	0.0108618
4645	1132.624	856	0.011135
4646	1132.868	850	0.0110569
4647	1133.112	813	0.0105756
4648	1133.356	816	0.0106146
4649	1133.600	810	0.0105366
4650	1133.844	868	0.0112911
4651	1134.087	801	0.0104195
4652	1134.331	850	0.0110569
4653	1134.575	812	0.0105626
4654	1134.819	805	0.0104716
4655	1135.063	822	0.0106927
4656	1135.307	758	0.00986017
4657	1135.551	814	0.0105886
4658	1135.795	799	0.0103935
4659	1136.038	881	0.0114602
4660	1136.282	821	0.0106797
4661	1136.526	838	0.0109008
4662	1136.770	793	0.0103155
4663	1137.014	823	0.0107057
4664	1137.258	785	0.0102114
4665	1137.502	849	0.0110439
4666	1137.745	830	0.0107968
4667	1137.989	844	0.0109789
4668	1138.233	817	0.0106277
4669	1138.477	841	0.0109398
4670	1138.721	832	0.0108228
4671	1138.965	828	0.0107707
4672	1139.209	853	0.0110959
4673	1139.452	789	0.0102634
4674	1139.696	799	0.0103935
4675	1139.940	783	0.0101854
4676	1140.184	850	0.0110569
4677	1140.428	787	0.0102374
4678	1140.672	759	0.00987318
4679	1140.916	841	0.0109398
4680	1141.160	789	0.0102634
4681	1141.403	851	0.0110699
4682	1141.647	836	0.0108748
4683	1141.891	798	0.0103805
4684	1142.135	834	0.0108488
4685	1142.379	809	0.0105236
4686	1142.623	802	0.0104325
4687	1142.867	814	0.0105886
4688	1143.110	778	0.0101203
4689	1143.354	746	0.00970407
4690	1143.598	861	0.0112
4691	1143.842	771	0.0100293
4692	1144.086	830	0.0107968
4693	1144.330	842	0.0109529
4694	1144.574	763	0.00992521
4695	1144.818	815	0.0106016
4696	1145.061	772	0.0100423
4697	1145.305	792	0.0103024
4698	1145.549	795	0.0103415
4699	1145.793	794	0.0103285
4700	1146.037	804	0.0104585
4701	1146.281	824	0.0107187
4702	1146.525	788	0.0102504
4703	1146.768	746	0.00970407
4704	1147.012	781	0.0101594
4705	1147.256	784	0.0101984
4706	1147.500	746	0.00970407
4707	1147.744	764	0.00993822
4708	1147.988	814	0.0105886
4709	1148.232	752	0.00978212
4710	1148.475	812	0.0105626
4711	1148.719	743	0.00966505
4712	1148.963	793	0.0103155
4713	1149.207	738	0.00960001
4714	1149.451	815	0.0106016
4715	1149.695	764	0.00993822
4716	1149.939	766	0.00996424
4717	1150.183	750	0.00975611
4718	1150.426	773	0.0100553
4719	1150.670	754	0.00980814
4720	1150.914	758	0.00986017
4721	1151.158	754	0.00980814
4722	1151.402	781	0.0101594
4723	1151.646	768	0.00999025
4724	1151.890	776	0.0100943
4725	1152.133	746	0.00970407
4726	1152.377	758	0.00986017
4727	1152.621	781	0.0101594
4728	1152.865	786	0.0102244
4729	1153.109	762	0.0099122
4730	1153.353	783	0.0101854
4731	1153.597	804	0.0104585
4732	1153.841	793	0.0103155
4733	1154.084	720	0.00936586
4734	1154.328	770	0.0100163
4735	1154.572	758	0.00986017
4736	1154.816	794	0.0103285
4737	1155.060	817	0.0106277
4738	1155.304	747	0.00971708
4739	1155.548	782	0.0101724
4740	1155.791	751	0.00976911
4741	1156.035	737	0.009587
4742	1156.279	772	0.0100423
4743	1156.523	806	0.0104846
4744	1156.767	808	0.0105106
4745	1157.011	766	0.00996424
4746	1157.255	781	0.0101594
4747	1157.498	803	0.0104455
4748	1157.742	750	0.00975611
4749	1157.986	787	0.0102374
4750	1158.230	795	0.0103415
4751	1158.474	697	0.00906667
4752	1158.718	825	0.0107317
4753	1158.962	792	0.0103024
4754	1159.206	801	0.0104195
4755	1159.449	832	0.0108228
4756	1159.693	723	0.00940489
4757	1159.937	758	0.00986017
4758	1160.181	780	0.0101464
4759	1160.425	756	0.00983416
4760	1160.669	743	0.00966505
4761	1160.913	748	0.00973009
4762	1161.156	718	0.00933985
4763	1161.400	688	0.0089496
4764	1161.644	760	0.00988619
4765	1161.888	697	0.00906667
4766	1162.132	742	0.00965204
4767	1162.376	707	0.00919676
4768	1162.620	788	0.0102504
4769	1162.863	810	0.0105366
4770	1163.107	816	0.0106146
4771	1163.351	741	0.00963903
4772	1163.595	744	0.00967806
4773	1163.839	743	0.00966505
4774	1164.083	777	0.0101073
4775	1164.327	782	0.0101724
4776	1164.571	776	0.0100943
4777	1164.814	759	0.00987318
4778	1165.058	770	0.0100163
4779	1165.302	773	0.0100553
4780	1165.546	720	0.00936586
4781	1165.790	777	0.0101073
4782	1166.034	687	0.00893659
4783	1166.278	769	0.0100033
4784	1166.521	760	0.00988619
4785	1166.765	740	0.00962603
4786	1167.009	765	0.00995123
4787	1167.253	722	0.00939188
4788	1167.497	745	0.00969107
4789	1167.741	691	0.00898863
4790	1167.985	772	0.0100423
4791	1168.229	752	0.00978212
4792	1168.472	717	0.00932684
4793	1168.716	739	0.00961302
4794	1168.960	781	0.0101594
4795	1169.204	713	0.00927481
4796	1169.448	765	0.00995123
4797	1169.692	733	0.00953497
4798	1169.936	778	0.0101203
4799	1170.179	740	0.00962603
4800	1170.423	765	0.00995123
4801	1170.667	820	0.0106667
4802	1170.911	796	0.0103545
4803	1171.155	873	0.0113561
4804	1171.399	943	0.0122667
4805	1171.643	1247	0.0162212
4806	1171.886	1638	0.0213073
4807	1172.130	2491	0.0324033
4808	1172.374	4073	0.0529822
4809	1172.618	6509	0.08467
4810	1172.862	10305	0.134049
4811	1173.106	15856	0.206257
4812	1173.350	21824	0.28389
4813	1173.594	29216	0.380046
4814	1173.837	35339	0.459695
4815	1174.081	40427	0.52588
4816	1174.325	42288	0.550088
4817	1174.569	40984	0.533126
4818	1174.813	36107	0.469685
4819	1175.057	30044	0.390817
4820	1175.301	22683	0.295064
4821	1175.544	16100	0.209431
4822	1175.788	10491	0.136468
4823	1176.032	6437	0.0837334
4824	1176.276	3729	0.0485074
4825	1176.520	2261	0.0294114
4826	1176.764	1350	0.017561
4827	1177.008	952	0.0123838
4828	1177.251	836	0.0108748
4829	1177.495	740	0.00962603
4830	1177.739	720	0.00936586
4831	1177.983	659	0.00857237
4832	1178.227	669	0.00870245
4833	1178.471	705	0.00917074
4834	1178.715	661	0.00859838
4835	1178.959	697	0.00906667
4836	1179.202	686	0.00892359
4837	1179.446	676	0.0087935
4838	1179.690	672	0.00874147
4839	1179.934	654	0.00850732
4840	1180.178	638	0.00829919
4841	1180.422	673	0.00875448
4842	1180.666	670	0.00871546
4843	1180.909	631	0.00820814
4844	1181.153	659	0.00857237
4845	1181.397	677	0.00880651
4846	1181.641	642	0.00835123
4847	1181.885	693	0.00901464
4848	1182.129	673	0.00875448
4849	1182.373	696	0.00905367
4850	1182.617	648	0.00842928
4851	1182.860	678	0.00881952
4852	1183.104	673	0.00875448
4853	1183.348	686	0.00892359
4854	1183.592	638	0.00829919
4855	1183.836	670	0.00871546
4856	1184.080	636	0.00827318
4857	1184.324	642	0.00835123
4858	1184.567	673	0.00875448
4859	1184.811	604	0.00785692
4860	1185.055	675	0.0087805
4861	1185.299	613	0.00797399
4862	1185.543	621	0.00807806
4863	1185.787	647	0.00841627
4864	1186.031	629	0.00818212
4865	1186.274	608	0.00790895
4866	1186.518	616	0.00801302
4867	1186.762	623	0.00810407
4868	1187.006	655	0.00852033
4869	1187.250	622	0.00809106
4870	1187.494	623	0.00810407
4871	1187.738	637	0.00828619
4872	1187.982	671	0.00872846
4873	1188.225	662	0.00861139
4874	1188.469	600	0.00780489
4875	1188.713	645	0.00839025
4876	1188.957	576	0.00749269
4877	1189.201	633	0.00823415
4878	1189.445	616	0.00801302
4879	1189.689	676	0.0087935
4880	1189.932	636	0.00827318
4881	1190.176	588	0.00764879
4882	1190.420	687	0.00893659
4883	1190.664	638	0.00829919
4884	1190.908	637	0.00828619
4885	1191.152	619	0.00805204
4886	1191.396	643	0.00836424
4887	1191.639	604	0.00785692
4888	1191.883	623	0.00810407
4889	1192.127	635	0.00826017
4890	1192.371	632	0.00822115
4891	1192.615	655	0.00852033
4892	1192.859	590	0.0076748
4893	1193.103	613	0.00797399
4894	1193.347	639	0.0083122
4895	1193.590	624	0.00811708
4896	1193.834	627	0.0081561
4897	1194.078	599	0.00779188
4898	1194.322	635	0.00826017
4899	1194.566	638	0.00829919
4900	1194.810	661	0.00859838
4901	1195.054	630	0.00819513
4902	1195.297	580	0.00754472
4903	1195.541	647	0.00841627
4904	1195.785	600	0.00780489
4905	1196.029	638	0.00829919
4906	1196.273	609	0.00792196
4907	1196.517	608	0.00790895
4908	1196.761	592	0.00770082
4909	1197.005	607	0.00789594
4910	1197.248	601	0.00781789
4911	1197.492	598	0.00777887
4912	1197.736	593	0.00771383
4913	1197.980	631	0.00820814
4914	1198.224	600	0.00780489
4915	1198.468	622	0.00809106
4916	1198.712	570	0.00741464
4917	1198.955	627	0.0081561
4918	1199.199	611	0.00794797
4919	1199.443	587	0.00763578
4920	1199.687	594	0.00772684
4921	1199.931	588	0.00764879
4922	1200.175	582	0.00757074
4923	1200.419	613	0.00797399
4924	1200.662	625	0.00813009
4925	1200.906	575	0.00747968
4926	1201.150	589	0.0076618
4927	1201.394	586	0.00762277
4928	1201.638	615	0.00800001
4929	1201.882	568	0.00738862
4930	1202.126	570	0.00741464
4931	1202.370	642	0.00835123
4932	1202.613	572	0.00744066
4933	1202.857	574	0.00746667
4934	1203.101	590	0.0076748
4935	1203.345	571	0.00742765
4936	1203.589	567	0.00737562
4937	1203.833	577	0.0075057
4938	1204.077	570	0.00741464
4939	1204.320	577	0.0075057
4940	1204.564	541	0.0070374
4941	1204.808	598	0.00777887
4942	1205.052	608	0.00790895
4943	1205.296	587	0.00763578
4944	1205.540	575	0.00747968
4945	1205.784	556	0.00723253
4946	1206.028	535	0.00695936
4947	1206.271	532	0.00692033
4948	1206.515	584	0.00759675
4949	1206.759	579	0.00753171
4950	1207.003	574	0.00746667
4951	1207.247	586	0.00762277
4952	1207.491	528	0.0068683
4953	1207.735	551	0.00716749
4954	1207.978	565	0.0073496
4955	1208.222	537	0.00698537
4956	1208.466	528	0.0068683
4957	1208.710	561	0.00729757
4958	1208.954	572	0.00744066
4959	1209.198	525	0.00682927
4960	1209.442	547	0.00711545
4961	1209.685	578	0.00751871
4962	1209.929	571	0.00742765
4963	1210.173	536	0.00697236
4964	1210.417	538	0.00699838
4965	1210.661	554	0.00720651
4966	1210.905	573	0.00745367
4967	1211.149	553	0.0071935
4968	1211.393	557	0.00724554
4969	1211.636	497	0.00646505
4970	1211.880	541	0.0070374
4971	1212.124	565	0.0073496
4972	1212.368	563	0.00732358
4973	1212.612	557	0.00724554
4974	1212.856	502	0.00653009
4975	1213.100	561	0.00729757
4976	1213.343	545	0.00708944
4977	1213.587	512	0.00666017
4978	1213.831	514	0.00668618
4979	1214.075	523	0.00680326
4980	1214.319	590	0.0076748
4981	1214.563	525	0.00682927
4982	1214.807	514	0.00668618
4983	1215.050	592	0.00770082
4984	1215.294	560	0.00728456
4985	1215.538	542	0.00705041
4986	1215.782	519	0.00675123
4987	1216.026	528	0.0068683
4988	1216.270	556	0.00723253
4989	1216.514	550	0.00715448
4990	1216.758	526	0.00684228
4991	1217.001	569	0.00740163
4992	1217.245	524	0.00681627
4993	1217.489	529	0.00688131
4994	1217.733	567	0.00737562
4995	1217.977	569	0.00740163
4996	1218.221	511	0.00664716
4997	1218.465	560	0.00728456
4998	1218.708	548	0.00712846
4999	1218.952	512	0.00666017
5000	1219.196	522	0.00679025
5001	1219.440	522	0.00679025
5002	1219.684	493	0.00641301
5003	1219.928	552	0.00718049
5004	1220.172	536	0.00697236
5005	1220.416	522	0.00679025
5006	1220.659	506	0.00658212
5007	1220.903	561	0.00729757
5008	1221.147	499	0.00649106
5009	1221.391	519	0.00675123
5010	1221.635	535	0.00695936
5011	1221.879	468	0.00608781
5012	1222.123	518	0.00673822
5013	1222.366	521	0.00677724
5014	1222.610	524	0.00681627
5015	1222.854	528	0.0068683
5016	1223.098	519	0.00675123
5017	1223.342	485	0.00630895
5018	1223.586	485	0.00630895
5019	1223.830	524	0.00681627
5020	1224.073	487	0.00633497
5021	1224.317	491	0.006387
5022	1224.561	543	0.00706342
5023	1224.805	546	0.00710245
5024	1225.049	484	0.00629594
5025	1225.293	477	0.00620488
5026	1225.537	542	0.00705041
5027	1225.781	450	0.00585366
5028	1226.024	474	0.00616586
5029	1226.268	554	0.00720651
5030	1226.512	476	0.00619188
5031	1226.756	501	0.00651708
5032	1227.000	509	0.00662114
5033	1227.244	478	0.00621789
5034	1227.488	459	0.00597074
5035	1227.731	513	0.00667318
5036	1227.975	503	0.0065431
5037	1228.219	501	0.00651708
5038	1228.463	530	0.00689432
5039	1228.707	515	0.00669919
5040	1228.951	493	0.00641301
5041	1229.195	477	0.00620488
5042	1229.438	480	0.00624391
5043	1229.682	470	0.00611383
5044	1229.926	493	0.00641301
5045	1230.170	494	0.00642602
5046	1230.414	461	0.00599675
5047	1230.658	494	0.00642602
5048	1230.902	482	0.00626992
5049	1231.146	476	0.00619188
5050	1231.389	488	0.00634797
5051	1231.633	518	0.00673822
5052	1231.877	496	0.00645204
5053	1232.121	484	0.00629594
5054	1232.365	496	0.00645204
5055	1232.609	482	0.00626992
5056	1232.853	457	0.00594472
5057	1233.096	497	0.00646505
5058	1233.340	467	0.0060748
5059	1233.584	470	0.00611383
5060	1233.828	463	0.00602277
5061	1234.072	472	0.00613984
5062	1234.316	445	0.00578862
5063	1234.560	486	0.00632196
5064	1234.804	531	0.00690732
5065	1235.047	515	0.00669919
5066	1235.291	472	0.00613984
5067	1235.535	467	0.0060748
5068	1235.779	521	0.00677724
5069	1236.023	471	0.00612683
5070	1236.267	504	0.0065561
5071	1236.511	500	0.00650407
5072	1236.754	491	0.006387
5073	1236.998	517	0.00672521
5074	1237.242	442	0.0057496
5075	1237.486	491	0.006387
5076	1237.730	489	0.00636098
5077	1237.974	489	0.00636098
5078	1238.218	517	0.00672521
5079	1238.461	472	0.00613984
5080	1238.705	472	0.00613984
5081	1238.949	504	0.0065561
5082	1239.193	495	0.00643903
5083	1239.437	480	0.00624391
5084	1239.681	483	0.00628293
5085	1239.925	534	0.00694635
5086	1240.169	453	0.00589269
5087	1240.412	487	0.00633497
5088	1240.656	464	0.00603578
5089	1240.900	511	0.00664716
5090	1241.144	485	0.00630895
5091	1241.388	458	0.00595773
5092	1241.632	500	0.00650407
5093	1241.876	444	0.00577562
5094	1242.119	488	0.00634797
5095	1242.363	514	0.00668618
5096	1242.607	455	0.0059187
5097	1242.851	485	0.00630895
5098	1243.095	486	0.00632196
5099	1243.339	484	0.00629594
5100	1243.583	487	0.00633497
5101	1243.826	488	0.00634797
5102	1244.070	540	0.0070244
5103	1244.314	444	0.00577562
5104	1244.558	470	0.00611383
5105	1244.802	479	0.0062309
5106	1245.046	478	0.00621789
5107	1245.290	484	0.00629594
5108	1245.534	501	0.00651708
5109	1245.777	490	0.00637399
5110	1246.021	496	0.00645204
5111	1246.265	484	0.00629594
5112	1246.509	461	0.00599675
5113	1246.753	491	0.006387
5114	1246.997	501	0.00651708
5115	1247.241	516	0.0067122
5116	1247.484	463	0.00602277
5117	1247.728	482	0.00626992
5118	1247.972	511	0.00664716
5119	1248.216	444	0.00577562
5120	1248.460	444	0.00577562
5121	1248.704	456	0.00593171
5122	1248.948	449	0.00584066
5123	1249.192	478	0.00621789
5124	1249.435	473	0.00615285
5125	1249.679	456	0.00593171
5126	1249.923	414	0.00538537
5127	1250.167	458	0.00595773
5128	1250.411	453	0.00589269
5129	1250.655	487	0.00633497
5130	1250.899	477	0.00620488
5131	1251.142	479	0.0062309
5132	1251.386	493	0.00641301
5133	1251.630	484	0.00629594
5134	1251.874	472	0.00613984
5135	1252.118	466	0.00606179
5136	1252.362	449	0.00584066
5137	1252.606	450	0.00585366
5138	1252.849	501	0.00651708
5139	1253.093	489	0.00636098
5140	1253.337	453	0.00589269
5141	1253.581	477	0.00620488
5142	1253.825	506	0.00658212
5143	1254.069	482	0.00626992
5144	1254.313	478	0.00621789
5145	1254.557	464	0.00603578
5146	1254.800	448	0.00582765
5147	1255.044	459	0.00597074
5148	1255.288	468	0.00608781
5149	1255.532	498	0.00647805
5150	1255.776	494	0.00642602
5151	1256.020	494	0.00642602
5152	1256.264	453	0.00589269
5153	1256.507	492	0.00640001
5154	1256.751	480	0.00624391
5155	1256.995	465	0.00604879
5156	1257.239	494	0.00642602
5157	1257.483	442	0.0057496
5158	1257.727	474	0.00616586
5159	1257.971	504	0.0065561
5160	1258.215	491	0.006387
5161	1258.458	456	0.00593171
5162	1258.702	450	0.00585366
5163	1258.946	491	0.006387
5164	1259.190	493	0.00641301
5165	1259.434	472	0.00613984
5166	1259.678	451	0.00586667
5167	1259.922	454	0.0059057
5168	1260.165	459	0.00597074
5169	1260.409	490	0.00637399
5170	1260.653	466	0.00606179
5171	1260.897	456	0.00593171
5172	1261.141	465	0.00604879
5173	1261.385	465	0.00604879
5174	1261.629	463	0.00602277
5175	1261.872	519	0.00675123
5176	1262.116	486	0.00632196
5177	1262.360	487	0.00633497
5178	1262.604	476	0.00619188
5179	1262.848	448	0.00582765
5180	1263.092	436	0.00567155
5181	1263.336	458	0.00595773
5182	1263.580	462	0.00600976
5183	1263.823	487	0.00633497
5184	1264.067	432	0.00561952
5185	1264.311	468	0.00608781
5186	1264.555	467	0.0060748
5187	1264.799	412	0.00535935
5188	1265.043	489	0.00636098
5189	1265.287	478	0.00621789
5190	1265.530	451	0.00586667
5191	1265.774	468	0.00608781
5192	1266.018	430	0.0055935
5193	1266.262	476	0.00619188
5194	1266.506	445	0.00578862
5195	1266.750	495	0.00643903
5196	1266.994	462	0.00600976
5197	1267.237	446	0.00580163
5198	1267.481	468	0.00608781
5199	1267.725	473	0.00615285
5200	1267.969	432	0.00561952
5201	1268.213	479	0.0062309
5202	1268.457	449	0.00584066
5203	1268.701	460	0.00598375
5204	1268.945	479	0.0062309
5205	1269.188	427	0.00555448
5206	1269.432	511	0.00664716
5207	1269.676	465	0.00604879
5208	1269.920	448	0.00582765
5209	1270.164	497	0.00646505
5210	1270.408	445	0.00578862
5211	1270.652	461	0.00599675
5212	1270.895	481	0.00625692
5213	1271.139	471	0.00612683
5214	1271.383	472	0.00613984
5215	1271.627	465	0.00604879
5216	1271.871	467	0.0060748
5217	1272.115	452	0.00587968
5218	1272.359	445	0.00578862
5219	1272.603	483	0.00628293
5220	1272.846	446	0.00580163
5221	1273.090	476	0.00619188
5222	1273.334	465	0.00604879
5223	1273.578	495	0.00643903
5224	1273.822	469	0.00610082
5225	1274.066	460	0.00598375
5226	1274.310	450	0.00585366
5227	1274.553	482	0.00626992
5228	1274.797	489	0.00636098
5229	1275.041	520	0.00676423
5230	1275.285	485	0.00630895
5231	1275.529	461	0.00599675
5232	1275.773	455	0.0059187
5233	1276.017	471	0.00612683
5234	1276.260	471	0.00612683
5235	1276.504	451	0.00586667
5236	1276.748	473	0.00615285
5237	1276.992	456	0.00593171
5238	1277.236	488	0.00634797
5239	1277.480	459	0.00597074
5240	1277.724	447	0.00581464
5241	1277.968	510	0.00663415
5242	1278.211	495	0.00643903
5243	1278.455	514	0.00668618
5244	1278.699	468	0.00608781
5245	1278.943	483	0.00628293
5246	1279.187	414	0.00538537
5247	1279.431	505	0.00656911
5248	1279.675	459	0.00597074
5249	1279.918	459	0.00597074
5250	1280.162	478	0.00621789
5251	1280.406	487	0.00633497
5252	1280.650	479	0.0062309
5253	1280.894	508	0.00660814
5254	1281.138	485	0.00630895
5255	1281.382	475	0.00617887
5256	1281.625	462	0.00600976
5257	1281.869	496	0.00645204
5258	1282.113	479	0.0062309
5259	1282.357	466	0.00606179
5260	1282.601	504	0.0065561
5261	1282.845	527	0.00685529
5262	1283.089	531	0.00690732
5263	1283.333	495	0.00643903
5264	1283.576	512	0.00666017
5265	1283.820	459	0.00597074
5266	1284.064	519	0.00675123
5267	1284.308	498	0.00647805
5268	1284.552	460	0.00598375
5269	1284.796	488	0.00634797
5270	1285.040	475	0.00617887
5271	1285.283	493	0.00641301
5272	1285.527	460	0.00598375
5273	1285.771	509	0.00662114
5274	1286.015	512	0.00666017
5275	1286.259	475	0.00617887
5276	1286.503	484	0.00629594
5277	1286.747	473	0.00615285
5278	1286.991	446	0.00580163
5279	1287.234	485	0.00630895
5280	1287.478	471	0.00612683
5281	1287.722	488	0.00634797
5282	1287.966	494	0.00642602
5283	1288.210	486	0.00632196
5284	1288.454	519	0.00675123
5285	1288.698	470	0.00611383
5286	1288.941	497	0.00646505
5287	1289.185	496	0.00645204
5288	1289.429	468	0.00608781
5289	1289.673	510	0.00663415
5290	1289.917	456	0.00593171
5291	1290.161	463	0.00602277
5292	1290.405	482	0.00626992
5293	1290.648	463	0.00602277
5294	1290.892	460	0.00598375
5295	1291.136	493	0.00641301
5296	1291.380	506	0.00658212
5297	1291.624	507	0.00659513
5298	1291.868	467	0.0060748
5299	1292.112	485	0.00630895
5300	1292.356	520	0.00676423
5301	1292.599	508	0.00660814
5302	1292.843	484	0.00629594
5303	1293.087	486	0.00632196
5304	1293.331	508	0.00660814
5305	1293.575	467	0.0060748
5306	1293.819	447	0.00581464
5307	1294.063	486	0.00632196
5308	1294.306	501	0.00651708
5309	1294.550	450	0.00585366
5310	1294.794	444	0.00577562
5311	1295.038	485	0.00630895
5312	1295.282	473	0.00615285
5313	1295.526	467	0.0060748
5314	1295.770	526	0.00684228
5315	1296.013	472	0.00613984
5316	1296.257	487	0.00633497
5317	1296.501	491	0.006387
5318	1296.745	467	0.0060748
5319	1296.989	492	0.00640001
5320	1297.233	460	0.00598375
5321	1297.477	496	0.00645204
5322	1297.721	469	0.00610082
5323	1297.964	480	0.00624391
5324	1298.208	505	0.00656911
5325	1298.452	459	0.00597074
5326	1298.696	513	0.00667318
5327	1298.940	471	0.00612683
5328	1299.184	485	0.00630895
5329	1299.428	504	0.0065561
5330	1299.671	475	0.00617887
5331	1299.915	543	0.00706342
5332	1300.159	509	0.00662114
5333	1300.403	482	0.00626992
5334	1300.647	519	0.00675123
5335	1300.891	475	0.00617887
5336	1301.135	486	0.00632196
5337	1301.379	511	0.00664716
5338	1301.622	506	0.00658212
5339	1301.866	481	0.00625692
5340	1302.110	454	0.0059057
5341	1302.354	495	0.00643903
5342	1302.598	490	0.00637399
5343	1302.842	423	0.00550244
5344	1303.086	482	0.00626992
5345	1303.329	481	0.00625692
5346	1303.573	476	0.00619188
5347	1303.817	537	0.00698537
5348	1304.061	505	0.00656911
5349	1304.305	513	0.00667318
5350	1304.549	505	0.00656911
5351	1304.793	514	0.00668618
5352	1305.036	501	0.00651708
5353	1305.280	469	0.00610082
5354	1305.524	507	0.00659513
5355	1305.768	476	0.00619188
5356	1306.012	505	0.00656911
5357	1306.256	506	0.00658212
5358	1306.500	513	0.00667318
5359	1306.744	500	0.00650407
5360	1306.987	543	0.00706342
5361	1307.231	483	0.00628293
5362	1307.475	504	0.0065561
5363	1307.719	501	0.00651708
5364	1307.963	497	0.00646505
5365	1308.207	492	0.00640001
5366	1308.451	479	0.0062309
5367	1308.694	520	0.00676423
5368	1308.938	462	0.00600976
5369	1309.182	490	0.00637399
5370	1309.426	477	0.00620488
5371	1309.670	538	0.00699838
5372	1309.914	467	0.0060748
5373	1310.158	500	0.00650407
5374	1310.402	467	0.0060748
5375	1310.645	514	0.00668618
5376	1310.889	494	0.00642602
5377	1311.133	468	0.00608781
5378	1311.377	484	0.00629594
5379	1311.621	498	0.00647805
5380	1311.865	473	0.00615285
5381	1312.109	488	0.00634797
5382	1312.352	547	0.00711545
5383	1312.596	523	0.00680326
5384	1312.840	483	0.00628293
5385	1313.084	512	0.00666017
5386	1313.328	492	0.00640001
5387	1313.572	501	0.00651708
5388	1313.816	508	0.00660814
5389	1314.059	528	0.0068683
5390	1314.303	496	0.00645204
5391	1314.547	517	0.00672521
5392	1314.791	522	0.00679025
5393	1315.035	445	0.00578862
5394	1315.279	525	0.00682927
5395	1315.523	504	0.0065561
5396	1315.767	496	0.00645204
5397	1316.010	486	0.00632196
5398	1316.254	496	0.00645204
5399	1316.498	517	0.00672521
5400	1316.742	509	0.00662114
5401	1316.986	530	0.00689432
5402	1317.230	487	0.00633497
5403	1317.474	507	0.00659513
5404	1317.717	534	0.00694635
5405	1317.961	495	0.00643903
5406	1318.205	490	0.00637399
5407	1318.449	489	0.00636098
5408	1318.693	474	0.00616586
5409	1318.937	488	0.00634797
5410	1319.181	524	0.00681627
5411	1319.424	524	0.00681627
5412	1319.668	511	0.00664716
5413	1319.912	491	0.006387
5414	1320.156	507	0.00659513
5415	1320.400	466	0.00606179
5416	1320.644	471	0.00612683
5417	1320.888	506	0.00658212
5418	1321.132	497	0.00646505
5419	1321.375	541	0.0070374
5420	1321.619	528	0.0068683
5421	1321.863	496	0.00645204
5422	1322.107	570	0.00741464
5423	1322.351	538	0.00699838
5424	1322.595	534	0.00694635
5425	1322.839	614	0.007987
5426	1323.082	609	0.00792196
5427	1323.326	668	0.00868944
5428	1323.570	728	0.00946993
5429	1323.814	773	0.0100553
5430	1324.058	855	0.011122
5431	1324.302	992	0.0129041
5432	1324.546	1156	0.0150374
5433	1324.790	1203	0.0156488
5434	1325.033	1364	0.0177431
5435	1325.277	1539	0.0200195
5436	1325.521	1652	0.0214895
5437	1325.765	1700	0.0221138
5438	1326.009	1806	0.0234927
5439	1326.253	1830	0.0238049
5440	1326.497	1802	0.0234407
5441	1326.740	1668	0.0216976
5442	1326.984	1548	0.0201366
5443	1327.228	1486	0.0193301
5444	1327.472	1318	0.0171447
5445	1327.716	1143	0.0148683
5446	1327.960	1012	0.0131642
5447	1328.204	908	0.0118114
5448	1328.447	785	0.0102114
5449	1328.691	723	0.00940489
5450	1328.935	666	0.00866342
5451	1329.179	629	0.00818212
5452	1329.423	581	0.00755773
5453	1329.667	611	0.00794797
5454	1329.911	584	0.00759675
5455	1330.155	636	0.00827318
5456	1330.398	660	0.00858537
5457	1330.642	719	0.00935285
5458	1330.886	1011	0.0131512
5459	1331.130	1370	0.0178212
5460	1331.374	2045	0.0266017
5461	1331.618	3355	0.0436423
5462	1331.862	5504	0.0715968
5463	1332.105	8453	0.109958
5464	1332.349	12515	0.162797
5465	1332.593	17984	0.233938
5466	1332.837	23514	0.305873
5467	1333.081	29191	0.379721
5468	1333.325	33553	0.436462
5469	1333.569	35931	0.467396
5470	1333.812	36065	0.469139
5471	1334.056	33500	0.435773
5472	1334.300	28487	0.370563
5473	1334.544	22701	0.295298
5474	1334.788	16653	0.216625
5475	1335.032	11251	0.146355
5476	1335.276	7412	0.0964163
5477	1335.520	4319	0.0561822
5478	1335.763	2594	0.0337431
5479	1336.007	1573	0.0204618
5480	1336.251	1073	0.0139577
5481	1336.495	640	0.00832521
5482	1336.739	558	0.00725854
5483	1336.983	533	0.00693334
5484	1337.227	483	0.00628293
5485	1337.470	471	0.00612683
5486	1337.714	480	0.00624391
5487	1337.958	514	0.00668618
5488	1338.202	501	0.00651708
5489	1338.446	543	0.00706342
5490	1338.690	542	0.00705041
5491	1338.934	516	0.0067122
5492	1339.178	517	0.00672521
5493	1339.421	476	0.00619188
5494	1339.665	458	0.00595773
5495	1339.909	531	0.00690732
5496	1340.153	497	0.00646505
5497	1340.397	454	0.0059057
5498	1340.641	503	0.0065431
5499	1340.885	504	0.0065561
5500	1341.128	502	0.00653009
5501	1341.372	489	0.00636098
5502	1341.616	504	0.0065561
5503	1341.860	511	0.00664716
5504	1342.104	512	0.00666017
5505	1342.348	533	0.00693334
5506	1342.592	493	0.00641301
5507	1342.835	544	0.00707643
5508	1343.079	474	0.00616586
5509	1343.323	492	0.00640001
5510	1343.567	497	0.00646505
5511	1343.811	529	0.00688131
5512	1344.055	503	0.0065431
5513	1344.299	479	0.0062309
5514	1344.543	529	0.00688131
5515	1344.786	510	0.00663415
5516	1345.030	572	0.00744066
5517	1345.274	501	0.00651708
5518	1345.518	472	0.00613984
5519	1345.762	518	0.00673822
5520	1346.006	473	0.00615285
5521	1346.250	477	0.00620488
5522	1346.493	480	0.00624391
5523	1346.737	474	0.00616586
5524	1346.981	510	0.00663415
5525	1347.225	517	0.00672521
5526	1347.469	538	0.00699838
5527	1347.713	499	0.00649106
5528	1347.957	470	0.00611383
5529	1348.200	501	0.00651708
5530	1348.444	495	0.00643903
5531	1348.688	509	0.00662114
5532	1348.932	556	0.00723253
5533	1349.176	502	0.00653009
5534	1349.420	515	0.00669919
5535	1349.664	510	0.00663415
5536	1349.908	526	0.00684228
5537	1350.151	480	0.00624391
5538	1350.395	510	0.00663415
5539	1350.639	501	0.00651708
5540	1350.883	488	0.00634797
5541	1351.127	513	0.00667318
5542	1351.371	551	0.00716749
5543	1351.615	507	0.00659513
5544	1351.858	554	0.00720651
5545	1352.102	503	0.0065431
5546	1352.346	512	0.00666017
5547	1352.590	477	0.00620488
5548	1352.834	513	0.00667318
5549	1353.078	531	0.00690732
5550	1353.322	496	0.00645204
5551	1353.566	519	0.00675123
5552	1353.809	499	0.00649106
5553	1354.053	532	0.00692033
5554	1354.297	478	0.00621789
5555	1354.541	496	0.00645204
5556	1354.785	534	0.00694635
5557	1355.029	511	0.00664716
5558	1355.273	468	0.00608781
5559	1355.516	538	0.00699838
5560	1355.760	538	0.00699838
5561	1356.004	567	0.00737562
5562	1356.248	549	0.00714147
5563	1356.492	487	0.00633497
5564	1356.736	527	0.00685529
5565	1356.980	475	0.00617887
5566	1357.223	516	0.0067122
5567	1357.467	507	0.00659513
5568	1357.711	530	0.00689432
5569	1357.955	492	0.00640001
5570	1358.199	511	0.00664716
5571	1358.443	502	0.00653009
5572	1358.687	524	0.00681627
5573	1358.931	527	0.00685529
5574	1359.174	482	0.00626992
5575	1359.418	535	0.00695936
5576	1359.662	484	0.00629594
5577	1359.906	501	0.00651708
5578	1360.150	558	0.00725854
5579	1360.394	500	0.00650407
5580	1360.638	513	0.00667318
5581	1360.881	536	0.00697236
5582	1361.125	536	0.00697236
5583	1361.369	535	0.00695936
5584	1361.613	473	0.00615285
5585	1361.857	518	0.00673822
5586	1362.101	533	0.00693334
5587	1362.345	477	0.00620488
5588	1362.589	555	0.00721952
5589	1362.832	513	0.00667318
5590	1363.076	473	0.00615285
5591	1363.320	473	0.00615285
5592	1363.564	516	0.0067122
5593	1363.808	486	0.00632196
5594	1364.052	517	0.00672521
5595	1364.296	496	0.00645204
5596	1364.539	484	0.00629594
5597	1364.783	503	0.0065431
5598	1365.027	503	0.0065431
5599	1365.271	507	0.00659513
5600	1365.515	534	0.00694635
5601	1365.759	492	0.00640001
5602	1366.003	527	0.00685529
5603	1366.246	554	0.00720651
5604	1366.490	540	0.0070244
5605	1366.734	500	0.00650407
5606	1366.978	521	0.00677724
5607	1367.222	521	0.00677724
5608	1367.466	480	0.00624391
5609	1367.710	511	0.00664716
5610	1367.954	514	0.00668618
5611	1368.197	529	0.00688131
5612	1368.441	499	0.00649106
5613	1368.685	517	0.00672521
5614	1368.929	555	0.00721952
5615	1369.173	521	0.00677724
5616	1369.417	546	0.00710245
5617	1369.661	545	0.00708944
5618	1369.904	511	0.00664716
5619	1370.148	496	0.00645204
5620	1370.392	501	0.00651708
5621	1370.636	539	0.00701139
5622	1370.880	525	0.00682927
5623	1371.124	486	0.00632196
5624	1371.368	530	0.00689432
5625	1371.611	537	0.00698537
5626	1371.855	514	0.00668618
5627	1372.099	521	0.00677724
5628	1372.343	509	0.00662114
5629	1372.587	542	0.00705041
5630	1372.831	508	0.00660814
5631	1373.075	486	0.00632196
5632	1373.319	525	0.00682927
5633	1373.562	529	0.00688131
5634	1373.806	480	0.00624391
5635	1374.050	523	0.00680326
5636	1374.294	470	0.00611383
5637	1374.538	560	0.00728456
5638	1374.782	492	0.00640001
5639	1375.026	516	0.0067122
5640	1375.269	518	0.00673822
5641	1375.513	515	0.00669919
5642	1375.757	492	0.00640001
5643	1376.001	493	0.00641301
5644	1376.245	526	0.00684228
5645	1376.489	555	0.00721952
5646	1376.733	509	0.00662114
5647	1376.977	510	0.00663415
5648	1377.220	535	0.00695936
5649	1377.464	482	0.00626992
5650	1377.708	482	0.00626992
5651	1377.952	546	0.00710245
5652	1378.196	544	0.00707643
5653	1378.440	544	0.00707643
5654	1378.684	525	0.00682927
5655	1378.927	524	0.00681627
5656	1379.171	544	0.00707643
5657	1379.415	534	0.00694635
5658	1379.659	538	0.00699838
5659	1379.903	516	0.0067122
5660	1380.147	530	0.00689432
5661	1380.391	507	0.00659513
5662	1380.634	544	0.00707643
5663	1380.878	565	0.0073496
5664	1381.122	521	0.00677724
5665	1381.366	522	0.00679025
5666	1381.610	538	0.00699838
5667	1381.854	576	0.00749269
5668	1382.098	488	0.00634797
5669	1382.342	550	0.00715448
5670	1382.585	510	0.00663415
5671	1382.829	527	0.00685529
5672	1383.073	502	0.00653009
5673	1383.317	516	0.0067122
5674	1383.561	502	0.00653009
5675	1383.805	562	0.00731058
5676	1384.049	528	0.0068683
5677	1384.292	553	0.0071935
5678	1384.536	587	0.00763578
5679	1384.780	587	0.00763578
5680	1385.024	556	0.00723253
5681	1385.268	521	0.00677724
5682	1385.512	523	0.00680326
5683	1385.756	540	0.0070244
5684	1385.999	538	0.00699838
5685	1386.243	522	0.00679025
5686	1386.487	513	0.00667318
5687	1386.731	535	0.00695936
5688	1386.975	529	0.00688131
5689	1387.219	534	0.00694635
5690	1387.463	557	0.00724554
5691	1387.707	546	0.00710245
5692	1387.950	514	0.00668618
5693	1388.194	569	0.00740163
5694	1388.438	532	0.00692033
5695	1388.682	568	0.00738862
5696	1388.926	523	0.00680326
5697	1389.170	550	0.00715448
5698	1389.414	538	0.00699838
5699	1389.657	567	0.00737562
5700	1389.901	536	0.00697236
5701	1390.145	509	0.00662114
5702	1390.389	535	0.00695936
5703	1390.633	515	0.00669919
5704	1390.877	565	0.0073496
5705	1391.121	534	0.00694635
5706	1391.365	524	0.00681627
5707	1391.608	511	0.00664716
5708	1391.852	559	0.00727155
5709	1392.096	539	0.00701139
5710	1392.340	535	0.00695936
5711	1392.584	532	0.00692033
5712	1392.828	559	0.00727155
5713	1393.072	532	0.00692033
5714	1393.315	550	0.00715448
5715	1393.559	538	0.00699838
5716	1393.803	552	0.00718049
5717	1394.047	504	0.0065561
5718	1394.291	570	0.00741464
5719	1394.535	520	0.00676423
5720	1394.779	533	0.00693334
5721	1395.022	554	0.00720651
5722	1395.266	505	0.00656911
5723	1395.510	497	0.00646505
5724	1395.754	490	0.00637399
5725	1395.998	594	0.00772684
5726	1396.242	517	0.00672521
5727	1396.486	541	0.0070374
5728	1396.730	531	0.00690732
5729	1396.973	559	0.00727155
5730	1397.217	528	0.0068683
5731	1397.461	518	0.00673822
5732	1397.705	550	0.00715448
5733	1397.949	559	0.00727155
5734	1398.193	538	0.00699838
5735	1398.437	510	0.00663415
5736	1398.680	546	0.00710245
5737	1398.924	550	0.00715448
5738	1399.168	540	0.0070244
5739	1399.412	544	0.00707643
5740	1399.656	561	0.00729757
5741	1399.900	565	0.0073496
5742	1400.144	546	0.00710245
5743	1400.388	508	0.00660814
5744	1400.631	546	0.00710245
5745	1400.875	560	0.00728456
5746	1401.119	529	0.00688131
5747	1401.363	568	0.00738862
5748	1401.607	547	0.00711545
5749	1401.851	571	0.00742765
5750	1402.095	522	0.00679025
5751	1402.338	522	0.00679025
5752	1402.582	578	0.00751871
5753	1402.826	565	0.0073496
5754	1403.070	509	0.00662114
5755	1403.314	540	0.0070244
5756	1403.558	544	0.00707643
5757	1403.802	523	0.00680326
5758	1404.045	580	0.00754472
5759	1404.289	524	0.00681627
5760	1404.533	551	0.00716749
5761	1404.777	549	0.00714147
5762	1405.021	502	0.00653009
5763	1405.265	575	0.00747968
5764	1405.509	575	0.00747968
5765	1405.753	593	0.00771383
5766	1405.996	559	0.00727155
5767	1406.240	588	0.00764879
5768	1406.484	593	0.00771383
5769	1406.728	591	0.00768781
5770	1406.972	526	0.00684228
5771	1407.216	554	0.00720651
5772	1407.460	588	0.00764879
5773	1407.703	552	0.00718049
5774	1407.947	570	0.00741464
5775	1408.191	544	0.00707643
5776	1408.435	576	0.00749269
5777	1408.679	602	0.0078309
5778	1408.923	616	0.00801302
5779	1409.167	546	0.00710245
5780	1409.410	542	0.00705041
5781	1409.654	598	0.00777887
5782	1409.898	581	0.00755773
5783	1410.142	570	0.00741464
5784	1410.386	573	0.00745367
5785	1410.630	591	0.00768781
5786	1410.874	555	0.00721952
5787	1411.118	562	0.00731058
5788	1411.361	610	0.00793497
5789	1411.605	573	0.00745367
5790	1411.849	582	0.00757074
5791	1412.093	546	0.00710245
5792	1412.337	571	0.00742765
5793	1412.581	570	0.00741464
5794	1412.825	582	0.00757074
5795	1413.068	566	0.00736261
5796	1413.312	517	0.00672521
5797	1413.556	562	0.00731058
5798	1413.800	531	0.00690732
5799	1414.044	584	0.00759675
5800	1414.288	602	0.0078309
5801	1414.532	571	0.00742765
5802	1414.776	548	0.00712846
5803	1415.019	549	0.00714147
5804	1415.263	524	0.00681627
5805	1415.507	597	0.00776586
5806	1415.751	574	0.00746667
5807	1415.995	528	0.0068683
5808	1416.239	568	0.00738862
5809	1416.483	544	0.00707643
5810	1416.726	547	0.00711545
5811	1416.970	550	0.00715448
5812	1417.214	542	0.00705041
5813	1417.458	551	0.00716749
5814	1417.702	558	0.00725854
5815	1417.946	571	0.00742765
5816	1418.190	547	0.00711545
5817	1418.433	547	0.00711545
5818	1418.677	557	0.00724554
5819	1418.921	566	0.00736261
5820	1419.165	578	0.00751871
5821	1419.409	560	0.00728456
5822	1419.653	601	0.00781789
5823	1419.897	545	0.00708944
5824	1420.141	591	0.00768781
5825	1420.384	578	0.00751871
5826	1420.628	568	0.00738862
5827	1420.872	536	0.00697236
5828	1421.116	547	0.00711545
5829	1421.360	556	0.00723253
5830	1421.604	580	0.00754472
5831	1421.848	579	0.00753171
5832	1422.091	582	0.00757074
5833	1422.335	517	0.00672521
5834	1422.579	544	0.00707643
5835	1422.823	594	0.00772684
5836	1423.067	546	0.00710245
5837	1423.311	585	0.00760976
5838	1423.555	554	0.00720651
5839	1423.798	586	0.00762277
5840	1424.042	581	0.00755773
5841	1424.286	617	0.00802602
5842	1424.530	566	0.00736261
5843	1424.774	576	0.00749269
5844	1425.018	624	0.00811708
5845	1425.262	559	0.00727155
5846	1425.506	571	0.00742765
5847	1425.749	586	0.00762277
5848	1425.993	595	0.00773984
5849	1426.237	530	0.00689432
5850	1426.481	588	0.00764879
5851	1426.725	601	0.00781789
5852	1426.969	577	0.0075057
5853	1427.213	586	0.00762277
5854	1427.456	562	0.00731058
5855	1427.700	583	0.00758375
5856	1427.944	598	0.00777887
5857	1428.188	572	0.00744066
5858	1428.432	547	0.00711545
5859	1428.676	578	0.00751871
5860	1428.920	571	0.00742765
5861	1429.164	581	0.00755773
5862	1429.407	584	0.00759675
5863	1429.651	635	0.00826017
5864	1429.895	605	0.00786993
5865	1430.139	599	0.00779188
5866	1430.383	601	0.00781789
5867	1430.627	591	0.00768781
5868	1430.871	599	0.00779188
5869	1431.114	580	0.00754472
5870	1431.358	608	0.00790895
5871	1431.602	578	0.00751871
5872	1431.846	618	0.00803903
5873	1432.090	583	0.00758375
5874	1432.334	618	0.00803903
5875	1432.578	576	0.00749269
5876	1432.821	618	0.00803903
5877	1433.065	576	0.00749269
5878	1433.309	579	0.00753171
5879	1433.553	599	0.00779188
5880	1433.797	600	0.00780489
5881	1434.041	611	0.00794797
5882	1434.285	561	0.00729757
5883	1434.529	627	0.0081561
5884	1434.772	537	0.00698537
5885	1435.016	582	0.00757074
5886	1435.260	586	0.00762277
5887	1435.504	614	0.007987
5888	1435.748	593	0.00771383
5889	1435.992	595	0.00773984
5890	1436.236	593	0.00771383
5891	1436.479	611	0.00794797
5892	1436.723	591	0.00768781
5893	1436.967	599	0.00779188
5894	1437.211	635	0.00826017
5895	1437.455	573	0.00745367
5896	1437.699	584	0.00759675
5897	1437.943	625	0.00813009
5898	1438.186	575	0.00747968
5899	1438.430	592	0.00770082
5900	1438.674	619	0.00805204
5901	1438.918	621	0.00807806
5902	1439.162	553	0.0071935
5903	1439.406	625	0.00813009
5904	1439.650	567	0.00737562
5905	1439.894	582	0.00757074
5906	1440.137	606	0.00788293
5907	1440.381	591	0.00768781
5908	1440.625	605	0.00786993
5909	1440.869	593	0.00771383
5910	1441.113	571	0.00742765
5911	1441.357	580	0.00754472
5912	1441.601	657	0.00854635
5913	1441.844	572	0.00744066
5914	1442.088	654	0.00850732
5915	1442.332	597	0.00776586
5916	1442.576	617	0.00802602
5917	1442.820	573	0.00745367
5918	1443.064	572	0.00744066
5919	1443.308	606	0.00788293
5920	1443.552	604	0.00785692
5921	1443.795	600	0.00780489
5922	1444.039	587	0.00763578
5923	1444.283	571	0.00742765
5924	1444.527	568	0.00738862
5925	1444.771	599	0.00779188
5926	1445.015	575	0.00747968
5927	1445.259	589	0.0076618
5928	1445.502	599	0.00779188
5929	1445.746	594	0.00772684
5930	1445.990	647	0.00841627
5931	1446.234	654	0.00850732
5932	1446.478	616	0.00801302
5933	1446.722	647	0.00841627
5934	1446.966	576	0.00749269
5935	1447.209	593	0.00771383
5936	1447.453	565	0.0073496
5937	1447.697	583	0.00758375
5938	1447.941	600	0.00780489
5939	1448.185	602	0.0078309
5940	1448.429	610	0.00793497
5941	1448.673	613	0.00797399
5942	1448.917	584	0.00759675
5943	1449.160	633	0.00823415
5944	1449.404	649	0.00844228
5945	1449.648	594	0.00772684
5946	1449.892	596	0.00775285
5947	1450.136	593	0.00771383
5948	1450.380	611	0.00794797
5949	1450.624	580	0.00754472
5950	1450.867	527	0.00685529
5951	1451.111	597	0.00776586
5952	1451.355	593	0.00771383
5953	1451.599	630	0.00819513
5954	1451.843	586	0.00762277
5955	1452.087	575	0.00747968
5956	1452.331	633	0.00823415
5957	1452.575	612	0.00796098
5958	1452.818	618	0.00803903
5959	1453.062	562	0.00731058
5960	1453.306	632	0.00822115
5961	1453.550	658	0.00855936
5962	1453.794	637	0.00828619
5963	1454.038	611	0.00794797
5964	1454.282	625	0.00813009
5965	1454.525	628	0.00816911
5966	1454.769	537	0.00698537
5967	1455.013	622	0.00809106
5968	1455.257	641	0.00833822
5969	1455.501	606	0.00788293
5970	1455.745	649	0.00844228
5971	1455.989	598	0.00777887
5972	1456.232	639	0.0083122
5973	1456.476	658	0.00855936
5974	1456.720	604	0.00785692
5975	1456.964	626	0.0081431
5976	1457.208	590	0.0076748
5977	1457.452	611	0.00794797
5978	1457.696	645	0.00839025
5979	1457.940	593	0.00771383
5980	1458.183	682	0.00887155
5981	1458.427	633	0.00823415
5982	1458.671	629	0.00818212
5983	1458.915	584	0.00759675
5984	1459.159	631	0.00820814
5985	1459.403	642	0.00835123
5986	1459.647	608	0.00790895
5987	1459.890	630	0.00819513
5988	1460.134	623	0.00810407
5989	1460.378	634	0.00824716
5990	1460.622	669	0.00870245
5991	1460.866	672	0.00874147
5992	1461.110	643	0.00836424
5993	1461.354	644	0.00837724
5994	1461.597	634	0.00824716
5995	1461.841	674	0.00876749
5996	1462.085	614	0.007987
5997	1462.329	629	0.00818212
5998	1462.573	629	0.00818212
5999	1462.817	629	0.00818212
6000	1463.061	620	0.00806505
6001	1463.305	618	0.00803903
6002	1463.548	648	0.00842928
6003	1463.792	603	0.00784391
6004	1464.036	661	0.00859838
6005	1464.280	590	0.0076748
6006	1464.524	669	0.00870245
6007	1464.768	646	0.00840326
6008	1465.012	629	0.00818212
6009	1465.255	633	0.00823415
6010	1465.499	671	0.00872846
6011	1465.743	605	0.00786993
6012	1465.987	626	0.0081431
6013	1466.231	614	0.007987
6014	1466.475	663	0.0086244
6015	1466.719	672	0.00874147
6016	1466.963	698	0.00907968
6017	1467.206	610	0.00793497
6018	1467.450	655	0.00852033
6019	1467.694	609	0.00792196
6020	1467.938	628	0.00816911
6021	1468.182	620	0.00806505
6022	1468.426	650	0.00845529
6023	1468.670	629	0.00818212
6024	1468.913	652	0.00848131
6025	1469.157	662	0.00861139
6026	1469.401	648	0.00842928
6027	1469.645	625	0.00813009
6028	1469.889	651	0.0084683
6029	1470.133	633	0.00823415
6030	1470.377	621	0.00807806
6031	1470.620	658	0.00855936
6032	1470.864	655	0.00852033
6033	1471.108	638	0.00829919
6034	1471.352	572	0.00744066
6035	1471.596	671	0.00872846
6036	1471.840	636	0.00827318
6037	1472.084	617	0.00802602
6038	1472.328	660	0.00858537
6039	1472.571	616	0.00801302
6040	1472.815	628	0.00816911
6041	1473.059	647	0.00841627
6042	1473.303	627	0.0081561
6043	1473.547	624	0.00811708
6044	1473.791	656	0.00853334
6045	1474.035	643	0.00836424
6046	1474.278	607	0.00789594
6047	1474.522	652	0.00848131
6048	1474.766	647	0.00841627
6049	1475.010	612	0.00796098
6050	1475.254	633	0.00823415
6051	1475.498	659	0.00857237
6052	1475.742	656	0.00853334
6053	1475.985	668	0.00868944
6054	1476.229	623	0.00810407
6055	1476.473	634	0.00824716
6056	1476.717	673	0.00875448
6057	1476.961	668	0.00868944
6058	1477.205	692	0.00900163
6059	1477.449	666	0.00866342
6060	1477.693	671	0.00872846
6061	1477.936	587	0.00763578
6062	1478.180	705	0.00917074
6063	1478.424	652	0.00848131
6064	1478.668	703	0.00914472
6065	1478.912	666	0.00866342
6066	1479.156	653	0.00849432
6067	1479.400	625	0.00813009
6068	1479.643	638	0.00829919
6069	1479.887	697	0.00906667
6070	1480.131	647	0.00841627
6071	1480.375	659	0.00857237
6072	1480.619	667	0.00867643
6073	1480.863	674	0.00876749
6074	1481.107	622	0.00809106
6075	1481.351	656	0.00853334
6076	1481.594	661	0.00859838
6077	1481.838	620	0.00806505
6078	1482.082	646	0.00840326
6079	1482.326	631	0.00820814
6080	1482.570	626	0.0081431
6081	1482.814	730	0.00949594
6082	1483.058	680	0.00884554
6083	1483.301	682	0.00887155
6084	1483.545	667	0.00867643
6085	1483.789	686	0.00892359
6086	1484.033	697	0.00906667
6087	1484.277	630	0.00819513
6088	1484.521	663	0.0086244
6089	1484.765	630	0.00819513
6090	1485.008	706	0.00918375
6091	1485.252	636	0.00827318
6092	1485.496	741	0.00963903
6093	1485.740	662	0.00861139
6094	1485.984	681	0.00885854
6095	1486.228	641	0.00833822
6096	1486.472	667	0.00867643
6097	1486.716	649	0.00844228
6098	1486.959	642	0.00835123
6099	1487.203	648	0.00842928
6100	1487.447	658	0.00855936
6101	1487.691	656	0.00853334
6102	1487.935	717	0.00932684
6103	1488.179	701	0.00911871
6104	1488.423	673	0.00875448
6105	1488.666	667	0.00867643
6106	1488.910	667	0.00867643
6107	1489.154	727	0.00945692
6108	1489.398	670	0.00871546
6109	1489.642	643	0.00836424
6110	1489.886	656	0.00853334
6111	1490.130	639	0.0083122
6112	1490.373	655	0.00852033
6113	1490.617	708	0.00920976
6114	1490.861	671	0.00872846
6115	1491.105	651	0.0084683
6116	1491.349	728	0.00946993
6117	1491.593	678	0.00881952
6118	1491.837	707	0.00919676
6119	1492.081	683	0.00888456
6120	1492.324	681	0.00885854
6121	1492.568	674	0.00876749
6122	1492.812	709	0.00922277
6123	1493.056	726	0.00944391
6124	1493.300	686	0.00892359
6125	1493.544	692	0.00900163
6126	1493.788	699	0.00909269
6127	1494.031	662	0.00861139
6128	1494.275	678	0.00881952
6129	1494.519	725	0.0094309
6130	1494.763	694	0.00902765
6131	1495.007	687	0.00893659
6132	1495.251	642	0.00835123
6133	1495.495	760	0.00988619
6134	1495.739	713	0.00927481
6135	1495.982	659	0.00857237
6136	1496.226	694	0.00902765
6137	1496.470	680	0.00884554
6138	1496.714	703	0.00914472
6139	1496.958	661	0.00859838
6140	1497.202	725	0.0094309
6141	1497.446	676	0.0087935
6142	1497.689	669	0.00870245
6143	1497.933	692	0.00900163
6144	1498.177	719	0.00935285
6145	1498.421	740	0.00962603
6146	1498.665	708	0.00920976
6147	1498.909	704	0.00915773
6148	1499.153	689	0.00896261
6149	1499.396	763	0.00992521
6150	1499.640	694	0.00902765
6151	1499.884	686	0.00892359
6152	1500.128	719	0.00935285
6153	1500.372	746	0.00970407
6154	1500.616	709	0.00922277
6155	1500.860	665	0.00865041
6156	1501.104	718	0.00933985
6157	1501.347	701	0.00911871
6158	1501.591	674	0.00876749
6159	1501.835	695	0.00904066
6160	1502.079	693	0.00901464
6161	1502.323	696	0.00905367
6162	1502.567	759	0.00987318
6163	1502.811	718	0.00933985
6164	1503.054	751	0.00976911
6165	1503.298	714	0.00928781
6166	1503.542	708	0.00920976
6167	1503.786	749	0.0097431
6168	1504.030	726	0.00944391
6169	1504.274	729	0.00948294
6170	1504.518	707	0.00919676
6171	1504.762	700	0.0091057
6172	1505.005	766	0.00996424
6173	1505.249	756	0.00983416
6174	1505.493	695	0.00904066
6175	1505.737	712	0.0092618
6176	1505.981	752	0.00978212
6177	1506.225	717	0.00932684
6178	1506.469	718	0.00933985
6179	1506.712	770	0.0100163
6180	1506.956	751	0.00976911
6181	1507.200	699	0.00909269
6182	1507.444	721	0.00937887
6183	1507.688	721	0.00937887
6184	1507.932	737	0.009587
6185	1508.176	753	0.00979513
6186	1508.419	705	0.00917074
6187	1508.663	738	0.00960001
6188	1508.907	733	0.00953497
6189	1509.151	741	0.00963903
6190	1509.395	705	0.00917074
6191	1509.639	752	0.00978212
6192	1509.883	717	0.00932684
6193	1510.127	744	0.00967806
6194	1510.370	703	0.00914472
6195	1510.614	746	0.00970407
6196	1510.858	745	0.00969107
6197	1511.102	706	0.00918375
6198	1511.346	731	0.00950895
6199	1511.590	700	0.0091057
6200	1511.834	756	0.00983416
6201	1512.077	771	0.0100293
6202	1512.321	679	0.00883253
6203	1512.565	722	0.00939188
6204	1512.809	744	0.00967806
6205	1513.053	741	0.00963903
6206	1513.297	744	0.00967806
6207	1513.541	738	0.00960001
6208	1513.784	787	0.0102374
6209	1514.028	767	0.00997724
6210	1514.272	762	0.0099122
6211	1514.516	734	0.00954798
6212	1514.760	726	0.00944391
6213	1515.004	742	0.00965204
6214	1515.248	739	0.00961302
6215	1515.492	787	0.0102374
6216	1515.735	792	0.0103024
6217	1515.979	703	0.00914472
6218	1516.223	697	0.00906667
6219	1516.467	716	0.00931383
6220	1516.711	768	0.00999025
6221	1516.955	787	0.0102374
6222	1517.199	779	0.0101333
6223	1517.442	729	0.00948294
6224	1517.686	714	0.00928781
6225	1517.930	757	0.00984716
6226	1518.174	741	0.00963903
6227	1518.418	747	0.00971708
6228	1518.662	731	0.00950895
6229	1518.906	758	0.00986017
6230	1519.150	781	0.0101594
6231	1519.393	749	0.0097431
6232	1519.637	794	0.0103285
6233	1519.881	788	0.0102504
6234	1520.125	709	0.00922277
6235	1520.369	752	0.00978212
6236	1520.613	807	0.0104976
6237	1520.857	738	0.00960001
6238	1521.100	765	0.00995123
6239	1521.344	759	0.00987318
6240	1521.588	740	0.00962603
6241	1521.832	778	0.0101203
6242	1522.076	771	0.0100293
6243	1522.320	725	0.0094309
6244	1522.564	770	0.0100163
6245	1522.807	808	0.0105106
6246	1523.051	746	0.00970407
6247	1523.295	784	0.0101984
6248	1523.539	793	0.0103155
6249	1523.783	761	0.0098992
6250	1524.027	776	0.0100943
6251	1524.271	735	0.00956098
6252	1524.515	769	0.0100033
6253	1524.758	763	0.00992521
6254	1525.002	731	0.00950895
6255	1525.246	800	0.0104065
6256	1525.490	788	0.0102504
6257	1525.734	831	0.0108098
6258	1525.978	803	0.0104455
6259	1526.222	776	0.0100943
6260	1526.465	740	0.00962603
6261	1526.709	750	0.00975611
6262	1526.953	707	0.00919676
6263	1527.197	743	0.00966505
6264	1527.441	794	0.0103285
6265	1527.685	788	0.0102504
6266	1527.929	747	0.00971708
6267	1528.172	780	0.0101464
6268	1528.416	788	0.0102504
6269	1528.660	738	0.00960001
6270	1528.904	767	0.00997724
6271	1529.148	793	0.0103155
6272	1529.392	788	0.0102504
6273	1529.636	816	0.0106146
6274	1529.880	758	0.00986017
6275	1530.123	804	0.0104585
6276	1530.367	773	0.0100553
6277	1530.611	769	0.0100033
6278	1530.855	763	0.00992521
6279	1531.099	805	0.0104716
6280	1531.343	769	0.0100033
6281	1531.587	805	0.0104716
6282	1531.830	768	0.00999025
6283	1532.074	768	0.00999025
6284	1532.318	746	0.00970407
6285	1532.562	881	0.0114602
6286	1532.806	816	0.0106146
6287	1533.050	855	0.011122
6288	1533.294	822	0.0106927
6289	1533.538	809	0.0105236
6290	1533.781	780	0.0101464
6291	1534.025	828	0.0107707
6292	1534.269	842	0.0109529
6293	1534.513	800	0.0104065
6294	1534.757	847	0.0110179
6295	1535.001	818	0.0106407
6296	1535.245	742	0.00965204
6297	1535.488	835	0.0108618
6298	1535.732	827	0.0107577
6299	1535.976	792	0.0103024
6300	1536.220	837	0.0108878
6301	1536.464	798	0.0103805
6302	1536.708	783	0.0101854
6303	1536.952	812	0.0105626
6304	1537.195	877	0.0114081
6305	1537.439	726	0.00944391
6306	1537.683	757	0.00984716
6307	1537.927	791	0.0102894
6308	1538.171	871	0.0113301
6309	1538.415	832	0.0108228
6310	1538.659	792	0.0103024
6311	1538.903	820	0.0106667
6312	1539.146	847	0.0110179
6313	1539.390	892	0.0116033
6314	1539.634	849	0.0110439
6315	1539.878	829	0.0107837
6316	1540.122	832	0.0108228
6317	1540.366	836	0.0108748
6318	1540.610	845	0.0109919
6319	1540.853	806	0.0104846
6320	1541.097	805	0.0104716
6321	1541.341	849	0.0110439
6322	1541.585	828	0.0107707
6323	1541.829	805	0.0104716
6324	1542.073	890	0.0115772
6325	1542.317	815	0.0106016
6326	1542.560	837	0.0108878
6327	1542.804	832	0.0108228
6328	1543.048	785	0.0102114
6329	1543.292	872	0.0113431
6330	1543.536	852	0.0110829
6331	1543.780	835	0.0108618
6332	1544.024	883	0.0114862
6333	1544.268	819	0.0106537
6334	1544.511	847	0.0110179
6335	1544.755	854	0.011109
6336	1544.999	853	0.0110959
6337	1545.243	850	0.0110569
6338	1545.487	869	0.0113041
6339	1545.731	833	0.0108358
6340	1545.975	853	0.0110959
6341	1546.218	854	0.011109
6342	1546.462	880	0.0114472
6343	1546.706	869	0.0113041
6344	1546.950	847	0.0110179
6345	1547.194	880	0.0114472
6346	1547.438	876	0.0113951
6347	1547.682	865	0.011252
6348	1547.926	938	0.0122016
6349	1548.169	833	0.0108358
6350	1548.413	835	0.0108618
6351	1548.657	911	0.0118504
6352	1548.901	833	0.0108358
6353	1549.145	893	0.0116163
6354	1549.389	859	0.011174
6355	1549.633	896	0.0116553
6356	1549.876	870	0.0113171
6357	1550.120	875	0.0113821
6358	1550.364	851	0.0110699
6359	1550.608	840	0.0109268
6360	1550.852	856	0.011135
6361	1551.096	867	0.0112781
6362	1551.340	934	0.0121496
6363	1551.583	891	0.0115903
6364	1551.827	882	0.0114732
6365	1552.071	823	0.0107057
6366	1552.315	845	0.0109919
6367	1552.559	916	0.0119155
6368	1552.803	863	0.011226
6369	1553.047	877	0.0114081
6370	1553.291	872	0.0113431
6371	1553.534	844	0.0109789
6372	1553.778	877	0.0114081
6373	1554.022	867	0.0112781
6374	1554.266	934	0.0121496
6375	1554.510	905	0.0117724
6376	1554.754	882	0.0114732
6377	1554.998	801	0.0104195
6378	1555.241	842	0.0109529
6379	1555.485	913	0.0118764
6380	1555.729	874	0.0113691
6381	1555.973	877	0.0114081
6382	1556.217	908	0.0118114
6383	1556.461	913	0.0118764
6384	1556.705	873	0.0113561
6385	1556.949	885	0.0115122
6386	1557.192	834	0.0108488
6387	1557.436	897	0.0116683
6388	1557.680	890	0.0115772
6389	1557.924	897	0.0116683
6390	1558.168	951	0.0123707
6391	1558.412	914	0.0118894
6392	1558.656	905	0.0117724
6393	1558.899	907	0.0117984
6394	1559.143	968	0.0125919
6395	1559.387	863	0.011226
6396	1559.631	852	0.0110829
6397	1559.875	893	0.0116163
6398	1560.119	942	0.0122537
6399	1560.363	918	0.0119415
6400	1560.606	914	0.0118894
6401	1560.850	901	0.0117203
6402	1561.094	890	0.0115772
6403	1561.338	907	0.0117984
6404	1561.582	974	0.0126699
6405	1561.826	879	0.0114342
6406	1562.070	935	0.0121626
6407	1562.314	930	0.0120976
6408	1562.557	942	0.0122537
6409	1562.801	844	0.0109789
6410	1563.045	903	0.0117464
6411	1563.289	922	0.0119935
6412	1563.533	943	0.0122667
6413	1563.777	884	0.0114992
6414	1564.021	852	0.0110829
6415	1564.264	914	0.0118894
6416	1564.508	935	0.0121626
6417	1564.752	860	0.011187
6418	1564.996	933	0.0121366
6419	1565.240	916	0.0119155
6420	1565.484	925	0.0120325
6421	1565.728	947	0.0123187
6422	1565.971	879	0.0114342
6423	1566.215	916	0.0119155
6424	1566.459	904	0.0117594
6425	1566.703	933	0.0121366
6426	1566.947	934	0.0121496
6427	1567.191	916	0.0119155
6428	1567.435	900	0.0117073
6429	1567.679	900	0.0117073
6430	1567.922	908	0.0118114
6431	1568.166	970	0.0126179
6432	1568.410	899	0.0116943
6433	1568.654	923	0.0120065
6434	1568.898	974	0.0126699
6435	1569.142	990	0.0128781
6436	1569.386	898	0.0116813
6437	1569.629	933	0.0121366
6438	1569.873	865	0.011252
6439	1570.117	938	0.0122016
6440	1570.361	985	0.012813
6441	1570.605	934	0.0121496
6442	1570.849	970	0.0126179
6443	1571.093	947	0.0123187
6444	1571.337	941	0.0122407
6445	1571.580	888	0.0115512
6446	1571.824	968	0.0125919
6447	1572.068	975	0.0126829
6448	1572.312	896	0.0116553
6449	1572.556	956	0.0124358
6450	1572.800	940	0.0122277
6451	1573.044	978	0.012722
6452	1573.287	935	0.0121626
6453	1573.531	924	0.0120195
6454	1573.775	950	0.0123577
6455	1574.019	903	0.0117464
6456	1574.263	922	0.0119935
6457	1574.507	951	0.0123707
6458	1574.751	974	0.0126699
6459	1574.994	965	0.0125529
6460	1575.238	937	0.0121886
6461	1575.482	923	0.0120065
6462	1575.726	965	0.0125529
6463	1575.970	976	0.0126959
6464	1576.214	958	0.0124618
6465	1576.458	937	0.0121886
6466	1576.702	950	0.0123577
6467	1576.945	960	0.0124878
6468	1577.189	983	0.012787
6469	1577.433	941	0.0122407
6470	1577.677	1029	0.0133854
6471	1577.921	972	0.0126439
6472	1578.165	965	0.0125529
6473	1578.409	953	0.0123968
6474	1578.652	954	0.0124098
6475	1578.896	958	0.0124618
6476	1579.140	975	0.0126829
6477	1579.384	1010	0.0131382
6478	1579.628	965	0.0125529
6479	1579.872	980	0.012748
6480	1580.116	933	0.0121366
6481	1580.359	946	0.0123057
6482	1580.603	930	0.0120976
6483	1580.847	1003	0.0130472
6484	1581.091	935	0.0121626
6485	1581.335	1005	0.0130732
6486	1581.579	973	0.0126569
6487	1581.823	972	0.0126439
6488	1582.067	958	0.0124618
6489	1582.310	1033	0.0134374
6490	1582.554	993	0.0129171
6491	1582.798	986	0.012826
6492	1583.042	970	0.0126179
6493	1583.286	952	0.0123838
6494	1583.530	1006	0.0130862
6495	1583.774	1025	0.0133333
6496	1584.017	1013	0.0131772
6497	1584.261	988	0.012852
6498	1584.505	990	0.0128781
6499	1584.749	1019	0.0132553
6500	1584.993	951	0.0123707
6501	1585.237	990	0.0128781
6502	1585.481	1027	0.0133594
6503	1585.725	1066	0.0138667
6504	1585.968	984	0.0128
6505	1586.212	980	0.012748
6506	1586.456	1037	0.0134894
6507	1586.700	1035	0.0134634
6508	1586.944	1000	0.0130081
6509	1587.188	949	0.0123447
6510	1587.432	991	0.0128911
6511	1587.675	968	0.0125919
6512	1587.919	1001	0.0130212
6513	1588.163	976	0.0126959
6514	1588.407	1014	0.0131903
6515	1588.651	1013	0.0131772
6516	1588.895	962	0.0125138
6517	1589.139	1043	0.0135675
6518	1589.382	988	0.012852
6519	1589.626	986	0.012826
6520	1589.870	1025	0.0133333
6521	1590.114	968	0.0125919
6522	1590.358	1027	0.0133594
6523	1590.602	1045	0.0135935
6524	1590.846	1076	0.0139968
6525	1591.090	1032	0.0134244
6526	1591.333	1040	0.0135285
6527	1591.577	1046	0.0136065
6528	1591.821	1009	0.0131252
6529	1592.065	1052	0.0136846
6530	1592.309	1027	0.0133594
6531	1592.553	1000	0.0130081
6532	1592.797	1013	0.0131772
6533	1593.040	1010	0.0131382
6534	1593.284	998	0.0129821
6535	1593.528	1007	0.0130992
6536	1593.772	984	0.0128
6537	1594.016	1053	0.0136976
6538	1594.260	983	0.012787
6539	1594.504	1012	0.0131642
6540	1594.748	1057	0.0137496
6541	1594.991	1027	0.0133594
6542	1595.235	1070	0.0139187
6543	1595.479	1026	0.0133464
6544	1595.723	1039	0.0135155
6545	1595.967	1037	0.0134894
6546	1596.211	1050	0.0136585
6547	1596.455	1001	0.0130212
6548	1596.698	1031	0.0134114
6549	1596.942	1048	0.0136325
6550	1597.186	1019	0.0132553
6551	1597.430	1028	0.0133724
6552	1597.674	991	0.0128911
6553	1597.918	1038	0.0135025
6554	1598.162	1032	0.0134244
6555	1598.405	1086	0.0141268
6556	1598.649	1042	0.0135545
6557	1598.893	990	0.0128781
6558	1599.137	1019	0.0132553
6559	1599.381	952	0.0123838
6560	1599.625	1020	0.0132683
6561	1599.869	1010	0.0131382
6562	1600.113	998	0.0129821
6563	1600.356	1019	0.0132553
6564	1600.600	991	0.0128911
6565	1600.844	1005	0.0130732
6566	1601.088	1090	0.0141789
6567	1601.332	967	0.0125789
6568	1601.576	1040	0.0135285
6569	1601.820	988	0.012852
6570	1602.063	1062	0.0138146
6571	1602.307	1027	0.0133594
6572	1602.551	1044	0.0135805
6573	1602.795	1027	0.0133594
6574	1603.039	1069	0.0139057
6575	1603.283	1071	0.0139317
6576	1603.527	988	0.012852
6577	1603.770	1043	0.0135675
6578	1604.014	1026	0.0133464
6579	1604.258	1073	0.0139577
6580	1604.502	1003	0.0130472
6581	1604.746	1043	0.0135675
6582	1604.990	1000	0.0130081
6583	1605.234	1019	0.0132553
6584	1605.478	969	0.0126049
6585	1605.721	1021	0.0132813
6586	1605.965	979	0.012735
6587	1606.209	1009	0.0131252
6588	1606.453	1010	0.0131382
6589	1606.697	951	0.0123707
6590	1606.941	1042	0.0135545
6591	1607.185	996	0.0129561
6592	1607.428	992	0.0129041
6593	1607.672	995	0.0129431
6594	1607.916	1056	0.0137366
6595	1608.160	984	0.0128
6596	1608.404	1014	0.0131903
6597	1608.648	954	0.0124098
6598	1608.892	978	0.012722
6599	1609.136	943	0.0122667
6600	1609.379	961	0.0125008
6601	1609.623	962	0.0125138
6602	1609.867	980	0.012748
6603	1610.111	945	0.0122927
6604	1610.355	901	0.0117203
6605	1610.599	895	0.0116423
6606	1610.843	911	0.0118504
6607	1611.086	927	0.0120585
6608	1611.330	885	0.0115122
6609	1611.574	835	0.0108618
6610	1611.818	973	0.0126569
6611	1612.062	901	0.0117203
6612	1612.306	853	0.0110959
6613	1612.550	842	0.0109529
6614	1612.793	838	0.0109008
6615	1613.037	820	0.0106667
6616	1613.281	757	0.00984716
6617	1613.525	817	0.0106277
6618	1613.769	824	0.0107187
6619	1614.013	834	0.0108488
6620	1614.257	791	0.0102894
6621	1614.501	779	0.0101333
6622	1614.744	746	0.00970407
6623	1614.988	790	0.0102764
6624	1615.232	711	0.00924879
6625	1615.476	692	0.00900163
6626	1615.720	672	0.00874147
6627	1615.964	741	0.00963903
6628	1616.208	708	0.00920976
6629	1616.451	657	0.00854635
6630	1616.695	682	0.00887155
6631	1616.939	688	0.0089496
6632	1617.183	638	0.00829919
6633	1617.427	655	0.00852033
6634	1617.671	688	0.0089496
6635	1617.915	689	0.00896261
6636	1618.158	687	0.00893659
6637	1618.402	643	0.00836424
6638	1618.646	666	0.00866342
6639	1618.890	648	0.00842928
6640	1619.134	646	0.00840326
6641	1619.378	658	0.00855936
6642	1619.622	647	0.00841627
6643	1619.866	611	0.00794797
6644	1620.109	654	0.00850732
6645	1620.353	643	0.00836424
6646	1620.597	662	0.00861139
6647	1620.841	667	0.00867643
6648	1621.085	620	0.00806505
6649	1621.329	670	0.00871546
6650	1621.573	661	0.00859838
6651	1621.816	665	0.00865041
6652	1622.060	629	0.00818212
6653	1622.304	655	0.00852033
6654	1622.548	612	0.00796098
6655	1622.792	626	0.0081431
6656	1623.036	613	0.00797399
6657	1623.280	648	0.00842928
6658	1623.524	619	0.00805204
6659	1623.767	625	0.00813009
6660	1624.011	611	0.00794797
6661	1624.255	628	0.00816911
6662	1624.499	554	0.00720651
6663	1624.743	649	0.00844228
6664	1624.987	611	0.00794797
6665	1625.231	583	0.00758375
6666	1625.474	605	0.00786993
6667	1625.718	635	0.00826017
6668	1625.962	576	0.00749269
6669	1626.206	599	0.00779188
6670	1626.450	585	0.00760976
6671	1626.694	646	0.00840326
6672	1626.938	552	0.00718049
6673	1627.181	598	0.00777887
6674	1627.425	571	0.00742765
6675	1627.669	592	0.00770082
6676	1627.913	645	0.00839025
6677	1628.157	582	0.00757074
6678	1628.401	576	0.00749269
6679	1628.645	591	0.00768781
6680	1628.889	588	0.00764879
6681	1629.132	591	0.00768781
6682	1629.376	603	0.00784391
6683	1629.620	587	0.00763578
6684	1629.864	534	0.00694635
6685	1630.108	570	0.00741464
6686	1630.352	626	0.0081431
6687	1630.596	560	0.00728456
6688	1630.839	557	0.00724554
6689	1631.083	575	0.00747968
6690	1631.327	627	0.0081561
6691	1631.571	573	0.00745367
6692	1631.815	565	0.0073496
6693	1632.059	563	0.00732358
6694	1632.303	566	0.00736261
6695	1632.546	582	0.00757074
6696	1632.790	555	0.00721952
6697	1633.034	536	0.00697236
6698	1633.278	596	0.00775285
6699	1633.522	618	0.00803903
6700	1633.766	568	0.00738862
6701	1634.010	533	0.00693334
6702	1634.254	572	0.00744066
6703	1634.497	546	0.00710245
6704	1634.741	558	0.00725854
6705	1634.985	580	0.00754472
6706	1635.229	576	0.00749269
6707	1635.473	542	0.00705041
6708	1635.717	593	0.00771383
6709	1635.961	571	0.00742765
6710	1636.204	533	0.00693334
6711	1636.448	523	0.00680326
6712	1636.692	565	0.0073496
6713	1636.936	531	0.00690732
6714	1637.180	556	0.00723253
6715	1637.424	509	0.00662114
6716	1637.668	572	0.00744066
6717	1637.912	576	0.00749269
6718	1638.155	577	0.0075057
6719	1638.399	512	0.00666017
6720	1638.643	513	0.00667318
6721	1638.887	541	0.0070374
6722	1639.131	558	0.00725854
6723	1639.375	539	0.00701139
6724	1639.619	516	0.0067122
6725	1639.862	523	0.00680326
6726	1640.106	575	0.00747968
6727	1640.350	557	0.00724554
6728	1640.594	545	0.00708944
6729	1640.838	530	0.00689432
6730	1641.082	558	0.00725854
6731	1641.326	541	0.0070374
6732	1641.569	502	0.00653009
6733	1641.813	499	0.00649106
6734	1642.057	519	0.00675123
6735	1642.301	529	0.00688131
6736	1642.545	531	0.00690732
6737	1642.789	532	0.00692033
6738	1643.033	517	0.00672521
6739	1643.277	524	0.00681627
6740	1643.520	558	0.00725854
6741	1643.764	539	0.00701139
6742	1644.008	544	0.00707643
6743	1644.252	519	0.00675123
6744	1644.496	516	0.0067122
6745	1644.740	530	0.00689432
6746	1644.984	533	0.00693334
6747	1645.227	558	0.00725854
6748	1645.471	484	0.00629594
6749	1645.715	563	0.00732358
6750	1645.959	515	0.00669919
6751	1646.203	524	0.00681627
6752	1646.447	514	0.00668618
6753	1646.691	535	0.00695936
6754	1646.935	519	0.00675123
6755	1647.178	539	0.00701139
6756	1647.422	521	0.00677724
6757	1647.666	467	0.0060748
6758	1647.910	500	0.00650407
6759	1648.154	530	0.00689432
6760	1648.398	501	0.00651708
6761	1648.642	550	0.00715448
6762	1648.885	507	0.00659513
6763	1649.129	500	0.00650407
6764	1649.373	447	0.00581464
6765	1649.617	509	0.00662114
6766	1649.861	500	0.00650407
6767	1650.105	490	0.00637399
6768	1650.349	512	0.00666017
6769	1650.592	533	0.00693334
6770	1650.836	537	0.00698537
6771	1651.080	507	0.00659513
6772	1651.324	526	0.00684228
6773	1651.568	488	0.00634797
6774	1651.812	537	0.00698537
6775	1652.056	498	0.00647805
6776	1652.300	502	0.00653009
6777	1652.543	463	0.00602277
6778	1652.787	454	0.0059057
6779	1653.031	496	0.00645204
6780	1653.275	506	0.00658212
6781	1653.519	465	0.00604879
6782	1653.763	514	0.00668618
6783	1654.007	497	0.00646505
6784	1654.250	534	0.00694635
6785	1654.494	475	0.00617887
6786	1654.738	495	0.00643903
6787	1654.982	483	0.00628293
6788	1655.226	455	0.0059187
6789	1655.470	486	0.00632196
6790	1655.714	466	0.00606179
6791	1655.957	543	0.00706342
6792	1656.201	521	0.00677724
6793	1656.445	439	0.00571057
6794	1656.689	459	0.00597074
6795	1656.933	513	0.00667318
6796	1657.177	467	0.0060748
6797	1657.421	502	0.00653009
6798	1657.665	487	0.00633497
6799	1657.908	470	0.00611383
6800	1658.152	428	0.00556748
6801	1658.396	425	0.00552846
6802	1658.640	496	0.00645204
6803	1658.884	482	0.00626992
6804	1659.128	459	0.00597074
6805	1659.372	468	0.00608781
6806	1659.615	479	0.0062309
6807	1659.859	517	0.00672521
6808	1660.103	473	0.00615285
6809	1660.347	494	0.00642602
6810	1660.591	458	0.00595773
6811	1660.835	446	0.00580163
6812	1661.079	478	0.00621789
6813	1661.323	457	0.00594472
6814	1661.566	454	0.0059057
6815	1661.810	467	0.0060748
6816	1662.054	471	0.00612683
6817	1662.298	443	0.00576261
6818	1662.542	486	0.00632196
6819	1662.786	502	0.00653009
6820	1663.030	479	0.0062309
6821	1663.273	448	0.00582765
6822	1663.517	474	0.00616586
6823	1663.761	470	0.00611383
6824	1664.005	470	0.00611383
6825	1664.249	451	0.00586667
6826	1664.493	434	0.00564553
6827	1664.737	439	0.00571057
6828	1664.980	458	0.00595773
6829	1665.224	464	0.00603578
6830	1665.468	447	0.00581464
6831	1665.712	464	0.00603578
6832	1665.956	452	0.00587968
6833	1666.200	470	0.00611383
6834	1666.444	495	0.00643903
6835	1666.688	446	0.00580163
6836	1666.931	422	0.00548944
6837	1667.175	450	0.00585366
6838	1667.419	448	0.00582765
6839	1667.663	442	0.0057496
6840	1667.907	428	0.00556748
6841	1668.151	441	0.00573659
6842	1668.395	441	0.00573659
6843	1668.638	420	0.00546342
6844	1668.882	419	0.00545041
6845	1669.126	434	0.00564553
6846	1669.370	436	0.00567155
6847	1669.614	424	0.00551545
6848	1669.858	428	0.00556748
6849	1670.102	433	0.00563253
6850	1670.345	445	0.00578862
6851	1670.589	406	0.00528131
6852	1670.833	431	0.00560651
6853	1671.077	441	0.00573659
6854	1671.321	402	0.00522927
6855	1671.565	445	0.00578862
6856	1671.809	417	0.0054244
6857	1672.053	453	0.00589269
6858	1672.296	412	0.00535935
6859	1672.540	446	0.00580163
6860	1672.784	445	0.00578862
6861	1673.028	395	0.00513822
6862	1673.272	421	0.00547643
6863	1673.516	426	0.00554147
6864	1673.760	432	0.00561952
6865	1674.003	420	0.00546342
6866	1674.247	418	0.0054374
6867	1674.491	402	0.00522927
6868	1674.735	427	0.00555448
6869	1674.979	420	0.00546342
6870	1675.223	431	0.00560651
6871	1675.467	431	0.00560651
6872	1675.711	398	0.00517724
6873	1675.954	406	0.00528131
6874	1676.198	427	0.00555448
6875	1676.442	450	0.00585366
6876	1676.686	369	0.0048
6877	1676.930	409	0.00532033
6878	1677.174	416	0.00541139
6879	1677.418	412	0.00535935
6880	1677.661	381	0.0049561
6881	1677.905	408	0.00530732
6882	1678.149	382	0.00496911
6883	1678.393	393	0.0051122
6884	1678.637	411	0.00534635
6885	1678.881	363	0.00472196
6886	1679.125	381	0.0049561
6887	1679.368	366	0.00476098
6888	1679.612	392	0.00509919
6889	1679.856	383	0.00498212
6890	1680.100	419	0.00545041
6891	1680.344	400	0.00520326
6892	1680.588	359	0.00466992
6893	1680.832	393	0.0051122
6894	1681.076	379	0.00493009
6895	1681.319	391	0.00508618
6896	1681.563	415	0.00539838
6897	1681.807	387	0.00503415
6898	1682.051	378	0.00491708
6899	1682.295	378	0.00491708
6900	1682.539	404	0.00525529
6901	1682.783	386	0.00502114
6902	1683.026	406	0.00528131
6903	1683.270	364	0.00473496
6904	1683.514	388	0.00504716
6905	1683.758	390	0.00507318
6906	1684.002	370	0.00481301
6907	1684.246	358	0.00465691
6908	1684.490	377	0.00490407
6909	1684.733	395	0.00513822
6910	1684.977	365	0.00474797
6911	1685.221	341	0.00443578
6912	1685.465	369	0.0048
6913	1685.709	363	0.00472196
6914	1685.953	377	0.00490407
6915	1686.197	380	0.00494309
6916	1686.441	347	0.00451383
6917	1686.684	342	0.00444878
6918	1686.928	367	0.00477399
6919	1687.172	342	0.00444878
6920	1687.416	319	0.0041496
6921	1687.660	320	0.00416261
6922	1687.904	357	0.00464391
6923	1688.148	380	0.00494309
6924	1688.391	351	0.00456586
6925	1688.635	352	0.00457887
6926	1688.879	349	0.00453984
6927	1689.123	337	0.00438374
6928	1689.367	351	0.00456586
6929	1689.611	354	0.00460488
6930	1689.855	344	0.0044748
6931	1690.099	347	0.00451383
6932	1690.342	352	0.00457887
6933	1690.586	342	0.00444878
6934	1690.830	308	0.00400651
6935	1691.074	324	0.00421464
6936	1691.318	332	0.0043187
6937	1691.562	357	0.00464391
6938	1691.806	318	0.00413659
6939	1692.049	324	0.00421464
6940	1692.293	312	0.00405854
6941	1692.537	367	0.00477399
6942	1692.781	333	0.00433171
6943	1693.025	334	0.00434472
6944	1693.269	314	0.00408456
6945	1693.513	290	0.00377236
6946	1693.756	354	0.00460488
6947	1694.000	367	0.00477399
6948	1694.244	325	0.00422765
6949	1694.488	308	0.00400651
6950	1694.732	316	0.00411057
6951	1694.976	334	0.00434472
6952	1695.220	323	0.00420163
6953	1695.464	299	0.00388943
6954	1695.707	304	0.00395448
6955	1695.951	308	0.00400651
6956	1696.195	302	0.00392846
6957	1696.439	330	0.00429269
6958	1696.683	298	0.00387643
6959	1696.927	330	0.00429269
6960	1697.171	340	0.00442277
6961	1697.414	296	0.00385041
6962	1697.658	278	0.00361626
6963	1697.902	301	0.00391545
6964	1698.146	287	0.00373334
6965	1698.390	285	0.00370732
6966	1698.634	305	0.00396748
6967	1698.878	300	0.00390244
6968	1699.122	311	0.00404553
6969	1699.365	270	0.0035122
6970	1699.609	286	0.00372033
6971	1699.853	314	0.00408456
6972	1700.097	306	0.00398049
6973	1700.341	321	0.00417561
6974	1700.585	285	0.00370732
6975	1700.829	309	0.00401952
6976	1701.072	273	0.00355122
6977	1701.316	286	0.00372033
6978	1701.560	278	0.00361626
6979	1701.804	287	0.00373334
6980	1702.048	291	0.00378537
6981	1702.292	259	0.00336911
6982	1702.536	301	0.00391545
6983	1702.779	253	0.00329106
6984	1703.023	259	0.00336911
6985	1703.267	283	0.0036813
6986	1703.511	231	0.00300488
6987	1703.755	269	0.00349919
6988	1703.999	285	0.00370732
6989	1704.243	270	0.0035122
6990	1704.487	271	0.00352521
6991	1704.730	253	0.00329106
6992	1704.974	249	0.00323903
6993	1705.218	260	0.00338212
6994	1705.462	255	0.00331708
6995	1705.706	255	0.00331708
6996	1705.950	258	0.0033561
6997	1706.194	253	0.00329106
6998	1706.437	275	0.00357724
6999	1706.681	257	0.00334309
7000	1706.925	248	0.00322602
7001	1707.169	242	0.00314797
7002	1707.413	241	0.00313496
7003	1707.657	238	0.00309594
7004	1707.901	243	0.00316098
7005	1708.144	270	0.0035122
7006	1708.388	251	0.00326504
7007	1708.632	251	0.00326504
7008	1708.876	231	0.00300488
7009	1709.120	248	0.00322602
7010	1709.364	236	0.00306992
7011	1709.608	244	0.00317399
7012	1709.852	207	0.00269269
7013	1710.095	231	0.00300488
7014	1710.339	211	0.00274472
7015	1710.583	216	0.00280976
7016	1710.827	236	0.00306992
7017	1711.071	242	0.00314797
7018	1711.315	239	0.00310895
7019	1711.559	241	0.00313496
7020	1711.802	211	0.00274472
7021	1712.046	237	0.00308293
7022	1712.290	221	0.0028748
7023	1712.534	228	0.00296586
7024	1712.778	240	0.00312195
7025	1713.022	225	0.00292683
7026	1713.266	232	0.00301789
7027	1713.510	218	0.00283577
7028	1713.753	231	0.00300488
7029	1713.997	215	0.00279675
7030	1714.241	228	0.00296586
7031	1714.485	225	0.00292683
7032	1714.729	230	0.00299187
7033	1714.973	197	0.0025626
7034	1715.217	203	0.00264065
7035	1715.460	173	0.00225041
7036	1715.704	220	0.00286179
7037	1715.948	207	0.00269269
7038	1716.192	207	0.00269269
7039	1716.436	177	0.00230244
7040	1716.680	204	0.00265366
7041	1716.924	190	0.00247155
7042	1717.167	214	0.00278374
7043	1717.411	185	0.00240651
7044	1717.655	200	0.00260163
7045	1717.899	185	0.00240651
7046	1718.143	209	0.0027187
7047	1718.387	173	0.00225041
7048	1718.631	175	0.00227642
7049	1718.875	176	0.00228943
7050	1719.118	178	0.00231545
7051	1719.362	182	0.00236748
7052	1719.606	178	0.00231545
7053	1719.850	170	0.00221138
7054	1720.094	152	0.00197724
7055	1720.338	176	0.00228943
7056	1720.582	171	0.00222439
7057	1720.825	166	0.00215935
7058	1721.069	170	0.00221138
7059	1721.313	148	0.00192521
7060	1721.557	184	0.0023935
7061	1721.801	150	0.00195122
7062	1722.045	174	0.00226342
7063	1722.289	154	0.00200325
7064	1722.532	196	0.0025496
7065	1722.776	179	0.00232846
7066	1723.020	153	0.00199025
7067	1723.264	154	0.00200325
7068	1723.508	179	0.00232846
7069	1723.752	162	0.00210732
7070	1723.996	164	0.00213334
7071	1724.240	154	0.00200325
7072	1724.483	157	0.00204228
7073	1724.727	168	0.00218537
7074	1724.971	159	0.00206829
7075	1725.215	144	0.00187317
7076	1725.459	126	0.00163903
7077	1725.703	172	0.0022374
7078	1725.947	147	0.0019122
7079	1726.190	159	0.00206829
7080	1726.434	177	0.00230244
7081	1726.678	139	0.00180813
7082	1726.922	143	0.00186016
7083	1727.166	150	0.00195122
7084	1727.410	147	0.0019122
7085	1727.654	149	0.00193821
7086	1727.898	154	0.00200325
7087	1728.141	152	0.00197724
7088	1728.385	157	0.00204228
7089	1728.629	146	0.00189919
7090	1728.873	142	0.00184716
7091	1729.117	135	0.0017561
7092	1729.361	120	0.00156098
7093	1729.605	121	0.00157399
7094	1729.848	139	0.00180813
7095	1730.092	150	0.00195122
7096	1730.336	154	0.00200325
7097	1730.580	137	0.00178212
7098	1730.824	118	0.00153496
7099	1731.068	122	0.00158699
7100	1731.312	152	0.00197724
7101	1731.555	135	0.0017561
7102	1731.799	110	0.0014309
7103	1732.043	139	0.00180813
7104	1732.287	127	0.00165203
7105	1732.531	125	0.00162602
7106	1732.775	127	0.00165203
7107	1733.019	137	0.00178212
7108	1733.263	125	0.00162602
7109	1733.506	129	0.00167805
7110	1733.750	117	0.00152195
7111	1733.994	124	0.00161301
7112	1734.238	128	0.00166504
7113	1734.482	115	0.00149594
7114	1734.726	106	0.00137886
7115	1734.970	126	0.00163903
7116	1735.213	106	0.00137886
7117	1735.457	125	0.00162602
7118	1735.701	103	0.00133984
7119	1735.945	113	0.00146992
7120	1736.189	88	0.00114472
7121	1736.433	110	0.0014309
7122	1736.677	110	0.0014309
7123	1736.920	100	0.00130081
7124	1737.164	105	0.00136585
7125	1737.408	108	0.00140488
7126	1737.652	121	0.00157399
7127	1737.896	99	0.00128781
7128	1738.140	108	0.00140488
7129	1738.384	121	0.00157399
7130	1738.628	112	0.00145691
7131	1738.871	109	0.00141789
7132	1739.115	85	0.00110569
7133	1739.359	92	0.00119675
7134	1739.603	106	0.00137886
7135	1739.847	101	0.00131382
7136	1740.091	98	0.0012748
7137	1740.335	115	0.00149594
7138	1740.578	101	0.00131382
7139	1740.822	101	0.00131382
7140	1741.066	99	0.00128781
7141	1741.310	100	0.00130081
7142	1741.554	74	0.000962603
7143	1741.798	96	0.00124878
7144	1742.042	83	0.00107968
7145	1742.286	95	0.00123577
7146	1742.529	111	0.0014439
7147	1742.773	84	0.00109268
7148	1743.017	92	0.00119675
7149	1743.261	91	0.00118374
7150	1743.505	101	0.00131382
7151	1743.749	95	0.00123577
7152	1743.993	109	0.00141789
7153	1744.236	81	0.00105366
7154	1744.480	103	0.00133984
7155	1744.724	102	0.00132683
7156	1744.968	95	0.00123577
7157	1745.212	79	0.00102764
7158	1745.456	99	0.00128781
7159	1745.700	97	0.00126179
7160	1745.943	110	0.0014309
7161	1746.187	82	0.00106667
7162	1746.431	87	0.00113171
7163	1746.675	82	0.00106667
7164	1746.919	97	0.00126179
7165	1747.163	90	0.00117073
7166	1747.407	84	0.00109268
7167	1747.651	98	0.0012748
7168	1747.894	99	0.00128781
7169	1748.138	81	0.00105366
7170	1748.382	93	0.00120976
7171	1748.626	69	0.000897562
7172	1748.870	82	0.00106667
7173	1749.114	70	0.00091057
7174	1749.358	83	0.00107968
7175	1749.601	83	0.00107968
7176	1749.845	101	0.00131382
7177	1750.089	82	0.00106667
7178	1750.333	72	0.000936586
7179	1750.577	64	0.000832521
7180	1750.821	64	0.000832521
7181	1751.065	71	0.000923578
7182	1751.309	81	0.00105366
7183	1751.552	82	0.00106667
7184	1751.796	92	0.00119675
7185	1752.040	77	0.00100163
7186	1752.284	73	0.000949594
7187	1752.528	76	0.000988619
7188	1752.772	61	0.000793497
7189	1753.016	66	0.000858537
7190	1753.259	72	0.000936586
7191	1753.503	84	0.00109268
7192	1753.747	74	0.000962603
7193	1753.991	81	0.00105366
7194	1754.235	71	0.000923578
7195	1754.479	68	0.000884554
7196	1754.723	65	0.000845529
7197	1754.966	83	0.00107968
7198	1755.210	69	0.000897562
7199	1755.454	80	0.00104065
7200	1755.698	66	0.000858537
7201	1755.942	71	0.000923578
7202	1756.186	72	0.000936586
7203	1756.430	67	0.000871546
7204	1756.674	60	0.000780489
7205	1756.917	72	0.000936586
7206	1757.161	81	0.00105366
7207	1757.405	69	0.000897562
7208	1757.649	77	0.00100163
7209	1757.893	64	0.000832521
7210	1758.137	66	0.000858537
7211	1758.381	71	0.000923578
7212	1758.624	55	0.000715448
7213	1758.868	66	0.000858537
7214	1759.112	61	0.000793497
7215	1759.356	51	0.000663415
7216	1759.600	58	0.000754472
7217	1759.844	66	0.000858537
7218	1760.088	61	0.000793497
7219	1760.331	67	0.000871546
7220	1760.575	65	0.000845529
7221	1760.819	72	0.000936586
7222	1761.063	68	0.000884554
7223	1761.307	46	0.000598375
7224	1761.551	76	0.000988619
7225	1761.795	58	0.000754472
7226	1762.039	64	0.000832521
7227	1762.282	57	0.000741464
7228	1762.526	78	0.00101464
7229	1762.770	52	0.000676423
7230	1763.014	72	0.000936586
7231	1763.258	61	0.000793497
7232	1763.502	67	0.000871546
7233	1763.746	49	0.000637399
7234	1763.989	59	0.00076748
7235	1764.233	60	0.000780489
7236	1764.477	67	0.000871546
7237	1764.721	62	0.000806505
7238	1764.965	67	0.000871546
7239	1765.209	69	0.000897562
7240	1765.453	82	0.00106667
7241	1765.697	54	0.00070244
7242	1765.940	61	0.000793497
7243	1766.184	76	0.000988619
7244	1766.428	70	0.00091057
7245	1766.672	59	0.00076748
7246	1766.916	79	0.00102764
7247	1767.160	64	0.000832521
7248	1767.404	67	0.000871546
7249	1767.647	70	0.00091057
7250	1767.891	62	0.000806505
7251	1768.135	78	0.00101464
7252	1768.379	63	0.000819513
7253	1768.623	75	0.000975611
7254	1768.867	49	0.000637399
7255	1769.111	62	0.000806505
7256	1769.354	64	0.000832521
7257	1769.598	66	0.000858537
7258	1769.842	68	0.000884554
7259	1770.086	64	0.000832521
7260	1770.330	74	0.000962603
7261	1770.574	65	0.000845529
7262	1770.818	68	0.000884554
7263	1771.062	55	0.000715448
7264	1771.305	53	0.000689432
7265	1771.549	73	0.000949594
7266	1771.793	53	0.000689432
7267	1772.037	60	0.000780489
7268	1772.281	70	0.00091057
7269	1772.525	66	0.000858537
7270	1772.769	69	0.000897562
7271	1773.012	59	0.00076748
7272	1773.256	60	0.000780489
7273	1773.500	61	0.000793497
7274	1773.744	51	0.000663415
7275	1773.988	66	0.000858537
7276	1774.232	58	0.000754472
7277	1774.476	53	0.000689432
7278	1774.719	60	0.000780489
7279	1774.963	68	0.000884554
7280	1775.207	60	0.000780489
7281	1775.451	72	0.000936586
7282	1775.695	79	0.00102764
7283	1775.939	57	0.000741464
7284	1776.183	69	0.000897562
7285	1776.427	69	0.000897562
7286	1776.670	51	0.000663415
7287	1776.914	67	0.000871546
7288	1777.158	60	0.000780489
7289	1777.402	63	0.000819513
7290	1777.646	47	0.000611383
7291	1777.890	60	0.000780489
7292	1778.134	67	0.000871546
7293	1778.377	57	0.000741464
7294	1778.621	67	0.000871546
7295	1778.865	57	0.000741464
7296	1779.109	50	0.000650407
7297	1779.353	61	0.000793497
7298	1779.597	61	0.000793497
7299	1779.841	57	0.000741464
7300	1780.085	75	0.000975611
7301	1780.328	50	0.000650407
7302	1780.572	69	0.000897562
7303	1780.816	63	0.000819513
7304	1781.060	51	0.000663415
7305	1781.304	59	0.00076748
7306	1781.548	63	0.000819513
7307	1781.792	65	0.000845529
7308	1782.035	51	0.000663415
7309	1782.279	58	0.000754472
7310	1782.523	55	0.000715448
7311	1782.767	54	0.00070244
7312	1783.011	53	0.000689432
7313	1783.255	45	0.000585366
7314	1783.499	68	0.000884554
7315	1783.742	66	0.000858537
7316	1783.986	72	0.000936586
7317	1784.230	56	0.000728456
7318	1784.474	55	0.000715448
7319	1784.718	57	0.000741464
7320	1784.962	66	0.000858537
7321	1785.206	53	0.000689432
7322	1785.450	57	0.000741464
7323	1785.693	68	0.000884554
7324	1785.937	60	0.000780489
7325	1786.181	57	0.000741464
7326	1786.425	76	0.000988619
7327	1786.669	67	0.000871546
7328	1786.913	66	0.000858537
7329	1787.157	58	0.000754472
7330	1787.400	64	0.000832521
7331	1787.644	68	0.000884554
7332	1787.888	57	0.000741464
7333	1788.132	60	0.000780489
7334	1788.376	66	0.000858537
7335	1788.620	51	0.000663415
7336	1788.864	63	0.000819513
7337	1789.108	57	0.000741464
7338	1789.351	60	0.000780489
7339	1789.595	51	0.000663415
7340	1789.839	58	0.000754472
7341	1790.083	65	0.000845529
7342	1790.327	69	0.000897562
7343	1790.571	48	0.000624391
7344	1790.815	50	0.000650407
7345	1791.058	65	0.000845529
7346	1791.302	56	0.000728456
7347	1791.546	62	0.000806505
7348	1791.790	43	0.00055935
7349	1792.034	49	0.000637399
7350	1792.278	53	0.000689432
7351	1792.522	62	0.000806505
7352	1792.765	56	0.000728456
7353	1793.009	54	0.00070244
7354	1793.253	64	0.000832521
7355	1793.497	72	0.000936586
7356	1793.741	69	0.000897562
7357	1793.985	54	0.00070244
7358	1794.229	58	0.000754472
7359	1794.473	56	0.000728456
7360	1794.716	54	0.00070244
7361	1794.960	63	0.000819513
7362	1795.204	60	0.000780489
7363	1795.448	71	0.000923578
7364	1795.692	49	0.000637399
7365	1795.936	60	0.000780489
7366	1796.180	62	0.000806505
7367	1796.423	57	0.000741464
7368	1796.667	58	0.000754472
7369	1796.911	49	0.000637399
7370	1797.155	50	0.000650407
7371	1797.399	66	0.000858537
7372	1797.643	54	0.00070244
7373	1797.887	55	0.000715448
7374	1798.130	55	0.000715448
7375	1798.374	56	0.000728456
7376	1798.618	55	0.000715448
7377	1798.862	53	0.000689432
7378	1799.106	53	0.000689432
7379	1799.350	70	0.00091057
7380	1799.594	51	0.000663415
7381	1799.838	45	0.000585366
7382	1800.081	46	0.000598375
7383	1800.325	64	0.000832521
7384	1800.569	67	0.000871546
7385	1800.813	43	0.00055935
7386	1801.057	66	0.000858537
7387	1801.301	56	0.000728456
7388	1801.545	58	0.000754472
7389	1801.788	50	0.000650407
7390	1802.032	55	0.000715448
7391	1802.276	47	0.000611383
7392	1802.520	54	0.00070244
7393	1802.764	48	0.000624391
7394	1803.008	56	0.000728456
7395	1803.252	54	0.00070244
7396	1803.496	60	0.000780489
7397	1803.739	51	0.000663415
7398	1803.983	66	0.000858537
7399	1804.227	52	0.000676423
7400	1804.471	60	0.000780489
7401	1804.715	49	0.000637399
7402	1804.959	66	0.000858537
7403	1805.203	58	0.000754472
7404	1805.446	56	0.000728456
7405	1805.690	51	0.000663415
7406	1805.934	60	0.000780489
7407	1806.178	45	0.000585366
7408	1806.422	50	0.000650407
7409	1806.666	37	0.000481301
7410	1806.910	60	0.000780489
7411	1807.153	51	0.000663415
7412	1807.397	55	0.000715448
7413	1807.641	57	0.000741464
7414	1807.885	46	0.000598375
7415	1808.129	49	0.000637399
7416	1808.373	51	0.000663415
7417	1808.617	52	0.000676423
7418	1808.861	59	0.00076748
7419	1809.104	61	0.000793497
7420	1809.348	43	0.00055935
7421	1809.592	68	0.000884554
7422	1809.836	45	0.000585366
7423	1810.080	44	0.000572358
7424	1810.324	57	0.000741464
7425	1810.568	48	0.000624391
7426	1810.811	55	0.000715448
7427	1811.055	55	0.000715448
7428	1811.299	46	0.000598375
7429	1811.543	46	0.000598375
7430	1811.787	43	0.00055935
7431	1812.031	52	0.000676423
7432	1812.275	48	0.000624391
7433	1812.518	51	0.000663415
7434	1812.762	57	0.000741464
7435	1813.006	52	0.000676423
7436	1813.250	74	0.000962603
7437	1813.494	61	0.000793497
7438	1813.738	50	0.000650407
7439	1813.982	61	0.000793497
7440	1814.226	50	0.000650407
7441	1814.469	59	0.00076748
7442	1814.713	59	0.00076748
7443	1814.957	48	0.000624391
7444	1815.201	53	0.000689432
7445	1815.445	55	0.000715448
7446	1815.689	61	0.000793497
7447	1815.933	48	0.000624391
7448	1816.176	59	0.00076748
7449	1816.420	64	0.000832521
7450	1816.664	59	0.00076748
7451	1816.908	60	0.000780489
7452	1817.152	43	0.00055935
7453	1817.396	48	0.000624391
7454	1817.640	47	0.000611383
7455	1817.884	53	0.000689432
7456	1818.127	68	0.000884554
7457	1818.371	58	0.000754472
7458	1818.615	71	0.000923578
7459	1818.859	49	0.000637399
7460	1819.103	58	0.000754472
7461	1819.347	55	0.000715448
7462	1819.591	55	0.000715448
7463	1819.834	55	0.000715448
7464	1820.078	71	0.000923578
7465	1820.322	64	0.000832521
7466	1820.566	48	0.000624391
7467	1820.810	59	0.00076748
7468	1821.054	59	0.00076748
7469	1821.298	63	0.000819513
7470	1821.541	60	0.000780489
7471	1821.785	60	0.000780489
7472	1822.029	51	0.000663415
7473	1822.273	69	0.000897562
7474	1822.517	48	0.000624391
7475	1822.761	46	0.000598375
7476	1823.005	56	0.000728456
7477	1823.249	48	0.000624391
7478	1823.492	51	0.000663415
7479	1823.736	70	0.00091057
7480	1823.980	61	0.000793497
7481	1824.224	62	0.000806505
7482	1824.468	57	0.000741464
7483	1824.712	66	0.000858537
7484	1824.956	55	0.000715448
7485	1825.199	84	0.00109268
7486	1825.443	54	0.00070244
7487	1825.687	68	0.000884554
7488	1825.931	73	0.000949594
7489	1826.175	82	0.00106667
7490	1826.419	79	0.00102764
7491	1826.663	79	0.00102764
7492	1826.906	86	0.0011187
7493	1827.150	83	0.00107968
7494	1827.394	97	0.00126179
7495	1827.638	81	0.00105366
7496	1827.882	70	0.00091057
7497	1828.126	77	0.00100163
7498	1828.370	74	0.000962603
7499	1828.614	85	0.00110569
7500	1828.857	54	0.00070244
7501	1829.101	72	0.000936586
7502	1829.345	72	0.000936586
7503	1829.589	70	0.00091057
7504	1829.833	67	0.000871546
7505	1830.077	59	0.00076748
7506	1830.321	78	0.00101464
7507	1830.564	75	0.000975611
7508	1830.808	70	0.00091057
7509	1831.052	83	0.00107968
7510	1831.296	95	0.00123577
7511	1831.540	86	0.0011187
7512	1831.784	79	0.00102764
7513	1832.028	90	0.00117073
7514	1832.272	103	0.00133984
7515	1832.515	95	0.00123577
7516	1832.759	112	0.00145691
7517	1833.003	138	0.00179512
7518	1833.247	167	0.00217236
7519	1833.491	226	0.00293984
7520	1833.735	303	0.00394147
7521	1833.979	436	0.00567155
7522	1834.222	667	0.00867643
7523	1834.466	991	0.0128911
7524	1834.710	1696	0.0220618
7525	1834.954	2900	0.0377236
7526	1835.198	4505	0.0586017
7527	1835.442	6927	0.0901074
7528	1835.686	10589	0.137743
7529	1835.929	15426	0.200664
7530	1836.173	20874	0.271532
7531	1836.417	27077	0.352221
7532	1836.661	33208	0.431974
7533	1836.905	39189	0.509776
7534	1837.149	42525	0.553171
7535	1837.393	43964	0.57189
7536	1837.637	43255	0.562667
7537	1837.880	39799	0.517711
7538	1838.124	34409	0.447597
7539	1838.368	27691	0.360208
7540	1838.612	20721	0.269542
7541	1838.856	15007	0.195213
7542	1839.100	9789	0.127337
7543	1839.344	6359	0.0827188
7544	1839.587	3690	0.048
7545	1839.831	2067	0.0268878
7546	1840.075	1144	0.0148813
7547	1840.319	546	0.00710245
7548	1840.563	267	0.00347317
7549	1840.807	165	0.00214634
7550	1841.051	78	0.00101464
7551	1841.295	85	0.00110569
7552	1841.538	52	0.000676423
7553	1841.782	58	0.000754472
7554	1842.026	61	0.000793497
7555	1842.270	52	0.000676423
7556	1842.514	51	0.000663415
7557	1842.758	47	0.000611383
7558	1843.002	45	0.000585366
7559	1843.245	54	0.00070244
7560	1843.489	34	0.000442277
7561	1843.733	35	0.000455285
7562	1843.977	31	0.000403252
7563	1844.221	37	0.000481301
7564	1844.465	26	0.000338212
7565	1844.709	29	0.000377236
7566	1844.952	31	0.000403252
7567	1845.196	25	0.000325204
7568	1845.440	29	0.000377236
7569	1845.684	34	0.000442277
7570	1845.928	33	0.000429269
7571	1846.172	26	0.000338212
7572	1846.416	30	0.000390244
7573	1846.660	27	0.00035122
7574	1846.903	20	0.000260163
7575	1847.147	31	0.000403252
7576	1847.391	21	0.000273171
7577	1847.635	31	0.000403252
7578	1847.879	23	0.000299187
7579	1848.123	35	0.000455285
7580	1848.367	26	0.000338212
7581	1848.610	43	0.00055935
7582	1848.854	47	0.000611383
7583	1849.098	44	0.000572358
7584	1849.342	59	0.00076748
7585	1849.586	79	0.00102764
7586	1849.830	84	0.00109268
7587	1850.074	110	0.0014309
7588	1850.317	151	0.00196423
7589	1850.561	171	0.00222439
7590	1850.805	210	0.00273171
7591	1851.049	236	0.00306992
7592	1851.293	277	0.00360326
7593	1851.537	258	0.0033561
7594	1851.781	252	0.00327805
7595	1852.025	222	0.00288781
7596	1852.268	227	0.00295285
7597	1852.512	197	0.0025626
7598	1852.756	175	0.00227642
7599	1853.000	132	0.00171707
7600	1853.244	140	0.00182114
7601	1853.488	94	0.00122277
7602	1853.732	81	0.00105366
7603	1853.975	77	0.00100163
7604	1854.219	67	0.000871546
7605	1854.463	44	0.000572358
7606	1854.707	45	0.000585366
7607	1854.951	29	0.000377236
7608	1855.195	29	0.000377236
7609	1855.439	27	0.00035122
7610	1855.683	29	0.000377236
7611	1855.926	18	0.000234147
7612	1856.170	27	0.00035122
7613	1856.414	20	0.000260163
7614	1856.658	32	0.000416261
7615	1856.902	34	0.000442277
7616	1857.146	19	0.000247155
7617	1857.390	19	0.000247155
7618	1857.633	18	0.000234147
7619	1857.877	24	0.000312195
7620	1858.121	23	0.000299187
7621	1858.365	22	0.000286179
7622	1858.609	29	0.000377236
7623	1858.853	33	0.000429269
7624	1859.097	28	0.000364228
7625	1859.340	22	0.000286179
7626	1859.584	27	0.00035122
7627	1859.828	29	0.000377236
7628	1860.072	22	0.000286179
7629	1860.316	19	0.000247155
7630	1860.560	17	0.000221138
7631	1860.804	15	0.000195122
7632	1861.048	13	0.000169106
7633	1861.291	17	0.000221138
7634	1861.535	14	0.000182114
7635	1861.779	17	0.000221138
7636	1862.023	14	0.000182114
7637	1862.267	13	0.000169106
7638	1862.511	17	0.000221138
7639	1862.755	13	0.000169106
7640	1862.998	19	0.000247155
7641	1863.242	14	0.000182114
7642	1863.486	13	0.000169106
7643	1863.730	14	0.000182114
7644	1863.974	10	0.000130081
7645	1864.218	17	0.000221138
7646	1864.462	16	0.00020813
7647	1864.705	17	0.000221138
7648	1864.949	17	0.000221138
7649	1865.193	13	0.000169106
7650	1865.437	11	0.00014309
7651	1865.681	15	0.000195122
7652	1865.925	9	0.000117073
7653	1866.169	13	0.000169106
7654	1866.413	10	0.000130081
7655	1866.656	12	0.000156098
7656	1866.900	14	0.000182114
7657	1867.144	10	0.000130081
7658	1867.388	19	0.000247155
7659	1867.632	19	0.000247155
7660	1867.876	19	0.000247155
7661	1868.120	9	0.000117073
7662	1868.363	13	0.000169106
7663	1868.607	15	0.000195122
7664	1868.851	13	0.000169106
7665	1869.095	11	0.00014309
7666	1869.339	11	0.00014309
7667	1869.583	12	0.000156098
7668	1869.827	9	0.000117073
7669	1870.071	11	0.00014309
7670	1870.314	19	0.000247155
7671	1870.558	14	0.000182114
7672	1870.802	13	0.000169106
7673	1871.046	13	0.000169106
7674	1871.290	15	0.000195122
7675	1871.534	12	0.000156098
7676	1871.778	18	0.000234147
7677	1872.021	14	0.000182114
7678	1872.265	8	0.000104065
7679	1872.509	15	0.000195122
7680	1872.753	12	0.000156098
7681	1872.997	11	0.00014309
7682	1873.241	14	0.000182114
7683	1873.485	13	0.000169106
7684	1873.728	10	0.000130081
7685	1873.972	9	0.000117073
7686	1874.216	11	0.00014309
7687	1874.460	17	0.000221138
7688	1874.704	16	0.00020813
7689	1874.948	13	0.000169106
7690	1875.192	19	0.000247155
7691	1875.436	9	0.000117073
7692	1875.679	5	6.50407e-05
7693	1875.923	15	0.000195122
7694	1876.167	12	0.000156098
7695	1876.411	12	0.000156098
7696	1876.655	19	0.000247155
7697	1876.899	7	9.1057e-05
7698	1877.143	13	0.000169106
7699	1877.386	10	0.000130081
7700	1877.630	17	0.000221138
7701	1877.874	17	0.000221138
7702	1878.118	7	9.1057e-05
7703	1878.362	14	0.000182114
7704	1878.606	16	0.00020813
7705	1878.850	14	0.000182114
7706	1879.093	10	0.000130081
7707	1879.337	16	0.00020813
7708	1879.581	14	0.000182114
7709	1879.825	12	0.000156098
7710	1880.069	10	0.000130081
7711	1880.313	8	0.000104065
7712	1880.557	19	0.000247155
7713	1880.801	14	0.000182114
7714	1881.044	9	0.000117073
7715	1881.288	12	0.000156098
7716	1881.532	15	0.000195122
7717	1881.776	10	0.000130081
7718	1882.020	12	0.000156098
7719	1882.264	13	0.000169106
7720	1882.508	12	0.000156098
7721	1882.751	10	0.000130081
7722	1882.995	18	0.000234147
7723	1883.239	8	0.000104065
7724	1883.483	14	0.000182114
7725	1883.727	13	0.000169106
7726	1883.971	9	0.000117073
7727	1884.215	13	0.000169106
7728	1884.459	11	0.00014309
7729	1884.702	15	0.000195122
7730	1884.946	18	0.000234147
7731	1885.190	11	0.00014309
7732	1885.434	14	0.000182114
7733	1885.678	12	0.000156098
7734	1885.922	12	0.000156098
7735	1886.166	12	0.000156098
7736	1886.409	19	0.000247155
7737	1886.653	14	0.000182114
7738	1886.897	10	0.000130081
7739	1887.141	8	0.000104065
7740	1887.385	15	0.000195122
7741	1887.629	12	0.000156098
7742	1887.873	9	0.000117073
7743	1888.116	8	0.000104065
7744	1888.360	18	0.000234147
7745	1888.604	14	0.000182114
7746	1888.848	12	0.000156098
7747	1889.092	14	0.000182114
7748	1889.336	9	0.000117073
7749	1889.580	8	0.000104065
7750	1889.824	15	0.000195122
7751	1890.067	19	0.000247155
7752	1890.311	11	0.00014309
7753	1890.555	12	0.000156098
7754	1890.799	6	7.80489e-05
7755	1891.043	8	0.000104065
7756	1891.287	13	0.000169106
7757	1891.531	13	0.000169106
7758	1891.774	10	0.000130081
7759	1892.018	15	0.000195122
7760	1892.262	8	0.000104065
7761	1892.506	17	0.000221138
7762	1892.750	14	0.000182114
7763	1892.994	12	0.000156098
7764	1893.238	11	0.00014309
7765	1893.482	13	0.000169106
7766	1893.725	11	0.00014309
7767	1893.969	11	0.00014309
7768	1894.213	8	0.000104065
7769	1894.457	10	0.000130081
7770	1894.701	18	0.000234147
7771	1894.945	8	0.000104065
7772	1895.189	13	0.000169106
7773	1895.432	11	0.00014309
7774	1895.676	7	9.1057e-05
7775	1895.920	13	0.000169106
7776	1896.164	21	0.000273171
7777	1896.408	10	0.000130081
7778	1896.652	14	0.000182114
7779	1896.896	19	0.000247155
7780	1897.139	11	0.00014309
7781	1897.383	14	0.000182114
7782	1897.627	17	0.000221138
7783	1897.871	14	0.000182114
7784	1898.115	12	0.000156098
7785	1898.359	11	0.00014309
7786	1898.603	12	0.000156098
7787	1898.847	16	0.00020813
7788	1899.090	10	0.000130081
7789	1899.334	10	0.000130081
7790	1899.578	10	0.000130081
7791	1899.822	15	0.000195122
7792	1900.066	10	0.000130081
7793	1900.310	21	0.000273171
7794	1900.554	6	7.80489e-05
7795	1900.797	17	0.000221138
7796	1901.041	10	0.000130081
7797	1901.285	17	0.000221138
7798	1901.529	14	0.000182114
7799	1901.773	14	0.000182114
7800	1902.017	15	0.000195122
7801	1902.261	5	6.50407e-05
7802	1902.504	11	0.00014309
7803	1902.748	12	0.000156098
7804	1902.992	11	0.00014309
7805	1903.236	19	0.000247155
7806	1903.480	10	0.000130081
7807	1903.724	7	9.1057e-05
7808	1903.968	15	0.000195122
7809	1904.212	12	0.000156098
7810	1904.455	4	5.20326e-05
7811	1904.699	15	0.000195122
7812	1904.943	20	0.000260163
7813	1905.187	5	6.50407e-05
7814	1905.431	8	0.000104065
7815	1905.675	12	0.000156098
7816	1905.919	13	0.000169106
7817	1906.162	11	0.00014309
7818	1906.406	10	0.000130081
7819	1906.650	15	0.000195122
7820	1906.894	15	0.000195122
7821	1907.138	15	0.000195122
7822	1907.382	13	0.000169106
7823	1907.626	14	0.000182114
7824	1907.870	12	0.000156098
7825	1908.113	10	0.000130081
7826	1908.357	9	0.000117073
7827	1908.601	13	0.000169106
7828	1908.845	11	0.00014309
7829	1909.089	11	0.00014309
7830	1909.333	13	0.000169106
7831	1909.577	17	0.000221138
7832	1909.820	14	0.000182114
7833	1910.064	13	0.000169106
7834	1910.308	9	0.000117073
7835	1910.552	14	0.000182114
7836	1910.796	9	0.000117073
7837	1911.040	13	0.000169106
7838	1911.284	13	0.000169106
7839	1911.527	17	0.000221138
7840	1911.771	11	0.00014309
7841	1912.015	23	0.000299187
7842	1912.259	11	0.00014309
7843	1912.503	11	0.00014309
7844	1912.747	10	0.000130081
7845	1912.991	13	0.000169106
7846	1913.235	11	0.00014309
7847	1913.478	13	0.000169106
7848	1913.722	12	0.000156098
7849	1913.966	19	0.000247155
7850	1914.210	8	0.000104065
7851	1914.454	11	0.00014309
7852	1914.698	20	0.000260163
7853	1914.942	13	0.000169106
7854	1915.185	18	0.000234147
7855	1915.429	13	0.000169106
7856	1915.673	13	0.000169106
7857	1915.917	12	0.000156098
7858	1916.161	11	0.00014309
7859	1916.405	19	0.000247155
7860	1916.649	18	0.000234147
7861	1916.892	10	0.000130081
7862	1917.136	15	0.000195122
7863	1917.380	9	0.000117073
7864	1917.624	11	0.00014309
7865	1917.868	13	0.000169106
7866	1918.112	12	0.000156098
7867	1918.356	6	7.80489e-05
7868	1918.600	19	0.000247155
7869	1918.843	18	0.000234147
7870	1919.087	16	0.00020813
7871	1919.331	12	0.000156098
7872	1919.575	12	0.000156098
7873	1919.819	10	0.000130081
7874	1920.063	22	0.000286179
7875	1920.307	15	0.000195122
7876	1920.550	15	0.000195122
7877	1920.794	13	0.000169106
7878	1921.038	10	0.000130081
7879	1921.282	6	7.80489e-05
7880	1921.526	11	0.00014309
7881	1921.770	9	0.000117073
7882	1922.014	13	0.000169106
7883	1922.258	10	0.000130081
7884	1922.501	10	0.000130081
7885	1922.745	14	0.000182114
7886	1922.989	11	0.00014309
7887	1923.233	11	0.00014309
7888	1923.477	7	9.1057e-05
7889	1923.721	10	0.000130081
7890	1923.965	6	7.80489e-05
7891	1924.208	8	0.000104065
7892	1924.452	9	0.000117073
7893	1924.696	11	0.00014309
7894	1924.940	13	0.000169106
7895	1925.184	9	0.000117073
7896	1925.428	18	0.000234147
7897	1925.672	10	0.000130081
7898	1925.915	16	0.00020813
7899	1926.159	12	0.000156098
7900	1926.403	15	0.000195122
7901	1926.647	9	0.000117073
7902	1926.891	14	0.000182114
7903	1927.135	5	6.50407e-05
7904	1927.379	7	9.1057e-05
7905	1927.623	4	5.20326e-05
7906	1927.866	16	0.00020813
7907	1928.110	8	0.000104065
7908	1928.354	7	9.1057e-05
7909	1928.598	10	0.000130081
7910	1928.842	6	7.80489e-05
7911	1929.086	13	0.000169106
7912	1929.330	12	0.000156098
7913	1929.573	18	0.000234147
7914	1929.817	12	0.000156098
7915	1930.061	13	0.000169106
7916	1930.305	8	0.000104065
7917	1930.549	13	0.000169106
7918	1930.793	8	0.000104065
7919	1931.037	7	9.1057e-05
7920	1931.280	13	0.000169106
7921	1931.524	17	0.000221138
7922	1931.768	13	0.000169106
7923	1932.012	11	0.00014309
7924	1932.256	8	0.000104065
7925	1932.500	10	0.000130081
7926	1932.744	12	0.000156098
7927	1932.988	16	0.00020813
7928	1933.231	18	0.000234147
7929	1933.475	16	0.00020813
7930	1933.719	15	0.000195122
7931	1933.963	8	0.000104065
7932	1934.207	19	0.000247155
7933	1934.451	12	0.000156098
7934	1934.695	10	0.000130081
7935	1934.938	15	0.000195122
7936	1935.182	14	0.000182114
7937	1935.426	5	6.50407e-05
7938	1935.670	17	0.000221138
7939	1935.914	7	9.1057e-05
7940	1936.158	10	0.000130081
7941	1936.402	13	0.000169106
7942	1936.646	15	0.000195122
7943	1936.889	15	0.000195122
7944	1937.133	19	0.000247155
7945	1937.377	11	0.00014309
7946	1937.621	10	0.000130081
7947	1937.865	11	0.00014309
7948	1938.109	15	0.000195122
7949	1938.353	13	0.000169106
7950	1938.596	9	0.000117073
7951	1938.840	10	0.000130081
7952	1939.084	9	0.000117073
7953	1939.328	13	0.000169106
7954	1939.572	9	0.000117073
7955	1939.816	9	0.000117073
7956	1940.060	8	0.000104065
7957	1940.303	14	0.000182114
7958	1940.547	10	0.000130081
7959	1940.791	11	0.00014309
7960	1941.035	12	0.000156098
7961	1941.279	10	0.000130081
7962	1941.523	14	0.000182114
7963	1941.767	6	7.80489e-05
7964	1942.011	9	0.000117073
7965	1942.254	13	0.000169106
7966	1942.498	11	0.00014309
7967	1942.742	14	0.000182114
7968	1942.986	9	0.000117073
7969	1943.230	6	7.80489e-05
7970	1943.474	12	0.000156098
7971	1943.718	12	0.000156098
7972	1943.961	8	0.000104065
7973	1944.205	10	0.000130081
7974	1944.449	13	0.000169106
7975	1944.693	16	0.00020813
7976	1944.937	12	0.000156098
7977	1945.181	16	0.00020813
7978	1945.425	13	0.000169106
7979	1945.669	11	0.00014309
7980	1945.912	14	0.000182114
7981	1946.156	14	0.000182114
7982	1946.400	5	6.50407e-05
7983	1946.644	13	0.000169106
7984	1946.888	9	0.000117073
7985	1947.132	7	9.1057e-05
7986	1947.376	18	0.000234147
7987	1947.619	6	7.80489e-05
7988	1947.863	17	0.000221138
7989	1948.107	10	0.000130081
7990	1948.351	10	0.000130081
7991	1948.595	12	0.000156098
7992	1948.839	12	0.000156098
7993	1949.083	11	0.00014309
7994	1949.326	7	9.1057e-05
7995	1949.570	16	0.00020813
7996	1949.814	11	0.00014309
7997	1950.058	8	0.000104065
7998	1950.302	5	6.50407e-05
7999	1950.546	6	7.80489e-05
8000	1950.790	15	0.000195122
8001	1951.034	12	0.000156098
8002	1951.277	13	0.000169106
8003	1951.521	13	0.000169106
8004	1951.765	11	0.00014309
8005	1952.009	15	0.000195122
8006	1952.253	8	0.000104065
8007	1952.497	14	0.000182114
8008	1952.741	13	0.000169106
8009	1952.984	13	0.000169106
8010	1953.228	10	0.000130081
8011	1953.472	7	9.1057e-05
8012	1953.716	12	0.000156098
8013	1953.960	15	0.000195122
8014	1954.204	3	3.90244e-05
8015	1954.448	13	0.000169106
8016	1954.691	13	0.000169106
8017	1954.935	12	0.000156098
8018	1955.179	12	0.000156098
8019	1955.423	13	0.000169106
8020	1955.667	7	9.1057e-05
8021	1955.911	9	0.000117073
8022	1956.155	12	0.000156098
8023	1956.399	13	0.000169106
8024	1956.642	6	7.80489e-05
8025	1956.886	12	0.000156098
8026	1957.130	5	6.50407e-05
8027	1957.374	15	0.000195122
8028	1957.618	15	0.000195122
8029	1957.862	15	0.000195122
8030	1958.106	11	0.00014309
8031	1958.349	10	0.000130081
8032	1958.593	10	0.000130081
8033	1958.837	6	7.80489e-05
8034	1959.081	4	5.20326e-05
8035	1959.325	13	0.000169106
8036	1959.569	13	0.000169106
8037	1959.813	12	0.000156098
8038	1960.057	11	0.00014309
8039	1960.300	9	0.000117073
8040	1960.544	12	0.000156098
8041	1960.788	12	0.000156098
8042	1961.032	11	0.00014309
8043	1961.276	9	0.000117073
8044	1961.520	15	0.000195122
8045	1961.764	10	0.000130081
8046	1962.007	12	0.000156098
8047	1962.251	15	0.000195122
8048	1962.495	9	0.000117073
8049	1962.739	11	0.00014309
8050	1962.983	11	0.00014309
8051	1963.227	6	7.80489e-05
8052	1963.471	10	0.000130081
8053	1963.714	13	0.000169106
8054	1963.958	13	0.000169106
8055	1964.202	16	0.00020813
8056	1964.446	13	0.000169106
8057	1964.690	11	0.00014309
8058	1964.934	17	0.000221138
8059	1965.178	12	0.000156098
8060	1965.422	15	0.000195122
8061	1965.665	14	0.000182114
8062	1965.909	7	9.1057e-05
8063	1966.153	9	0.000117073
8064	1966.397	16	0.00020813
8065	1966.641	12	0.000156098
8066	1966.885	12	0.000156098
8067	1967.129	18	0.000234147
8068	1967.372	14	0.000182114
8069	1967.616	10	0.000130081
8070	1967.860	17	0.000221138
8071	1968.104	22	0.000286179
8072	1968.348	12	0.000156098
8073	1968.592	17	0.000221138
8074	1968.836	16	0.00020813
8075	1969.079	18	0.000234147
8076	1969.323	12	0.000156098
8077	1969.567	14	0.000182114
8078	1969.811	20	0.000260163
8079	1970.055	7	9.1057e-05
8080	1970.299	17	0.000221138
8081	1970.543	16	0.00020813
8082	1970.787	16	0.00020813
8083	1971.030	10	0.000130081
8084	1971.274	14	0.000182114
8085	1971.518	14	0.000182114
8086	1971.762	10	0.000130081
8087	1972.006	14	0.000182114
8088	1972.250	12	0.000156098
8089	1972.494	13	0.000169106
8090	1972.737	11	0.00014309
8091	1972.981	10	0.000130081
8092	1973.225	11	0.00014309
8093	1973.469	13	0.000169106
8094	1973.713	19	0.000247155
8095	1973.957	4	5.20326e-05
8096	1974.201	7	9.1057e-05
8097	1974.445	10	0.000130081
8098	1974.688	9	0.000117073
8099	1974.932	9	0.000117073
8100	1975.176	11	0.00014309
8101	1975.420	22	0.000286179
8102	1975.664	14	0.000182114
8103	1975.908	10	0.000130081
8104	1976.152	8	0.000104065
8105	1976.395	8	0.000104065
8106	1976.639	16	0.00020813
8107	1976.883	15	0.000195122
8108	1977.127	12	0.000156098
8109	1977.371	5	6.50407e-05
8110	1977.615	14	0.000182114
8111	1977.859	14	0.000182114
8112	1978.102	16	0.00020813
8113	1978.346	13	0.000169106
8114	1978.590	15	0.000195122
8115	1978.834	18	0.000234147
8116	1979.078	8	0.000104065
8117	1979.322	16	0.00020813
8118	1979.566	11	0.00014309
8119	1979.810	7	9.1057e-05
8120	1980.053	7	9.1057e-05
8121	1980.297	8	0.000104065
8122	1980.541	13	0.000169106
8123	1980.785	12	0.000156098
8124	1981.029	9	0.000117073
8125	1981.273	11	0.00014309
8126	1981.517	14	0.000182114
8127	1981.760	14	0.000182114
8128	1982.004	13	0.000169106
8129	1982.248	19	0.000247155
8130	1982.492	15	0.000195122
8131	1982.736	12	0.000156098
8132	1982.980	13	0.000169106
8133	1983.224	10	0.000130081
8134	1983.468	12	0.000156098
8135	1983.711	18	0.000234147
8136	1983.955	14	0.000182114
8137	1984.199	11	0.00014309
8138	1984.443	16	0.00020813
8139	1984.687	10	0.000130081
8140	1984.931	8	0.000104065
8141	1985.175	11	0.00014309
8142	1985.418	16	0.00020813
8143	1985.662	8	0.000104065
8144	1985.906	11	0.00014309
8145	1986.150	15	0.000195122
8146	1986.394	15	0.000195122
8147	1986.638	15	0.000195122
8148	1986.882	8	0.000104065
8149	1987.125	11	0.00014309
8150	1987.369	11	0.00014309
8151	1987.613	8	0.000104065
8152	1987.857	9	0.000117073
8153	1988.101	14	0.000182114
8154	1988.345	10	0.000130081
8155	1988.589	11	0.00014309
8156	1988.833	14	0.000182114
8157	1989.076	6	7.80489e-05
8158	1989.320	6	7.80489e-05
8159	1989.564	13	0.000169106
8160	1989.808	12	0.000156098
8161	1990.052	7	9.1057e-05
8162	1990.296	11	0.00014309
8163	1990.540	11	0.00014309
8164	1990.783	13	0.000169106
8165	1991.027	15	0.000195122
8166	1991.271	11	0.00014309
8167	1991.515	17	0.000221138
8168	1991.759	15	0.000195122
8169	1992.003	18	0.000234147
8170	1992.247	17	0.000221138
8171	1992.490	12	0.000156098
8172	1992.734	6	7.80489e-05
8173	1992.978	9	0.000117073
8174	1993.222	4	5.20326e-05
8175	1993.466	8	0.000104065
8176	1993.710	12	0.000156098
8177	1993.954	12	0.000156098
8178	1994.198	10	0.000130081
8179	1994.441	5	6.50407e-05
8180	1994.685	10	0.000130081
8181	1994.929	14	0.000182114
8182	1995.173	9	0.000117073
8183	1995.417	15	0.000195122
8184	1995.661	7	9.1057e-05
8185	1995.905	11	0.00014309
8186	1996.148	9	0.000117073
8187	1996.392	13	0.000169106
8188	1996.636	8	0.000104065
8189	1996.880	7	9.1057e-05
8190	1997.124	11	0.00014309
8191	1997.368	10	0.000130081
8192	1997.612	6	7.80489e-05
