#
# Sample name: Sample title.                                                   
# Sample id:   
# Sample type: 
# User name:   
# Sample description: 
#
# Start time:    2025-12-18, 14:04:24
# Real time (s): 78365.930
# Live time (s): 77359.070
#
# Total counts:  73932277
#
# Left marker:  20 (4.751 keV)
# Right marker: 50 (12.067 keV)
# Counts:       1403125
#
# Energy calibration coefficients ( E = sum(Ai * n**i) )
#     A0: -0.126274
#     A1: 0.243864
#     A2: 0.000000
#     A3: 0.000000
# Energy unit: keV
#
# Channel data
# n	energy(keV)	counts	rate(1/s)
#-----------------------------------------------------------------------
1	0.118	10	0.000129267
2	0.361	3	3.87802e-05
3	0.605	17	0.000219754
4	0.849	6	7.75604e-05
5	1.093	7	9.04871e-05
6	1.337	14	0.000180974
7	1.581	14	0.000180974
8	1.825	6	7.75604e-05
9	2.069	8	0.000103414
10	2.312	7	9.04871e-05
11	2.556	9	0.000116341
12	2.800	14	0.000180974
13	3.044	12	0.000155121
14	3.288	18	0.000232681
15	3.532	16	0.000206828
16	3.776	18	0.000232681
17	4.019	13	0.000168048
18	4.263	13	0.000168048
19	4.507	18	0.000232681
20	4.751	16	0.000206828
21	4.995	14	0.000180974
22	5.239	16	0.000206828
23	5.483	21	0.000271461
24	5.726	25	0.000323168
25	5.970	96	0.00124097
26	6.214	1248	0.0161326
27	6.458	6931	0.0895952
28	6.702	17168	0.221926
29	6.946	24249	0.31346
30	7.190	28022	0.362233
31	7.434	30616	0.395765
32	7.677	32455	0.419537
33	7.921	32938	0.425781
34	8.165	33172	0.428806
35	8.409	31164	0.402849
36	8.653	28875	0.373259
37	8.897	27119	0.35056
38	9.141	26587	0.343683
39	9.384	27678	0.357786
40	9.628	30073	0.388746
41	9.872	34945	0.451725
42	10.116	41150	0.531935
43	10.360	49858	0.644501
44	10.604	62322	0.80562
45	10.848	77014	0.995539
46	11.091	95048	1.22866
47	11.335	118367	1.5301
48	11.579	147724	1.90959
49	11.823	181069	2.34063
50	12.067	217161	2.80718
51	12.311	242823	3.13891
52	12.555	262089	3.38795
53	12.799	281217	3.63522
54	13.042	317661	4.10632
55	13.286	378724	4.89566
56	13.530	461588	5.96682
57	13.774	543922	7.03113
58	14.018	594619	7.68648
59	14.262	594047	7.67909
60	14.506	533705	6.89906
61	14.749	437073	5.64993
62	14.993	332554	4.29884
63	15.237	249473	3.22487
64	15.481	194743	2.51739
65	15.725	164944	2.13219
66	15.969	146922	1.89922
67	16.213	133768	1.72918
68	16.457	120803	1.56159
69	16.700	114297	1.47749
70	16.944	115677	1.49533
71	17.188	125574	1.62326
72	17.432	140494	1.81613
73	17.676	150639	1.94727
74	17.920	149746	1.93573
75	18.164	135860	1.75623
76	18.407	111559	1.44209
77	18.651	87317	1.12872
78	18.895	69858	0.903036
79	19.139	64051	0.82797
80	19.383	68787	0.889191
81	19.627	84336	1.09019
82	19.871	111843	1.44576
83	20.114	153920	1.98968
84	20.358	216680	2.80096
85	20.602	312322	4.0373
86	20.846	462799	5.98248
87	21.090	715209	9.24532
88	21.334	1120437	14.4836
89	21.578	1680727	21.7263
90	21.822	2297570	29.7001
91	22.065	2765009	35.7425
92	22.309	2872360	37.1302
93	22.553	2549078	32.9512
94	22.797	1933729	24.9968
95	23.041	1256446	16.2417
96	23.285	717148	9.27038
97	23.529	388092	5.01676
98	23.772	241881	3.12673
99	24.016	220786	2.85404
100	24.260	286178	3.69935
101	24.504	399172	5.15999
102	24.748	523516	6.76735
103	24.992	612273	7.91469
104	25.236	622489	8.04675
105	25.479	548270	7.08734
106	25.723	425676	5.5026
107	25.967	293666	3.79614
108	26.211	186084	2.40546
109	26.455	115166	1.48872
110	26.699	73831	0.954394
111	26.943	52579	0.679675
112	27.187	41012	0.530151
113	27.430	36634	0.473558
114	27.674	36183	0.467728
115	27.918	38796	0.501506
116	28.162	43213	0.558603
117	28.406	48822	0.631109
118	28.650	53293	0.688904
119	28.894	58648	0.758127
120	29.137	64289	0.831047
121	29.381	72443	0.936451
122	29.625	91034	1.17677
123	29.869	126710	1.63795
124	30.113	187756	2.42707
125	30.357	270941	3.50238
126	30.601	362007	4.67957
127	30.845	428137	5.53441
128	31.088	444931	5.7515
129	31.332	402374	5.20138
130	31.576	323388	4.18035
131	31.820	236720	3.06002
132	32.064	172374	2.22823
133	32.308	141399	1.82783
134	32.552	142600	1.84335
135	32.795	166692	2.15478
136	33.039	200706	2.59447
137	33.283	227611	2.94227
138	33.527	232840	3.00986
139	33.771	212618	2.74846
140	34.015	175716	2.27143
141	34.259	139620	1.80483
142	34.502	118159	1.52741
143	34.746	111301	1.43876
144	34.990	111939	1.44701
145	35.234	110147	1.42384
146	35.478	101969	1.31813
147	35.722	86805	1.12211
148	35.966	70328	0.909111
149	36.210	56126	0.725526
150	36.453	44939	0.580914
151	36.697	37815	0.488824
152	36.941	36250	0.468594
153	37.185	39415	0.509507
154	37.429	46297	0.598469
155	37.673	53910	0.69688
156	37.917	57660	0.745355
157	38.160	56671	0.732571
158	38.404	50603	0.654131
159	38.648	41988	0.542768
160	38.892	33725	0.435954
161	39.136	27067	0.349888
162	39.380	21601	0.27923
163	39.624	17428	0.225287
164	39.868	14404	0.186197
165	40.111	12777	0.165165
166	40.355	11947	0.154436
167	40.599	11581	0.149704
168	40.843	11463	0.148179
169	41.087	11153	0.144172
170	41.331	11474	0.148321
171	41.575	11323	0.146369
172	41.818	11367	0.146938
173	42.062	11659	0.150713
174	42.306	11855	0.153246
175	42.550	11972	0.154759
176	42.794	12577	0.16258
177	43.038	12669	0.163769
178	43.282	13025	0.168371
179	43.525	13198	0.170607
180	43.769	13222	0.170917
181	44.013	13323	0.172223
182	44.257	13171	0.170258
183	44.501	12963	0.167569
184	44.745	12766	0.165023
185	44.989	12922	0.167039
186	45.233	12892	0.166651
187	45.476	12775	0.165139
188	45.720	12840	0.165979
189	45.964	12844	0.166031
190	46.208	13217	0.170853
191	46.452	13299	0.171913
192	46.696	13462	0.17402
193	46.940	13842	0.178932
194	47.183	13917	0.179901
195	47.427	14198	0.183534
196	47.671	15018	0.194134
197	47.915	15301	0.197792
198	48.159	16128	0.208482
199	48.403	17438	0.225416
200	48.647	18762	0.242531
201	48.890	19512	0.252226
202	49.134	20632	0.266704
203	49.378	21885	0.282902
204	49.622	22885	0.295828
205	49.866	23576	0.304761
206	50.110	23926	0.309285
207	50.354	23668	0.30595
208	50.598	23676	0.306053
209	50.841	23884	0.308742
210	51.085	24077	0.311237
211	51.329	25075	0.324138
212	51.573	25544	0.3302
213	51.817	26875	0.347406
214	52.061	28463	0.367934
215	52.305	29924	0.38682
216	52.548	32298	0.417508
217	52.792	34936	0.451608
218	53.036	36634	0.473558
219	53.280	37881	0.489678
220	53.524	37064	0.479116
221	53.768	34467	0.445546
222	54.012	31961	0.413151
223	54.256	29061	0.375664
224	54.499	26477	0.342261
225	54.743	25375	0.328016
226	54.987	24332	0.314533
227	55.231	23789	0.307514
228	55.475	23099	0.298595
229	55.719	22458	0.290309
230	55.963	21831	0.282203
231	56.206	21498	0.277899
232	56.450	20715	0.267777
233	56.694	20259	0.261883
234	56.938	19429	0.251153
235	57.182	19473	0.251722
236	57.426	19388	0.250623
237	57.670	19773	0.2556
238	57.913	22222	0.287258
239	58.157	30056	0.388526
240	58.401	51067	0.660129
241	58.645	93362	1.20687
242	58.889	161616	2.08917
243	59.133	251002	3.24464
244	59.377	335955	4.3428
245	59.621	384740	4.97343
246	59.864	374263	4.838
247	60.108	309386	3.99935
248	60.352	217742	2.81469
249	60.596	133710	1.72843
250	60.840	72912	0.942514
251	61.084	38187	0.493633
252	61.328	22290	0.288137
253	61.571	16738	0.216368
254	61.815	15167	0.19606
255	62.059	14786	0.191135
256	62.303	14679	0.189752
257	62.547	14474	0.187102
258	62.791	14185	0.183366
259	63.035	14019	0.18122
260	63.278	13913	0.17985
261	63.522	14286	0.184671
262	63.766	14031	0.181375
263	64.010	14140	0.182784
264	64.254	14173	0.183211
265	64.498	14296	0.184801
266	64.742	14332	0.185266
267	64.986	14402	0.186171
268	65.229	14827	0.191665
269	65.473	15372	0.19871
270	65.717	15757	0.203687
271	65.961	16213	0.209581
272	66.205	16402	0.212024
273	66.449	16619	0.214829
274	66.693	16597	0.214545
275	66.936	16763	0.216691
276	67.180	16842	0.217712
277	67.424	16797	0.21713
278	67.668	16714	0.216057
279	67.912	16924	0.218772
280	68.156	16781	0.216923
281	68.400	16734	0.216316
282	68.644	16769	0.216768
283	68.887	16973	0.219405
284	69.131	16879	0.21819
285	69.375	17080	0.220789
286	69.619	16673	0.215527
287	69.863	16717	0.216096
288	70.107	16875	0.218139
289	70.351	17290	0.223503
290	70.594	16897	0.218423
291	70.838	17050	0.220401
292	71.082	17130	0.221435
293	71.326	17065	0.220595
294	71.570	17028	0.220116
295	71.814	16929	0.218837
296	72.058	16664	0.215411
297	72.301	16780	0.216911
298	72.545	16759	0.216639
299	72.789	16710	0.216006
300	73.033	16971	0.21938
301	73.277	16815	0.217363
302	73.521	16540	0.213808
303	73.765	16269	0.210305
304	74.009	16211	0.209555
305	74.252	16218	0.209646
306	74.496	16308	0.210809
307	74.740	16682	0.215644
308	74.984	16687	0.215708
309	75.228	16622	0.214868
310	75.472	16286	0.210525
311	75.716	15792	0.204139
312	75.959	15737	0.203428
313	76.203	15171	0.196111
314	76.447	14823	0.191613
315	76.691	14672	0.189661
316	76.935	14728	0.190385
317	77.179	14418	0.186378
318	77.423	14767	0.190889
319	77.666	14389	0.186003
320	77.910	14539	0.187942
321	78.154	14739	0.190527
322	78.398	15086	0.195013
323	78.642	15844	0.204811
324	78.886	17544	0.226787
325	79.130	20179	0.260849
326	79.374	23981	0.309996
327	79.617	28875	0.373259
328	79.861	37803	0.488669
329	80.105	52971	0.684742
330	80.349	77441	1.00106
331	80.593	109069	1.40991
332	80.837	140188	1.81217
333	81.081	159129	2.05702
334	81.324	155566	2.01096
335	81.568	130629	1.68861
336	81.812	95965	1.24051
337	82.056	62087	0.802582
338	82.300	37800	0.48863
339	82.544	23610	0.3052
340	82.788	16974	0.219418
341	83.032	14627	0.189079
342	83.275	13995	0.18091
343	83.519	14128	0.182629
344	83.763	14106	0.182344
345	84.007	14444	0.186714
346	84.251	14626	0.189066
347	84.495	14791	0.191199
348	84.739	15376	0.198761
349	84.982	15021	0.194172
350	85.226	15070	0.194806
351	85.470	14922	0.192893
352	85.714	14658	0.18948
353	85.958	14675	0.1897
354	86.202	14826	0.191652
355	86.446	16227	0.209762
356	86.689	19627	0.253713
357	86.933	27803	0.359402
358	87.177	43371	0.560645
359	87.421	68649	0.887407
360	87.665	100123	1.29426
361	87.909	127775	1.65171
362	88.153	143592	1.85618
363	88.397	137562	1.77823
364	88.640	113867	1.47193
365	88.884	82809	1.07045
366	89.128	53253	0.688387
367	89.372	33194	0.42909
368	89.616	21334	0.275779
369	89.860	16064	0.207655
370	90.104	13800	0.178389
371	90.347	13362	0.172727
372	90.591	13097	0.169301
373	90.835	13259	0.171396
374	91.079	13183	0.170413
375	91.323	13307	0.172016
376	91.567	13174	0.170297
377	91.811	13316	0.172132
378	92.055	13686	0.176915
379	92.298	13606	0.175881
380	92.542	13858	0.179139
381	92.786	13993	0.180884
382	93.030	13823	0.178686
383	93.274	13920	0.17994
384	93.518	13998	0.180948
385	93.762	13828	0.178751
386	94.005	14047	0.181582
387	94.249	13959	0.180444
388	94.493	14350	0.185499
389	94.737	13970	0.180586
390	94.981	14125	0.18259
391	95.225	13987	0.180806
392	95.469	14164	0.183094
393	95.712	14278	0.184568
394	95.956	14244	0.184128
395	96.200	14016	0.181181
396	96.444	14184	0.183353
397	96.688	14225	0.183883
398	96.932	14106	0.182344
399	97.176	13999	0.180961
400	97.420	14090	0.182138
401	97.663	14337	0.185331
402	97.907	14149	0.1829
403	98.151	14323	0.18515
404	98.395	14471	0.187063
405	98.639	14329	0.185227
406	98.883	14486	0.187257
407	99.127	14417	0.186365
408	99.370	14469	0.187037
409	99.614	14378	0.185861
410	99.858	14302	0.184878
411	100.102	14529	0.187812
412	100.346	14355	0.185563
413	100.590	14308	0.184956
414	100.834	14563	0.188252
415	101.077	14689	0.189881
416	101.321	14952	0.193281
417	101.565	14755	0.190734
418	101.809	14865	0.192156
419	102.053	14868	0.192195
420	102.297	14983	0.193681
421	102.541	15133	0.19562
422	102.785	15029	0.194276
423	103.028	15029	0.194276
424	103.272	14955	0.193319
425	103.516	14964	0.193436
426	103.760	14600	0.18873
427	104.004	14608	0.188834
428	104.248	14474	0.187102
429	104.492	14589	0.188588
430	104.735	14505	0.187502
431	104.979	14275	0.184529
432	105.223	14477	0.18714
433	105.467	14310	0.184982
434	105.711	13948	0.180302
435	105.955	14116	0.182474
436	106.199	14031	0.181375
437	106.443	13991	0.180858
438	106.686	13828	0.178751
439	106.930	13987	0.180806
440	107.174	13584	0.175597
441	107.418	13553	0.175196
442	107.662	13364	0.172753
443	107.906	13493	0.17442
444	108.150	13333	0.172352
445	108.393	13114	0.169521
446	108.637	13214	0.170814
447	108.881	13239	0.171137
448	109.125	13326	0.172262
449	109.369	13140	0.169857
450	109.613	13214	0.170814
451	109.857	13013	0.168216
452	110.100	13140	0.169857
453	110.344	12913	0.166923
454	110.588	13104	0.169392
455	110.832	13245	0.171215
456	111.076	13276	0.171615
457	111.320	13710	0.177226
458	111.564	14029	0.181349
459	111.808	14083	0.182047
460	112.051	14196	0.183508
461	112.295	14216	0.183766
462	112.539	13607	0.175894
463	112.783	13249	0.171266
464	113.027	12968	0.167634
465	113.271	12464	0.161119
466	113.515	12211	0.157848
467	113.758	12266	0.158559
468	114.002	12122	0.156698
469	114.246	12055	0.155832
470	114.490	12328	0.159361
471	114.734	12035	0.155573
472	114.978	12151	0.157073
473	115.222	12331	0.1594
474	115.465	12420	0.16055
475	115.709	12504	0.161636
476	115.953	12475	0.161261
477	116.197	12428	0.160653
478	116.441	12404	0.160343
479	116.685	12453	0.160977
480	116.929	12297	0.15896
481	117.173	12287	0.158831
482	117.416	12368	0.159878
483	117.660	12231	0.158107
484	117.904	12259	0.158469
485	118.148	12054	0.155819
486	118.392	12098	0.156388
487	118.636	12136	0.156879
488	118.880	12317	0.159219
489	119.123	12300	0.158999
490	119.367	12096	0.156362
491	119.611	12231	0.158107
492	119.855	12291	0.158882
493	120.099	12694	0.164092
494	120.343	14052	0.181646
495	120.587	18269	0.236158
496	120.831	29877	0.386212
497	121.074	53632	0.693287
498	121.318	96962	1.2534
499	121.562	159808	2.0658
500	121.806	227820	2.94497
501	122.050	282038	3.64583
502	122.294	299686	3.87396
503	122.538	274976	3.55454
504	122.781	215061	2.78004
505	123.025	146444	1.89304
506	123.269	87274	1.12817
507	123.513	47471	0.613645
508	123.757	26133	0.337814
509	124.001	16150	0.208767
510	124.245	12504	0.161636
511	124.488	11167	0.144353
512	124.732	10943	0.141457
513	124.976	10866	0.140462
514	125.220	10935	0.141354
515	125.464	10868	0.140488
516	125.708	10777	0.139311
517	125.952	10852	0.140281
518	126.196	10765	0.139156
519	126.439	10826	0.139945
520	126.683	10857	0.140346
521	126.927	11036	0.142659
522	127.171	10788	0.139454
523	127.415	10570	0.136636
524	127.659	10839	0.140113
525	127.903	10678	0.138032
526	128.146	10729	0.138691
527	128.390	10486	0.13555
528	128.634	10647	0.137631
529	128.878	10648	0.137644
530	129.122	10684	0.138109
531	129.366	10494	0.135653
532	129.610	10687	0.138148
533	129.853	10553	0.136416
534	130.097	10583	0.136804
535	130.341	10501	0.135744
536	130.585	10416	0.134645
537	130.829	10566	0.136584
538	131.073	10566	0.136584
539	131.317	10466	0.135291
540	131.561	10592	0.13692
541	131.804	10440	0.134955
542	132.048	10120	0.130819
543	132.292	10466	0.135291
544	132.536	10429	0.134813
545	132.780	10383	0.134218
546	133.024	10291	0.133029
547	133.268	10518	0.135963
548	133.511	10480	0.135472
549	133.755	10517	0.13595
550	133.999	10378	0.134154
551	134.243	10592	0.13692
552	134.487	10389	0.134296
553	134.731	10575	0.1367
554	134.975	11043	0.14275
555	135.219	12347	0.159606
556	135.462	14837	0.191794
557	135.706	19672	0.254295
558	135.950	26525	0.342882
559	136.194	34849	0.450484
560	136.438	41961	0.542419
561	136.682	44488	0.575084
562	136.926	42470	0.548998
563	137.169	36180	0.467689
564	137.413	27692	0.357967
565	137.657	20312	0.262568
566	137.901	15326	0.198115
567	138.145	12343	0.159555
568	138.389	10995	0.142129
569	138.633	10483	0.135511
570	138.876	10369	0.134037
571	139.120	10195	0.131788
572	139.364	10232	0.132266
573	139.608	10337	0.133624
574	139.852	10282	0.132913
575	140.096	10490	0.135601
576	140.340	10193	0.131762
577	140.584	10225	0.132176
578	140.827	10338	0.133637
579	141.071	10286	0.132964
580	141.315	10384	0.134231
581	141.559	10271	0.13277
582	141.803	10425	0.134761
583	142.047	10443	0.134994
584	142.291	10397	0.134399
585	142.534	10380	0.134179
586	142.778	10464	0.135265
587	143.022	10506	0.135808
588	143.266	10604	0.137075
589	143.510	10580	0.136765
590	143.754	10558	0.13648
591	143.998	10582	0.136791
592	144.242	10531	0.136131
593	144.485	10744	0.138885
594	144.729	10519	0.135976
595	144.973	10620	0.137282
596	145.217	10764	0.139143
597	145.461	10495	0.135666
598	145.705	10632	0.137437
599	145.949	10792	0.139505
600	146.192	10590	0.136894
601	146.436	10706	0.138394
602	146.680	10570	0.136636
603	146.924	10659	0.137786
604	147.168	10855	0.14032
605	147.412	10467	0.135304
606	147.656	10518	0.135963
607	147.899	10543	0.136287
608	148.143	10502	0.135757
609	148.387	10655	0.137734
610	148.631	10694	0.138238
611	148.875	10680	0.138058
612	149.119	10688	0.138161
613	149.363	10562	0.136532
614	149.607	10752	0.138988
615	149.850	10544	0.136299
616	150.094	10944	0.14147
617	150.338	10785	0.139415
618	150.582	10797	0.13957
619	150.826	10663	0.137838
620	151.070	10939	0.141406
621	151.314	10891	0.140785
622	151.557	10739	0.13882
623	151.801	10777	0.139311
624	152.045	10715	0.13851
625	152.289	10784	0.139402
626	152.533	10726	0.138652
627	152.777	10695	0.138251
628	153.021	10814	0.13979
629	153.264	10630	0.137411
630	153.508	10798	0.139583
631	153.752	10692	0.138213
632	153.996	10486	0.13555
633	154.240	10671	0.137941
634	154.484	10622	0.137308
635	154.728	10699	0.138303
636	154.972	10816	0.139816
637	155.215	10546	0.136325
638	155.459	10796	0.139557
639	155.703	10768	0.139195
640	155.947	10796	0.139557
641	156.191	10820	0.139867
642	156.435	10727	0.138665
643	156.679	10579	0.136752
644	156.922	10594	0.136946
645	157.166	10629	0.137398
646	157.410	10582	0.136791
647	157.654	10564	0.136558
648	157.898	10581	0.136778
649	158.142	10687	0.138148
650	158.386	10667	0.137889
651	158.630	10657	0.13776
652	158.873	10512	0.135886
653	159.117	10399	0.134425
654	159.361	10624	0.137334
655	159.605	10636	0.137489
656	159.849	10902	0.140927
657	160.093	11349	0.146705
658	160.337	11915	0.154022
659	160.580	12197	0.157667
660	160.824	12461	0.16108
661	161.068	12426	0.160628
662	161.312	12039	0.155625
663	161.556	11486	0.148476
664	161.800	10873	0.140552
665	162.044	10664	0.137851
666	162.287	10423	0.134735
667	162.531	10204	0.131904
668	162.775	10306	0.133223
669	163.019	10147	0.131168
670	163.263	10075	0.130237
671	163.507	10239	0.132357
672	163.751	10385	0.134244
673	163.995	11004	0.142246
674	164.238	11817	0.152755
675	164.482	16585	0.21439
676	164.726	26128	0.33775
677	164.970	44744	0.578394
678	165.214	76896	0.994014
679	165.458	118990	1.53815
680	165.702	162532	2.10101
681	165.945	192762	2.49178
682	166.189	198639	2.56775
683	166.433	177556	2.29522
684	166.677	136346	1.76251
685	166.921	91359	1.18097
686	167.165	55406	0.716219
687	167.409	31389	0.405757
688	167.652	18412	0.238007
689	167.896	12632	0.16329
690	168.140	10470	0.135343
691	168.384	9984	0.12906
692	168.628	9595	0.124032
693	168.872	9567	0.12367
694	169.116	9515	0.122998
695	169.360	9631	0.124497
696	169.603	9573	0.123748
697	169.847	9738	0.125881
698	170.091	9840	0.127199
699	170.335	9681	0.125144
700	170.579	10025	0.12959
701	170.823	9809	0.126798
702	171.067	9843	0.127238
703	171.310	9804	0.126734
704	171.554	9970	0.12888
705	171.798	9885	0.127781
706	172.042	9909	0.128091
707	172.286	9916	0.128181
708	172.530	10196	0.131801
709	172.774	10076	0.13025
710	173.018	10002	0.129293
711	173.261	9939	0.128479
712	173.505	10221	0.132124
713	173.749	9984	0.12906
714	173.993	10061	0.130056
715	174.237	10155	0.131271
716	174.481	10112	0.130715
717	174.725	10102	0.130586
718	174.968	10233	0.132279
719	175.212	10212	0.132008
720	175.456	10174	0.131517
721	175.700	10023	0.129565
722	175.944	10253	0.132538
723	176.188	10039	0.129771
724	176.432	10034	0.129707
725	176.675	10147	0.131168
726	176.919	10129	0.130935
727	177.163	10073	0.130211
728	177.407	10317	0.133365
729	177.651	10186	0.131672
730	177.895	10016	0.129474
731	178.139	10072	0.130198
732	178.383	9947	0.128582
733	178.626	10111	0.130702
734	178.870	10064	0.130095
735	179.114	10126	0.130896
736	179.358	10019	0.129513
737	179.602	10222	0.132137
738	179.846	10110	0.130689
739	180.090	9945	0.128556
740	180.333	10041	0.129797
741	180.577	10070	0.130172
742	180.821	9948	0.128595
743	181.065	10212	0.132008
744	181.309	10026	0.129603
745	181.553	9733	0.125816
746	181.797	9985	0.129073
747	182.041	9937	0.128453
748	182.284	9595	0.124032
749	182.528	9850	0.127328
750	182.772	9820	0.126941
751	183.016	9922	0.128259
752	183.260	9758	0.126139
753	183.504	9829	0.127057
754	183.748	9858	0.127432
755	183.991	10017	0.129487
756	184.235	9936	0.12844
757	184.479	9764	0.126217
758	184.723	9961	0.128763
759	184.967	9939	0.128479
760	185.211	9783	0.126462
761	185.455	9881	0.127729
762	185.698	9867	0.127548
763	185.942	9771	0.126307
764	186.186	10037	0.129746
765	186.430	9894	0.127897
766	186.674	9940	0.128492
767	186.918	10097	0.130521
768	187.162	9870	0.127587
769	187.406	9859	0.127445
770	187.649	9697	0.125351
771	187.893	9939	0.128479
772	188.137	10032	0.129681
773	188.381	9785	0.126488
774	188.625	10051	0.129927
775	188.869	9984	0.12906
776	189.113	9868	0.127561
777	189.356	9853	0.127367
778	189.600	9674	0.125053
779	189.844	9669	0.124989
780	190.088	9701	0.125402
781	190.332	9692	0.125286
782	190.576	9529	0.123179
783	190.820	9687	0.125221
784	191.063	9866	0.127535
785	191.307	9795	0.126617
786	191.551	9489	0.122662
787	191.795	9695	0.125325
788	192.039	9705	0.125454
789	192.283	9578	0.123812
790	192.527	9729	0.125764
791	192.771	9507	0.122894
792	193.014	9814	0.126863
793	193.258	9675	0.125066
794	193.502	9593	0.124006
795	193.746	9664	0.124924
796	193.990	9622	0.124381
797	194.234	9524	0.123114
798	194.478	9527	0.123153
799	194.721	9682	0.125157
800	194.965	9372	0.121149
801	195.209	9669	0.124989
802	195.453	9454	0.122209
803	195.697	9614	0.124278
804	195.941	9712	0.125544
805	196.185	9758	0.126139
806	196.429	9791	0.126566
807	196.672	9682	0.125157
808	196.916	9656	0.124821
809	197.160	9622	0.124381
810	197.404	9680	0.125131
811	197.648	9741	0.125919
812	197.892	9756	0.126113
813	198.136	10019	0.129513
814	198.379	10117	0.13078
815	198.623	10476	0.13542
816	198.867	10883	0.140682
817	199.111	11157	0.144224
818	199.355	11369	0.146964
819	199.599	11368	0.146951
820	199.843	11183	0.14456
821	200.086	10497	0.135692
822	200.330	10343	0.133701
823	200.574	10215	0.132047
824	200.818	9816	0.126889
825	201.062	9599	0.124084
826	201.306	9721	0.125661
827	201.550	9686	0.125208
828	201.794	9802	0.126708
829	202.037	9558	0.123554
830	202.281	9732	0.125803
831	202.525	9612	0.124252
832	202.769	9704	0.125441
833	203.013	9553	0.123489
834	203.257	9858	0.127432
835	203.501	10022	0.129552
836	203.744	9899	0.127962
837	203.988	9895	0.12791
838	204.232	9945	0.128556
839	204.476	9871	0.1276
840	204.720	9774	0.126346
841	204.964	9756	0.126113
842	205.208	9729	0.125764
843	205.451	9639	0.124601
844	205.695	9560	0.12358
845	205.939	9334	0.120658
846	206.183	9571	0.123722
847	206.427	9588	0.123942
848	206.671	9363	0.121033
849	206.915	9556	0.123528
850	207.159	9322	0.120503
851	207.402	9143	0.118189
852	207.646	9252	0.119598
853	207.890	9222	0.11921
854	208.134	9060	0.117116
855	208.378	9195	0.118861
856	208.622	9176	0.118616
857	208.866	9004	0.116392
858	209.109	9304	0.12027
859	209.353	9126	0.117969
860	209.597	9180	0.118667
861	209.841	9209	0.119042
862	210.085	9036	0.116806
863	210.329	8983	0.116121
864	210.573	8898	0.115022
865	210.817	8959	0.115811
866	211.060	9010	0.11647
867	211.304	8969	0.11594
868	211.548	9142	0.118176
869	211.792	8876	0.114738
870	212.036	9016	0.116547
871	212.280	9000	0.116341
872	212.524	8983	0.116121
873	212.767	9017	0.11656
874	213.011	8885	0.114854
875	213.255	9024	0.116651
876	213.499	8946	0.115643
877	213.743	8946	0.115643
878	213.987	8823	0.114053
879	214.231	8998	0.116315
880	214.474	8757	0.113199
881	214.718	8869	0.114647
882	214.962	8793	0.113665
883	215.206	8766	0.113316
884	215.450	8885	0.114854
885	215.694	8930	0.115436
886	215.938	8910	0.115177
887	216.182	8824	0.114065
888	216.425	9116	0.11784
889	216.669	8914	0.115229
890	216.913	8791	0.113639
891	217.157	8878	0.114764
892	217.401	8688	0.112307
893	217.645	8760	0.113238
894	217.889	8791	0.113639
895	218.132	8801	0.113768
896	218.376	8826	0.114091
897	218.620	8844	0.114324
898	218.864	8829	0.11413
899	219.108	8622	0.111454
900	219.352	8657	0.111907
901	219.596	8678	0.112178
902	219.839	8677	0.112165
903	220.083	8605	0.111235
904	220.327	8520	0.110136
905	220.571	8704	0.112514
906	220.815	8598	0.111144
907	221.059	8731	0.112863
908	221.303	8642	0.111713
909	221.547	8679	0.112191
910	221.790	8458	0.109334
911	222.034	8631	0.111571
912	222.278	8621	0.111441
913	222.522	8877	0.114751
914	222.766	9059	0.117103
915	223.010	9181	0.11868
916	223.254	9435	0.121964
917	223.497	9456	0.122235
918	223.741	9368	0.121098
919	223.985	9383	0.121292
920	224.229	9086	0.117452
921	224.473	8823	0.114053
922	224.717	8706	0.11254
923	224.961	8688	0.112307
924	225.205	8512	0.110032
925	225.448	8419	0.10883
926	225.692	8273	0.106943
927	225.936	8477	0.10958
928	226.180	8428	0.108947
929	226.424	8323	0.107589
930	226.668	8343	0.107848
931	226.912	8431	0.108985
932	227.155	8329	0.107667
933	227.399	8457	0.109321
934	227.643	8404	0.108636
935	227.887	8459	0.109347
936	228.131	8337	0.10777
937	228.375	8275	0.106969
938	228.619	8138	0.105198
939	228.862	8194	0.105922
940	229.106	8320	0.10755
941	229.350	8181	0.105754
942	229.594	8253	0.106684
943	229.838	8118	0.104939
944	230.082	8080	0.104448
945	230.326	8289	0.10715
946	230.570	8025	0.103737
947	230.813	8085	0.104513
948	231.057	8109	0.104823
949	231.301	8095	0.104642
950	231.545	8168	0.105586
951	231.789	7950	0.102768
952	232.033	7861	0.101617
953	232.277	8092	0.104603
954	232.520	8197	0.10596
955	232.764	7940	0.102638
956	233.008	7956	0.102845
957	233.252	8048	0.104034
958	233.496	7903	0.10216
959	233.740	7900	0.102121
960	233.984	8013	0.103582
961	234.228	8066	0.104267
962	234.471	7819	0.101074
963	234.715	7898	0.102095
964	234.959	7880	0.101863
965	235.203	8040	0.103931
966	235.447	7554	0.0976485
967	235.691	7750	0.100182
968	235.935	7788	0.100673
969	236.178	7757	0.100273
970	236.422	7753	0.100221
971	236.666	7737	0.100014
972	236.910	7535	0.0974029
973	237.154	7553	0.0976356
974	237.398	7648	0.0988636
975	237.642	7524	0.0972607
976	237.885	7584	0.0980363
977	238.129	7491	0.0968342
978	238.373	7518	0.0971832
979	238.617	7488	0.0967954
980	238.861	7596	0.0981915
981	239.105	7475	0.0966273
982	239.349	7509	0.0970668
983	239.593	7509	0.0970668
984	239.836	7444	0.0962266
985	240.080	7431	0.0960585
986	240.324	7410	0.0957871
987	240.568	7405	0.0957225
988	240.812	7543	0.0975063
989	241.056	7310	0.0944944
990	241.300	7372	0.0952959
991	241.543	7372	0.0952959
992	241.787	7288	0.09421
993	242.031	7370	0.09527
994	242.275	7302	0.094391
995	242.519	7225	0.0933956
996	242.763	7176	0.0927622
997	243.007	7253	0.0937576
998	243.250	7327	0.0947142
999	243.494	7450	0.0963042
1000	243.738	7262	0.0938739
1001	243.982	7120	0.0920383
1002	244.226	7227	0.0934215
1003	244.470	7247	0.09368
1004	244.714	7165	0.09262
1005	244.958	7102	0.0918057
1006	245.201	7105	0.0918444
1007	245.445	7204	0.0931242
1008	245.689	6992	0.0903837
1009	245.933	6931	0.0895952
1010	246.177	6965	0.0900347
1011	246.421	7035	0.0909396
1012	246.665	7013	0.0906552
1013	246.908	6901	0.0892074
1014	247.152	7070	0.091392
1015	247.396	7006	0.0905647
1016	247.640	6872	0.0888325
1017	247.884	6899	0.0891815
1018	248.128	6881	0.0889488
1019	248.372	6804	0.0879535
1020	248.616	6900	0.0891945
1021	248.859	6932	0.0896081
1022	249.103	6861	0.0886903
1023	249.347	6912	0.0893496
1024	249.591	6891	0.0890781
1025	249.835	6748	0.0872296
1026	250.079	6835	0.0883542
1027	250.323	6767	0.0874752
1028	250.566	6820	0.0881603
1029	250.810	6738	0.0871003
1030	251.054	6786	0.0877208
1031	251.298	6741	0.0871391
1032	251.542	6698	0.0865833
1033	251.786	6543	0.0845796
1034	252.030	6710	0.0867384
1035	252.273	6781	0.0876562
1036	252.517	6702	0.086635
1037	252.761	6744	0.0871779
1038	253.005	6593	0.0852259
1039	253.249	6774	0.0875657
1040	253.493	6549	0.0846572
1041	253.737	6701	0.086622
1042	253.981	6601	0.0853294
1043	254.224	6702	0.086635
1044	254.468	6519	0.0842694
1045	254.712	6623	0.0856137
1046	254.956	6468	0.0836101
1047	255.200	6464	0.0835584
1048	255.444	6464	0.0835584
1049	255.688	6571	0.0849416
1050	255.931	6377	0.0824338
1051	256.175	6557	0.0847606
1052	256.419	6404	0.0827828
1053	256.663	6557	0.0847606
1054	256.907	6497	0.083985
1055	257.151	6520	0.0842823
1056	257.395	6353	0.0821235
1057	257.638	6563	0.0848381
1058	257.882	6333	0.081865
1059	258.126	6425	0.0830543
1060	258.370	6316	0.0816452
1061	258.614	6348	0.0820589
1062	258.858	6299	0.0814255
1063	259.102	6447	0.0833386
1064	259.346	6380	0.0824726
1065	259.589	6366	0.0822916
1066	259.833	6491	0.0839074
1067	260.077	6452	0.0834033
1068	260.321	6300	0.0814384
1069	260.565	6400	0.0827311
1070	260.809	6423	0.0830284
1071	261.053	6403	0.0827699
1072	261.296	6249	0.0807792
1073	261.540	6290	0.0813091
1074	261.784	6356	0.0821623
1075	262.028	6236	0.0806111
1076	262.272	6147	0.0794606
1077	262.516	6254	0.0808438
1078	262.760	6362	0.0822399
1079	263.004	6066	0.0784136
1080	263.247	6153	0.0795382
1081	263.491	6196	0.080094
1082	263.735	6204	0.0801974
1083	263.979	6137	0.0793314
1084	264.223	6250	0.0807921
1085	264.467	6289	0.0812962
1086	264.711	6313	0.0816065
1087	264.954	6157	0.0795899
1088	265.198	6140	0.0793701
1089	265.442	6160	0.0796287
1090	265.686	6104	0.0789048
1091	265.930	6228	0.0805077
1092	266.174	6139	0.0793572
1093	266.418	6107	0.0789436
1094	266.661	6189	0.0800035
1095	266.905	5918	0.0765004
1096	267.149	6069	0.0784523
1097	267.393	6109	0.0789694
1098	267.637	6138	0.0793443
1099	267.881	6064	0.0783877
1100	268.125	6064	0.0783877
1101	268.369	5947	0.0768753
1102	268.612	5962	0.0770692
1103	268.856	5994	0.0774828
1104	269.100	5933	0.0766943
1105	269.344	5996	0.0775087
1106	269.588	5946	0.0768624
1107	269.832	6052	0.0782326
1108	270.076	5939	0.0767719
1109	270.319	6015	0.0777543
1110	270.563	5940	0.0767848
1111	270.807	5911	0.0764099
1112	271.051	5938	0.0767589
1113	271.295	5994	0.0774828
1114	271.539	5968	0.0771467
1115	271.783	6027	0.0779094
1116	272.026	5985	0.0773665
1117	272.270	5957	0.0770045
1118	272.514	5970	0.0771726
1119	272.758	5844	0.0755438
1120	273.002	5911	0.0764099
1121	273.246	6047	0.078168
1122	273.490	5846	0.0755697
1123	273.734	5940	0.0767848
1124	273.977	5870	0.0758799
1125	274.221	5845	0.0755568
1126	274.465	5999	0.0775475
1127	274.709	6094	0.0787755
1128	274.953	6159	0.0796157
1129	275.197	6638	0.0858076
1130	275.441	7423	0.0959551
1131	275.684	8990	0.116211
1132	275.928	11280	0.145814
1133	276.172	14206	0.183637
1134	276.416	17051	0.220414
1135	276.660	18815	0.243216
1136	276.904	19231	0.248594
1137	277.148	17536	0.226683
1138	277.392	14925	0.192931
1139	277.635	11813	0.152703
1140	277.879	9335	0.120671
1141	278.123	7488	0.0967954
1142	278.367	6718	0.0868418
1143	278.611	6083	0.0786333
1144	278.855	5938	0.0767589
1145	279.099	5860	0.0757507
1146	279.342	5894	0.0761902
1147	279.586	5868	0.0758541
1148	279.830	5833	0.0754016
1149	280.074	5786	0.0747941
1150	280.318	5726	0.0740185
1151	280.562	5858	0.0757248
1152	280.806	5796	0.0749233
1153	281.049	5821	0.0752465
1154	281.293	5818	0.0752077
1155	281.537	5849	0.0756085
1156	281.781	5782	0.0747424
1157	282.025	5858	0.0757248
1158	282.269	5608	0.0724931
1159	282.513	5728	0.0740443
1160	282.757	5734	0.0741219
1161	283.000	5813	0.0751431
1162	283.244	5799	0.0749621
1163	283.488	5734	0.0741219
1164	283.732	5910	0.076397
1165	283.976	5795	0.0749104
1166	284.220	5865	0.0758153
1167	284.464	5768	0.0745614
1168	284.707	5769	0.0745743
1169	284.951	5774	0.074639
1170	285.195	5738	0.0741736
1171	285.439	5854	0.0756731
1172	285.683	5885	0.0760738
1173	285.927	5893	0.0761772
1174	286.171	5660	0.0731653
1175	286.415	5879	0.0759963
1176	286.658	5617	0.0726095
1177	286.902	5797	0.0749363
1178	287.146	5690	0.0735531
1179	287.390	5728	0.0740443
1180	287.634	5701	0.0736953
1181	287.878	5741	0.0742124
1182	288.122	5825	0.0752982
1183	288.365	5884	0.0760609
1184	288.609	5824	0.0752853
1185	288.853	5800	0.074975
1186	289.097	5674	0.0733463
1187	289.341	5780	0.0747165
1188	289.585	5699	0.0736694
1189	289.829	5825	0.0752982
1190	290.072	5730	0.0740702
1191	290.316	5906	0.0763453
1192	290.560	5749	0.0743158
1193	290.804	5644	0.0729585
1194	291.048	5749	0.0743158
1195	291.292	5833	0.0754016
1196	291.536	5844	0.0755438
1197	291.780	5812	0.0751302
1198	292.023	5795	0.0749104
1199	292.267	5787	0.074807
1200	292.511	5735	0.0741348
1201	292.755	5846	0.0755697
1202	292.999	5862	0.0757765
1203	293.243	5768	0.0745614
1204	293.487	5597	0.0723509
1205	293.730	5898	0.0762419
1206	293.974	5775	0.0746519
1207	294.218	5743	0.0742382
1208	294.462	5762	0.0744838
1209	294.706	5768	0.0745614
1210	294.950	5806	0.0750526
1211	295.194	5829	0.0753499
1212	295.437	5628	0.0727517
1213	295.681	5656	0.0731136
1214	295.925	5691	0.073566
1215	296.169	5780	0.0747165
1216	296.413	5635	0.0728421
1217	296.657	5636	0.0728551
1218	296.901	5841	0.075505
1219	297.145	5706	0.0737599
1220	297.388	5715	0.0738763
1221	297.632	5865	0.0758153
1222	297.876	5726	0.0740185
1223	298.120	5812	0.0751302
1224	298.364	5827	0.0753241
1225	298.608	5707	0.0737729
1226	298.852	5892	0.0761643
1227	299.095	5711	0.0738246
1228	299.339	5676	0.0733721
1229	299.583	5774	0.074639
1230	299.827	5829	0.0753499
1231	300.071	5737	0.0741607
1232	300.315	5652	0.0730619
1233	300.559	5760	0.074458
1234	300.803	5772	0.0746131
1235	301.046	5891	0.0761514
1236	301.290	5982	0.0773277
1237	301.534	6497	0.083985
1238	301.778	7900	0.102121
1239	302.022	10587	0.136855
1240	302.266	14599	0.188717
1241	302.510	20983	0.271242
1242	302.753	27827	0.359712
1243	302.997	33907	0.438307
1244	303.241	37192	0.480771
1245	303.485	35957	0.464807
1246	303.729	31238	0.403805
1247	303.973	24290	0.31399
1248	304.217	17522	0.226502
1249	304.460	12248	0.158327
1250	304.704	8935	0.1155
1251	304.948	7121	0.0920513
1252	305.192	6292	0.081335
1253	305.436	6074	0.078517
1254	305.680	5892	0.0761643
1255	305.924	5628	0.0727517
1256	306.168	5718	0.0739151
1257	306.411	5751	0.0743416
1258	306.655	5731	0.0740831
1259	306.899	5822	0.0752594
1260	307.143	6030	0.0779482
1261	307.387	6033	0.077987
1262	307.631	5970	0.0771726
1263	307.875	6009	0.0776767
1264	308.118	6028	0.0779223
1265	308.362	6064	0.0783877
1266	308.606	5832	0.0753887
1267	308.850	5903	0.0763065
1268	309.094	5813	0.0751431
1269	309.338	5605	0.0724543
1270	309.582	5836	0.0754404
1271	309.825	5908	0.0763711
1272	310.069	5815	0.0751689
1273	310.313	5781	0.0747294
1274	310.557	6051	0.0782197
1275	310.801	5988	0.0774053
1276	311.045	5940	0.0767848
1277	311.289	6044	0.0781292
1278	311.533	5900	0.0762677
1279	311.776	5823	0.0752724
1280	312.020	5856	0.0756989
1281	312.264	5916	0.0764745
1282	312.508	5819	0.0752207
1283	312.752	5762	0.0744838
1284	312.996	5714	0.0738633
1285	313.240	5740	0.0741994
1286	313.483	5739	0.0741865
1287	313.727	5779	0.0747036
1288	313.971	5706	0.0737599
1289	314.215	5686	0.0735014
1290	314.459	5741	0.0742124
1291	314.703	5860	0.0757507
1292	314.947	5722	0.0739668
1293	315.191	5689	0.0735402
1294	315.434	5830	0.0753629
1295	315.678	5824	0.0752853
1296	315.922	5772	0.0746131
1297	316.166	5754	0.0743804
1298	316.410	5806	0.0750526
1299	316.654	5725	0.0740055
1300	316.898	5683	0.0734626
1301	317.141	5754	0.0743804
1302	317.385	5812	0.0751302
1303	317.629	5732	0.074096
1304	317.873	5733	0.074109
1305	318.117	5888	0.0761126
1306	318.361	6068	0.0784394
1307	318.605	6592	0.085213
1308	318.848	8238	0.10649
1309	319.092	12066	0.155974
1310	319.336	18865	0.243863
1311	319.580	29908	0.386613
1312	319.824	44229	0.571736
1313	320.068	59522	0.769425
1314	320.312	72065	0.931565
1315	320.556	76165	0.984565
1316	320.799	71959	0.930195
1317	321.043	59684	0.771519
1318	321.287	43909	0.5676
1319	321.531	29778	0.384932
1320	321.775	18210	0.235396
1321	322.019	11674	0.150907
1322	322.263	8262	0.106801
1323	322.506	6585	0.0851225
1324	322.750	6062	0.0783619
1325	322.994	5816	0.0751819
1326	323.238	5793	0.0748846
1327	323.482	5758	0.0744321
1328	323.726	5778	0.0746907
1329	323.970	5780	0.0747165
1330	324.213	5706	0.0737599
1331	324.457	5715	0.0738763
1332	324.701	5798	0.0749492
1333	324.945	5729	0.0740573
1334	325.189	5738	0.0741736
1335	325.433	5551	0.0717563
1336	325.677	5796	0.0749233
1337	325.921	5845	0.0755568
1338	326.164	5667	0.0732558
1339	326.408	5809	0.0750914
1340	326.652	5593	0.0722992
1341	326.896	5777	0.0746777
1342	327.140	5837	0.0754533
1343	327.384	5749	0.0743158
1344	327.628	5616	0.0725965
1345	327.871	5630	0.0727775
1346	328.115	5728	0.0740443
1347	328.359	5744	0.0742512
1348	328.603	5773	0.074626
1349	328.847	5677	0.0733851
1350	329.091	5665	0.0732299
1351	329.335	5784	0.0747682
1352	329.579	5848	0.0755955
1353	329.822	5754	0.0743804
1354	330.066	5703	0.0737212
1355	330.310	5763	0.0744968
1356	330.554	5713	0.0738504
1357	330.798	5763	0.0744968
1358	331.042	5806	0.0750526
1359	331.286	5794	0.0748975
1360	331.529	5839	0.0754792
1361	331.773	5901	0.0762806
1362	332.017	5762	0.0744838
1363	332.261	5754	0.0743804
1364	332.505	5808	0.0750785
1365	332.749	5815	0.0751689
1366	332.993	5850	0.0756214
1367	333.236	6061	0.0783489
1368	333.480	6011	0.0777026
1369	333.724	6152	0.0795253
1370	333.968	6391	0.0826147
1371	334.212	6275	0.0811152
1372	334.456	6287	0.0812704
1373	334.700	6288	0.0812833
1374	334.944	6100	0.0788531
1375	335.187	5952	0.0769399
1376	335.431	5835	0.0754275
1377	335.675	5763	0.0744968
1378	335.919	5777	0.0746777
1379	336.163	5616	0.0725965
1380	336.407	5723	0.0739797
1381	336.651	5831	0.0753758
1382	336.894	5790	0.0748458
1383	337.138	5649	0.0730231
1384	337.382	5704	0.0737341
1385	337.626	5688	0.0735273
1386	337.870	5712	0.0738375
1387	338.114	5936	0.0767331
1388	338.358	5741	0.0742124
1389	338.602	5598	0.0723638
1390	338.845	5771	0.0746002
1391	339.089	5833	0.0754016
1392	339.333	5763	0.0744968
1393	339.577	5629	0.0727646
1394	339.821	5549	0.0717304
1395	340.065	5609	0.072506
1396	340.309	5565	0.0719373
1397	340.552	5601	0.0724026
1398	340.796	5460	0.07058
1399	341.040	5432	0.070218
1400	341.284	5482	0.0708643
1401	341.528	5461	0.0705929
1402	341.772	5464	0.0706317
1403	342.016	5391	0.069688
1404	342.259	5316	0.0687185
1405	342.503	5416	0.0700112
1406	342.747	5339	0.0690158
1407	342.991	5231	0.0676197
1408	343.235	5267	0.0680851
1409	343.479	5256	0.0679429
1410	343.723	5054	0.0653317
1411	343.967	5090	0.0657971
1412	344.210	5063	0.065448
1413	344.454	5048	0.0652541
1414	344.698	5025	0.0649568
1415	344.942	4935	0.0637934
1416	345.186	5071	0.0655515
1417	345.430	4943	0.0638968
1418	345.674	4799	0.0620354
1419	345.917	4928	0.0637029
1420	346.161	4985	0.0644398
1421	346.405	4901	0.0633539
1422	346.649	4878	0.0630566
1423	346.893	4678	0.0604713
1424	347.137	4781	0.0618027
1425	347.381	4635	0.0599154
1426	347.624	4857	0.0627851
1427	347.868	4642	0.0600059
1428	348.112	4748	0.0613761
1429	348.356	4698	0.0607298
1430	348.600	4776	0.0617381
1431	348.844	4547	0.0587779
1432	349.088	4661	0.0602515
1433	349.332	4509	0.0582866
1434	349.575	4592	0.0593596
1435	349.819	4620	0.0597215
1436	350.063	4550	0.0588166
1437	350.307	4609	0.0595793
1438	350.551	4638	0.0599542
1439	350.795	4600	0.059463
1440	351.039	4377	0.0565803
1441	351.282	4584	0.0592561
1442	351.526	4506	0.0582479
1443	351.770	4545	0.058752
1444	352.014	4516	0.0583771
1445	352.258	4608	0.0595664
1446	352.502	4519	0.0584159
1447	352.746	4437	0.0573559
1448	352.990	4566	0.0590235
1449	353.233	4411	0.0570198
1450	353.477	4489	0.0580281
1451	353.721	4512	0.0583254
1452	353.965	4491	0.058054
1453	354.209	4670	0.0603678
1454	354.453	5139	0.0664305
1455	354.697	6616	0.0855233
1456	354.940	9677	0.125092
1457	355.184	15988	0.206673
1458	355.428	26902	0.347755
1459	355.672	42624	0.550989
1460	355.916	62274	0.804999
1461	356.160	80361	1.03881
1462	356.404	91255	1.17963
1463	356.647	92204	1.1919
1464	356.891	81875	1.05838
1465	357.135	64004	0.827363
1466	357.379	44551	0.575899
1467	357.623	27975	0.361625
1468	357.867	16622	0.214868
1469	358.111	9835	0.127134
1470	358.355	6431	0.0831318
1471	358.598	5027	0.0649827
1472	358.842	4452	0.0575498
1473	359.086	4294	0.0555074
1474	359.330	4219	0.0545379
1475	359.574	4192	0.0541889
1476	359.818	4166	0.0538528
1477	360.062	4096	0.0529479
1478	360.305	4219	0.0545379
1479	360.549	4191	0.0541759
1480	360.793	4208	0.0543957
1481	361.037	4238	0.0547835
1482	361.281	4098	0.0529737
1483	361.525	4056	0.0524308
1484	361.769	4151	0.0536589
1485	362.012	4224	0.0546025
1486	362.256	4025	0.0520301
1487	362.500	4223	0.0545896
1488	362.744	4172	0.0539303
1489	362.988	4182	0.0540596
1490	363.232	4031	0.0521077
1491	363.476	4119	0.0532452
1492	363.720	4181	0.0540467
1493	363.963	4135	0.053452
1494	364.207	4030	0.0520947
1495	364.451	4013	0.051875
1496	364.695	4165	0.0538398
1497	364.939	4162	0.0538011
1498	365.183	3989	0.0515647
1499	365.427	4051	0.0523662
1500	365.670	3973	0.0513579
1501	365.914	4240	0.0548093
1502	366.158	4111	0.0531418
1503	366.402	3977	0.0514096
1504	366.646	3991	0.0515906
1505	366.890	4088	0.0528445
1506	367.134	4001	0.0517199
1507	367.378	4079	0.0527281
1508	367.621	4030	0.0520947
1509	367.865	4043	0.0522628
1510	368.109	3993	0.0516164
1511	368.353	3984	0.0515001
1512	368.597	3953	0.0510994
1513	368.841	4151	0.0536589
1514	369.085	4054	0.052405
1515	369.328	4099	0.0529867
1516	369.572	4077	0.0527023
1517	369.816	3931	0.050815
1518	370.060	4052	0.0523791
1519	370.304	3943	0.0509701
1520	370.548	4031	0.0521077
1521	370.792	3951	0.0510735
1522	371.035	4021	0.0519784
1523	371.279	4006	0.0517845
1524	371.523	3977	0.0514096
1525	371.767	3940	0.0509313
1526	372.011	3859	0.0498843
1527	372.255	3931	0.050815
1528	372.499	3844	0.0496904
1529	372.743	3895	0.0503496
1530	372.986	3885	0.0502204
1531	373.230	3810	0.0492509
1532	373.474	3950	0.0510606
1533	373.718	3945	0.050996
1534	373.962	3804	0.0491733
1535	374.206	3830	0.0495094
1536	374.450	3925	0.0507374
1537	374.693	3995	0.0516423
1538	374.937	3757	0.0485657
1539	375.181	4055	0.0524179
1540	375.425	3852	0.0497938
1541	375.669	3922	0.0506986
1542	375.913	3849	0.049755
1543	376.157	3846	0.0497162
1544	376.401	3942	0.0509572
1545	376.644	3956	0.0511382
1546	376.888	4086	0.0528186
1547	377.132	3919	0.0506599
1548	377.376	3952	0.0510864
1549	377.620	4043	0.0522628
1550	377.864	4018	0.0519396
1551	378.108	3914	0.0505952
1552	378.351	3856	0.0498455
1553	378.595	3912	0.0505694
1554	378.839	3832	0.0495352
1555	379.083	3779	0.0488501
1556	379.327	3802	0.0491474
1557	379.571	3893	0.0503238
1558	379.815	3809	0.0492379
1559	380.058	3810	0.0492509
1560	380.302	3869	0.0500135
1561	380.546	3775	0.0487984
1562	380.790	3644	0.047105
1563	381.034	3672	0.047467
1564	381.278	3794	0.049044
1565	381.522	3660	0.0473118
1566	381.766	3851	0.0497808
1567	382.009	3902	0.0504401
1568	382.253	3806	0.0491991
1569	382.497	3944	0.050983
1570	382.741	4400	0.0568776
1571	382.985	5064	0.065461
1572	383.229	6448	0.0833516
1573	383.473	8442	0.109127
1574	383.716	10961	0.14169
1575	383.960	13663	0.176618
1576	384.204	15187	0.196318
1577	384.448	15860	0.205018
1578	384.692	14931	0.193009
1579	384.936	12661	0.163665
1580	385.180	9957	0.128711
1581	385.423	7707	0.0996263
1582	385.667	6013	0.0777284
1583	385.911	5078	0.0656419
1584	386.155	4473	0.0578213
1585	386.399	4426	0.0572137
1586	386.643	4617	0.0596827
1587	386.887	4819	0.0622939
1588	387.131	4953	0.0640261
1589	387.374	5084	0.0657195
1590	387.618	5070	0.0655385
1591	387.862	4833	0.0624749
1592	388.106	4588	0.0593078
1593	388.350	4284	0.0553781
1594	388.594	3887	0.0502462
1595	388.838	3880	0.0501557
1596	389.081	3799	0.0491087
1597	389.325	3604	0.0465879
1598	389.569	3750	0.0484752
1599	389.813	3735	0.0482813
1600	390.057	3661	0.0473248
1601	390.301	3671	0.047454
1602	390.545	3798	0.0490957
1603	390.789	3800	0.0491216
1604	391.032	3932	0.0508279
1605	391.276	3932	0.0508279
1606	391.520	3930	0.0508021
1607	391.764	3940	0.0509313
1608	392.008	3908	0.0505177
1609	392.252	3854	0.0498196
1610	392.496	3719	0.0480745
1611	392.739	3817	0.0493413
1612	392.983	3693	0.0477384
1613	393.227	3658	0.047286
1614	393.471	3695	0.0477643
1615	393.715	3618	0.0467689
1616	393.959	3536	0.0457089
1617	394.203	3597	0.0464975
1618	394.446	3707	0.0479194
1619	394.690	3586	0.0463553
1620	394.934	3552	0.0459158
1621	395.178	3573	0.0461872
1622	395.422	3535	0.045696
1623	395.666	3675	0.0475057
1624	395.910	3558	0.0459933
1625	396.154	3522	0.045528
1626	396.397	3606	0.0466138
1627	396.641	3539	0.0457477
1628	396.885	3586	0.0463553
1629	397.129	3563	0.0460579
1630	397.373	3493	0.0451531
1631	397.617	3626	0.0468723
1632	397.861	3476	0.0449333
1633	398.104	3578	0.0462518
1634	398.348	3409	0.0440672
1635	398.592	3483	0.0450238
1636	398.836	3553	0.0459287
1637	399.080	3521	0.045515
1638	399.324	3452	0.0446231
1639	399.568	3533	0.0456701
1640	399.811	3577	0.0462389
1641	400.055	3506	0.0453211
1642	400.299	3543	0.0457994
1643	400.543	3421	0.0442224
1644	400.787	3494	0.045166
1645	401.031	3502	0.0452694
1646	401.275	3577	0.0462389
1647	401.519	3615	0.0467301
1648	401.762	3523	0.0455409
1649	402.006	3507	0.0453341
1650	402.250	3421	0.0442224
1651	402.494	3464	0.0447782
1652	402.738	3477	0.0449462
1653	402.982	3397	0.0439121
1654	403.226	3517	0.0454633
1655	403.469	3450	0.0445972
1656	403.713	3406	0.0440285
1657	403.957	3596	0.0464845
1658	404.201	3529	0.0456184
1659	404.445	3491	0.0451272
1660	404.689	3509	0.0453599
1661	404.933	3348	0.0432787
1662	405.177	3383	0.0437311
1663	405.420	3516	0.0454504
1664	405.664	3438	0.0444421
1665	405.908	3467	0.044817
1666	406.152	3327	0.0430072
1667	406.396	3422	0.0442353
1668	406.640	3433	0.0443775
1669	406.884	3480	0.044985
1670	407.127	3510	0.0453728
1671	407.371	3488	0.0450884
1672	407.615	3305	0.0427229
1673	407.859	3470	0.0448558
1674	408.103	3460	0.0447265
1675	408.347	3451	0.0446102
1676	408.591	3508	0.045347
1677	408.834	3367	0.0435243
1678	409.078	3387	0.0437828
1679	409.322	3459	0.0447136
1680	409.566	3428	0.0443128
1681	409.810	3435	0.0444033
1682	410.054	3468	0.0448299
1683	410.298	3403	0.0439897
1684	410.542	3419	0.0441965
1685	410.785	3409	0.0440672
1686	411.029	3417	0.0441706
1687	411.273	3484	0.0450367
1688	411.517	3527	0.0455926
1689	411.761	3409	0.0440672
1690	412.005	3418	0.0441836
1691	412.249	3473	0.0448945
1692	412.492	3482	0.0450109
1693	412.736	3475	0.0449204
1694	412.980	3472	0.0448816
1695	413.224	3432	0.0443645
1696	413.468	3515	0.0454375
1697	413.712	3415	0.0441448
1698	413.956	3377	0.0436536
1699	414.199	3579	0.0462648
1700	414.443	3435	0.0444033
1701	414.687	3527	0.0455926
1702	414.931	3534	0.0456831
1703	415.175	3512	0.0453987
1704	415.419	3522	0.045528
1705	415.663	3597	0.0464975
1706	415.907	3566	0.0460967
1707	416.150	3479	0.0449721
1708	416.394	3526	0.0455797
1709	416.638	3479	0.0449721
1710	416.882	3288	0.0425031
1711	417.126	3445	0.0445326
1712	417.370	3370	0.0435631
1713	417.614	3366	0.0435114
1714	417.857	3523	0.0455409
1715	418.101	3392	0.0438475
1716	418.345	3455	0.0446619
1717	418.589	3332	0.0430719
1718	418.833	3413	0.0441189
1719	419.077	3333	0.0430848
1720	419.321	3503	0.0452823
1721	419.565	3480	0.044985
1722	419.808	3372	0.0435889
1723	420.052	3497	0.0452048
1724	420.296	3549	0.045877
1725	420.540	3389	0.0438087
1726	420.784	3526	0.0455797
1727	421.028	3404	0.0440026
1728	421.272	3425	0.0442741
1729	421.515	3426	0.044287
1730	421.759	3410	0.0440802
1731	422.003	3453	0.044636
1732	422.247	3418	0.0441836
1733	422.491	3464	0.0447782
1734	422.735	3405	0.0440155
1735	422.979	3483	0.0450238
1736	423.222	3330	0.043046
1737	423.466	3318	0.0428909
1738	423.710	3332	0.0430719
1739	423.954	3383	0.0437311
1740	424.198	3429	0.0443258
1741	424.442	3491	0.0451272
1742	424.686	3457	0.0446877
1743	424.930	3402	0.0439767
1744	425.173	3358	0.043408
1745	425.417	3389	0.0438087
1746	425.661	3352	0.0433304
1747	425.905	3463	0.0447653
1748	426.149	3389	0.0438087
1749	426.393	3425	0.0442741
1750	426.637	3290	0.0425289
1751	426.880	3370	0.0435631
1752	427.124	3247	0.0419731
1753	427.368	3352	0.0433304
1754	427.612	3406	0.0440285
1755	427.856	3329	0.0430331
1756	428.100	3488	0.0450884
1757	428.344	3336	0.0431236
1758	428.588	3379	0.0436794
1759	428.831	3400	0.0439509
1760	429.075	3399	0.043938
1761	429.319	3358	0.043408
1762	429.563	3456	0.0446748
1763	429.807	3321	0.0429297
1764	430.051	3352	0.0433304
1765	430.295	3364	0.0434855
1766	430.538	3446	0.0445455
1767	430.782	3418	0.0441836
1768	431.026	3430	0.0443387
1769	431.270	3436	0.0444163
1770	431.514	3401	0.0439638
1771	431.758	3439	0.044455
1772	432.002	3473	0.0448945
1773	432.245	3321	0.0429297
1774	432.489	3352	0.0433304
1775	432.733	3299	0.0426453
1776	432.977	3340	0.0431753
1777	433.221	3332	0.0430719
1778	433.465	3376	0.0436406
1779	433.709	3384	0.0437441
1780	433.953	3389	0.0438087
1781	434.196	3482	0.0450109
1782	434.440	3392	0.0438475
1783	434.684	3427	0.0442999
1784	434.928	3440	0.044468
1785	435.172	3356	0.0433821
1786	435.416	3497	0.0452048
1787	435.660	3445	0.0445326
1788	435.903	3459	0.0447136
1789	436.147	3469	0.0448428
1790	436.391	3516	0.0454504
1791	436.635	3668	0.0474153
1792	436.879	3815	0.0493155
1793	437.123	3921	0.0506857
1794	437.367	3949	0.0510477
1795	437.610	4082	0.0527669
1796	437.854	4000	0.0517069
1797	438.098	3859	0.0498843
1798	438.342	3718	0.0480616
1799	438.586	3585	0.0463423
1800	438.830	3560	0.0460192
1801	439.074	3440	0.044468
1802	439.318	3399	0.043938
1803	439.561	3369	0.0435502
1804	439.805	3454	0.0446489
1805	440.049	3313	0.0428263
1806	440.293	3468	0.0448299
1807	440.537	3439	0.044455
1808	440.781	3356	0.0433821
1809	441.025	3494	0.045166
1810	441.268	3402	0.0439767
1811	441.512	3383	0.0437311
1812	441.756	3306	0.0427358
1813	442.000	3370	0.0435631
1814	442.244	3338	0.0431494
1815	442.488	3340	0.0431753
1816	442.732	3421	0.0442224
1817	442.976	3388	0.0437958
1818	443.219	3381	0.0437053
1819	443.463	3408	0.0440543
1820	443.707	3381	0.0437053
1821	443.951	3442	0.0444938
1822	444.195	3291	0.0425419
1823	444.439	3454	0.0446489
1824	444.683	3460	0.0447265
1825	444.926	3460	0.0447265
1826	445.170	3477	0.0449462
1827	445.414	3417	0.0441706
1828	445.658	3398	0.043925
1829	445.902	3386	0.0437699
1830	446.146	3461	0.0447394
1831	446.390	3429	0.0443258
1832	446.633	3433	0.0443775
1833	446.877	3483	0.0450238
1834	447.121	3491	0.0451272
1835	447.365	3440	0.044468
1836	447.609	3541	0.0457736
1837	447.853	3386	0.0437699
1838	448.097	3403	0.0439897
1839	448.341	3483	0.0450238
1840	448.584	3428	0.0443128
1841	448.828	3363	0.0434726
1842	449.072	3544	0.0458123
1843	449.316	3383	0.0437311
1844	449.560	3515	0.0454375
1845	449.804	3444	0.0445197
1846	450.048	3426	0.044287
1847	450.291	3404	0.0440026
1848	450.535	3511	0.0453858
1849	450.779	3385	0.043757
1850	451.023	3410	0.0440802
1851	451.267	3424	0.0442611
1852	451.511	3375	0.0436277
1853	451.755	3348	0.0432787
1854	451.998	3397	0.0439121
1855	452.242	3502	0.0452694
1856	452.486	3309	0.0427746
1857	452.730	3381	0.0437053
1858	452.974	3485	0.0450497
1859	453.218	3558	0.0459933
1860	453.462	3520	0.0455021
1861	453.706	3395	0.0438863
1862	453.949	3440	0.044468
1863	454.193	3464	0.0447782
1864	454.437	3470	0.0448558
1865	454.681	3405	0.0440155
1866	454.925	3408	0.0440543
1867	455.169	3475	0.0449204
1868	455.413	3459	0.0447136
1869	455.656	3529	0.0456184
1870	455.900	3365	0.0434985
1871	456.144	3418	0.0441836
1872	456.388	3610	0.0466655
1873	456.632	3527	0.0455926
1874	456.876	3531	0.0456443
1875	457.120	3448	0.0445714
1876	457.364	3519	0.0454892
1877	457.607	3540	0.0457606
1878	457.851	3367	0.0435243
1879	458.095	3491	0.0451272
1880	458.339	3464	0.0447782
1881	458.583	3612	0.0466914
1882	458.827	3375	0.0436277
1883	459.071	3496	0.0451919
1884	459.314	3308	0.0427616
1885	459.558	3502	0.0452694
1886	459.802	3365	0.0434985
1887	460.046	3561	0.0460321
1888	460.290	3550	0.0458899
1889	460.534	3513	0.0454116
1890	460.778	3415	0.0441448
1891	461.021	3484	0.0450367
1892	461.265	3550	0.0458899
1893	461.509	3513	0.0454116
1894	461.753	3462	0.0447523
1895	461.997	3497	0.0452048
1896	462.241	3606	0.0466138
1897	462.485	3460	0.0447265
1898	462.729	3453	0.044636
1899	462.972	3532	0.0456572
1900	463.216	3528	0.0456055
1901	463.460	3473	0.0448945
1902	463.704	3500	0.0452436
1903	463.948	3414	0.0441319
1904	464.192	3519	0.0454892
1905	464.436	3550	0.0458899
1906	464.679	3535	0.045696
1907	464.923	3488	0.0450884
1908	465.167	3506	0.0453211
1909	465.411	3523	0.0455409
1910	465.655	3450	0.0445972
1911	465.899	3528	0.0456055
1912	466.143	3429	0.0443258
1913	466.386	3498	0.0452177
1914	466.630	3461	0.0447394
1915	466.874	3472	0.0448816
1916	467.118	3481	0.044998
1917	467.362	3403	0.0439897
1918	467.606	3524	0.0455538
1919	467.850	3527	0.0455926
1920	468.094	3648	0.0471567
1921	468.337	3522	0.045528
1922	468.581	3496	0.0451919
1923	468.825	3526	0.0455797
1924	469.069	3468	0.0448299
1925	469.313	3479	0.0449721
1926	469.557	3501	0.0452565
1927	469.801	3419	0.0441965
1928	470.044	3412	0.044106
1929	470.288	3494	0.045166
1930	470.532	3541	0.0457736
1931	470.776	3539	0.0457477
1932	471.020	3417	0.0441706
1933	471.264	3543	0.0457994
1934	471.508	3421	0.0442224
1935	471.752	3542	0.0457865
1936	471.995	3516	0.0454504
1937	472.239	3507	0.0453341
1938	472.483	3420	0.0442094
1939	472.727	3532	0.0456572
1940	472.971	3424	0.0442611
1941	473.215	3461	0.0447394
1942	473.459	3408	0.0440543
1943	473.702	3386	0.0437699
1944	473.946	3455	0.0446619
1945	474.190	3429	0.0443258
1946	474.434	3384	0.0437441
1947	474.678	3320	0.0429168
1948	474.922	3516	0.0454504
1949	475.166	3407	0.0440414
1950	475.409	3360	0.0434338
1951	475.653	3345	0.0432399
1952	475.897	3305	0.0427229
1953	476.141	3409	0.0440672
1954	476.385	3411	0.0440931
1955	476.629	3243	0.0419214
1956	476.873	3280	0.0423997
1957	477.117	3322	0.0429426
1958	477.360	3257	0.0421024
1959	477.604	3289	0.042516
1960	477.848	3245	0.0419472
1961	478.092	3279	0.0423868
1962	478.336	3119	0.0403185
1963	478.580	3277	0.0423609
1964	478.824	3196	0.0413138
1965	479.067	3156	0.0407968
1966	479.311	3044	0.039349
1967	479.555	3237	0.0418438
1968	479.799	3204	0.0414173
1969	480.043	3089	0.0399307
1970	480.287	3042	0.0393231
1971	480.531	3167	0.040939
1972	480.775	2984	0.0385734
1973	481.018	3090	0.0399436
1974	481.262	3144	0.0406416
1975	481.506	3013	0.0389482
1976	481.750	3032	0.0391939
1977	481.994	3087	0.0399048
1978	482.238	3044	0.039349
1979	482.482	2999	0.0387673
1980	482.725	3060	0.0395558
1981	482.969	2951	0.0381468
1982	483.213	2932	0.0379012
1983	483.457	3055	0.0394912
1984	483.701	3100	0.0400729
1985	483.945	2893	0.037397
1986	484.189	2992	0.0386768
1987	484.432	2884	0.0372807
1988	484.676	2976	0.03847
1989	484.920	2957	0.0382243
1990	485.164	2856	0.0369187
1991	485.408	3010	0.0389095
1992	485.652	2974	0.0384441
1993	485.896	3047	0.0393878
1994	486.140	2919	0.0377331
1995	486.383	2982	0.0385475
1996	486.627	3016	0.038987
1997	486.871	2947	0.0380951
1998	487.115	2904	0.0375392
1999	487.359	2961	0.0382761
2000	487.603	2905	0.0375522
2001	487.847	2910	0.0376168
2002	488.090	2933	0.0379141
2003	488.334	2978	0.0384958
2004	488.578	2896	0.0374358
2005	488.822	2911	0.0376297
2006	489.066	2840	0.0367119
2007	489.310	2899	0.0374746
2008	489.554	2924	0.0377978
2009	489.797	2953	0.0381726
2010	490.041	2943	0.0380434
2011	490.285	2964	0.0383148
2012	490.529	2862	0.0369963
2013	490.773	2766	0.0357553
2014	491.017	2840	0.0367119
2015	491.261	2911	0.0376297
2016	491.505	2936	0.0379529
2017	491.748	2851	0.0368541
2018	491.992	2926	0.0378236
2019	492.236	2793	0.0361044
2020	492.480	2796	0.0361431
2021	492.724	2859	0.0369575
2022	492.968	2835	0.0366473
2023	493.212	2829	0.0365697
2024	493.455	2919	0.0377331
2025	493.699	2894	0.03741
2026	493.943	2834	0.0366344
2027	494.187	2818	0.0364275
2028	494.431	2935	0.03794
2029	494.675	2857	0.0369317
2030	494.919	2844	0.0367636
2031	495.163	2837	0.0366731
2032	495.406	2802	0.0362207
2033	495.650	2871	0.0371126
2034	495.894	2810	0.0363241
2035	496.138	2777	0.0358975
2036	496.382	2844	0.0367636
2037	496.626	2792	0.0360914
2038	496.870	2771	0.03582
2039	497.113	2862	0.0369963
2040	497.357	2837	0.0366731
2041	497.601	2889	0.0373453
2042	497.845	2768	0.0357812
2043	498.089	2831	0.0365956
2044	498.333	2859	0.0369575
2045	498.577	2796	0.0361431
2046	498.820	2866	0.037048
2047	499.064	2717	0.0351219
2048	499.308	2849	0.0368283
2049	499.552	2812	0.03635
2050	499.796	2889	0.0373453
2051	500.040	2876	0.0371773
2052	500.284	2839	0.036699
2053	500.528	2828	0.0365568
2054	500.771	2740	0.0354192
2055	501.015	2816	0.0364017
2056	501.259	2886	0.0373065
2057	501.503	2812	0.03635
2058	501.747	2780	0.0359363
2059	501.991	2771	0.03582
2060	502.235	2718	0.0351349
2061	502.478	2799	0.0361819
2062	502.722	2842	0.0367378
2063	502.966	2924	0.0377978
2064	503.210	2750	0.0355485
2065	503.454	2742	0.0354451
2066	503.698	2857	0.0369317
2067	503.942	2885	0.0372936
2068	504.185	2817	0.0364146
2069	504.429	2871	0.0371126
2070	504.673	2921	0.037759
2071	504.917	2882	0.0372548
2072	505.161	2808	0.0362983
2073	505.405	2783	0.0359751
2074	505.649	2867	0.0370609
2075	505.893	2887	0.0373195
2076	506.136	2760	0.0356778
2077	506.380	2845	0.0367766
2078	506.624	2724	0.0352124
2079	506.868	2813	0.0363629
2080	507.112	2901	0.0375005
2081	507.356	2847	0.0368024
2082	507.600	2839	0.036699
2083	507.843	2805	0.0362595
2084	508.087	2879	0.0372161
2085	508.331	2817	0.0364146
2086	508.575	2863	0.0370092
2087	508.819	3009	0.0388965
2088	509.063	3035	0.0392326
2089	509.307	3111	0.0402151
2090	509.551	3239	0.0418697
2091	509.794	3340	0.0431753
2092	510.038	3546	0.0458382
2093	510.282	3905	0.0504789
2094	510.526	4329	0.0559598
2095	510.770	4628	0.0598249
2096	511.014	4899	0.0633281
2097	511.258	4964	0.0641683
2098	511.501	5050	0.06528
2099	511.745	5302	0.0685375
2100	511.989	5243	0.0677749
2101	512.233	5424	0.0701146
2102	512.477	5700	0.0736824
2103	512.721	7094	0.0917022
2104	512.965	10615	0.137217
2105	513.208	17774	0.22976
2106	513.452	30363	0.392494
2107	513.696	49962	0.645845
2108	513.940	74833	0.967346
2109	514.184	101364	1.31031
2110	514.428	122466	1.58309
2111	514.672	131713	1.70262
2112	514.916	126735	1.63827
2113	515.159	109204	1.41165
2114	515.403	83627	1.08102
2115	515.647	56659	0.732416
2116	515.891	35009	0.452552
2117	516.135	19554	0.252769
2118	516.379	10736	0.138781
2119	516.623	6132	0.0792667
2120	516.866	3952	0.0510864
2121	517.110	3216	0.0415724
2122	517.354	2862	0.0369963
2123	517.598	2776	0.0358846
2124	517.842	2820	0.0364534
2125	518.086	2660	0.0343851
2126	518.330	2719	0.0351478
2127	518.573	2688	0.0347471
2128	518.817	2807	0.0362853
2129	519.061	2730	0.03529
2130	519.305	2583	0.0333897
2131	519.549	2596	0.0335578
2132	519.793	2663	0.0344239
2133	520.037	2761	0.0356907
2134	520.281	2590	0.0334802
2135	520.524	2658	0.0343593
2136	520.768	2630	0.0339973
2137	521.012	2716	0.035109
2138	521.256	2582	0.0333768
2139	521.500	2574	0.0332734
2140	521.744	2704	0.0349539
2141	521.988	2601	0.0336224
2142	522.231	2820	0.0364534
2143	522.475	2607	0.0337
2144	522.719	2729	0.0352771
2145	522.963	2729	0.0352771
2146	523.207	2667	0.0344756
2147	523.451	2586	0.0334285
2148	523.695	2656	0.0343334
2149	523.939	2754	0.0356002
2150	524.182	2701	0.0349151
2151	524.426	2760	0.0356778
2152	524.670	2768	0.0357812
2153	524.914	2695	0.0348375
2154	525.158	2801	0.0362078
2155	525.402	2760	0.0356778
2156	525.646	2828	0.0365568
2157	525.889	2702	0.034928
2158	526.133	2888	0.0373324
2159	526.377	2846	0.0367895
2160	526.621	2881	0.0372419
2161	526.865	2856	0.0369187
2162	527.109	2887	0.0373195
2163	527.353	2933	0.0379141
2164	527.596	2883	0.0372678
2165	527.840	2986	0.0385992
2166	528.084	2861	0.0369834
2167	528.328	2951	0.0381468
2168	528.572	2900	0.0374875
2169	528.816	2837	0.0366731
2170	529.060	2726	0.0352383
2171	529.304	2725	0.0352253
2172	529.547	2695	0.0348375
2173	529.791	2667	0.0344756
2174	530.035	2651	0.0342688
2175	530.279	2605	0.0336741
2176	530.523	2533	0.0327434
2177	530.767	2607	0.0337
2178	531.011	2595	0.0335449
2179	531.254	2560	0.0330924
2180	531.498	2662	0.034411
2181	531.742	2601	0.0336224
2182	531.986	2499	0.0323039
2183	532.230	2587	0.0334415
2184	532.474	2510	0.0324461
2185	532.718	2597	0.0335707
2186	532.962	2520	0.0325754
2187	533.205	2512	0.032472
2188	533.449	2480	0.0320583
2189	533.693	2508	0.0324202
2190	533.937	2479	0.0320454
2191	534.181	2500	0.0323168
2192	534.425	2488	0.0321617
2193	534.669	2483	0.0320971
2194	534.912	2508	0.0324202
2195	535.156	2497	0.0322781
2196	535.400	2573	0.0332605
2197	535.644	2578	0.0333251
2198	535.888	2570	0.0332217
2199	536.132	2626	0.0339456
2200	536.376	2579	0.033338
2201	536.619	2504	0.0323685
2202	536.863	2602	0.0336354
2203	537.107	2596	0.0335578
2204	537.351	2553	0.0330019
2205	537.595	2469	0.0319161
2206	537.839	2547	0.0329244
2207	538.083	2538	0.032808
2208	538.327	2610	0.0337388
2209	538.570	2548	0.0329373
2210	538.814	2551	0.0329761
2211	539.058	2533	0.0327434
2212	539.302	2539	0.032821
2213	539.546	2455	0.0317351
2214	539.790	2530	0.0327046
2215	540.034	2520	0.0325754
2216	540.277	2537	0.0327951
2217	540.521	2504	0.0323685
2218	540.765	2515	0.0325107
2219	541.009	2402	0.03105
2220	541.253	2556	0.0330407
2221	541.497	2513	0.0324849
2222	541.741	2535	0.0327693
2223	541.984	2469	0.0319161
2224	542.228	2502	0.0323427
2225	542.472	2470	0.031929
2226	542.716	2603	0.0336483
2227	542.960	2413	0.0311922
2228	543.204	2509	0.0324332
2229	543.448	2462	0.0318256
2230	543.692	2443	0.03158
2231	543.935	2575	0.0332863
2232	544.179	2541	0.0328468
2233	544.423	2413	0.0311922
2234	544.667	2564	0.0331441
2235	544.911	2488	0.0321617
2236	545.155	2490	0.0321876
2237	545.399	2483	0.0320971
2238	545.642	2458	0.0317739
2239	545.886	2477	0.0320195
2240	546.130	2469	0.0319161
2241	546.374	2400	0.0310242
2242	546.618	2592	0.0335061
2243	546.862	2501	0.0323298
2244	547.106	2523	0.0326141
2245	547.350	2537	0.0327951
2246	547.593	2498	0.032291
2247	547.837	2503	0.0323556
2248	548.081	2474	0.0319807
2249	548.325	2441	0.0315542
2250	548.569	2470	0.031929
2251	548.813	2473	0.0319678
2252	549.057	2445	0.0316059
2253	549.300	2542	0.0328598
2254	549.544	2417	0.0312439
2255	549.788	2503	0.0323556
2256	550.032	2519	0.0325624
2257	550.276	2491	0.0322005
2258	550.520	2394	0.0309466
2259	550.764	2458	0.0317739
2260	551.007	2534	0.0327563
2261	551.251	2467	0.0318902
2262	551.495	2468	0.0319032
2263	551.739	2422	0.0313085
2264	551.983	2448	0.0316446
2265	552.227	2441	0.0315542
2266	552.471	2440	0.0315412
2267	552.715	2494	0.0322393
2268	552.958	2519	0.0325624
2269	553.202	2417	0.0312439
2270	553.446	2429	0.031399
2271	553.690	2518	0.0325495
2272	553.934	2497	0.0322781
2273	554.178	2451	0.0316834
2274	554.422	2412	0.0311793
2275	554.665	2437	0.0315024
2276	554.909	2474	0.0319807
2277	555.153	2452	0.0316963
2278	555.397	2416	0.031231
2279	555.641	2506	0.0323944
2280	555.885	2554	0.0330149
2281	556.129	2435	0.0314766
2282	556.372	2475	0.0319937
2283	556.616	2443	0.03158
2284	556.860	2432	0.0314378
2285	557.104	2470	0.031929
2286	557.348	2560	0.0330924
2287	557.592	2418	0.0312568
2288	557.836	2498	0.032291
2289	558.080	2430	0.031412
2290	558.323	2483	0.0320971
2291	558.567	2393	0.0309337
2292	558.811	2434	0.0314637
2293	559.055	2433	0.0314507
2294	559.299	2437	0.0315024
2295	559.543	2402	0.03105
2296	559.787	2527	0.0326659
2297	560.030	2469	0.0319161
2298	560.274	2436	0.0314895
2299	560.518	2525	0.03264
2300	560.762	2492	0.0322134
2301	561.006	2446	0.0316188
2302	561.250	2420	0.0312827
2303	561.494	2487	0.0321488
2304	561.738	2395	0.0309595
2305	561.981	2454	0.0317222
2306	562.225	2479	0.0320454
2307	562.469	2470	0.031929
2308	562.713	2511	0.032459
2309	562.957	2535	0.0327693
2310	563.201	2413	0.0311922
2311	563.445	2483	0.0320971
2312	563.688	2425	0.0313473
2313	563.932	2483	0.0320971
2314	564.176	2414	0.0312051
2315	564.420	2366	0.0305846
2316	564.664	2438	0.0315154
2317	564.908	2490	0.0321876
2318	565.152	2449	0.0316576
2319	565.395	2467	0.0318902
2320	565.639	2419	0.0312698
2321	565.883	2380	0.0307656
2322	566.127	2479	0.0320454
2323	566.371	2425	0.0313473
2324	566.615	2455	0.0317351
2325	566.859	2510	0.0324461
2326	567.103	2416	0.031231
2327	567.346	2529	0.0326917
2328	567.590	2422	0.0313085
2329	567.834	2479	0.0320454
2330	568.078	2473	0.0319678
2331	568.322	2435	0.0314766
2332	568.566	2443	0.03158
2333	568.810	2449	0.0316576
2334	569.053	2421	0.0312956
2335	569.297	2403	0.0310629
2336	569.541	2407	0.0311146
2337	569.785	2543	0.0328727
2338	570.029	2412	0.0311793
2339	570.273	2527	0.0326659
2340	570.517	2467	0.0318902
2341	570.761	2416	0.031231
2342	571.004	2501	0.0323298
2343	571.248	2463	0.0318385
2344	571.492	2514	0.0324978
2345	571.736	2488	0.0321617
2346	571.980	2470	0.031929
2347	572.224	2467	0.0318902
2348	572.468	2537	0.0327951
2349	572.711	2489	0.0321746
2350	572.955	2478	0.0320324
2351	573.199	2517	0.0325366
2352	573.443	2432	0.0314378
2353	573.687	2514	0.0324978
2354	573.931	2511	0.032459
2355	574.175	2459	0.0317868
2356	574.418	2530	0.0327046
2357	574.662	2560	0.0330924
2358	574.906	2494	0.0322393
2359	575.150	2342	0.0302744
2360	575.394	2453	0.0317093
2361	575.638	2441	0.0315542
2362	575.882	2518	0.0325495
2363	576.126	2529	0.0326917
2364	576.369	2430	0.031412
2365	576.613	2336	0.0301968
2366	576.857	2535	0.0327693
2367	577.101	2431	0.0314249
2368	577.345	2498	0.032291
2369	577.589	2383	0.0308044
2370	577.833	2387	0.0308561
2371	578.076	2407	0.0311146
2372	578.320	2495	0.0322522
2373	578.564	2438	0.0315154
2374	578.808	2450	0.0316705
2375	579.052	2411	0.0311664
2376	579.296	2472	0.0319549
2377	579.540	2427	0.0313732
2378	579.783	2482	0.0320841
2379	580.027	2553	0.0330019
2380	580.271	2427	0.0313732
2381	580.515	2422	0.0313085
2382	580.759	2393	0.0309337
2383	581.003	2478	0.0320324
2384	581.247	2480	0.0320583
2385	581.491	2478	0.0320324
2386	581.734	2452	0.0316963
2387	581.978	2493	0.0322263
2388	582.222	2547	0.0329244
2389	582.466	2547	0.0329244
2390	582.710	2368	0.0306105
2391	582.954	2520	0.0325754
2392	583.198	2486	0.0321359
2393	583.441	2522	0.0326012
2394	583.685	2501	0.0323298
2395	583.929	2466	0.0318773
2396	584.173	2466	0.0318773
2397	584.417	2541	0.0328468
2398	584.661	2420	0.0312827
2399	584.905	2498	0.032291
2400	585.149	2486	0.0321359
2401	585.392	2386	0.0308432
2402	585.636	2478	0.0320324
2403	585.880	2558	0.0330666
2404	586.124	2434	0.0314637
2405	586.368	2504	0.0323685
2406	586.612	2466	0.0318773
2407	586.856	2469	0.0319161
2408	587.099	2478	0.0320324
2409	587.343	2472	0.0319549
2410	587.587	2465	0.0318644
2411	587.831	2544	0.0328856
2412	588.075	2457	0.031761
2413	588.319	2491	0.0322005
2414	588.563	2526	0.0326529
2415	588.806	2567	0.0331829
2416	589.050	2518	0.0325495
2417	589.294	2555	0.0330278
2418	589.538	2505	0.0323815
2419	589.782	2440	0.0315412
2420	590.026	2522	0.0326012
2421	590.270	2498	0.032291
2422	590.514	2603	0.0336483
2423	590.757	2550	0.0329632
2424	591.001	2532	0.0327305
2425	591.245	2537	0.0327951
2426	591.489	2519	0.0325624
2427	591.733	2478	0.0320324
2428	591.977	2490	0.0321876
2429	592.221	2452	0.0316963
2430	592.464	2468	0.0319032
2431	592.708	2480	0.0320583
2432	592.952	2608	0.0337129
2433	593.196	2476	0.0320066
2434	593.440	2501	0.0323298
2435	593.684	2543	0.0328727
2436	593.928	2540	0.0328339
2437	594.171	2626	0.0339456
2438	594.415	2537	0.0327951
2439	594.659	2513	0.0324849
2440	594.903	2563	0.0331312
2441	595.147	2461	0.0318127
2442	595.391	2515	0.0325107
2443	595.635	2547	0.0329244
2444	595.879	2575	0.0332863
2445	596.122	2568	0.0331958
2446	596.366	2551	0.0329761
2447	596.610	2520	0.0325754
2448	596.854	2561	0.0331054
2449	597.098	2597	0.0335707
2450	597.342	2544	0.0328856
2451	597.586	2570	0.0332217
2452	597.829	2590	0.0334802
2453	598.073	2608	0.0337129
2454	598.317	2567	0.0331829
2455	598.561	2554	0.0330149
2456	598.805	2519	0.0325624
2457	599.049	2560	0.0330924
2458	599.293	2587	0.0334415
2459	599.537	2534	0.0327563
2460	599.780	2612	0.0337646
2461	600.024	2544	0.0328856
2462	600.268	2515	0.0325107
2463	600.512	2570	0.0332217
2464	600.756	2644	0.0341783
2465	601.000	2610	0.0337388
2466	601.244	2563	0.0331312
2467	601.487	2670	0.0345144
2468	601.731	2610	0.0337388
2469	601.975	2655	0.0343205
2470	602.219	2551	0.0329761
2471	602.463	2606	0.0336871
2472	602.707	2561	0.0331054
2473	602.951	2540	0.0328339
2474	603.194	2616	0.0338163
2475	603.438	2517	0.0325366
2476	603.682	2516	0.0325237
2477	603.926	2554	0.0330149
2478	604.170	2557	0.0330537
2479	604.414	2531	0.0327176
2480	604.658	2629	0.0339844
2481	604.902	2623	0.0339068
2482	605.145	2574	0.0332734
2483	605.389	2594	0.0335319
2484	605.633	2694	0.0348246
2485	605.877	2742	0.0354451
2486	606.121	2514	0.0324978
2487	606.365	2607	0.0337
2488	606.609	2666	0.0344627
2489	606.852	2649	0.0342429
2490	607.096	2589	0.0334673
2491	607.340	2624	0.0339197
2492	607.584	2528	0.0326788
2493	607.828	2583	0.0333897
2494	608.072	2681	0.0346566
2495	608.316	2620	0.033868
2496	608.559	2677	0.0346049
2497	608.803	2594	0.0335319
2498	609.047	2658	0.0343593
2499	609.291	2682	0.0346695
2500	609.535	2661	0.034398
2501	609.779	2679	0.0346307
2502	610.023	2528	0.0326788
2503	610.267	2759	0.0356649
2504	610.510	2747	0.0355097
2505	610.754	2602	0.0336354
2506	610.998	2721	0.0351736
2507	611.242	2724	0.0352124
2508	611.486	2762	0.0357036
2509	611.730	2681	0.0346566
2510	611.974	2780	0.0359363
2511	612.217	2672	0.0345402
2512	612.461	2662	0.034411
2513	612.705	2616	0.0338163
2514	612.949	2541	0.0328468
2515	613.193	2658	0.0343593
2516	613.437	2589	0.0334673
2517	613.681	2594	0.0335319
2518	613.925	2681	0.0346566
2519	614.168	2665	0.0344497
2520	614.412	2664	0.0344368
2521	614.656	2591	0.0334932
2522	614.900	2675	0.034579
2523	615.144	2680	0.0346436
2524	615.388	2720	0.0351607
2525	615.632	2715	0.0350961
2526	615.875	2647	0.0342171
2527	616.119	2709	0.0350185
2528	616.363	2702	0.034928
2529	616.607	2631	0.0340102
2530	616.851	2632	0.0340232
2531	617.095	2682	0.0346695
2532	617.339	2724	0.0352124
2533	617.582	2677	0.0346049
2534	617.826	2693	0.0348117
2535	618.070	2762	0.0357036
2536	618.314	2723	0.0351995
2537	618.558	2694	0.0348246
2538	618.802	2729	0.0352771
2539	619.046	2696	0.0348505
2540	619.290	2714	0.0350832
2541	619.533	2703	0.034941
2542	619.777	2732	0.0353158
2543	620.021	2595	0.0335449
2544	620.265	2600	0.0336095
2545	620.509	2676	0.0345919
2546	620.753	2737	0.0353805
2547	620.997	2762	0.0357036
2548	621.240	2704	0.0349539
2549	621.484	2732	0.0353158
2550	621.728	2712	0.0350573
2551	621.972	2782	0.0359622
2552	622.216	2754	0.0356002
2553	622.460	2745	0.0354839
2554	622.704	2759	0.0356649
2555	622.948	2764	0.0357295
2556	623.191	2709	0.0350185
2557	623.435	2801	0.0362078
2558	623.679	2722	0.0351866
2559	623.923	2690	0.0347729
2560	624.167	2712	0.0350573
2561	624.411	2717	0.0351219
2562	624.655	2716	0.035109
2563	624.898	2786	0.0360139
2564	625.142	2775	0.0358717
2565	625.386	2757	0.035639
2566	625.630	2755	0.0356131
2567	625.874	2723	0.0351995
2568	626.118	2791	0.0360785
2569	626.362	2773	0.0358458
2570	626.605	2720	0.0351607
2571	626.849	2858	0.0369446
2572	627.093	2817	0.0364146
2573	627.337	2782	0.0359622
2574	627.581	2832	0.0366085
2575	627.825	2703	0.034941
2576	628.069	2778	0.0359105
2577	628.313	2824	0.0365051
2578	628.556	2902	0.0375134
2579	628.800	2752	0.0355744
2580	629.044	2893	0.037397
2581	629.288	2820	0.0364534
2582	629.532	2720	0.0351607
2583	629.776	2909	0.0376039
2584	630.020	2786	0.0360139
2585	630.263	2918	0.0377202
2586	630.507	2856	0.0369187
2587	630.751	2831	0.0365956
2588	630.995	2852	0.036867
2589	631.239	2770	0.035807
2590	631.483	2883	0.0372678
2591	631.727	2759	0.0356649
2592	631.970	2774	0.0358588
2593	632.214	2906	0.0375651
2594	632.458	2850	0.0368412
2595	632.702	2839	0.036699
2596	632.946	2914	0.0376685
2597	633.190	2773	0.0358458
2598	633.434	2819	0.0364405
2599	633.678	2860	0.0369705
2600	633.921	2820	0.0364534
2601	634.165	2851	0.0368541
2602	634.409	2806	0.0362724
2603	634.653	2836	0.0366602
2604	634.897	2840	0.0367119
2605	635.141	2777	0.0358975
2606	635.385	2814	0.0363758
2607	635.628	2915	0.0376814
2608	635.872	2977	0.0384829
2609	636.116	2806	0.0362724
2610	636.360	2808	0.0362983
2611	636.604	2920	0.0377461
2612	636.848	2859	0.0369575
2613	637.092	2919	0.0377331
2614	637.336	2821	0.0364663
2615	637.579	2965	0.0383278
2616	637.823	2856	0.0369187
2617	638.067	2975	0.038457
2618	638.311	2883	0.0372678
2619	638.555	2873	0.0371385
2620	638.799	2798	0.036169
2621	639.043	2864	0.0370222
2622	639.286	2995	0.0387156
2623	639.530	2965	0.0383278
2624	639.774	2983	0.0385604
2625	640.018	2981	0.0385346
2626	640.262	2901	0.0375005
2627	640.506	2955	0.0381985
2628	640.750	2869	0.0370868
2629	640.993	2908	0.0375909
2630	641.237	2891	0.0373712
2631	641.481	2857	0.0369317
2632	641.725	2946	0.0380822
2633	641.969	2977	0.0384829
2634	642.213	2842	0.0367378
2635	642.457	2977	0.0384829
2636	642.701	2802	0.0362207
2637	642.944	3025	0.0391034
2638	643.188	2893	0.037397
2639	643.432	2982	0.0385475
2640	643.676	2879	0.0372161
2641	643.920	2962	0.038289
2642	644.164	2923	0.0377848
2643	644.408	3038	0.0392714
2644	644.651	3043	0.039336
2645	644.895	2913	0.0376556
2646	645.139	2944	0.0380563
2647	645.383	2894	0.03741
2648	645.627	2992	0.0386768
2649	645.871	2983	0.0385604
2650	646.115	3046	0.0393748
2651	646.358	2953	0.0381726
2652	646.602	2992	0.0386768
2653	646.846	3048	0.0394007
2654	647.090	3013	0.0389482
2655	647.334	2988	0.0386251
2656	647.578	3062	0.0395817
2657	647.822	3015	0.0389741
2658	648.066	2973	0.0384312
2659	648.309	2975	0.038457
2660	648.553	3065	0.0396204
2661	648.797	2955	0.0381985
2662	649.041	2956	0.0382114
2663	649.285	3038	0.0392714
2664	649.529	3039	0.0392843
2665	649.773	3031	0.0391809
2666	650.016	3100	0.0400729
2667	650.260	2961	0.0382761
2668	650.504	2969	0.0383795
2669	650.748	2967	0.0383536
2670	650.992	3054	0.0394782
2671	651.236	3044	0.039349
2672	651.480	3073	0.0397238
2673	651.724	3136	0.0405382
2674	651.967	3136	0.0405382
2675	652.211	3190	0.0412363
2676	652.455	3076	0.0397626
2677	652.699	2987	0.0386121
2678	652.943	2990	0.0386509
2679	653.187	3106	0.0401504
2680	653.431	2960	0.0382631
2681	653.674	3206	0.0414431
2682	653.918	3120	0.0403314
2683	654.162	3118	0.0403056
2684	654.406	3028	0.0391421
2685	654.650	3101	0.0400858
2686	654.894	3206	0.0414431
2687	655.138	3148	0.0406934
2688	655.381	3087	0.0399048
2689	655.625	3117	0.0402926
2690	655.869	3063	0.0395946
2691	656.113	3091	0.0399565
2692	656.357	3165	0.0409131
2693	656.601	3077	0.0397756
2694	656.845	3176	0.0410553
2695	657.089	3145	0.0406546
2696	657.332	3138	0.0405641
2697	657.576	3179	0.0410941
2698	657.820	3194	0.041288
2699	658.064	3032	0.0391939
2700	658.308	3128	0.0404348
2701	658.552	3099	0.0400599
2702	658.796	3139	0.040577
2703	659.039	3158	0.0408226
2704	659.283	3178	0.0410812
2705	659.527	3218	0.0415982
2706	659.771	3285	0.0424643
2707	660.015	3470	0.0448558
2708	660.259	3866	0.0499747
2709	660.503	5232	0.0676327
2710	660.746	7683	0.0993161
2711	660.990	11813	0.152703
2712	661.234	19144	0.247469
2713	661.478	28808	0.372393
2714	661.722	42035	0.543375
2715	661.966	54506	0.704584
2716	662.210	65422	0.845693
2717	662.454	70434	0.910481
2718	662.697	68116	0.880517
2719	662.941	59626	0.770769
2720	663.185	47096	0.608797
2721	663.429	34079	0.44053
2722	663.673	22147	0.286288
2723	663.917	13781	0.178143
2724	664.161	8503	0.109916
2725	664.404	5777	0.0746777
2726	664.648	4163	0.053814
2727	664.892	3603	0.046575
2728	665.136	3289	0.042516
2729	665.380	3135	0.0405253
2730	665.624	3173	0.0410165
2731	665.868	3270	0.0422704
2732	666.112	3159	0.0408355
2733	666.355	3239	0.0418697
2734	666.599	3256	0.0420894
2735	666.843	3176	0.0410553
2736	667.087	3119	0.0403185
2737	667.331	3247	0.0419731
2738	667.575	3159	0.0408355
2739	667.819	3185	0.0411716
2740	668.062	3306	0.0427358
2741	668.306	3221	0.041637
2742	668.550	3063	0.0395946
2743	668.794	3192	0.0412621
2744	669.038	3119	0.0403185
2745	669.282	3221	0.041637
2746	669.526	3278	0.0423738
2747	669.769	3256	0.0420894
2748	670.013	3357	0.043395
2749	670.257	3264	0.0421929
2750	670.501	3205	0.0414302
2751	670.745	3279	0.0423868
2752	670.989	3273	0.0423092
2753	671.233	3172	0.0410036
2754	671.477	3242	0.0419085
2755	671.720	3237	0.0418438
2756	671.964	3160	0.0408485
2757	672.208	3225	0.0416887
2758	672.452	3284	0.0424514
2759	672.696	3285	0.0424643
2760	672.940	3302	0.0426841
2761	673.184	3259	0.0421282
2762	673.427	3293	0.0425677
2763	673.671	3285	0.0424643
2764	673.915	3254	0.0420636
2765	674.159	3131	0.0404736
2766	674.403	3286	0.0424772
2767	674.647	3162	0.0408743
2768	674.891	3218	0.0415982
2769	675.135	3332	0.0430719
2770	675.378	3281	0.0424126
2771	675.622	3252	0.0420377
2772	675.866	3327	0.0430072
2773	676.110	3273	0.0423092
2774	676.354	3266	0.0422187
2775	676.598	3331	0.0430589
2776	676.842	3304	0.0427099
2777	677.085	3339	0.0431624
2778	677.329	3377	0.0436536
2779	677.573	3304	0.0427099
2780	677.817	3325	0.0429814
2781	678.061	3349	0.0432916
2782	678.305	3321	0.0429297
2783	678.549	3379	0.0436794
2784	678.792	3336	0.0431236
2785	679.036	3283	0.0424385
2786	679.280	3318	0.0428909
2787	679.524	3239	0.0418697
2788	679.768	3318	0.0428909
2789	680.012	3353	0.0433433
2790	680.256	3405	0.0440155
2791	680.500	3333	0.0430848
2792	680.743	3353	0.0433433
2793	680.987	3414	0.0441319
2794	681.231	3434	0.0443904
2795	681.475	3421	0.0442224
2796	681.719	3253	0.0420507
2797	681.963	3385	0.043757
2798	682.207	3386	0.0437699
2799	682.450	3343	0.0432141
2800	682.694	3327	0.0430072
2801	682.938	3362	0.0434597
2802	683.182	3308	0.0427616
2803	683.426	3356	0.0433821
2804	683.670	3272	0.0422963
2805	683.914	3299	0.0426453
2806	684.157	3419	0.0441965
2807	684.401	3353	0.0433433
2808	684.645	3472	0.0448816
2809	684.889	3429	0.0443258
2810	685.133	3313	0.0428263
2811	685.377	3287	0.0424902
2812	685.621	3438	0.0444421
2813	685.865	3295	0.0425936
2814	686.108	3435	0.0444033
2815	686.352	3408	0.0440543
2816	686.596	3287	0.0424902
2817	686.840	3403	0.0439897
2818	687.084	3445	0.0445326
2819	687.328	3428	0.0443128
2820	687.572	3397	0.0439121
2821	687.815	3337	0.0431365
2822	688.059	3295	0.0425936
2823	688.303	3398	0.043925
2824	688.547	3442	0.0444938
2825	688.791	3460	0.0447265
2826	689.035	3290	0.0425289
2827	689.279	3500	0.0452436
2828	689.523	3344	0.043227
2829	689.766	3441	0.0444809
2830	690.010	3455	0.0446619
2831	690.254	3410	0.0440802
2832	690.498	3538	0.0457348
2833	690.742	3419	0.0441965
2834	690.986	3363	0.0434726
2835	691.230	3382	0.0437182
2836	691.473	3304	0.0427099
2837	691.717	3367	0.0435243
2838	691.961	3502	0.0452694
2839	692.205	3373	0.0436019
2840	692.449	3343	0.0432141
2841	692.693	3393	0.0438604
2842	692.937	3389	0.0438087
2843	693.180	3533	0.0456701
2844	693.424	3438	0.0444421
2845	693.668	3337	0.0431365
2846	693.912	3365	0.0434985
2847	694.156	3295	0.0425936
2848	694.400	3403	0.0439897
2849	694.644	3188	0.0412104
2850	694.888	3238	0.0418568
2851	695.131	3320	0.0429168
2852	695.375	3268	0.0422446
2853	695.619	3230	0.0417533
2854	695.863	3281	0.0424126
2855	696.107	3222	0.0416499
2856	696.351	3298	0.0426324
2857	696.595	3286	0.0424772
2858	696.838	3244	0.0419343
2859	697.082	3233	0.0417921
2860	697.326	3169	0.0409648
2861	697.570	3224	0.0416758
2862	697.814	3174	0.0410294
2863	698.058	3134	0.0405124
2864	698.302	3158	0.0408226
2865	698.545	3035	0.0392326
2866	698.789	3025	0.0391034
2867	699.033	3081	0.0398273
2868	699.277	3021	0.0390517
2869	699.521	3065	0.0396204
2870	699.765	3049	0.0394136
2871	700.009	2835	0.0366473
2872	700.253	2797	0.0361561
2873	700.496	2815	0.0363888
2874	700.740	2881	0.0372419
2875	700.984	2796	0.0361431
2876	701.228	2765	0.0357424
2877	701.472	2700	0.0349022
2878	701.716	2673	0.0345532
2879	701.960	2803	0.0362336
2880	702.203	2710	0.0350314
2881	702.447	2683	0.0346824
2882	702.691	2685	0.0347083
2883	702.935	2643	0.0341654
2884	703.179	2695	0.0348375
2885	703.423	2610	0.0337388
2886	703.667	2612	0.0337646
2887	703.911	2549	0.0329502
2888	704.154	2467	0.0318902
2889	704.398	2477	0.0320195
2890	704.642	2572	0.0332476
2891	704.886	2445	0.0316059
2892	705.130	2440	0.0315412
2893	705.374	2491	0.0322005
2894	705.618	2436	0.0314895
2895	705.861	2478	0.0320324
2896	706.105	2488	0.0321617
2897	706.349	2474	0.0319807
2898	706.593	2490	0.0321876
2899	706.837	2452	0.0316963
2900	707.081	2536	0.0327822
2901	707.325	2409	0.0311405
2902	707.568	2425	0.0313473
2903	707.812	2345	0.0303132
2904	708.056	2354	0.0304295
2905	708.300	2418	0.0312568
2906	708.544	2386	0.0308432
2907	708.788	2417	0.0312439
2908	709.032	2406	0.0311017
2909	709.276	2338	0.0302227
2910	709.519	2306	0.029809
2911	709.763	2393	0.0309337
2912	710.007	2392	0.0309207
2913	710.251	2407	0.0311146
2914	710.495	2320	0.02999
2915	710.739	2321	0.0300029
2916	710.983	2277	0.0294342
2917	711.226	2406	0.0311017
2918	711.470	2436	0.0314895
2919	711.714	2244	0.0290076
2920	711.958	2414	0.0312051
2921	712.202	2313	0.0298995
2922	712.446	2209	0.0285552
2923	712.690	2344	0.0303003
2924	712.933	2237	0.0289171
2925	713.177	2303	0.0297703
2926	713.421	2238	0.02893
2927	713.665	2289	0.0295893
2928	713.909	2244	0.0290076
2929	714.153	2318	0.0299642
2930	714.397	2336	0.0301968
2931	714.641	2158	0.0278959
2932	714.884	2212	0.0285939
2933	715.128	2304	0.0297832
2934	715.372	2244	0.0290076
2935	715.616	2213	0.0286069
2936	715.860	2245	0.0290205
2937	716.104	2277	0.0294342
2938	716.348	2235	0.0288912
2939	716.591	2257	0.0291756
2940	716.835	2359	0.0304942
2941	717.079	2250	0.0290851
2942	717.323	2328	0.0300934
2943	717.567	2203	0.0284776
2944	717.811	2156	0.02787
2945	718.055	2236	0.0289042
2946	718.299	2235	0.0288912
2947	718.542	2187	0.0282708
2948	718.786	2188	0.0282837
2949	719.030	2313	0.0298995
2950	719.274	2230	0.0288266
2951	719.518	2238	0.02893
2952	719.762	2254	0.0291369
2953	720.006	2192	0.0283354
2954	720.249	2244	0.0290076
2955	720.493	2228	0.0288008
2956	720.737	2231	0.0288395
2957	720.981	2185	0.0282449
2958	721.225	2195	0.0283742
2959	721.469	2197	0.0284
2960	721.713	2213	0.0286069
2961	721.956	2252	0.029111
2962	722.200	2172	0.0280769
2963	722.444	2131	0.0275469
2964	722.688	2215	0.0286327
2965	722.932	2186	0.0282578
2966	723.176	2176	0.0281286
2967	723.420	2177	0.0281415
2968	723.664	2060	0.0266291
2969	723.907	2192	0.0283354
2970	724.151	2071	0.0267713
2971	724.395	2192	0.0283354
2972	724.639	2195	0.0283742
2973	724.883	2105	0.0272108
2974	725.127	2153	0.0278313
2975	725.371	2155	0.0278571
2976	725.614	2212	0.0285939
2977	725.858	2191	0.0283225
2978	726.102	2154	0.0278442
2979	726.346	2165	0.0279864
2980	726.590	2163	0.0279605
2981	726.834	2122	0.0274305
2982	727.078	2164	0.0279734
2983	727.322	2158	0.0278959
2984	727.565	2139	0.0276503
2985	727.809	2146	0.0277408
2986	728.053	2105	0.0272108
2987	728.297	2093	0.0270557
2988	728.541	2056	0.0265774
2989	728.785	2188	0.0282837
2990	729.029	2095	0.0270815
2991	729.272	2073	0.0267971
2992	729.516	2069	0.0267454
2993	729.760	2055	0.0265644
2994	730.004	2135	0.0275986
2995	730.248	2091	0.0270298
2996	730.492	2135	0.0275986
2997	730.736	2136	0.0276115
2998	730.979	2096	0.0270944
2999	731.223	2186	0.0282578
3000	731.467	2082	0.0269135
3001	731.711	2009	0.0259698
3002	731.955	2118	0.0273788
3003	732.199	2139	0.0276503
3004	732.443	2085	0.0269522
3005	732.687	2039	0.0263576
3006	732.930	2071	0.0267713
3007	733.174	2065	0.0266937
3008	733.418	2102	0.027172
3009	733.662	2052	0.0265257
3010	733.906	2122	0.0274305
3011	734.150	2142	0.0276891
3012	734.394	2059	0.0266161
3013	734.637	2057	0.0265903
3014	734.881	2123	0.0274435
3015	735.125	2137	0.0276244
3016	735.369	2071	0.0267713
3017	735.613	2101	0.0271591
3018	735.857	2113	0.0273142
3019	736.101	2082	0.0269135
3020	736.344	2115	0.02734
3021	736.588	2003	0.0258922
3022	736.832	2069	0.0267454
3023	737.076	2096	0.0270944
3024	737.320	2014	0.0260344
3025	737.564	2023	0.0261508
3026	737.808	2067	0.0267196
3027	738.052	2032	0.0262671
3028	738.295	1982	0.0256208
3029	738.539	2017	0.0260732
3030	738.783	2046	0.0264481
3031	739.027	2027	0.0262025
3032	739.271	2075	0.026823
3033	739.515	1997	0.0258147
3034	739.759	1924	0.024871
3035	740.002	2024	0.0261637
3036	740.246	1987	0.0256854
3037	740.490	2035	0.0263059
3038	740.734	1993	0.025763
3039	740.978	2007	0.025944
3040	741.222	2044	0.0264222
3041	741.466	2072	0.0267842
3042	741.710	1959	0.0253235
3043	741.953	2058	0.0266032
3044	742.197	1994	0.0257759
3045	742.441	2022	0.0261379
3046	742.685	1895	0.0244962
3047	742.929	2054	0.0265515
3048	743.173	2028	0.0262154
3049	743.417	2019	0.0260991
3050	743.660	1965	0.025401
3051	743.904	2016	0.0260603
3052	744.148	1989	0.0257113
3053	744.392	2007	0.025944
3054	744.636	1978	0.0255691
3055	744.880	1969	0.0254527
3056	745.124	2013	0.0260215
3057	745.367	1950	0.0252071
3058	745.611	1935	0.0250132
3059	745.855	1972	0.0254915
3060	746.099	1976	0.0255432
3061	746.343	1926	0.0248969
3062	746.587	1991	0.0257371
3063	746.831	1955	0.0252718
3064	747.075	1866	0.0241213
3065	747.318	1994	0.0257759
3066	747.562	1931	0.0249615
3067	747.806	1958	0.0253105
3068	748.050	1886	0.0243798
3069	748.294	2015	0.0260474
3070	748.538	1894	0.0244832
3071	748.782	1893	0.0244703
3072	749.025	1977	0.0255562
3073	749.269	1890	0.0244315
3074	749.513	1912	0.0247159
3075	749.757	1915	0.0247547
3076	750.001	1880	0.0243023
3077	750.245	1899	0.0245479
3078	750.489	1901	0.0245737
3079	750.732	2032	0.0262671
3080	750.976	1874	0.0242247
3081	751.220	1894	0.0244832
3082	751.464	1947	0.0251683
3083	751.708	1868	0.0241471
3084	751.952	1871	0.0241859
3085	752.196	1877	0.0242635
3086	752.440	1873	0.0242118
3087	752.683	1944	0.0251296
3088	752.927	1896	0.0245091
3089	753.171	1910	0.0246901
3090	753.415	1934	0.0250003
3091	753.659	1884	0.024354
3092	753.903	1883	0.024341
3093	754.147	1837	0.0237464
3094	754.390	1835	0.0237206
3095	754.634	1896	0.0245091
3096	754.878	1827	0.0236171
3097	755.122	1917	0.0247805
3098	755.366	1869	0.0241601
3099	755.610	1813	0.0234362
3100	755.854	1866	0.0241213
3101	756.098	1977	0.0255562
3102	756.341	1786	0.0230871
3103	756.585	1850	0.0239145
3104	756.829	1879	0.0242893
3105	757.073	1844	0.0238369
3106	757.317	1900	0.0245608
3107	757.561	1893	0.0244703
3108	757.805	1825	0.0235913
3109	758.048	1919	0.0248064
3110	758.292	1794	0.0231906
3111	758.536	1789	0.0231259
3112	758.780	1857	0.0240049
3113	759.024	1821	0.0235396
3114	759.268	1838	0.0237593
3115	759.512	1828	0.0236301
3116	759.755	1796	0.0232164
3117	759.999	1838	0.0237593
3118	760.243	1891	0.0244445
3119	760.487	1917	0.0247805
3120	760.731	1860	0.0240437
3121	760.975	1773	0.0229191
3122	761.219	1845	0.0238498
3123	761.463	1842	0.023811
3124	761.706	1848	0.0238886
3125	761.950	1758	0.0227252
3126	762.194	1811	0.0234103
3127	762.438	1753	0.0226606
3128	762.682	1800	0.0232681
3129	762.926	1816	0.0234749
3130	763.170	1731	0.0223762
3131	763.413	1745	0.0225571
3132	763.657	1863	0.0240825
3133	763.901	1667	0.0215489
3134	764.145	1779	0.0229967
3135	764.389	1828	0.0236301
3136	764.633	1723	0.0222728
3137	764.877	1715	0.0221693
3138	765.121	1775	0.022945
3139	765.364	1784	0.0230613
3140	765.608	1804	0.0233198
3141	765.852	1754	0.0226735
3142	766.096	1705	0.0220401
3143	766.340	1735	0.0224279
3144	766.584	1789	0.0231259
3145	766.828	1720	0.022234
3146	767.071	1805	0.0233328
3147	767.315	1750	0.0226218
3148	767.559	1744	0.0225442
3149	767.803	1746	0.0225701
3150	768.047	1747	0.022583
3151	768.291	1746	0.0225701
3152	768.535	1680	0.0217169
3153	768.778	1737	0.0224537
3154	769.022	1770	0.0228803
3155	769.266	1742	0.0225184
3156	769.510	1738	0.0224667
3157	769.754	1640	0.0211998
3158	769.998	1684	0.0217686
3159	770.242	1755	0.0226864
3160	770.486	1710	0.0221047
3161	770.729	1719	0.0222211
3162	770.973	1703	0.0220142
3163	771.217	1742	0.0225184
3164	771.461	1650	0.0213291
3165	771.705	1652	0.021355
3166	771.949	1737	0.0224537
3167	772.193	1717	0.0221952
3168	772.436	1686	0.0217945
3169	772.680	1629	0.0210576
3170	772.924	1635	0.0211352
3171	773.168	1628	0.0210447
3172	773.412	1731	0.0223762
3173	773.656	1722	0.0222598
3174	773.900	1670	0.0215876
3175	774.143	1667	0.0215489
3176	774.387	1690	0.0218462
3177	774.631	1644	0.0212515
3178	774.875	1675	0.0216523
3179	775.119	1693	0.021885
3180	775.363	1590	0.0205535
3181	775.607	1665	0.021523
3182	775.851	1703	0.0220142
3183	776.094	1716	0.0221823
3184	776.338	1675	0.0216523
3185	776.582	1698	0.0219496
3186	776.826	1676	0.0216652
3187	777.070	1578	0.0203984
3188	777.314	1644	0.0212515
3189	777.558	1711	0.0221176
3190	777.801	1660	0.0214584
3191	778.045	1616	0.0208896
3192	778.289	1602	0.0207086
3193	778.533	1665	0.021523
3194	778.777	1621	0.0209542
3195	779.021	1598	0.0206569
3196	779.265	1563	0.0202045
3197	779.509	1617	0.0209025
3198	779.752	1494	0.0193125
3199	779.996	1711	0.0221176
3200	780.240	1676	0.0216652
3201	780.484	1575	0.0203596
3202	780.728	1637	0.0211611
3203	780.972	1657	0.0214196
3204	781.216	1604	0.0207345
3205	781.459	1633	0.0211094
3206	781.703	1584	0.0204759
3207	781.947	1662	0.0214842
3208	782.191	1638	0.021174
3209	782.435	1640	0.0211998
3210	782.679	1565	0.0202303
3211	782.923	1566	0.0202433
3212	783.166	1659	0.0214454
3213	783.410	1622	0.0209672
3214	783.654	1652	0.021355
3215	783.898	1557	0.0201269
3216	784.142	1611	0.020825
3217	784.386	1533	0.0198167
3218	784.630	1516	0.0195969
3219	784.874	1521	0.0196616
3220	785.117	1533	0.0198167
3221	785.361	1641	0.0212128
3222	785.605	1590	0.0205535
3223	785.849	1631	0.0210835
3224	786.093	1583	0.020463
3225	786.337	1595	0.0206181
3226	786.581	1576	0.0203725
3227	786.824	1473	0.0190411
3228	787.068	1513	0.0195581
3229	787.312	1489	0.0192479
3230	787.556	1555	0.0201011
3231	787.800	1621	0.0209542
3232	788.044	1590	0.0205535
3233	788.288	1506	0.0194677
3234	788.531	1562	0.0201916
3235	788.775	1568	0.0202691
3236	789.019	1537	0.0198684
3237	789.263	1554	0.0200881
3238	789.507	1557	0.0201269
3239	789.751	1580	0.0204242
3240	789.995	1531	0.0197908
3241	790.239	1582	0.0204501
3242	790.482	1524	0.0197003
3243	790.726	1523	0.0196874
3244	790.970	1563	0.0202045
3245	791.214	1494	0.0193125
3246	791.458	1577	0.0203855
3247	791.702	1487	0.0192221
3248	791.946	1514	0.0195711
3249	792.189	1525	0.0197133
3250	792.433	1600	0.0206828
3251	792.677	1476	0.0190799
3252	792.921	1569	0.020282
3253	793.165	1500	0.0193901
3254	793.409	1486	0.0192091
3255	793.653	1575	0.0203596
3256	793.897	1488	0.019235
3257	794.140	1500	0.0193901
3258	794.384	1584	0.0204759
3259	794.628	1508	0.0194935
3260	794.872	1475	0.0190669
3261	795.116	1445	0.0186791
3262	795.360	1524	0.0197003
3263	795.604	1436	0.0185628
3264	795.847	1471	0.0190152
3265	796.091	1521	0.0196616
3266	796.335	1533	0.0198167
3267	796.579	1502	0.019416
3268	796.823	1468	0.0189764
3269	797.067	1507	0.0194806
3270	797.311	1437	0.0185757
3271	797.554	1424	0.0184077
3272	797.798	1493	0.0192996
3273	798.042	1572	0.0203208
3274	798.286	1435	0.0185499
3275	798.530	1426	0.0184335
3276	798.774	1564	0.0202174
3277	799.018	1469	0.0189894
3278	799.262	1508	0.0194935
3279	799.505	1399	0.0180845
3280	799.749	1434	0.0185369
3281	799.993	1485	0.0191962
3282	800.237	1437	0.0185757
3283	800.481	1514	0.0195711
3284	800.725	1391	0.0179811
3285	800.969	1480	0.0191316
3286	801.212	1440	0.0186145
3287	801.456	1487	0.0192221
3288	801.700	1473	0.0190411
3289	801.944	1462	0.0188989
3290	802.188	1468	0.0189764
3291	802.432	1507	0.0194806
3292	802.676	1476	0.0190799
3293	802.919	1437	0.0185757
3294	803.163	1452	0.0187696
3295	803.407	1437	0.0185757
3296	803.651	1583	0.020463
3297	803.895	1480	0.0191316
3298	804.139	1389	0.0179552
3299	804.383	1473	0.0190411
3300	804.627	1475	0.0190669
3301	804.870	1453	0.0187825
3302	805.114	1467	0.0189635
3303	805.358	1426	0.0184335
3304	805.602	1425	0.0184206
3305	805.846	1453	0.0187825
3306	806.090	1489	0.0192479
3307	806.334	1475	0.0190669
3308	806.577	1455	0.0188084
3309	806.821	1482	0.0191574
3310	807.065	1492	0.0192867
3311	807.309	1496	0.0193384
3312	807.553	1429	0.0184723
3313	807.797	1421	0.0183689
3314	808.041	1532	0.0198038
3315	808.285	1500	0.0193901
3316	808.528	1454	0.0187955
3317	808.772	1472	0.0190282
3318	809.016	1468	0.0189764
3319	809.260	1455	0.0188084
3320	809.504	1367	0.0176708
3321	809.748	1452	0.0187696
3322	809.992	1455	0.0188084
3323	810.235	1502	0.019416
3324	810.479	1442	0.0186403
3325	810.723	1472	0.0190282
3326	810.967	1455	0.0188084
3327	811.211	1472	0.0190282
3328	811.455	1442	0.0186403
3329	811.699	1444	0.0186662
3330	811.942	1469	0.0189894
3331	812.186	1489	0.0192479
3332	812.430	1524	0.0197003
3333	812.674	1582	0.0204501
3334	812.918	1581	0.0204372
3335	813.162	1679	0.021704
3336	813.406	1900	0.0245608
3337	813.650	2230	0.0288266
3338	813.893	2680	0.0346436
3339	814.137	3107	0.0401634
3340	814.381	3477	0.0449462
3341	814.625	3839	0.0496257
3342	814.869	4034	0.0521464
3343	815.113	3878	0.0501299
3344	815.357	3532	0.0456572
3345	815.600	3208	0.041469
3346	815.844	2773	0.0358458
3347	816.088	2250	0.0290851
3348	816.332	1935	0.0250132
3349	816.576	1713	0.0221435
3350	816.820	1579	0.0204113
3351	817.064	1523	0.0196874
3352	817.308	1524	0.0197003
3353	817.551	1579	0.0204113
3354	817.795	1417	0.0183172
3355	818.039	1461	0.018886
3356	818.283	1467	0.0189635
3357	818.527	1474	0.019054
3358	818.771	1487	0.0192221
3359	819.015	1470	0.0190023
3360	819.258	1438	0.0185886
3361	819.502	1460	0.018873
3362	819.746	1518	0.0196228
3363	819.990	1524	0.0197003
3364	820.234	1500	0.0193901
3365	820.478	1493	0.0192996
3366	820.722	1514	0.0195711
3367	820.965	1546	0.0199847
3368	821.209	1531	0.0197908
3369	821.453	1553	0.0200752
3370	821.697	1565	0.0202303
3371	821.941	1586	0.0205018
3372	822.185	1687	0.0218074
3373	822.429	1615	0.0208767
3374	822.673	1627	0.0210318
3375	822.916	1556	0.020114
3376	823.160	1557	0.0201269
3377	823.404	1542	0.019933
3378	823.648	1531	0.0197908
3379	823.892	1516	0.0195969
3380	824.136	1499	0.0193772
3381	824.380	1474	0.019054
3382	824.623	1516	0.0195969
3383	824.867	1456	0.0188213
3384	825.111	1460	0.018873
3385	825.355	1421	0.0183689
3386	825.599	1496	0.0193384
3387	825.843	1513	0.0195581
3388	826.087	1535	0.0198425
3389	826.330	1454	0.0187955
3390	826.574	1518	0.0196228
3391	826.818	1482	0.0191574
3392	827.062	1501	0.019403
3393	827.306	1459	0.0188601
3394	827.550	1533	0.0198167
3395	827.794	1429	0.0184723
3396	828.038	1469	0.0189894
3397	828.281	1498	0.0193642
3398	828.525	1467	0.0189635
3399	828.769	1487	0.0192221
3400	829.013	1524	0.0197003
3401	829.257	1508	0.0194935
3402	829.501	1470	0.0190023
3403	829.745	1513	0.0195581
3404	829.988	1476	0.0190799
3405	830.232	1466	0.0189506
3406	830.476	1540	0.0199072
3407	830.720	1447	0.018705
3408	830.964	1455	0.0188084
3409	831.208	1506	0.0194677
3410	831.452	1478	0.0191057
3411	831.696	1454	0.0187955
3412	831.939	1436	0.0185628
3413	832.183	1485	0.0191962
3414	832.427	1394	0.0180199
3415	832.671	1432	0.0185111
3416	832.915	1472	0.0190282
3417	833.159	1461	0.018886
3418	833.403	1444	0.0186662
3419	833.646	1445	0.0186791
3420	833.890	1455	0.0188084
3421	834.134	1468	0.0189764
3422	834.378	1449	0.0187308
3423	834.622	1478	0.0191057
3424	834.866	1546	0.0199847
3425	835.110	1432	0.0185111
3426	835.353	1505	0.0194547
3427	835.597	1428	0.0184594
3428	835.841	1474	0.019054
3429	836.085	1519	0.0196357
3430	836.329	1470	0.0190023
3431	836.573	1472	0.0190282
3432	836.817	1503	0.0194289
3433	837.061	1531	0.0197908
3434	837.304	1444	0.0186662
3435	837.548	1479	0.0191186
3436	837.792	1404	0.0181491
3437	838.036	1497	0.0193513
3438	838.280	1499	0.0193772
3439	838.524	1496	0.0193384
3440	838.768	1489	0.0192479
3441	839.011	1533	0.0198167
3442	839.255	1452	0.0187696
3443	839.499	1545	0.0199718
3444	839.743	1506	0.0194677
3445	839.987	1579	0.0204113
3446	840.231	1458	0.0188472
3447	840.475	1470	0.0190023
3448	840.718	1448	0.0187179
3449	840.962	1506	0.0194677
3450	841.206	1453	0.0187825
3451	841.450	1483	0.0191703
3452	841.694	1527	0.0197391
3453	841.938	1534	0.0198296
3454	842.182	1564	0.0202174
3455	842.426	1493	0.0192996
3456	842.669	1528	0.019752
3457	842.913	1569	0.020282
3458	843.157	1456	0.0188213
3459	843.401	1585	0.0204889
3460	843.645	1517	0.0196099
3461	843.889	1530	0.0197779
3462	844.133	1416	0.0183043
3463	844.376	1572	0.0203208
3464	844.620	1591	0.0205664
3465	844.864	1467	0.0189635
3466	845.108	1554	0.0200881
3467	845.352	1502	0.019416
3468	845.596	1494	0.0193125
3469	845.840	1505	0.0194547
3470	846.084	1570	0.020295
3471	846.327	1496	0.0193384
3472	846.571	1562	0.0201916
3473	846.815	1437	0.0185757
3474	847.059	1474	0.019054
3475	847.303	1493	0.0192996
3476	847.547	1546	0.0199847
3477	847.791	1499	0.0193772
3478	848.034	1517	0.0196099
3479	848.278	1485	0.0191962
3480	848.522	1540	0.0199072
3481	848.766	1541	0.0199201
3482	849.010	1483	0.0191703
3483	849.254	1496	0.0193384
3484	849.498	1493	0.0192996
3485	849.741	1551	0.0200494
3486	849.985	1539	0.0198942
3487	850.229	1582	0.0204501
3488	850.473	1510	0.0195194
3489	850.717	1555	0.0201011
3490	850.961	1562	0.0201916
3491	851.205	1609	0.0207991
3492	851.449	1595	0.0206181
3493	851.692	1640	0.0211998
3494	851.936	1667	0.0215489
3495	852.180	1521	0.0196616
3496	852.424	1605	0.0207474
3497	852.668	1599	0.0206698
3498	852.912	1592	0.0205794
3499	853.156	1551	0.0200494
3500	853.399	1542	0.019933
3501	853.643	1471	0.0190152
3502	853.887	1506	0.0194677
3503	854.131	1461	0.018886
3504	854.375	1422	0.0183818
3505	854.619	1491	0.0192738
3506	854.863	1443	0.0186533
3507	855.106	1502	0.019416
3508	855.350	1544	0.0199589
3509	855.594	1487	0.0192221
3510	855.838	1519	0.0196357
3511	856.082	1587	0.0205147
3512	856.326	1497	0.0193513
3513	856.570	1571	0.0203079
3514	856.814	1589	0.0205406
3515	857.057	1553	0.0200752
3516	857.301	1485	0.0191962
3517	857.545	1608	0.0207862
3518	857.789	1578	0.0203984
3519	858.033	1599	0.0206698
3520	858.277	1446	0.0186921
3521	858.521	1612	0.0208379
3522	858.764	1551	0.0200494
3523	859.008	1533	0.0198167
3524	859.252	1616	0.0208896
3525	859.496	1530	0.0197779
3526	859.740	1493	0.0192996
3527	859.984	1561	0.0201786
3528	860.228	1477	0.0190928
3529	860.472	1511	0.0195323
3530	860.715	1541	0.0199201
3531	860.959	1628	0.0210447
3532	861.203	1554	0.0200881
3533	861.447	1527	0.0197391
3534	861.691	1580	0.0204242
3535	861.935	1588	0.0205277
3536	862.179	1581	0.0204372
3537	862.422	1550	0.0200364
3538	862.666	1575	0.0203596
3539	862.910	1553	0.0200752
3540	863.154	1552	0.0200623
3541	863.398	1546	0.0199847
3542	863.642	1603	0.0207216
3543	863.886	1584	0.0204759
3544	864.129	1627	0.0210318
3545	864.373	1505	0.0194547
3546	864.617	1587	0.0205147
3547	864.861	1561	0.0201786
3548	865.105	1544	0.0199589
3549	865.349	1602	0.0207086
3550	865.593	1618	0.0209155
3551	865.837	1515	0.019584
3552	866.080	1604	0.0207345
3553	866.324	1600	0.0206828
3554	866.568	1586	0.0205018
3555	866.812	1606	0.0207603
3556	867.056	1576	0.0203725
3557	867.300	1596	0.0206311
3558	867.544	1628	0.0210447
3559	867.787	1631	0.0210835
3560	868.031	1602	0.0207086
3561	868.275	1566	0.0202433
3562	868.519	1567	0.0202562
3563	868.763	1608	0.0207862
3564	869.007	1528	0.019752
3565	869.251	1610	0.020812
3566	869.495	1619	0.0209284
3567	869.738	1547	0.0199977
3568	869.982	1582	0.0204501
3569	870.226	1573	0.0203338
3570	870.470	1552	0.0200623
3571	870.714	1658	0.0214325
3572	870.958	1531	0.0197908
3573	871.202	1574	0.0203467
3574	871.445	1539	0.0198942
3575	871.689	1599	0.0206698
3576	871.933	1595	0.0206181
3577	872.177	1573	0.0203338
3578	872.421	1560	0.0201657
3579	872.665	1575	0.0203596
3580	872.909	1580	0.0204242
3581	873.152	1645	0.0212645
3582	873.396	1552	0.0200623
3583	873.640	1539	0.0198942
3584	873.884	1639	0.0211869
3585	874.128	1585	0.0204889
3586	874.372	1635	0.0211352
3587	874.616	1631	0.0210835
3588	874.860	1581	0.0204372
3589	875.103	1588	0.0205277
3590	875.347	1638	0.021174
3591	875.591	1573	0.0203338
3592	875.835	1640	0.0211998
3593	876.079	1549	0.0200235
3594	876.323	1547	0.0199977
3595	876.567	1581	0.0204372
3596	876.810	1586	0.0205018
3597	877.054	1621	0.0209542
3598	877.298	1628	0.0210447
3599	877.542	1610	0.020812
3600	877.786	1673	0.0216264
3601	878.030	1613	0.0208508
3602	878.274	1633	0.0211094
3603	878.517	1602	0.0207086
3604	878.761	1602	0.0207086
3605	879.005	1689	0.0218333
3606	879.249	1648	0.0213033
3607	879.493	1597	0.020644
3608	879.737	1612	0.0208379
3609	879.981	1558	0.0201398
3610	880.225	1556	0.020114
3611	880.468	1679	0.021704
3612	880.712	1666	0.0215359
3613	880.956	1603	0.0207216
3614	881.200	1686	0.0217945
3615	881.444	1632	0.0210964
3616	881.688	1672	0.0216135
3617	881.932	1630	0.0210706
3618	882.175	1688	0.0218203
3619	882.419	1666	0.0215359
3620	882.663	1625	0.0210059
3621	882.907	1656	0.0214067
3622	883.151	1662	0.0214842
3623	883.395	1641	0.0212128
3624	883.639	1629	0.0210576
3625	883.883	1630	0.0210706
3626	884.126	1710	0.0221047
3627	884.370	1688	0.0218203
3628	884.614	1667	0.0215489
3629	884.858	1658	0.0214325
3630	885.102	1724	0.0222857
3631	885.346	1640	0.0211998
3632	885.590	1658	0.0214325
3633	885.833	1692	0.021872
3634	886.077	1654	0.0213808
3635	886.321	1631	0.0210835
3636	886.565	1669	0.0215747
3637	886.809	1708	0.0220789
3638	887.053	1701	0.0219884
3639	887.297	1716	0.0221823
3640	887.540	1641	0.0212128
3641	887.784	1694	0.0218979
3642	888.028	1708	0.0220789
3643	888.272	1723	0.0222728
3644	888.516	1657	0.0214196
3645	888.760	1746	0.0225701
3646	889.004	1760	0.022751
3647	889.248	1726	0.0223115
3648	889.491	1701	0.0219884
3649	889.735	1699	0.0219625
3650	889.979	1778	0.0229837
3651	890.223	1722	0.0222598
3652	890.467	1750	0.0226218
3653	890.711	1702	0.0220013
3654	890.955	1677	0.0216781
3655	891.198	1706	0.022053
3656	891.442	1638	0.021174
3657	891.686	1724	0.0222857
3658	891.930	1704	0.0220272
3659	892.174	1731	0.0223762
3660	892.418	1752	0.0226476
3661	892.662	1707	0.0220659
3662	892.905	1705	0.0220401
3663	893.149	1730	0.0223632
3664	893.393	1717	0.0221952
3665	893.637	1684	0.0217686
3666	893.881	1684	0.0217686
3667	894.125	1719	0.0222211
3668	894.369	1707	0.0220659
3669	894.613	1799	0.0232552
3670	894.856	1767	0.0228415
3671	895.100	1801	0.023281
3672	895.344	1815	0.023462
3673	895.588	1861	0.0240566
3674	895.832	1893	0.0244703
3675	896.076	2033	0.02628
3676	896.320	2375	0.030701
3677	896.563	3148	0.0406934
3678	896.807	4875	0.0630178
3679	897.051	7979	0.103142
3680	897.295	14064	0.181802
3681	897.539	23616	0.305278
3682	897.783	38748	0.500885
3683	898.027	56945	0.736113
3684	898.271	79218	1.02403
3685	898.514	99934	1.29182
3686	898.758	115607	1.49442
3687	899.002	122446	1.58283
3688	899.246	117393	1.51751
3689	899.490	102619	1.32653
3690	899.734	82240	1.06309
3691	899.978	60030	0.775992
3692	900.221	39811	0.514626
3693	900.465	24614	0.318179
3694	900.709	14055	0.181685
3695	900.953	7696	0.0994841
3696	901.197	4446	0.0574723
3697	901.441	2831	0.0365956
3698	901.685	2132	0.0275598
3699	901.928	1886	0.0243798
3700	902.172	1793	0.0231776
3701	902.416	1742	0.0225184
3702	902.660	1789	0.0231259
3703	902.904	1688	0.0218203
3704	903.148	1812	0.0234232
3705	903.392	1830	0.0236559
3706	903.636	1776	0.0229579
3707	903.879	1808	0.0233715
3708	904.123	1692	0.021872
3709	904.367	1769	0.0228674
3710	904.611	1702	0.0220013
3711	904.855	1764	0.0228028
3712	905.099	1680	0.0217169
3713	905.343	1682	0.0217428
3714	905.586	1688	0.0218203
3715	905.830	1679	0.021704
3716	906.074	1753	0.0226606
3717	906.318	1717	0.0221952
3718	906.562	1683	0.0217557
3719	906.806	1611	0.020825
3720	907.050	1660	0.0214584
3721	907.293	1686	0.0217945
3722	907.537	1668	0.0215618
3723	907.781	1730	0.0223632
3724	908.025	1662	0.0214842
3725	908.269	1721	0.0222469
3726	908.513	1634	0.0211223
3727	908.757	1767	0.0228415
3728	909.001	1742	0.0225184
3729	909.244	1753	0.0226606
3730	909.488	1764	0.0228028
3731	909.732	1748	0.0225959
3732	909.976	1739	0.0224796
3733	910.220	1701	0.0219884
3734	910.464	1725	0.0222986
3735	910.708	1719	0.0222211
3736	910.951	1710	0.0221047
3737	911.195	1842	0.023811
3738	911.439	1832	0.0236818
3739	911.683	1916	0.0247676
3740	911.927	2021	0.0261249
3741	912.171	2023	0.0261508
3742	912.415	2250	0.0290851
3743	912.659	2373	0.0306751
3744	912.902	2368	0.0306105
3745	913.146	2504	0.0323685
3746	913.390	2478	0.0320324
3747	913.634	2317	0.0299512
3748	913.878	2288	0.0295764
3749	914.122	2145	0.0277278
3750	914.366	2040	0.0263705
3751	914.609	2019	0.0260991
3752	914.853	1990	0.0257242
3753	915.097	1923	0.0248581
3754	915.341	1888	0.0244057
3755	915.585	1840	0.0237852
3756	915.829	1768	0.0228545
3757	916.073	1730	0.0223632
3758	916.316	1751	0.0226347
3759	916.560	1675	0.0216523
3760	916.804	1738	0.0224667
3761	917.048	1737	0.0224537
3762	917.292	1785	0.0230742
3763	917.536	1769	0.0228674
3764	917.780	1732	0.0223891
3765	918.024	1749	0.0226089
3766	918.267	1750	0.0226218
3767	918.511	1737	0.0224537
3768	918.755	1805	0.0233328
3769	918.999	1726	0.0223115
3770	919.243	1714	0.0221564
3771	919.487	1844	0.0238369
3772	919.731	1796	0.0232164
3773	919.974	1772	0.0229062
3774	920.218	1744	0.0225442
3775	920.462	1769	0.0228674
3776	920.706	1749	0.0226089
3777	920.950	1802	0.023294
3778	921.194	1782	0.0230354
3779	921.438	1789	0.0231259
3780	921.682	1774	0.022932
3781	921.925	1652	0.021355
3782	922.169	1734	0.022415
3783	922.413	1722	0.0222598
3784	922.657	1770	0.0228803
3785	922.901	1789	0.0231259
3786	923.145	1727	0.0223245
3787	923.389	1777	0.0229708
3788	923.632	1757	0.0227123
3789	923.876	1736	0.0224408
3790	924.120	1784	0.0230613
3791	924.364	1785	0.0230742
3792	924.608	1795	0.0232035
3793	924.852	1705	0.0220401
3794	925.096	1749	0.0226089
3795	925.339	1791	0.0231518
3796	925.583	1750	0.0226218
3797	925.827	1750	0.0226218
3798	926.071	1816	0.0234749
3799	926.315	1727	0.0223245
3800	926.559	1735	0.0224279
3801	926.803	1746	0.0225701
3802	927.047	1776	0.0229579
3803	927.290	1752	0.0226476
3804	927.534	1799	0.0232552
3805	927.778	1756	0.0226993
3806	928.022	1760	0.022751
3807	928.266	1805	0.0233328
3808	928.510	1846	0.0238627
3809	928.754	1800	0.0232681
3810	928.997	1788	0.023113
3811	929.241	1798	0.0232423
3812	929.485	1798	0.0232423
3813	929.729	1888	0.0244057
3814	929.973	1801	0.023281
3815	930.217	1839	0.0237723
3816	930.461	1786	0.0230871
3817	930.704	1823	0.0235654
3818	930.948	1828	0.0236301
3819	931.192	1842	0.023811
3820	931.436	1793	0.0231776
3821	931.680	1817	0.0234879
3822	931.924	1810	0.0233974
3823	932.168	1793	0.0231776
3824	932.412	1753	0.0226606
3825	932.655	1866	0.0241213
3826	932.899	1867	0.0241342
3827	933.143	1779	0.0229967
3828	933.387	1841	0.0237981
3829	933.631	1808	0.0233715
3830	933.875	1827	0.0236171
3831	934.119	1787	0.0231001
3832	934.362	1870	0.024173
3833	934.606	1824	0.0235784
3834	934.850	1830	0.0236559
3835	935.094	1826	0.0236042
3836	935.338	1873	0.0242118
3837	935.582	1884	0.024354
3838	935.826	1839	0.0237723
3839	936.070	1880	0.0243023
3840	936.313	1869	0.0241601
3841	936.557	1831	0.0236688
3842	936.801	1862	0.0240696
3843	937.045	1807	0.0233586
3844	937.289	1905	0.0246254
3845	937.533	1822	0.0235525
3846	937.777	1857	0.0240049
3847	938.020	1828	0.0236301
3848	938.264	1861	0.0240566
3849	938.508	1787	0.0231001
3850	938.752	1884	0.024354
3851	938.996	1867	0.0241342
3852	939.240	1848	0.0238886
3853	939.484	1796	0.0232164
3854	939.727	1805	0.0233328
3855	939.971	1843	0.023824
3856	940.215	1801	0.023281
3857	940.459	1881	0.0243152
3858	940.703	1865	0.0241084
3859	940.947	1783	0.0230484
3860	941.191	1868	0.0241471
3861	941.435	1880	0.0243023
3862	941.678	1883	0.024341
3863	941.922	1865	0.0241084
3864	942.166	1797	0.0232293
3865	942.410	1936	0.0250262
3866	942.654	1884	0.024354
3867	942.898	1910	0.0246901
3868	943.142	1941	0.0250908
3869	943.385	1884	0.024354
3870	943.629	1810	0.0233974
3871	943.873	1832	0.0236818
3872	944.117	1952	0.025233
3873	944.361	1896	0.0245091
3874	944.605	1834	0.0237076
3875	944.849	1865	0.0241084
3876	945.092	1887	0.0243927
3877	945.336	1993	0.025763
3878	945.580	1773	0.0229191
3879	945.824	1912	0.0247159
3880	946.068	1894	0.0244832
3881	946.312	1854	0.0239662
3882	946.556	1913	0.0247288
3883	946.800	1891	0.0244445
3884	947.043	1900	0.0245608
3885	947.287	1838	0.0237593
3886	947.531	1863	0.0240825
3887	947.775	1939	0.0250649
3888	948.019	1960	0.0253364
3889	948.263	1864	0.0240954
3890	948.507	1881	0.0243152
3891	948.750	1881	0.0243152
3892	948.994	1886	0.0243798
3893	949.238	1911	0.024703
3894	949.482	1879	0.0242893
3895	949.726	1846	0.0238627
3896	949.970	1913	0.0247288
3897	950.214	1850	0.0239145
3898	950.458	1844	0.0238369
3899	950.701	1904	0.0246125
3900	950.945	1885	0.0243669
3901	951.189	1950	0.0252071
3902	951.433	1898	0.0245349
3903	951.677	1939	0.0250649
3904	951.921	1929	0.0249357
3905	952.165	1881	0.0243152
3906	952.408	1914	0.0247418
3907	952.652	1907	0.0246513
3908	952.896	1954	0.0252588
3909	953.140	1929	0.0249357
3910	953.384	1945	0.0251425
3911	953.628	1825	0.0235913
3912	953.872	1930	0.0249486
3913	954.115	2030	0.0262413
3914	954.359	2000	0.0258535
3915	954.603	1946	0.0251554
3916	954.847	1889	0.0244186
3917	955.091	1863	0.0240825
3918	955.335	1913	0.0247288
3919	955.579	1859	0.0240308
3920	955.823	1870	0.024173
3921	956.066	1875	0.0242376
3922	956.310	1954	0.0252588
3923	956.554	1907	0.0246513
3924	956.798	1887	0.0243927
3925	957.042	1883	0.024341
3926	957.286	1935	0.0250132
3927	957.530	1915	0.0247547
3928	957.773	1981	0.0256079
3929	958.017	1884	0.024354
3930	958.261	1860	0.0240437
3931	958.505	1909	0.0246771
3932	958.749	1922	0.0248452
3933	958.993	1854	0.0239662
3934	959.237	1870	0.024173
3935	959.481	1763	0.0227898
3936	959.724	1876	0.0242506
3937	959.968	1832	0.0236818
3938	960.212	1802	0.023294
3939	960.456	1810	0.0233974
3940	960.700	1857	0.0240049
3941	960.944	1777	0.0229708
3942	961.188	1840	0.0237852
3943	961.431	1784	0.0230613
3944	961.675	1760	0.022751
3945	961.919	1799	0.0232552
3946	962.163	1834	0.0237076
3947	962.407	1801	0.023281
3948	962.651	1720	0.022234
3949	962.895	1764	0.0228028
3950	963.138	1681	0.0217298
3951	963.382	1747	0.022583
3952	963.626	1780	0.0230096
3953	963.870	1727	0.0223245
3954	964.114	1753	0.0226606
3955	964.358	1795	0.0232035
3956	964.602	1685	0.0217815
3957	964.846	1713	0.0221435
3958	965.089	1733	0.022402
3959	965.333	1684	0.0217686
3960	965.577	1713	0.0221435
3961	965.821	1698	0.0219496
3962	966.065	1646	0.0212774
3963	966.309	1626	0.0210189
3964	966.553	1676	0.0216652
3965	966.796	1657	0.0214196
3966	967.040	1612	0.0208379
3967	967.284	1553	0.0200752
3968	967.528	1594	0.0206052
3969	967.772	1620	0.0209413
3970	968.016	1585	0.0204889
3971	968.260	1566	0.0202433
3972	968.503	1531	0.0197908
3973	968.747	1570	0.020295
3974	968.991	1516	0.0195969
3975	969.235	1563	0.0202045
3976	969.479	1512	0.0195452
3977	969.723	1579	0.0204113
3978	969.967	1555	0.0201011
3979	970.211	1503	0.0194289
3980	970.454	1535	0.0198425
3981	970.698	1548	0.0200106
3982	970.942	1476	0.0190799
3983	971.186	1510	0.0195194
3984	971.430	1501	0.019403
3985	971.674	1545	0.0199718
3986	971.918	1509	0.0195064
3987	972.161	1477	0.0190928
3988	972.405	1419	0.018343
3989	972.649	1540	0.0199072
3990	972.893	1502	0.019416
3991	973.137	1526	0.0197262
3992	973.381	1520	0.0196486
3993	973.625	1498	0.0193642
3994	973.869	1475	0.0190669
3995	974.112	1497	0.0193513
3996	974.356	1425	0.0184206
3997	974.600	1532	0.0198038
3998	974.844	1506	0.0194677
3999	975.088	1511	0.0195323
4000	975.332	1472	0.0190282
4001	975.576	1559	0.0201528
4002	975.819	1475	0.0190669
4003	976.063	1444	0.0186662
4004	976.307	1466	0.0189506
4005	976.551	1511	0.0195323
4006	976.795	1520	0.0196486
4007	977.039	1482	0.0191574
4008	977.283	1490	0.0192608
4009	977.526	1490	0.0192608
4010	977.770	1469	0.0189894
4011	978.014	1461	0.018886
4012	978.258	1455	0.0188084
4013	978.502	1503	0.0194289
4014	978.746	1491	0.0192738
4015	978.990	1411	0.0182396
4016	979.234	1456	0.0188213
4017	979.477	1474	0.019054
4018	979.721	1440	0.0186145
4019	979.965	1405	0.0181621
4020	980.209	1408	0.0182008
4021	980.453	1511	0.0195323
4022	980.697	1402	0.0181233
4023	980.941	1420	0.018356
4024	981.184	1499	0.0193772
4025	981.428	1467	0.0189635
4026	981.672	1473	0.0190411
4027	981.916	1521	0.0196616
4028	982.160	1446	0.0186921
4029	982.404	1507	0.0194806
4030	982.648	1518	0.0196228
4031	982.891	1431	0.0184982
4032	983.135	1513	0.0195581
4033	983.379	1520	0.0196486
4034	983.623	1457	0.0188342
4035	983.867	1392	0.017994
4036	984.111	1481	0.0191445
4037	984.355	1432	0.0185111
4038	984.599	1466	0.0189506
4039	984.842	1461	0.018886
4040	985.086	1474	0.019054
4041	985.330	1402	0.0181233
4042	985.574	1474	0.019054
4043	985.818	1481	0.0191445
4044	986.062	1335	0.0172572
4045	986.306	1460	0.018873
4046	986.549	1455	0.0188084
4047	986.793	1444	0.0186662
4048	987.037	1429	0.0184723
4049	987.281	1391	0.0179811
4050	987.525	1435	0.0185499
4051	987.769	1419	0.018343
4052	988.013	1504	0.0194418
4053	988.257	1480	0.0191316
4054	988.500	1404	0.0181491
4055	988.744	1414	0.0182784
4056	988.988	1463	0.0189118
4057	989.232	1416	0.0183043
4058	989.476	1381	0.0178518
4059	989.720	1468	0.0189764
4060	989.964	1391	0.0179811
4061	990.207	1403	0.0181362
4062	990.451	1367	0.0176708
4063	990.695	1437	0.0185757
4064	990.939	1445	0.0186791
4065	991.183	1460	0.018873
4066	991.427	1474	0.019054
4067	991.671	1453	0.0187825
4068	991.914	1417	0.0183172
4069	992.158	1425	0.0184206
4070	992.402	1462	0.0188989
4071	992.646	1419	0.018343
4072	992.890	1466	0.0189506
4073	993.134	1470	0.0190023
4074	993.378	1428	0.0184594
4075	993.622	1434	0.0185369
4076	993.865	1455	0.0188084
4077	994.109	1459	0.0188601
4078	994.353	1459	0.0188601
4079	994.597	1370	0.0177096
4080	994.841	1428	0.0184594
4081	995.085	1403	0.0181362
4082	995.329	1422	0.0183818
4083	995.572	1424	0.0184077
4084	995.816	1410	0.0182267
4085	996.060	1428	0.0184594
4086	996.304	1446	0.0186921
4087	996.548	1414	0.0182784
4088	996.792	1463	0.0189118
4089	997.036	1472	0.0190282
4090	997.279	1518	0.0196228
4091	997.523	1492	0.0192867
4092	997.767	1390	0.0179682
4093	998.011	1429	0.0184723
4094	998.255	1447	0.018705
4095	998.499	1444	0.0186662
4096	998.743	1363	0.0176191
4097	998.987	1351	0.017464
4098	999.230	1403	0.0181362
4099	999.474	1435	0.0185499
4100	999.718	1427	0.0184464
4101	999.962	1436	0.0185628
4102	1000.206	1357	0.0175416
4103	1000.450	1441	0.0186274
4104	1000.694	1464	0.0189247
4105	1000.937	1385	0.0179035
4106	1001.181	1456	0.0188213
4107	1001.425	1426	0.0184335
4108	1001.669	1438	0.0185886
4109	1001.913	1451	0.0187567
4110	1002.157	1419	0.018343
4111	1002.401	1482	0.0191574
4112	1002.645	1354	0.0175028
4113	1002.888	1440	0.0186145
4114	1003.132	1403	0.0181362
4115	1003.376	1439	0.0186016
4116	1003.620	1450	0.0187438
4117	1003.864	1473	0.0190411
4118	1004.108	1405	0.0181621
4119	1004.352	1412	0.0182525
4120	1004.595	1385	0.0179035
4121	1004.839	1356	0.0175286
4122	1005.083	1466	0.0189506
4123	1005.327	1458	0.0188472
4124	1005.571	1358	0.0175545
4125	1005.815	1431	0.0184982
4126	1006.059	1431	0.0184982
4127	1006.302	1429	0.0184723
4128	1006.546	1443	0.0186533
4129	1006.790	1419	0.018343
4130	1007.034	1375	0.0177743
4131	1007.278	1443	0.0186533
4132	1007.522	1412	0.0182525
4133	1007.766	1375	0.0177743
4134	1008.010	1399	0.0180845
4135	1008.253	1342	0.0173477
4136	1008.497	1381	0.0178518
4137	1008.741	1404	0.0181491
4138	1008.985	1367	0.0176708
4139	1009.229	1381	0.0178518
4140	1009.473	1407	0.0181879
4141	1009.717	1464	0.0189247
4142	1009.960	1357	0.0175416
4143	1010.204	1435	0.0185499
4144	1010.448	1391	0.0179811
4145	1010.692	1393	0.0180069
4146	1010.936	1458	0.0188472
4147	1011.180	1389	0.0179552
4148	1011.424	1399	0.0180845
4149	1011.668	1398	0.0180716
4150	1011.911	1422	0.0183818
4151	1012.155	1347	0.0174123
4152	1012.399	1476	0.0190799
4153	1012.643	1406	0.018175
4154	1012.887	1429	0.0184723
4155	1013.131	1371	0.0177226
4156	1013.375	1425	0.0184206
4157	1013.618	1389	0.0179552
4158	1013.862	1383	0.0178777
4159	1014.106	1388	0.0179423
4160	1014.350	1448	0.0187179
4161	1014.594	1352	0.0174769
4162	1014.838	1368	0.0176838
4163	1015.082	1379	0.017826
4164	1015.325	1371	0.0177226
4165	1015.569	1400	0.0180974
4166	1015.813	1363	0.0176191
4167	1016.057	1385	0.0179035
4168	1016.301	1433	0.018524
4169	1016.545	1354	0.0175028
4170	1016.789	1364	0.0176321
4171	1017.033	1349	0.0174382
4172	1017.276	1390	0.0179682
4173	1017.520	1388	0.0179423
4174	1017.764	1419	0.018343
4175	1018.008	1448	0.0187179
4176	1018.252	1447	0.018705
4177	1018.496	1400	0.0180974
4178	1018.740	1412	0.0182525
4179	1018.983	1349	0.0174382
4180	1019.227	1350	0.0174511
4181	1019.471	1378	0.017813
4182	1019.715	1419	0.018343
4183	1019.959	1344	0.0173735
4184	1020.203	1388	0.0179423
4185	1020.447	1404	0.0181491
4186	1020.690	1398	0.0180716
4187	1020.934	1375	0.0177743
4188	1021.178	1354	0.0175028
4189	1021.422	1368	0.0176838
4190	1021.666	1375	0.0177743
4191	1021.910	1313	0.0169728
4192	1022.154	1398	0.0180716
4193	1022.398	1371	0.0177226
4194	1022.641	1337	0.017283
4195	1022.885	1380	0.0178389
4196	1023.129	1455	0.0188084
4197	1023.373	1403	0.0181362
4198	1023.617	1382	0.0178647
4199	1023.861	1342	0.0173477
4200	1024.105	1358	0.0175545
4201	1024.348	1354	0.0175028
4202	1024.592	1395	0.0180328
4203	1024.836	1427	0.0184464
4204	1025.080	1332	0.0172184
4205	1025.324	1356	0.0175286
4206	1025.568	1345	0.0173865
4207	1025.812	1335	0.0172572
4208	1026.056	1373	0.0177484
4209	1026.299	1360	0.0175804
4210	1026.543	1374	0.0177613
4211	1026.787	1345	0.0173865
4212	1027.031	1434	0.0185369
4213	1027.275	1436	0.0185628
4214	1027.519	1338	0.017296
4215	1027.763	1386	0.0179165
4216	1028.006	1402	0.0181233
4217	1028.250	1339	0.0173089
4218	1028.494	1319	0.0170504
4219	1028.738	1406	0.018175
4220	1028.982	1344	0.0173735
4221	1029.226	1401	0.0181104
4222	1029.470	1356	0.0175286
4223	1029.713	1327	0.0171538
4224	1029.957	1401	0.0181104
4225	1030.201	1378	0.017813
4226	1030.445	1430	0.0184852
4227	1030.689	1397	0.0180586
4228	1030.933	1389	0.0179552
4229	1031.177	1394	0.0180199
4230	1031.421	1342	0.0173477
4231	1031.664	1283	0.016585
4232	1031.908	1382	0.0178647
4233	1032.152	1346	0.0173994
4234	1032.396	1418	0.0183301
4235	1032.640	1348	0.0174252
4236	1032.884	1371	0.0177226
4237	1033.128	1365	0.017645
4238	1033.371	1391	0.0179811
4239	1033.615	1367	0.0176708
4240	1033.859	1249	0.0161455
4241	1034.103	1397	0.0180586
4242	1034.347	1363	0.0176191
4243	1034.591	1401	0.0181104
4244	1034.835	1297	0.016766
4245	1035.078	1405	0.0181621
4246	1035.322	1397	0.0180586
4247	1035.566	1315	0.0169987
4248	1035.810	1376	0.0177872
4249	1036.054	1362	0.0176062
4250	1036.298	1398	0.0180716
4251	1036.542	1449	0.0187308
4252	1036.786	1362	0.0176062
4253	1037.029	1384	0.0178906
4254	1037.273	1383	0.0178777
4255	1037.517	1326	0.0171408
4256	1037.761	1315	0.0169987
4257	1038.005	1368	0.0176838
4258	1038.249	1382	0.0178647
4259	1038.493	1358	0.0175545
4260	1038.736	1334	0.0172443
4261	1038.980	1382	0.0178647
4262	1039.224	1281	0.0165591
4263	1039.468	1358	0.0175545
4264	1039.712	1315	0.0169987
4265	1039.956	1405	0.0181621
4266	1040.200	1325	0.0171279
4267	1040.444	1309	0.0169211
4268	1040.687	1324	0.017115
4269	1040.931	1452	0.0187696
4270	1041.175	1301	0.0168177
4271	1041.419	1352	0.0174769
4272	1041.663	1369	0.0176967
4273	1041.907	1343	0.0173606
4274	1042.151	1344	0.0173735
4275	1042.394	1408	0.0182008
4276	1042.638	1340	0.0173218
4277	1042.882	1336	0.0172701
4278	1043.126	1347	0.0174123
4279	1043.370	1387	0.0179294
4280	1043.614	1385	0.0179035
4281	1043.858	1367	0.0176708
4282	1044.101	1408	0.0182008
4283	1044.345	1360	0.0175804
4284	1044.589	1380	0.0178389
4285	1044.833	1329	0.0171796
4286	1045.077	1341	0.0173347
4287	1045.321	1375	0.0177743
4288	1045.565	1316	0.0170116
4289	1045.809	1332	0.0172184
4290	1046.052	1335	0.0172572
4291	1046.296	1321	0.0170762
4292	1046.540	1354	0.0175028
4293	1046.784	1330	0.0171926
4294	1047.028	1330	0.0171926
4295	1047.272	1336	0.0172701
4296	1047.516	1362	0.0176062
4297	1047.759	1297	0.016766
4298	1048.003	1433	0.018524
4299	1048.247	1386	0.0179165
4300	1048.491	1325	0.0171279
4301	1048.735	1331	0.0172055
4302	1048.979	1346	0.0173994
4303	1049.223	1345	0.0173865
4304	1049.466	1344	0.0173735
4305	1049.710	1381	0.0178518
4306	1049.954	1352	0.0174769
4307	1050.198	1372	0.0177355
4308	1050.442	1318	0.0170374
4309	1050.686	1345	0.0173865
4310	1050.930	1361	0.0175933
4311	1051.174	1318	0.0170374
4312	1051.417	1303	0.0168435
4313	1051.661	1375	0.0177743
4314	1051.905	1351	0.017464
4315	1052.149	1350	0.0174511
4316	1052.393	1307	0.0168952
4317	1052.637	1263	0.0163265
4318	1052.881	1344	0.0173735
4319	1053.124	1374	0.0177613
4320	1053.368	1351	0.017464
4321	1053.612	1377	0.0178001
4322	1053.856	1331	0.0172055
4323	1054.100	1305	0.0168694
4324	1054.344	1358	0.0175545
4325	1054.588	1381	0.0178518
4326	1054.832	1273	0.0164557
4327	1055.075	1324	0.017115
4328	1055.319	1340	0.0173218
4329	1055.563	1347	0.0174123
4330	1055.807	1286	0.0166238
4331	1056.051	1322	0.0170891
4332	1056.295	1294	0.0167272
4333	1056.539	1273	0.0164557
4334	1056.782	1351	0.017464
4335	1057.026	1306	0.0168823
4336	1057.270	1333	0.0172313
4337	1057.514	1308	0.0169082
4338	1057.758	1352	0.0174769
4339	1058.002	1334	0.0172443
4340	1058.246	1326	0.0171408
4341	1058.489	1364	0.0176321
4342	1058.733	1347	0.0174123
4343	1058.977	1299	0.0167918
4344	1059.221	1318	0.0170374
4345	1059.465	1342	0.0173477
4346	1059.709	1347	0.0174123
4347	1059.953	1318	0.0170374
4348	1060.197	1330	0.0171926
4349	1060.440	1395	0.0180328
4350	1060.684	1289	0.0166626
4351	1060.928	1282	0.0165721
4352	1061.172	1268	0.0163911
4353	1061.416	1321	0.0170762
4354	1061.660	1348	0.0174252
4355	1061.904	1295	0.0167401
4356	1062.147	1262	0.0163135
4357	1062.391	1363	0.0176191
4358	1062.635	1357	0.0175416
4359	1062.879	1279	0.0165333
4360	1063.123	1332	0.0172184
4361	1063.367	1350	0.0174511
4362	1063.611	1335	0.0172572
4363	1063.855	1304	0.0168565
4364	1064.098	1277	0.0165074
4365	1064.342	1348	0.0174252
4366	1064.586	1363	0.0176191
4367	1064.830	1322	0.0170891
4368	1065.074	1311	0.0169469
4369	1065.318	1398	0.0180716
4370	1065.562	1275	0.0164816
4371	1065.805	1292	0.0167013
4372	1066.049	1338	0.017296
4373	1066.293	1360	0.0175804
4374	1066.537	1266	0.0163652
4375	1066.781	1274	0.0164687
4376	1067.025	1362	0.0176062
4377	1067.269	1324	0.017115
4378	1067.512	1283	0.016585
4379	1067.756	1305	0.0168694
4380	1068.000	1289	0.0166626
4381	1068.244	1317	0.0170245
4382	1068.488	1301	0.0168177
4383	1068.732	1344	0.0173735
4384	1068.976	1265	0.0163523
4385	1069.220	1359	0.0175674
4386	1069.463	1345	0.0173865
4387	1069.707	1396	0.0180457
4388	1069.951	1382	0.0178647
4389	1070.195	1272	0.0164428
4390	1070.439	1320	0.0170633
4391	1070.683	1368	0.0176838
4392	1070.927	1323	0.0171021
4393	1071.170	1299	0.0167918
4394	1071.414	1332	0.0172184
4395	1071.658	1321	0.0170762
4396	1071.902	1295	0.0167401
4397	1072.146	1271	0.0164299
4398	1072.390	1346	0.0173994
4399	1072.634	1353	0.0174899
4400	1072.877	1382	0.0178647
4401	1073.121	1348	0.0174252
4402	1073.365	1360	0.0175804
4403	1073.609	1375	0.0177743
4404	1073.853	1362	0.0176062
4405	1074.097	1403	0.0181362
4406	1074.341	1327	0.0171538
4407	1074.585	1319	0.0170504
4408	1074.828	1360	0.0175804
4409	1075.072	1340	0.0173218
4410	1075.316	1281	0.0165591
4411	1075.560	1311	0.0169469
4412	1075.804	1367	0.0176708
4413	1076.048	1391	0.0179811
4414	1076.292	1344	0.0173735
4415	1076.535	1324	0.017115
4416	1076.779	1314	0.0169857
4417	1077.023	1296	0.016753
4418	1077.267	1301	0.0168177
4419	1077.511	1400	0.0180974
4420	1077.755	1362	0.0176062
4421	1077.999	1388	0.0179423
4422	1078.243	1370	0.0177096
4423	1078.486	1347	0.0174123
4424	1078.730	1329	0.0171796
4425	1078.974	1326	0.0171408
4426	1079.218	1281	0.0165591
4427	1079.462	1307	0.0168952
4428	1079.706	1314	0.0169857
4429	1079.950	1311	0.0169469
4430	1080.193	1355	0.0175157
4431	1080.437	1338	0.017296
4432	1080.681	1336	0.0172701
4433	1080.925	1391	0.0179811
4434	1081.169	1365	0.017645
4435	1081.413	1359	0.0175674
4436	1081.657	1333	0.0172313
4437	1081.900	1340	0.0173218
4438	1082.144	1403	0.0181362
4439	1082.388	1360	0.0175804
4440	1082.632	1292	0.0167013
4441	1082.876	1316	0.0170116
4442	1083.120	1379	0.017826
4443	1083.364	1397	0.0180586
4444	1083.608	1352	0.0174769
4445	1083.851	1349	0.0174382
4446	1084.095	1397	0.0180586
4447	1084.339	1303	0.0168435
4448	1084.583	1300	0.0168048
4449	1084.827	1370	0.0177096
4450	1085.071	1302	0.0168306
4451	1085.315	1409	0.0182138
4452	1085.558	1366	0.0176579
4453	1085.802	1354	0.0175028
4454	1086.046	1294	0.0167272
4455	1086.290	1377	0.0178001
4456	1086.534	1440	0.0186145
4457	1086.778	1390	0.0179682
4458	1087.022	1342	0.0173477
4459	1087.265	1379	0.017826
4460	1087.509	1415	0.0182913
4461	1087.753	1398	0.0180716
4462	1087.997	1419	0.018343
4463	1088.241	1363	0.0176191
4464	1088.485	1358	0.0175545
4465	1088.729	1377	0.0178001
4466	1088.973	1357	0.0175416
4467	1089.216	1333	0.0172313
4468	1089.460	1376	0.0177872
4469	1089.704	1319	0.0170504
4470	1089.948	1345	0.0173865
4471	1090.192	1398	0.0180716
4472	1090.436	1359	0.0175674
4473	1090.680	1233	0.0159387
4474	1090.923	1284	0.0165979
4475	1091.167	1384	0.0178906
4476	1091.411	1380	0.0178389
4477	1091.655	1356	0.0175286
4478	1091.899	1348	0.0174252
4479	1092.143	1385	0.0179035
4480	1092.387	1339	0.0173089
4481	1092.631	1378	0.017813
4482	1092.874	1362	0.0176062
4483	1093.118	1348	0.0174252
4484	1093.362	1414	0.0182784
4485	1093.606	1377	0.0178001
4486	1093.850	1406	0.018175
4487	1094.094	1407	0.0181879
4488	1094.338	1351	0.017464
4489	1094.581	1389	0.0179552
4490	1094.825	1371	0.0177226
4491	1095.069	1401	0.0181104
4492	1095.313	1391	0.0179811
4493	1095.557	1384	0.0178906
4494	1095.801	1372	0.0177355
4495	1096.045	1386	0.0179165
4496	1096.288	1364	0.0176321
4497	1096.532	1415	0.0182913
4498	1096.776	1385	0.0179035
4499	1097.020	1386	0.0179165
4500	1097.264	1387	0.0179294
4501	1097.508	1373	0.0177484
4502	1097.752	1385	0.0179035
4503	1097.996	1463	0.0189118
4504	1098.239	1322	0.0170891
4505	1098.483	1376	0.0177872
4506	1098.727	1449	0.0187308
4507	1098.971	1359	0.0175674
4508	1099.215	1468	0.0189764
4509	1099.459	1428	0.0184594
4510	1099.703	1447	0.018705
4511	1099.946	1403	0.0181362
4512	1100.190	1417	0.0183172
4513	1100.434	1425	0.0184206
4514	1100.678	1348	0.0174252
4515	1100.922	1369	0.0176967
4516	1101.166	1339	0.0173089
4517	1101.410	1360	0.0175804
4518	1101.653	1340	0.0173218
4519	1101.897	1330	0.0171926
4520	1102.141	1474	0.019054
4521	1102.385	1381	0.0178518
4522	1102.629	1415	0.0182913
4523	1102.873	1388	0.0179423
4524	1103.117	1415	0.0182913
4525	1103.361	1399	0.0180845
4526	1103.604	1448	0.0187179
4527	1103.848	1424	0.0184077
4528	1104.092	1385	0.0179035
4529	1104.336	1400	0.0180974
4530	1104.580	1365	0.017645
4531	1104.824	1426	0.0184335
4532	1105.068	1399	0.0180845
4533	1105.311	1342	0.0173477
4534	1105.555	1429	0.0184723
4535	1105.799	1366	0.0176579
4536	1106.043	1448	0.0187179
4537	1106.287	1465	0.0189377
4538	1106.531	1447	0.018705
4539	1106.775	1457	0.0188342
4540	1107.019	1365	0.017645
4541	1107.262	1403	0.0181362
4542	1107.506	1419	0.018343
4543	1107.750	1341	0.0173347
4544	1107.994	1413	0.0182655
4545	1108.238	1397	0.0180586
4546	1108.482	1417	0.0183172
4547	1108.726	1412	0.0182525
4548	1108.969	1378	0.017813
4549	1109.213	1416	0.0183043
4550	1109.457	1392	0.017994
4551	1109.701	1412	0.0182525
4552	1109.945	1354	0.0175028
4553	1110.189	1383	0.0178777
4554	1110.433	1387	0.0179294
4555	1110.676	1391	0.0179811
4556	1110.920	1339	0.0173089
4557	1111.164	1354	0.0175028
4558	1111.408	1454	0.0187955
4559	1111.652	1378	0.017813
4560	1111.896	1351	0.017464
4561	1112.140	1388	0.0179423
4562	1112.384	1384	0.0178906
4563	1112.627	1306	0.0168823
4564	1112.871	1374	0.0177613
4565	1113.115	1370	0.0177096
4566	1113.359	1417	0.0183172
4567	1113.603	1401	0.0181104
4568	1113.847	1380	0.0178389
4569	1114.091	1337	0.017283
4570	1114.334	1423	0.0183947
4571	1114.578	1383	0.0178777
4572	1114.822	1351	0.017464
4573	1115.066	1374	0.0177613
4574	1115.310	1373	0.0177484
4575	1115.554	1269	0.016404
4576	1115.798	1317	0.0170245
4577	1116.042	1385	0.0179035
4578	1116.285	1318	0.0170374
4579	1116.529	1314	0.0169857
4580	1116.773	1330	0.0171926
4581	1117.017	1303	0.0168435
4582	1117.261	1231	0.0159128
4583	1117.505	1342	0.0173477
4584	1117.749	1349	0.0174382
4585	1117.992	1258	0.0162618
4586	1118.236	1287	0.0166367
4587	1118.480	1266	0.0163652
4588	1118.724	1284	0.0165979
4589	1118.968	1258	0.0162618
4590	1119.212	1207	0.0156026
4591	1119.456	1229	0.015887
4592	1119.699	1216	0.0157189
4593	1119.943	1199	0.0154992
4594	1120.187	1184	0.0153053
4595	1120.431	1155	0.0149304
4596	1120.675	1183	0.0152923
4597	1120.919	1173	0.0151631
4598	1121.163	1158	0.0149692
4599	1121.407	1164	0.0150467
4600	1121.650	1111	0.0143616
4601	1121.894	1125	0.0145426
4602	1122.138	1100	0.0142194
4603	1122.382	1070	0.0138316
4604	1122.626	1105	0.014284
4605	1122.870	1075	0.0138962
4606	1123.114	1137	0.0146977
4607	1123.357	1089	0.0140772
4608	1123.601	1057	0.0136636
4609	1123.845	1131	0.0146201
4610	1124.089	1065	0.013767
4611	1124.333	1037	0.013405
4612	1124.577	1058	0.0136765
4613	1124.821	1089	0.0140772
4614	1125.064	1102	0.0142453
4615	1125.308	1088	0.0140643
4616	1125.552	1056	0.0136506
4617	1125.796	1120	0.0144779
4618	1126.040	1079	0.0139479
4619	1126.284	1049	0.0135601
4620	1126.528	1089	0.0140772
4621	1126.772	1089	0.0140772
4622	1127.015	1057	0.0136636
4623	1127.259	1015	0.0131206
4624	1127.503	1054	0.0136248
4625	1127.747	968	0.0125131
4626	1127.991	1004	0.0129784
4627	1128.235	1017	0.0131465
4628	1128.479	1058	0.0136765
4629	1128.722	1037	0.013405
4630	1128.966	1088	0.0140643
4631	1129.210	1029	0.0133016
4632	1129.454	1010	0.013056
4633	1129.698	1033	0.0133533
4634	1129.942	965	0.0124743
4635	1130.186	1001	0.0129397
4636	1130.430	1017	0.0131465
4637	1130.673	1005	0.0129914
4638	1130.917	1020	0.0131853
4639	1131.161	994	0.0128492
4640	1131.405	1028	0.0132887
4641	1131.649	1028	0.0132887
4642	1131.893	1054	0.0136248
4643	1132.137	1042	0.0134697
4644	1132.380	1005	0.0129914
4645	1132.624	1009	0.0130431
4646	1132.868	979	0.0126553
4647	1133.112	1000	0.0129267
4648	1133.356	969	0.012526
4649	1133.600	977	0.0126294
4650	1133.844	1018	0.0131594
4651	1134.087	1031	0.0133275
4652	1134.331	1014	0.0131077
4653	1134.575	976	0.0126165
4654	1134.819	1023	0.013224
4655	1135.063	1022	0.0132111
4656	1135.307	904	0.0116858
4657	1135.551	1002	0.0129526
4658	1135.795	993	0.0128362
4659	1136.038	971	0.0125519
4660	1136.282	957	0.0123709
4661	1136.526	986	0.0127458
4662	1136.770	1050	0.0135731
4663	1137.014	1034	0.0133662
4664	1137.258	984	0.0127199
4665	1137.502	987	0.0127587
4666	1137.745	984	0.0127199
4667	1137.989	1014	0.0131077
4668	1138.233	970	0.0125389
4669	1138.477	897	0.0115953
4670	1138.721	975	0.0126036
4671	1138.965	1014	0.0131077
4672	1139.209	1067	0.0137928
4673	1139.452	1036	0.0133921
4674	1139.696	1031	0.0133275
4675	1139.940	1007	0.0130172
4676	1140.184	967	0.0125002
4677	1140.428	1015	0.0131206
4678	1140.672	1001	0.0129397
4679	1140.916	987	0.0127587
4680	1141.160	997	0.012888
4681	1141.403	986	0.0127458
4682	1141.647	930	0.0120219
4683	1141.891	935	0.0120865
4684	1142.135	932	0.0120477
4685	1142.379	998	0.0129009
4686	1142.623	992	0.0128233
4687	1142.867	1022	0.0132111
4688	1143.110	951	0.0122933
4689	1143.354	1011	0.0130689
4690	1143.598	980	0.0126682
4691	1143.842	920	0.0118926
4692	1144.086	974	0.0125906
4693	1144.330	1014	0.0131077
4694	1144.574	1000	0.0129267
4695	1144.818	922	0.0119184
4696	1145.061	968	0.0125131
4697	1145.305	943	0.0121899
4698	1145.549	952	0.0123062
4699	1145.793	966	0.0124872
4700	1146.037	919	0.0118797
4701	1146.281	956	0.012358
4702	1146.525	996	0.012875
4703	1146.768	967	0.0125002
4704	1147.012	993	0.0128362
4705	1147.256	923	0.0119314
4706	1147.500	922	0.0119184
4707	1147.744	932	0.0120477
4708	1147.988	914	0.011815
4709	1148.232	997	0.012888
4710	1148.475	967	0.0125002
4711	1148.719	989	0.0127845
4712	1148.963	917	0.0118538
4713	1149.207	912	0.0117892
4714	1149.451	996	0.012875
4715	1149.695	954	0.0123321
4716	1149.939	962	0.0124355
4717	1150.183	978	0.0126423
4718	1150.426	939	0.0121382
4719	1150.670	947	0.0122416
4720	1150.914	962	0.0124355
4721	1151.158	964	0.0124614
4722	1151.402	918	0.0118667
4723	1151.646	914	0.011815
4724	1151.890	905	0.0116987
4725	1152.133	974	0.0125906
4726	1152.377	952	0.0123062
4727	1152.621	960	0.0124097
4728	1152.865	945	0.0122158
4729	1153.109	991	0.0128104
4730	1153.353	942	0.012177
4731	1153.597	895	0.0115694
4732	1153.841	929	0.0120089
4733	1154.084	883	0.0114143
4734	1154.328	920	0.0118926
4735	1154.572	989	0.0127845
4736	1154.816	923	0.0119314
4737	1155.060	966	0.0124872
4738	1155.304	919	0.0118797
4739	1155.548	979	0.0126553
4740	1155.791	938	0.0121253
4741	1156.035	995	0.0128621
4742	1156.279	895	0.0115694
4743	1156.523	947	0.0122416
4744	1156.767	954	0.0123321
4745	1157.011	902	0.0116599
4746	1157.255	950	0.0122804
4747	1157.498	881	0.0113885
4748	1157.742	871	0.0112592
4749	1157.986	915	0.011828
4750	1158.230	867	0.0112075
4751	1158.474	961	0.0124226
4752	1158.718	910	0.0117633
4753	1158.962	968	0.0125131
4754	1159.206	903	0.0116728
4755	1159.449	946	0.0122287
4756	1159.693	935	0.0120865
4757	1159.937	892	0.0115306
4758	1160.181	909	0.0117504
4759	1160.425	882	0.0114014
4760	1160.669	900	0.0116341
4761	1160.913	906	0.0117116
4762	1161.156	877	0.0113367
4763	1161.400	926	0.0119702
4764	1161.644	924	0.0119443
4765	1161.888	942	0.012177
4766	1162.132	876	0.0113238
4767	1162.376	879	0.0113626
4768	1162.620	915	0.011828
4769	1162.863	929	0.0120089
4770	1163.107	925	0.0119572
4771	1163.351	884	0.0114272
4772	1163.595	918	0.0118667
4773	1163.839	890	0.0115048
4774	1164.083	845	0.0109231
4775	1164.327	924	0.0119443
4776	1164.571	857	0.0110782
4777	1164.814	881	0.0113885
4778	1165.058	965	0.0124743
4779	1165.302	923	0.0119314
4780	1165.546	913	0.0118021
4781	1165.790	874	0.011298
4782	1166.034	870	0.0112463
4783	1166.278	887	0.011466
4784	1166.521	867	0.0112075
4785	1166.765	883	0.0114143
4786	1167.009	932	0.0120477
4787	1167.253	948	0.0122545
4788	1167.497	871	0.0112592
4789	1167.741	875	0.0113109
4790	1167.985	847	0.0109489
4791	1168.229	880	0.0113755
4792	1168.472	909	0.0117504
4793	1168.716	877	0.0113367
4794	1168.960	926	0.0119702
4795	1169.204	935	0.0120865
4796	1169.448	929	0.0120089
4797	1169.692	865	0.0111816
4798	1169.936	954	0.0123321
4799	1170.179	876	0.0113238
4800	1170.423	960	0.0124097
4801	1170.667	953	0.0123192
4802	1170.911	947	0.0122416
4803	1171.155	1046	0.0135214
4804	1171.399	1165	0.0150596
4805	1171.643	1399	0.0180845
4806	1171.886	2013	0.0260215
4807	1172.130	3093	0.0399824
4808	1172.374	4903	0.0633798
4809	1172.618	7881	0.101876
4810	1172.862	12430	0.160679
4811	1173.106	18901	0.244328
4812	1173.350	26552	0.343231
4813	1173.594	34935	0.451595
4814	1173.837	43233	0.558861
4815	1174.081	48448	0.626274
4816	1174.325	51235	0.662301
4817	1174.569	48844	0.631393
4818	1174.813	43764	0.565726
4819	1175.057	36626	0.473455
4820	1175.301	27380	0.353934
4821	1175.544	19289	0.249344
4822	1175.788	12761	0.164958
4823	1176.032	7705	0.0996005
4824	1176.276	4791	0.061932
4825	1176.520	2671	0.0345273
4826	1176.764	1645	0.0212645
4827	1177.008	1189	0.0153699
4828	1177.251	1005	0.0129914
4829	1177.495	882	0.0114014
4830	1177.739	813	0.0105094
4831	1177.983	796	0.0102897
4832	1178.227	812	0.0104965
4833	1178.471	829	0.0107163
4834	1178.715	749	0.00968212
4835	1178.959	836	0.0108067
4836	1179.202	803	0.0103802
4837	1179.446	788	0.0101863
4838	1179.690	797	0.0103026
4839	1179.934	808	0.0104448
4840	1180.178	795	0.0102768
4841	1180.422	837	0.0108197
4842	1180.666	829	0.0107163
4843	1180.909	833	0.010768
4844	1181.153	850	0.0109877
4845	1181.397	825	0.0106646
4846	1181.641	789	0.0101992
4847	1181.885	800	0.0103414
4848	1182.129	776	0.0100311
4849	1182.373	827	0.0106904
4850	1182.617	799	0.0103285
4851	1182.860	801	0.0103543
4852	1183.104	800	0.0103414
4853	1183.348	738	0.00953993
4854	1183.592	745	0.00963042
4855	1183.836	824	0.0106516
4856	1184.080	811	0.0104836
4857	1184.324	849	0.0109748
4858	1184.567	787	0.0101733
4859	1184.811	764	0.00987602
4860	1185.055	775	0.0100182
4861	1185.299	778	0.010057
4862	1185.543	828	0.0107033
4863	1185.787	794	0.0102638
4864	1186.031	811	0.0104836
4865	1186.274	794	0.0102638
4866	1186.518	812	0.0104965
4867	1186.762	778	0.010057
4868	1187.006	741	0.00957871
4869	1187.250	754	0.00974676
4870	1187.494	786	0.0101604
4871	1187.738	785	0.0101475
4872	1187.982	760	0.00982432
4873	1188.225	774	0.0100053
4874	1188.469	807	0.0104319
4875	1188.713	746	0.00964334
4876	1188.957	770	0.00995358
4877	1189.201	734	0.00948822
4878	1189.445	795	0.0102768
4879	1189.689	786	0.0101604
4880	1189.932	724	0.00935895
4881	1190.176	765	0.00988895
4882	1190.420	764	0.00987602
4883	1190.664	787	0.0101733
4884	1190.908	717	0.00926847
4885	1191.152	822	0.0106258
4886	1191.396	726	0.00938481
4887	1191.639	732	0.00946237
4888	1191.883	736	0.00951408
4889	1192.127	729	0.00942359
4890	1192.371	758	0.00979846
4891	1192.615	759	0.00981139
4892	1192.859	778	0.010057
4893	1193.103	765	0.00988895
4894	1193.347	758	0.00979846
4895	1193.590	748	0.0096692
4896	1193.834	767	0.0099148
4897	1194.078	699	0.00903579
4898	1194.322	706	0.00912627
4899	1194.566	787	0.0101733
4900	1194.810	755	0.00975968
4901	1195.054	735	0.00950115
4902	1195.297	733	0.00947529
4903	1195.541	742	0.00959164
4904	1195.785	780	0.0100829
4905	1196.029	778	0.010057
4906	1196.273	737	0.009527
4907	1196.517	733	0.00947529
4908	1196.761	759	0.00981139
4909	1197.005	725	0.00937188
4910	1197.248	783	0.0101216
4911	1197.492	718	0.00928139
4912	1197.736	680	0.00879018
4913	1197.980	700	0.00904871
4914	1198.224	740	0.00956578
4915	1198.468	677	0.0087514
4916	1198.712	714	0.00922969
4917	1198.955	705	0.00911335
4918	1199.199	722	0.0093331
4919	1199.443	723	0.00934603
4920	1199.687	707	0.0091392
4921	1199.931	712	0.00920383
4922	1200.175	698	0.00902286
4923	1200.419	722	0.0093331
4924	1200.662	700	0.00904871
4925	1200.906	747	0.00965627
4926	1201.150	683	0.00882896
4927	1201.394	713	0.00921676
4928	1201.638	675	0.00872554
4929	1201.882	728	0.00941066
4930	1202.126	717	0.00926847
4931	1202.370	679	0.00877725
4932	1202.613	725	0.00937188
4933	1202.857	731	0.00944944
4934	1203.101	703	0.00908749
4935	1203.345	731	0.00944944
4936	1203.589	728	0.00941066
4937	1203.833	720	0.00930725
4938	1204.077	672	0.00868676
4939	1204.320	722	0.0093331
4940	1204.564	632	0.00816969
4941	1204.808	677	0.0087514
4942	1205.052	717	0.00926847
4943	1205.296	697	0.00900993
4944	1205.540	689	0.00890652
4945	1205.784	714	0.00922969
4946	1206.028	668	0.00863506
4947	1206.271	710	0.00917798
4948	1206.515	696	0.00899701
4949	1206.759	751	0.00970798
4950	1207.003	681	0.0088031
4951	1207.247	710	0.00917798
4952	1207.491	663	0.00857042
4953	1207.735	690	0.00891945
4954	1207.978	673	0.00869969
4955	1208.222	685	0.00885481
4956	1208.466	665	0.00859628
4957	1208.710	693	0.00895823
4958	1208.954	661	0.00854457
4959	1209.198	654	0.00845408
4960	1209.442	630	0.00814384
4961	1209.685	660	0.00853164
4962	1209.929	668	0.00863506
4963	1210.173	632	0.00816969
4964	1210.417	684	0.00884188
4965	1210.661	655	0.00846701
4966	1210.905	650	0.00840238
4967	1211.149	659	0.00851872
4968	1211.393	672	0.00868676
4969	1211.636	647	0.0083636
4970	1211.880	696	0.00899701
4971	1212.124	642	0.00829896
4972	1212.368	623	0.00805335
4973	1212.612	635	0.00820848
4974	1212.856	672	0.00868676
4975	1213.100	624	0.00806628
4976	1213.343	647	0.0083636
4977	1213.587	658	0.00850579
4978	1213.831	681	0.0088031
4979	1214.075	608	0.00785945
4980	1214.319	599	0.00774311
4981	1214.563	629	0.00813091
4982	1214.807	614	0.00793701
4983	1215.050	647	0.0083636
4984	1215.294	647	0.0083636
4985	1215.538	629	0.00813091
4986	1215.782	639	0.00826018
4987	1216.026	621	0.0080275
4988	1216.270	656	0.00847994
4989	1216.514	636	0.0082214
4990	1216.758	643	0.00831189
4991	1217.001	668	0.00863506
4992	1217.245	625	0.00807921
4993	1217.489	609	0.00787238
4994	1217.733	595	0.00769141
4995	1217.977	624	0.00806628
4996	1218.221	669	0.00864798
4997	1218.465	674	0.00871262
4998	1218.708	672	0.00868676
4999	1218.952	654	0.00845408
5000	1219.196	634	0.00819555
5001	1219.440	674	0.00871262
5002	1219.684	618	0.00798872
5003	1219.928	611	0.00789823
5004	1220.172	614	0.00793701
5005	1220.416	621	0.0080275
5006	1220.659	636	0.0082214
5007	1220.903	589	0.00761385
5008	1221.147	622	0.00804043
5009	1221.391	609	0.00787238
5010	1221.635	597	0.00771726
5011	1221.879	656	0.00847994
5012	1222.123	597	0.00771726
5013	1222.366	681	0.0088031
5014	1222.610	602	0.00778189
5015	1222.854	641	0.00828604
5016	1223.098	580	0.0074975
5017	1223.342	612	0.00791116
5018	1223.586	642	0.00829896
5019	1223.830	639	0.00826018
5020	1224.073	653	0.00844116
5021	1224.317	607	0.00784653
5022	1224.561	569	0.00735531
5023	1224.805	628	0.00811799
5024	1225.049	607	0.00784653
5025	1225.293	607	0.00784653
5026	1225.537	672	0.00868676
5027	1225.781	604	0.00780775
5028	1226.024	599	0.00774311
5029	1226.268	564	0.00729068
5030	1226.512	632	0.00816969
5031	1226.756	613	0.00792409
5032	1227.000	595	0.00769141
5033	1227.244	607	0.00784653
5034	1227.488	648	0.00837652
5035	1227.731	572	0.00739409
5036	1227.975	628	0.00811799
5037	1228.219	596	0.00770433
5038	1228.463	583	0.00753629
5039	1228.707	591	0.0076397
5040	1228.951	563	0.00727775
5041	1229.195	610	0.00788531
5042	1229.438	620	0.00801457
5043	1229.682	582	0.00752336
5044	1229.926	567	0.00732946
5045	1230.170	569	0.00735531
5046	1230.414	599	0.00774311
5047	1230.658	578	0.00747165
5048	1230.902	560	0.00723897
5049	1231.146	608	0.00785945
5050	1231.389	531	0.00686409
5051	1231.633	639	0.00826018
5052	1231.877	559	0.00722604
5053	1232.121	608	0.00785945
5054	1232.365	608	0.00785945
5055	1232.609	596	0.00770433
5056	1232.853	608	0.00785945
5057	1233.096	582	0.00752336
5058	1233.340	598	0.00773019
5059	1233.584	592	0.00765263
5060	1233.828	612	0.00791116
5061	1234.072	543	0.00701922
5062	1234.316	590	0.00762677
5063	1234.560	576	0.0074458
5064	1234.804	609	0.00787238
5065	1235.047	589	0.00761385
5066	1235.291	593	0.00766555
5067	1235.535	593	0.00766555
5068	1235.779	590	0.00762677
5069	1236.023	601	0.00776897
5070	1236.267	590	0.00762677
5071	1236.511	586	0.00757507
5072	1236.754	581	0.00751043
5073	1236.998	607	0.00784653
5074	1237.242	552	0.00713556
5075	1237.486	583	0.00753629
5076	1237.730	586	0.00757507
5077	1237.974	595	0.00769141
5078	1238.218	588	0.00760092
5079	1238.461	590	0.00762677
5080	1238.705	582	0.00752336
5081	1238.949	598	0.00773019
5082	1239.193	535	0.0069158
5083	1239.437	583	0.00753629
5084	1239.681	589	0.00761385
5085	1239.925	560	0.00723897
5086	1240.169	601	0.00776897
5087	1240.412	627	0.00810506
5088	1240.656	525	0.00678653
5089	1240.900	533	0.00688995
5090	1241.144	587	0.00758799
5091	1241.388	637	0.00823433
5092	1241.632	586	0.00757507
5093	1241.876	604	0.00780775
5094	1242.119	633	0.00818262
5095	1242.363	551	0.00712263
5096	1242.607	611	0.00789823
5097	1242.851	543	0.00701922
5098	1243.095	544	0.00703214
5099	1243.339	581	0.00751043
5100	1243.583	590	0.00762677
5101	1243.826	566	0.00731653
5102	1244.070	572	0.00739409
5103	1244.314	611	0.00789823
5104	1244.558	577	0.00745872
5105	1244.802	578	0.00747165
5106	1245.046	551	0.00712263
5107	1245.290	621	0.0080275
5108	1245.534	582	0.00752336
5109	1245.777	546	0.007058
5110	1246.021	574	0.00741994
5111	1246.265	616	0.00796287
5112	1246.509	562	0.00726482
5113	1246.753	562	0.00726482
5114	1246.997	584	0.00754921
5115	1247.241	564	0.00729068
5116	1247.484	609	0.00787238
5117	1247.728	532	0.00687702
5118	1247.972	551	0.00712263
5119	1248.216	631	0.00815677
5120	1248.460	623	0.00805335
5121	1248.704	568	0.00734238
5122	1248.948	563	0.00727775
5123	1249.192	548	0.00708385
5124	1249.435	535	0.0069158
5125	1249.679	558	0.00721312
5126	1249.923	516	0.00667019
5127	1250.167	549	0.00709678
5128	1250.411	566	0.00731653
5129	1250.655	595	0.00769141
5130	1250.899	556	0.00718726
5131	1251.142	576	0.0074458
5132	1251.386	628	0.00811799
5133	1251.630	589	0.00761385
5134	1251.874	542	0.00700629
5135	1252.118	594	0.00767848
5136	1252.362	636	0.0082214
5137	1252.606	547	0.00707092
5138	1252.849	581	0.00751043
5139	1253.093	551	0.00712263
5140	1253.337	529	0.00683824
5141	1253.581	582	0.00752336
5142	1253.825	562	0.00726482
5143	1254.069	577	0.00745872
5144	1254.313	567	0.00732946
5145	1254.557	543	0.00701922
5146	1254.800	506	0.00654093
5147	1255.044	573	0.00740702
5148	1255.288	541	0.00699336
5149	1255.532	547	0.00707092
5150	1255.776	520	0.0067219
5151	1256.020	551	0.00712263
5152	1256.264	598	0.00773019
5153	1256.507	521	0.00673483
5154	1256.751	594	0.00767848
5155	1256.995	588	0.00760092
5156	1257.239	565	0.0073036
5157	1257.483	558	0.00721312
5158	1257.727	564	0.00729068
5159	1257.971	528	0.00682531
5160	1258.215	592	0.00765263
5161	1258.458	564	0.00729068
5162	1258.702	585	0.00756214
5163	1258.946	565	0.0073036
5164	1259.190	598	0.00773019
5165	1259.434	575	0.00743287
5166	1259.678	560	0.00723897
5167	1259.922	559	0.00722604
5168	1260.165	513	0.00663141
5169	1260.409	552	0.00713556
5170	1260.653	541	0.00699336
5171	1260.897	555	0.00717434
5172	1261.141	562	0.00726482
5173	1261.385	572	0.00739409
5174	1261.629	611	0.00789823
5175	1261.872	566	0.00731653
5176	1262.116	573	0.00740702
5177	1262.360	535	0.0069158
5178	1262.604	554	0.00716141
5179	1262.848	528	0.00682531
5180	1263.092	548	0.00708385
5181	1263.336	580	0.0074975
5182	1263.580	586	0.00757507
5183	1263.823	539	0.00696751
5184	1264.067	560	0.00723897
5185	1264.311	573	0.00740702
5186	1264.555	596	0.00770433
5187	1264.799	551	0.00712263
5188	1265.043	593	0.00766555
5189	1265.287	555	0.00717434
5190	1265.530	539	0.00696751
5191	1265.774	549	0.00709678
5192	1266.018	566	0.00731653
5193	1266.262	550	0.0071097
5194	1266.506	612	0.00791116
5195	1266.750	598	0.00773019
5196	1266.994	565	0.0073036
5197	1267.237	541	0.00699336
5198	1267.481	613	0.00792409
5199	1267.725	596	0.00770433
5200	1267.969	550	0.0071097
5201	1268.213	504	0.00651507
5202	1268.457	553	0.00714848
5203	1268.701	530	0.00685117
5204	1268.945	590	0.00762677
5205	1269.188	561	0.0072519
5206	1269.432	526	0.00679946
5207	1269.676	549	0.00709678
5208	1269.920	497	0.00642459
5209	1270.164	555	0.00717434
5210	1270.408	609	0.00787238
5211	1270.652	570	0.00736824
5212	1270.895	574	0.00741994
5213	1271.139	591	0.0076397
5214	1271.383	607	0.00784653
5215	1271.627	543	0.00701922
5216	1271.871	567	0.00732946
5217	1272.115	570	0.00736824
5218	1272.359	571	0.00738116
5219	1272.603	616	0.00796287
5220	1272.846	540	0.00698044
5221	1273.090	583	0.00753629
5222	1273.334	551	0.00712263
5223	1273.578	593	0.00766555
5224	1273.822	571	0.00738116
5225	1274.066	580	0.0074975
5226	1274.310	593	0.00766555
5227	1274.553	607	0.00784653
5228	1274.797	607	0.00784653
5229	1275.041	623	0.00805335
5230	1275.285	602	0.00778189
5231	1275.529	596	0.00770433
5232	1275.773	592	0.00765263
5233	1276.017	587	0.00758799
5234	1276.260	607	0.00784653
5235	1276.504	595	0.00769141
5236	1276.748	545	0.00704507
5237	1276.992	577	0.00745872
5238	1277.236	618	0.00798872
5239	1277.480	554	0.00716141
5240	1277.724	563	0.00727775
5241	1277.968	573	0.00740702
5242	1278.211	596	0.00770433
5243	1278.455	588	0.00760092
5244	1278.699	549	0.00709678
5245	1278.943	584	0.00754921
5246	1279.187	606	0.0078336
5247	1279.431	598	0.00773019
5248	1279.675	603	0.00779482
5249	1279.918	558	0.00721312
5250	1280.162	580	0.0074975
5251	1280.406	554	0.00716141
5252	1280.650	571	0.00738116
5253	1280.894	590	0.00762677
5254	1281.138	560	0.00723897
5255	1281.382	557	0.00720019
5256	1281.625	570	0.00736824
5257	1281.869	605	0.00782067
5258	1282.113	556	0.00718726
5259	1282.357	607	0.00784653
5260	1282.601	547	0.00707092
5261	1282.845	574	0.00741994
5262	1283.089	600	0.00775604
5263	1283.333	546	0.007058
5264	1283.576	576	0.0074458
5265	1283.820	549	0.00709678
5266	1284.064	596	0.00770433
5267	1284.308	579	0.00748458
5268	1284.552	583	0.00753629
5269	1284.796	547	0.00707092
5270	1285.040	628	0.00811799
5271	1285.283	573	0.00740702
5272	1285.527	560	0.00723897
5273	1285.771	568	0.00734238
5274	1286.015	568	0.00734238
5275	1286.259	570	0.00736824
5276	1286.503	579	0.00748458
5277	1286.747	554	0.00716141
5278	1286.991	553	0.00714848
5279	1287.234	567	0.00732946
5280	1287.478	583	0.00753629
5281	1287.722	604	0.00780775
5282	1287.966	531	0.00686409
5283	1288.210	575	0.00743287
5284	1288.454	615	0.00794994
5285	1288.698	532	0.00687702
5286	1288.941	588	0.00760092
5287	1289.185	572	0.00739409
5288	1289.429	578	0.00747165
5289	1289.673	580	0.0074975
5290	1289.917	601	0.00776897
5291	1290.161	592	0.00765263
5292	1290.405	586	0.00757507
5293	1290.648	614	0.00793701
5294	1290.892	584	0.00754921
5295	1291.136	555	0.00717434
5296	1291.380	590	0.00762677
5297	1291.624	587	0.00758799
5298	1291.868	583	0.00753629
5299	1292.112	601	0.00776897
5300	1292.356	614	0.00793701
5301	1292.599	607	0.00784653
5302	1292.843	601	0.00776897
5303	1293.087	596	0.00770433
5304	1293.331	570	0.00736824
5305	1293.575	592	0.00765263
5306	1293.819	628	0.00811799
5307	1294.063	599	0.00774311
5308	1294.306	609	0.00787238
5309	1294.550	585	0.00756214
5310	1294.794	577	0.00745872
5311	1295.038	577	0.00745872
5312	1295.282	586	0.00757507
5313	1295.526	551	0.00712263
5314	1295.770	606	0.0078336
5315	1296.013	577	0.00745872
5316	1296.257	603	0.00779482
5317	1296.501	586	0.00757507
5318	1296.745	641	0.00828604
5319	1296.989	531	0.00686409
5320	1297.233	566	0.00731653
5321	1297.477	594	0.00767848
5322	1297.721	583	0.00753629
5323	1297.964	611	0.00789823
5324	1298.208	590	0.00762677
5325	1298.452	601	0.00776897
5326	1298.696	626	0.00809213
5327	1298.940	607	0.00784653
5328	1299.184	593	0.00766555
5329	1299.428	555	0.00717434
5330	1299.671	550	0.0071097
5331	1299.915	581	0.00751043
5332	1300.159	563	0.00727775
5333	1300.403	565	0.0073036
5334	1300.647	596	0.00770433
5335	1300.891	566	0.00731653
5336	1301.135	588	0.00760092
5337	1301.379	596	0.00770433
5338	1301.622	588	0.00760092
5339	1301.866	572	0.00739409
5340	1302.110	603	0.00779482
5341	1302.354	608	0.00785945
5342	1302.598	558	0.00721312
5343	1302.842	586	0.00757507
5344	1303.086	620	0.00801457
5345	1303.329	584	0.00754921
5346	1303.573	580	0.0074975
5347	1303.817	573	0.00740702
5348	1304.061	610	0.00788531
5349	1304.305	575	0.00743287
5350	1304.549	620	0.00801457
5351	1304.793	600	0.00775604
5352	1305.036	603	0.00779482
5353	1305.280	628	0.00811799
5354	1305.524	555	0.00717434
5355	1305.768	619	0.00800165
5356	1306.012	598	0.00773019
5357	1306.256	574	0.00741994
5358	1306.500	551	0.00712263
5359	1306.744	622	0.00804043
5360	1306.987	583	0.00753629
5361	1307.231	592	0.00765263
5362	1307.475	571	0.00738116
5363	1307.719	516	0.00667019
5364	1307.963	612	0.00791116
5365	1308.207	594	0.00767848
5366	1308.451	579	0.00748458
5367	1308.694	625	0.00807921
5368	1308.938	587	0.00758799
5369	1309.182	651	0.0084153
5370	1309.426	571	0.00738116
5371	1309.670	585	0.00756214
5372	1309.914	590	0.00762677
5373	1310.158	613	0.00792409
5374	1310.402	565	0.0073036
5375	1310.645	637	0.00823433
5376	1310.889	610	0.00788531
5377	1311.133	598	0.00773019
5378	1311.377	606	0.0078336
5379	1311.621	592	0.00765263
5380	1311.865	598	0.00773019
5381	1312.109	621	0.0080275
5382	1312.352	614	0.00793701
5383	1312.596	623	0.00805335
5384	1312.840	581	0.00751043
5385	1313.084	572	0.00739409
5386	1313.328	611	0.00789823
5387	1313.572	603	0.00779482
5388	1313.816	603	0.00779482
5389	1314.059	554	0.00716141
5390	1314.303	641	0.00828604
5391	1314.547	567	0.00732946
5392	1314.791	640	0.00827311
5393	1315.035	593	0.00766555
5394	1315.279	591	0.0076397
5395	1315.523	555	0.00717434
5396	1315.767	587	0.00758799
5397	1316.010	568	0.00734238
5398	1316.254	598	0.00773019
5399	1316.498	572	0.00739409
5400	1316.742	656	0.00847994
5401	1316.986	634	0.00819555
5402	1317.230	572	0.00739409
5403	1317.474	622	0.00804043
5404	1317.717	600	0.00775604
5405	1317.961	589	0.00761385
5406	1318.205	567	0.00732946
5407	1318.449	635	0.00820848
5408	1318.693	617	0.00797579
5409	1318.937	603	0.00779482
5410	1319.181	632	0.00816969
5411	1319.424	596	0.00770433
5412	1319.668	588	0.00760092
5413	1319.912	578	0.00747165
5414	1320.156	640	0.00827311
5415	1320.400	572	0.00739409
5416	1320.644	667	0.00862213
5417	1320.888	631	0.00815677
5418	1321.132	620	0.00801457
5419	1321.375	591	0.0076397
5420	1321.619	652	0.00842823
5421	1321.863	624	0.00806628
5422	1322.107	663	0.00857042
5423	1322.351	616	0.00796287
5424	1322.595	688	0.00889359
5425	1322.839	736	0.00951408
5426	1323.082	696	0.00899701
5427	1323.326	772	0.00997944
5428	1323.570	828	0.0107033
5429	1323.814	957	0.0123709
5430	1324.058	1025	0.0132499
5431	1324.302	1261	0.0163006
5432	1324.546	1331	0.0172055
5433	1324.790	1616	0.0208896
5434	1325.033	1778	0.0229837
5435	1325.277	1872	0.0241988
5436	1325.521	2016	0.0260603
5437	1325.765	2130	0.0275339
5438	1326.009	2223	0.0287361
5439	1326.253	2122	0.0274305
5440	1326.497	2089	0.0270039
5441	1326.740	1989	0.0257113
5442	1326.984	1871	0.0241859
5443	1327.228	1794	0.0231906
5444	1327.472	1509	0.0195064
5445	1327.716	1459	0.0188601
5446	1327.960	1230	0.0158999
5447	1328.204	1069	0.0138187
5448	1328.447	984	0.0127199
5449	1328.691	901	0.011647
5450	1328.935	853	0.0110265
5451	1329.179	814	0.0105224
5452	1329.423	679	0.00877725
5453	1329.667	727	0.00939773
5454	1329.911	766	0.00990188
5455	1330.155	769	0.00994066
5456	1330.398	803	0.0103802
5457	1330.642	996	0.012875
5458	1330.886	1166	0.0150726
5459	1331.130	1737	0.0224537
5460	1331.374	2578	0.0333251
5461	1331.618	3976	0.0513967
5462	1331.862	6522	0.0843081
5463	1332.105	10368	0.134024
5464	1332.349	15051	0.19456
5465	1332.593	21479	0.277653
5466	1332.837	28228	0.364896
5467	1333.081	35314	0.456495
5468	1333.325	40385	0.522046
5469	1333.569	43304	0.559779
5470	1333.812	43360	0.560503
5471	1334.056	40231	0.520055
5472	1334.300	34276	0.443077
5473	1334.544	27047	0.349629
5474	1334.788	20156	0.260551
5475	1335.032	13917	0.179901
5476	1335.276	8858	0.114505
5477	1335.520	5436	0.0702697
5478	1335.763	3207	0.041456
5479	1336.007	1883	0.024341
5480	1336.251	1174	0.015176
5481	1336.495	835	0.0107938
5482	1336.739	752	0.0097209
5483	1336.983	682	0.00881603
5484	1337.227	667	0.00862213
5485	1337.470	654	0.00845408
5486	1337.714	635	0.00820848
5487	1337.958	634	0.00819555
5488	1338.202	557	0.00720019
5489	1338.446	586	0.00757507
5490	1338.690	587	0.00758799
5491	1338.934	619	0.00800165
5492	1339.178	605	0.00782067
5493	1339.421	657	0.00849286
5494	1339.665	616	0.00796287
5495	1339.909	612	0.00791116
5496	1340.153	602	0.00778189
5497	1340.397	578	0.00747165
5498	1340.641	628	0.00811799
5499	1340.885	605	0.00782067
5500	1341.128	574	0.00741994
5501	1341.372	647	0.0083636
5502	1341.616	617	0.00797579
5503	1341.860	609	0.00787238
5504	1342.104	582	0.00752336
5505	1342.348	566	0.00731653
5506	1342.592	621	0.0080275
5507	1342.835	634	0.00819555
5508	1343.079	628	0.00811799
5509	1343.323	593	0.00766555
5510	1343.567	568	0.00734238
5511	1343.811	632	0.00816969
5512	1344.055	595	0.00769141
5513	1344.299	585	0.00756214
5514	1344.543	598	0.00773019
5515	1344.786	596	0.00770433
5516	1345.030	635	0.00820848
5517	1345.274	648	0.00837652
5518	1345.518	629	0.00813091
5519	1345.762	616	0.00796287
5520	1346.006	635	0.00820848
5521	1346.250	568	0.00734238
5522	1346.493	612	0.00791116
5523	1346.737	655	0.00846701
5524	1346.981	617	0.00797579
5525	1347.225	618	0.00798872
5526	1347.469	586	0.00757507
5527	1347.713	626	0.00809213
5528	1347.957	606	0.0078336
5529	1348.200	604	0.00780775
5530	1348.444	637	0.00823433
5531	1348.688	653	0.00844116
5532	1348.932	613	0.00792409
5533	1349.176	559	0.00722604
5534	1349.420	621	0.0080275
5535	1349.664	653	0.00844116
5536	1349.908	596	0.00770433
5537	1350.151	603	0.00779482
5538	1350.395	573	0.00740702
5539	1350.639	651	0.0084153
5540	1350.883	617	0.00797579
5541	1351.127	634	0.00819555
5542	1351.371	604	0.00780775
5543	1351.615	627	0.00810506
5544	1351.858	622	0.00804043
5545	1352.102	634	0.00819555
5546	1352.346	624	0.00806628
5547	1352.590	662	0.0085575
5548	1352.834	622	0.00804043
5549	1353.078	610	0.00788531
5550	1353.322	627	0.00810506
5551	1353.566	624	0.00806628
5552	1353.809	585	0.00756214
5553	1354.053	612	0.00791116
5554	1354.297	632	0.00816969
5555	1354.541	614	0.00793701
5556	1354.785	630	0.00814384
5557	1355.029	642	0.00829896
5558	1355.273	625	0.00807921
5559	1355.516	625	0.00807921
5560	1355.760	609	0.00787238
5561	1356.004	638	0.00824726
5562	1356.248	608	0.00785945
5563	1356.492	628	0.00811799
5564	1356.736	590	0.00762677
5565	1356.980	605	0.00782067
5566	1357.223	643	0.00831189
5567	1357.467	623	0.00805335
5568	1357.711	568	0.00734238
5569	1357.955	629	0.00813091
5570	1358.199	608	0.00785945
5571	1358.443	604	0.00780775
5572	1358.687	585	0.00756214
5573	1358.931	594	0.00767848
5574	1359.174	638	0.00824726
5575	1359.418	594	0.00767848
5576	1359.662	668	0.00863506
5577	1359.906	633	0.00818262
5578	1360.150	628	0.00811799
5579	1360.394	629	0.00813091
5580	1360.638	628	0.00811799
5581	1360.881	560	0.00723897
5582	1361.125	573	0.00740702
5583	1361.369	611	0.00789823
5584	1361.613	594	0.00767848
5585	1361.857	620	0.00801457
5586	1362.101	614	0.00793701
5587	1362.345	620	0.00801457
5588	1362.589	647	0.0083636
5589	1362.832	620	0.00801457
5590	1363.076	666	0.0086092
5591	1363.320	653	0.00844116
5592	1363.564	631	0.00815677
5593	1363.808	649	0.00838945
5594	1364.052	654	0.00845408
5595	1364.296	617	0.00797579
5596	1364.539	623	0.00805335
5597	1364.783	592	0.00765263
5598	1365.027	603	0.00779482
5599	1365.271	590	0.00762677
5600	1365.515	664	0.00858335
5601	1365.759	642	0.00829896
5602	1366.003	626	0.00809213
5603	1366.246	680	0.00879018
5604	1366.490	602	0.00778189
5605	1366.734	650	0.00840238
5606	1366.978	639	0.00826018
5607	1367.222	634	0.00819555
5608	1367.466	634	0.00819555
5609	1367.710	584	0.00754921
5610	1367.954	631	0.00815677
5611	1368.197	609	0.00787238
5612	1368.441	646	0.00835067
5613	1368.685	650	0.00840238
5614	1368.929	637	0.00823433
5615	1369.173	635	0.00820848
5616	1369.417	601	0.00776897
5617	1369.661	650	0.00840238
5618	1369.904	605	0.00782067
5619	1370.148	622	0.00804043
5620	1370.392	617	0.00797579
5621	1370.636	630	0.00814384
5622	1370.880	629	0.00813091
5623	1371.124	640	0.00827311
5624	1371.368	603	0.00779482
5625	1371.611	619	0.00800165
5626	1371.855	608	0.00785945
5627	1372.099	600	0.00775604
5628	1372.343	614	0.00793701
5629	1372.587	623	0.00805335
5630	1372.831	612	0.00791116
5631	1373.075	625	0.00807921
5632	1373.319	603	0.00779482
5633	1373.562	619	0.00800165
5634	1373.806	604	0.00780775
5635	1374.050	625	0.00807921
5636	1374.294	595	0.00769141
5637	1374.538	578	0.00747165
5638	1374.782	662	0.0085575
5639	1375.026	594	0.00767848
5640	1375.269	654	0.00845408
5641	1375.513	630	0.00814384
5642	1375.757	638	0.00824726
5643	1376.001	606	0.0078336
5644	1376.245	637	0.00823433
5645	1376.489	598	0.00773019
5646	1376.733	683	0.00882896
5647	1376.977	627	0.00810506
5648	1377.220	620	0.00801457
5649	1377.464	609	0.00787238
5650	1377.708	618	0.00798872
5651	1377.952	618	0.00798872
5652	1378.196	625	0.00807921
5653	1378.440	658	0.00850579
5654	1378.684	641	0.00828604
5655	1378.927	652	0.00842823
5656	1379.171	662	0.0085575
5657	1379.415	643	0.00831189
5658	1379.659	683	0.00882896
5659	1379.903	644	0.00832482
5660	1380.147	672	0.00868676
5661	1380.391	636	0.0082214
5662	1380.634	625	0.00807921
5663	1380.878	641	0.00828604
5664	1381.122	635	0.00820848
5665	1381.366	632	0.00816969
5666	1381.610	627	0.00810506
5667	1381.854	620	0.00801457
5668	1382.098	642	0.00829896
5669	1382.342	646	0.00835067
5670	1382.585	624	0.00806628
5671	1382.829	618	0.00798872
5672	1383.073	658	0.00850579
5673	1383.317	593	0.00766555
5674	1383.561	644	0.00832482
5675	1383.805	655	0.00846701
5676	1384.049	665	0.00859628
5677	1384.292	647	0.0083636
5678	1384.536	629	0.00813091
5679	1384.780	692	0.0089453
5680	1385.024	645	0.00833774
5681	1385.268	637	0.00823433
5682	1385.512	678	0.00876432
5683	1385.756	626	0.00809213
5684	1385.999	642	0.00829896
5685	1386.243	645	0.00833774
5686	1386.487	642	0.00829896
5687	1386.731	654	0.00845408
5688	1386.975	635	0.00820848
5689	1387.219	651	0.0084153
5690	1387.463	692	0.0089453
5691	1387.707	608	0.00785945
5692	1387.950	664	0.00858335
5693	1388.194	616	0.00796287
5694	1388.438	662	0.0085575
5695	1388.682	697	0.00900993
5696	1388.926	639	0.00826018
5697	1389.170	668	0.00863506
5698	1389.414	563	0.00727775
5699	1389.657	634	0.00819555
5700	1389.901	660	0.00853164
5701	1390.145	599	0.00774311
5702	1390.389	665	0.00859628
5703	1390.633	632	0.00816969
5704	1390.877	594	0.00767848
5705	1391.121	617	0.00797579
5706	1391.365	656	0.00847994
5707	1391.608	680	0.00879018
5708	1391.852	689	0.00890652
5709	1392.096	667	0.00862213
5710	1392.340	607	0.00784653
5711	1392.584	627	0.00810506
5712	1392.828	659	0.00851872
5713	1393.072	651	0.0084153
5714	1393.315	652	0.00842823
5715	1393.559	668	0.00863506
5716	1393.803	680	0.00879018
5717	1394.047	648	0.00837652
5718	1394.291	647	0.0083636
5719	1394.535	631	0.00815677
5720	1394.779	689	0.00890652
5721	1395.022	639	0.00826018
5722	1395.266	665	0.00859628
5723	1395.510	639	0.00826018
5724	1395.754	693	0.00895823
5725	1395.998	663	0.00857042
5726	1396.242	630	0.00814384
5727	1396.486	631	0.00815677
5728	1396.730	640	0.00827311
5729	1396.973	703	0.00908749
5730	1397.217	633	0.00818262
5731	1397.461	616	0.00796287
5732	1397.705	643	0.00831189
5733	1397.949	667	0.00862213
5734	1398.193	659	0.00851872
5735	1398.437	651	0.0084153
5736	1398.680	644	0.00832482
5737	1398.924	693	0.00895823
5738	1399.168	683	0.00882896
5739	1399.412	646	0.00835067
5740	1399.656	657	0.00849286
5741	1399.900	643	0.00831189
5742	1400.144	631	0.00815677
5743	1400.388	686	0.00886774
5744	1400.631	671	0.00867384
5745	1400.875	595	0.00769141
5746	1401.119	688	0.00889359
5747	1401.363	720	0.00930725
5748	1401.607	678	0.00876432
5749	1401.851	637	0.00823433
5750	1402.095	613	0.00792409
5751	1402.338	572	0.00739409
5752	1402.582	630	0.00814384
5753	1402.826	648	0.00837652
5754	1403.070	697	0.00900993
5755	1403.314	692	0.0089453
5756	1403.558	625	0.00807921
5757	1403.802	655	0.00846701
5758	1404.045	640	0.00827311
5759	1404.289	665	0.00859628
5760	1404.533	631	0.00815677
5761	1404.777	663	0.00857042
5762	1405.021	689	0.00890652
5763	1405.265	627	0.00810506
5764	1405.509	642	0.00829896
5765	1405.753	703	0.00908749
5766	1405.996	670	0.00866091
5767	1406.240	672	0.00868676
5768	1406.484	682	0.00881603
5769	1406.728	648	0.00837652
5770	1406.972	672	0.00868676
5771	1407.216	659	0.00851872
5772	1407.460	733	0.00947529
5773	1407.703	667	0.00862213
5774	1407.947	630	0.00814384
5775	1408.191	633	0.00818262
5776	1408.435	619	0.00800165
5777	1408.679	617	0.00797579
5778	1408.923	709	0.00916505
5779	1409.167	690	0.00891945
5780	1409.410	677	0.0087514
5781	1409.654	657	0.00849286
5782	1409.898	686	0.00886774
5783	1410.142	648	0.00837652
5784	1410.386	727	0.00939773
5785	1410.630	678	0.00876432
5786	1410.874	643	0.00831189
5787	1411.118	643	0.00831189
5788	1411.361	703	0.00908749
5789	1411.605	662	0.0085575
5790	1411.849	683	0.00882896
5791	1412.093	654	0.00845408
5792	1412.337	666	0.0086092
5793	1412.581	655	0.00846701
5794	1412.825	654	0.00845408
5795	1413.068	636	0.0082214
5796	1413.312	634	0.00819555
5797	1413.556	629	0.00813091
5798	1413.800	653	0.00844116
5799	1414.044	665	0.00859628
5800	1414.288	684	0.00884188
5801	1414.532	648	0.00837652
5802	1414.776	662	0.0085575
5803	1415.019	647	0.0083636
5804	1415.263	723	0.00934603
5805	1415.507	678	0.00876432
5806	1415.751	681	0.0088031
5807	1415.995	703	0.00908749
5808	1416.239	677	0.0087514
5809	1416.483	687	0.00888067
5810	1416.726	680	0.00879018
5811	1416.970	654	0.00845408
5812	1417.214	648	0.00837652
5813	1417.458	670	0.00866091
5814	1417.702	687	0.00888067
5815	1417.946	640	0.00827311
5816	1418.190	740	0.00956578
5817	1418.433	695	0.00898408
5818	1418.677	669	0.00864798
5819	1418.921	624	0.00806628
5820	1419.165	676	0.00873847
5821	1419.409	711	0.00919091
5822	1419.653	714	0.00922969
5823	1419.897	718	0.00928139
5824	1420.141	661	0.00854457
5825	1420.384	663	0.00857042
5826	1420.628	701	0.00906164
5827	1420.872	673	0.00869969
5828	1421.116	650	0.00840238
5829	1421.360	699	0.00903579
5830	1421.604	729	0.00942359
5831	1421.848	733	0.00947529
5832	1422.091	648	0.00837652
5833	1422.335	711	0.00919091
5834	1422.579	686	0.00886774
5835	1422.823	719	0.00929432
5836	1423.067	645	0.00833774
5837	1423.311	699	0.00903579
5838	1423.555	696	0.00899701
5839	1423.798	688	0.00889359
5840	1424.042	677	0.0087514
5841	1424.286	628	0.00811799
5842	1424.530	704	0.00910042
5843	1424.774	629	0.00813091
5844	1425.018	692	0.0089453
5845	1425.262	649	0.00838945
5846	1425.506	707	0.0091392
5847	1425.749	637	0.00823433
5848	1425.993	659	0.00851872
5849	1426.237	685	0.00885481
5850	1426.481	704	0.00910042
5851	1426.725	670	0.00866091
5852	1426.969	711	0.00919091
5853	1427.213	671	0.00867384
5854	1427.456	659	0.00851872
5855	1427.700	724	0.00935895
5856	1427.944	693	0.00895823
5857	1428.188	677	0.0087514
5858	1428.432	702	0.00907457
5859	1428.676	701	0.00906164
5860	1428.920	655	0.00846701
5861	1429.164	735	0.00950115
5862	1429.407	702	0.00907457
5863	1429.651	704	0.00910042
5864	1429.895	674	0.00871262
5865	1430.139	713	0.00921676
5866	1430.383	692	0.0089453
5867	1430.627	714	0.00922969
5868	1430.871	663	0.00857042
5869	1431.114	720	0.00930725
5870	1431.358	687	0.00888067
5871	1431.602	740	0.00956578
5872	1431.846	656	0.00847994
5873	1432.090	683	0.00882896
5874	1432.334	676	0.00873847
5875	1432.578	738	0.00953993
5876	1432.821	741	0.00957871
5877	1433.065	710	0.00917798
5878	1433.309	695	0.00898408
5879	1433.553	688	0.00889359
5880	1433.797	700	0.00904871
5881	1434.041	726	0.00938481
5882	1434.285	695	0.00898408
5883	1434.529	689	0.00890652
5884	1434.772	747	0.00965627
5885	1435.016	709	0.00916505
5886	1435.260	736	0.00951408
5887	1435.504	744	0.00961749
5888	1435.748	681	0.0088031
5889	1435.992	733	0.00947529
5890	1436.236	675	0.00872554
5891	1436.479	728	0.00941066
5892	1436.723	731	0.00944944
5893	1436.967	691	0.00893237
5894	1437.211	704	0.00910042
5895	1437.455	714	0.00922969
5896	1437.699	681	0.0088031
5897	1437.943	730	0.00943651
5898	1438.186	708	0.00915213
5899	1438.430	727	0.00939773
5900	1438.674	707	0.0091392
5901	1438.918	720	0.00930725
5902	1439.162	739	0.00955286
5903	1439.406	720	0.00930725
5904	1439.650	721	0.00932017
5905	1439.894	739	0.00955286
5906	1440.137	759	0.00981139
5907	1440.381	779	0.0100699
5908	1440.625	670	0.00866091
5909	1440.869	702	0.00907457
5910	1441.113	707	0.0091392
5911	1441.357	708	0.00915213
5912	1441.601	744	0.00961749
5913	1441.844	737	0.009527
5914	1442.088	742	0.00959164
5915	1442.332	722	0.0093331
5916	1442.576	713	0.00921676
5917	1442.820	716	0.00925554
5918	1443.064	697	0.00900993
5919	1443.308	708	0.00915213
5920	1443.552	671	0.00867384
5921	1443.795	730	0.00943651
5922	1444.039	708	0.00915213
5923	1444.283	767	0.0099148
5924	1444.527	678	0.00876432
5925	1444.771	705	0.00911335
5926	1445.015	692	0.0089453
5927	1445.259	704	0.00910042
5928	1445.502	720	0.00930725
5929	1445.746	699	0.00903579
5930	1445.990	699	0.00903579
5931	1446.234	689	0.00890652
5932	1446.478	703	0.00908749
5933	1446.722	732	0.00946237
5934	1446.966	736	0.00951408
5935	1447.209	719	0.00929432
5936	1447.453	698	0.00902286
5937	1447.697	677	0.0087514
5938	1447.941	673	0.00869969
5939	1448.185	699	0.00903579
5940	1448.429	691	0.00893237
5941	1448.673	709	0.00916505
5942	1448.917	740	0.00956578
5943	1449.160	743	0.00960456
5944	1449.404	670	0.00866091
5945	1449.648	708	0.00915213
5946	1449.892	705	0.00911335
5947	1450.136	769	0.00994066
5948	1450.380	698	0.00902286
5949	1450.624	755	0.00975968
5950	1450.867	762	0.00985017
5951	1451.111	722	0.0093331
5952	1451.355	714	0.00922969
5953	1451.599	733	0.00947529
5954	1451.843	726	0.00938481
5955	1452.087	708	0.00915213
5956	1452.331	721	0.00932017
5957	1452.575	727	0.00939773
5958	1452.818	742	0.00959164
5959	1453.062	795	0.0102768
5960	1453.306	757	0.00978554
5961	1453.550	693	0.00895823
5962	1453.794	711	0.00919091
5963	1454.038	737	0.009527
5964	1454.282	745	0.00963042
5965	1454.525	753	0.00973383
5966	1454.769	699	0.00903579
5967	1455.013	786	0.0101604
5968	1455.257	769	0.00994066
5969	1455.501	725	0.00937188
5970	1455.745	768	0.00992773
5971	1455.989	764	0.00987602
5972	1456.232	763	0.0098631
5973	1456.476	737	0.009527
5974	1456.720	761	0.00983724
5975	1456.964	714	0.00922969
5976	1457.208	723	0.00934603
5977	1457.452	742	0.00959164
5978	1457.696	743	0.00960456
5979	1457.940	764	0.00987602
5980	1458.183	712	0.00920383
5981	1458.427	759	0.00981139
5982	1458.671	738	0.00953993
5983	1458.915	746	0.00964334
5984	1459.159	721	0.00932017
5985	1459.403	783	0.0101216
5986	1459.647	769	0.00994066
5987	1459.890	704	0.00910042
5988	1460.134	779	0.0100699
5989	1460.378	771	0.00996651
5990	1460.622	783	0.0101216
5991	1460.866	783	0.0101216
5992	1461.110	745	0.00963042
5993	1461.354	764	0.00987602
5994	1461.597	705	0.00911335
5995	1461.841	745	0.00963042
5996	1462.085	794	0.0102638
5997	1462.329	775	0.0100182
5998	1462.573	723	0.00934603
5999	1462.817	795	0.0102768
6000	1463.061	800	0.0103414
6001	1463.305	730	0.00943651
6002	1463.548	715	0.00924261
6003	1463.792	787	0.0101733
6004	1464.036	742	0.00959164
6005	1464.280	723	0.00934603
6006	1464.524	757	0.00978554
6007	1464.768	739	0.00955286
6008	1465.012	719	0.00929432
6009	1465.255	782	0.0101087
6010	1465.499	752	0.0097209
6011	1465.743	720	0.00930725
6012	1465.987	750	0.00969505
6013	1466.231	750	0.00969505
6014	1466.475	767	0.0099148
6015	1466.719	797	0.0103026
6016	1466.963	757	0.00978554
6017	1467.206	733	0.00947529
6018	1467.450	771	0.00996651
6019	1467.694	746	0.00964334
6020	1467.938	769	0.00994066
6021	1468.182	849	0.0109748
6022	1468.426	755	0.00975968
6023	1468.670	787	0.0101733
6024	1468.913	788	0.0101863
6025	1469.157	796	0.0102897
6026	1469.401	731	0.00944944
6027	1469.645	698	0.00902286
6028	1469.889	784	0.0101346
6029	1470.133	771	0.00996651
6030	1470.377	794	0.0102638
6031	1470.620	740	0.00956578
6032	1470.864	809	0.0104577
6033	1471.108	792	0.010238
6034	1471.352	825	0.0106646
6035	1471.596	785	0.0101475
6036	1471.840	760	0.00982432
6037	1472.084	767	0.0099148
6038	1472.328	811	0.0104836
6039	1472.571	785	0.0101475
6040	1472.815	805	0.010406
6041	1473.059	752	0.0097209
6042	1473.303	773	0.00999236
6043	1473.547	738	0.00953993
6044	1473.791	780	0.0100829
6045	1474.035	762	0.00985017
6046	1474.278	745	0.00963042
6047	1474.522	786	0.0101604
6048	1474.766	774	0.0100053
6049	1475.010	748	0.0096692
6050	1475.254	769	0.00994066
6051	1475.498	749	0.00968212
6052	1475.742	803	0.0103802
6053	1475.985	728	0.00941066
6054	1476.229	791	0.010225
6055	1476.473	803	0.0103802
6056	1476.717	758	0.00979846
6057	1476.961	748	0.0096692
6058	1477.205	793	0.0102509
6059	1477.449	771	0.00996651
6060	1477.693	741	0.00957871
6061	1477.936	777	0.0100441
6062	1478.180	773	0.00999236
6063	1478.424	761	0.00983724
6064	1478.668	788	0.0101863
6065	1478.912	806	0.0104189
6066	1479.156	762	0.00985017
6067	1479.400	798	0.0103155
6068	1479.643	771	0.00996651
6069	1479.887	769	0.00994066
6070	1480.131	823	0.0106387
6071	1480.375	850	0.0109877
6072	1480.619	804	0.0103931
6073	1480.863	853	0.0110265
6074	1481.107	833	0.010768
6075	1481.351	795	0.0102768
6076	1481.594	764	0.00987602
6077	1481.838	797	0.0103026
6078	1482.082	784	0.0101346
6079	1482.326	789	0.0101992
6080	1482.570	789	0.0101992
6081	1482.814	755	0.00975968
6082	1483.058	815	0.0105353
6083	1483.301	845	0.0109231
6084	1483.545	812	0.0104965
6085	1483.789	790	0.0102121
6086	1484.033	733	0.00947529
6087	1484.277	764	0.00987602
6088	1484.521	752	0.0097209
6089	1484.765	801	0.0103543
6090	1485.008	787	0.0101733
6091	1485.252	789	0.0101992
6092	1485.496	810	0.0104707
6093	1485.740	785	0.0101475
6094	1485.984	806	0.0104189
6095	1486.228	813	0.0105094
6096	1486.472	787	0.0101733
6097	1486.716	816	0.0105482
6098	1486.959	827	0.0106904
6099	1487.203	833	0.010768
6100	1487.447	834	0.0107809
6101	1487.691	840	0.0108585
6102	1487.935	845	0.0109231
6103	1488.179	765	0.00988895
6104	1488.423	772	0.00997944
6105	1488.666	818	0.0105741
6106	1488.910	763	0.0098631
6107	1489.154	801	0.0103543
6108	1489.398	822	0.0106258
6109	1489.642	844	0.0109102
6110	1489.886	797	0.0103026
6111	1490.130	819	0.010587
6112	1490.373	825	0.0106646
6113	1490.617	778	0.010057
6114	1490.861	841	0.0108714
6115	1491.105	844	0.0109102
6116	1491.349	788	0.0101863
6117	1491.593	807	0.0104319
6118	1491.837	845	0.0109231
6119	1492.081	822	0.0106258
6120	1492.324	840	0.0108585
6121	1492.568	810	0.0104707
6122	1492.812	856	0.0110653
6123	1493.056	772	0.00997944
6124	1493.300	864	0.0111687
6125	1493.544	810	0.0104707
6126	1493.788	802	0.0103672
6127	1494.031	796	0.0102897
6128	1494.275	849	0.0109748
6129	1494.519	841	0.0108714
6130	1494.763	929	0.0120089
6131	1495.007	857	0.0110782
6132	1495.251	811	0.0104836
6133	1495.495	774	0.0100053
6134	1495.739	858	0.0110911
6135	1495.982	864	0.0111687
6136	1496.226	855	0.0110524
6137	1496.470	881	0.0113885
6138	1496.714	864	0.0111687
6139	1496.958	899	0.0116211
6140	1497.202	766	0.00990188
6141	1497.446	806	0.0104189
6142	1497.689	846	0.010936
6143	1497.933	834	0.0107809
6144	1498.177	869	0.0112333
6145	1498.421	859	0.0111041
6146	1498.665	813	0.0105094
6147	1498.909	827	0.0106904
6148	1499.153	867	0.0112075
6149	1499.396	841	0.0108714
6150	1499.640	871	0.0112592
6151	1499.884	832	0.010755
6152	1500.128	834	0.0107809
6153	1500.372	822	0.0106258
6154	1500.616	839	0.0108455
6155	1500.860	867	0.0112075
6156	1501.104	833	0.010768
6157	1501.347	834	0.0107809
6158	1501.591	804	0.0103931
6159	1501.835	819	0.010587
6160	1502.079	829	0.0107163
6161	1502.323	880	0.0113755
6162	1502.567	832	0.010755
6163	1502.811	878	0.0113497
6164	1503.054	900	0.0116341
6165	1503.298	862	0.0111428
6166	1503.542	866	0.0111946
6167	1503.786	895	0.0115694
6168	1504.030	863	0.0111558
6169	1504.274	900	0.0116341
6170	1504.518	890	0.0115048
6171	1504.762	887	0.011466
6172	1505.005	862	0.0111428
6173	1505.249	831	0.0107421
6174	1505.493	897	0.0115953
6175	1505.737	871	0.0112592
6176	1505.981	837	0.0108197
6177	1506.225	825	0.0106646
6178	1506.469	894	0.0115565
6179	1506.712	883	0.0114143
6180	1506.956	885	0.0114402
6181	1507.200	889	0.0114919
6182	1507.444	870	0.0112463
6183	1507.688	827	0.0106904
6184	1507.932	857	0.0110782
6185	1508.176	904	0.0116858
6186	1508.419	885	0.0114402
6187	1508.663	943	0.0121899
6188	1508.907	900	0.0116341
6189	1509.151	910	0.0117633
6190	1509.395	947	0.0122416
6191	1509.639	840	0.0108585
6192	1509.883	837	0.0108197
6193	1510.127	879	0.0113626
6194	1510.370	882	0.0114014
6195	1510.614	875	0.0113109
6196	1510.858	857	0.0110782
6197	1511.102	877	0.0113367
6198	1511.346	872	0.0112721
6199	1511.590	881	0.0113885
6200	1511.834	897	0.0115953
6201	1512.077	897	0.0115953
6202	1512.321	923	0.0119314
6203	1512.565	941	0.0121641
6204	1512.809	951	0.0122933
6205	1513.053	915	0.011828
6206	1513.297	869	0.0112333
6207	1513.541	901	0.011647
6208	1513.784	843	0.0108972
6209	1514.028	863	0.0111558
6210	1514.272	901	0.011647
6211	1514.516	869	0.0112333
6212	1514.760	922	0.0119184
6213	1515.004	932	0.0120477
6214	1515.248	917	0.0118538
6215	1515.492	908	0.0117375
6216	1515.735	898	0.0116082
6217	1515.979	952	0.0123062
6218	1516.223	898	0.0116082
6219	1516.467	866	0.0111946
6220	1516.711	941	0.0121641
6221	1516.955	930	0.0120219
6222	1517.199	908	0.0117375
6223	1517.442	930	0.0120219
6224	1517.686	934	0.0120736
6225	1517.930	901	0.011647
6226	1518.174	927	0.0119831
6227	1518.418	937	0.0121123
6228	1518.662	950	0.0122804
6229	1518.906	912	0.0117892
6230	1519.150	929	0.0120089
6231	1519.393	975	0.0126036
6232	1519.637	897	0.0115953
6233	1519.881	896	0.0115824
6234	1520.125	946	0.0122287
6235	1520.369	896	0.0115824
6236	1520.613	877	0.0113367
6237	1520.857	872	0.0112721
6238	1521.100	943	0.0121899
6239	1521.344	956	0.012358
6240	1521.588	906	0.0117116
6241	1521.832	923	0.0119314
6242	1522.076	905	0.0116987
6243	1522.320	956	0.012358
6244	1522.564	949	0.0122675
6245	1522.807	888	0.0114789
6246	1523.051	921	0.0119055
6247	1523.295	979	0.0126553
6248	1523.539	912	0.0117892
6249	1523.783	875	0.0113109
6250	1524.027	900	0.0116341
6251	1524.271	917	0.0118538
6252	1524.515	950	0.0122804
6253	1524.758	920	0.0118926
6254	1525.002	923	0.0119314
6255	1525.246	964	0.0124614
6256	1525.490	890	0.0115048
6257	1525.734	930	0.0120219
6258	1525.978	949	0.0122675
6259	1526.222	937	0.0121123
6260	1526.465	935	0.0120865
6261	1526.709	911	0.0117763
6262	1526.953	957	0.0123709
6263	1527.197	944	0.0122028
6264	1527.441	938	0.0121253
6265	1527.685	909	0.0117504
6266	1527.929	929	0.0120089
6267	1528.172	911	0.0117763
6268	1528.416	889	0.0114919
6269	1528.660	977	0.0126294
6270	1528.904	958	0.0123838
6271	1529.148	960	0.0124097
6272	1529.392	1025	0.0132499
6273	1529.636	940	0.0121511
6274	1529.880	964	0.0124614
6275	1530.123	897	0.0115953
6276	1530.367	994	0.0128492
6277	1530.611	940	0.0121511
6278	1530.855	970	0.0125389
6279	1531.099	955	0.012345
6280	1531.343	935	0.0120865
6281	1531.587	959	0.0123967
6282	1531.830	967	0.0125002
6283	1532.074	919	0.0118797
6284	1532.318	937	0.0121123
6285	1532.562	945	0.0122158
6286	1532.806	967	0.0125002
6287	1533.050	1023	0.013224
6288	1533.294	930	0.0120219
6289	1533.538	934	0.0120736
6290	1533.781	920	0.0118926
6291	1534.025	983	0.012707
6292	1534.269	987	0.0127587
6293	1534.513	1005	0.0129914
6294	1534.757	950	0.0122804
6295	1535.001	946	0.0122287
6296	1535.245	994	0.0128492
6297	1535.488	1011	0.0130689
6298	1535.732	975	0.0126036
6299	1535.976	1047	0.0135343
6300	1536.220	1000	0.0129267
6301	1536.464	963	0.0124484
6302	1536.708	1007	0.0130172
6303	1536.952	1015	0.0131206
6304	1537.195	1050	0.0135731
6305	1537.439	978	0.0126423
6306	1537.683	949	0.0122675
6307	1537.927	939	0.0121382
6308	1538.171	968	0.0125131
6309	1538.415	1004	0.0129784
6310	1538.659	1004	0.0129784
6311	1538.903	993	0.0128362
6312	1539.146	917	0.0118538
6313	1539.390	1016	0.0131336
6314	1539.634	1009	0.0130431
6315	1539.878	933	0.0120606
6316	1540.122	955	0.012345
6317	1540.366	1045	0.0135084
6318	1540.610	995	0.0128621
6319	1540.853	983	0.012707
6320	1541.097	1021	0.0131982
6321	1541.341	980	0.0126682
6322	1541.585	964	0.0124614
6323	1541.829	1031	0.0133275
6324	1542.073	1005	0.0129914
6325	1542.317	988	0.0127716
6326	1542.560	1031	0.0133275
6327	1542.804	1038	0.0134179
6328	1543.048	1022	0.0132111
6329	1543.292	1081	0.0139738
6330	1543.536	1041	0.0134567
6331	1543.780	942	0.012177
6332	1544.024	1037	0.013405
6333	1544.268	1008	0.0130301
6334	1544.511	1021	0.0131982
6335	1544.755	1015	0.0131206
6336	1544.999	1128	0.0145814
6337	1545.243	1007	0.0130172
6338	1545.487	1017	0.0131465
6339	1545.731	1064	0.013754
6340	1545.975	1075	0.0138962
6341	1546.218	1044	0.0134955
6342	1546.462	1022	0.0132111
6343	1546.706	1048	0.0135472
6344	1546.950	1001	0.0129397
6345	1547.194	1040	0.0134438
6346	1547.438	992	0.0128233
6347	1547.682	1037	0.013405
6348	1547.926	1037	0.013405
6349	1548.169	1017	0.0131465
6350	1548.413	1058	0.0136765
6351	1548.657	1014	0.0131077
6352	1548.901	1043	0.0134826
6353	1549.145	1019	0.0131723
6354	1549.389	1070	0.0138316
6355	1549.633	983	0.012707
6356	1549.876	1077	0.0139221
6357	1550.120	1011	0.0130689
6358	1550.364	1047	0.0135343
6359	1550.608	1040	0.0134438
6360	1550.852	1064	0.013754
6361	1551.096	974	0.0125906
6362	1551.340	996	0.012875
6363	1551.583	1075	0.0138962
6364	1551.827	1031	0.0133275
6365	1552.071	1045	0.0135084
6366	1552.315	1039	0.0134309
6367	1552.559	1058	0.0136765
6368	1552.803	1058	0.0136765
6369	1553.047	1055	0.0136377
6370	1553.291	1045	0.0135084
6371	1553.534	1060	0.0137023
6372	1553.778	1046	0.0135214
6373	1554.022	1051	0.013586
6374	1554.266	1108	0.0143228
6375	1554.510	1075	0.0138962
6376	1554.754	1023	0.013224
6377	1554.998	1064	0.013754
6378	1555.241	1099	0.0142065
6379	1555.485	1004	0.0129784
6380	1555.729	1073	0.0138704
6381	1555.973	1064	0.013754
6382	1556.217	1119	0.014465
6383	1556.461	1013	0.0130948
6384	1556.705	1069	0.0138187
6385	1556.949	1074	0.0138833
6386	1557.192	1067	0.0137928
6387	1557.436	1062	0.0137282
6388	1557.680	1000	0.0129267
6389	1557.924	1101	0.0142323
6390	1558.168	1075	0.0138962
6391	1558.412	1047	0.0135343
6392	1558.656	1081	0.0139738
6393	1558.899	1140	0.0147365
6394	1559.143	1147	0.014827
6395	1559.387	1110	0.0143487
6396	1559.631	1141	0.0147494
6397	1559.875	1082	0.0139867
6398	1560.119	1107	0.0143099
6399	1560.363	1093	0.0141289
6400	1560.606	1095	0.0141548
6401	1560.850	1122	0.0145038
6402	1561.094	1108	0.0143228
6403	1561.338	1142	0.0147623
6404	1561.582	1118	0.0144521
6405	1561.826	1089	0.0140772
6406	1562.070	1090	0.0140901
6407	1562.314	1087	0.0140514
6408	1562.557	1131	0.0146201
6409	1562.801	1148	0.0148399
6410	1563.045	1053	0.0136118
6411	1563.289	1175	0.0151889
6412	1563.533	1110	0.0143487
6413	1563.777	1087	0.0140514
6414	1564.021	1105	0.014284
6415	1564.264	1125	0.0145426
6416	1564.508	1105	0.014284
6417	1564.752	1084	0.0140126
6418	1564.996	1070	0.0138316
6419	1565.240	1102	0.0142453
6420	1565.484	1157	0.0149562
6421	1565.728	1111	0.0143616
6422	1565.971	1125	0.0145426
6423	1566.215	1097	0.0141806
6424	1566.459	1100	0.0142194
6425	1566.703	1069	0.0138187
6426	1566.947	1095	0.0141548
6427	1567.191	1118	0.0144521
6428	1567.435	1120	0.0144779
6429	1567.679	1142	0.0147623
6430	1567.922	1086	0.0140384
6431	1568.166	1111	0.0143616
6432	1568.410	1156	0.0149433
6433	1568.654	1129	0.0145943
6434	1568.898	1152	0.0148916
6435	1569.142	1094	0.0141418
6436	1569.386	1133	0.014646
6437	1569.629	1096	0.0141677
6438	1569.873	1069	0.0138187
6439	1570.117	1096	0.0141677
6440	1570.361	1163	0.0150338
6441	1570.605	1149	0.0148528
6442	1570.849	1153	0.0149045
6443	1571.093	1169	0.0151114
6444	1571.337	1119	0.014465
6445	1571.580	1115	0.0144133
6446	1571.824	1127	0.0145684
6447	1572.068	1093	0.0141289
6448	1572.312	1160	0.014995
6449	1572.556	1157	0.0149562
6450	1572.800	1133	0.014646
6451	1573.044	1159	0.0149821
6452	1573.287	1208	0.0156155
6453	1573.531	1153	0.0149045
6454	1573.775	1141	0.0147494
6455	1574.019	1092	0.014116
6456	1574.263	1192	0.0154087
6457	1574.507	1114	0.0144004
6458	1574.751	1132	0.0146331
6459	1574.994	1093	0.0141289
6460	1575.238	1162	0.0150209
6461	1575.482	1128	0.0145814
6462	1575.726	1131	0.0146201
6463	1575.970	1164	0.0150467
6464	1576.214	1108	0.0143228
6465	1576.458	1086	0.0140384
6466	1576.702	1227	0.0158611
6467	1576.945	1149	0.0148528
6468	1577.189	1216	0.0157189
6469	1577.433	1114	0.0144004
6470	1577.677	1186	0.0153311
6471	1577.921	1220	0.0157706
6472	1578.165	1177	0.0152148
6473	1578.409	1187	0.015344
6474	1578.652	1225	0.0158352
6475	1578.896	1174	0.015176
6476	1579.140	1193	0.0154216
6477	1579.384	1203	0.0155509
6478	1579.628	1274	0.0164687
6479	1579.872	1167	0.0150855
6480	1580.116	1200	0.0155121
6481	1580.359	1142	0.0147623
6482	1580.603	1149	0.0148528
6483	1580.847	1170	0.0151243
6484	1581.091	1207	0.0156026
6485	1581.335	1166	0.0150726
6486	1581.579	1222	0.0157965
6487	1581.823	1240	0.0160291
6488	1582.067	1214	0.0156931
6489	1582.310	1174	0.015176
6490	1582.554	1180	0.0152535
6491	1582.798	1214	0.0156931
6492	1583.042	1254	0.0162101
6493	1583.286	1209	0.0156284
6494	1583.530	1228	0.015874
6495	1583.774	1231	0.0159128
6496	1584.017	1167	0.0150855
6497	1584.261	1198	0.0154862
6498	1584.505	1177	0.0152148
6499	1584.749	1230	0.0158999
6500	1584.993	1217	0.0157318
6501	1585.237	1178	0.0152277
6502	1585.481	1109	0.0143357
6503	1585.725	1247	0.0161196
6504	1585.968	1218	0.0157448
6505	1586.212	1171	0.0151372
6506	1586.456	1210	0.0156413
6507	1586.700	1215	0.015706
6508	1586.944	1233	0.0159387
6509	1587.188	1246	0.0161067
6510	1587.432	1227	0.0158611
6511	1587.675	1125	0.0145426
6512	1587.919	1279	0.0165333
6513	1588.163	1223	0.0158094
6514	1588.407	1207	0.0156026
6515	1588.651	1192	0.0154087
6516	1588.895	1210	0.0156413
6517	1589.139	1226	0.0158482
6518	1589.382	1233	0.0159387
6519	1589.626	1236	0.0159774
6520	1589.870	1220	0.0157706
6521	1590.114	1257	0.0162489
6522	1590.358	1207	0.0156026
6523	1590.602	1181	0.0152665
6524	1590.846	1205	0.0155767
6525	1591.090	1232	0.0159257
6526	1591.333	1247	0.0161196
6527	1591.577	1248	0.0161326
6528	1591.821	1202	0.0155379
6529	1592.065	1215	0.015706
6530	1592.309	1238	0.0160033
6531	1592.553	1242	0.016055
6532	1592.797	1213	0.0156801
6533	1593.040	1258	0.0162618
6534	1593.284	1203	0.0155509
6535	1593.528	1207	0.0156026
6536	1593.772	1249	0.0161455
6537	1594.016	1242	0.016055
6538	1594.260	1243	0.0160679
6539	1594.504	1252	0.0161843
6540	1594.748	1201	0.015525
6541	1594.991	1222	0.0157965
6542	1595.235	1223	0.0158094
6543	1595.479	1215	0.015706
6544	1595.723	1178	0.0152277
6545	1595.967	1173	0.0151631
6546	1596.211	1336	0.0172701
6547	1596.455	1264	0.0163394
6548	1596.698	1225	0.0158352
6549	1596.942	1258	0.0162618
6550	1597.186	1170	0.0151243
6551	1597.430	1271	0.0164299
6552	1597.674	1266	0.0163652
6553	1597.918	1288	0.0166496
6554	1598.162	1227	0.0158611
6555	1598.405	1261	0.0163006
6556	1598.649	1203	0.0155509
6557	1598.893	1235	0.0159645
6558	1599.137	1233	0.0159387
6559	1599.381	1253	0.0161972
6560	1599.625	1244	0.0160809
6561	1599.869	1242	0.016055
6562	1600.113	1293	0.0167143
6563	1600.356	1214	0.0156931
6564	1600.600	1246	0.0161067
6565	1600.844	1204	0.0155638
6566	1601.088	1266	0.0163652
6567	1601.332	1234	0.0159516
6568	1601.576	1171	0.0151372
6569	1601.820	1169	0.0151114
6570	1602.063	1208	0.0156155
6571	1602.307	1287	0.0166367
6572	1602.551	1278	0.0165204
6573	1602.795	1285	0.0166109
6574	1603.039	1205	0.0155767
6575	1603.283	1274	0.0164687
6576	1603.527	1202	0.0155379
6577	1603.770	1286	0.0166238
6578	1604.014	1260	0.0162877
6579	1604.258	1218	0.0157448
6580	1604.502	1267	0.0163782
6581	1604.746	1259	0.0162748
6582	1604.990	1213	0.0156801
6583	1605.234	1270	0.016417
6584	1605.478	1166	0.0150726
6585	1605.721	1246	0.0161067
6586	1605.965	1222	0.0157965
6587	1606.209	1220	0.0157706
6588	1606.453	1187	0.015344
6589	1606.697	1228	0.015874
6590	1606.941	1274	0.0164687
6591	1607.185	1181	0.0152665
6592	1607.428	1172	0.0151501
6593	1607.672	1178	0.0152277
6594	1607.916	1197	0.0154733
6595	1608.160	1214	0.0156931
6596	1608.404	1203	0.0155509
6597	1608.648	1190	0.0153828
6598	1608.892	1151	0.0148787
6599	1609.136	1153	0.0149045
6600	1609.379	1172	0.0151501
6601	1609.623	1135	0.0146718
6602	1609.867	1183	0.0152923
6603	1610.111	1093	0.0141289
6604	1610.355	1128	0.0145814
6605	1610.599	1181	0.0152665
6606	1610.843	1103	0.0142582
6607	1611.086	1124	0.0145296
6608	1611.330	1086	0.0140384
6609	1611.574	1130	0.0146072
6610	1611.818	1105	0.014284
6611	1612.062	1031	0.0133275
6612	1612.306	976	0.0126165
6613	1612.550	1045	0.0135084
6614	1612.793	994	0.0128492
6615	1613.037	1006	0.0130043
6616	1613.281	1007	0.0130172
6617	1613.525	887	0.011466
6618	1613.769	977	0.0126294
6619	1614.013	969	0.012526
6620	1614.257	943	0.0121899
6621	1614.501	904	0.0116858
6622	1614.744	923	0.0119314
6623	1614.988	924	0.0119443
6624	1615.232	881	0.0113885
6625	1615.476	895	0.0115694
6626	1615.720	876	0.0113238
6627	1615.964	881	0.0113885
6628	1616.208	877	0.0113367
6629	1616.451	837	0.0108197
6630	1616.695	879	0.0113626
6631	1616.939	798	0.0103155
6632	1617.183	824	0.0106516
6633	1617.427	860	0.011117
6634	1617.671	873	0.011285
6635	1617.915	821	0.0106128
6636	1618.158	811	0.0104836
6637	1618.402	818	0.0105741
6638	1618.646	808	0.0104448
6639	1618.890	764	0.00987602
6640	1619.134	824	0.0106516
6641	1619.378	778	0.010057
6642	1619.622	743	0.00960456
6643	1619.866	849	0.0109748
6644	1620.109	807	0.0104319
6645	1620.353	737	0.009527
6646	1620.597	821	0.0106128
6647	1620.841	740	0.00956578
6648	1621.085	794	0.0102638
6649	1621.329	768	0.00992773
6650	1621.573	733	0.00947529
6651	1621.816	788	0.0101863
6652	1622.060	805	0.010406
6653	1622.304	770	0.00995358
6654	1622.548	704	0.00910042
6655	1622.792	702	0.00907457
6656	1623.036	763	0.0098631
6657	1623.280	730	0.00943651
6658	1623.524	774	0.0100053
6659	1623.767	761	0.00983724
6660	1624.011	678	0.00876432
6661	1624.255	715	0.00924261
6662	1624.499	738	0.00953993
6663	1624.743	736	0.00951408
6664	1624.987	745	0.00963042
6665	1625.231	735	0.00950115
6666	1625.474	772	0.00997944
6667	1625.718	695	0.00898408
6668	1625.962	711	0.00919091
6669	1626.206	718	0.00928139
6670	1626.450	761	0.00983724
6671	1626.694	703	0.00908749
6672	1626.938	728	0.00941066
6673	1627.181	714	0.00922969
6674	1627.425	753	0.00973383
6675	1627.669	738	0.00953993
6676	1627.913	702	0.00907457
6677	1628.157	688	0.00889359
6678	1628.401	757	0.00978554
6679	1628.645	652	0.00842823
6680	1628.889	758	0.00979846
6681	1629.132	719	0.00929432
6682	1629.376	737	0.009527
6683	1629.620	698	0.00902286
6684	1629.864	724	0.00935895
6685	1630.108	708	0.00915213
6686	1630.352	710	0.00917798
6687	1630.596	701	0.00906164
6688	1630.839	707	0.0091392
6689	1631.083	685	0.00885481
6690	1631.327	686	0.00886774
6691	1631.571	692	0.0089453
6692	1631.815	656	0.00847994
6693	1632.059	705	0.00911335
6694	1632.303	635	0.00820848
6695	1632.546	686	0.00886774
6696	1632.790	693	0.00895823
6697	1633.034	666	0.0086092
6698	1633.278	714	0.00922969
6699	1633.522	705	0.00911335
6700	1633.766	688	0.00889359
6701	1634.010	629	0.00813091
6702	1634.254	714	0.00922969
6703	1634.497	695	0.00898408
6704	1634.741	670	0.00866091
6705	1634.985	705	0.00911335
6706	1635.229	662	0.0085575
6707	1635.473	641	0.00828604
6708	1635.717	644	0.00832482
6709	1635.961	685	0.00885481
6710	1636.204	649	0.00838945
6711	1636.448	678	0.00876432
6712	1636.692	679	0.00877725
6713	1636.936	640	0.00827311
6714	1637.180	660	0.00853164
6715	1637.424	658	0.00850579
6716	1637.668	637	0.00823433
6717	1637.912	660	0.00853164
6718	1638.155	666	0.0086092
6719	1638.399	674	0.00871262
6720	1638.643	670	0.00866091
6721	1638.887	678	0.00876432
6722	1639.131	635	0.00820848
6723	1639.375	661	0.00854457
6724	1639.619	639	0.00826018
6725	1639.862	662	0.0085575
6726	1640.106	652	0.00842823
6727	1640.350	627	0.00810506
6728	1640.594	669	0.00864798
6729	1640.838	667	0.00862213
6730	1641.082	681	0.0088031
6731	1641.326	648	0.00837652
6732	1641.569	662	0.0085575
6733	1641.813	673	0.00869969
6734	1642.057	638	0.00824726
6735	1642.301	642	0.00829896
6736	1642.545	605	0.00782067
6737	1642.789	657	0.00849286
6738	1643.033	644	0.00832482
6739	1643.277	642	0.00829896
6740	1643.520	656	0.00847994
6741	1643.764	647	0.0083636
6742	1644.008	649	0.00838945
6743	1644.252	648	0.00837652
6744	1644.496	646	0.00835067
6745	1644.740	649	0.00838945
6746	1644.984	625	0.00807921
6747	1645.227	593	0.00766555
6748	1645.471	638	0.00824726
6749	1645.715	605	0.00782067
6750	1645.959	631	0.00815677
6751	1646.203	650	0.00840238
6752	1646.447	570	0.00736824
6753	1646.691	650	0.00840238
6754	1646.935	663	0.00857042
6755	1647.178	619	0.00800165
6756	1647.422	630	0.00814384
6757	1647.666	643	0.00831189
6758	1647.910	599	0.00774311
6759	1648.154	606	0.0078336
6760	1648.398	672	0.00868676
6761	1648.642	649	0.00838945
6762	1648.885	601	0.00776897
6763	1649.129	625	0.00807921
6764	1649.373	594	0.00767848
6765	1649.617	643	0.00831189
6766	1649.861	661	0.00854457
6767	1650.105	643	0.00831189
6768	1650.349	621	0.0080275
6769	1650.592	668	0.00863506
6770	1650.836	564	0.00729068
6771	1651.080	624	0.00806628
6772	1651.324	628	0.00811799
6773	1651.568	582	0.00752336
6774	1651.812	597	0.00771726
6775	1652.056	608	0.00785945
6776	1652.300	591	0.0076397
6777	1652.543	612	0.00791116
6778	1652.787	574	0.00741994
6779	1653.031	601	0.00776897
6780	1653.275	608	0.00785945
6781	1653.519	573	0.00740702
6782	1653.763	614	0.00793701
6783	1654.007	623	0.00805335
6784	1654.250	569	0.00735531
6785	1654.494	604	0.00780775
6786	1654.738	639	0.00826018
6787	1654.982	604	0.00780775
6788	1655.226	590	0.00762677
6789	1655.470	574	0.00741994
6790	1655.714	557	0.00720019
6791	1655.957	607	0.00784653
6792	1656.201	642	0.00829896
6793	1656.445	591	0.0076397
6794	1656.689	610	0.00788531
6795	1656.933	597	0.00771726
6796	1657.177	605	0.00782067
6797	1657.421	597	0.00771726
6798	1657.665	589	0.00761385
6799	1657.908	637	0.00823433
6800	1658.152	589	0.00761385
6801	1658.396	600	0.00775604
6802	1658.640	591	0.0076397
6803	1658.884	548	0.00708385
6804	1659.128	618	0.00798872
6805	1659.372	582	0.00752336
6806	1659.615	557	0.00720019
6807	1659.859	548	0.00708385
6808	1660.103	571	0.00738116
6809	1660.347	581	0.00751043
6810	1660.591	532	0.00687702
6811	1660.835	551	0.00712263
6812	1661.079	561	0.0072519
6813	1661.323	595	0.00769141
6814	1661.566	548	0.00708385
6815	1661.810	549	0.00709678
6816	1662.054	508	0.00656678
6817	1662.298	528	0.00682531
6818	1662.542	532	0.00687702
6819	1662.786	551	0.00712263
6820	1663.030	501	0.00647629
6821	1663.273	572	0.00739409
6822	1663.517	577	0.00745872
6823	1663.761	542	0.00700629
6824	1664.005	600	0.00775604
6825	1664.249	567	0.00732946
6826	1664.493	559	0.00722604
6827	1664.737	551	0.00712263
6828	1664.980	581	0.00751043
6829	1665.224	559	0.00722604
6830	1665.468	535	0.0069158
6831	1665.712	539	0.00696751
6832	1665.956	546	0.007058
6833	1666.200	555	0.00717434
6834	1666.444	497	0.00642459
6835	1666.688	550	0.0071097
6836	1666.931	539	0.00696751
6837	1667.175	547	0.00707092
6838	1667.419	563	0.00727775
6839	1667.663	565	0.0073036
6840	1667.907	544	0.00703214
6841	1668.151	474	0.00612727
6842	1668.395	569	0.00735531
6843	1668.638	536	0.00692873
6844	1668.882	545	0.00704507
6845	1669.126	545	0.00704507
6846	1669.370	548	0.00708385
6847	1669.614	545	0.00704507
6848	1669.858	532	0.00687702
6849	1670.102	537	0.00694166
6850	1670.345	522	0.00674775
6851	1670.589	527	0.00681239
6852	1670.833	521	0.00673483
6853	1671.077	544	0.00703214
6854	1671.321	533	0.00688995
6855	1671.565	506	0.00654093
6856	1671.809	532	0.00687702
6857	1672.053	499	0.00645044
6858	1672.296	513	0.00663141
6859	1672.540	512	0.00661849
6860	1672.784	474	0.00612727
6861	1673.028	504	0.00651507
6862	1673.272	469	0.00606264
6863	1673.516	498	0.00643751
6864	1673.760	476	0.00615312
6865	1674.003	495	0.00639873
6866	1674.247	507	0.00655385
6867	1674.491	497	0.00642459
6868	1674.735	515	0.00665727
6869	1674.979	469	0.00606264
6870	1675.223	507	0.00655385
6871	1675.467	516	0.00667019
6872	1675.711	487	0.00629532
6873	1675.954	515	0.00665727
6874	1676.198	516	0.00667019
6875	1676.442	492	0.00635995
6876	1676.686	449	0.0058041
6877	1676.930	480	0.00620483
6878	1677.174	507	0.00655385
6879	1677.418	529	0.00683824
6880	1677.661	448	0.00579118
6881	1677.905	475	0.0061402
6882	1678.149	531	0.00686409
6883	1678.393	475	0.0061402
6884	1678.637	461	0.00595922
6885	1678.881	483	0.00624361
6886	1679.125	515	0.00665727
6887	1679.368	466	0.00602386
6888	1679.612	437	0.00564898
6889	1679.856	459	0.00593337
6890	1680.100	482	0.00623069
6891	1680.344	495	0.00639873
6892	1680.588	463	0.00598508
6893	1680.832	484	0.00625654
6894	1681.076	438	0.00566191
6895	1681.319	468	0.00604971
6896	1681.563	454	0.00586874
6897	1681.807	471	0.00608849
6898	1682.051	481	0.00621776
6899	1682.295	463	0.00598508
6900	1682.539	469	0.00606264
6901	1682.783	457	0.00590752
6902	1683.026	441	0.00570069
6903	1683.270	448	0.00579118
6904	1683.514	466	0.00602386
6905	1683.758	479	0.0061919
6906	1684.002	435	0.00562313
6907	1684.246	478	0.00617898
6908	1684.490	469	0.00606264
6909	1684.733	451	0.00582996
6910	1684.977	427	0.00551971
6911	1685.221	462	0.00597215
6912	1685.465	438	0.00566191
6913	1685.709	478	0.00617898
6914	1685.953	435	0.00562313
6915	1686.197	439	0.00567484
6916	1686.441	435	0.00562313
6917	1686.684	455	0.00588166
6918	1686.928	453	0.00585581
6919	1687.172	433	0.00559728
6920	1687.416	419	0.0054163
6921	1687.660	450	0.00581703
6922	1687.904	394	0.00509313
6923	1688.148	446	0.00576532
6924	1688.391	429	0.00554557
6925	1688.635	417	0.00539045
6926	1688.879	422	0.00545508
6927	1689.123	419	0.0054163
6928	1689.367	384	0.00496387
6929	1689.611	419	0.0054163
6930	1689.855	409	0.00528703
6931	1690.099	450	0.00581703
6932	1690.342	412	0.00532581
6933	1690.586	418	0.00540337
6934	1690.830	390	0.00504143
6935	1691.074	399	0.00515777
6936	1691.318	404	0.0052224
6937	1691.562	409	0.00528703
6938	1691.806	410	0.00529996
6939	1692.049	434	0.0056102
6940	1692.293	448	0.00579118
6941	1692.537	403	0.00520947
6942	1692.781	412	0.00532581
6943	1693.025	384	0.00496387
6944	1693.269	392	0.00506728
6945	1693.513	379	0.00489923
6946	1693.756	378	0.0048863
6947	1694.000	382	0.00493801
6948	1694.244	371	0.00479582
6949	1694.488	381	0.00492509
6950	1694.732	426	0.00550679
6951	1694.976	369	0.00476996
6952	1695.220	373	0.00482167
6953	1695.464	379	0.00489923
6954	1695.707	355	0.00458899
6955	1695.951	371	0.00479582
6956	1696.195	397	0.00513191
6957	1696.439	366	0.00473118
6958	1696.683	360	0.00465362
6959	1696.927	348	0.0044985
6960	1697.171	388	0.00501557
6961	1697.414	359	0.0046407
6962	1697.658	376	0.00486045
6963	1697.902	360	0.00465362
6964	1698.146	335	0.00433046
6965	1698.390	386	0.00498972
6966	1698.634	358	0.00462777
6967	1698.878	375	0.00484752
6968	1699.122	372	0.00480874
6969	1699.365	362	0.00467948
6970	1699.609	362	0.00467948
6971	1699.853	335	0.00433046
6972	1700.097	353	0.00456314
6973	1700.341	328	0.00423997
6974	1700.585	354	0.00457606
6975	1700.829	350	0.00452436
6976	1701.072	332	0.00429168
6977	1701.316	345	0.00445972
6978	1701.560	362	0.00467948
6979	1701.804	357	0.00461484
6980	1702.048	340	0.00439509
6981	1702.292	334	0.00431753
6982	1702.536	337	0.00435631
6983	1702.779	337	0.00435631
6984	1703.023	367	0.00474411
6985	1703.267	321	0.00414948
6986	1703.511	313	0.00404607
6987	1703.755	334	0.00431753
6988	1703.999	320	0.00413655
6989	1704.243	316	0.00408485
6990	1704.487	344	0.0044468
6991	1704.730	344	0.0044468
6992	1704.974	298	0.00385217
6993	1705.218	320	0.00413655
6994	1705.462	299	0.00386509
6995	1705.706	322	0.00416241
6996	1705.950	268	0.00346436
6997	1706.194	311	0.00402021
6998	1706.437	302	0.00390387
6999	1706.681	293	0.00378753
7000	1706.925	290	0.00374875
7001	1707.169	294	0.00380046
7002	1707.413	267	0.00345144
7003	1707.657	305	0.00394265
7004	1707.901	305	0.00394265
7005	1708.144	266	0.00343851
7006	1708.388	300	0.00387802
7007	1708.632	274	0.00354192
7008	1708.876	290	0.00374875
7009	1709.120	309	0.00399436
7010	1709.364	270	0.00349022
7011	1709.608	260	0.00336095
7012	1709.852	330	0.00426582
7013	1710.095	269	0.00347729
7014	1710.339	285	0.00368412
7015	1710.583	263	0.00339973
7016	1710.827	271	0.00350314
7017	1711.071	277	0.0035807
7018	1711.315	279	0.00360656
7019	1711.559	258	0.0033351
7020	1711.802	303	0.0039168
7021	1712.046	291	0.00376168
7022	1712.290	299	0.00386509
7023	1712.534	313	0.00404607
7024	1712.778	329	0.00425289
7025	1713.022	296	0.00382631
7026	1713.266	294	0.00380046
7027	1713.510	288	0.0037229
7028	1713.753	331	0.00427875
7029	1713.997	290	0.00374875
7030	1714.241	251	0.00324461
7031	1714.485	248	0.00320583
7032	1714.729	271	0.00350314
7033	1714.973	271	0.00350314
7034	1715.217	242	0.00312827
7035	1715.460	252	0.00325754
7036	1715.704	262	0.0033868
7037	1715.948	238	0.00307656
7038	1716.192	219	0.00283095
7039	1716.436	235	0.00303778
7040	1716.680	225	0.00290851
7041	1716.924	247	0.0031929
7042	1717.167	215	0.00277925
7043	1717.411	207	0.00267583
7044	1717.655	241	0.00311534
7045	1717.899	234	0.00302486
7046	1718.143	217	0.0028051
7047	1718.387	209	0.00270169
7048	1718.631	205	0.00264998
7049	1718.875	218	0.00281803
7050	1719.118	243	0.0031412
7051	1719.362	243	0.0031412
7052	1719.606	236	0.00305071
7053	1719.850	224	0.00289559
7054	1720.094	185	0.00239145
7055	1720.338	220	0.00284388
7056	1720.582	175	0.00226218
7057	1720.825	228	0.00294729
7058	1721.069	210	0.00271461
7059	1721.313	203	0.00262413
7060	1721.557	195	0.00252071
7061	1721.801	194	0.00250779
7062	1722.045	205	0.00264998
7063	1722.289	197	0.00254657
7064	1722.532	186	0.00240437
7065	1722.776	201	0.00259827
7066	1723.020	185	0.00239145
7067	1723.264	224	0.00289559
7068	1723.508	205	0.00264998
7069	1723.752	193	0.00249486
7070	1723.996	199	0.00257242
7071	1724.240	193	0.00249486
7072	1724.483	188	0.00243023
7073	1724.727	188	0.00243023
7074	1724.971	162	0.00209413
7075	1725.215	205	0.00264998
7076	1725.459	175	0.00226218
7077	1725.703	202	0.0026112
7078	1725.947	182	0.00235267
7079	1726.190	182	0.00235267
7080	1726.434	203	0.00262413
7081	1726.678	203	0.00262413
7082	1726.922	175	0.00226218
7083	1727.166	170	0.00219754
7084	1727.410	194	0.00250779
7085	1727.654	161	0.0020812
7086	1727.898	171	0.00221047
7087	1728.141	177	0.00228803
7088	1728.385	160	0.00206828
7089	1728.629	192	0.00248193
7090	1728.873	171	0.00221047
7091	1729.117	174	0.00224925
7092	1729.361	166	0.00214584
7093	1729.605	187	0.0024173
7094	1729.848	156	0.00201657
7095	1730.092	154	0.00199072
7096	1730.336	191	0.00246901
7097	1730.580	152	0.00196486
7098	1730.824	173	0.00223632
7099	1731.068	155	0.00200364
7100	1731.312	169	0.00218462
7101	1731.555	171	0.00221047
7102	1731.799	170	0.00219754
7103	1732.043	147	0.00190023
7104	1732.287	152	0.00196486
7105	1732.531	173	0.00223632
7106	1732.775	155	0.00200364
7107	1733.019	182	0.00235267
7108	1733.263	159	0.00205535
7109	1733.506	150	0.00193901
7110	1733.750	153	0.00197779
7111	1733.994	140	0.00180974
7112	1734.238	134	0.00173218
7113	1734.482	173	0.00223632
7114	1734.726	162	0.00209413
7115	1734.970	118	0.00152535
7116	1735.213	158	0.00204242
7117	1735.457	143	0.00184852
7118	1735.701	132	0.00170633
7119	1735.945	136	0.00175804
7120	1736.189	139	0.00179682
7121	1736.433	132	0.00170633
7122	1736.677	131	0.0016934
7123	1736.920	125	0.00161584
7124	1737.164	133	0.00171926
7125	1737.408	138	0.00178389
7126	1737.652	130	0.00168048
7127	1737.896	163	0.00210706
7128	1738.140	113	0.00146072
7129	1738.384	136	0.00175804
7130	1738.628	133	0.00171926
7131	1738.871	119	0.00153828
7132	1739.115	126	0.00162877
7133	1739.359	123	0.00158999
7134	1739.603	127	0.0016417
7135	1739.847	118	0.00152535
7136	1740.091	122	0.00157706
7137	1740.335	135	0.00174511
7138	1740.578	116	0.0014995
7139	1740.822	118	0.00152535
7140	1741.066	113	0.00146072
7141	1741.310	136	0.00175804
7142	1741.554	117	0.00151243
7143	1741.798	109	0.00140901
7144	1742.042	115	0.00148657
7145	1742.286	102	0.00131853
7146	1742.529	118	0.00152535
7147	1742.773	127	0.0016417
7148	1743.017	122	0.00157706
7149	1743.261	119	0.00153828
7150	1743.505	132	0.00170633
7151	1743.749	110	0.00142194
7152	1743.993	113	0.00146072
7153	1744.236	120	0.00155121
7154	1744.480	116	0.0014995
7155	1744.724	103	0.00133145
7156	1744.968	107	0.00138316
7157	1745.212	114	0.00147365
7158	1745.456	104	0.00134438
7159	1745.700	106	0.00137023
7160	1745.943	117	0.00151243
7161	1746.187	102	0.00131853
7162	1746.431	106	0.00137023
7163	1746.675	100	0.00129267
7164	1746.919	92	0.00118926
7165	1747.163	98	0.00126682
7166	1747.407	110	0.00142194
7167	1747.651	80	0.00103414
7168	1747.894	97	0.00125389
7169	1748.138	115	0.00148657
7170	1748.382	95	0.00122804
7171	1748.626	82	0.00105999
7172	1748.870	113	0.00146072
7173	1749.114	101	0.0013056
7174	1749.358	90	0.00116341
7175	1749.601	111	0.00143487
7176	1749.845	85	0.00109877
7177	1750.089	97	0.00125389
7178	1750.333	120	0.00155121
7179	1750.577	108	0.00139609
7180	1750.821	97	0.00125389
7181	1751.065	93	0.00120219
7182	1751.309	80	0.00103414
7183	1751.552	92	0.00118926
7184	1751.796	108	0.00139609
7185	1752.040	102	0.00131853
7186	1752.284	111	0.00143487
7187	1752.528	91	0.00117633
7188	1752.772	91	0.00117633
7189	1753.016	86	0.0011117
7190	1753.259	98	0.00126682
7191	1753.503	92	0.00118926
7192	1753.747	87	0.00112463
7193	1753.991	83	0.00107292
7194	1754.235	112	0.00144779
7195	1754.479	91	0.00117633
7196	1754.723	94	0.00121511
7197	1754.966	101	0.0013056
7198	1755.210	98	0.00126682
7199	1755.454	94	0.00121511
7200	1755.698	81	0.00104707
7201	1755.942	80	0.00103414
7202	1756.186	86	0.0011117
7203	1756.430	75	0.000969505
7204	1756.674	76	0.000982432
7205	1756.917	83	0.00107292
7206	1757.161	95	0.00122804
7207	1757.405	78	0.00100829
7208	1757.649	84	0.00108585
7209	1757.893	93	0.00120219
7210	1758.137	92	0.00118926
7211	1758.381	66	0.000853164
7212	1758.624	80	0.00103414
7213	1758.868	95	0.00122804
7214	1759.112	93	0.00120219
7215	1759.356	83	0.00107292
7216	1759.600	83	0.00107292
7217	1759.844	84	0.00108585
7218	1760.088	80	0.00103414
7219	1760.331	106	0.00137023
7220	1760.575	90	0.00116341
7221	1760.819	82	0.00105999
7222	1761.063	75	0.000969505
7223	1761.307	67	0.000866091
7224	1761.551	72	0.000930725
7225	1761.795	79	0.00102121
7226	1762.039	88	0.00113755
7227	1762.282	77	0.000995358
7228	1762.526	95	0.00122804
7229	1762.770	68	0.000879018
7230	1763.014	77	0.000995358
7231	1763.258	76	0.000982432
7232	1763.502	94	0.00121511
7233	1763.746	66	0.000853164
7234	1763.989	81	0.00104707
7235	1764.233	63	0.000814384
7236	1764.477	75	0.000969505
7237	1764.721	85	0.00109877
7238	1764.965	86	0.0011117
7239	1765.209	81	0.00104707
7240	1765.453	83	0.00107292
7241	1765.697	86	0.0011117
7242	1765.940	78	0.00100829
7243	1766.184	79	0.00102121
7244	1766.428	73	0.000943651
7245	1766.672	83	0.00107292
7246	1766.916	78	0.00100829
7247	1767.160	75	0.000969505
7248	1767.404	92	0.00118926
7249	1767.647	78	0.00100829
7250	1767.891	77	0.000995358
7251	1768.135	72	0.000930725
7252	1768.379	91	0.00117633
7253	1768.623	76	0.000982432
7254	1768.867	62	0.000801457
7255	1769.111	69	0.000891945
7256	1769.354	73	0.000943651
7257	1769.598	69	0.000891945
7258	1769.842	71	0.000917798
7259	1770.086	86	0.0011117
7260	1770.330	61	0.000788531
7261	1770.574	88	0.00113755
7262	1770.818	71	0.000917798
7263	1771.062	88	0.00113755
7264	1771.305	75	0.000969505
7265	1771.549	66	0.000853164
7266	1771.793	67	0.000866091
7267	1772.037	71	0.000917798
7268	1772.281	79	0.00102121
7269	1772.525	78	0.00100829
7270	1772.769	72	0.000930725
7271	1773.012	71	0.000917798
7272	1773.256	67	0.000866091
7273	1773.500	89	0.00115048
7274	1773.744	71	0.000917798
7275	1773.988	74	0.000956578
7276	1774.232	67	0.000866091
7277	1774.476	77	0.000995358
7278	1774.719	70	0.000904871
7279	1774.963	73	0.000943651
7280	1775.207	76	0.000982432
7281	1775.451	100	0.00129267
7282	1775.695	67	0.000866091
7283	1775.939	69	0.000891945
7284	1776.183	57	0.000736824
7285	1776.427	82	0.00105999
7286	1776.670	84	0.00108585
7287	1776.914	69	0.000891945
7288	1777.158	97	0.00125389
7289	1777.402	84	0.00108585
7290	1777.646	85	0.00109877
7291	1777.890	90	0.00116341
7292	1778.134	69	0.000891945
7293	1778.377	63	0.000814384
7294	1778.621	84	0.00108585
7295	1778.865	86	0.0011117
7296	1779.109	74	0.000956578
7297	1779.353	76	0.000982432
7298	1779.597	78	0.00100829
7299	1779.841	72	0.000930725
7300	1780.085	84	0.00108585
7301	1780.328	70	0.000904871
7302	1780.572	88	0.00113755
7303	1780.816	87	0.00112463
7304	1781.060	81	0.00104707
7305	1781.304	70	0.000904871
7306	1781.548	62	0.000801457
7307	1781.792	69	0.000891945
7308	1782.035	85	0.00109877
7309	1782.279	82	0.00105999
7310	1782.523	78	0.00100829
7311	1782.767	77	0.000995358
7312	1783.011	67	0.000866091
7313	1783.255	85	0.00109877
7314	1783.499	78	0.00100829
7315	1783.742	101	0.0013056
7316	1783.986	81	0.00104707
7317	1784.230	69	0.000891945
7318	1784.474	62	0.000801457
7319	1784.718	80	0.00103414
7320	1784.962	75	0.000969505
7321	1785.206	77	0.000995358
7322	1785.450	73	0.000943651
7323	1785.693	84	0.00108585
7324	1785.937	71	0.000917798
7325	1786.181	63	0.000814384
7326	1786.425	80	0.00103414
7327	1786.669	59	0.000762677
7328	1786.913	76	0.000982432
7329	1787.157	65	0.000840238
7330	1787.400	92	0.00118926
7331	1787.644	92	0.00118926
7332	1787.888	94	0.00121511
7333	1788.132	74	0.000956578
7334	1788.376	66	0.000853164
7335	1788.620	81	0.00104707
7336	1788.864	93	0.00120219
7337	1789.108	82	0.00105999
7338	1789.351	75	0.000969505
7339	1789.595	79	0.00102121
7340	1789.839	63	0.000814384
7341	1790.083	82	0.00105999
7342	1790.327	81	0.00104707
7343	1790.571	84	0.00108585
7344	1790.815	64	0.000827311
7345	1791.058	73	0.000943651
7346	1791.302	67	0.000866091
7347	1791.546	91	0.00117633
7348	1791.790	72	0.000930725
7349	1792.034	77	0.000995358
7350	1792.278	84	0.00108585
7351	1792.522	85	0.00109877
7352	1792.765	75	0.000969505
7353	1793.009	75	0.000969505
7354	1793.253	83	0.00107292
7355	1793.497	74	0.000956578
7356	1793.741	65	0.000840238
7357	1793.985	78	0.00100829
7358	1794.229	64	0.000827311
7359	1794.473	58	0.00074975
7360	1794.716	69	0.000891945
7361	1794.960	85	0.00109877
7362	1795.204	81	0.00104707
7363	1795.448	68	0.000879018
7364	1795.692	88	0.00113755
7365	1795.936	62	0.000801457
7366	1796.180	68	0.000879018
7367	1796.423	57	0.000736824
7368	1796.667	57	0.000736824
7369	1796.911	76	0.000982432
7370	1797.155	73	0.000943651
7371	1797.399	65	0.000840238
7372	1797.643	72	0.000930725
7373	1797.887	83	0.00107292
7374	1798.130	65	0.000840238
7375	1798.374	70	0.000904871
7376	1798.618	62	0.000801457
7377	1798.862	59	0.000762677
7378	1799.106	66	0.000853164
7379	1799.350	67	0.000866091
7380	1799.594	72	0.000930725
7381	1799.838	68	0.000879018
7382	1800.081	64	0.000827311
7383	1800.325	80	0.00103414
7384	1800.569	65	0.000840238
7385	1800.813	70	0.000904871
7386	1801.057	67	0.000866091
7387	1801.301	71	0.000917798
7388	1801.545	78	0.00100829
7389	1801.788	79	0.00102121
7390	1802.032	74	0.000956578
7391	1802.276	61	0.000788531
7392	1802.520	67	0.000866091
7393	1802.764	55	0.00071097
7394	1803.008	73	0.000943651
7395	1803.252	71	0.000917798
7396	1803.496	81	0.00104707
7397	1803.739	64	0.000827311
7398	1803.983	69	0.000891945
7399	1804.227	73	0.000943651
7400	1804.471	57	0.000736824
7401	1804.715	75	0.000969505
7402	1804.959	65	0.000840238
7403	1805.203	60	0.000775604
7404	1805.446	77	0.000995358
7405	1805.690	85	0.00109877
7406	1805.934	48	0.000620483
7407	1806.178	63	0.000814384
7408	1806.422	60	0.000775604
7409	1806.666	66	0.000853164
7410	1806.910	67	0.000866091
7411	1807.153	78	0.00100829
7412	1807.397	65	0.000840238
7413	1807.641	57	0.000736824
7414	1807.885	80	0.00103414
7415	1808.129	64	0.000827311
7416	1808.373	79	0.00102121
7417	1808.617	63	0.000814384
7418	1808.861	68	0.000879018
7419	1809.104	65	0.000840238
7420	1809.348	59	0.000762677
7421	1809.592	72	0.000930725
7422	1809.836	80	0.00103414
7423	1810.080	77	0.000995358
7424	1810.324	69	0.000891945
7425	1810.568	65	0.000840238
7426	1810.811	73	0.000943651
7427	1811.055	62	0.000801457
7428	1811.299	67	0.000866091
7429	1811.543	58	0.00074975
7430	1811.787	70	0.000904871
7431	1812.031	72	0.000930725
7432	1812.275	81	0.00104707
7433	1812.518	75	0.000969505
7434	1812.762	74	0.000956578
7435	1813.006	70	0.000904871
7436	1813.250	68	0.000879018
7437	1813.494	77	0.000995358
7438	1813.738	65	0.000840238
7439	1813.982	50	0.000646337
7440	1814.226	66	0.000853164
7441	1814.469	74	0.000956578
7442	1814.713	71	0.000917798
7443	1814.957	64	0.000827311
7444	1815.201	59	0.000762677
7445	1815.445	70	0.000904871
7446	1815.689	66	0.000853164
7447	1815.933	58	0.00074975
7448	1816.176	51	0.000659263
7449	1816.420	84	0.00108585
7450	1816.664	57	0.000736824
7451	1816.908	71	0.000917798
7452	1817.152	58	0.00074975
7453	1817.396	88	0.00113755
7454	1817.640	68	0.000879018
7455	1817.884	56	0.000723897
7456	1818.127	61	0.000788531
7457	1818.371	69	0.000891945
7458	1818.615	73	0.000943651
7459	1818.859	61	0.000788531
7460	1819.103	68	0.000879018
7461	1819.347	61	0.000788531
7462	1819.591	65	0.000840238
7463	1819.834	66	0.000853164
7464	1820.078	55	0.00071097
7465	1820.322	68	0.000879018
7466	1820.566	83	0.00107292
7467	1820.810	60	0.000775604
7468	1821.054	63	0.000814384
7469	1821.298	76	0.000982432
7470	1821.541	73	0.000943651
7471	1821.785	81	0.00104707
7472	1822.029	57	0.000736824
7473	1822.273	60	0.000775604
7474	1822.517	63	0.000814384
7475	1822.761	74	0.000956578
7476	1823.005	52	0.00067219
7477	1823.249	62	0.000801457
7478	1823.492	62	0.000801457
7479	1823.736	96	0.00124097
7480	1823.980	75	0.000969505
7481	1824.224	68	0.000879018
7482	1824.468	80	0.00103414
7483	1824.712	84	0.00108585
7484	1824.956	96	0.00124097
7485	1825.199	74	0.000956578
7486	1825.443	88	0.00113755
7487	1825.687	82	0.00105999
7488	1825.931	78	0.00100829
7489	1826.175	71	0.000917798
7490	1826.419	92	0.00118926
7491	1826.663	100	0.00129267
7492	1826.906	117	0.00151243
7493	1827.150	93	0.00120219
7494	1827.394	116	0.0014995
7495	1827.638	96	0.00124097
7496	1827.882	83	0.00107292
7497	1828.126	104	0.00134438
7498	1828.370	89	0.00115048
7499	1828.614	77	0.000995358
7500	1828.857	104	0.00134438
7501	1829.101	74	0.000956578
7502	1829.345	75	0.000969505
7503	1829.589	88	0.00113755
7504	1829.833	95	0.00122804
7505	1830.077	83	0.00107292
7506	1830.321	77	0.000995358
7507	1830.564	72	0.000930725
7508	1830.808	80	0.00103414
7509	1831.052	106	0.00137023
7510	1831.296	102	0.00131853
7511	1831.540	105	0.00135731
7512	1831.784	120	0.00155121
7513	1832.028	95	0.00122804
7514	1832.272	119	0.00153828
7515	1832.515	130	0.00168048
7516	1832.759	148	0.00191316
7517	1833.003	181	0.00233974
7518	1833.247	194	0.00250779
7519	1833.491	292	0.00377461
7520	1833.735	354	0.00457606
7521	1833.979	569	0.00735531
7522	1834.222	787	0.0101733
7523	1834.466	1258	0.0162618
7524	1834.710	2109	0.0272625
7525	1834.954	3369	0.0435502
7526	1835.198	5289	0.0683695
7527	1835.442	8336	0.107757
7528	1835.686	12468	0.161171
7529	1835.929	17968	0.232268
7530	1836.173	24735	0.319743
7531	1836.417	32389	0.418684
7532	1836.661	39635	0.512351
7533	1836.905	46420	0.600059
7534	1837.149	51257	0.662586
7535	1837.393	53139	0.686914
7536	1837.637	52016	0.672397
7537	1837.880	47756	0.617329
7538	1838.124	41200	0.532581
7539	1838.368	33411	0.431895
7540	1838.612	25665	0.331765
7541	1838.856	18437	0.23833
7542	1839.100	12135	0.156866
7543	1839.344	7694	0.0994583
7544	1839.587	4609	0.0595793
7545	1839.831	2546	0.0329115
7546	1840.075	1350	0.0174511
7547	1840.319	679	0.00877725
7548	1840.563	362	0.00467948
7549	1840.807	181	0.00233974
7550	1841.051	143	0.00184852
7551	1841.295	109	0.00140901
7552	1841.538	93	0.00120219
7553	1841.782	88	0.00113755
7554	1842.026	92	0.00118926
7555	1842.270	66	0.000853164
7556	1842.514	76	0.000982432
7557	1842.758	65	0.000840238
7558	1843.002	68	0.000879018
7559	1843.245	55	0.00071097
7560	1843.489	64	0.000827311
7561	1843.733	54	0.000698044
7562	1843.977	53	0.000685117
7563	1844.221	48	0.000620483
7564	1844.465	56	0.000723897
7565	1844.709	49	0.00063341
7566	1844.952	46	0.00059463
7567	1845.196	48	0.000620483
7568	1845.440	41	0.000529996
7569	1845.684	36	0.000465362
7570	1845.928	49	0.00063341
7571	1846.172	40	0.000517069
7572	1846.416	42	0.000542923
7573	1846.660	38	0.000491216
7574	1846.903	42	0.000542923
7575	1847.147	45	0.000581703
7576	1847.391	48	0.000620483
7577	1847.635	29	0.000374875
7578	1847.879	33	0.000426582
7579	1848.123	54	0.000698044
7580	1848.367	40	0.000517069
7581	1848.610	54	0.000698044
7582	1848.854	47	0.000607556
7583	1849.098	71	0.000917798
7584	1849.342	83	0.00107292
7585	1849.586	109	0.00140901
7586	1849.830	150	0.00193901
7587	1850.074	165	0.00213291
7588	1850.317	194	0.00250779
7589	1850.561	253	0.00327046
7590	1850.805	302	0.00390387
7591	1851.049	335	0.00433046
7592	1851.293	360	0.00465362
7593	1851.537	393	0.00508021
7594	1851.781	385	0.00497679
7595	1852.025	345	0.00445972
7596	1852.268	286	0.00369705
7597	1852.512	290	0.00374875
7598	1852.756	202	0.0026112
7599	1853.000	186	0.00240437
7600	1853.244	165	0.00213291
7601	1853.488	142	0.0018356
7602	1853.732	116	0.0014995
7603	1853.975	86	0.0011117
7604	1854.219	90	0.00116341
7605	1854.463	68	0.000879018
7606	1854.707	51	0.000659263
7607	1854.951	41	0.000529996
7608	1855.195	55	0.00071097
7609	1855.439	41	0.000529996
7610	1855.683	35	0.000452436
7611	1855.926	45	0.000581703
7612	1856.170	40	0.000517069
7613	1856.414	34	0.000439509
7614	1856.658	36	0.000465362
7615	1856.902	32	0.000413655
7616	1857.146	30	0.000387802
7617	1857.390	39	0.000504143
7618	1857.633	30	0.000387802
7619	1857.877	36	0.000465362
7620	1858.121	32	0.000413655
7621	1858.365	27	0.000349022
7622	1858.609	36	0.000465362
7623	1858.853	33	0.000426582
7624	1859.097	36	0.000465362
7625	1859.340	35	0.000452436
7626	1859.584	42	0.000542923
7627	1859.828	36	0.000465362
7628	1860.072	40	0.000517069
7629	1860.316	33	0.000426582
7630	1860.560	24	0.000310242
7631	1860.804	21	0.000271461
7632	1861.048	26	0.000336095
7633	1861.291	24	0.000310242
7634	1861.535	33	0.000426582
7635	1861.779	20	0.000258535
7636	1862.023	22	0.000284388
7637	1862.267	25	0.000323168
7638	1862.511	22	0.000284388
7639	1862.755	22	0.000284388
7640	1862.998	22	0.000284388
7641	1863.242	11	0.000142194
7642	1863.486	20	0.000258535
7643	1863.730	10	0.000129267
7644	1863.974	22	0.000284388
7645	1864.218	18	0.000232681
7646	1864.462	14	0.000180974
7647	1864.705	18	0.000232681
7648	1864.949	24	0.000310242
7649	1865.193	22	0.000284388
7650	1865.437	18	0.000232681
7651	1865.681	21	0.000271461
7652	1865.925	30	0.000387802
7653	1866.169	21	0.000271461
7654	1866.413	11	0.000142194
7655	1866.656	17	0.000219754
7656	1866.900	20	0.000258535
7657	1867.144	20	0.000258535
7658	1867.388	12	0.000155121
7659	1867.632	25	0.000323168
7660	1867.876	25	0.000323168
7661	1868.120	23	0.000297315
7662	1868.363	19	0.000245608
7663	1868.607	15	0.000193901
7664	1868.851	20	0.000258535
7665	1869.095	18	0.000232681
7666	1869.339	21	0.000271461
7667	1869.583	19	0.000245608
7668	1869.827	17	0.000219754
7669	1870.071	24	0.000310242
7670	1870.314	5	6.46337e-05
7671	1870.558	16	0.000206828
7672	1870.802	16	0.000206828
7673	1871.046	17	0.000219754
7674	1871.290	19	0.000245608
7675	1871.534	15	0.000193901
7676	1871.778	21	0.000271461
7677	1872.021	24	0.000310242
7678	1872.265	14	0.000180974
7679	1872.509	18	0.000232681
7680	1872.753	13	0.000168048
7681	1872.997	17	0.000219754
7682	1873.241	18	0.000232681
7683	1873.485	14	0.000180974
7684	1873.728	25	0.000323168
7685	1873.972	22	0.000284388
7686	1874.216	16	0.000206828
7687	1874.460	17	0.000219754
7688	1874.704	19	0.000245608
7689	1874.948	17	0.000219754
7690	1875.192	19	0.000245608
7691	1875.436	22	0.000284388
7692	1875.679	18	0.000232681
7693	1875.923	17	0.000219754
7694	1876.167	20	0.000258535
7695	1876.411	14	0.000180974
7696	1876.655	11	0.000142194
7697	1876.899	15	0.000193901
7698	1877.143	11	0.000142194
7699	1877.386	15	0.000193901
7700	1877.630	18	0.000232681
7701	1877.874	20	0.000258535
7702	1878.118	9	0.000116341
7703	1878.362	13	0.000168048
7704	1878.606	13	0.000168048
7705	1878.850	30	0.000387802
7706	1879.093	20	0.000258535
7707	1879.337	18	0.000232681
7708	1879.581	10	0.000129267
7709	1879.825	16	0.000206828
7710	1880.069	18	0.000232681
7711	1880.313	22	0.000284388
7712	1880.557	11	0.000142194
7713	1880.801	17	0.000219754
7714	1881.044	18	0.000232681
7715	1881.288	18	0.000232681
7716	1881.532	21	0.000271461
7717	1881.776	17	0.000219754
7718	1882.020	15	0.000193901
7719	1882.264	17	0.000219754
7720	1882.508	15	0.000193901
7721	1882.751	12	0.000155121
7722	1882.995	22	0.000284388
7723	1883.239	21	0.000271461
7724	1883.483	17	0.000219754
7725	1883.727	15	0.000193901
7726	1883.971	13	0.000168048
7727	1884.215	19	0.000245608
7728	1884.459	16	0.000206828
7729	1884.702	10	0.000129267
7730	1884.946	9	0.000116341
7731	1885.190	22	0.000284388
7732	1885.434	26	0.000336095
7733	1885.678	17	0.000219754
7734	1885.922	17	0.000219754
7735	1886.166	14	0.000180974
7736	1886.409	14	0.000180974
7737	1886.653	11	0.000142194
7738	1886.897	18	0.000232681
7739	1887.141	28	0.000361949
7740	1887.385	18	0.000232681
7741	1887.629	16	0.000206828
7742	1887.873	18	0.000232681
7743	1888.116	17	0.000219754
7744	1888.360	14	0.000180974
7745	1888.604	18	0.000232681
7746	1888.848	23	0.000297315
7747	1889.092	19	0.000245608
7748	1889.336	11	0.000142194
7749	1889.580	14	0.000180974
7750	1889.824	15	0.000193901
7751	1890.067	22	0.000284388
7752	1890.311	11	0.000142194
7753	1890.555	15	0.000193901
7754	1890.799	11	0.000142194
7755	1891.043	14	0.000180974
7756	1891.287	13	0.000168048
7757	1891.531	15	0.000193901
7758	1891.774	20	0.000258535
7759	1892.018	21	0.000271461
7760	1892.262	12	0.000155121
7761	1892.506	18	0.000232681
7762	1892.750	16	0.000206828
7763	1892.994	17	0.000219754
7764	1893.238	17	0.000219754
7765	1893.482	21	0.000271461
7766	1893.725	13	0.000168048
7767	1893.969	18	0.000232681
7768	1894.213	15	0.000193901
7769	1894.457	23	0.000297315
7770	1894.701	9	0.000116341
7771	1894.945	19	0.000245608
7772	1895.189	18	0.000232681
7773	1895.432	15	0.000193901
7774	1895.676	16	0.000206828
7775	1895.920	10	0.000129267
7776	1896.164	16	0.000206828
7777	1896.408	17	0.000219754
7778	1896.652	15	0.000193901
7779	1896.896	18	0.000232681
7780	1897.139	24	0.000310242
7781	1897.383	13	0.000168048
7782	1897.627	15	0.000193901
7783	1897.871	17	0.000219754
7784	1898.115	14	0.000180974
7785	1898.359	19	0.000245608
7786	1898.603	14	0.000180974
7787	1898.847	15	0.000193901
7788	1899.090	15	0.000193901
7789	1899.334	15	0.000193901
7790	1899.578	13	0.000168048
7791	1899.822	21	0.000271461
7792	1900.066	18	0.000232681
7793	1900.310	13	0.000168048
7794	1900.554	10	0.000129267
7795	1900.797	11	0.000142194
7796	1901.041	6	7.75604e-05
7797	1901.285	14	0.000180974
7798	1901.529	11	0.000142194
7799	1901.773	23	0.000297315
7800	1902.017	19	0.000245608
7801	1902.261	19	0.000245608
7802	1902.504	21	0.000271461
7803	1902.748	19	0.000245608
7804	1902.992	13	0.000168048
7805	1903.236	18	0.000232681
7806	1903.480	18	0.000232681
7807	1903.724	14	0.000180974
7808	1903.968	21	0.000271461
7809	1904.212	10	0.000129267
7810	1904.455	14	0.000180974
7811	1904.699	11	0.000142194
7812	1904.943	18	0.000232681
7813	1905.187	16	0.000206828
7814	1905.431	21	0.000271461
7815	1905.675	11	0.000142194
7816	1905.919	19	0.000245608
7817	1906.162	13	0.000168048
7818	1906.406	10	0.000129267
7819	1906.650	15	0.000193901
7820	1906.894	15	0.000193901
7821	1907.138	25	0.000323168
7822	1907.382	20	0.000258535
7823	1907.626	16	0.000206828
7824	1907.870	15	0.000193901
7825	1908.113	21	0.000271461
7826	1908.357	9	0.000116341
7827	1908.601	17	0.000219754
7828	1908.845	20	0.000258535
7829	1909.089	17	0.000219754
7830	1909.333	11	0.000142194
7831	1909.577	17	0.000219754
7832	1909.820	13	0.000168048
7833	1910.064	21	0.000271461
7834	1910.308	9	0.000116341
7835	1910.552	14	0.000180974
7836	1910.796	10	0.000129267
7837	1911.040	21	0.000271461
7838	1911.284	6	7.75604e-05
7839	1911.527	21	0.000271461
7840	1911.771	18	0.000232681
7841	1912.015	13	0.000168048
7842	1912.259	14	0.000180974
7843	1912.503	17	0.000219754
7844	1912.747	19	0.000245608
7845	1912.991	16	0.000206828
7846	1913.235	22	0.000284388
7847	1913.478	8	0.000103414
7848	1913.722	22	0.000284388
7849	1913.966	15	0.000193901
7850	1914.210	8	0.000103414
7851	1914.454	18	0.000232681
7852	1914.698	12	0.000155121
7853	1914.942	19	0.000245608
7854	1915.185	13	0.000168048
7855	1915.429	16	0.000206828
7856	1915.673	16	0.000206828
7857	1915.917	16	0.000206828
7858	1916.161	18	0.000232681
7859	1916.405	13	0.000168048
7860	1916.649	17	0.000219754
7861	1916.892	19	0.000245608
7862	1917.136	20	0.000258535
7863	1917.380	16	0.000206828
7864	1917.624	15	0.000193901
7865	1917.868	18	0.000232681
7866	1918.112	12	0.000155121
7867	1918.356	14	0.000180974
7868	1918.600	17	0.000219754
7869	1918.843	14	0.000180974
7870	1919.087	7	9.04871e-05
7871	1919.331	10	0.000129267
7872	1919.575	13	0.000168048
7873	1919.819	16	0.000206828
7874	1920.063	18	0.000232681
7875	1920.307	12	0.000155121
7876	1920.550	20	0.000258535
7877	1920.794	9	0.000116341
7878	1921.038	14	0.000180974
7879	1921.282	20	0.000258535
7880	1921.526	18	0.000232681
7881	1921.770	9	0.000116341
7882	1922.014	13	0.000168048
7883	1922.258	21	0.000271461
7884	1922.501	14	0.000180974
7885	1922.745	13	0.000168048
7886	1922.989	18	0.000232681
7887	1923.233	10	0.000129267
7888	1923.477	13	0.000168048
7889	1923.721	15	0.000193901
7890	1923.965	17	0.000219754
7891	1924.208	15	0.000193901
7892	1924.452	18	0.000232681
7893	1924.696	18	0.000232681
7894	1924.940	12	0.000155121
7895	1925.184	22	0.000284388
7896	1925.428	15	0.000193901
7897	1925.672	18	0.000232681
7898	1925.915	24	0.000310242
7899	1926.159	12	0.000155121
7900	1926.403	14	0.000180974
7901	1926.647	14	0.000180974
7902	1926.891	20	0.000258535
7903	1927.135	21	0.000271461
7904	1927.379	13	0.000168048
7905	1927.623	19	0.000245608
7906	1927.866	11	0.000142194
7907	1928.110	17	0.000219754
7908	1928.354	19	0.000245608
7909	1928.598	16	0.000206828
7910	1928.842	12	0.000155121
7911	1929.086	14	0.000180974
7912	1929.330	17	0.000219754
7913	1929.573	13	0.000168048
7914	1929.817	17	0.000219754
7915	1930.061	12	0.000155121
7916	1930.305	14	0.000180974
7917	1930.549	10	0.000129267
7918	1930.793	11	0.000142194
7919	1931.037	13	0.000168048
7920	1931.280	20	0.000258535
7921	1931.524	19	0.000245608
7922	1931.768	15	0.000193901
7923	1932.012	10	0.000129267
7924	1932.256	17	0.000219754
7925	1932.500	15	0.000193901
7926	1932.744	24	0.000310242
7927	1932.988	16	0.000206828
7928	1933.231	16	0.000206828
7929	1933.475	27	0.000349022
7930	1933.719	14	0.000180974
7931	1933.963	10	0.000129267
7932	1934.207	23	0.000297315
7933	1934.451	16	0.000206828
7934	1934.695	20	0.000258535
7935	1934.938	18	0.000232681
7936	1935.182	12	0.000155121
7937	1935.426	17	0.000219754
7938	1935.670	24	0.000310242
7939	1935.914	12	0.000155121
7940	1936.158	16	0.000206828
7941	1936.402	16	0.000206828
7942	1936.646	17	0.000219754
7943	1936.889	13	0.000168048
7944	1937.133	9	0.000116341
7945	1937.377	16	0.000206828
7946	1937.621	18	0.000232681
7947	1937.865	25	0.000323168
7948	1938.109	13	0.000168048
7949	1938.353	8	0.000103414
7950	1938.596	15	0.000193901
7951	1938.840	21	0.000271461
7952	1939.084	14	0.000180974
7953	1939.328	17	0.000219754
7954	1939.572	15	0.000193901
7955	1939.816	13	0.000168048
7956	1940.060	14	0.000180974
7957	1940.303	17	0.000219754
7958	1940.547	16	0.000206828
7959	1940.791	14	0.000180974
7960	1941.035	20	0.000258535
7961	1941.279	17	0.000219754
7962	1941.523	14	0.000180974
7963	1941.767	21	0.000271461
7964	1942.011	21	0.000271461
7965	1942.254	15	0.000193901
7966	1942.498	17	0.000219754
7967	1942.742	12	0.000155121
7968	1942.986	11	0.000142194
7969	1943.230	17	0.000219754
7970	1943.474	19	0.000245608
7971	1943.718	22	0.000284388
7972	1943.961	15	0.000193901
7973	1944.205	19	0.000245608
7974	1944.449	21	0.000271461
7975	1944.693	14	0.000180974
7976	1944.937	21	0.000271461
7977	1945.181	12	0.000155121
7978	1945.425	15	0.000193901
7979	1945.669	16	0.000206828
7980	1945.912	21	0.000271461
7981	1946.156	20	0.000258535
7982	1946.400	12	0.000155121
7983	1946.644	20	0.000258535
7984	1946.888	12	0.000155121
7985	1947.132	22	0.000284388
7986	1947.376	19	0.000245608
7987	1947.619	11	0.000142194
7988	1947.863	24	0.000310242
7989	1948.107	11	0.000142194
7990	1948.351	13	0.000168048
7991	1948.595	16	0.000206828
7992	1948.839	15	0.000193901
7993	1949.083	14	0.000180974
7994	1949.326	23	0.000297315
7995	1949.570	28	0.000361949
7996	1949.814	18	0.000232681
7997	1950.058	16	0.000206828
7998	1950.302	13	0.000168048
7999	1950.546	18	0.000232681
8000	1950.790	15	0.000193901
8001	1951.034	16	0.000206828
8002	1951.277	29	0.000374875
8003	1951.521	13	0.000168048
8004	1951.765	10	0.000129267
8005	1952.009	9	0.000116341
8006	1952.253	11	0.000142194
8007	1952.497	28	0.000361949
8008	1952.741	12	0.000155121
8009	1952.984	8	0.000103414
8010	1953.228	10	0.000129267
8011	1953.472	12	0.000155121
8012	1953.716	13	0.000168048
8013	1953.960	23	0.000297315
8014	1954.204	14	0.000180974
8015	1954.448	24	0.000310242
8016	1954.691	21	0.000271461
8017	1954.935	15	0.000193901
8018	1955.179	13	0.000168048
8019	1955.423	13	0.000168048
8020	1955.667	15	0.000193901
8021	1955.911	13	0.000168048
8022	1956.155	13	0.000168048
8023	1956.399	16	0.000206828
8024	1956.642	13	0.000168048
8025	1956.886	17	0.000219754
8026	1957.130	22	0.000284388
8027	1957.374	17	0.000219754
8028	1957.618	14	0.000180974
8029	1957.862	18	0.000232681
8030	1958.106	20	0.000258535
8031	1958.349	10	0.000129267
8032	1958.593	13	0.000168048
8033	1958.837	22	0.000284388
8034	1959.081	13	0.000168048
8035	1959.325	19	0.000245608
8036	1959.569	22	0.000284388
8037	1959.813	14	0.000180974
8038	1960.057	19	0.000245608
8039	1960.300	11	0.000142194
8040	1960.544	17	0.000219754
8041	1960.788	19	0.000245608
8042	1961.032	20	0.000258535
8043	1961.276	18	0.000232681
8044	1961.520	18	0.000232681
8045	1961.764	16	0.000206828
8046	1962.007	20	0.000258535
8047	1962.251	15	0.000193901
8048	1962.495	19	0.000245608
8049	1962.739	18	0.000232681
8050	1962.983	16	0.000206828
8051	1963.227	17	0.000219754
8052	1963.471	17	0.000219754
8053	1963.714	18	0.000232681
8054	1963.958	15	0.000193901
8055	1964.202	13	0.000168048
8056	1964.446	23	0.000297315
8057	1964.690	17	0.000219754
8058	1964.934	22	0.000284388
8059	1965.178	16	0.000206828
8060	1965.422	16	0.000206828
8061	1965.665	9	0.000116341
8062	1965.909	14	0.000180974
8063	1966.153	16	0.000206828
8064	1966.397	19	0.000245608
8065	1966.641	21	0.000271461
8066	1966.885	15	0.000193901
8067	1967.129	14	0.000180974
8068	1967.372	17	0.000219754
8069	1967.616	20	0.000258535
8070	1967.860	19	0.000245608
8071	1968.104	12	0.000155121
8072	1968.348	18	0.000232681
8073	1968.592	14	0.000180974
8074	1968.836	17	0.000219754
8075	1969.079	16	0.000206828
8076	1969.323	15	0.000193901
8077	1969.567	9	0.000116341
8078	1969.811	20	0.000258535
8079	1970.055	21	0.000271461
8080	1970.299	15	0.000193901
8081	1970.543	17	0.000219754
8082	1970.787	18	0.000232681
8083	1971.030	18	0.000232681
8084	1971.274	7	9.04871e-05
8085	1971.518	15	0.000193901
8086	1971.762	14	0.000180974
8087	1972.006	16	0.000206828
8088	1972.250	10	0.000129267
8089	1972.494	9	0.000116341
8090	1972.737	16	0.000206828
8091	1972.981	19	0.000245608
8092	1973.225	13	0.000168048
8093	1973.469	20	0.000258535
8094	1973.713	16	0.000206828
8095	1973.957	17	0.000219754
8096	1974.201	9	0.000116341
8097	1974.445	18	0.000232681
8098	1974.688	21	0.000271461
8099	1974.932	19	0.000245608
8100	1975.176	14	0.000180974
8101	1975.420	10	0.000129267
8102	1975.664	11	0.000142194
8103	1975.908	10	0.000129267
8104	1976.152	24	0.000310242
8105	1976.395	25	0.000323168
8106	1976.639	16	0.000206828
8107	1976.883	17	0.000219754
8108	1977.127	14	0.000180974
8109	1977.371	16	0.000206828
8110	1977.615	19	0.000245608
8111	1977.859	23	0.000297315
8112	1978.102	14	0.000180974
8113	1978.346	16	0.000206828
8114	1978.590	11	0.000142194
8115	1978.834	11	0.000142194
8116	1979.078	15	0.000193901
8117	1979.322	10	0.000129267
8118	1979.566	15	0.000193901
8119	1979.810	17	0.000219754
8120	1980.053	20	0.000258535
8121	1980.297	18	0.000232681
8122	1980.541	12	0.000155121
8123	1980.785	10	0.000129267
8124	1981.029	14	0.000180974
8125	1981.273	14	0.000180974
8126	1981.517	15	0.000193901
8127	1981.760	15	0.000193901
8128	1982.004	11	0.000142194
8129	1982.248	12	0.000155121
8130	1982.492	19	0.000245608
8131	1982.736	9	0.000116341
8132	1982.980	21	0.000271461
8133	1983.224	14	0.000180974
8134	1983.468	13	0.000168048
8135	1983.711	18	0.000232681
8136	1983.955	16	0.000206828
8137	1984.199	17	0.000219754
8138	1984.443	21	0.000271461
8139	1984.687	13	0.000168048
8140	1984.931	13	0.000168048
8141	1985.175	15	0.000193901
8142	1985.418	23	0.000297315
8143	1985.662	15	0.000193901
8144	1985.906	23	0.000297315
8145	1986.150	12	0.000155121
8146	1986.394	11	0.000142194
8147	1986.638	7	9.04871e-05
8148	1986.882	16	0.000206828
8149	1987.125	17	0.000219754
8150	1987.369	12	0.000155121
8151	1987.613	6	7.75604e-05
8152	1987.857	12	0.000155121
8153	1988.101	12	0.000155121
8154	1988.345	15	0.000193901
8155	1988.589	16	0.000206828
8156	1988.833	17	0.000219754
8157	1989.076	14	0.000180974
8158	1989.320	15	0.000193901
8159	1989.564	17	0.000219754
8160	1989.808	19	0.000245608
8161	1990.052	13	0.000168048
8162	1990.296	20	0.000258535
8163	1990.540	12	0.000155121
8164	1990.783	16	0.000206828
8165	1991.027	13	0.000168048
8166	1991.271	18	0.000232681
8167	1991.515	18	0.000232681
8168	1991.759	11	0.000142194
8169	1992.003	14	0.000180974
8170	1992.247	12	0.000155121
8171	1992.490	15	0.000193901
8172	1992.734	19	0.000245608
8173	1992.978	10	0.000129267
8174	1993.222	20	0.000258535
8175	1993.466	24	0.000310242
8176	1993.710	12	0.000155121
8177	1993.954	21	0.000271461
8178	1994.198	15	0.000193901
8179	1994.441	15	0.000193901
8180	1994.685	14	0.000180974
8181	1994.929	18	0.000232681
8182	1995.173	21	0.000271461
8183	1995.417	12	0.000155121
8184	1995.661	10	0.000129267
8185	1995.905	24	0.000310242
8186	1996.148	18	0.000232681
8187	1996.392	18	0.000232681
8188	1996.636	14	0.000180974
8189	1996.880	16	0.000206828
8190	1997.124	16	0.000206828
8191	1997.368	18	0.000232681
8192	1997.612	10	0.000129267
