#
# Sample name: Sample title.                                                   
# Sample id:   
# Sample type: 
# User name:   
# Sample description: 
#
# Start time:    2025-12-15, 16:18:27
# Real time (s): 68607.980
# Live time (s): 68064.920
#
# Total counts:  38721283
#
# Left marker:  20 (4.751 keV)
# Right marker: 50 (12.067 keV)
# Counts:       735180
#
# Energy calibration coefficients ( E = sum(Ai * n**i) )
#     A0: -0.126274
#     A1: 0.243864
#     A2: 0.000000
#     A3: 0.000000
# Energy unit: keV
#
# Channel data
# n	energy(keV)	counts	rate(1/s)
#-----------------------------------------------------------------------
1	0.118	1	1.46919e-05
2	0.361	2	2.93837e-05
3	0.605	6	8.81511e-05
4	0.849	4	5.87674e-05
5	1.093	10	0.000146919
6	1.337	0	0
7	1.581	8	0.000117535
8	1.825	11	0.00016161
9	2.069	5	7.34593e-05
10	2.312	5	7.34593e-05
11	2.556	5	7.34593e-05
12	2.800	6	8.81511e-05
13	3.044	5	7.34593e-05
14	3.288	5	7.34593e-05
15	3.532	5	7.34593e-05
16	3.776	6	8.81511e-05
17	4.019	10	0.000146919
18	4.263	7	0.000102843
19	4.507	8	0.000117535
20	4.751	5	7.34593e-05
21	4.995	12	0.000176302
22	5.239	6	8.81511e-05
23	5.483	8	0.000117535
24	5.726	9	0.000132227
25	5.970	117	0.00171895
26	6.214	1311	0.019261
27	6.458	5784	0.0849777
28	6.702	11074	0.162698
29	6.946	13910	0.204364
30	7.190	15552	0.228488
31	7.434	16800	0.246823
32	7.677	18277	0.268523
33	7.921	19121	0.280923
34	8.165	19295	0.283479
35	8.409	18289	0.268699
36	8.653	16951	0.249042
37	8.897	15764	0.231602
38	9.141	14664	0.215441
39	9.384	14721	0.216279
40	9.628	15970	0.234629
41	9.872	17979	0.264145
42	10.116	20819	0.30587
43	10.360	25213	0.370426
44	10.604	31050	0.456182
45	10.848	38889	0.571352
46	11.091	48059	0.706076
47	11.335	59906	0.88013
48	11.579	74684	1.09725
49	11.823	91976	1.3513
50	12.067	108970	1.60097
51	12.311	121279	1.78181
52	12.555	130873	1.92277
53	12.799	141330	2.0764
54	13.042	159987	2.35051
55	13.286	191597	2.81492
56	13.530	233810	3.4351
57	13.774	273659	4.02056
58	14.018	298979	4.39256
59	14.262	298458	4.3849
60	14.506	269539	3.96003
61	14.749	220164	3.23462
62	14.993	167526	2.46127
63	15.237	126375	1.85668
64	15.481	99255	1.45824
65	15.725	84085	1.23536
66	15.969	74322	1.09193
67	16.213	67260	0.988174
68	16.457	61126	0.898054
69	16.700	57786	0.848984
70	16.944	58137	0.85414
71	17.188	63487	0.932742
72	17.432	70308	1.03296
73	17.676	75228	1.10524
74	17.920	74591	1.09588
75	18.164	67132	0.986294
76	18.407	55584	0.816632
77	18.651	43970	0.646001
78	18.895	35356	0.519445
79	19.139	31782	0.466937
80	19.383	33627	0.494043
81	19.627	40640	0.597077
82	19.871	53467	0.785529
83	20.114	73209	1.07558
84	20.358	103791	1.52488
85	20.602	152401	2.23905
86	20.846	230223	3.3824
87	21.090	361745	5.31471
88	21.334	567120	8.33205
89	21.578	848523	12.4664
90	21.822	1151802	16.9221
91	22.065	1379144	20.2622
92	22.309	1423658	20.9162
93	22.553	1263421	18.562
94	22.797	955790	14.0423
95	23.041	622298	9.14271
96	23.285	354905	5.21421
97	23.529	193734	2.84631
98	23.772	122863	1.80509
99	24.016	114185	1.67759
100	24.260	146054	2.1458
101	24.504	202371	2.97321
102	24.748	263690	3.8741
103	24.992	304854	4.47887
104	25.236	308912	4.53849
105	25.479	274217	4.02876
106	25.723	211990	3.11453
107	25.967	145426	2.13658
108	26.211	93402	1.37225
109	26.455	57940	0.851246
110	26.699	37299	0.547992
111	26.943	26693	0.39217
112	27.187	20522	0.301506
113	27.430	17985	0.264233
114	27.674	17655	0.259385
115	27.918	18471	0.271373
116	28.162	21017	0.308779
117	28.406	23434	0.344289
118	28.650	26829	0.394168
119	28.894	29950	0.440021
120	29.137	34146	0.501668
121	29.381	39117	0.574701
122	29.625	48961	0.719328
123	29.869	67322	0.989085
124	30.113	97824	1.43722
125	30.357	139741	2.05305
126	30.601	183684	2.69866
127	30.845	216695	3.18365
128	31.088	223978	3.29065
129	31.332	202685	2.97782
130	31.576	162465	2.38691
131	31.820	120680	1.77301
132	32.064	88925	1.30647
133	32.308	73142	1.07459
134	32.552	73702	1.08282
135	32.795	86220	1.26673
136	33.039	102972	1.51285
137	33.283	115724	1.7002
138	33.527	117909	1.7323
139	33.771	107468	1.5789
140	34.015	89587	1.3162
141	34.259	71654	1.05273
142	34.502	60557	0.889695
143	34.746	56881	0.835687
144	34.990	57163	0.839831
145	35.234	56075	0.823846
146	35.478	51622	0.758423
147	35.722	43891	0.64484
148	35.966	35935	0.527952
149	36.210	28784	0.42289
150	36.453	23157	0.340219
151	36.697	19737	0.289973
152	36.941	18876	0.277323
153	37.185	20515	0.301403
154	37.429	24070	0.353633
155	37.673	27714	0.40717
156	37.917	29670	0.435907
157	38.160	29247	0.429693
158	38.404	26058	0.38284
159	38.648	21474	0.315493
160	38.892	17371	0.255212
161	39.136	13912	0.204393
162	39.380	11249	0.165269
163	39.624	9179	0.134857
164	39.868	7787	0.114405
165	40.111	6913	0.101565
166	40.355	6343	0.0931904
167	40.599	6253	0.0918682
168	40.843	6154	0.0904137
169	41.087	6084	0.0893853
170	41.331	6289	0.0923971
171	41.575	6339	0.0931317
172	41.818	6419	0.094307
173	42.062	6528	0.0959084
174	42.306	6318	0.0928231
175	42.550	6544	0.0961435
176	42.794	6629	0.0973923
177	43.038	6777	0.0995667
178	43.282	6888	0.101198
179	43.525	7108	0.10443
180	43.769	7111	0.104474
181	44.013	7044	0.103489
182	44.257	7064	0.103783
183	44.501	7065	0.103798
184	44.745	6905	0.101447
185	44.989	6990	0.102696
186	45.233	7126	0.104694
187	45.476	7213	0.105972
188	45.720	7196	0.105723
189	45.964	6934	0.101873
190	46.208	7372	0.108308
191	46.452	7299	0.107236
192	46.696	7466	0.109689
193	46.940	7631	0.112114
194	47.183	7618	0.111923
195	47.427	7987	0.117344
196	47.671	8254	0.121267
197	47.915	8284	0.121707
198	48.159	8855	0.130096
199	48.403	9504	0.139631
200	48.647	9917	0.145699
201	48.890	10238	0.150415
202	49.134	10805	0.158746
203	49.378	11328	0.166429
204	49.622	11767	0.172879
205	49.866	12049	0.177022
206	50.110	12098	0.177742
207	50.354	12028	0.176714
208	50.598	11947	0.175524
209	50.841	12081	0.177492
210	51.085	12328	0.181121
211	51.329	12763	0.187512
212	51.573	13090	0.192316
213	51.817	13654	0.200603
214	52.061	14479	0.212723
215	52.305	15316	0.22502
216	52.548	16908	0.24841
217	52.792	18409	0.270462
218	53.036	19781	0.29062
219	53.280	20502	0.301212
220	53.524	20331	0.2987
221	53.768	19399	0.285007
222	54.012	18055	0.265261
223	54.256	16962	0.249203
224	54.499	15717	0.230912
225	54.743	15535	0.228238
226	54.987	15070	0.221406
227	55.231	14742	0.216587
228	55.475	14175	0.208257
229	55.719	13862	0.203659
230	55.963	13651	0.200559
231	56.206	13111	0.192625
232	56.450	12560	0.18453
233	56.694	12266	0.18021
234	56.938	12080	0.177478
235	57.182	11655	0.171234
236	57.426	11565	0.169911
237	57.670	11453	0.168266
238	57.913	12801	0.18807
239	58.157	16811	0.246985
240	58.401	26945	0.395872
241	58.645	47921	0.704048
242	58.889	81449	1.19664
243	59.133	125612	1.84547
244	59.377	167335	2.45846
245	59.621	190677	2.8014
246	59.864	185090	2.71932
247	60.108	152948	2.24709
248	60.352	107447	1.5786
249	60.596	66712	0.980123
250	60.840	36280	0.533021
251	61.084	19492	0.286374
252	61.328	11714	0.1721
253	61.571	8755	0.128627
254	61.815	7955	0.116874
255	62.059	7808	0.114714
256	62.303	7823	0.114934
257	62.547	7808	0.114714
258	62.791	7730	0.113568
259	63.035	7937	0.116609
260	63.278	7850	0.115331
261	63.522	7698	0.113098
262	63.766	7967	0.11705
263	64.010	7842	0.115214
264	64.254	8005	0.117608
265	64.498	7991	0.117403
266	64.742	8097	0.11896
267	64.986	8021	0.117843
268	65.229	8381	0.123132
269	65.473	8474	0.124499
270	65.717	8490	0.124734
271	65.961	8456	0.124234
272	66.205	8634	0.126849
273	66.449	8857	0.130126
274	66.693	8813	0.129479
275	66.936	9003	0.132271
276	67.180	9053	0.133005
277	67.424	9064	0.133167
278	67.668	8951	0.131507
279	67.912	9137	0.134239
280	68.156	9150	0.13443
281	68.400	9250	0.1359
282	68.644	9081	0.133417
283	68.887	9339	0.137207
284	69.131	9502	0.139602
285	69.375	9395	0.13803
286	69.619	9489	0.139411
287	69.863	9456	0.138926
288	70.107	9687	0.14232
289	70.351	9546	0.140248
290	70.594	9544	0.140219
291	70.838	9631	0.141497
292	71.082	9718	0.142775
293	71.326	9728	0.142922
294	71.570	9779	0.143672
295	71.814	9750	0.143246
296	72.058	9687	0.14232
297	72.301	9976	0.146566
298	72.545	9929	0.145875
299	72.789	9882	0.145185
300	73.033	10005	0.146992
301	73.277	9990	0.146772
302	73.521	10019	0.147198
303	73.765	9871	0.145023
304	74.009	9708	0.142629
305	74.252	9813	0.144171
306	74.496	10062	0.147829
307	74.740	10199	0.149842
308	74.984	10421	0.153104
309	75.228	10395	0.152722
310	75.472	10118	0.148652
311	75.716	9737	0.143055
312	75.959	9279	0.136326
313	76.203	9318	0.136899
314	76.447	9132	0.134166
315	76.691	8899	0.130743
316	76.935	8872	0.130346
317	77.179	8759	0.128686
318	77.423	8821	0.129597
319	77.666	8627	0.126747
320	77.910	8664	0.12729
321	78.154	8729	0.128245
322	78.398	8887	0.130567
323	78.642	9406	0.138192
324	78.886	10179	0.149548
325	79.130	11658	0.171278
326	79.374	13264	0.194873
327	79.617	16050	0.235804
328	79.861	20605	0.302726
329	80.105	28729	0.422082
330	80.349	40224	0.590965
331	80.593	56305	0.827225
332	80.837	71998	1.05778
333	81.081	81548	1.19809
334	81.324	79463	1.16746
335	81.568	66617	0.978727
336	81.812	49230	0.72328
337	82.056	32473	0.477089
338	82.300	20309	0.298377
339	82.544	12974	0.190612
340	82.788	9815	0.144201
341	83.032	8659	0.127217
342	83.275	8273	0.121546
343	83.519	8326	0.122324
344	83.763	8355	0.12275
345	84.007	8508	0.124998
346	84.251	8727	0.128216
347	84.495	8920	0.131051
348	84.739	8907	0.13086
349	84.982	8833	0.129773
350	85.226	9126	0.134078
351	85.470	8849	0.130008
352	85.714	8593	0.126247
353	85.958	8890	0.130611
354	86.202	8781	0.129009
355	86.446	9351	0.137384
356	86.689	11112	0.163256
357	86.933	15264	0.224256
358	87.177	23558	0.346111
359	87.421	36038	0.529465
360	87.665	51739	0.760142
361	87.909	65664	0.964726
362	88.153	72823	1.06991
363	88.397	69409	1.01975
364	88.640	57783	0.84894
365	88.884	42385	0.622714
366	89.128	27462	0.403468
367	89.372	17446	0.256314
368	89.616	11617	0.170675
369	89.860	8980	0.131933
370	90.104	7960	0.116947
371	90.347	7352	0.108015
372	90.591	7608	0.111776
373	90.835	7516	0.110424
374	91.079	7553	0.110968
375	91.323	7575	0.111291
376	91.567	7524	0.110542
377	91.811	7603	0.111702
378	92.055	7609	0.11179
379	92.298	7760	0.114009
380	92.542	7756	0.11395
381	92.786	7823	0.114934
382	93.030	7727	0.113524
383	93.274	7702	0.113157
384	93.518	7949	0.116786
385	93.762	8001	0.11755
386	94.005	7863	0.115522
387	94.249	7883	0.115816
388	94.493	8094	0.118916
389	94.737	7883	0.115816
390	94.981	7921	0.116374
391	95.225	8149	0.119724
392	95.469	8100	0.119004
393	95.712	8155	0.119812
394	95.956	8062	0.118446
395	96.200	8123	0.119342
396	96.444	8252	0.121237
397	96.688	8279	0.121634
398	96.932	8219	0.120752
399	97.176	8245	0.121134
400	97.420	8259	0.12134
401	97.663	8241	0.121076
402	97.907	8313	0.122133
403	98.151	8328	0.122354
404	98.395	8381	0.123132
405	98.639	8522	0.125204
406	98.883	8556	0.125704
407	99.127	8449	0.124131
408	99.370	8635	0.126864
409	99.614	8747	0.12851
410	99.858	8515	0.125101
411	100.102	8597	0.126306
412	100.346	8606	0.126438
413	100.590	8652	0.127114
414	100.834	8777	0.12895
415	101.077	8722	0.128142
416	101.321	8922	0.131081
417	101.565	8802	0.129318
418	101.809	8920	0.131051
419	102.053	8994	0.132139
420	102.297	8840	0.129876
421	102.541	9058	0.133079
422	102.785	9092	0.133578
423	103.028	8912	0.130934
424	103.272	8997	0.132183
425	103.516	9118	0.13396
426	103.760	9015	0.132447
427	104.004	8888	0.130581
428	104.248	8831	0.129744
429	104.492	8852	0.130052
430	104.735	9052	0.132991
431	104.979	8731	0.128275
432	105.223	8693	0.127716
433	105.467	8748	0.128524
434	105.711	8663	0.127276
435	105.955	8816	0.129523
436	106.199	8613	0.126541
437	106.443	8702	0.127849
438	106.686	8671	0.127393
439	106.930	8662	0.127261
440	107.174	8598	0.126321
441	107.418	8346	0.122618
442	107.662	8432	0.123882
443	107.906	8340	0.12253
444	108.150	8271	0.121516
445	108.393	8176	0.120121
446	108.637	8223	0.120811
447	108.881	8085	0.118784
448	109.125	8155	0.119812
449	109.369	8096	0.118945
450	109.613	8004	0.117594
451	109.857	8016	0.11777
452	110.100	7952	0.11683
453	110.344	8078	0.118681
454	110.588	8000	0.117535
455	110.832	8131	0.119459
456	111.076	7850	0.115331
457	111.320	7989	0.117373
458	111.564	7960	0.116947
459	111.808	8159	0.119871
460	112.051	8252	0.121237
461	112.295	8131	0.119459
462	112.539	8003	0.117579
463	112.783	7813	0.114787
464	113.027	7482	0.109924
465	113.271	7416	0.108955
466	113.515	7431	0.109175
467	113.758	7379	0.108411
468	114.002	7334	0.10775
469	114.246	7303	0.107295
470	114.490	7236	0.10631
471	114.734	7352	0.108015
472	114.978	7250	0.106516
473	115.222	7233	0.106266
474	115.465	7089	0.104151
475	115.709	7303	0.107295
476	115.953	7156	0.105135
477	116.197	7103	0.104356
478	116.441	7000	0.102843
479	116.685	7051	0.103592
480	116.929	7126	0.104694
481	117.173	7045	0.103504
482	117.416	7199	0.105767
483	117.660	7133	0.104797
484	117.904	7129	0.104738
485	118.148	6990	0.102696
486	118.392	6826	0.100287
487	118.636	7089	0.104151
488	118.880	7218	0.106046
489	119.123	7015	0.103063
490	119.367	7045	0.103504
491	119.611	7074	0.10393
492	119.855	7084	0.104077
493	120.099	7397	0.108676
494	120.343	8313	0.122133
495	120.587	10411	0.152957
496	120.831	16549	0.243136
497	121.074	28886	0.424389
498	121.318	51011	0.749446
499	121.562	81955	1.20407
500	121.806	116692	1.71442
501	122.050	143746	2.1119
502	122.294	153134	2.24982
503	122.538	138947	2.04139
504	122.781	108612	1.59571
505	123.025	73893	1.08563
506	123.269	44648	0.655962
507	123.513	24897	0.365783
508	123.757	13991	0.205554
509	124.001	9228	0.135576
510	124.245	7233	0.106266
511	124.488	6582	0.0967018
512	124.732	6555	0.0963051
513	124.976	6550	0.0962317
514	125.220	6516	0.0957321
515	125.464	6585	0.0967459
516	125.708	6560	0.0963786
517	125.952	6529	0.0959231
518	126.196	6622	0.0972895
519	126.439	6556	0.0963198
520	126.683	6589	0.0968046
521	126.927	6530	0.0959378
522	127.171	6522	0.0958203
523	127.415	6441	0.0946302
524	127.659	6316	0.0927938
525	127.903	6402	0.0940573
526	128.146	6399	0.0940132
527	128.390	6312	0.092735
528	128.634	6481	0.0952179
529	128.878	6491	0.0953648
530	129.122	6467	0.0950122
531	129.366	6341	0.0931611
532	129.610	6411	0.0941895
533	129.853	6443	0.0946596
534	130.097	6315	0.0927791
535	130.341	6387	0.0938369
536	130.585	6335	0.0930729
537	130.829	6310	0.0927056
538	131.073	6390	0.093881
539	131.317	6295	0.0924852
540	131.561	6247	0.09178
541	131.804	6351	0.093308
542	132.048	6319	0.0928378
543	132.292	6651	0.0977155
544	132.536	6323	0.0928966
545	132.780	6157	0.0904578
546	133.024	6415	0.0942483
547	133.268	6330	0.0929994
548	133.511	6362	0.0934696
549	133.755	6429	0.0944539
550	133.999	6279	0.0922502
551	134.243	6329	0.0929848
552	134.487	6370	0.0935871
553	134.731	6589	0.0968046
554	134.975	6577	0.0966283
555	135.219	7451	0.109469
556	135.462	8743	0.128451
557	135.706	11120	0.163373
558	135.950	14721	0.216279
559	136.194	18837	0.27675
560	136.438	22114	0.324896
561	136.682	23747	0.348888
562	136.926	22863	0.3359
563	137.169	19347	0.284243
564	137.413	15021	0.220686
565	137.657	11445	0.168148
566	137.901	8957	0.131595
567	138.145	7463	0.109645
568	138.389	6609	0.0970985
569	138.633	6488	0.0953208
570	138.876	6392	0.0939103
571	139.120	6393	0.093925
572	139.364	6256	0.0919123
573	139.608	6321	0.0928672
574	139.852	6286	0.092353
575	140.096	6176	0.0907369
576	140.340	6074	0.0892383
577	140.584	6340	0.0931464
578	140.827	6395	0.0939544
579	141.071	6346	0.0932345
580	141.315	6341	0.0931611
581	141.559	6478	0.0951738
582	141.803	6363	0.0934843
583	142.047	6501	0.0955118
584	142.291	6451	0.0947772
585	142.534	6461	0.0949241
586	142.778	6460	0.0949094
587	143.022	6369	0.0935724
588	143.266	6525	0.0958644
589	143.510	6280	0.0922649
590	143.754	6516	0.0957321
591	143.998	6420	0.0943217
592	144.242	6409	0.0941601
593	144.485	6549	0.096217
594	144.729	6445	0.094689
595	144.973	6492	0.0953795
596	145.217	6450	0.0947625
597	145.461	6556	0.0963198
598	145.705	6599	0.0969516
599	145.949	6365	0.0935137
600	146.192	6425	0.0943952
601	146.436	6442	0.0946449
602	146.680	6457	0.0948653
603	146.924	6380	0.093734
604	147.168	6300	0.0925587
605	147.412	6355	0.0933667
606	147.656	6445	0.094689
607	147.899	6362	0.0934696
608	148.143	6337	0.0931023
609	148.387	6453	0.0948065
610	148.631	6458	0.09488
611	148.875	6569	0.0965108
612	149.119	6220	0.0913833
613	149.363	6362	0.0934696
614	149.607	6495	0.0954236
615	149.850	6529	0.0959231
616	150.094	6579	0.0966577
617	150.338	6632	0.0974364
618	150.582	6704	0.0984942
619	150.826	6486	0.0952914
620	151.070	6482	0.0952326
621	151.314	6391	0.0938957
622	151.557	6544	0.0961435
623	151.801	6508	0.0956146
624	152.045	6484	0.095262
625	152.289	6614	0.0971719
626	152.533	6450	0.0947625
627	152.777	6465	0.0949828
628	153.021	6553	0.0962757
629	153.264	6413	0.0942189
630	153.508	6381	0.0937487
631	153.752	6443	0.0946596
632	153.996	6455	0.0948359
633	154.240	6332	0.0930288
634	154.484	6423	0.0943658
635	154.728	6491	0.0953648
636	154.972	6278	0.0922355
637	155.215	6468	0.0950269
638	155.459	6518	0.0957615
639	155.703	6581	0.0966871
640	155.947	6437	0.0945715
641	156.191	6523	0.095835
642	156.435	6476	0.0951445
643	156.679	6322	0.0928819
644	156.922	6327	0.0929554
645	157.166	6449	0.0947478
646	157.410	6447	0.0947184
647	157.654	6246	0.0917653
648	157.898	6350	0.0932933
649	158.142	6253	0.0918682
650	158.386	6524	0.0958497
651	158.630	6266	0.0920592
652	158.873	6449	0.0947478
653	159.117	6482	0.0952326
654	159.361	6449	0.0947478
655	159.605	6342	0.0931758
656	159.849	6425	0.0943952
657	160.093	6785	0.0996842
658	160.337	7094	0.104224
659	160.580	7279	0.106942
660	160.824	7192	0.105664
661	161.068	7213	0.105972
662	161.312	6994	0.102755
663	161.556	6801	0.0999193
664	161.800	6568	0.0964961
665	162.044	6336	0.0930876
666	162.287	6176	0.0907369
667	162.531	6068	0.0891502
668	162.775	6209	0.0912217
669	163.019	6245	0.0917506
670	163.263	6014	0.0883568
671	163.507	6217	0.0913393
672	163.751	6354	0.0933521
673	163.995	6479	0.0951885
674	164.238	7244	0.106428
675	164.482	9483	0.139323
676	164.726	14400	0.211563
677	164.970	24984	0.367061
678	165.214	41640	0.611769
679	165.458	63704	0.93593
680	165.702	85748	1.2598
681	165.945	101452	1.49052
682	166.189	104683	1.53799
683	166.433	92184	1.35435
684	166.677	71267	1.04704
685	166.921	48029	0.705635
686	167.165	29374	0.431559
687	167.409	16965	0.249247
688	167.652	10331	0.151782
689	167.896	7222	0.106105
690	168.140	6142	0.0902374
691	168.384	5837	0.0857564
692	168.628	5750	0.0844782
693	168.872	5788	0.0850365
694	169.116	5763	0.0846692
695	169.360	5788	0.0850365
696	169.603	5912	0.0868583
697	169.847	5810	0.0853597
698	170.091	5724	0.0840962
699	170.335	5654	0.0830678
700	170.579	5707	0.0838464
701	170.823	5784	0.0849777
702	171.067	5814	0.0854185
703	171.310	5768	0.0847426
704	171.554	6019	0.0884303
705	171.798	5965	0.0876369
706	172.042	5771	0.0847867
707	172.286	5895	0.0866085
708	172.530	5996	0.0880924
709	172.774	5832	0.0856829
710	173.018	5976	0.0877985
711	173.261	5870	0.0862412
712	173.505	6004	0.0882099
713	173.749	5992	0.0880336
714	173.993	5898	0.0866526
715	174.237	6088	0.089444
716	174.481	6009	0.0882834
717	174.725	5903	0.086726
718	174.968	6066	0.0891208
719	175.212	6024	0.0885037
720	175.456	6033	0.088636
721	175.700	5902	0.0867113
722	175.944	5842	0.0858298
723	176.188	5920	0.0869758
724	176.432	5942	0.087299
725	176.675	5979	0.0878426
726	176.919	5819	0.0854919
727	177.163	5870	0.0862412
728	177.407	5951	0.0874312
729	177.651	6006	0.0882393
730	177.895	5876	0.0863293
731	178.139	5765	0.0846985
732	178.383	5850	0.0859474
733	178.626	5778	0.0848895
734	178.870	5872	0.0862706
735	179.114	5858	0.0860649
736	179.358	5638	0.0828327
737	179.602	5814	0.0854185
738	179.846	5745	0.0844047
739	180.090	5823	0.0855507
740	180.333	5876	0.0863293
741	180.577	5691	0.0836114
742	180.821	5809	0.085345
743	181.065	5756	0.0845663
744	181.309	5673	0.0833469
745	181.553	5792	0.0850952
746	181.797	5851	0.085962
747	182.041	5841	0.0858151
748	182.284	5690	0.0835967
749	182.528	5648	0.0829796
750	182.772	5924	0.0870346
751	183.016	5751	0.0844929
752	183.260	5761	0.0846398
753	183.504	5706	0.0838317
754	183.748	5862	0.0861237
755	183.991	5637	0.082818
756	184.235	5801	0.0852275
757	184.479	5916	0.086917
758	184.723	5827	0.0856094
759	184.967	5731	0.084199
760	185.211	5756	0.0845663
761	185.455	5903	0.086726
762	185.698	5802	0.0852421
763	185.942	5888	0.0865056
764	186.186	5866	0.0861824
765	186.430	5833	0.0856976
766	186.674	5734	0.0842431
767	186.918	5920	0.0869758
768	187.162	5928	0.0870933
769	187.406	5852	0.0859767
770	187.649	5891	0.0865497
771	187.893	5893	0.0865791
772	188.137	5833	0.0856976
773	188.381	5839	0.0857857
774	188.625	5768	0.0847426
775	188.869	5840	0.0858004
776	189.113	5876	0.0863293
777	189.356	5687	0.0835526
778	189.600	5877	0.086344
779	189.844	5974	0.0877691
780	190.088	5828	0.0856241
781	190.332	5825	0.0855801
782	190.576	5776	0.0848602
783	190.820	5841	0.0858151
784	191.063	5765	0.0846985
785	191.307	5776	0.0848602
786	191.551	5715	0.083964
787	191.795	5849	0.0859327
788	192.039	5785	0.0849924
789	192.283	5822	0.085536
790	192.527	5880	0.0863881
791	192.771	5759	0.0846104
792	193.014	5955	0.08749
793	193.258	5771	0.0847867
794	193.502	5766	0.0847132
795	193.746	5659	0.0831412
796	193.990	5742	0.0843606
797	194.234	5685	0.0835232
798	194.478	5671	0.0833175
799	194.721	5511	0.0809668
800	194.965	5692	0.083626
801	195.209	5643	0.0829061
802	195.453	5650	0.083009
803	195.697	5684	0.0835085
804	195.941	5619	0.0825535
805	196.185	5804	0.0852715
806	196.429	5639	0.0828474
807	196.672	5676	0.083391
808	196.916	5614	0.0824801
809	197.160	5655	0.0830824
810	197.404	5776	0.0848602
811	197.648	5647	0.0829649
812	197.892	5830	0.0856535
813	198.136	5801	0.0852275
814	198.379	5874	0.0863
815	198.623	6027	0.0885478
816	198.867	6163	0.0905459
817	199.111	6201	0.0911042
818	199.355	6212	0.0912658
819	199.599	6031	0.0886066
820	199.843	5934	0.0871815
821	200.086	6061	0.0890473
822	200.330	6056	0.0889739
823	200.574	5954	0.0874753
824	200.818	5727	0.0841403
825	201.062	5848	0.085918
826	201.306	5840	0.0858004
827	201.550	5722	0.0840668
828	201.794	5712	0.0839199
829	202.037	5771	0.0847867
830	202.281	5744	0.08439
831	202.525	5807	0.0853156
832	202.769	5892	0.0865644
833	203.013	5828	0.0856241
834	203.257	5976	0.0877985
835	203.501	5798	0.0851834
836	203.744	5865	0.0861677
837	203.988	5857	0.0860502
838	204.232	5986	0.0879454
839	204.476	5702	0.083773
840	204.720	5918	0.0869464
841	204.964	5735	0.0842578
842	205.208	5656	0.0830971
843	205.451	5703	0.0837877
844	205.695	5718	0.084008
845	205.939	5605	0.0823479
846	206.183	5459	0.0802028
847	206.427	5529	0.0812313
848	206.671	5490	0.0806583
849	206.915	5651	0.0830237
850	207.159	5524	0.0811578
851	207.402	5512	0.0809815
852	207.646	5528	0.0812166
853	207.890	5554	0.0815986
854	208.134	5687	0.0835526
855	208.378	5371	0.07891
856	208.622	5435	0.0798502
857	208.866	5478	0.080482
858	209.109	5510	0.0809521
859	209.353	5476	0.0804526
860	209.597	5316	0.0781019
861	209.841	5501	0.0808199
862	210.085	5369	0.0788806
863	210.329	5288	0.0776905
864	210.573	5260	0.0772792
865	210.817	5423	0.0796739
866	211.060	5304	0.0779256
867	211.304	5280	0.077573
868	211.548	5270	0.0774261
869	211.792	5415	0.0795564
870	212.036	5341	0.0784692
871	212.280	5287	0.0776758
872	212.524	5280	0.077573
873	212.767	5139	0.0755014
874	213.011	5231	0.0768531
875	213.255	5285	0.0776465
876	213.499	5274	0.0774848
877	213.743	5308	0.0779844
878	213.987	5208	0.0765152
879	214.231	5384	0.079101
880	214.474	5283	0.0776171
881	214.718	5262	0.0773085
882	214.962	5277	0.0775289
883	215.206	5256	0.0772204
884	215.450	5260	0.0772792
885	215.694	5103	0.0749725
886	215.938	5252	0.0771616
887	216.182	5195	0.0763242
888	216.425	5182	0.0761332
889	216.669	5325	0.0782341
890	216.913	5249	0.0771176
891	217.157	5089	0.0747669
892	217.401	5241	0.077
893	217.645	5274	0.0774848
894	217.889	5240	0.0769853
895	218.132	5261	0.0772939
896	218.376	5341	0.0784692
897	218.620	5134	0.075428
898	218.864	5188	0.0762213
899	219.108	5206	0.0764858
900	219.352	5086	0.0747228
901	219.596	5280	0.077573
902	219.839	5296	0.0778081
903	220.083	5106	0.0750166
904	220.327	5323	0.0782047
905	220.571	5133	0.0754133
906	220.815	5251	0.0771469
907	221.059	5138	0.0754868
908	221.303	5113	0.0751195
909	221.547	5084	0.0746934
910	221.790	5149	0.0756484
911	222.034	5202	0.076427
912	222.278	5117	0.0751782
913	222.522	5296	0.0778081
914	222.766	5388	0.0791597
915	223.010	5571	0.0818483
916	223.254	5672	0.0833322
917	223.497	5532	0.0812753
918	223.741	5700	0.0837436
919	223.985	5596	0.0822156
920	224.229	5467	0.0803204
921	224.473	5478	0.080482
922	224.717	5180	0.0761038
923	224.961	5244	0.0770441
924	225.205	5050	0.0741939
925	225.448	5173	0.076001
926	225.692	4976	0.0731067
927	225.936	5093	0.0748256
928	226.180	5020	0.0737531
929	226.424	5077	0.0745906
930	226.668	4948	0.0726953
931	226.912	4911	0.0721517
932	227.155	5037	0.0740029
933	227.399	5129	0.0753545
934	227.643	5069	0.074473
935	227.887	5077	0.0745906
936	228.131	5024	0.0738119
937	228.375	4969	0.0730038
938	228.619	4917	0.0722399
939	228.862	4953	0.0727688
940	229.106	5011	0.0736209
941	229.350	5157	0.0757659
942	229.594	4899	0.0719754
943	229.838	4916	0.0722252
944	230.082	4990	0.0733124
945	230.326	4832	0.070991
946	230.570	4890	0.0718432
947	230.813	5083	0.0746787
948	231.057	4911	0.0721517
949	231.301	4860	0.0714024
950	231.545	4924	0.0723427
951	231.789	4901	0.0720048
952	232.033	4930	0.0724308
953	232.277	4937	0.0725337
954	232.520	4918	0.0722545
955	232.764	4880	0.0716963
956	233.008	4704	0.0691105
957	233.252	4946	0.0726659
958	233.496	4858	0.071373
959	233.740	4719	0.0693309
960	233.984	4808	0.0706384
961	234.228	4714	0.0692574
962	234.471	4651	0.0683318
963	234.715	4824	0.0708735
964	234.959	4758	0.0699039
965	235.203	4679	0.0687432
966	235.447	4671	0.0686257
967	235.691	4811	0.0706825
968	235.935	4753	0.0698304
969	236.178	4655	0.0683906
970	236.422	4665	0.0685375
971	236.666	4689	0.0688901
972	236.910	4671	0.0686257
973	237.154	4676	0.0686991
974	237.398	4639	0.0681555
975	237.642	4555	0.0669214
976	237.885	4686	0.068846
977	238.129	4718	0.0693162
978	238.373	4620	0.0678764
979	238.617	4655	0.0683906
980	238.861	4733	0.0695366
981	239.105	4575	0.0672152
982	239.349	4558	0.0669655
983	239.593	4592	0.067465
984	239.836	4576	0.0672299
985	240.080	4494	0.0660252
986	240.324	4555	0.0669214
987	240.568	4549	0.0668333
988	240.812	4453	0.0654228
989	241.056	4521	0.0664219
990	241.300	4532	0.0665835
991	241.543	4415	0.0648645
992	241.787	4568	0.0671124
993	242.031	4453	0.0654228
994	242.275	4430	0.0650849
995	242.519	4429	0.0650702
996	242.763	4422	0.0649674
997	243.007	4371	0.0642181
998	243.250	4369	0.0641887
999	243.494	4363	0.0641006
1000	243.738	4311	0.0633366
1001	243.982	4387	0.0644532
1002	244.226	4443	0.0652759
1003	244.470	4445	0.0653053
1004	244.714	4217	0.0619556
1005	244.958	4392	0.0645266
1006	245.201	4366	0.0641446
1007	245.445	4290	0.0630281
1008	245.689	4110	0.0603835
1009	245.933	4236	0.0622347
1010	246.177	4224	0.0620584
1011	246.421	4296	0.0631162
1012	246.665	4113	0.0604276
1013	246.908	4229	0.0621319
1014	247.152	4396	0.0645854
1015	247.396	4296	0.0631162
1016	247.640	4373	0.0642475
1017	247.884	4186	0.0615001
1018	248.128	4124	0.0605892
1019	248.372	4186	0.0615001
1020	248.616	4169	0.0612503
1021	248.859	4169	0.0612503
1022	249.103	4098	0.0602072
1023	249.347	4103	0.0602807
1024	249.591	4079	0.0599281
1025	249.835	4147	0.0609271
1026	250.079	4108	0.0603541
1027	250.323	4200	0.0617058
1028	250.566	4055	0.0595755
1029	250.810	4074	0.0598546
1030	251.054	4104	0.0602954
1031	251.298	3977	0.0584295
1032	251.542	4110	0.0603835
1033	251.786	4113	0.0604276
1034	252.030	4124	0.0605892
1035	252.273	4005	0.0588409
1036	252.517	4016	0.0590025
1037	252.761	4164	0.0611769
1038	253.005	4034	0.0592669
1039	253.249	3990	0.0586205
1040	253.493	4053	0.0595461
1041	253.737	4104	0.0602954
1042	253.981	3937	0.0578418
1043	254.224	3990	0.0586205
1044	254.468	4003	0.0588115
1045	254.712	4007	0.0588703
1046	254.956	3969	0.058312
1047	255.200	3991	0.0586352
1048	255.444	3966	0.0582679
1049	255.688	3988	0.0585911
1050	255.931	3867	0.0568134
1051	256.175	3972	0.0583561
1052	256.419	3951	0.0580475
1053	256.663	3921	0.0576068
1054	256.907	3949	0.0580181
1055	257.151	3924	0.0576508
1056	257.395	3873	0.0569016
1057	257.638	3832	0.0562992
1058	257.882	3719	0.054639
1059	258.126	3891	0.057166
1060	258.370	3843	0.0564608
1061	258.614	3868	0.0568281
1062	258.858	3846	0.0565049
1063	259.102	3794	0.0557409
1064	259.346	3793	0.0557262
1065	259.589	3978	0.0584442
1066	259.833	3831	0.0562845
1067	260.077	3868	0.0568281
1068	260.321	3807	0.0559319
1069	260.565	3876	0.0569456
1070	260.809	3831	0.0562845
1071	261.053	3942	0.0579153
1072	261.296	3697	0.0543158
1073	261.540	3805	0.0559025
1074	261.784	3611	0.0530523
1075	262.028	3726	0.0547419
1076	262.272	3620	0.0531845
1077	262.516	3550	0.0521561
1078	262.760	3853	0.0566077
1079	263.004	3752	0.0551238
1080	263.247	3684	0.0541248
1081	263.491	3679	0.0540513
1082	263.735	3664	0.053831
1083	263.979	3596	0.0528319
1084	264.223	3635	0.0534049
1085	264.467	3709	0.0544921
1086	264.711	3648	0.0535959
1087	264.954	3604	0.0529494
1088	265.198	3610	0.0530376
1089	265.442	3638	0.053449
1090	265.686	3617	0.0531404
1091	265.930	3554	0.0522149
1092	266.174	3548	0.0521267
1093	266.418	3611	0.0530523
1094	266.661	3634	0.0533902
1095	266.905	3547	0.052112
1096	267.149	3579	0.0525822
1097	267.393	3589	0.0527291
1098	267.637	3509	0.0515537
1099	267.881	3660	0.0537722
1100	268.125	3629	0.0533167
1101	268.369	3478	0.0510983
1102	268.612	3560	0.052303
1103	268.856	3502	0.0514509
1104	269.100	3558	0.0522736
1105	269.344	3529	0.0518476
1106	269.588	3486	0.0512158
1107	269.832	3501	0.0514362
1108	270.076	3530	0.0518623
1109	270.319	3571	0.0524646
1110	270.563	3633	0.0533755
1111	270.807	3645	0.0535518
1112	271.051	3533	0.0519063
1113	271.295	3554	0.0522149
1114	271.539	3460	0.0508338
1115	271.783	3590	0.0527438
1116	272.026	3506	0.0515096
1117	272.270	3523	0.0517594
1118	272.514	3490	0.0512746
1119	272.758	3408	0.0500698
1120	273.002	3415	0.0501727
1121	273.246	3450	0.0506869
1122	273.490	3472	0.0510101
1123	273.734	3488	0.0512452
1124	273.977	3459	0.0508191
1125	274.221	3454	0.0507457
1126	274.465	3432	0.0504224
1127	274.709	3331	0.0489386
1128	274.953	3599	0.052876
1129	275.197	3842	0.0564461
1130	275.441	4154	0.06103
1131	275.684	5075	0.0745612
1132	275.928	6410	0.0941748
1133	276.172	7899	0.116051
1134	276.416	9482	0.139308
1135	276.660	10403	0.152839
1136	276.904	10450	0.15353
1137	277.148	9488	0.139396
1138	277.392	8059	0.118402
1139	277.635	6484	0.095262
1140	277.879	5249	0.0771176
1141	278.123	4265	0.0626608
1142	278.367	3806	0.0559172
1143	278.611	3608	0.0530082
1144	278.855	3423	0.0502902
1145	279.099	3417	0.0502021
1146	279.342	3405	0.0500258
1147	279.586	3416	0.0501874
1148	279.830	3401	0.049967
1149	280.074	3389	0.0497907
1150	280.318	3315	0.0487035
1151	280.562	3285	0.0482627
1152	280.806	3316	0.0487182
1153	281.049	3328	0.0488945
1154	281.293	3403	0.0499964
1155	281.537	3353	0.0492618
1156	281.781	3261	0.0479101
1157	282.025	3468	0.0509514
1158	282.269	3418	0.0502168
1159	282.513	3367	0.0494675
1160	282.757	3232	0.0474841
1161	283.000	3399	0.0499376
1162	283.244	3429	0.0503784
1163	283.488	3302	0.0485125
1164	283.732	3290	0.0483362
1165	283.976	3264	0.0479542
1166	284.220	3416	0.0501874
1167	284.464	3363	0.0494087
1168	284.707	3293	0.0483803
1169	284.951	3256	0.0478367
1170	285.195	3226	0.0473959
1171	285.439	3298	0.0484537
1172	285.683	3314	0.0486888
1173	285.927	3337	0.0490267
1174	286.171	3351	0.0492324
1175	286.415	3324	0.0488357
1176	286.658	3370	0.0495116
1177	286.902	3286	0.0482774
1178	287.146	3345	0.0491443
1179	287.390	3287	0.0482921
1180	287.634	3242	0.047631
1181	287.878	3300	0.0484831
1182	288.122	3424	0.0503049
1183	288.365	3307	0.048586
1184	288.609	3232	0.0474841
1185	288.853	3398	0.0499229
1186	289.097	3209	0.0471462
1187	289.341	3296	0.0484244
1188	289.585	3256	0.0478367
1189	289.829	3266	0.0479836
1190	290.072	3282	0.0482187
1191	290.316	3214	0.0472196
1192	290.560	3207	0.0471168
1193	290.804	3169	0.0465585
1194	291.048	3253	0.0477926
1195	291.292	3246	0.0476898
1196	291.536	3265	0.0479689
1197	291.780	3231	0.0474694
1198	292.023	3299	0.0484684
1199	292.267	3325	0.0488504
1200	292.511	3259	0.0478808
1201	292.755	3205	0.0470874
1202	292.999	3256	0.0478367
1203	293.243	3219	0.0472931
1204	293.487	3166	0.0465144
1205	293.730	3277	0.0481452
1206	293.974	3294	0.048395
1207	294.218	3275	0.0481158
1208	294.462	3308	0.0486007
1209	294.706	3240	0.0476016
1210	294.950	3233	0.0474988
1211	295.194	3250	0.0477485
1212	295.437	3159	0.0464116
1213	295.681	3145	0.0462059
1214	295.925	3281	0.048204
1215	296.169	3264	0.0479542
1216	296.413	3305	0.0485566
1217	296.657	3256	0.0478367
1218	296.901	3295	0.0484097
1219	297.145	3293	0.0483803
1220	297.388	3333	0.048968
1221	297.632	3250	0.0477485
1222	297.876	3269	0.0480277
1223	298.120	3196	0.0469552
1224	298.364	3228	0.0474253
1225	298.608	3269	0.0480277
1226	298.852	3272	0.0480718
1227	299.095	3209	0.0471462
1228	299.339	3236	0.0475428
1229	299.583	3233	0.0474988
1230	299.827	3167	0.0465291
1231	300.071	3201	0.0470286
1232	300.315	3281	0.048204
1233	300.559	3215	0.0472343
1234	300.803	3302	0.0485125
1235	301.046	3266	0.0479836
1236	301.290	3291	0.0483509
1237	301.534	3744	0.0550063
1238	301.778	4448	0.0653494
1239	302.022	5789	0.0850512
1240	302.266	8169	0.120018
1241	302.510	11230	0.16499
1242	302.753	15280	0.224492
1243	302.997	18161	0.266819
1244	303.241	19552	0.287255
1245	303.485	19155	0.281423
1246	303.729	16540	0.243003
1247	303.973	12780	0.187762
1248	304.217	9425	0.138471
1249	304.460	6555	0.0963051
1250	304.704	4861	0.0714171
1251	304.948	3871	0.0568722
1252	305.192	3439	0.0505253
1253	305.436	3309	0.0486154
1254	305.680	3285	0.0482627
1255	305.924	3203	0.047058
1256	306.168	3304	0.0485419
1257	306.411	3262	0.0479248
1258	306.655	3258	0.0478661
1259	306.899	3224	0.0473665
1260	307.143	3181	0.0467348
1261	307.387	3211	0.0471755
1262	307.631	3383	0.0497025
1263	307.875	3310	0.04863
1264	308.118	3240	0.0476016
1265	308.362	3217	0.0472637
1266	308.606	3303	0.0485272
1267	308.850	3261	0.0479101
1268	309.094	3205	0.0470874
1269	309.338	3274	0.0481011
1270	309.582	3201	0.0470286
1271	309.825	3329	0.0489092
1272	310.069	3282	0.0482187
1273	310.313	3315	0.0487035
1274	310.557	3331	0.0489386
1275	310.801	3407	0.0500552
1276	311.045	3388	0.049776
1277	311.289	3383	0.0497025
1278	311.533	3213	0.0472049
1279	311.776	3396	0.0498935
1280	312.020	3265	0.0479689
1281	312.264	3280	0.0481893
1282	312.508	3106	0.0456329
1283	312.752	3230	0.0474547
1284	312.996	3249	0.0477338
1285	313.240	3222	0.0473372
1286	313.483	3321	0.0487917
1287	313.727	3186	0.0468083
1288	313.971	3265	0.0479689
1289	314.215	3197	0.0469699
1290	314.459	3102	0.0455741
1291	314.703	3220	0.0473078
1292	314.947	3243	0.0476457
1293	315.191	3292	0.0483656
1294	315.434	3286	0.0482774
1295	315.678	3263	0.0479395
1296	315.922	3173	0.0466173
1297	316.166	3284	0.0482481
1298	316.410	3172	0.0466026
1299	316.654	3223	0.0473519
1300	316.898	3211	0.0471755
1301	317.141	3276	0.0481305
1302	317.385	3241	0.0476163
1303	317.629	3198	0.0469846
1304	317.873	3264	0.0479542
1305	318.117	3212	0.0471902
1306	318.361	3454	0.0507457
1307	318.605	3827	0.0562257
1308	318.848	4792	0.0704034
1309	319.092	6887	0.101183
1310	319.336	10714	0.157409
1311	319.580	17149	0.251951
1312	319.824	25124	0.369118
1313	320.068	33807	0.496688
1314	320.312	40455	0.594359
1315	320.556	42589	0.625711
1316	320.799	39824	0.585088
1317	321.043	32719	0.480703
1318	321.287	24267	0.356527
1319	321.531	16135	0.237053
1320	321.775	10148	0.149093
1321	322.019	6480	0.0952032
1322	322.263	4514	0.066319
1323	322.506	3756	0.0551826
1324	322.750	3358	0.0493353
1325	322.994	3231	0.0474694
1326	323.238	3134	0.0460443
1327	323.482	3322	0.0488063
1328	323.726	3174	0.046632
1329	323.970	3210	0.0471609
1330	324.213	3121	0.0458533
1331	324.457	3139	0.0461177
1332	324.701	3088	0.0453685
1333	324.945	3127	0.0459414
1334	325.189	3280	0.0481893
1335	325.433	3160	0.0464263
1336	325.677	3176	0.0466613
1337	325.921	3249	0.0477338
1338	326.164	3158	0.0463969
1339	326.408	3117	0.0457945
1340	326.652	3140	0.0461324
1341	326.896	3065	0.0450305
1342	327.140	3188	0.0468376
1343	327.384	3223	0.0473519
1344	327.628	3293	0.0483803
1345	327.871	3163	0.0464703
1346	328.115	3268	0.048013
1347	328.359	3310	0.04863
1348	328.603	3244	0.0476604
1349	328.847	3206	0.0471021
1350	329.091	3184	0.0467789
1351	329.335	3159	0.0464116
1352	329.579	3165	0.0464997
1353	329.822	3179	0.0467054
1354	330.066	3203	0.047058
1355	330.310	3226	0.0473959
1356	330.554	3177	0.046676
1357	330.798	3288	0.0483068
1358	331.042	3250	0.0477485
1359	331.286	3194	0.0469258
1360	331.529	3227	0.0474106
1361	331.773	3170	0.0465732
1362	332.017	3129	0.0459708
1363	332.261	3329	0.0489092
1364	332.505	3176	0.0466613
1365	332.749	3202	0.0470433
1366	332.993	3188	0.0468376
1367	333.236	3328	0.0488945
1368	333.480	3278	0.0481599
1369	333.724	3340	0.0490708
1370	333.968	3359	0.0493499
1371	334.212	3302	0.0485125
1372	334.456	3381	0.0496732
1373	334.700	3330	0.0489239
1374	334.944	3275	0.0481158
1375	335.187	3290	0.0483362
1376	335.431	3337	0.0490267
1377	335.675	3269	0.0480277
1378	335.919	3162	0.0464556
1379	336.163	3263	0.0479395
1380	336.407	3063	0.0450012
1381	336.651	3123	0.0458827
1382	336.894	3059	0.0449424
1383	337.138	3125	0.045912
1384	337.382	3174	0.046632
1385	337.626	3193	0.0469111
1386	337.870	3239	0.0475869
1387	338.114	3090	0.0453978
1388	338.358	3157	0.0463822
1389	338.602	3140	0.0461324
1390	338.845	3171	0.0465879
1391	339.089	3158	0.0463969
1392	339.333	3154	0.0463381
1393	339.577	3118	0.0458092
1394	339.821	3180	0.0467201
1395	340.065	3061	0.0449718
1396	340.309	3079	0.0452362
1397	340.552	3140	0.0461324
1398	340.796	3161	0.046441
1399	341.040	3032	0.0445457
1400	341.284	2996	0.0440168
1401	341.528	2968	0.0436054
1402	341.772	3017	0.0443253
1403	342.016	2983	0.0438258
1404	342.259	2947	0.0432969
1405	342.503	2999	0.0440609
1406	342.747	2976	0.043723
1407	342.991	2955	0.0434144
1408	343.235	2939	0.0431794
1409	343.479	2842	0.0417543
1410	343.723	2870	0.0421656
1411	343.967	2838	0.0416955
1412	344.210	2839	0.0417102
1413	344.454	2751	0.0404173
1414	344.698	2850	0.0418718
1415	344.942	2712	0.0398443
1416	345.186	2760	0.0405495
1417	345.430	2700	0.039668
1418	345.674	2784	0.0409021
1419	345.917	2679	0.0393595
1420	346.161	2702	0.0396974
1421	346.405	2861	0.0420334
1422	346.649	2755	0.0404761
1423	346.893	2759	0.0405348
1424	347.137	2688	0.0394917
1425	347.381	2622	0.038522
1426	347.624	2754	0.0404614
1427	347.868	2702	0.0396974
1428	348.112	2594	0.0381107
1429	348.356	2576	0.0378462
1430	348.600	2653	0.0389775
1431	348.844	2545	0.0373908
1432	349.088	2561	0.0376258
1433	349.332	2570	0.0377581
1434	349.575	2531	0.0371851
1435	349.819	2552	0.0374936
1436	350.063	2531	0.0371851
1437	350.307	2600	0.0381988
1438	350.551	2637	0.0387424
1439	350.795	2649	0.0389187
1440	351.039	2531	0.0371851
1441	351.282	2481	0.0364505
1442	351.526	2595	0.0381254
1443	351.770	2542	0.0373467
1444	352.014	2524	0.0370822
1445	352.258	2505	0.0368031
1446	352.502	2606	0.038287
1447	352.746	2495	0.0366562
1448	352.990	2423	0.0355984
1449	353.233	2522	0.0370529
1450	353.477	2523	0.0370676
1451	353.721	2536	0.0372585
1452	353.965	2549	0.0374495
1453	354.209	2674	0.039286
1454	354.453	2909	0.0427386
1455	354.697	3720	0.0546537
1456	354.940	5538	0.0813635
1457	355.184	9023	0.132565
1458	355.428	15147	0.222538
1459	355.672	23356	0.343143
1460	355.916	33562	0.493088
1461	356.160	43358	0.637009
1462	356.404	48525	0.712922
1463	356.647	49018	0.720165
1464	356.891	43065	0.632705
1465	357.135	33417	0.490958
1466	357.379	23345	0.342981
1467	357.623	14756	0.216793
1468	357.867	8507	0.124984
1469	358.111	5151	0.0756778
1470	358.355	3449	0.0506722
1471	358.598	2798	0.0411078
1472	358.842	2486	0.036524
1473	359.086	2423	0.0355984
1474	359.330	2368	0.0347903
1475	359.574	2321	0.0340998
1476	359.818	2329	0.0342173
1477	360.062	2342	0.0344083
1478	360.305	2317	0.034041
1479	360.549	2289	0.0336297
1480	360.793	2317	0.034041
1481	361.037	2338	0.0343496
1482	361.281	2352	0.0345552
1483	361.525	2399	0.0352458
1484	361.769	2281	0.0335121
1485	362.012	2345	0.0344524
1486	362.256	2369	0.034805
1487	362.500	2170	0.0318813
1488	362.744	2208	0.0324396
1489	362.988	2278	0.033468
1490	363.232	2260	0.0332036
1491	363.476	2382	0.034996
1492	363.720	2264	0.0332624
1493	363.963	2347	0.0344818
1494	364.207	2208	0.0324396
1495	364.451	2333	0.0342761
1496	364.695	2278	0.033468
1497	364.939	2351	0.0345406
1498	365.183	2252	0.0330861
1499	365.427	2295	0.0337178
1500	365.670	2346	0.0344671
1501	365.914	2307	0.0338941
1502	366.158	2218	0.0325865
1503	366.402	2274	0.0334093
1504	366.646	2264	0.0332624
1505	366.890	2285	0.0335709
1506	367.134	2260	0.0332036
1507	367.378	2236	0.032851
1508	367.621	2200	0.0323221
1509	367.865	2314	0.033997
1510	368.109	2296	0.0337325
1511	368.353	2210	0.032469
1512	368.597	2309	0.0339235
1513	368.841	2224	0.0326747
1514	369.085	2202	0.0323515
1515	369.328	2215	0.0325425
1516	369.572	2217	0.0325718
1517	369.816	2214	0.0325278
1518	370.060	2243	0.0329538
1519	370.304	2254	0.0331154
1520	370.548	2236	0.032851
1521	370.792	2189	0.0321605
1522	371.035	2210	0.032469
1523	371.279	2301	0.033806
1524	371.523	2241	0.0329244
1525	371.767	2266	0.0332917
1526	372.011	2308	0.0339088
1527	372.255	2247	0.0330126
1528	372.499	2202	0.0323515
1529	372.743	2209	0.0324543
1530	372.986	2215	0.0325425
1531	373.230	2268	0.0333211
1532	373.474	2146	0.0315287
1533	373.718	2247	0.0330126
1534	373.962	2136	0.0313818
1535	374.206	2225	0.0326894
1536	374.450	2262	0.033233
1537	374.693	2163	0.0317785
1538	374.937	2232	0.0327922
1539	375.181	2250	0.0330567
1540	375.425	2238	0.0328804
1541	375.669	2122	0.0311761
1542	375.913	2155	0.0316609
1543	376.157	2273	0.0333946
1544	376.401	2163	0.0317785
1545	376.644	2129	0.031279
1546	376.888	2252	0.0330861
1547	377.132	2190	0.0321752
1548	377.376	2237	0.0328657
1549	377.620	2197	0.032278
1550	377.864	2196	0.0322633
1551	378.108	2226	0.0327041
1552	378.351	2161	0.0317491
1553	378.595	2099	0.0308382
1554	378.839	2195	0.0322486
1555	379.083	2150	0.0315875
1556	379.327	2148	0.0315581
1557	379.571	2138	0.0314112
1558	379.815	2106	0.030941
1559	380.058	2100	0.0308529
1560	380.302	2246	0.0329979
1561	380.546	2176	0.0319695
1562	380.790	2144	0.0314993
1563	381.034	2217	0.0325718
1564	381.278	2174	0.0319401
1565	381.522	2087	0.0306619
1566	381.766	2155	0.0316609
1567	382.009	2097	0.0308088
1568	382.253	2150	0.0315875
1569	382.497	2167	0.0318373
1570	382.741	2464	0.0362007
1571	382.985	2796	0.0410784
1572	383.229	3553	0.0522002
1573	383.473	4659	0.0684494
1574	383.716	5982	0.0878867
1575	383.960	7217	0.106031
1576	384.204	8064	0.118475
1577	384.448	8470	0.12444
1578	384.692	7809	0.114729
1579	384.936	6685	0.0982151
1580	385.180	5319	0.078146
1581	385.423	4153	0.0610153
1582	385.667	3159	0.0464116
1583	385.911	2686	0.0394623
1584	386.155	2364	0.0347315
1585	386.399	2341	0.0343936
1586	386.643	2388	0.0350842
1587	386.887	2413	0.0354514
1588	387.131	2407	0.0353633
1589	387.374	2375	0.0348932
1590	387.618	2563	0.0376552
1591	387.862	2365	0.0347462
1592	388.106	2255	0.0331301
1593	388.350	2200	0.0323221
1594	388.594	2092	0.0307354
1595	388.838	2115	0.0310733
1596	389.081	2029	0.0298098
1597	389.325	2114	0.0310586
1598	389.569	2047	0.0300742
1599	389.813	2059	0.0302505
1600	390.057	2073	0.0304562
1601	390.301	2037	0.0299273
1602	390.545	2100	0.0308529
1603	390.789	2017	0.0296335
1604	391.032	2158	0.031705
1605	391.276	2081	0.0305738
1606	391.520	2073	0.0304562
1607	391.764	2107	0.0309557
1608	392.008	2278	0.033468
1609	392.252	2085	0.0306325
1610	392.496	2017	0.0296335
1611	392.739	2039	0.0299567
1612	392.983	2026	0.0297657
1613	393.227	1983	0.029134
1614	393.471	2078	0.0305297
1615	393.715	1996	0.0293249
1616	393.959	2075	0.0304856
1617	394.203	2009	0.0295159
1618	394.446	2055	0.0301918
1619	394.690	2016	0.0296188
1620	394.934	2031	0.0298392
1621	395.178	1993	0.0292809
1622	395.422	1965	0.0288695
1623	395.666	1995	0.0293103
1624	395.910	1955	0.0287226
1625	396.154	1911	0.0280761
1626	396.397	1988	0.0292074
1627	396.641	2000	0.0293837
1628	396.885	1985	0.0291633
1629	397.129	1915	0.0281349
1630	397.373	1937	0.0284581
1631	397.617	1889	0.0277529
1632	397.861	1954	0.0287079
1633	398.104	1900	0.0279145
1634	398.348	1938	0.0284728
1635	398.592	1975	0.0290164
1636	398.836	1939	0.0284875
1637	399.080	2049	0.0301036
1638	399.324	2028	0.0297951
1639	399.568	2043	0.0300155
1640	399.811	1940	0.0285022
1641	400.055	1913	0.0281055
1642	400.299	1964	0.0288548
1643	400.543	2043	0.0300155
1644	400.787	2000	0.0293837
1645	401.031	2002	0.0294131
1646	401.275	1975	0.0290164
1647	401.519	1950	0.0286491
1648	401.762	1924	0.0282671
1649	402.006	1878	0.0275913
1650	402.250	1977	0.0290458
1651	402.494	1890	0.0277676
1652	402.738	1983	0.029134
1653	402.982	2007	0.0294866
1654	403.226	2010	0.0295306
1655	403.469	1971	0.0289576
1656	403.713	1980	0.0290899
1657	403.957	1958	0.0287667
1658	404.201	1973	0.028987
1659	404.445	1923	0.0282524
1660	404.689	1873	0.0275178
1661	404.933	1887	0.0277235
1662	405.177	1890	0.0277676
1663	405.420	1854	0.0272387
1664	405.664	1960	0.028796
1665	405.908	1882	0.0276501
1666	406.152	1759	0.025843
1667	406.396	1897	0.0278705
1668	406.640	2009	0.0295159
1669	406.884	1927	0.0283112
1670	407.127	1919	0.0281937
1671	407.371	1932	0.0283847
1672	407.615	1906	0.0280027
1673	407.859	1981	0.0291046
1674	408.103	1973	0.028987
1675	408.347	1942	0.0285316
1676	408.591	1917	0.0281643
1677	408.834	1935	0.0284287
1678	409.078	1958	0.0287667
1679	409.322	1915	0.0281349
1680	409.566	1872	0.0275032
1681	409.810	1980	0.0290899
1682	410.054	1967	0.0288989
1683	410.298	1898	0.0278851
1684	410.542	1918	0.028179
1685	410.785	1936	0.0284434
1686	411.029	1959	0.0287813
1687	411.273	1867	0.0274297
1688	411.517	1941	0.0285169
1689	411.761	1869	0.0274591
1690	412.005	1876	0.0275619
1691	412.249	1930	0.0283553
1692	412.492	1954	0.0287079
1693	412.736	1893	0.0278117
1694	412.980	1959	0.0287813
1695	413.224	1951	0.0286638
1696	413.468	1920	0.0282084
1697	413.712	1922	0.0282377
1698	413.956	1972	0.0289723
1699	414.199	1850	0.0271799
1700	414.443	1960	0.028796
1701	414.687	1902	0.0279439
1702	414.931	2031	0.0298392
1703	415.175	1896	0.0278558
1704	415.419	1971	0.0289576
1705	415.663	1972	0.0289723
1706	415.907	1914	0.0281202
1707	416.150	1914	0.0281202
1708	416.394	1855	0.0272534
1709	416.638	1907	0.0280174
1710	416.882	1875	0.0275472
1711	417.126	1888	0.0277382
1712	417.370	1886	0.0277088
1713	417.614	1871	0.0274885
1714	417.857	1892	0.027797
1715	418.101	1894	0.0278264
1716	418.345	1845	0.0271065
1717	418.589	1905	0.027988
1718	418.833	1838	0.0270036
1719	419.077	1897	0.0278705
1720	419.321	1904	0.0279733
1721	419.565	1892	0.027797
1722	419.808	1903	0.0279586
1723	420.052	1945	0.0285757
1724	420.296	1948	0.0286197
1725	420.540	1929	0.0283406
1726	420.784	1846	0.0271212
1727	421.028	1978	0.0290605
1728	421.272	1934	0.028414
1729	421.515	1942	0.0285316
1730	421.759	1897	0.0278705
1731	422.003	1924	0.0282671
1732	422.247	1796	0.0263866
1733	422.491	1935	0.0284287
1734	422.735	1812	0.0266216
1735	422.979	1962	0.0288254
1736	423.222	1984	0.0291486
1737	423.466	1835	0.0269596
1738	423.710	1894	0.0278264
1739	423.954	1924	0.0282671
1740	424.198	1928	0.0283259
1741	424.442	1838	0.0270036
1742	424.686	1868	0.0274444
1743	424.930	1928	0.0283259
1744	425.173	1795	0.0263719
1745	425.417	1911	0.0280761
1746	425.661	1929	0.0283406
1747	425.905	1812	0.0266216
1748	426.149	1940	0.0285022
1749	426.393	1888	0.0277382
1750	426.637	1821	0.0267539
1751	426.880	1880	0.0276207
1752	427.124	1965	0.0288695
1753	427.368	1847	0.0271359
1754	427.612	1831	0.0269008
1755	427.856	1867	0.0274297
1756	428.100	1865	0.0274003
1757	428.344	1869	0.0274591
1758	428.588	1838	0.0270036
1759	428.831	1900	0.0279145
1760	429.075	1831	0.0269008
1761	429.319	2038	0.029942
1762	429.563	1895	0.0278411
1763	429.807	1827	0.026842
1764	430.051	1880	0.0276207
1765	430.295	1867	0.0274297
1766	430.538	1843	0.0270771
1767	430.782	1863	0.0273709
1768	431.026	1909	0.0280468
1769	431.270	1886	0.0277088
1770	431.514	1898	0.0278851
1771	431.758	1871	0.0274885
1772	432.002	1841	0.0270477
1773	432.245	1892	0.027797
1774	432.489	1911	0.0280761
1775	432.733	1862	0.0273562
1776	432.977	1895	0.0278411
1777	433.221	1849	0.0271652
1778	433.465	1844	0.0270918
1779	433.709	1821	0.0267539
1780	433.953	1859	0.0273122
1781	434.196	1859	0.0273122
1782	434.440	1874	0.0275325
1783	434.684	1834	0.0269449
1784	434.928	1878	0.0275913
1785	435.172	1851	0.0271946
1786	435.416	1935	0.0284287
1787	435.660	1931	0.02837
1788	435.903	1924	0.0282671
1789	436.147	1853	0.027224
1790	436.391	1886	0.0277088
1791	436.635	1936	0.0284434
1792	436.879	1949	0.0286344
1793	437.123	2012	0.02956
1794	437.367	2043	0.0300155
1795	437.610	2121	0.0311614
1796	437.854	2141	0.0314553
1797	438.098	2033	0.0298685
1798	438.342	1936	0.0284434
1799	438.586	1969	0.0289283
1800	438.830	1909	0.0280468
1801	439.074	1885	0.0276941
1802	439.318	1917	0.0281643
1803	439.561	1946	0.0285904
1804	439.805	1905	0.027988
1805	440.049	1915	0.0281349
1806	440.293	1882	0.0276501
1807	440.537	1858	0.0272975
1808	440.781	1996	0.0293249
1809	441.025	1913	0.0281055
1810	441.268	1884	0.0276795
1811	441.512	1844	0.0270918
1812	441.756	1809	0.0265776
1813	442.000	1841	0.0270477
1814	442.244	1860	0.0273269
1815	442.488	1912	0.0280908
1816	442.732	1912	0.0280908
1817	442.976	1876	0.0275619
1818	443.219	1877	0.0275766
1819	443.463	1851	0.0271946
1820	443.707	1993	0.0292809
1821	443.951	1932	0.0283847
1822	444.195	1840	0.027033
1823	444.439	1887	0.0277235
1824	444.683	1870	0.0274738
1825	444.926	1895	0.0278411
1826	445.170	1923	0.0282524
1827	445.414	1829	0.0268714
1828	445.658	1975	0.0290164
1829	445.902	1932	0.0283847
1830	446.146	1829	0.0268714
1831	446.390	1855	0.0272534
1832	446.633	1843	0.0270771
1833	446.877	1936	0.0284434
1834	447.121	1889	0.0277529
1835	447.365	1905	0.027988
1836	447.609	1923	0.0282524
1837	447.853	1844	0.0270918
1838	448.097	1823	0.0267833
1839	448.341	1881	0.0276354
1840	448.584	1928	0.0283259
1841	448.828	1882	0.0276501
1842	449.072	1896	0.0278558
1843	449.316	1936	0.0284434
1844	449.560	1896	0.0278558
1845	449.804	1901	0.0279292
1846	450.048	1886	0.0277088
1847	450.291	1868	0.0274444
1848	450.535	1877	0.0275766
1849	450.779	1944	0.028561
1850	451.023	1913	0.0281055
1851	451.267	1841	0.0270477
1852	451.511	1905	0.027988
1853	451.755	1875	0.0275472
1854	451.998	1890	0.0277676
1855	452.242	1911	0.0280761
1856	452.486	1943	0.0285463
1857	452.730	1814	0.026651
1858	452.974	1841	0.0270477
1859	453.218	1935	0.0284287
1860	453.462	1905	0.027988
1861	453.706	1920	0.0282084
1862	453.949	1893	0.0278117
1863	454.193	1964	0.0288548
1864	454.437	1829	0.0268714
1865	454.681	1853	0.027224
1866	454.925	1912	0.0280908
1867	455.169	1939	0.0284875
1868	455.413	1943	0.0285463
1869	455.656	1972	0.0289723
1870	455.900	1858	0.0272975
1871	456.144	1953	0.0286932
1872	456.388	1908	0.0280321
1873	456.632	1947	0.028605
1874	456.876	1837	0.0269889
1875	457.120	1904	0.0279733
1876	457.364	1861	0.0273415
1877	457.607	1854	0.0272387
1878	457.851	1828	0.0268567
1879	458.095	1885	0.0276941
1880	458.339	1867	0.0274297
1881	458.583	1940	0.0285022
1882	458.827	2015	0.0296041
1883	459.071	1886	0.0277088
1884	459.314	1910	0.0280614
1885	459.558	1901	0.0279292
1886	459.802	1807	0.0265482
1887	460.046	1939	0.0284875
1888	460.290	1940	0.0285022
1889	460.534	1982	0.0291193
1890	460.778	1827	0.026842
1891	461.021	1868	0.0274444
1892	461.265	1924	0.0282671
1893	461.509	1917	0.0281643
1894	461.753	1920	0.0282084
1895	461.997	1952	0.0286785
1896	462.241	1931	0.02837
1897	462.485	1984	0.0291486
1898	462.729	1912	0.0280908
1899	462.972	1947	0.028605
1900	463.216	1960	0.028796
1901	463.460	1824	0.0267979
1902	463.704	1818	0.0267098
1903	463.948	1949	0.0286344
1904	464.192	1949	0.0286344
1905	464.436	1808	0.0265629
1906	464.679	1943	0.0285463
1907	464.923	1910	0.0280614
1908	465.167	1849	0.0271652
1909	465.411	1958	0.0287667
1910	465.655	1984	0.0291486
1911	465.899	1938	0.0284728
1912	466.143	1951	0.0286638
1913	466.386	1956	0.0287373
1914	466.630	1935	0.0284287
1915	466.874	1897	0.0278705
1916	467.118	1918	0.028179
1917	467.362	1931	0.02837
1918	467.606	1920	0.0282084
1919	467.850	1904	0.0279733
1920	468.094	1976	0.0290311
1921	468.337	1897	0.0278705
1922	468.581	1954	0.0287079
1923	468.825	1908	0.0280321
1924	469.069	1960	0.028796
1925	469.313	1922	0.0282377
1926	469.557	1823	0.0267833
1927	469.801	1873	0.0275178
1928	470.044	1960	0.028796
1929	470.288	1904	0.0279733
1930	470.532	1980	0.0290899
1931	470.776	1893	0.0278117
1932	471.020	1835	0.0269596
1933	471.264	1968	0.0289136
1934	471.508	1915	0.0281349
1935	471.752	1894	0.0278264
1936	471.995	1882	0.0276501
1937	472.239	1920	0.0282084
1938	472.483	1942	0.0285316
1939	472.727	1938	0.0284728
1940	472.971	1895	0.0278411
1941	473.215	1864	0.0273856
1942	473.459	1965	0.0288695
1943	473.702	1880	0.0276207
1944	473.946	1911	0.0280761
1945	474.190	1971	0.0289576
1946	474.434	1889	0.0277529
1947	474.678	1913	0.0281055
1948	474.922	1864	0.0273856
1949	475.166	1923	0.0282524
1950	475.409	1774	0.0260634
1951	475.653	1877	0.0275766
1952	475.897	1859	0.0273122
1953	476.141	1813	0.0266363
1954	476.385	1825	0.0268126
1955	476.629	1918	0.028179
1956	476.873	1808	0.0265629
1957	477.117	1862	0.0273562
1958	477.360	1801	0.02646
1959	477.604	1776	0.0260927
1960	477.848	1787	0.0262543
1961	478.092	1768	0.0259752
1962	478.336	1734	0.0254757
1963	478.580	1766	0.0259458
1964	478.824	1805	0.0265188
1965	479.067	1758	0.0258283
1966	479.311	1672	0.0245648
1967	479.555	1720	0.02527
1968	479.799	1695	0.0249027
1969	480.043	1687	0.0247852
1970	480.287	1642	0.024124
1971	480.531	1643	0.0241387
1972	480.775	1740	0.0255638
1973	481.018	1648	0.0242122
1974	481.262	1718	0.0252406
1975	481.506	1706	0.0250643
1976	481.750	1638	0.0240653
1977	481.994	1677	0.0246382
1978	482.238	1600	0.023507
1979	482.482	1709	0.0251084
1980	482.725	1645	0.0241681
1981	482.969	1663	0.0244326
1982	483.213	1662	0.0244179
1983	483.457	1610	0.0236539
1984	483.701	1652	0.0242709
1985	483.945	1646	0.0241828
1986	484.189	1622	0.0238302
1987	484.432	1580	0.0232131
1988	484.676	1664	0.0244472
1989	484.920	1622	0.0238302
1990	485.164	1653	0.0242856
1991	485.408	1629	0.023933
1992	485.652	1556	0.0228605
1993	485.896	1657	0.0243444
1994	486.140	1593	0.0234041
1995	486.383	1597	0.0234629
1996	486.627	1618	0.0237714
1997	486.871	1603	0.023551
1998	487.115	1599	0.0234923
1999	487.359	1668	0.024506
2000	487.603	1608	0.0236245
2001	487.847	1662	0.0244179
2002	488.090	1602	0.0235364
2003	488.334	1585	0.0232866
2004	488.578	1677	0.0246382
2005	488.822	1569	0.0230515
2006	489.066	1581	0.0232278
2007	489.310	1620	0.0238008
2008	489.554	1663	0.0244326
2009	489.797	1574	0.023125
2010	490.041	1597	0.0234629
2011	490.285	1647	0.0241975
2012	490.529	1524	0.0223904
2013	490.773	1643	0.0241387
2014	491.017	1582	0.0232425
2015	491.261	1515	0.0222582
2016	491.505	1564	0.0229781
2017	491.748	1594	0.0234188
2018	491.992	1545	0.0226989
2019	492.236	1556	0.0228605
2020	492.480	1511	0.0221994
2021	492.724	1661	0.0244032
2022	492.968	1563	0.0229634
2023	493.212	1603	0.023551
2024	493.455	1579	0.0231984
2025	493.699	1559	0.0229046
2026	493.943	1545	0.0226989
2027	494.187	1625	0.0238743
2028	494.431	1608	0.0236245
2029	494.675	1601	0.0235217
2030	494.919	1601	0.0235217
2031	495.163	1515	0.0222582
2032	495.406	1564	0.0229781
2033	495.650	1558	0.0228899
2034	495.894	1555	0.0228458
2035	496.138	1587	0.023316
2036	496.382	1559	0.0229046
2037	496.626	1580	0.0232131
2038	496.870	1523	0.0223757
2039	497.113	1591	0.0233747
2040	497.357	1617	0.0237567
2041	497.601	1575	0.0231397
2042	497.845	1568	0.0230368
2043	498.089	1504	0.0220966
2044	498.333	1584	0.0232719
2045	498.577	1490	0.0218909
2046	498.820	1623	0.0238449
2047	499.064	1556	0.0228605
2048	499.308	1543	0.0226695
2049	499.552	1522	0.022361
2050	499.796	1522	0.022361
2051	500.040	1539	0.0226108
2052	500.284	1554	0.0228311
2053	500.528	1605	0.0235804
2054	500.771	1597	0.0234629
2055	501.015	1512	0.0222141
2056	501.259	1532	0.0225079
2057	501.503	1594	0.0234188
2058	501.747	1589	0.0233454
2059	501.991	1545	0.0226989
2060	502.235	1547	0.0227283
2061	502.478	1586	0.0233013
2062	502.722	1551	0.0227871
2063	502.966	1544	0.0226842
2064	503.210	1614	0.0237127
2065	503.454	1454	0.021362
2066	503.698	1504	0.0220966
2067	503.942	1586	0.0233013
2068	504.185	1666	0.0244766
2069	504.429	1585	0.0232866
2070	504.673	1638	0.0240653
2071	504.917	1612	0.0236833
2072	505.161	1570	0.0230662
2073	505.405	1537	0.0225814
2074	505.649	1585	0.0232866
2075	505.893	1477	0.0216999
2076	506.136	1502	0.0220672
2077	506.380	1597	0.0234629
2078	506.624	1486	0.0218321
2079	506.868	1514	0.0222435
2080	507.112	1507	0.0221406
2081	507.356	1497	0.0219937
2082	507.600	1607	0.0236098
2083	507.843	1528	0.0224492
2084	508.087	1678	0.0246529
2085	508.331	1597	0.0234629
2086	508.575	1677	0.0246382
2087	508.819	1672	0.0245648
2088	509.063	1738	0.0255344
2089	509.307	1820	0.0267392
2090	509.551	1840	0.027033
2091	509.794	2045	0.0300448
2092	510.038	2213	0.0325131
2093	510.282	2317	0.034041
2094	510.526	2664	0.0391391
2095	510.770	2911	0.042768
2096	511.014	3051	0.0448249
2097	511.258	3243	0.0476457
2098	511.501	3250	0.0477485
2099	511.745	3259	0.0478808
2100	511.989	3447	0.0506428
2101	512.233	3294	0.048395
2102	512.477	3756	0.0551826
2103	512.721	4217	0.0619556
2104	512.965	6278	0.0922355
2105	513.208	10216	0.150092
2106	513.452	17763	0.260971
2107	513.696	28312	0.415956
2108	513.940	41900	0.615589
2109	514.184	55904	0.821334
2110	514.428	67120	0.986117
2111	514.672	71794	1.05479
2112	514.916	68166	1.00149
2113	515.159	58065	0.853083
2114	515.403	43736	0.642563
2115	515.647	29459	0.432807
2116	515.891	18161	0.266819
2117	516.135	10087	0.148197
2118	516.379	5505	0.0808787
2119	516.623	3032	0.0445457
2120	516.866	2122	0.0311761
2121	517.110	1715	0.0251965
2122	517.354	1530	0.0224785
2123	517.598	1467	0.021553
2124	517.842	1543	0.0226695
2125	518.086	1530	0.0224785
2126	518.330	1427	0.0209653
2127	518.573	1522	0.022361
2128	518.817	1490	0.0218909
2129	519.061	1439	0.0211416
2130	519.305	1429	0.0209947
2131	519.549	1464	0.0215089
2132	519.793	1495	0.0219643
2133	520.037	1424	0.0209212
2134	520.281	1512	0.0222141
2135	520.524	1449	0.0212885
2136	520.768	1519	0.0223169
2137	521.012	1374	0.0201866
2138	521.256	1509	0.02217
2139	521.500	1421	0.0208771
2140	521.744	1498	0.0220084
2141	521.988	1430	0.0210094
2142	522.231	1493	0.0219349
2143	522.475	1412	0.0207449
2144	522.719	1405	0.0206421
2145	522.963	1436	0.0210975
2146	523.207	1461	0.0214648
2147	523.451	1503	0.0220819
2148	523.695	1517	0.0222875
2149	523.939	1478	0.0217146
2150	524.182	1454	0.021362
2151	524.426	1550	0.0227724
2152	524.670	1464	0.0215089
2153	524.914	1407	0.0206714
2154	525.158	1476	0.0216852
2155	525.402	1427	0.0209653
2156	525.646	1471	0.0216117
2157	525.889	1538	0.0225961
2158	526.133	1499	0.0220231
2159	526.377	1419	0.0208477
2160	526.621	1433	0.0210534
2161	526.865	1488	0.0218615
2162	527.109	1467	0.021553
2163	527.353	1493	0.0219349
2164	527.596	1521	0.0223463
2165	527.840	1499	0.0220231
2166	528.084	1488	0.0218615
2167	528.328	1543	0.0226695
2168	528.572	1511	0.0221994
2169	528.816	1550	0.0227724
2170	529.060	1381	0.0202895
2171	529.304	1464	0.0215089
2172	529.547	1486	0.0218321
2173	529.791	1468	0.0215676
2174	530.035	1493	0.0219349
2175	530.279	1427	0.0209653
2176	530.523	1350	0.019834
2177	530.767	1447	0.0212591
2178	531.011	1431	0.021024
2179	531.254	1426	0.0209506
2180	531.498	1413	0.0207596
2181	531.742	1396	0.0205098
2182	531.986	1409	0.0207008
2183	532.230	1403	0.0206127
2184	532.474	1424	0.0209212
2185	532.718	1327	0.0194961
2186	532.962	1392	0.0204511
2187	533.205	1400	0.0205686
2188	533.449	1426	0.0209506
2189	533.693	1329	0.0195255
2190	533.937	1410	0.0207155
2191	534.181	1411	0.0207302
2192	534.425	1423	0.0209065
2193	534.669	1353	0.0198781
2194	534.912	1379	0.0202601
2195	535.156	1370	0.0201278
2196	535.400	1309	0.0192316
2197	535.644	1342	0.0197165
2198	535.888	1367	0.0200838
2199	536.132	1383	0.0203188
2200	536.376	1405	0.0206421
2201	536.619	1394	0.0204804
2202	536.863	1381	0.0202895
2203	537.107	1412	0.0207449
2204	537.351	1408	0.0206861
2205	537.595	1400	0.0205686
2206	537.839	1393	0.0204658
2207	538.083	1394	0.0204804
2208	538.327	1349	0.0198193
2209	538.570	1399	0.0205539
2210	538.814	1415	0.020789
2211	539.058	1355	0.0199075
2212	539.302	1414	0.0207743
2213	539.546	1385	0.0203482
2214	539.790	1339	0.0196724
2215	540.034	1324	0.019452
2216	540.277	1391	0.0204364
2217	540.521	1485	0.0218174
2218	540.765	1445	0.0212297
2219	541.009	1404	0.0206274
2220	541.253	1324	0.019452
2221	541.497	1418	0.0208331
2222	541.741	1318	0.0193639
2223	541.984	1502	0.0220672
2224	542.228	1343	0.0197312
2225	542.472	1370	0.0201278
2226	542.716	1378	0.0202454
2227	542.960	1384	0.0203335
2228	543.204	1449	0.0212885
2229	543.448	1402	0.020598
2230	543.692	1376	0.020216
2231	543.935	1351	0.0198487
2232	544.179	1414	0.0207743
2233	544.423	1330	0.0195402
2234	544.667	1271	0.0186733
2235	544.911	1343	0.0197312
2236	545.155	1427	0.0209653
2237	545.399	1378	0.0202454
2238	545.642	1333	0.0195842
2239	545.886	1364	0.0200397
2240	546.130	1304	0.0191582
2241	546.374	1438	0.0211269
2242	546.618	1387	0.0203776
2243	546.862	1307	0.0192023
2244	547.106	1410	0.0207155
2245	547.350	1363	0.020025
2246	547.593	1300	0.0190994
2247	547.837	1323	0.0194373
2248	548.081	1393	0.0204658
2249	548.325	1352	0.0198634
2250	548.569	1378	0.0202454
2251	548.813	1345	0.0197605
2252	549.057	1366	0.0200691
2253	549.300	1371	0.0201425
2254	549.544	1385	0.0203482
2255	549.788	1276	0.0187468
2256	550.032	1352	0.0198634
2257	550.276	1296	0.0190406
2258	550.520	1312	0.0192757
2259	550.764	1358	0.0199515
2260	551.007	1351	0.0198487
2261	551.251	1340	0.0196871
2262	551.495	1335	0.0196136
2263	551.739	1405	0.0206421
2264	551.983	1376	0.020216
2265	552.227	1375	0.0202013
2266	552.471	1331	0.0195549
2267	552.715	1346	0.0197752
2268	552.958	1347	0.0197899
2269	553.202	1391	0.0204364
2270	553.446	1363	0.020025
2271	553.690	1328	0.0195108
2272	553.934	1327	0.0194961
2273	554.178	1319	0.0193786
2274	554.422	1390	0.0204217
2275	554.665	1356	0.0199222
2276	554.909	1358	0.0199515
2277	555.153	1345	0.0197605
2278	555.397	1339	0.0196724
2279	555.641	1325	0.0194667
2280	555.885	1345	0.0197605
2281	556.129	1259	0.018497
2282	556.372	1340	0.0196871
2283	556.616	1331	0.0195549
2284	556.860	1341	0.0197018
2285	557.104	1327	0.0194961
2286	557.348	1319	0.0193786
2287	557.592	1363	0.020025
2288	557.836	1297	0.0190553
2289	558.080	1286	0.0188937
2290	558.323	1285	0.018879
2291	558.567	1311	0.019261
2292	558.811	1412	0.0207449
2293	559.055	1343	0.0197312
2294	559.299	1360	0.0199809
2295	559.543	1403	0.0206127
2296	559.787	1361	0.0199956
2297	560.030	1412	0.0207449
2298	560.274	1280	0.0188056
2299	560.518	1337	0.019643
2300	560.762	1373	0.0201719
2301	561.006	1340	0.0196871
2302	561.250	1327	0.0194961
2303	561.494	1382	0.0203041
2304	561.738	1404	0.0206274
2305	561.981	1341	0.0197018
2306	562.225	1337	0.019643
2307	562.469	1302	0.0191288
2308	562.713	1256	0.018453
2309	562.957	1314	0.0193051
2310	563.201	1327	0.0194961
2311	563.445	1331	0.0195549
2312	563.688	1341	0.0197018
2313	563.932	1401	0.0205833
2314	564.176	1336	0.0196283
2315	564.420	1307	0.0192023
2316	564.664	1363	0.020025
2317	564.908	1306	0.0191876
2318	565.152	1371	0.0201425
2319	565.395	1351	0.0198487
2320	565.639	1243	0.018262
2321	565.883	1336	0.0196283
2322	566.127	1389	0.020407
2323	566.371	1339	0.0196724
2324	566.615	1320	0.0193932
2325	566.859	1328	0.0195108
2326	567.103	1294	0.0190113
2327	567.346	1292	0.0189819
2328	567.590	1315	0.0193198
2329	567.834	1358	0.0199515
2330	568.078	1321	0.0194079
2331	568.322	1427	0.0209653
2332	568.566	1348	0.0198046
2333	568.810	1445	0.0212297
2334	569.053	1326	0.0194814
2335	569.297	1314	0.0193051
2336	569.541	1334	0.0195989
2337	569.785	1352	0.0198634
2338	570.029	1376	0.020216
2339	570.273	1325	0.0194667
2340	570.517	1409	0.0207008
2341	570.761	1345	0.0197605
2342	571.004	1421	0.0208771
2343	571.248	1431	0.021024
2344	571.492	1373	0.0201719
2345	571.736	1346	0.0197752
2346	571.980	1330	0.0195402
2347	572.224	1344	0.0197459
2348	572.468	1384	0.0203335
2349	572.711	1338	0.0196577
2350	572.955	1393	0.0204658
2351	573.199	1313	0.0192904
2352	573.443	1339	0.0196724
2353	573.687	1355	0.0199075
2354	573.931	1312	0.0192757
2355	574.175	1307	0.0192023
2356	574.418	1345	0.0197605
2357	574.662	1336	0.0196283
2358	574.906	1364	0.0200397
2359	575.150	1405	0.0206421
2360	575.394	1375	0.0202013
2361	575.638	1369	0.0201132
2362	575.882	1411	0.0207302
2363	576.126	1355	0.0199075
2364	576.369	1386	0.0203629
2365	576.613	1331	0.0195549
2366	576.857	1337	0.019643
2367	577.101	1339	0.0196724
2368	577.345	1349	0.0198193
2369	577.589	1351	0.0198487
2370	577.833	1269	0.018644
2371	578.076	1429	0.0209947
2372	578.320	1327	0.0194961
2373	578.564	1410	0.0207155
2374	578.808	1320	0.0193932
2375	579.052	1333	0.0195842
2376	579.296	1386	0.0203629
2377	579.540	1395	0.0204951
2378	579.783	1327	0.0194961
2379	580.027	1383	0.0203188
2380	580.271	1336	0.0196283
2381	580.515	1383	0.0203188
2382	580.759	1315	0.0193198
2383	581.003	1367	0.0200838
2384	581.247	1366	0.0200691
2385	581.491	1366	0.0200691
2386	581.734	1420	0.0208624
2387	581.978	1380	0.0202748
2388	582.222	1351	0.0198487
2389	582.466	1303	0.0191435
2390	582.710	1308	0.0192169
2391	582.954	1387	0.0203776
2392	583.198	1425	0.0209359
2393	583.441	1395	0.0204951
2394	583.685	1345	0.0197605
2395	583.929	1381	0.0202895
2396	584.173	1347	0.0197899
2397	584.417	1422	0.0208918
2398	584.661	1375	0.0202013
2399	584.905	1390	0.0204217
2400	585.149	1304	0.0191582
2401	585.392	1288	0.0189231
2402	585.636	1342	0.0197165
2403	585.880	1372	0.0201572
2404	586.124	1425	0.0209359
2405	586.368	1399	0.0205539
2406	586.612	1362	0.0200103
2407	586.856	1354	0.0198928
2408	587.099	1407	0.0206714
2409	587.343	1331	0.0195549
2410	587.587	1364	0.0200397
2411	587.831	1336	0.0196283
2412	588.075	1386	0.0203629
2413	588.319	1360	0.0199809
2414	588.563	1375	0.0202013
2415	588.806	1403	0.0206127
2416	589.050	1372	0.0201572
2417	589.294	1388	0.0203923
2418	589.538	1387	0.0203776
2419	589.782	1342	0.0197165
2420	590.026	1418	0.0208331
2421	590.270	1368	0.0200985
2422	590.514	1350	0.019834
2423	590.757	1406	0.0206567
2424	591.001	1358	0.0199515
2425	591.245	1377	0.0202307
2426	591.489	1384	0.0203335
2427	591.733	1339	0.0196724
2428	591.977	1343	0.0197312
2429	592.221	1384	0.0203335
2430	592.464	1366	0.0200691
2431	592.708	1341	0.0197018
2432	592.952	1373	0.0201719
2433	593.196	1379	0.0202601
2434	593.440	1396	0.0205098
2435	593.684	1383	0.0203188
2436	593.928	1371	0.0201425
2437	594.171	1381	0.0202895
2438	594.415	1365	0.0200544
2439	594.659	1361	0.0199956
2440	594.903	1336	0.0196283
2441	595.147	1328	0.0195108
2442	595.391	1362	0.0200103
2443	595.635	1406	0.0206567
2444	595.879	1414	0.0207743
2445	596.122	1343	0.0197312
2446	596.366	1298	0.01907
2447	596.610	1382	0.0203041
2448	596.854	1361	0.0199956
2449	597.098	1374	0.0201866
2450	597.342	1427	0.0209653
2451	597.586	1423	0.0209065
2452	597.829	1418	0.0208331
2453	598.073	1454	0.021362
2454	598.317	1358	0.0199515
2455	598.561	1412	0.0207449
2456	598.805	1387	0.0203776
2457	599.049	1288	0.0189231
2458	599.293	1368	0.0200985
2459	599.537	1449	0.0212885
2460	599.780	1395	0.0204951
2461	600.024	1410	0.0207155
2462	600.268	1414	0.0207743
2463	600.512	1391	0.0204364
2464	600.756	1330	0.0195402
2465	601.000	1382	0.0203041
2466	601.244	1399	0.0205539
2467	601.487	1351	0.0198487
2468	601.731	1402	0.020598
2469	601.975	1466	0.0215383
2470	602.219	1410	0.0207155
2471	602.463	1376	0.020216
2472	602.707	1391	0.0204364
2473	602.951	1376	0.020216
2474	603.194	1413	0.0207596
2475	603.438	1448	0.0212738
2476	603.682	1420	0.0208624
2477	603.926	1379	0.0202601
2478	604.170	1392	0.0204511
2479	604.414	1435	0.0210828
2480	604.658	1398	0.0205392
2481	604.902	1440	0.0211563
2482	605.145	1404	0.0206274
2483	605.389	1393	0.0204658
2484	605.633	1393	0.0204658
2485	605.877	1433	0.0210534
2486	606.121	1453	0.0213473
2487	606.365	1452	0.0213326
2488	606.609	1427	0.0209653
2489	606.852	1417	0.0208184
2490	607.096	1524	0.0223904
2491	607.340	1464	0.0215089
2492	607.584	1467	0.021553
2493	607.828	1442	0.0211857
2494	608.072	1427	0.0209653
2495	608.316	1395	0.0204951
2496	608.559	1417	0.0208184
2497	608.803	1362	0.0200103
2498	609.047	1362	0.0200103
2499	609.291	1462	0.0214795
2500	609.535	1458	0.0214207
2501	609.779	1412	0.0207449
2502	610.023	1498	0.0220084
2503	610.267	1470	0.021597
2504	610.510	1469	0.0215823
2505	610.754	1456	0.0213913
2506	610.998	1474	0.0216558
2507	611.242	1441	0.021171
2508	611.486	1479	0.0217293
2509	611.730	1441	0.021171
2510	611.974	1447	0.0212591
2511	612.217	1462	0.0214795
2512	612.461	1431	0.021024
2513	612.705	1448	0.0212738
2514	612.949	1490	0.0218909
2515	613.193	1500	0.0220378
2516	613.437	1404	0.0206274
2517	613.681	1421	0.0208771
2518	613.925	1450	0.0213032
2519	614.168	1436	0.0210975
2520	614.412	1549	0.0227577
2521	614.656	1473	0.0216411
2522	614.900	1499	0.0220231
2523	615.144	1492	0.0219202
2524	615.388	1428	0.02098
2525	615.632	1475	0.0216705
2526	615.875	1488	0.0218615
2527	616.119	1436	0.0210975
2528	616.363	1443	0.0212003
2529	616.607	1444	0.021215
2530	616.851	1395	0.0204951
2531	617.095	1463	0.0214942
2532	617.339	1453	0.0213473
2533	617.582	1461	0.0214648
2534	617.826	1494	0.0219496
2535	618.070	1410	0.0207155
2536	618.314	1491	0.0219056
2537	618.558	1466	0.0215383
2538	618.802	1416	0.0208037
2539	619.046	1473	0.0216411
2540	619.290	1452	0.0213326
2541	619.533	1518	0.0223022
2542	619.777	1491	0.0219056
2543	620.021	1429	0.0209947
2544	620.265	1531	0.0224932
2545	620.509	1536	0.0225667
2546	620.753	1415	0.020789
2547	620.997	1488	0.0218615
2548	621.240	1522	0.022361
2549	621.484	1462	0.0214795
2550	621.728	1511	0.0221994
2551	621.972	1460	0.0214501
2552	622.216	1532	0.0225079
2553	622.460	1415	0.020789
2554	622.704	1439	0.0211416
2555	622.948	1478	0.0217146
2556	623.191	1467	0.021553
2557	623.435	1531	0.0224932
2558	623.679	1522	0.022361
2559	623.923	1512	0.0222141
2560	624.167	1482	0.0217733
2561	624.411	1492	0.0219202
2562	624.655	1544	0.0226842
2563	624.898	1534	0.0225373
2564	625.142	1495	0.0219643
2565	625.386	1529	0.0224638
2566	625.630	1487	0.0218468
2567	625.874	1524	0.0223904
2568	626.118	1428	0.02098
2569	626.362	1518	0.0223022
2570	626.605	1529	0.0224638
2571	626.849	1521	0.0223463
2572	627.093	1521	0.0223463
2573	627.337	1522	0.022361
2574	627.581	1522	0.022361
2575	627.825	1587	0.023316
2576	628.069	1516	0.0222729
2577	628.313	1503	0.0220819
2578	628.556	1593	0.0234041
2579	628.800	1520	0.0223316
2580	629.044	1534	0.0225373
2581	629.288	1511	0.0221994
2582	629.532	1488	0.0218615
2583	629.776	1491	0.0219056
2584	630.020	1533	0.0225226
2585	630.263	1510	0.0221847
2586	630.507	1480	0.0217439
2587	630.751	1559	0.0229046
2588	630.995	1493	0.0219349
2589	631.239	1488	0.0218615
2590	631.483	1530	0.0224785
2591	631.727	1551	0.0227871
2592	631.970	1562	0.0229487
2593	632.214	1521	0.0223463
2594	632.458	1445	0.0212297
2595	632.702	1521	0.0223463
2596	632.946	1574	0.023125
2597	633.190	1532	0.0225079
2598	633.434	1535	0.022552
2599	633.678	1479	0.0217293
2600	633.921	1566	0.0230074
2601	634.165	1554	0.0228311
2602	634.409	1556	0.0228605
2603	634.653	1547	0.0227283
2604	634.897	1544	0.0226842
2605	635.141	1508	0.0221553
2606	635.385	1539	0.0226108
2607	635.628	1526	0.0224198
2608	635.872	1523	0.0223757
2609	636.116	1575	0.0231397
2610	636.360	1569	0.0230515
2611	636.604	1549	0.0227577
2612	636.848	1594	0.0234188
2613	637.092	1612	0.0236833
2614	637.336	1595	0.0234335
2615	637.579	1572	0.0230956
2616	637.823	1576	0.0231544
2617	638.067	1512	0.0222141
2618	638.311	1656	0.0243297
2619	638.555	1568	0.0230368
2620	638.799	1574	0.023125
2621	639.043	1598	0.0234776
2622	639.286	1603	0.023551
2623	639.530	1594	0.0234188
2624	639.774	1596	0.0234482
2625	640.018	1596	0.0234482
2626	640.262	1562	0.0229487
2627	640.506	1555	0.0228458
2628	640.750	1602	0.0235364
2629	640.993	1591	0.0233747
2630	641.237	1582	0.0232425
2631	641.481	1568	0.0230368
2632	641.725	1505	0.0221112
2633	641.969	1596	0.0234482
2634	642.213	1530	0.0224785
2635	642.457	1683	0.0247264
2636	642.701	1532	0.0225079
2637	642.944	1561	0.022934
2638	643.188	1632	0.0239771
2639	643.432	1608	0.0236245
2640	643.676	1586	0.0233013
2641	643.920	1696	0.0249174
2642	644.164	1635	0.0240212
2643	644.408	1639	0.02408
2644	644.651	1614	0.0237127
2645	644.895	1536	0.0225667
2646	645.139	1586	0.0233013
2647	645.383	1641	0.0241093
2648	645.627	1551	0.0227871
2649	645.871	1638	0.0240653
2650	646.115	1646	0.0241828
2651	646.358	1621	0.0238155
2652	646.602	1587	0.023316
2653	646.846	1685	0.0247558
2654	647.090	1637	0.0240506
2655	647.334	1591	0.0233747
2656	647.578	1564	0.0229781
2657	647.822	1686	0.0247705
2658	648.066	1574	0.023125
2659	648.309	1590	0.0233601
2660	648.553	1588	0.0233307
2661	648.797	1619	0.0237861
2662	649.041	1610	0.0236539
2663	649.285	1658	0.0243591
2664	649.529	1609	0.0236392
2665	649.773	1647	0.0241975
2666	650.016	1629	0.023933
2667	650.260	1620	0.0238008
2668	650.504	1633	0.0239918
2669	650.748	1676	0.0246236
2670	650.992	1545	0.0226989
2671	651.236	1578	0.0231837
2672	651.480	1695	0.0249027
2673	651.724	1653	0.0242856
2674	651.967	1640	0.0240946
2675	652.211	1668	0.024506
2676	652.455	1625	0.0238743
2677	652.699	1621	0.0238155
2678	652.943	1634	0.0240065
2679	653.187	1719	0.0252553
2680	653.431	1661	0.0244032
2681	653.674	1652	0.0242709
2682	653.918	1593	0.0234041
2683	654.162	1623	0.0238449
2684	654.406	1641	0.0241093
2685	654.650	1666	0.0244766
2686	654.894	1724	0.0253288
2687	655.138	1678	0.0246529
2688	655.381	1707	0.025079
2689	655.625	1673	0.0245795
2690	655.869	1671	0.0245501
2691	656.113	1760	0.0258577
2692	656.357	1631	0.0239624
2693	656.601	1630	0.0239477
2694	656.845	1707	0.025079
2695	657.089	1727	0.0253728
2696	657.332	1698	0.0249468
2697	657.576	1702	0.0250055
2698	657.820	1755	0.0257842
2699	658.064	1759	0.025843
2700	658.308	1676	0.0246236
2701	658.552	1646	0.0241828
2702	658.796	1744	0.0256226
2703	659.039	1610	0.0236539
2704	659.283	1701	0.0249908
2705	659.527	1742	0.0255932
2706	659.771	1752	0.0257401
2707	660.015	1928	0.0283259
2708	660.259	2154	0.0316463
2709	660.503	2895	0.0425329
2710	660.746	4262	0.0626167
2711	660.990	6695	0.098362
2712	661.234	10550	0.154999
2713	661.478	16258	0.23886
2714	661.722	22931	0.336899
2715	661.966	29453	0.432719
2716	662.210	35119	0.515963
2717	662.454	36627	0.538119
2718	662.697	35395	0.520018
2719	662.941	30656	0.450394
2720	663.185	24078	0.353751
2721	663.429	17093	0.251128
2722	663.673	11302	0.166047
2723	663.917	6964	0.102314
2724	664.161	4376	0.0642916
2725	664.404	2882	0.0423419
2726	664.648	2275	0.033424
2727	664.892	1882	0.0276501
2728	665.136	1797	0.0264013
2729	665.380	1687	0.0247852
2730	665.624	1758	0.0258283
2731	665.868	1668	0.024506
2732	666.112	1711	0.0251378
2733	666.355	1784	0.0262103
2734	666.599	1737	0.0255198
2735	666.843	1701	0.0249908
2736	667.087	1721	0.0252847
2737	667.331	1688	0.0247999
2738	667.575	1689	0.0248145
2739	667.819	1679	0.0246676
2740	668.062	1758	0.0258283
2741	668.306	1745	0.0256373
2742	668.550	1765	0.0259311
2743	668.794	1763	0.0259017
2744	669.038	1728	0.0253875
2745	669.282	1733	0.025461
2746	669.526	1766	0.0259458
2747	669.769	1747	0.0256667
2748	670.013	1795	0.0263719
2749	670.257	1679	0.0246676
2750	670.501	1713	0.0251671
2751	670.745	1732	0.0254463
2752	670.989	1793	0.0263425
2753	671.233	1726	0.0253581
2754	671.477	1751	0.0257254
2755	671.720	1766	0.0259458
2756	671.964	1766	0.0259458
2757	672.208	1783	0.0261956
2758	672.452	1667	0.0244913
2759	672.696	1793	0.0263425
2760	672.940	1849	0.0271652
2761	673.184	1714	0.0251818
2762	673.427	1781	0.0261662
2763	673.671	1747	0.0256667
2764	673.915	1736	0.0255051
2765	674.159	1713	0.0251671
2766	674.403	1717	0.0252259
2767	674.647	1804	0.0265041
2768	674.891	1767	0.0259605
2769	675.135	1741	0.0255785
2770	675.378	1738	0.0255344
2771	675.622	1810	0.0265923
2772	675.866	1725	0.0253435
2773	676.110	1804	0.0265041
2774	676.354	1728	0.0253875
2775	676.598	1799	0.0264306
2776	676.842	1721	0.0252847
2777	677.085	1736	0.0255051
2778	677.329	1757	0.0258136
2779	677.573	1692	0.0248586
2780	677.817	1772	0.026034
2781	678.061	1761	0.0258724
2782	678.305	1796	0.0263866
2783	678.549	1737	0.0255198
2784	678.792	1796	0.0263866
2785	679.036	1799	0.0264306
2786	679.280	1747	0.0256667
2787	679.524	1747	0.0256667
2788	679.768	1758	0.0258283
2789	680.012	1748	0.0256814
2790	680.256	1798	0.026416
2791	680.500	1818	0.0267098
2792	680.743	1774	0.0260634
2793	680.987	1848	0.0271505
2794	681.231	1707	0.025079
2795	681.475	1729	0.0254022
2796	681.719	1849	0.0271652
2797	681.963	1825	0.0268126
2798	682.207	1729	0.0254022
2799	682.450	1731	0.0254316
2800	682.694	1783	0.0261956
2801	682.938	1816	0.0266804
2802	683.182	1843	0.0270771
2803	683.426	1770	0.0260046
2804	683.670	1794	0.0263572
2805	683.914	1758	0.0258283
2806	684.157	1787	0.0262543
2807	684.401	1831	0.0269008
2808	684.645	1820	0.0267392
2809	684.889	1789	0.0262837
2810	685.133	1772	0.026034
2811	685.377	1834	0.0269449
2812	685.621	1759	0.025843
2813	685.865	1874	0.0275325
2814	686.108	1828	0.0268567
2815	686.352	1806	0.0265335
2816	686.596	1852	0.0272093
2817	686.840	1889	0.0277529
2818	687.084	1765	0.0259311
2819	687.328	1806	0.0265335
2820	687.572	1783	0.0261956
2821	687.815	1842	0.0270624
2822	688.059	1817	0.0266951
2823	688.303	1823	0.0267833
2824	688.547	1858	0.0272975
2825	688.791	1847	0.0271359
2826	689.035	1807	0.0265482
2827	689.279	1821	0.0267539
2828	689.523	1789	0.0262837
2829	689.766	1785	0.026225
2830	690.010	1839	0.0270183
2831	690.254	1824	0.0267979
2832	690.498	1842	0.0270624
2833	690.742	1820	0.0267392
2834	690.986	1757	0.0258136
2835	691.230	1828	0.0268567
2836	691.473	1761	0.0258724
2837	691.717	1796	0.0263866
2838	691.961	1819	0.0267245
2839	692.205	1820	0.0267392
2840	692.449	1789	0.0262837
2841	692.693	1830	0.0268861
2842	692.937	1814	0.026651
2843	693.180	1808	0.0265629
2844	693.424	1882	0.0276501
2845	693.668	1790	0.0262984
2846	693.912	1806	0.0265335
2847	694.156	1713	0.0251671
2848	694.400	1831	0.0269008
2849	694.644	1803	0.0264894
2850	694.888	1779	0.0261368
2851	695.131	1780	0.0261515
2852	695.375	1664	0.0244472
2853	695.619	1852	0.0272093
2854	695.863	1693	0.0248733
2855	696.107	1688	0.0247999
2856	696.351	1798	0.026416
2857	696.595	1724	0.0253288
2858	696.838	1667	0.0244913
2859	697.082	1642	0.024124
2860	697.326	1717	0.0252259
2861	697.570	1700	0.0249762
2862	697.814	1632	0.0239771
2863	698.058	1660	0.0243885
2864	698.302	1751	0.0257254
2865	698.545	1692	0.0248586
2866	698.789	1599	0.0234923
2867	699.033	1547	0.0227283
2868	699.277	1601	0.0235217
2869	699.521	1586	0.0233013
2870	699.765	1620	0.0238008
2871	700.009	1553	0.0228165
2872	700.253	1526	0.0224198
2873	700.496	1479	0.0217293
2874	700.740	1520	0.0223316
2875	700.984	1553	0.0228165
2876	701.228	1528	0.0224492
2877	701.472	1503	0.0220819
2878	701.716	1423	0.0209065
2879	701.960	1423	0.0209065
2880	702.203	1539	0.0226108
2881	702.447	1449	0.0212885
2882	702.691	1410	0.0207155
2883	702.935	1385	0.0203482
2884	703.179	1484	0.0218027
2885	703.423	1381	0.0202895
2886	703.667	1382	0.0203041
2887	703.911	1437	0.0211122
2888	704.154	1315	0.0193198
2889	704.398	1392	0.0204511
2890	704.642	1406	0.0206567
2891	704.886	1321	0.0194079
2892	705.130	1305	0.0191729
2893	705.374	1378	0.0202454
2894	705.618	1342	0.0197165
2895	705.861	1322	0.0194226
2896	706.105	1267	0.0186146
2897	706.349	1330	0.0195402
2898	706.593	1328	0.0195108
2899	706.837	1269	0.018644
2900	707.081	1359	0.0199662
2901	707.325	1273	0.0187027
2902	707.568	1316	0.0193345
2903	707.812	1268	0.0186293
2904	708.056	1343	0.0197312
2905	708.300	1265	0.0185852
2906	708.544	1227	0.0180269
2907	708.788	1282	0.018835
2908	709.032	1234	0.0181298
2909	709.276	1284	0.0188643
2910	709.519	1315	0.0193198
2911	709.763	1231	0.0180857
2912	710.007	1226	0.0180122
2913	710.251	1291	0.0189672
2914	710.495	1283	0.0188497
2915	710.739	1252	0.0183942
2916	710.983	1309	0.0192316
2917	711.226	1284	0.0188643
2918	711.470	1286	0.0188937
2919	711.714	1300	0.0190994
2920	711.958	1239	0.0182032
2921	712.202	1308	0.0192169
2922	712.446	1225	0.0179975
2923	712.690	1232	0.0181004
2924	712.933	1206	0.0177184
2925	713.177	1204	0.017689
2926	713.421	1220	0.0179241
2927	713.665	1149	0.0168809
2928	713.909	1228	0.0180416
2929	714.153	1218	0.0178947
2930	714.397	1226	0.0180122
2931	714.641	1181	0.0173511
2932	714.884	1168	0.0171601
2933	715.128	1198	0.0176008
2934	715.372	1275	0.0187321
2935	715.616	1168	0.0171601
2936	715.860	1240	0.0182179
2937	716.104	1198	0.0176008
2938	716.348	1274	0.0187174
2939	716.591	1243	0.018262
2940	716.835	1196	0.0175715
2941	717.079	1186	0.0174245
2942	717.323	1225	0.0179975
2943	717.567	1183	0.0173805
2944	717.811	1192	0.0175127
2945	718.055	1146	0.0168369
2946	718.299	1213	0.0178212
2947	718.542	1154	0.0169544
2948	718.786	1200	0.0176302
2949	719.030	1155	0.0169691
2950	719.274	1163	0.0170866
2951	719.518	1182	0.0173658
2952	719.762	1174	0.0172482
2953	720.006	1202	0.0176596
2954	720.249	1130	0.0166018
2955	720.493	1221	0.0179388
2956	720.737	1206	0.0177184
2957	720.981	1139	0.016734
2958	721.225	1200	0.0176302
2959	721.469	1228	0.0180416
2960	721.713	1147	0.0168516
2961	721.956	1227	0.0180269
2962	722.200	1219	0.0179094
2963	722.444	1103	0.0162051
2964	722.688	1200	0.0176302
2965	722.932	1183	0.0173805
2966	723.176	1190	0.0174833
2967	723.420	1186	0.0174245
2968	723.664	1165	0.017116
2969	723.907	1123	0.016499
2970	724.151	1168	0.0171601
2971	724.395	1165	0.017116
2972	724.639	1137	0.0167046
2973	724.883	1164	0.0171013
2974	725.127	1179	0.0173217
2975	725.371	1089	0.0159994
2976	725.614	1132	0.0166312
2977	725.858	1179	0.0173217
2978	726.102	1145	0.0168222
2979	726.346	1121	0.0164696
2980	726.590	1153	0.0169397
2981	726.834	1206	0.0177184
2982	727.078	1137	0.0167046
2983	727.322	1201	0.0176449
2984	727.565	1145	0.0168222
2985	727.809	1150	0.0168956
2986	728.053	1098	0.0161317
2987	728.297	1112	0.0163373
2988	728.541	1111	0.0163227
2989	728.785	1162	0.0170719
2990	729.029	1153	0.0169397
2991	729.272	1116	0.0163961
2992	729.516	1161	0.0170572
2993	729.760	1072	0.0157497
2994	730.004	1111	0.0163227
2995	730.248	1166	0.0171307
2996	730.492	1125	0.0165283
2997	730.736	1145	0.0168222
2998	730.979	1067	0.0156762
2999	731.223	1119	0.0164402
3000	731.467	1120	0.0164549
3001	731.711	1119	0.0164402
3002	731.955	1130	0.0166018
3003	732.199	1087	0.01597
3004	732.443	1122	0.0164843
3005	732.687	1100	0.016161
3006	732.930	1141	0.0167634
3007	733.174	1087	0.01597
3008	733.418	1104	0.0162198
3009	733.662	1111	0.0163227
3010	733.906	1110	0.016308
3011	734.150	1078	0.0158378
3012	734.394	1101	0.0161757
3013	734.637	1161	0.0170572
3014	734.881	1085	0.0159407
3015	735.125	1090	0.0160141
3016	735.369	1144	0.0168075
3017	735.613	1145	0.0168222
3018	735.857	1128	0.0165724
3019	736.101	1190	0.0174833
3020	736.344	1096	0.0161023
3021	736.588	1163	0.0170866
3022	736.832	1096	0.0161023
3023	737.076	1113	0.016352
3024	737.320	1087	0.01597
3025	737.564	1117	0.0164108
3026	737.808	1105	0.0162345
3027	738.052	1031	0.0151473
3028	738.295	1134	0.0166606
3029	738.539	1118	0.0164255
3030	738.783	1086	0.0159554
3031	739.027	1085	0.0159407
3032	739.271	1052	0.0154558
3033	739.515	1103	0.0162051
3034	739.759	1090	0.0160141
3035	740.002	1103	0.0162051
3036	740.246	1091	0.0160288
3037	740.490	1055	0.0154999
3038	740.734	1141	0.0167634
3039	740.978	1023	0.0150298
3040	741.222	1078	0.0158378
3041	741.466	1083	0.0159113
3042	741.710	1007	0.0147947
3043	741.953	1107	0.0162639
3044	742.197	1058	0.015544
3045	742.441	1015	0.0149122
3046	742.685	1092	0.0160435
3047	742.929	1035	0.0152061
3048	743.173	1059	0.0155587
3049	743.417	1106	0.0162492
3050	743.660	1049	0.0154118
3051	743.904	1150	0.0168956
3052	744.148	1078	0.0158378
3053	744.392	1070	0.0157203
3054	744.636	1058	0.015544
3055	744.880	1065	0.0156468
3056	745.124	1106	0.0162492
3057	745.367	1052	0.0154558
3058	745.611	1039	0.0152648
3059	745.855	1042	0.0153089
3060	746.099	1027	0.0150885
3061	746.343	1059	0.0155587
3062	746.587	1030	0.0151326
3063	746.831	1021	0.0150004
3064	747.075	1036	0.0152208
3065	747.318	1052	0.0154558
3066	747.562	996	0.0146331
3067	747.806	1076	0.0158084
3068	748.050	1115	0.0163814
3069	748.294	1038	0.0152501
3070	748.538	1077	0.0158231
3071	748.782	1010	0.0148388
3072	749.025	994	0.0146037
3073	749.269	1067	0.0156762
3074	749.513	1023	0.0150298
3075	749.757	1014	0.0148975
3076	750.001	1040	0.0152795
3077	750.245	1029	0.0151179
3078	750.489	1012	0.0148682
3079	750.732	1030	0.0151326
3080	750.976	1042	0.0153089
3081	751.220	1027	0.0150885
3082	751.464	1074	0.0157791
3083	751.708	1028	0.0151032
3084	751.952	1020	0.0149857
3085	752.196	1021	0.0150004
3086	752.440	1020	0.0149857
3087	752.683	1108	0.0162786
3088	752.927	1029	0.0151179
3089	753.171	1026	0.0150738
3090	753.415	1041	0.0152942
3091	753.659	1060	0.0155734
3092	753.903	970	0.0142511
3093	754.147	994	0.0146037
3094	754.390	1002	0.0147212
3095	754.634	1006	0.01478
3096	754.878	998	0.0146625
3097	755.122	997	0.0146478
3098	755.366	1014	0.0148975
3099	755.610	1016	0.0149269
3100	755.854	1016	0.0149269
3101	756.098	1031	0.0151473
3102	756.341	938	0.013781
3103	756.585	960	0.0141042
3104	756.829	997	0.0146478
3105	757.073	988	0.0145156
3106	757.317	992	0.0145743
3107	757.561	999	0.0146772
3108	757.805	967	0.014207
3109	758.048	1054	0.0154852
3110	758.292	982	0.0144274
3111	758.536	990	0.0145449
3112	758.780	1009	0.0148241
3113	759.024	913	0.0134137
3114	759.268	1009	0.0148241
3115	759.512	1007	0.0147947
3116	759.755	952	0.0139866
3117	759.999	995	0.0146184
3118	760.243	1019	0.014971
3119	760.487	1007	0.0147947
3120	760.731	1016	0.0149269
3121	760.975	938	0.013781
3122	761.219	921	0.0135312
3123	761.463	959	0.0140895
3124	761.706	930	0.0136634
3125	761.950	942	0.0138397
3126	762.194	963	0.0141483
3127	762.438	980	0.014398
3128	762.682	924	0.0135753
3129	762.926	956	0.0140454
3130	763.170	958	0.0140748
3131	763.413	983	0.0144421
3132	763.657	968	0.0142217
3133	763.901	950	0.0139573
3134	764.145	970	0.0142511
3135	764.389	1022	0.0150151
3136	764.633	921	0.0135312
3137	764.877	927	0.0136194
3138	765.121	927	0.0136194
3139	765.364	923	0.0135606
3140	765.608	953	0.0140013
3141	765.852	911	0.0133843
3142	766.096	918	0.0134871
3143	766.340	940	0.0138103
3144	766.584	914	0.0134284
3145	766.828	872	0.0128113
3146	767.071	925	0.01359
3147	767.315	939	0.0137957
3148	767.559	932	0.0136928
3149	767.803	929	0.0136487
3150	768.047	964	0.0141629
3151	768.291	911	0.0133843
3152	768.535	926	0.0136047
3153	768.778	942	0.0138397
3154	769.022	900	0.0132227
3155	769.266	897	0.0131786
3156	769.510	914	0.0134284
3157	769.754	828	0.0121649
3158	769.998	919	0.0135018
3159	770.242	882	0.0129582
3160	770.486	928	0.013634
3161	770.729	933	0.0137075
3162	770.973	881	0.0129435
3163	771.217	924	0.0135753
3164	771.461	950	0.0139573
3165	771.705	897	0.0131786
3166	771.949	892	0.0131051
3167	772.193	916	0.0134577
3168	772.436	949	0.0139426
3169	772.680	847	0.012444
3170	772.924	907	0.0133255
3171	773.168	903	0.0132667
3172	773.412	854	0.0125468
3173	773.656	907	0.0133255
3174	773.900	890	0.0130758
3175	774.143	935	0.0137369
3176	774.387	876	0.0128701
3177	774.631	894	0.0131345
3178	774.875	864	0.0126938
3179	775.119	953	0.0140013
3180	775.363	890	0.0130758
3181	775.607	910	0.0133696
3182	775.851	872	0.0128113
3183	776.094	895	0.0131492
3184	776.338	901	0.0132374
3185	776.582	865	0.0127085
3186	776.826	939	0.0137957
3187	777.070	869	0.0127672
3188	777.314	943	0.0138544
3189	777.558	905	0.0132961
3190	777.801	868	0.0127525
3191	778.045	907	0.0133255
3192	778.289	865	0.0127085
3193	778.533	917	0.0134724
3194	778.777	861	0.0126497
3195	779.021	862	0.0126644
3196	779.265	907	0.0133255
3197	779.509	874	0.0128407
3198	779.752	879	0.0129141
3199	779.996	889	0.0130611
3200	780.240	817	0.0120032
3201	780.484	785	0.0115331
3202	780.728	895	0.0131492
3203	780.972	858	0.0126056
3204	781.216	865	0.0127085
3205	781.459	876	0.0128701
3206	781.703	844	0.0123999
3207	781.947	907	0.0133255
3208	782.191	897	0.0131786
3209	782.435	846	0.0124293
3210	782.679	852	0.0125175
3211	782.923	836	0.0122824
3212	783.166	868	0.0127525
3213	783.410	818	0.0120179
3214	783.654	893	0.0131198
3215	783.898	854	0.0125468
3216	784.142	852	0.0125175
3217	784.386	806	0.0118416
3218	784.630	834	0.012253
3219	784.874	836	0.0122824
3220	785.117	805	0.0118269
3221	785.361	809	0.0118857
3222	785.605	828	0.0121649
3223	785.849	854	0.0125468
3224	786.093	888	0.0130464
3225	786.337	806	0.0118416
3226	786.581	823	0.0120914
3227	786.824	817	0.0120032
3228	787.068	808	0.011871
3229	787.312	803	0.0117976
3230	787.556	852	0.0125175
3231	787.800	776	0.0114009
3232	788.044	861	0.0126497
3233	788.288	804	0.0118123
3234	788.531	861	0.0126497
3235	788.775	864	0.0126938
3236	789.019	831	0.0122089
3237	789.263	821	0.012062
3238	789.507	819	0.0120326
3239	789.751	811	0.0119151
3240	789.995	807	0.0118563
3241	790.239	832	0.0122236
3242	790.482	820	0.0120473
3243	790.726	843	0.0123852
3244	790.970	823	0.0120914
3245	791.214	806	0.0118416
3246	791.458	778	0.0114303
3247	791.702	812	0.0119298
3248	791.946	815	0.0119739
3249	792.189	770	0.0113127
3250	792.433	860	0.012635
3251	792.677	832	0.0122236
3252	792.921	825	0.0121208
3253	793.165	809	0.0118857
3254	793.409	802	0.0117829
3255	793.653	783	0.0115037
3256	793.897	842	0.0123705
3257	794.140	782	0.011489
3258	794.384	852	0.0125175
3259	794.628	822	0.0120767
3260	794.872	820	0.0120473
3261	795.116	796	0.0116947
3262	795.360	758	0.0111364
3263	795.604	812	0.0119298
3264	795.847	790	0.0116066
3265	796.091	800	0.0117535
3266	796.335	836	0.0122824
3267	796.579	815	0.0119739
3268	796.823	793	0.0116506
3269	797.067	816	0.0119886
3270	797.311	808	0.011871
3271	797.554	797	0.0117094
3272	797.798	772	0.0113421
3273	798.042	782	0.011489
3274	798.286	871	0.0127966
3275	798.530	807	0.0118563
3276	798.774	774	0.0113715
3277	799.018	794	0.0116653
3278	799.262	803	0.0117976
3279	799.505	823	0.0120914
3280	799.749	773	0.0113568
3281	799.993	806	0.0118416
3282	800.237	832	0.0122236
3283	800.481	754	0.0110777
3284	800.725	782	0.011489
3285	800.969	761	0.0111805
3286	801.212	765	0.0112393
3287	801.456	743	0.010916
3288	801.700	784	0.0115184
3289	801.944	800	0.0117535
3290	802.188	853	0.0125322
3291	802.432	767	0.0112687
3292	802.676	754	0.0110777
3293	802.919	742	0.0109014
3294	803.163	777	0.0114156
3295	803.407	820	0.0120473
3296	803.651	777	0.0114156
3297	803.895	791	0.0116213
3298	804.139	769	0.011298
3299	804.383	726	0.0106663
3300	804.627	742	0.0109014
3301	804.870	741	0.0108867
3302	805.114	790	0.0116066
3303	805.358	782	0.011489
3304	805.602	865	0.0127085
3305	805.846	783	0.0115037
3306	806.090	721	0.0105928
3307	806.334	776	0.0114009
3308	806.577	820	0.0120473
3309	806.821	750	0.0110189
3310	807.065	821	0.012062
3311	807.309	817	0.0120032
3312	807.553	780	0.0114596
3313	807.797	812	0.0119298
3314	808.041	779	0.011445
3315	808.285	770	0.0113127
3316	808.528	758	0.0111364
3317	808.772	785	0.0115331
3318	809.016	767	0.0112687
3319	809.260	777	0.0114156
3320	809.504	774	0.0113715
3321	809.748	809	0.0118857
3322	809.992	774	0.0113715
3323	810.235	810	0.0119004
3324	810.479	779	0.011445
3325	810.723	780	0.0114596
3326	810.967	813	0.0119445
3327	811.211	762	0.0111952
3328	811.455	760	0.0111658
3329	811.699	782	0.011489
3330	811.942	802	0.0117829
3331	812.186	788	0.0115772
3332	812.430	789	0.0115919
3333	812.674	857	0.0125909
3334	812.918	838	0.0123118
3335	813.162	976	0.0143393
3336	813.406	1058	0.015544
3337	813.650	1248	0.0183354
3338	813.893	1470	0.021597
3339	814.137	1731	0.0254316
3340	814.381	1914	0.0281202
3341	814.625	2078	0.0305297
3342	814.869	2117	0.0311027
3343	815.113	2144	0.0314993
3344	815.357	1906	0.0280027
3345	815.600	1704	0.0250349
3346	815.844	1489	0.0218762
3347	816.088	1199	0.0176155
3348	816.332	1017	0.0149416
3349	816.576	852	0.0125175
3350	816.820	839	0.0123265
3351	817.064	837	0.0122971
3352	817.308	805	0.0118269
3353	817.551	778	0.0114303
3354	817.795	756	0.011107
3355	818.039	749	0.0110042
3356	818.283	792	0.0116359
3357	818.527	757	0.0111217
3358	818.771	736	0.0108132
3359	819.015	762	0.0111952
3360	819.258	756	0.011107
3361	819.502	790	0.0116066
3362	819.746	783	0.0115037
3363	819.990	817	0.0120032
3364	820.234	809	0.0118857
3365	820.478	819	0.0120326
3366	820.722	797	0.0117094
3367	820.965	804	0.0118123
3368	821.209	806	0.0118416
3369	821.453	812	0.0119298
3370	821.697	811	0.0119151
3371	821.941	838	0.0123118
3372	822.185	849	0.0124734
3373	822.429	826	0.0121355
3374	822.673	823	0.0120914
3375	822.916	835	0.0122677
3376	823.160	860	0.012635
3377	823.404	825	0.0121208
3378	823.648	794	0.0116653
3379	823.892	854	0.0125468
3380	824.136	746	0.0109601
3381	824.380	832	0.0122236
3382	824.623	847	0.012444
3383	824.867	758	0.0111364
3384	825.111	765	0.0112393
3385	825.355	768	0.0112833
3386	825.599	835	0.0122677
3387	825.843	816	0.0119886
3388	826.087	755	0.0110924
3389	826.330	804	0.0118123
3390	826.574	779	0.011445
3391	826.818	761	0.0111805
3392	827.062	794	0.0116653
3393	827.306	742	0.0109014
3394	827.550	840	0.0123412
3395	827.794	789	0.0115919
3396	828.038	750	0.0110189
3397	828.281	741	0.0108867
3398	828.525	801	0.0117682
3399	828.769	838	0.0123118
3400	829.013	792	0.0116359
3401	829.257	766	0.011254
3402	829.501	800	0.0117535
3403	829.745	844	0.0123999
3404	829.988	773	0.0113568
3405	830.232	790	0.0116066
3406	830.476	777	0.0114156
3407	830.720	766	0.011254
3408	830.964	775	0.0113862
3409	831.208	742	0.0109014
3410	831.452	780	0.0114596
3411	831.696	809	0.0118857
3412	831.939	802	0.0117829
3413	832.183	770	0.0113127
3414	832.427	809	0.0118857
3415	832.671	809	0.0118857
3416	832.915	785	0.0115331
3417	833.159	775	0.0113862
3418	833.403	868	0.0127525
3419	833.646	794	0.0116653
3420	833.890	770	0.0113127
3421	834.134	803	0.0117976
3422	834.378	773	0.0113568
3423	834.622	828	0.0121649
3424	834.866	775	0.0113862
3425	835.110	799	0.0117388
3426	835.353	794	0.0116653
3427	835.597	805	0.0118269
3428	835.841	809	0.0118857
3429	836.085	826	0.0121355
3430	836.329	826	0.0121355
3431	836.573	791	0.0116213
3432	836.817	808	0.011871
3433	837.061	751	0.0110336
3434	837.304	776	0.0114009
3435	837.548	810	0.0119004
3436	837.792	803	0.0117976
3437	838.036	777	0.0114156
3438	838.280	791	0.0116213
3439	838.524	828	0.0121649
3440	838.768	830	0.0121942
3441	839.011	815	0.0119739
3442	839.255	783	0.0115037
3443	839.499	788	0.0115772
3444	839.743	862	0.0126644
3445	839.987	771	0.0113274
3446	840.231	786	0.0115478
3447	840.475	792	0.0116359
3448	840.718	777	0.0114156
3449	840.962	813	0.0119445
3450	841.206	778	0.0114303
3451	841.450	806	0.0118416
3452	841.694	807	0.0118563
3453	841.938	797	0.0117094
3454	842.182	719	0.0105634
3455	842.426	855	0.0125615
3456	842.669	800	0.0117535
3457	842.913	795	0.01168
3458	843.157	858	0.0126056
3459	843.401	779	0.011445
3460	843.645	764	0.0112246
3461	843.889	824	0.0121061
3462	844.133	830	0.0121942
3463	844.376	865	0.0127085
3464	844.620	783	0.0115037
3465	844.864	818	0.0120179
3466	845.108	789	0.0115919
3467	845.352	804	0.0118123
3468	845.596	848	0.0124587
3469	845.840	834	0.012253
3470	846.084	776	0.0114009
3471	846.327	819	0.0120326
3472	846.571	841	0.0123559
3473	846.815	806	0.0118416
3474	847.059	790	0.0116066
3475	847.303	839	0.0123265
3476	847.547	760	0.0111658
3477	847.791	797	0.0117094
3478	848.034	786	0.0115478
3479	848.278	860	0.012635
3480	848.522	808	0.011871
3481	848.766	804	0.0118123
3482	849.010	864	0.0126938
3483	849.254	773	0.0113568
3484	849.498	780	0.0114596
3485	849.741	819	0.0120326
3486	849.985	805	0.0118269
3487	850.229	800	0.0117535
3488	850.473	787	0.0115625
3489	850.717	792	0.0116359
3490	850.961	840	0.0123412
3491	851.205	833	0.0122383
3492	851.449	830	0.0121942
3493	851.692	821	0.012062
3494	851.936	827	0.0121502
3495	852.180	813	0.0119445
3496	852.424	849	0.0124734
3497	852.668	836	0.0122824
3498	852.912	897	0.0131786
3499	853.156	797	0.0117094
3500	853.399	823	0.0120914
3501	853.643	858	0.0126056
3502	853.887	842	0.0123705
3503	854.131	819	0.0120326
3504	854.375	806	0.0118416
3505	854.619	796	0.0116947
3506	854.863	832	0.0122236
3507	855.106	837	0.0122971
3508	855.350	859	0.0126203
3509	855.594	816	0.0119886
3510	855.838	828	0.0121649
3511	856.082	788	0.0115772
3512	856.326	809	0.0118857
3513	856.570	832	0.0122236
3514	856.814	833	0.0122383
3515	857.057	852	0.0125175
3516	857.301	801	0.0117682
3517	857.545	814	0.0119592
3518	857.789	847	0.012444
3519	858.033	836	0.0122824
3520	858.277	809	0.0118857
3521	858.521	854	0.0125468
3522	858.764	807	0.0118563
3523	859.008	819	0.0120326
3524	859.252	848	0.0124587
3525	859.496	829	0.0121795
3526	859.740	839	0.0123265
3527	859.984	878	0.0128994
3528	860.228	838	0.0123118
3529	860.472	843	0.0123852
3530	860.715	859	0.0126203
3531	860.959	836	0.0122824
3532	861.203	811	0.0119151
3533	861.447	809	0.0118857
3534	861.691	819	0.0120326
3535	861.935	831	0.0122089
3536	862.179	843	0.0123852
3537	862.422	820	0.0120473
3538	862.666	796	0.0116947
3539	862.910	876	0.0128701
3540	863.154	836	0.0122824
3541	863.398	827	0.0121502
3542	863.642	823	0.0120914
3543	863.886	839	0.0123265
3544	864.129	826	0.0121355
3545	864.373	865	0.0127085
3546	864.617	819	0.0120326
3547	864.861	869	0.0127672
3548	865.105	798	0.0117241
3549	865.349	839	0.0123265
3550	865.593	849	0.0124734
3551	865.837	855	0.0125615
3552	866.080	839	0.0123265
3553	866.324	844	0.0123999
3554	866.568	827	0.0121502
3555	866.812	858	0.0126056
3556	867.056	824	0.0121061
3557	867.300	822	0.0120767
3558	867.544	812	0.0119298
3559	867.787	811	0.0119151
3560	868.031	839	0.0123265
3561	868.275	819	0.0120326
3562	868.519	830	0.0121942
3563	868.763	886	0.013017
3564	869.007	792	0.0116359
3565	869.251	822	0.0120767
3566	869.495	878	0.0128994
3567	869.738	855	0.0125615
3568	869.982	813	0.0119445
3569	870.226	867	0.0127378
3570	870.470	873	0.012826
3571	870.714	837	0.0122971
3572	870.958	821	0.012062
3573	871.202	855	0.0125615
3574	871.445	842	0.0123705
3575	871.689	814	0.0119592
3576	871.933	795	0.01168
3577	872.177	843	0.0123852
3578	872.421	828	0.0121649
3579	872.665	831	0.0122089
3580	872.909	846	0.0124293
3581	873.152	887	0.0130317
3582	873.396	847	0.012444
3583	873.640	875	0.0128554
3584	873.884	893	0.0131198
3585	874.128	860	0.012635
3586	874.372	892	0.0131051
3587	874.616	870	0.0127819
3588	874.860	911	0.0133843
3589	875.103	883	0.0129729
3590	875.347	826	0.0121355
3591	875.591	879	0.0129141
3592	875.835	853	0.0125322
3593	876.079	872	0.0128113
3594	876.323	914	0.0134284
3595	876.567	855	0.0125615
3596	876.810	856	0.0125762
3597	877.054	835	0.0122677
3598	877.298	882	0.0129582
3599	877.542	893	0.0131198
3600	877.786	811	0.0119151
3601	878.030	874	0.0128407
3602	878.274	822	0.0120767
3603	878.517	894	0.0131345
3604	878.761	832	0.0122236
3605	879.005	858	0.0126056
3606	879.249	891	0.0130904
3607	879.493	905	0.0132961
3608	879.737	846	0.0124293
3609	879.981	806	0.0118416
3610	880.225	809	0.0118857
3611	880.468	906	0.0133108
3612	880.712	844	0.0123999
3613	880.956	837	0.0122971
3614	881.200	875	0.0128554
3615	881.444	822	0.0120767
3616	881.688	895	0.0131492
3617	881.932	863	0.0126791
3618	882.175	859	0.0126203
3619	882.419	893	0.0131198
3620	882.663	883	0.0129729
3621	882.907	928	0.013634
3622	883.151	844	0.0123999
3623	883.395	880	0.0129288
3624	883.639	867	0.0127378
3625	883.883	889	0.0130611
3626	884.126	861	0.0126497
3627	884.370	838	0.0123118
3628	884.614	859	0.0126203
3629	884.858	813	0.0119445
3630	885.102	885	0.0130023
3631	885.346	881	0.0129435
3632	885.590	880	0.0129288
3633	885.833	858	0.0126056
3634	886.077	934	0.0137222
3635	886.321	862	0.0126644
3636	886.565	893	0.0131198
3637	886.809	943	0.0138544
3638	887.053	876	0.0128701
3639	887.297	885	0.0130023
3640	887.540	902	0.0132521
3641	887.784	906	0.0133108
3642	888.028	979	0.0143833
3643	888.272	908	0.0133402
3644	888.516	868	0.0127525
3645	888.760	872	0.0128113
3646	889.004	980	0.014398
3647	889.248	889	0.0130611
3648	889.491	954	0.014016
3649	889.735	896	0.0131639
3650	889.979	850	0.0124881
3651	890.223	854	0.0125468
3652	890.467	912	0.013399
3653	890.711	932	0.0136928
3654	890.955	938	0.013781
3655	891.198	902	0.0132521
3656	891.442	919	0.0135018
3657	891.686	902	0.0132521
3658	891.930	900	0.0132227
3659	892.174	833	0.0122383
3660	892.418	942	0.0138397
3661	892.662	907	0.0133255
3662	892.905	938	0.013781
3663	893.149	959	0.0140895
3664	893.393	952	0.0139866
3665	893.637	954	0.014016
3666	893.881	936	0.0137516
3667	894.125	948	0.0139279
3668	894.369	945	0.0138838
3669	894.613	965	0.0141776
3670	894.856	889	0.0130611
3671	895.100	921	0.0135312
3672	895.344	994	0.0146037
3673	895.588	965	0.0141776
3674	895.832	1036	0.0152208
3675	896.076	1151	0.0169103
3676	896.320	1328	0.0195108
3677	896.563	1839	0.0270183
3678	896.807	2822	0.0414604
3679	897.051	4841	0.0711233
3680	897.295	8234	0.120973
3681	897.539	13780	0.202454
3682	897.783	22051	0.32397
3683	898.027	32842	0.48251
3684	898.271	44456	0.653141
3685	898.514	55685	0.818116
3686	898.758	63022	0.92591
3687	899.002	65983	0.969413
3688	899.246	62378	0.916449
3689	899.490	54432	0.799707
3690	899.734	42697	0.627298
3691	899.978	30815	0.45273
3692	900.221	20160	0.296188
3693	900.465	12394	0.182091
3694	900.709	6805	0.0999781
3695	900.953	3954	0.0580916
3696	901.197	2221	0.0326306
3697	901.441	1436	0.0210975
3698	901.685	1152	0.016925
3699	901.928	964	0.0141629
3700	902.172	940	0.0138103
3701	902.416	894	0.0131345
3702	902.660	862	0.0126644
3703	902.904	866	0.0127231
3704	903.148	883	0.0129729
3705	903.392	914	0.0134284
3706	903.636	933	0.0137075
3707	903.879	916	0.0134577
3708	904.123	964	0.0141629
3709	904.367	962	0.0141336
3710	904.611	909	0.0133549
3711	904.855	887	0.0130317
3712	905.099	880	0.0129288
3713	905.343	898	0.0131933
3714	905.586	894	0.0131345
3715	905.830	872	0.0128113
3716	906.074	920	0.0135165
3717	906.318	874	0.0128407
3718	906.562	932	0.0136928
3719	906.806	922	0.0135459
3720	907.050	905	0.0132961
3721	907.293	901	0.0132374
3722	907.537	886	0.013017
3723	907.781	964	0.0141629
3724	908.025	900	0.0132227
3725	908.269	894	0.0131345
3726	908.513	903	0.0132667
3727	908.757	884	0.0129876
3728	909.001	859	0.0126203
3729	909.244	873	0.012826
3730	909.488	904	0.0132814
3731	909.732	959	0.0140895
3732	909.976	920	0.0135165
3733	910.220	878	0.0128994
3734	910.464	895	0.0131492
3735	910.708	912	0.013399
3736	910.951	929	0.0136487
3737	911.195	920	0.0135165
3738	911.439	986	0.0144862
3739	911.683	967	0.014207
3740	911.927	1048	0.0153971
3741	912.171	1012	0.0148682
3742	912.415	1087	0.01597
3743	912.659	1206	0.0177184
3744	912.902	1199	0.0176155
3745	913.146	1131	0.0166165
3746	913.390	1070	0.0157203
3747	913.634	1056	0.0155146
3748	913.878	1069	0.0157056
3749	914.122	1012	0.0148682
3750	914.366	1063	0.0156174
3751	914.609	1024	0.0150445
3752	914.853	1031	0.0151473
3753	915.097	986	0.0144862
3754	915.341	937	0.0137663
3755	915.585	935	0.0137369
3756	915.829	971	0.0142658
3757	916.073	929	0.0136487
3758	916.316	917	0.0134724
3759	916.560	910	0.0133696
3760	916.804	929	0.0136487
3761	917.048	965	0.0141776
3762	917.292	928	0.013634
3763	917.536	968	0.0142217
3764	917.780	920	0.0135165
3765	918.024	940	0.0138103
3766	918.267	933	0.0137075
3767	918.511	947	0.0139132
3768	918.755	964	0.0141629
3769	918.999	930	0.0136634
3770	919.243	950	0.0139573
3771	919.487	885	0.0130023
3772	919.731	989	0.0145302
3773	919.974	985	0.0144715
3774	920.218	933	0.0137075
3775	920.462	936	0.0137516
3776	920.706	935	0.0137369
3777	920.950	933	0.0137075
3778	921.194	952	0.0139866
3779	921.438	942	0.0138397
3780	921.682	890	0.0130758
3781	921.925	954	0.014016
3782	922.169	938	0.013781
3783	922.413	948	0.0139279
3784	922.657	962	0.0141336
3785	922.901	931	0.0136781
3786	923.145	967	0.014207
3787	923.389	922	0.0135459
3788	923.632	930	0.0136634
3789	923.876	927	0.0136194
3790	924.120	907	0.0133255
3791	924.364	991	0.0145596
3792	924.608	957	0.0140601
3793	924.852	933	0.0137075
3794	925.096	870	0.0127819
3795	925.339	955	0.0140307
3796	925.583	973	0.0142952
3797	925.827	941	0.013825
3798	926.071	955	0.0140307
3799	926.315	896	0.0131639
3800	926.559	926	0.0136047
3801	926.803	963	0.0141483
3802	927.047	959	0.0140895
3803	927.290	1014	0.0148975
3804	927.534	939	0.0137957
3805	927.778	989	0.0145302
3806	928.022	947	0.0139132
3807	928.266	894	0.0131345
3808	928.510	1014	0.0148975
3809	928.754	962	0.0141336
3810	928.997	938	0.013781
3811	929.241	882	0.0129582
3812	929.485	967	0.014207
3813	929.729	959	0.0140895
3814	929.973	964	0.0141629
3815	930.217	982	0.0144274
3816	930.461	962	0.0141336
3817	930.704	955	0.0140307
3818	930.948	919	0.0135018
3819	931.192	923	0.0135606
3820	931.436	969	0.0142364
3821	931.680	930	0.0136634
3822	931.924	1000	0.0146919
3823	932.168	972	0.0142805
3824	932.412	962	0.0141336
3825	932.655	957	0.0140601
3826	932.899	962	0.0141336
3827	933.143	1030	0.0151326
3828	933.387	988	0.0145156
3829	933.631	912	0.013399
3830	933.875	974	0.0143099
3831	934.119	946	0.0138985
3832	934.362	966	0.0141923
3833	934.606	991	0.0145596
3834	934.850	1007	0.0147947
3835	935.094	966	0.0141923
3836	935.338	967	0.014207
3837	935.582	953	0.0140013
3838	935.826	987	0.0145009
3839	936.070	1013	0.0148829
3840	936.313	938	0.013781
3841	936.557	983	0.0144421
3842	936.801	921	0.0135312
3843	937.045	936	0.0137516
3844	937.289	936	0.0137516
3845	937.533	1038	0.0152501
3846	937.777	956	0.0140454
3847	938.020	996	0.0146331
3848	938.264	975	0.0143246
3849	938.508	1023	0.0150298
3850	938.752	981	0.0144127
3851	938.996	973	0.0142952
3852	939.240	968	0.0142217
3853	939.484	982	0.0144274
3854	939.727	1014	0.0148975
3855	939.971	1049	0.0154118
3856	940.215	944	0.0138691
3857	940.459	997	0.0146478
3858	940.703	986	0.0144862
3859	940.947	1045	0.015353
3860	941.191	976	0.0143393
3861	941.435	945	0.0138838
3862	941.678	981	0.0144127
3863	941.922	1026	0.0150738
3864	942.166	991	0.0145596
3865	942.410	1027	0.0150885
3866	942.654	938	0.013781
3867	942.898	1024	0.0150445
3868	943.142	1017	0.0149416
3869	943.385	1019	0.014971
3870	943.629	1021	0.0150004
3871	943.873	1034	0.0151914
3872	944.117	1000	0.0146919
3873	944.361	944	0.0138691
3874	944.605	970	0.0142511
3875	944.849	1002	0.0147212
3876	945.092	1022	0.0150151
3877	945.336	998	0.0146625
3878	945.580	993	0.014589
3879	945.824	1043	0.0153236
3880	946.068	981	0.0144127
3881	946.312	981	0.0144127
3882	946.556	988	0.0145156
3883	946.800	994	0.0146037
3884	947.043	1000	0.0146919
3885	947.287	971	0.0142658
3886	947.531	1042	0.0153089
3887	947.775	1062	0.0156028
3888	948.019	954	0.014016
3889	948.263	1006	0.01478
3890	948.507	1041	0.0152942
3891	948.750	956	0.0140454
3892	948.994	1012	0.0148682
3893	949.238	1014	0.0148975
3894	949.482	996	0.0146331
3895	949.726	1044	0.0153383
3896	949.970	978	0.0143686
3897	950.214	984	0.0144568
3898	950.458	983	0.0144421
3899	950.701	1012	0.0148682
3900	950.945	1015	0.0149122
3901	951.189	963	0.0141483
3902	951.433	1008	0.0148094
3903	951.677	1054	0.0154852
3904	951.921	1026	0.0150738
3905	952.165	992	0.0145743
3906	952.408	1061	0.0155881
3907	952.652	968	0.0142217
3908	952.896	1012	0.0148682
3909	953.140	1037	0.0152355
3910	953.384	995	0.0146184
3911	953.628	988	0.0145156
3912	953.872	986	0.0144862
3913	954.115	998	0.0146625
3914	954.359	1017	0.0149416
3915	954.603	981	0.0144127
3916	954.847	1014	0.0148975
3917	955.091	1019	0.014971
3918	955.335	1028	0.0151032
3919	955.579	982	0.0144274
3920	955.823	947	0.0139132
3921	956.066	996	0.0146331
3922	956.310	1012	0.0148682
3923	956.554	1029	0.0151179
3924	956.798	975	0.0143246
3925	957.042	1001	0.0147065
3926	957.286	1035	0.0152061
3927	957.530	1037	0.0152355
3928	957.773	944	0.0138691
3929	958.017	1052	0.0154558
3930	958.261	932	0.0136928
3931	958.505	986	0.0144862
3932	958.749	951	0.013972
3933	958.993	1008	0.0148094
3934	959.237	1033	0.0151767
3935	959.481	1024	0.0150445
3936	959.724	976	0.0143393
3937	959.968	1027	0.0150885
3938	960.212	982	0.0144274
3939	960.456	991	0.0145596
3940	960.700	988	0.0145156
3941	960.944	1000	0.0146919
3942	961.188	1026	0.0150738
3943	961.431	949	0.0139426
3944	961.675	954	0.014016
3945	961.919	905	0.0132961
3946	962.163	948	0.0139279
3947	962.407	955	0.0140307
3948	962.651	994	0.0146037
3949	962.895	964	0.0141629
3950	963.138	981	0.0144127
3951	963.382	939	0.0137957
3952	963.626	972	0.0142805
3953	963.870	949	0.0139426
3954	964.114	881	0.0129435
3955	964.358	863	0.0126791
3956	964.602	887	0.0130317
3957	964.846	942	0.0138397
3958	965.089	829	0.0121795
3959	965.333	864	0.0126938
3960	965.577	885	0.0130023
3961	965.821	874	0.0128407
3962	966.065	938	0.013781
3963	966.309	858	0.0126056
3964	966.553	863	0.0126791
3965	966.796	874	0.0128407
3966	967.040	863	0.0126791
3967	967.284	823	0.0120914
3968	967.528	851	0.0125028
3969	967.772	801	0.0117682
3970	968.016	820	0.0120473
3971	968.260	802	0.0117829
3972	968.503	776	0.0114009
3973	968.747	858	0.0126056
3974	968.991	789	0.0115919
3975	969.235	888	0.0130464
3976	969.479	837	0.0122971
3977	969.723	796	0.0116947
3978	969.967	820	0.0120473
3979	970.211	824	0.0121061
3980	970.454	848	0.0124587
3981	970.698	821	0.012062
3982	970.942	776	0.0114009
3983	971.186	859	0.0126203
3984	971.430	837	0.0122971
3985	971.674	848	0.0124587
3986	971.918	793	0.0116506
3987	972.161	804	0.0118123
3988	972.405	810	0.0119004
3989	972.649	796	0.0116947
3990	972.893	815	0.0119739
3991	973.137	812	0.0119298
3992	973.381	776	0.0114009
3993	973.625	793	0.0116506
3994	973.869	789	0.0115919
3995	974.112	820	0.0120473
3996	974.356	794	0.0116653
3997	974.600	819	0.0120326
3998	974.844	827	0.0121502
3999	975.088	809	0.0118857
4000	975.332	776	0.0114009
4001	975.576	801	0.0117682
4002	975.819	777	0.0114156
4003	976.063	790	0.0116066
4004	976.307	820	0.0120473
4005	976.551	768	0.0112833
4006	976.795	813	0.0119445
4007	977.039	804	0.0118123
4008	977.283	761	0.0111805
4009	977.526	765	0.0112393
4010	977.770	813	0.0119445
4011	978.014	768	0.0112833
4012	978.258	780	0.0114596
4013	978.502	799	0.0117388
4014	978.746	814	0.0119592
4015	978.990	810	0.0119004
4016	979.234	765	0.0112393
4017	979.477	732	0.0107544
4018	979.721	739	0.0108573
4019	979.965	817	0.0120032
4020	980.209	735	0.0107985
4021	980.453	786	0.0115478
4022	980.697	815	0.0119739
4023	980.941	764	0.0112246
4024	981.184	758	0.0111364
4025	981.428	798	0.0117241
4026	981.672	788	0.0115772
4027	981.916	788	0.0115772
4028	982.160	789	0.0115919
4029	982.404	763	0.0112099
4030	982.648	722	0.0106075
4031	982.891	752	0.0110483
4032	983.135	760	0.0111658
4033	983.379	806	0.0118416
4034	983.623	773	0.0113568
4035	983.867	834	0.012253
4036	984.111	775	0.0113862
4037	984.355	745	0.0109454
4038	984.599	760	0.0111658
4039	984.842	794	0.0116653
4040	985.086	819	0.0120326
4041	985.330	796	0.0116947
4042	985.574	794	0.0116653
4043	985.818	726	0.0106663
4044	986.062	761	0.0111805
4045	986.306	691	0.0101521
4046	986.549	755	0.0110924
4047	986.793	754	0.0110777
4048	987.037	753	0.011063
4049	987.281	792	0.0116359
4050	987.525	769	0.011298
4051	987.769	818	0.0120179
4052	988.013	796	0.0116947
4053	988.257	750	0.0110189
4054	988.500	777	0.0114156
4055	988.744	757	0.0111217
4056	988.988	796	0.0116947
4057	989.232	769	0.011298
4058	989.476	736	0.0108132
4059	989.720	708	0.0104018
4060	989.964	766	0.011254
4061	990.207	675	0.009917
4062	990.451	795	0.01168
4063	990.695	737	0.0108279
4064	990.939	791	0.0116213
4065	991.183	757	0.0111217
4066	991.427	764	0.0112246
4067	991.671	770	0.0113127
4068	991.914	785	0.0115331
4069	992.158	753	0.011063
4070	992.402	795	0.01168
4071	992.646	783	0.0115037
4072	992.890	763	0.0112099
4073	993.134	780	0.0114596
4074	993.378	775	0.0113862
4075	993.622	744	0.0109307
4076	993.865	811	0.0119151
4077	994.109	754	0.0110777
4078	994.353	746	0.0109601
4079	994.597	718	0.0105488
4080	994.841	774	0.0113715
4081	995.085	735	0.0107985
4082	995.329	781	0.0114743
4083	995.572	729	0.0107104
4084	995.816	763	0.0112099
4085	996.060	765	0.0112393
4086	996.304	796	0.0116947
4087	996.548	734	0.0107838
4088	996.792	735	0.0107985
4089	997.036	781	0.0114743
4090	997.279	786	0.0115478
4091	997.523	789	0.0115919
4092	997.767	761	0.0111805
4093	998.011	765	0.0112393
4094	998.255	767	0.0112687
4095	998.499	755	0.0110924
4096	998.743	736	0.0108132
4097	998.987	784	0.0115184
4098	999.230	721	0.0105928
4099	999.474	764	0.0112246
4100	999.718	764	0.0112246
4101	999.962	781	0.0114743
4102	1000.206	749	0.0110042
4103	1000.450	774	0.0113715
4104	1000.694	752	0.0110483
4105	1000.937	776	0.0114009
4106	1001.181	720	0.0105781
4107	1001.425	760	0.0111658
4108	1001.669	730	0.0107251
4109	1001.913	783	0.0115037
4110	1002.157	726	0.0106663
4111	1002.401	805	0.0118269
4112	1002.645	766	0.011254
4113	1002.888	740	0.010872
4114	1003.132	799	0.0117388
4115	1003.376	749	0.0110042
4116	1003.620	689	0.0101227
4117	1003.864	774	0.0113715
4118	1004.108	812	0.0119298
4119	1004.352	749	0.0110042
4120	1004.595	725	0.0106516
4121	1004.839	738	0.0108426
4122	1005.083	756	0.011107
4123	1005.327	817	0.0120032
4124	1005.571	784	0.0115184
4125	1005.815	727	0.010681
4126	1006.059	764	0.0112246
4127	1006.302	805	0.0118269
4128	1006.546	764	0.0112246
4129	1006.790	782	0.011489
4130	1007.034	774	0.0113715
4131	1007.278	753	0.011063
4132	1007.522	751	0.0110336
4133	1007.766	790	0.0116066
4134	1008.010	765	0.0112393
4135	1008.253	734	0.0107838
4136	1008.497	743	0.010916
4137	1008.741	727	0.010681
4138	1008.985	796	0.0116947
4139	1009.229	741	0.0108867
4140	1009.473	716	0.0105194
4141	1009.717	748	0.0109895
4142	1009.960	797	0.0117094
4143	1010.204	765	0.0112393
4144	1010.448	743	0.010916
4145	1010.692	731	0.0107397
4146	1010.936	708	0.0104018
4147	1011.180	732	0.0107544
4148	1011.424	759	0.0111511
4149	1011.668	760	0.0111658
4150	1011.911	726	0.0106663
4151	1012.155	751	0.0110336
4152	1012.399	773	0.0113568
4153	1012.643	768	0.0112833
4154	1012.887	708	0.0104018
4155	1013.131	790	0.0116066
4156	1013.375	791	0.0116213
4157	1013.618	717	0.0105341
4158	1013.862	760	0.0111658
4159	1014.106	704	0.0103431
4160	1014.350	682	0.0100198
4161	1014.594	739	0.0108573
4162	1014.838	754	0.0110777
4163	1015.082	727	0.010681
4164	1015.325	775	0.0113862
4165	1015.569	794	0.0116653
4166	1015.813	714	0.01049
4167	1016.057	758	0.0111364
4168	1016.301	791	0.0116213
4169	1016.545	787	0.0115625
4170	1016.789	699	0.0102696
4171	1017.033	756	0.011107
4172	1017.276	769	0.011298
4173	1017.520	707	0.0103871
4174	1017.764	739	0.0108573
4175	1018.008	702	0.0103137
4176	1018.252	753	0.011063
4177	1018.496	712	0.0104606
4178	1018.740	722	0.0106075
4179	1018.983	694	0.0101961
4180	1019.227	740	0.010872
4181	1019.471	760	0.0111658
4182	1019.715	751	0.0110336
4183	1019.959	700	0.0102843
4184	1020.203	739	0.0108573
4185	1020.447	722	0.0106075
4186	1020.690	740	0.010872
4187	1020.934	751	0.0110336
4188	1021.178	712	0.0104606
4189	1021.422	723	0.0106222
4190	1021.666	731	0.0107397
4191	1021.910	716	0.0105194
4192	1022.154	802	0.0117829
4193	1022.398	777	0.0114156
4194	1022.641	756	0.011107
4195	1022.885	755	0.0110924
4196	1023.129	746	0.0109601
4197	1023.373	642	0.00943217
4198	1023.617	777	0.0114156
4199	1023.861	748	0.0109895
4200	1024.105	707	0.0103871
4201	1024.348	746	0.0109601
4202	1024.592	731	0.0107397
4203	1024.836	716	0.0105194
4204	1025.080	805	0.0118269
4205	1025.324	786	0.0115478
4206	1025.568	736	0.0108132
4207	1025.812	746	0.0109601
4208	1026.056	759	0.0111511
4209	1026.299	747	0.0109748
4210	1026.543	713	0.0104753
4211	1026.787	756	0.011107
4212	1027.031	725	0.0106516
4213	1027.275	788	0.0115772
4214	1027.519	773	0.0113568
4215	1027.763	711	0.0104459
4216	1028.006	743	0.010916
4217	1028.250	695	0.0102108
4218	1028.494	772	0.0113421
4219	1028.738	760	0.0111658
4220	1028.982	734	0.0107838
4221	1029.226	718	0.0105488
4222	1029.470	741	0.0108867
4223	1029.713	714	0.01049
4224	1029.957	711	0.0104459
4225	1030.201	717	0.0105341
4226	1030.445	743	0.010916
4227	1030.689	744	0.0109307
4228	1030.933	745	0.0109454
4229	1031.177	744	0.0109307
4230	1031.421	739	0.0108573
4231	1031.664	747	0.0109748
4232	1031.908	683	0.0100345
4233	1032.152	709	0.0104165
4234	1032.396	693	0.0101815
4235	1032.640	745	0.0109454
4236	1032.884	726	0.0106663
4237	1033.128	747	0.0109748
4238	1033.371	709	0.0104165
4239	1033.615	762	0.0111952
4240	1033.859	706	0.0103725
4241	1034.103	735	0.0107985
4242	1034.347	697	0.0102402
4243	1034.591	749	0.0110042
4244	1034.835	767	0.0112687
4245	1035.078	754	0.0110777
4246	1035.322	705	0.0103578
4247	1035.566	796	0.0116947
4248	1035.810	741	0.0108867
4249	1036.054	738	0.0108426
4250	1036.298	767	0.0112687
4251	1036.542	708	0.0104018
4252	1036.786	744	0.0109307
4253	1037.029	774	0.0113715
4254	1037.273	773	0.0113568
4255	1037.517	725	0.0106516
4256	1037.761	731	0.0107397
4257	1038.005	783	0.0115037
4258	1038.249	727	0.010681
4259	1038.493	739	0.0108573
4260	1038.736	743	0.010916
4261	1038.980	704	0.0103431
4262	1039.224	717	0.0105341
4263	1039.468	735	0.0107985
4264	1039.712	729	0.0107104
4265	1039.956	743	0.010916
4266	1040.200	671	0.00985824
4267	1040.444	714	0.01049
4268	1040.687	662	0.00972601
4269	1040.931	752	0.0110483
4270	1041.175	718	0.0105488
4271	1041.419	730	0.0107251
4272	1041.663	736	0.0108132
4273	1041.907	716	0.0105194
4274	1042.151	729	0.0107104
4275	1042.394	716	0.0105194
4276	1042.638	711	0.0104459
4277	1042.882	743	0.010916
4278	1043.126	735	0.0107985
4279	1043.370	718	0.0105488
4280	1043.614	752	0.0110483
4281	1043.858	686	0.0100786
4282	1044.101	712	0.0104606
4283	1044.345	693	0.0101815
4284	1044.589	720	0.0105781
4285	1044.833	676	0.00993169
4286	1045.077	722	0.0106075
4287	1045.321	729	0.0107104
4288	1045.565	683	0.0100345
4289	1045.809	690	0.0101374
4290	1046.052	630	0.00925587
4291	1046.296	753	0.011063
4292	1046.540	709	0.0104165
4293	1046.784	741	0.0108867
4294	1047.028	703	0.0103284
4295	1047.272	714	0.01049
4296	1047.516	775	0.0113862
4297	1047.759	722	0.0106075
4298	1048.003	711	0.0104459
4299	1048.247	748	0.0109895
4300	1048.491	728	0.0106957
4301	1048.735	712	0.0104606
4302	1048.979	763	0.0112099
4303	1049.223	708	0.0104018
4304	1049.466	684	0.0100492
4305	1049.710	675	0.009917
4306	1049.954	729	0.0107104
4307	1050.198	701	0.010299
4308	1050.442	723	0.0106222
4309	1050.686	739	0.0108573
4310	1050.930	671	0.00985824
4311	1051.174	675	0.009917
4312	1051.417	696	0.0102255
4313	1051.661	676	0.00993169
4314	1051.905	745	0.0109454
4315	1052.149	691	0.0101521
4316	1052.393	715	0.0105047
4317	1052.637	700	0.0102843
4318	1052.881	685	0.0100639
4319	1053.124	686	0.0100786
4320	1053.368	708	0.0104018
4321	1053.612	690	0.0101374
4322	1053.856	737	0.0108279
4323	1054.100	716	0.0105194
4324	1054.344	744	0.0109307
4325	1054.588	704	0.0103431
4326	1054.832	682	0.0100198
4327	1055.075	695	0.0102108
4328	1055.319	721	0.0105928
4329	1055.563	704	0.0103431
4330	1055.807	750	0.0110189
4331	1056.051	755	0.0110924
4332	1056.295	670	0.00984354
4333	1056.539	705	0.0103578
4334	1056.782	709	0.0104165
4335	1057.026	713	0.0104753
4336	1057.270	705	0.0103578
4337	1057.514	690	0.0101374
4338	1057.758	758	0.0111364
4339	1058.002	738	0.0108426
4340	1058.246	759	0.0111511
4341	1058.489	696	0.0102255
4342	1058.733	730	0.0107251
4343	1058.977	683	0.0100345
4344	1059.221	662	0.00972601
4345	1059.465	705	0.0103578
4346	1059.709	720	0.0105781
4347	1059.953	659	0.00968193
4348	1060.197	698	0.0102549
4349	1060.440	726	0.0106663
4350	1060.684	677	0.00994639
4351	1060.928	691	0.0101521
4352	1061.172	673	0.00988762
4353	1061.416	763	0.0112099
4354	1061.660	739	0.0108573
4355	1061.904	705	0.0103578
4356	1062.147	714	0.01049
4357	1062.391	724	0.0106369
4358	1062.635	725	0.0106516
4359	1062.879	699	0.0102696
4360	1063.123	679	0.00997577
4361	1063.367	685	0.0100639
4362	1063.611	680	0.00999046
4363	1063.855	736	0.0108132
4364	1064.098	740	0.010872
4365	1064.342	691	0.0101521
4366	1064.586	703	0.0103284
4367	1064.830	718	0.0105488
4368	1065.074	752	0.0110483
4369	1065.318	739	0.0108573
4370	1065.562	690	0.0101374
4371	1065.805	747	0.0109748
4372	1066.049	702	0.0103137
4373	1066.293	717	0.0105341
4374	1066.537	706	0.0103725
4375	1066.781	711	0.0104459
4376	1067.025	689	0.0101227
4377	1067.269	733	0.0107691
4378	1067.512	667	0.00979947
4379	1067.756	667	0.00979947
4380	1068.000	678	0.00996108
4381	1068.244	709	0.0104165
4382	1068.488	760	0.0111658
4383	1068.732	727	0.010681
4384	1068.976	733	0.0107691
4385	1069.220	667	0.00979947
4386	1069.463	688	0.010108
4387	1069.707	699	0.0102696
4388	1069.951	716	0.0105194
4389	1070.195	711	0.0104459
4390	1070.439	683	0.0100345
4391	1070.683	676	0.00993169
4392	1070.927	713	0.0104753
4393	1071.170	726	0.0106663
4394	1071.414	745	0.0109454
4395	1071.658	756	0.011107
4396	1071.902	691	0.0101521
4397	1072.146	661	0.00971132
4398	1072.390	698	0.0102549
4399	1072.634	710	0.0104312
4400	1072.877	650	0.00954971
4401	1073.121	714	0.01049
4402	1073.365	733	0.0107691
4403	1073.609	680	0.00999046
4404	1073.853	726	0.0106663
4405	1074.097	738	0.0108426
4406	1074.341	691	0.0101521
4407	1074.585	710	0.0104312
4408	1074.828	731	0.0107397
4409	1075.072	748	0.0109895
4410	1075.316	700	0.0102843
4411	1075.560	705	0.0103578
4412	1075.804	713	0.0104753
4413	1076.048	762	0.0111952
4414	1076.292	722	0.0106075
4415	1076.535	683	0.0100345
4416	1076.779	726	0.0106663
4417	1077.023	734	0.0107838
4418	1077.267	713	0.0104753
4419	1077.511	700	0.0102843
4420	1077.755	672	0.00987293
4421	1077.999	668	0.00981416
4422	1078.243	736	0.0108132
4423	1078.486	778	0.0114303
4424	1078.730	731	0.0107397
4425	1078.974	703	0.0103284
4426	1079.218	736	0.0108132
4427	1079.462	705	0.0103578
4428	1079.706	746	0.0109601
4429	1079.950	736	0.0108132
4430	1080.193	687	0.0100933
4431	1080.437	679	0.00997577
4432	1080.681	704	0.0103431
4433	1080.925	732	0.0107544
4434	1081.169	719	0.0105634
4435	1081.413	662	0.00972601
4436	1081.657	689	0.0101227
4437	1081.900	742	0.0109014
4438	1082.144	716	0.0105194
4439	1082.388	672	0.00987293
4440	1082.632	703	0.0103284
4441	1082.876	719	0.0105634
4442	1083.120	717	0.0105341
4443	1083.364	738	0.0108426
4444	1083.608	693	0.0101815
4445	1083.851	718	0.0105488
4446	1084.095	755	0.0110924
4447	1084.339	727	0.010681
4448	1084.583	730	0.0107251
4449	1084.827	698	0.0102549
4450	1085.071	712	0.0104606
4451	1085.315	696	0.0102255
4452	1085.558	721	0.0105928
4453	1085.802	708	0.0104018
4454	1086.046	736	0.0108132
4455	1086.290	675	0.009917
4456	1086.534	720	0.0105781
4457	1086.778	731	0.0107397
4458	1087.022	696	0.0102255
4459	1087.265	715	0.0105047
4460	1087.509	709	0.0104165
4461	1087.753	756	0.011107
4462	1087.997	721	0.0105928
4463	1088.241	695	0.0102108
4464	1088.485	712	0.0104606
4465	1088.729	733	0.0107691
4466	1088.973	765	0.0112393
4467	1089.216	733	0.0107691
4468	1089.460	692	0.0101668
4469	1089.704	713	0.0104753
4470	1089.948	753	0.011063
4471	1090.192	767	0.0112687
4472	1090.436	764	0.0112246
4473	1090.680	697	0.0102402
4474	1090.923	700	0.0102843
4475	1091.167	733	0.0107691
4476	1091.411	738	0.0108426
4477	1091.655	714	0.01049
4478	1091.899	713	0.0104753
4479	1092.143	748	0.0109895
4480	1092.387	750	0.0110189
4481	1092.631	685	0.0100639
4482	1092.874	709	0.0104165
4483	1093.118	726	0.0106663
4484	1093.362	755	0.0110924
4485	1093.606	732	0.0107544
4486	1093.850	723	0.0106222
4487	1094.094	742	0.0109014
4488	1094.338	730	0.0107251
4489	1094.581	725	0.0106516
4490	1094.825	703	0.0103284
4491	1095.069	770	0.0113127
4492	1095.313	727	0.010681
4493	1095.557	772	0.0113421
4494	1095.801	796	0.0116947
4495	1096.045	773	0.0113568
4496	1096.288	699	0.0102696
4497	1096.532	733	0.0107691
4498	1096.776	754	0.0110777
4499	1097.020	753	0.011063
4500	1097.264	751	0.0110336
4501	1097.508	690	0.0101374
4502	1097.752	740	0.010872
4503	1097.996	748	0.0109895
4504	1098.239	767	0.0112687
4505	1098.483	687	0.0100933
4506	1098.727	711	0.0104459
4507	1098.971	679	0.00997577
4508	1099.215	733	0.0107691
4509	1099.459	731	0.0107397
4510	1099.703	728	0.0106957
4511	1099.946	753	0.011063
4512	1100.190	770	0.0113127
4513	1100.434	766	0.011254
4514	1100.678	725	0.0106516
4515	1100.922	686	0.0100786
4516	1101.166	784	0.0115184
4517	1101.410	718	0.0105488
4518	1101.653	726	0.0106663
4519	1101.897	711	0.0104459
4520	1102.141	731	0.0107397
4521	1102.385	698	0.0102549
4522	1102.629	711	0.0104459
4523	1102.873	727	0.010681
4524	1103.117	771	0.0113274
4525	1103.361	743	0.010916
4526	1103.604	766	0.011254
4527	1103.848	764	0.0112246
4528	1104.092	732	0.0107544
4529	1104.336	739	0.0108573
4530	1104.580	745	0.0109454
4531	1104.824	750	0.0110189
4532	1105.068	759	0.0111511
4533	1105.311	769	0.011298
4534	1105.555	748	0.0109895
4535	1105.799	772	0.0113421
4536	1106.043	755	0.0110924
4537	1106.287	779	0.011445
4538	1106.531	744	0.0109307
4539	1106.775	777	0.0114156
4540	1107.019	709	0.0104165
4541	1107.262	722	0.0106075
4542	1107.506	761	0.0111805
4543	1107.750	713	0.0104753
4544	1107.994	755	0.0110924
4545	1108.238	758	0.0111364
4546	1108.482	740	0.010872
4547	1108.726	757	0.0111217
4548	1108.969	722	0.0106075
4549	1109.213	727	0.010681
4550	1109.457	757	0.0111217
4551	1109.701	721	0.0105928
4552	1109.945	780	0.0114596
4553	1110.189	752	0.0110483
4554	1110.433	771	0.0113274
4555	1110.676	720	0.0105781
4556	1110.920	726	0.0106663
4557	1111.164	733	0.0107691
4558	1111.408	721	0.0105928
4559	1111.652	735	0.0107985
4560	1111.896	760	0.0111658
4561	1112.140	741	0.0108867
4562	1112.384	732	0.0107544
4563	1112.627	710	0.0104312
4564	1112.871	771	0.0113274
4565	1113.115	722	0.0106075
4566	1113.359	740	0.010872
4567	1113.603	746	0.0109601
4568	1113.847	692	0.0101668
4569	1114.091	796	0.0116947
4570	1114.334	673	0.00988762
4571	1114.578	732	0.0107544
4572	1114.822	645	0.00947625
4573	1115.066	740	0.010872
4574	1115.310	703	0.0103284
4575	1115.554	673	0.00988762
4576	1115.798	702	0.0103137
4577	1116.042	655	0.00962317
4578	1116.285	663	0.0097407
4579	1116.529	688	0.010108
4580	1116.773	719	0.0105634
4581	1117.017	719	0.0105634
4582	1117.261	681	0.0100052
4583	1117.505	689	0.0101227
4584	1117.749	642	0.00943217
4585	1117.992	666	0.00978478
4586	1118.236	671	0.00985824
4587	1118.480	633	0.00929994
4588	1118.724	688	0.010108
4589	1118.968	674	0.00990231
4590	1119.212	655	0.00962317
4591	1119.456	654	0.00960847
4592	1119.699	645	0.00947625
4593	1119.943	602	0.0088445
4594	1120.187	633	0.00929994
4595	1120.431	637	0.00935871
4596	1120.675	632	0.00928525
4597	1120.919	618	0.00907957
4598	1121.163	641	0.00941748
4599	1121.407	667	0.00979947
4600	1121.650	584	0.00858004
4601	1121.894	633	0.00929994
4602	1122.138	594	0.00872696
4603	1122.382	593	0.00871227
4604	1122.626	591	0.00868289
4605	1122.870	630	0.00925587
4606	1123.114	583	0.00856535
4607	1123.357	598	0.00878573
4608	1123.601	588	0.00863881
4609	1123.845	594	0.00872696
4610	1124.089	530	0.00778668
4611	1124.333	589	0.0086535
4612	1124.577	568	0.00834497
4613	1124.821	535	0.00786014
4614	1125.064	543	0.00797768
4615	1125.308	573	0.00841843
4616	1125.552	572	0.00840374
4617	1125.796	547	0.00803645
4618	1126.040	527	0.00774261
4619	1126.284	576	0.00846251
4620	1126.528	556	0.00816867
4621	1126.772	546	0.00802175
4622	1127.015	546	0.00802175
4623	1127.259	505	0.00741939
4624	1127.503	550	0.00808052
4625	1127.747	547	0.00803645
4626	1127.991	564	0.00828621
4627	1128.235	556	0.00816867
4628	1128.479	568	0.00834497
4629	1128.722	556	0.00816867
4630	1128.966	554	0.00813929
4631	1129.210	566	0.00831559
4632	1129.454	578	0.00849189
4633	1129.698	550	0.00808052
4634	1129.942	550	0.00808052
4635	1130.186	571	0.00838905
4636	1130.430	602	0.0088445
4637	1130.673	545	0.00800706
4638	1130.917	503	0.00739
4639	1131.161	527	0.00774261
4640	1131.405	510	0.00749285
4641	1131.649	560	0.00822744
4642	1131.893	521	0.00765446
4643	1132.137	536	0.00787483
4644	1132.380	550	0.00808052
4645	1132.624	535	0.00786014
4646	1132.868	583	0.00856535
4647	1133.112	529	0.00777199
4648	1133.356	502	0.00737531
4649	1133.600	533	0.00783076
4650	1133.844	482	0.00708147
4651	1134.087	520	0.00763977
4652	1134.331	567	0.00833028
4653	1134.575	506	0.00743408
4654	1134.819	585	0.00859474
4655	1135.063	544	0.00799237
4656	1135.307	505	0.00741939
4657	1135.551	518	0.00761038
4658	1135.795	505	0.00741939
4659	1136.038	538	0.00790422
4660	1136.282	471	0.00691986
4661	1136.526	491	0.0072137
4662	1136.770	521	0.00765446
4663	1137.014	555	0.00815398
4664	1137.258	539	0.00791891
4665	1137.502	497	0.00730185
4666	1137.745	506	0.00743408
4667	1137.989	537	0.00788953
4668	1138.233	505	0.00741939
4669	1138.477	510	0.00749285
4670	1138.721	534	0.00784545
4671	1138.965	512	0.00752223
4672	1139.209	502	0.00737531
4673	1139.452	491	0.0072137
4674	1139.696	542	0.00796299
4675	1139.940	476	0.00699332
4676	1140.184	519	0.00762507
4677	1140.428	519	0.00762507
4678	1140.672	532	0.00781607
4679	1140.916	543	0.00797768
4680	1141.160	502	0.00737531
4681	1141.403	516	0.007581
4682	1141.647	521	0.00765446
4683	1141.891	502	0.00737531
4684	1142.135	518	0.00761038
4685	1142.379	554	0.00813929
4686	1142.623	493	0.00724308
4687	1142.867	485	0.00712555
4688	1143.110	552	0.0081099
4689	1143.354	507	0.00744877
4690	1143.598	516	0.007581
4691	1143.842	542	0.00796299
4692	1144.086	549	0.00806583
4693	1144.330	523	0.00768384
4694	1144.574	524	0.00769853
4695	1144.818	491	0.0072137
4696	1145.061	492	0.00722839
4697	1145.305	480	0.00705209
4698	1145.549	521	0.00765446
4699	1145.793	516	0.007581
4700	1146.037	461	0.00677295
4701	1146.281	535	0.00786014
4702	1146.525	459	0.00674356
4703	1146.768	502	0.00737531
4704	1147.012	501	0.00736062
4705	1147.256	481	0.00706678
4706	1147.500	540	0.0079336
4707	1147.744	469	0.00689048
4708	1147.988	509	0.00747815
4709	1148.232	522	0.00766915
4710	1148.475	499	0.00733124
4711	1148.719	499	0.00733124
4712	1148.963	510	0.00749285
4713	1149.207	490	0.00719901
4714	1149.451	537	0.00788953
4715	1149.695	507	0.00744877
4716	1149.939	531	0.00780138
4717	1150.183	501	0.00736062
4718	1150.426	505	0.00741939
4719	1150.670	518	0.00761038
4720	1150.914	467	0.0068611
4721	1151.158	487	0.00715493
4722	1151.402	523	0.00768384
4723	1151.646	483	0.00709617
4724	1151.890	527	0.00774261
4725	1152.133	466	0.0068464
4726	1152.377	466	0.0068464
4727	1152.621	508	0.00746346
4728	1152.865	520	0.00763977
4729	1153.109	511	0.00750754
4730	1153.353	500	0.00734593
4731	1153.597	520	0.00763977
4732	1153.841	454	0.0066701
4733	1154.084	483	0.00709617
4734	1154.328	472	0.00693456
4735	1154.572	489	0.00718432
4736	1154.816	547	0.00803645
4737	1155.060	460	0.00675825
4738	1155.304	506	0.00743408
4739	1155.548	492	0.00722839
4740	1155.791	496	0.00728716
4741	1156.035	486	0.00714024
4742	1156.279	487	0.00715493
4743	1156.523	541	0.00794829
4744	1156.767	475	0.00697863
4745	1157.011	472	0.00693456
4746	1157.255	492	0.00722839
4747	1157.498	480	0.00705209
4748	1157.742	481	0.00706678
4749	1157.986	460	0.00675825
4750	1158.230	470	0.00690517
4751	1158.474	498	0.00731654
4752	1158.718	512	0.00752223
4753	1158.962	485	0.00712555
4754	1159.206	520	0.00763977
4755	1159.449	474	0.00696394
4756	1159.693	506	0.00743408
4757	1159.937	479	0.0070374
4758	1160.181	525	0.00771322
4759	1160.425	491	0.0072137
4760	1160.669	496	0.00728716
4761	1160.913	458	0.00672887
4762	1161.156	467	0.0068611
4763	1161.400	468	0.00687579
4764	1161.644	492	0.00722839
4765	1161.888	446	0.00655257
4766	1162.132	494	0.00725778
4767	1162.376	464	0.00681702
4768	1162.620	488	0.00716963
4769	1162.863	491	0.0072137
4770	1163.107	500	0.00734593
4771	1163.351	489	0.00718432
4772	1163.595	498	0.00731654
4773	1163.839	494	0.00725778
4774	1164.083	487	0.00715493
4775	1164.327	492	0.00722839
4776	1164.571	430	0.0063175
4777	1164.814	467	0.0068611
4778	1165.058	467	0.0068611
4779	1165.302	514	0.00755161
4780	1165.546	485	0.00712555
4781	1165.790	470	0.00690517
4782	1166.034	465	0.00683171
4783	1166.278	492	0.00722839
4784	1166.521	467	0.0068611
4785	1166.765	506	0.00743408
4786	1167.009	450	0.00661134
4787	1167.253	487	0.00715493
4788	1167.497	496	0.00728716
4789	1167.741	501	0.00736062
4790	1167.985	465	0.00683171
4791	1168.229	497	0.00730185
4792	1168.472	490	0.00719901
4793	1168.716	483	0.00709617
4794	1168.960	515	0.00756631
4795	1169.204	466	0.0068464
4796	1169.448	476	0.00699332
4797	1169.692	498	0.00731654
4798	1169.936	479	0.0070374
4799	1170.179	479	0.0070374
4800	1170.423	532	0.00781607
4801	1170.667	504	0.0074047
4802	1170.911	506	0.00743408
4803	1171.155	553	0.0081246
4804	1171.399	653	0.00959378
4805	1171.643	824	0.0121061
4806	1171.886	1150	0.0168956
4807	1172.130	1822	0.0267686
4808	1172.374	2891	0.0424742
4809	1172.618	4539	0.0666863
4810	1172.862	7268	0.10678
4811	1173.106	10767	0.158187
4812	1173.350	14955	0.219717
4813	1173.594	19017	0.279395
4814	1173.837	23357	0.343158
4815	1174.081	26046	0.382664
4816	1174.325	27125	0.398517
4817	1174.569	25922	0.380842
4818	1174.813	22419	0.329377
4819	1175.057	18306	0.268949
4820	1175.301	13868	0.203747
4821	1175.544	9455	0.138911
4822	1175.788	6114	0.089826
4823	1176.032	3839	0.056402
4824	1176.276	2202	0.0323515
4825	1176.520	1295	0.019026
4826	1176.764	838	0.0123118
4827	1177.008	652	0.00957909
4828	1177.251	515	0.00756631
4829	1177.495	438	0.00643503
4830	1177.739	437	0.00642034
4831	1177.983	473	0.00694925
4832	1178.227	435	0.00639096
4833	1178.471	434	0.00637627
4834	1178.715	438	0.00643503
4835	1178.959	425	0.00624404
4836	1179.202	435	0.00639096
4837	1179.446	431	0.00633219
4838	1179.690	407	0.00597959
4839	1179.934	442	0.0064938
4840	1180.178	417	0.0061265
4841	1180.422	422	0.00619996
4842	1180.666	451	0.00662603
4843	1180.909	458	0.00672887
4844	1181.153	408	0.00599428
4845	1181.397	434	0.00637627
4846	1181.641	412	0.00605304
4847	1181.885	444	0.00652318
4848	1182.129	408	0.00599428
4849	1182.373	434	0.00637627
4850	1182.617	452	0.00664072
4851	1182.860	425	0.00624404
4852	1183.104	416	0.00611181
4853	1183.348	443	0.00650849
4854	1183.592	454	0.0066701
4855	1183.836	427	0.00627342
4856	1184.080	433	0.00636157
4857	1184.324	447	0.00656726
4858	1184.567	414	0.00608243
4859	1184.811	419	0.00615589
4860	1185.055	438	0.00643503
4861	1185.299	439	0.00644972
4862	1185.543	425	0.00624404
4863	1185.787	435	0.00639096
4864	1186.031	404	0.00593551
4865	1186.274	463	0.00680233
4866	1186.518	433	0.00636157
4867	1186.762	415	0.00609712
4868	1187.006	455	0.00668479
4869	1187.250	421	0.00618527
4870	1187.494	404	0.00593551
4871	1187.738	404	0.00593551
4872	1187.982	390	0.00572982
4873	1188.225	397	0.00583267
4874	1188.469	434	0.00637627
4875	1188.713	404	0.00593551
4876	1188.957	426	0.00625873
4877	1189.201	391	0.00574452
4878	1189.445	434	0.00637627
4879	1189.689	400	0.00587674
4880	1189.932	420	0.00617058
4881	1190.176	433	0.00636157
4882	1190.420	395	0.00580328
4883	1190.664	405	0.0059502
4884	1190.908	367	0.00539191
4885	1191.152	414	0.00608243
4886	1191.396	382	0.00561229
4887	1191.639	398	0.00584736
4888	1191.883	396	0.00581797
4889	1192.127	416	0.00611181
4890	1192.371	392	0.00575921
4891	1192.615	430	0.0063175
4892	1192.859	379	0.00556821
4893	1193.103	405	0.0059502
4894	1193.347	404	0.00593551
4895	1193.590	414	0.00608243
4896	1193.834	397	0.00583267
4897	1194.078	419	0.00615589
4898	1194.322	404	0.00593551
4899	1194.566	386	0.00567106
4900	1194.810	393	0.0057739
4901	1195.054	353	0.00518623
4902	1195.297	394	0.00578859
4903	1195.541	384	0.00564167
4904	1195.785	417	0.0061265
4905	1196.029	405	0.0059502
4906	1196.273	392	0.00575921
4907	1196.517	401	0.00589143
4908	1196.761	385	0.00565636
4909	1197.005	441	0.00647911
4910	1197.248	409	0.00600897
4911	1197.492	376	0.00552414
4912	1197.736	364	0.00534784
4913	1197.980	399	0.00586205
4914	1198.224	377	0.00553883
4915	1198.468	377	0.00553883
4916	1198.712	398	0.00584736
4917	1198.955	394	0.00578859
4918	1199.199	409	0.00600897
4919	1199.443	403	0.00592082
4920	1199.687	402	0.00590613
4921	1199.931	398	0.00584736
4922	1200.175	396	0.00581797
4923	1200.419	382	0.00561229
4924	1200.662	407	0.00597959
4925	1200.906	395	0.00580328
4926	1201.150	375	0.00550945
4927	1201.394	426	0.00625873
4928	1201.638	375	0.00550945
4929	1201.882	362	0.00531845
4930	1202.126	402	0.00590613
4931	1202.370	361	0.00530376
4932	1202.613	392	0.00575921
4933	1202.857	364	0.00534784
4934	1203.101	380	0.00558291
4935	1203.345	360	0.00528907
4936	1203.589	369	0.00542129
4937	1203.833	388	0.00570044
4938	1204.077	384	0.00564167
4939	1204.320	336	0.00493646
4940	1204.564	373	0.00548006
4941	1204.808	370	0.00543599
4942	1205.052	326	0.00478955
4943	1205.296	350	0.00514215
4944	1205.540	365	0.00536253
4945	1205.784	376	0.00552414
4946	1206.028	373	0.00548006
4947	1206.271	357	0.00524499
4948	1206.515	374	0.00549475
4949	1206.759	352	0.00517153
4950	1207.003	351	0.00515684
4951	1207.247	367	0.00539191
4952	1207.491	368	0.0054066
4953	1207.735	400	0.00587674
4954	1207.978	372	0.00546537
4955	1208.222	343	0.00503931
4956	1208.466	374	0.00549475
4957	1208.710	353	0.00518623
4958	1208.954	386	0.00567106
4959	1209.198	385	0.00565636
4960	1209.442	344	0.005054
4961	1209.685	356	0.0052303
4962	1209.929	311	0.00456917
4963	1210.173	359	0.00527438
4964	1210.417	391	0.00574452
4965	1210.661	358	0.00525968
4966	1210.905	362	0.00531845
4967	1211.149	363	0.00533314
4968	1211.393	364	0.00534784
4969	1211.636	336	0.00493646
4970	1211.880	354	0.00520092
4971	1212.124	365	0.00536253
4972	1212.368	350	0.00514215
4973	1212.612	364	0.00534784
4974	1212.856	356	0.0052303
4975	1213.100	357	0.00524499
4976	1213.343	371	0.00545068
4977	1213.587	370	0.00543599
4978	1213.831	336	0.00493646
4979	1214.075	375	0.00550945
4980	1214.319	372	0.00546537
4981	1214.563	346	0.00508338
4982	1214.807	326	0.00478955
4983	1215.050	297	0.00436348
4984	1215.294	364	0.00534784
4985	1215.538	322	0.00473078
4986	1215.782	316	0.00464263
4987	1216.026	318	0.00467201
4988	1216.270	317	0.00465732
4989	1216.514	337	0.00495116
4990	1216.758	318	0.00467201
4991	1217.001	292	0.00429002
4992	1217.245	310	0.00455448
4993	1217.489	310	0.00455448
4994	1217.733	324	0.00476016
4995	1217.977	322	0.00473078
4996	1218.221	335	0.00492177
4997	1218.465	337	0.00495116
4998	1218.708	340	0.00499523
4999	1218.952	376	0.00552414
5000	1219.196	338	0.00496585
5001	1219.440	302	0.00443694
5002	1219.684	351	0.00515684
5003	1219.928	346	0.00508338
5004	1220.172	318	0.00467201
5005	1220.416	316	0.00464263
5006	1220.659	342	0.00502461
5007	1220.903	297	0.00436348
5008	1221.147	343	0.00503931
5009	1221.391	357	0.00524499
5010	1221.635	333	0.00489239
5011	1221.879	318	0.00467201
5012	1222.123	347	0.00509807
5013	1222.366	305	0.00448102
5014	1222.610	362	0.00531845
5015	1222.854	372	0.00546537
5016	1223.098	334	0.00490708
5017	1223.342	332	0.0048777
5018	1223.586	319	0.0046867
5019	1223.830	316	0.00464263
5020	1224.073	312	0.00458386
5021	1224.317	338	0.00496585
5022	1224.561	350	0.00514215
5023	1224.805	335	0.00492177
5024	1225.049	339	0.00498054
5025	1225.293	322	0.00473078
5026	1225.537	353	0.00518623
5027	1225.781	307	0.0045104
5028	1226.024	324	0.00476016
5029	1226.268	331	0.004863
5030	1226.512	345	0.00506869
5031	1226.756	341	0.00500992
5032	1227.000	319	0.0046867
5033	1227.244	327	0.00480424
5034	1227.488	311	0.00456917
5035	1227.731	324	0.00476016
5036	1227.975	317	0.00465732
5037	1228.219	334	0.00490708
5038	1228.463	310	0.00455448
5039	1228.707	327	0.00480424
5040	1228.951	323	0.00474547
5041	1229.195	320	0.00470139
5042	1229.438	284	0.00417249
5043	1229.682	325	0.00477485
5044	1229.926	306	0.00449571
5045	1230.170	309	0.00453978
5046	1230.414	327	0.00480424
5047	1230.658	317	0.00465732
5048	1230.902	334	0.00490708
5049	1231.146	300	0.00440756
5050	1231.389	319	0.0046867
5051	1231.633	330	0.00484831
5052	1231.877	321	0.00471609
5053	1232.121	305	0.00448102
5054	1232.365	319	0.0046867
5055	1232.609	351	0.00515684
5056	1232.853	336	0.00493646
5057	1233.096	304	0.00446632
5058	1233.340	332	0.0048777
5059	1233.584	297	0.00436348
5060	1233.828	321	0.00471609
5061	1234.072	327	0.00480424
5062	1234.316	279	0.00409903
5063	1234.560	342	0.00502461
5064	1234.804	319	0.0046867
5065	1235.047	302	0.00443694
5066	1235.291	332	0.0048777
5067	1235.535	343	0.00503931
5068	1235.779	332	0.0048777
5069	1236.023	289	0.00424595
5070	1236.267	319	0.0046867
5071	1236.511	283	0.0041578
5072	1236.754	326	0.00478955
5073	1236.998	327	0.00480424
5074	1237.242	316	0.00464263
5075	1237.486	316	0.00464263
5076	1237.730	340	0.00499523
5077	1237.974	320	0.00470139
5078	1238.218	327	0.00480424
5079	1238.461	295	0.0043341
5080	1238.705	308	0.00452509
5081	1238.949	283	0.0041578
5082	1239.193	326	0.00478955
5083	1239.437	314	0.00461324
5084	1239.681	319	0.0046867
5085	1239.925	303	0.00445163
5086	1240.169	309	0.00453978
5087	1240.412	307	0.0045104
5088	1240.656	316	0.00464263
5089	1240.900	309	0.00453978
5090	1241.144	299	0.00439286
5091	1241.388	295	0.0043341
5092	1241.632	309	0.00453978
5093	1241.876	326	0.00478955
5094	1242.119	320	0.00470139
5095	1242.363	285	0.00418718
5096	1242.607	357	0.00524499
5097	1242.851	324	0.00476016
5098	1243.095	321	0.00471609
5099	1243.339	318	0.00467201
5100	1243.583	340	0.00499523
5101	1243.826	341	0.00500992
5102	1244.070	306	0.00449571
5103	1244.314	315	0.00462793
5104	1244.558	277	0.00406964
5105	1244.802	304	0.00446632
5106	1245.046	266	0.00390803
5107	1245.290	326	0.00478955
5108	1245.534	282	0.0041431
5109	1245.777	307	0.0045104
5110	1246.021	302	0.00443694
5111	1246.265	296	0.00434879
5112	1246.509	293	0.00430471
5113	1246.753	332	0.0048777
5114	1246.997	288	0.00423125
5115	1247.241	299	0.00439286
5116	1247.484	311	0.00456917
5117	1247.728	311	0.00456917
5118	1247.972	303	0.00445163
5119	1248.216	302	0.00443694
5120	1248.460	306	0.00449571
5121	1248.704	350	0.00514215
5122	1248.948	272	0.00399618
5123	1249.192	318	0.00467201
5124	1249.435	340	0.00499523
5125	1249.679	319	0.0046867
5126	1249.923	316	0.00464263
5127	1250.167	321	0.00471609
5128	1250.411	297	0.00436348
5129	1250.655	295	0.0043341
5130	1250.899	309	0.00453978
5131	1251.142	290	0.00426064
5132	1251.386	322	0.00473078
5133	1251.630	317	0.00465732
5134	1251.874	289	0.00424595
5135	1252.118	325	0.00477485
5136	1252.362	305	0.00448102
5137	1252.606	326	0.00478955
5138	1252.849	307	0.0045104
5139	1253.093	287	0.00421656
5140	1253.337	323	0.00474547
5141	1253.581	356	0.0052303
5142	1253.825	309	0.00453978
5143	1254.069	321	0.00471609
5144	1254.313	341	0.00500992
5145	1254.557	299	0.00439286
5146	1254.800	336	0.00493646
5147	1255.044	318	0.00467201
5148	1255.288	303	0.00445163
5149	1255.532	333	0.00489239
5150	1255.776	328	0.00481893
5151	1256.020	321	0.00471609
5152	1256.264	336	0.00493646
5153	1256.507	325	0.00477485
5154	1256.751	309	0.00453978
5155	1256.995	310	0.00455448
5156	1257.239	305	0.00448102
5157	1257.483	317	0.00465732
5158	1257.727	338	0.00496585
5159	1257.971	315	0.00462793
5160	1258.215	272	0.00399618
5161	1258.458	318	0.00467201
5162	1258.702	305	0.00448102
5163	1258.946	287	0.00421656
5164	1259.190	293	0.00430471
5165	1259.434	290	0.00426064
5166	1259.678	313	0.00459855
5167	1259.922	295	0.0043341
5168	1260.165	314	0.00461324
5169	1260.409	311	0.00456917
5170	1260.653	315	0.00462793
5171	1260.897	300	0.00440756
5172	1261.141	304	0.00446632
5173	1261.385	301	0.00442225
5174	1261.629	298	0.00437817
5175	1261.872	287	0.00421656
5176	1262.116	311	0.00456917
5177	1262.360	333	0.00489239
5178	1262.604	311	0.00456917
5179	1262.848	311	0.00456917
5180	1263.092	329	0.00483362
5181	1263.336	329	0.00483362
5182	1263.580	316	0.00464263
5183	1263.823	313	0.00459855
5184	1264.067	308	0.00452509
5185	1264.311	300	0.00440756
5186	1264.555	348	0.00511277
5187	1264.799	295	0.0043341
5188	1265.043	296	0.00434879
5189	1265.287	306	0.00449571
5190	1265.530	317	0.00465732
5191	1265.774	356	0.0052303
5192	1266.018	328	0.00481893
5193	1266.262	292	0.00429002
5194	1266.506	267	0.00392273
5195	1266.750	306	0.00449571
5196	1266.994	299	0.00439286
5197	1267.237	297	0.00436348
5198	1267.481	342	0.00502461
5199	1267.725	314	0.00461324
5200	1267.969	340	0.00499523
5201	1268.213	296	0.00434879
5202	1268.457	290	0.00426064
5203	1268.701	260	0.00381988
5204	1268.945	321	0.00471609
5205	1269.188	322	0.00473078
5206	1269.432	308	0.00452509
5207	1269.676	344	0.005054
5208	1269.920	270	0.0039668
5209	1270.164	307	0.0045104
5210	1270.408	301	0.00442225
5211	1270.652	302	0.00443694
5212	1270.895	274	0.00402557
5213	1271.139	308	0.00452509
5214	1271.383	277	0.00406964
5215	1271.627	320	0.00470139
5216	1271.871	312	0.00458386
5217	1272.115	259	0.00380519
5218	1272.359	332	0.0048777
5219	1272.603	303	0.00445163
5220	1272.846	310	0.00455448
5221	1273.090	325	0.00477485
5222	1273.334	298	0.00437817
5223	1273.578	300	0.00440756
5224	1273.822	321	0.00471609
5225	1274.066	306	0.00449571
5226	1274.310	320	0.00470139
5227	1274.553	342	0.00502461
5228	1274.797	292	0.00429002
5229	1275.041	297	0.00436348
5230	1275.285	307	0.0045104
5231	1275.529	314	0.00461324
5232	1275.773	299	0.00439286
5233	1276.017	290	0.00426064
5234	1276.260	325	0.00477485
5235	1276.504	333	0.00489239
5236	1276.748	316	0.00464263
5237	1276.992	312	0.00458386
5238	1277.236	300	0.00440756
5239	1277.480	258	0.0037905
5240	1277.724	313	0.00459855
5241	1277.968	321	0.00471609
5242	1278.211	314	0.00461324
5243	1278.455	327	0.00480424
5244	1278.699	306	0.00449571
5245	1278.943	314	0.00461324
5246	1279.187	292	0.00429002
5247	1279.431	329	0.00483362
5248	1279.675	275	0.00404026
5249	1279.918	318	0.00467201
5250	1280.162	294	0.00431941
5251	1280.406	302	0.00443694
5252	1280.650	283	0.0041578
5253	1280.894	307	0.0045104
5254	1281.138	319	0.0046867
5255	1281.382	263	0.00386396
5256	1281.625	300	0.00440756
5257	1281.869	299	0.00439286
5258	1282.113	322	0.00473078
5259	1282.357	318	0.00467201
5260	1282.601	314	0.00461324
5261	1282.845	332	0.0048777
5262	1283.089	298	0.00437817
5263	1283.333	318	0.00467201
5264	1283.576	339	0.00498054
5265	1283.820	312	0.00458386
5266	1284.064	317	0.00465732
5267	1284.308	323	0.00474547
5268	1284.552	284	0.00417249
5269	1284.796	309	0.00453978
5270	1285.040	314	0.00461324
5271	1285.283	310	0.00455448
5272	1285.527	339	0.00498054
5273	1285.771	340	0.00499523
5274	1286.015	322	0.00473078
5275	1286.259	295	0.0043341
5276	1286.503	308	0.00452509
5277	1286.747	322	0.00473078
5278	1286.991	291	0.00427533
5279	1287.234	326	0.00478955
5280	1287.478	301	0.00442225
5281	1287.722	313	0.00459855
5282	1287.966	340	0.00499523
5283	1288.210	289	0.00424595
5284	1288.454	317	0.00465732
5285	1288.698	331	0.004863
5286	1288.941	329	0.00483362
5287	1289.185	349	0.00512746
5288	1289.429	306	0.00449571
5289	1289.673	286	0.00420187
5290	1289.917	297	0.00436348
5291	1290.161	327	0.00480424
5292	1290.405	310	0.00455448
5293	1290.648	346	0.00508338
5294	1290.892	323	0.00474547
5295	1291.136	318	0.00467201
5296	1291.380	327	0.00480424
5297	1291.624	311	0.00456917
5298	1291.868	305	0.00448102
5299	1292.112	304	0.00446632
5300	1292.356	312	0.00458386
5301	1292.599	301	0.00442225
5302	1292.843	321	0.00471609
5303	1293.087	312	0.00458386
5304	1293.331	290	0.00426064
5305	1293.575	322	0.00473078
5306	1293.819	302	0.00443694
5307	1294.063	322	0.00473078
5308	1294.306	303	0.00445163
5309	1294.550	279	0.00409903
5310	1294.794	310	0.00455448
5311	1295.038	321	0.00471609
5312	1295.282	320	0.00470139
5313	1295.526	312	0.00458386
5314	1295.770	339	0.00498054
5315	1296.013	360	0.00528907
5316	1296.257	314	0.00461324
5317	1296.501	336	0.00493646
5318	1296.745	339	0.00498054
5319	1296.989	288	0.00423125
5320	1297.233	284	0.00417249
5321	1297.477	306	0.00449571
5322	1297.721	304	0.00446632
5323	1297.964	329	0.00483362
5324	1298.208	339	0.00498054
5325	1298.452	349	0.00512746
5326	1298.696	294	0.00431941
5327	1298.940	355	0.00521561
5328	1299.184	304	0.00446632
5329	1299.428	311	0.00456917
5330	1299.671	332	0.0048777
5331	1299.915	293	0.00430471
5332	1300.159	319	0.0046867
5333	1300.403	278	0.00408434
5334	1300.647	311	0.00456917
5335	1300.891	341	0.00500992
5336	1301.135	317	0.00465732
5337	1301.379	310	0.00455448
5338	1301.622	308	0.00452509
5339	1301.866	303	0.00445163
5340	1302.110	292	0.00429002
5341	1302.354	308	0.00452509
5342	1302.598	332	0.0048777
5343	1302.842	295	0.0043341
5344	1303.086	323	0.00474547
5345	1303.329	329	0.00483362
5346	1303.573	332	0.0048777
5347	1303.817	302	0.00443694
5348	1304.061	346	0.00508338
5349	1304.305	322	0.00473078
5350	1304.549	320	0.00470139
5351	1304.793	324	0.00476016
5352	1305.036	349	0.00512746
5353	1305.280	279	0.00409903
5354	1305.524	335	0.00492177
5355	1305.768	319	0.0046867
5356	1306.012	308	0.00452509
5357	1306.256	336	0.00493646
5358	1306.500	293	0.00430471
5359	1306.744	331	0.004863
5360	1306.987	330	0.00484831
5361	1307.231	315	0.00462793
5362	1307.475	342	0.00502461
5363	1307.719	323	0.00474547
5364	1307.963	319	0.0046867
5365	1308.207	330	0.00484831
5366	1308.451	317	0.00465732
5367	1308.694	319	0.0046867
5368	1308.938	310	0.00455448
5369	1309.182	328	0.00481893
5370	1309.426	314	0.00461324
5371	1309.670	297	0.00436348
5372	1309.914	315	0.00462793
5373	1310.158	285	0.00418718
5374	1310.402	323	0.00474547
5375	1310.645	326	0.00478955
5376	1310.889	304	0.00446632
5377	1311.133	322	0.00473078
5378	1311.377	309	0.00453978
5379	1311.621	294	0.00431941
5380	1311.865	323	0.00474547
5381	1312.109	350	0.00514215
5382	1312.352	328	0.00481893
5383	1312.596	325	0.00477485
5384	1312.840	333	0.00489239
5385	1313.084	291	0.00427533
5386	1313.328	309	0.00453978
5387	1313.572	343	0.00503931
5388	1313.816	314	0.00461324
5389	1314.059	348	0.00511277
5390	1314.303	312	0.00458386
5391	1314.547	326	0.00478955
5392	1314.791	296	0.00434879
5393	1315.035	329	0.00483362
5394	1315.279	336	0.00493646
5395	1315.523	296	0.00434879
5396	1315.767	318	0.00467201
5397	1316.010	320	0.00470139
5398	1316.254	356	0.0052303
5399	1316.498	345	0.00506869
5400	1316.742	307	0.0045104
5401	1316.986	283	0.0041578
5402	1317.230	318	0.00467201
5403	1317.474	335	0.00492177
5404	1317.717	311	0.00456917
5405	1317.961	307	0.0045104
5406	1318.205	303	0.00445163
5407	1318.449	324	0.00476016
5408	1318.693	373	0.00548006
5409	1318.937	325	0.00477485
5410	1319.181	320	0.00470139
5411	1319.424	304	0.00446632
5412	1319.668	348	0.00511277
5413	1319.912	356	0.0052303
5414	1320.156	331	0.004863
5415	1320.400	352	0.00517153
5416	1320.644	318	0.00467201
5417	1320.888	316	0.00464263
5418	1321.132	356	0.0052303
5419	1321.375	341	0.00500992
5420	1321.619	342	0.00502461
5421	1321.863	318	0.00467201
5422	1322.107	367	0.00539191
5423	1322.351	389	0.00571513
5424	1322.595	369	0.00542129
5425	1322.839	395	0.00580328
5426	1323.082	419	0.00615589
5427	1323.326	428	0.00628811
5428	1323.570	445	0.00653788
5429	1323.814	491	0.0072137
5430	1324.058	592	0.00869758
5431	1324.302	670	0.00984354
5432	1324.546	774	0.0113715
5433	1324.790	788	0.0115772
5434	1325.033	940	0.0138103
5435	1325.277	1078	0.0158378
5436	1325.521	1086	0.0159554
5437	1325.765	1155	0.0169691
5438	1326.009	1184	0.0173952
5439	1326.253	1202	0.0176596
5440	1326.497	1121	0.0164696
5441	1326.740	1134	0.0166606
5442	1326.984	1011	0.0148535
5443	1327.228	918	0.0134871
5444	1327.472	853	0.0125322
5445	1327.716	677	0.00994639
5446	1327.960	659	0.00968193
5447	1328.204	597	0.00877104
5448	1328.447	518	0.00761038
5449	1328.691	498	0.00731654
5450	1328.935	475	0.00697863
5451	1329.179	365	0.00536253
5452	1329.423	397	0.00583267
5453	1329.667	396	0.00581797
5454	1329.911	432	0.00634688
5455	1330.155	429	0.00630281
5456	1330.398	451	0.00662603
5457	1330.642	523	0.00768384
5458	1330.886	713	0.0104753
5459	1331.130	1013	0.0148829
5460	1331.374	1479	0.0217293
5461	1331.618	2399	0.0352458
5462	1331.862	3889	0.0571366
5463	1332.105	6059	0.089018
5464	1332.349	8726	0.128201
5465	1332.593	12265	0.180196
5466	1332.837	15958	0.234453
5467	1333.081	19269	0.283097
5468	1333.325	21950	0.322486
5469	1333.569	23605	0.346801
5470	1333.812	22840	0.335562
5471	1334.056	20449	0.300434
5472	1334.300	17710	0.260193
5473	1334.544	13590	0.199662
5474	1334.788	10075	0.14802
5475	1335.032	6672	0.0980241
5476	1335.276	4339	0.063748
5477	1335.520	2675	0.0393007
5478	1335.763	1498	0.0220084
5479	1336.007	922	0.0135459
5480	1336.251	576	0.00846251
5481	1336.495	448	0.00658195
5482	1336.739	370	0.00543599
5483	1336.983	327	0.00480424
5484	1337.227	301	0.00442225
5485	1337.470	321	0.00471609
5486	1337.714	298	0.00437817
5487	1337.958	306	0.00449571
5488	1338.202	330	0.00484831
5489	1338.446	340	0.00499523
5490	1338.690	323	0.00474547
5491	1338.934	319	0.0046867
5492	1339.178	343	0.00503931
5493	1339.421	327	0.00480424
5494	1339.665	324	0.00476016
5495	1339.909	334	0.00490708
5496	1340.153	326	0.00478955
5497	1340.397	320	0.00470139
5498	1340.641	339	0.00498054
5499	1340.885	315	0.00462793
5500	1341.128	314	0.00461324
5501	1341.372	333	0.00489239
5502	1341.616	337	0.00495116
5503	1341.860	308	0.00452509
5504	1342.104	326	0.00478955
5505	1342.348	306	0.00449571
5506	1342.592	310	0.00455448
5507	1342.835	339	0.00498054
5508	1343.079	305	0.00448102
5509	1343.323	330	0.00484831
5510	1343.567	326	0.00478955
5511	1343.811	304	0.00446632
5512	1344.055	325	0.00477485
5513	1344.299	301	0.00442225
5514	1344.543	317	0.00465732
5515	1344.786	320	0.00470139
5516	1345.030	327	0.00480424
5517	1345.274	320	0.00470139
5518	1345.518	326	0.00478955
5519	1345.762	326	0.00478955
5520	1346.006	355	0.00521561
5521	1346.250	330	0.00484831
5522	1346.493	304	0.00446632
5523	1346.737	337	0.00495116
5524	1346.981	320	0.00470139
5525	1347.225	342	0.00502461
5526	1347.469	320	0.00470139
5527	1347.713	305	0.00448102
5528	1347.957	353	0.00518623
5529	1348.200	368	0.0054066
5530	1348.444	344	0.005054
5531	1348.688	296	0.00434879
5532	1348.932	336	0.00493646
5533	1349.176	342	0.00502461
5534	1349.420	334	0.00490708
5535	1349.664	339	0.00498054
5536	1349.908	327	0.00480424
5537	1350.151	326	0.00478955
5538	1350.395	323	0.00474547
5539	1350.639	331	0.004863
5540	1350.883	333	0.00489239
5541	1351.127	335	0.00492177
5542	1351.371	305	0.00448102
5543	1351.615	304	0.00446632
5544	1351.858	344	0.005054
5545	1352.102	319	0.0046867
5546	1352.346	329	0.00483362
5547	1352.590	348	0.00511277
5548	1352.834	309	0.00453978
5549	1353.078	313	0.00459855
5550	1353.322	311	0.00456917
5551	1353.566	345	0.00506869
5552	1353.809	340	0.00499523
5553	1354.053	310	0.00455448
5554	1354.297	346	0.00508338
5555	1354.541	354	0.00520092
5556	1354.785	301	0.00442225
5557	1355.029	365	0.00536253
5558	1355.273	326	0.00478955
5559	1355.516	302	0.00443694
5560	1355.760	354	0.00520092
5561	1356.004	357	0.00524499
5562	1356.248	362	0.00531845
5563	1356.492	353	0.00518623
5564	1356.736	354	0.00520092
5565	1356.980	293	0.00430471
5566	1357.223	338	0.00496585
5567	1357.467	321	0.00471609
5568	1357.711	340	0.00499523
5569	1357.955	328	0.00481893
5570	1358.199	297	0.00436348
5571	1358.443	317	0.00465732
5572	1358.687	320	0.00470139
5573	1358.931	321	0.00471609
5574	1359.174	304	0.00446632
5575	1359.418	331	0.004863
5576	1359.662	365	0.00536253
5577	1359.906	311	0.00456917
5578	1360.150	306	0.00449571
5579	1360.394	364	0.00534784
5580	1360.638	322	0.00473078
5581	1360.881	353	0.00518623
5582	1361.125	316	0.00464263
5583	1361.369	316	0.00464263
5584	1361.613	343	0.00503931
5585	1361.857	349	0.00512746
5586	1362.101	314	0.00461324
5587	1362.345	293	0.00430471
5588	1362.589	340	0.00499523
5589	1362.832	321	0.00471609
5590	1363.076	324	0.00476016
5591	1363.320	338	0.00496585
5592	1363.564	358	0.00525968
5593	1363.808	332	0.0048777
5594	1364.052	325	0.00477485
5595	1364.296	373	0.00548006
5596	1364.539	329	0.00483362
5597	1364.783	339	0.00498054
5598	1365.027	332	0.0048777
5599	1365.271	340	0.00499523
5600	1365.515	316	0.00464263
5601	1365.759	325	0.00477485
5602	1366.003	320	0.00470139
5603	1366.246	354	0.00520092
5604	1366.490	363	0.00533314
5605	1366.734	309	0.00453978
5606	1366.978	325	0.00477485
5607	1367.222	319	0.0046867
5608	1367.466	317	0.00465732
5609	1367.710	330	0.00484831
5610	1367.954	356	0.0052303
5611	1368.197	297	0.00436348
5612	1368.441	311	0.00456917
5613	1368.685	320	0.00470139
5614	1368.929	322	0.00473078
5615	1369.173	311	0.00456917
5616	1369.417	331	0.004863
5617	1369.661	308	0.00452509
5618	1369.904	344	0.005054
5619	1370.148	372	0.00546537
5620	1370.392	338	0.00496585
5621	1370.636	337	0.00495116
5622	1370.880	342	0.00502461
5623	1371.124	345	0.00506869
5624	1371.368	336	0.00493646
5625	1371.611	356	0.0052303
5626	1371.855	318	0.00467201
5627	1372.099	368	0.0054066
5628	1372.343	315	0.00462793
5629	1372.587	318	0.00467201
5630	1372.831	368	0.0054066
5631	1373.075	334	0.00490708
5632	1373.319	334	0.00490708
5633	1373.562	327	0.00480424
5634	1373.806	394	0.00578859
5635	1374.050	318	0.00467201
5636	1374.294	333	0.00489239
5637	1374.538	330	0.00484831
5638	1374.782	356	0.0052303
5639	1375.026	360	0.00528907
5640	1375.269	341	0.00500992
5641	1375.513	327	0.00480424
5642	1375.757	347	0.00509807
5643	1376.001	344	0.005054
5644	1376.245	323	0.00474547
5645	1376.489	348	0.00511277
5646	1376.733	310	0.00455448
5647	1376.977	326	0.00478955
5648	1377.220	328	0.00481893
5649	1377.464	337	0.00495116
5650	1377.708	343	0.00503931
5651	1377.952	335	0.00492177
5652	1378.196	319	0.0046867
5653	1378.440	359	0.00527438
5654	1378.684	312	0.00458386
5655	1378.927	342	0.00502461
5656	1379.171	353	0.00518623
5657	1379.415	330	0.00484831
5658	1379.659	346	0.00508338
5659	1379.903	321	0.00471609
5660	1380.147	370	0.00543599
5661	1380.391	371	0.00545068
5662	1380.634	343	0.00503931
5663	1380.878	317	0.00465732
5664	1381.122	343	0.00503931
5665	1381.366	339	0.00498054
5666	1381.610	313	0.00459855
5667	1381.854	331	0.004863
5668	1382.098	336	0.00493646
5669	1382.342	341	0.00500992
5670	1382.585	337	0.00495116
5671	1382.829	372	0.00546537
5672	1383.073	325	0.00477485
5673	1383.317	324	0.00476016
5674	1383.561	375	0.00550945
5675	1383.805	340	0.00499523
5676	1384.049	349	0.00512746
5677	1384.292	313	0.00459855
5678	1384.536	367	0.00539191
5679	1384.780	327	0.00480424
5680	1385.024	322	0.00473078
5681	1385.268	348	0.00511277
5682	1385.512	386	0.00567106
5683	1385.756	345	0.00506869
5684	1385.999	325	0.00477485
5685	1386.243	338	0.00496585
5686	1386.487	323	0.00474547
5687	1386.731	347	0.00509807
5688	1386.975	337	0.00495116
5689	1387.219	352	0.00517153
5690	1387.463	367	0.00539191
5691	1387.707	373	0.00548006
5692	1387.950	309	0.00453978
5693	1388.194	357	0.00524499
5694	1388.438	364	0.00534784
5695	1388.682	353	0.00518623
5696	1388.926	334	0.00490708
5697	1389.170	346	0.00508338
5698	1389.414	343	0.00503931
5699	1389.657	347	0.00509807
5700	1389.901	344	0.005054
5701	1390.145	340	0.00499523
5702	1390.389	366	0.00537722
5703	1390.633	338	0.00496585
5704	1390.877	334	0.00490708
5705	1391.121	329	0.00483362
5706	1391.365	347	0.00509807
5707	1391.608	340	0.00499523
5708	1391.852	370	0.00543599
5709	1392.096	317	0.00465732
5710	1392.340	342	0.00502461
5711	1392.584	340	0.00499523
5712	1392.828	331	0.004863
5713	1393.072	332	0.0048777
5714	1393.315	336	0.00493646
5715	1393.559	346	0.00508338
5716	1393.803	341	0.00500992
5717	1394.047	347	0.00509807
5718	1394.291	355	0.00521561
5719	1394.535	370	0.00543599
5720	1394.779	357	0.00524499
5721	1395.022	312	0.00458386
5722	1395.266	371	0.00545068
5723	1395.510	402	0.00590613
5724	1395.754	348	0.00511277
5725	1395.998	354	0.00520092
5726	1396.242	357	0.00524499
5727	1396.486	342	0.00502461
5728	1396.730	385	0.00565636
5729	1396.973	360	0.00528907
5730	1397.217	397	0.00583267
5731	1397.461	335	0.00492177
5732	1397.705	364	0.00534784
5733	1397.949	410	0.00602366
5734	1398.193	352	0.00517153
5735	1398.437	342	0.00502461
5736	1398.680	354	0.00520092
5737	1398.924	337	0.00495116
5738	1399.168	369	0.00542129
5739	1399.412	355	0.00521561
5740	1399.656	324	0.00476016
5741	1399.900	362	0.00531845
5742	1400.144	395	0.00580328
5743	1400.388	366	0.00537722
5744	1400.631	375	0.00550945
5745	1400.875	350	0.00514215
5746	1401.119	337	0.00495116
5747	1401.363	373	0.00548006
5748	1401.607	357	0.00524499
5749	1401.851	357	0.00524499
5750	1402.095	363	0.00533314
5751	1402.338	355	0.00521561
5752	1402.582	370	0.00543599
5753	1402.826	382	0.00561229
5754	1403.070	391	0.00574452
5755	1403.314	364	0.00534784
5756	1403.558	366	0.00537722
5757	1403.802	374	0.00549475
5758	1404.045	360	0.00528907
5759	1404.289	354	0.00520092
5760	1404.533	363	0.00533314
5761	1404.777	357	0.00524499
5762	1405.021	365	0.00536253
5763	1405.265	339	0.00498054
5764	1405.509	361	0.00530376
5765	1405.753	334	0.00490708
5766	1405.996	341	0.00500992
5767	1406.240	389	0.00571513
5768	1406.484	322	0.00473078
5769	1406.728	364	0.00534784
5770	1406.972	340	0.00499523
5771	1407.216	367	0.00539191
5772	1407.460	424	0.00622935
5773	1407.703	359	0.00527438
5774	1407.947	389	0.00571513
5775	1408.191	371	0.00545068
5776	1408.435	334	0.00490708
5777	1408.679	337	0.00495116
5778	1408.923	358	0.00525968
5779	1409.167	343	0.00503931
5780	1409.410	397	0.00583267
5781	1409.654	370	0.00543599
5782	1409.898	415	0.00609712
5783	1410.142	394	0.00578859
5784	1410.386	364	0.00534784
5785	1410.630	355	0.00521561
5786	1410.874	361	0.00530376
5787	1411.118	351	0.00515684
5788	1411.361	370	0.00543599
5789	1411.605	328	0.00481893
5790	1411.849	370	0.00543599
5791	1412.093	369	0.00542129
5792	1412.337	358	0.00525968
5793	1412.581	346	0.00508338
5794	1412.825	363	0.00533314
5795	1413.068	344	0.005054
5796	1413.312	371	0.00545068
5797	1413.556	336	0.00493646
5798	1413.800	355	0.00521561
5799	1414.044	390	0.00572982
5800	1414.288	388	0.00570044
5801	1414.532	368	0.0054066
5802	1414.776	353	0.00518623
5803	1415.019	385	0.00565636
5804	1415.263	356	0.0052303
5805	1415.507	359	0.00527438
5806	1415.751	323	0.00474547
5807	1415.995	356	0.0052303
5808	1416.239	348	0.00511277
5809	1416.483	366	0.00537722
5810	1416.726	343	0.00503931
5811	1416.970	374	0.00549475
5812	1417.214	380	0.00558291
5813	1417.458	348	0.00511277
5814	1417.702	349	0.00512746
5815	1417.946	393	0.0057739
5816	1418.190	383	0.00562698
5817	1418.433	391	0.00574452
5818	1418.677	367	0.00539191
5819	1418.921	350	0.00514215
5820	1419.165	350	0.00514215
5821	1419.409	358	0.00525968
5822	1419.653	399	0.00586205
5823	1419.897	330	0.00484831
5824	1420.141	365	0.00536253
5825	1420.384	338	0.00496585
5826	1420.628	366	0.00537722
5827	1420.872	374	0.00549475
5828	1421.116	390	0.00572982
5829	1421.360	377	0.00553883
5830	1421.604	367	0.00539191
5831	1421.848	361	0.00530376
5832	1422.091	375	0.00550945
5833	1422.335	385	0.00565636
5834	1422.579	356	0.0052303
5835	1422.823	343	0.00503931
5836	1423.067	367	0.00539191
5837	1423.311	370	0.00543599
5838	1423.555	397	0.00583267
5839	1423.798	388	0.00570044
5840	1424.042	376	0.00552414
5841	1424.286	350	0.00514215
5842	1424.530	390	0.00572982
5843	1424.774	384	0.00564167
5844	1425.018	351	0.00515684
5845	1425.262	338	0.00496585
5846	1425.506	401	0.00589143
5847	1425.749	380	0.00558291
5848	1425.993	374	0.00549475
5849	1426.237	352	0.00517153
5850	1426.481	395	0.00580328
5851	1426.725	388	0.00570044
5852	1426.969	385	0.00565636
5853	1427.213	377	0.00553883
5854	1427.456	370	0.00543599
5855	1427.700	354	0.00520092
5856	1427.944	377	0.00553883
5857	1428.188	355	0.00521561
5858	1428.432	372	0.00546537
5859	1428.676	347	0.00509807
5860	1428.920	410	0.00602366
5861	1429.164	366	0.00537722
5862	1429.407	369	0.00542129
5863	1429.651	372	0.00546537
5864	1429.895	372	0.00546537
5865	1430.139	361	0.00530376
5866	1430.383	363	0.00533314
5867	1430.627	373	0.00548006
5868	1430.871	373	0.00548006
5869	1431.114	371	0.00545068
5870	1431.358	354	0.00520092
5871	1431.602	372	0.00546537
5872	1431.846	409	0.00600897
5873	1432.090	355	0.00521561
5874	1432.334	382	0.00561229
5875	1432.578	364	0.00534784
5876	1432.821	360	0.00528907
5877	1433.065	412	0.00605304
5878	1433.309	366	0.00537722
5879	1433.553	342	0.00502461
5880	1433.797	361	0.00530376
5881	1434.041	391	0.00574452
5882	1434.285	393	0.0057739
5883	1434.529	377	0.00553883
5884	1434.772	356	0.0052303
5885	1435.016	390	0.00572982
5886	1435.260	362	0.00531845
5887	1435.504	382	0.00561229
5888	1435.748	381	0.0055976
5889	1435.992	404	0.00593551
5890	1436.236	397	0.00583267
5891	1436.479	361	0.00530376
5892	1436.723	370	0.00543599
5893	1436.967	365	0.00536253
5894	1437.211	402	0.00590613
5895	1437.455	369	0.00542129
5896	1437.699	389	0.00571513
5897	1437.943	400	0.00587674
5898	1438.186	388	0.00570044
5899	1438.430	389	0.00571513
5900	1438.674	378	0.00555352
5901	1438.918	360	0.00528907
5902	1439.162	356	0.0052303
5903	1439.406	389	0.00571513
5904	1439.650	366	0.00537722
5905	1439.894	380	0.00558291
5906	1440.137	394	0.00578859
5907	1440.381	383	0.00562698
5908	1440.625	384	0.00564167
5909	1440.869	379	0.00556821
5910	1441.113	400	0.00587674
5911	1441.357	403	0.00592082
5912	1441.601	357	0.00524499
5913	1441.844	385	0.00565636
5914	1442.088	390	0.00572982
5915	1442.332	367	0.00539191
5916	1442.576	393	0.0057739
5917	1442.820	379	0.00556821
5918	1443.064	386	0.00567106
5919	1443.308	373	0.00548006
5920	1443.552	394	0.00578859
5921	1443.795	355	0.00521561
5922	1444.039	396	0.00581797
5923	1444.283	384	0.00564167
5924	1444.527	379	0.00556821
5925	1444.771	379	0.00556821
5926	1445.015	377	0.00553883
5927	1445.259	412	0.00605304
5928	1445.502	406	0.00596489
5929	1445.746	372	0.00546537
5930	1445.990	398	0.00584736
5931	1446.234	386	0.00567106
5932	1446.478	361	0.00530376
5933	1446.722	401	0.00589143
5934	1446.966	420	0.00617058
5935	1447.209	387	0.00568575
5936	1447.453	417	0.0061265
5937	1447.697	408	0.00599428
5938	1447.941	389	0.00571513
5939	1448.185	384	0.00564167
5940	1448.429	387	0.00568575
5941	1448.673	403	0.00592082
5942	1448.917	394	0.00578859
5943	1449.160	363	0.00533314
5944	1449.404	401	0.00589143
5945	1449.648	386	0.00567106
5946	1449.892	378	0.00555352
5947	1450.136	384	0.00564167
5948	1450.380	416	0.00611181
5949	1450.624	401	0.00589143
5950	1450.867	405	0.0059502
5951	1451.111	431	0.00633219
5952	1451.355	394	0.00578859
5953	1451.599	395	0.00580328
5954	1451.843	378	0.00555352
5955	1452.087	402	0.00590613
5956	1452.331	408	0.00599428
5957	1452.575	417	0.0061265
5958	1452.818	415	0.00609712
5959	1453.062	407	0.00597959
5960	1453.306	400	0.00587674
5961	1453.550	366	0.00537722
5962	1453.794	384	0.00564167
5963	1454.038	407	0.00597959
5964	1454.282	410	0.00602366
5965	1454.525	381	0.0055976
5966	1454.769	396	0.00581797
5967	1455.013	379	0.00556821
5968	1455.257	402	0.00590613
5969	1455.501	381	0.0055976
5970	1455.745	397	0.00583267
5971	1455.989	409	0.00600897
5972	1456.232	452	0.00664072
5973	1456.476	400	0.00587674
5974	1456.720	379	0.00556821
5975	1456.964	400	0.00587674
5976	1457.208	400	0.00587674
5977	1457.452	366	0.00537722
5978	1457.696	407	0.00597959
5979	1457.940	413	0.00606774
5980	1458.183	393	0.0057739
5981	1458.427	420	0.00617058
5982	1458.671	417	0.0061265
5983	1458.915	380	0.00558291
5984	1459.159	409	0.00600897
5985	1459.403	398	0.00584736
5986	1459.647	403	0.00592082
5987	1459.890	448	0.00658195
5988	1460.134	435	0.00639096
5989	1460.378	385	0.00565636
5990	1460.622	402	0.00590613
5991	1460.866	392	0.00575921
5992	1461.110	394	0.00578859
5993	1461.354	433	0.00636157
5994	1461.597	414	0.00608243
5995	1461.841	398	0.00584736
5996	1462.085	455	0.00668479
5997	1462.329	402	0.00590613
5998	1462.573	437	0.00642034
5999	1462.817	438	0.00643503
6000	1463.061	444	0.00652318
6001	1463.305	402	0.00590613
6002	1463.548	370	0.00543599
6003	1463.792	377	0.00553883
6004	1464.036	405	0.0059502
6005	1464.280	417	0.0061265
6006	1464.524	409	0.00600897
6007	1464.768	414	0.00608243
6008	1465.012	401	0.00589143
6009	1465.255	440	0.00646442
6010	1465.499	429	0.00630281
6011	1465.743	399	0.00586205
6012	1465.987	416	0.00611181
6013	1466.231	397	0.00583267
6014	1466.475	396	0.00581797
6015	1466.719	374	0.00549475
6016	1466.963	436	0.00640565
6017	1467.206	418	0.0061412
6018	1467.450	363	0.00533314
6019	1467.694	412	0.00605304
6020	1467.938	402	0.00590613
6021	1468.182	390	0.00572982
6022	1468.426	437	0.00642034
6023	1468.670	391	0.00574452
6024	1468.913	392	0.00575921
6025	1469.157	425	0.00624404
6026	1469.401	412	0.00605304
6027	1469.645	397	0.00583267
6028	1469.889	417	0.0061265
6029	1470.133	407	0.00597959
6030	1470.377	426	0.00625873
6031	1470.620	415	0.00609712
6032	1470.864	447	0.00656726
6033	1471.108	405	0.0059502
6034	1471.352	423	0.00621466
6035	1471.596	424	0.00622935
6036	1471.840	393	0.0057739
6037	1472.084	415	0.00609712
6038	1472.328	389	0.00571513
6039	1472.571	434	0.00637627
6040	1472.815	433	0.00636157
6041	1473.059	418	0.0061412
6042	1473.303	417	0.0061265
6043	1473.547	429	0.00630281
6044	1473.791	410	0.00602366
6045	1474.035	408	0.00599428
6046	1474.278	414	0.00608243
6047	1474.522	420	0.00617058
6048	1474.766	438	0.00643503
6049	1475.010	425	0.00624404
6050	1475.254	438	0.00643503
6051	1475.498	432	0.00634688
6052	1475.742	405	0.0059502
6053	1475.985	448	0.00658195
6054	1476.229	437	0.00642034
6055	1476.473	423	0.00621466
6056	1476.717	445	0.00653788
6057	1476.961	428	0.00628811
6058	1477.205	389	0.00571513
6059	1477.449	416	0.00611181
6060	1477.693	401	0.00589143
6061	1477.936	459	0.00674356
6062	1478.180	454	0.0066701
6063	1478.424	412	0.00605304
6064	1478.668	455	0.00668479
6065	1478.912	409	0.00600897
6066	1479.156	419	0.00615589
6067	1479.400	404	0.00593551
6068	1479.643	431	0.00633219
6069	1479.887	406	0.00596489
6070	1480.131	426	0.00625873
6071	1480.375	415	0.00609712
6072	1480.619	431	0.00633219
6073	1480.863	412	0.00605304
6074	1481.107	426	0.00625873
6075	1481.351	412	0.00605304
6076	1481.594	436	0.00640565
6077	1481.838	405	0.0059502
6078	1482.082	427	0.00627342
6079	1482.326	468	0.00687579
6080	1482.570	415	0.00609712
6081	1482.814	445	0.00653788
6082	1483.058	448	0.00658195
6083	1483.301	408	0.00599428
6084	1483.545	447	0.00656726
6085	1483.789	451	0.00662603
6086	1484.033	461	0.00677295
6087	1484.277	468	0.00687579
6088	1484.521	420	0.00617058
6089	1484.765	413	0.00606774
6090	1485.008	459	0.00674356
6091	1485.252	416	0.00611181
6092	1485.496	440	0.00646442
6093	1485.740	361	0.00530376
6094	1485.984	450	0.00661134
6095	1486.228	462	0.00678764
6096	1486.472	454	0.0066701
6097	1486.716	430	0.0063175
6098	1486.959	459	0.00674356
6099	1487.203	430	0.0063175
6100	1487.447	415	0.00609712
6101	1487.691	463	0.00680233
6102	1487.935	431	0.00633219
6103	1488.179	406	0.00596489
6104	1488.423	437	0.00642034
6105	1488.666	435	0.00639096
6106	1488.910	429	0.00630281
6107	1489.154	443	0.00650849
6108	1489.398	470	0.00690517
6109	1489.642	441	0.00647911
6110	1489.886	450	0.00661134
6111	1490.130	444	0.00652318
6112	1490.373	465	0.00683171
6113	1490.617	435	0.00639096
6114	1490.861	414	0.00608243
6115	1491.105	464	0.00681702
6116	1491.349	479	0.0070374
6117	1491.593	469	0.00689048
6118	1491.837	450	0.00661134
6119	1492.081	452	0.00664072
6120	1492.324	453	0.00665541
6121	1492.568	490	0.00719901
6122	1492.812	427	0.00627342
6123	1493.056	468	0.00687579
6124	1493.300	437	0.00642034
6125	1493.544	388	0.00570044
6126	1493.788	472	0.00693456
6127	1494.031	481	0.00706678
6128	1494.275	466	0.0068464
6129	1494.519	509	0.00747815
6130	1494.763	422	0.00619996
6131	1495.007	442	0.0064938
6132	1495.251	444	0.00652318
6133	1495.495	447	0.00656726
6134	1495.739	471	0.00691986
6135	1495.982	445	0.00653788
6136	1496.226	457	0.00671418
6137	1496.470	449	0.00659664
6138	1496.714	475	0.00697863
6139	1496.958	451	0.00662603
6140	1497.202	487	0.00715493
6141	1497.446	435	0.00639096
6142	1497.689	473	0.00694925
6143	1497.933	424	0.00622935
6144	1498.177	439	0.00644972
6145	1498.421	475	0.00697863
6146	1498.665	468	0.00687579
6147	1498.909	428	0.00628811
6148	1499.153	434	0.00637627
6149	1499.396	425	0.00624404
6150	1499.640	479	0.0070374
6151	1499.884	479	0.0070374
6152	1500.128	463	0.00680233
6153	1500.372	482	0.00708147
6154	1500.616	481	0.00706678
6155	1500.860	477	0.00700802
6156	1501.104	446	0.00655257
6157	1501.347	477	0.00700802
6158	1501.591	463	0.00680233
6159	1501.835	443	0.00650849
6160	1502.079	444	0.00652318
6161	1502.323	457	0.00671418
6162	1502.567	478	0.00702271
6163	1502.811	446	0.00655257
6164	1503.054	526	0.00772792
6165	1503.298	461	0.00677295
6166	1503.542	452	0.00664072
6167	1503.786	493	0.00724308
6168	1504.030	513	0.00753692
6169	1504.274	466	0.0068464
6170	1504.518	488	0.00716963
6171	1504.762	467	0.0068611
6172	1505.005	473	0.00694925
6173	1505.249	509	0.00747815
6174	1505.493	457	0.00671418
6175	1505.737	473	0.00694925
6176	1505.981	485	0.00712555
6177	1506.225	458	0.00672887
6178	1506.469	459	0.00674356
6179	1506.712	486	0.00714024
6180	1506.956	487	0.00715493
6181	1507.200	490	0.00719901
6182	1507.444	469	0.00689048
6183	1507.688	505	0.00741939
6184	1507.932	444	0.00652318
6185	1508.176	486	0.00714024
6186	1508.419	467	0.0068611
6187	1508.663	464	0.00681702
6188	1508.907	471	0.00691986
6189	1509.151	464	0.00681702
6190	1509.395	484	0.00711086
6191	1509.639	467	0.0068611
6192	1509.883	477	0.00700802
6193	1510.127	445	0.00653788
6194	1510.370	502	0.00737531
6195	1510.614	505	0.00741939
6196	1510.858	473	0.00694925
6197	1511.102	460	0.00675825
6198	1511.346	468	0.00687579
6199	1511.590	479	0.0070374
6200	1511.834	503	0.00739
6201	1512.077	495	0.00727247
6202	1512.321	460	0.00675825
6203	1512.565	503	0.00739
6204	1512.809	500	0.00734593
6205	1513.053	447	0.00656726
6206	1513.297	525	0.00771322
6207	1513.541	472	0.00693456
6208	1513.784	489	0.00718432
6209	1514.028	455	0.00668479
6210	1514.272	474	0.00696394
6211	1514.516	498	0.00731654
6212	1514.760	513	0.00753692
6213	1515.004	472	0.00693456
6214	1515.248	472	0.00693456
6215	1515.492	483	0.00709617
6216	1515.735	522	0.00766915
6217	1515.979	498	0.00731654
6218	1516.223	464	0.00681702
6219	1516.467	483	0.00709617
6220	1516.711	477	0.00700802
6221	1516.955	466	0.0068464
6222	1517.199	487	0.00715493
6223	1517.442	508	0.00746346
6224	1517.686	489	0.00718432
6225	1517.930	505	0.00741939
6226	1518.174	491	0.0072137
6227	1518.418	508	0.00746346
6228	1518.662	472	0.00693456
6229	1518.906	470	0.00690517
6230	1519.150	514	0.00755161
6231	1519.393	502	0.00737531
6232	1519.637	517	0.00759569
6233	1519.881	474	0.00696394
6234	1520.125	521	0.00765446
6235	1520.369	482	0.00708147
6236	1520.613	491	0.0072137
6237	1520.857	472	0.00693456
6238	1521.100	487	0.00715493
6239	1521.344	525	0.00771322
6240	1521.588	499	0.00733124
6241	1521.832	504	0.0074047
6242	1522.076	508	0.00746346
6243	1522.320	534	0.00784545
6244	1522.564	527	0.00774261
6245	1522.807	503	0.00739
6246	1523.051	520	0.00763977
6247	1523.295	493	0.00724308
6248	1523.539	523	0.00768384
6249	1523.783	515	0.00756631
6250	1524.027	476	0.00699332
6251	1524.271	474	0.00696394
6252	1524.515	486	0.00714024
6253	1524.758	541	0.00794829
6254	1525.002	475	0.00697863
6255	1525.246	511	0.00750754
6256	1525.490	530	0.00778668
6257	1525.734	518	0.00761038
6258	1525.978	505	0.00741939
6259	1526.222	519	0.00762507
6260	1526.465	507	0.00744877
6261	1526.709	505	0.00741939
6262	1526.953	492	0.00722839
6263	1527.197	485	0.00712555
6264	1527.441	476	0.00699332
6265	1527.685	549	0.00806583
6266	1527.929	492	0.00722839
6267	1528.172	532	0.00781607
6268	1528.416	512	0.00752223
6269	1528.660	511	0.00750754
6270	1528.904	528	0.0077573
6271	1529.148	499	0.00733124
6272	1529.392	522	0.00766915
6273	1529.636	537	0.00788953
6274	1529.880	518	0.00761038
6275	1530.123	501	0.00736062
6276	1530.367	511	0.00750754
6277	1530.611	535	0.00786014
6278	1530.855	524	0.00769853
6279	1531.099	523	0.00768384
6280	1531.343	553	0.0081246
6281	1531.587	533	0.00783076
6282	1531.830	491	0.0072137
6283	1532.074	551	0.00809521
6284	1532.318	507	0.00744877
6285	1532.562	518	0.00761038
6286	1532.806	513	0.00753692
6287	1533.050	540	0.0079336
6288	1533.294	522	0.00766915
6289	1533.538	545	0.00800706
6290	1533.781	519	0.00762507
6291	1534.025	495	0.00727247
6292	1534.269	536	0.00787483
6293	1534.513	526	0.00772792
6294	1534.757	516	0.007581
6295	1535.001	525	0.00771322
6296	1535.245	549	0.00806583
6297	1535.488	494	0.00725778
6298	1535.732	524	0.00769853
6299	1535.976	535	0.00786014
6300	1536.220	570	0.00837436
6301	1536.464	549	0.00806583
6302	1536.708	515	0.00756631
6303	1536.952	521	0.00765446
6304	1537.195	510	0.00749285
6305	1537.439	493	0.00724308
6306	1537.683	547	0.00803645
6307	1537.927	512	0.00752223
6308	1538.171	546	0.00802175
6309	1538.415	521	0.00765446
6310	1538.659	528	0.0077573
6311	1538.903	509	0.00747815
6312	1539.146	525	0.00771322
6313	1539.390	529	0.00777199
6314	1539.634	555	0.00815398
6315	1539.878	553	0.0081246
6316	1540.122	518	0.00761038
6317	1540.366	499	0.00733124
6318	1540.610	536	0.00787483
6319	1540.853	531	0.00780138
6320	1541.097	556	0.00816867
6321	1541.341	578	0.00849189
6322	1541.585	547	0.00803645
6323	1541.829	548	0.00805114
6324	1542.073	547	0.00803645
6325	1542.317	549	0.00806583
6326	1542.560	570	0.00837436
6327	1542.804	543	0.00797768
6328	1543.048	548	0.00805114
6329	1543.292	530	0.00778668
6330	1543.536	550	0.00808052
6331	1543.780	576	0.00846251
6332	1544.024	554	0.00813929
6333	1544.268	524	0.00769853
6334	1544.511	523	0.00768384
6335	1544.755	539	0.00791891
6336	1544.999	517	0.00759569
6337	1545.243	569	0.00835967
6338	1545.487	573	0.00841843
6339	1545.731	561	0.00824213
6340	1545.975	541	0.00794829
6341	1546.218	573	0.00841843
6342	1546.462	546	0.00802175
6343	1546.706	550	0.00808052
6344	1546.950	493	0.00724308
6345	1547.194	574	0.00843313
6346	1547.438	591	0.00868289
6347	1547.682	560	0.00822744
6348	1547.926	521	0.00765446
6349	1548.169	559	0.00821275
6350	1548.413	587	0.00862412
6351	1548.657	578	0.00849189
6352	1548.901	533	0.00783076
6353	1549.145	636	0.00934402
6354	1549.389	594	0.00872696
6355	1549.633	555	0.00815398
6356	1549.876	576	0.00846251
6357	1550.120	596	0.00875635
6358	1550.364	544	0.00799237
6359	1550.608	574	0.00843313
6360	1550.852	570	0.00837436
6361	1551.096	560	0.00822744
6362	1551.340	547	0.00803645
6363	1551.583	579	0.00850658
6364	1551.827	588	0.00863881
6365	1552.071	573	0.00841843
6366	1552.315	538	0.00790422
6367	1552.559	551	0.00809521
6368	1552.803	558	0.00819806
6369	1553.047	545	0.00800706
6370	1553.291	583	0.00856535
6371	1553.534	613	0.00900611
6372	1553.778	536	0.00787483
6373	1554.022	569	0.00835967
6374	1554.266	565	0.0083009
6375	1554.510	591	0.00868289
6376	1554.754	559	0.00821275
6377	1554.998	570	0.00837436
6378	1555.241	560	0.00822744
6379	1555.485	582	0.00855066
6380	1555.729	571	0.00838905
6381	1555.973	617	0.00906488
6382	1556.217	592	0.00869758
6383	1556.461	604	0.00887388
6384	1556.705	538	0.00790422
6385	1556.949	600	0.00881511
6386	1557.192	554	0.00813929
6387	1557.436	532	0.00781607
6388	1557.680	608	0.00893265
6389	1557.924	626	0.0091971
6390	1558.168	546	0.00802175
6391	1558.412	577	0.0084772
6392	1558.656	580	0.00852128
6393	1558.899	553	0.0081246
6394	1559.143	608	0.00893265
6395	1559.387	561	0.00824213
6396	1559.631	603	0.00885919
6397	1559.875	575	0.00844782
6398	1560.119	627	0.00921179
6399	1560.363	546	0.00802175
6400	1560.606	560	0.00822744
6401	1560.850	606	0.00890326
6402	1561.094	592	0.00869758
6403	1561.338	617	0.00906488
6404	1561.582	577	0.0084772
6405	1561.826	599	0.00880042
6406	1562.070	557	0.00818336
6407	1562.314	632	0.00928525
6408	1562.557	581	0.00853597
6409	1562.801	579	0.00850658
6410	1563.045	589	0.0086535
6411	1563.289	553	0.0081246
6412	1563.533	628	0.00922649
6413	1563.777	597	0.00877104
6414	1564.021	580	0.00852128
6415	1564.264	616	0.00905018
6416	1564.508	609	0.00894734
6417	1564.752	555	0.00815398
6418	1564.996	606	0.00890326
6419	1565.240	599	0.00880042
6420	1565.484	590	0.0086682
6421	1565.728	577	0.0084772
6422	1565.971	572	0.00840374
6423	1566.215	598	0.00878573
6424	1566.459	632	0.00928525
6425	1566.703	587	0.00862412
6426	1566.947	610	0.00896203
6427	1567.191	633	0.00929994
6428	1567.435	547	0.00803645
6429	1567.679	621	0.00912364
6430	1567.922	567	0.00833028
6431	1568.166	652	0.00957909
6432	1568.410	594	0.00872696
6433	1568.654	585	0.00859474
6434	1568.898	585	0.00859474
6435	1569.142	638	0.0093734
6436	1569.386	606	0.00890326
6437	1569.629	602	0.0088445
6438	1569.873	601	0.00882981
6439	1570.117	630	0.00925587
6440	1570.361	592	0.00869758
6441	1570.605	599	0.00880042
6442	1570.849	603	0.00885919
6443	1571.093	650	0.00954971
6444	1571.337	575	0.00844782
6445	1571.580	624	0.00916772
6446	1571.824	588	0.00863881
6447	1572.068	594	0.00872696
6448	1572.312	591	0.00868289
6449	1572.556	624	0.00916772
6450	1572.800	592	0.00869758
6451	1573.044	599	0.00880042
6452	1573.287	639	0.0093881
6453	1573.531	601	0.00882981
6454	1573.775	625	0.00918241
6455	1574.019	583	0.00856535
6456	1574.263	628	0.00922649
6457	1574.507	578	0.00849189
6458	1574.751	639	0.0093881
6459	1574.994	635	0.00932933
6460	1575.238	612	0.00899142
6461	1575.482	620	0.00910895
6462	1575.726	587	0.00862412
6463	1575.970	655	0.00962317
6464	1576.214	675	0.009917
6465	1576.458	650	0.00954971
6466	1576.702	596	0.00875635
6467	1576.945	594	0.00872696
6468	1577.189	636	0.00934402
6469	1577.433	606	0.00890326
6470	1577.677	630	0.00925587
6471	1577.921	617	0.00906488
6472	1578.165	642	0.00943217
6473	1578.409	631	0.00927056
6474	1578.652	668	0.00981416
6475	1578.896	665	0.00977008
6476	1579.140	639	0.0093881
6477	1579.384	551	0.00809521
6478	1579.628	615	0.00903549
6479	1579.872	623	0.00915303
6480	1580.116	651	0.0095644
6481	1580.359	612	0.00899142
6482	1580.603	624	0.00916772
6483	1580.847	635	0.00932933
6484	1581.091	665	0.00977008
6485	1581.335	622	0.00913833
6486	1581.579	655	0.00962317
6487	1581.823	631	0.00927056
6488	1582.067	628	0.00922649
6489	1582.310	623	0.00915303
6490	1582.554	633	0.00929994
6491	1582.798	645	0.00947625
6492	1583.042	648	0.00952032
6493	1583.286	608	0.00893265
6494	1583.530	659	0.00968193
6495	1583.774	664	0.00975539
6496	1584.017	677	0.00994639
6497	1584.261	614	0.0090208
6498	1584.505	656	0.00963786
6499	1584.749	625	0.00918241
6500	1584.993	642	0.00943217
6501	1585.237	661	0.00971132
6502	1585.481	698	0.0102549
6503	1585.725	635	0.00932933
6504	1585.968	656	0.00963786
6505	1586.212	664	0.00975539
6506	1586.456	650	0.00954971
6507	1586.700	646	0.00949094
6508	1586.944	642	0.00943217
6509	1587.188	622	0.00913833
6510	1587.432	666	0.00978478
6511	1587.675	680	0.00999046
6512	1587.919	648	0.00952032
6513	1588.163	623	0.00915303
6514	1588.407	624	0.00916772
6515	1588.651	652	0.00957909
6516	1588.895	590	0.0086682
6517	1589.139	650	0.00954971
6518	1589.382	617	0.00906488
6519	1589.626	646	0.00949094
6520	1589.870	666	0.00978478
6521	1590.114	689	0.0101227
6522	1590.358	677	0.00994639
6523	1590.602	647	0.00950563
6524	1590.846	612	0.00899142
6525	1591.090	652	0.00957909
6526	1591.333	654	0.00960847
6527	1591.577	670	0.00984354
6528	1591.821	634	0.00931464
6529	1592.065	620	0.00910895
6530	1592.309	648	0.00952032
6531	1592.553	663	0.0097407
6532	1592.797	621	0.00912364
6533	1593.040	679	0.00997577
6534	1593.284	667	0.00979947
6535	1593.528	615	0.00903549
6536	1593.772	704	0.0103431
6537	1594.016	690	0.0101374
6538	1594.260	612	0.00899142
6539	1594.504	676	0.00993169
6540	1594.748	685	0.0100639
6541	1594.991	704	0.0103431
6542	1595.235	648	0.00952032
6543	1595.479	656	0.00963786
6544	1595.723	664	0.00975539
6545	1595.967	679	0.00997577
6546	1596.211	671	0.00985824
6547	1596.455	640	0.00940279
6548	1596.698	666	0.00978478
6549	1596.942	663	0.0097407
6550	1597.186	697	0.0102402
6551	1597.430	632	0.00928525
6552	1597.674	653	0.00959378
6553	1597.918	656	0.00963786
6554	1598.162	648	0.00952032
6555	1598.405	655	0.00962317
6556	1598.649	663	0.0097407
6557	1598.893	684	0.0100492
6558	1599.137	662	0.00972601
6559	1599.381	650	0.00954971
6560	1599.625	656	0.00963786
6561	1599.869	668	0.00981416
6562	1600.113	677	0.00994639
6563	1600.356	646	0.00949094
6564	1600.600	653	0.00959378
6565	1600.844	657	0.00965255
6566	1601.088	628	0.00922649
6567	1601.332	696	0.0102255
6568	1601.576	673	0.00988762
6569	1601.820	657	0.00965255
6570	1602.063	657	0.00965255
6571	1602.307	647	0.00950563
6572	1602.551	664	0.00975539
6573	1602.795	676	0.00993169
6574	1603.039	661	0.00971132
6575	1603.283	690	0.0101374
6576	1603.527	677	0.00994639
6577	1603.770	645	0.00947625
6578	1604.014	659	0.00968193
6579	1604.258	661	0.00971132
6580	1604.502	663	0.0097407
6581	1604.746	644	0.00946156
6582	1604.990	642	0.00943217
6583	1605.234	667	0.00979947
6584	1605.478	630	0.00925587
6585	1605.721	660	0.00969662
6586	1605.965	664	0.00975539
6587	1606.209	656	0.00963786
6588	1606.453	632	0.00928525
6589	1606.697	664	0.00975539
6590	1606.941	614	0.0090208
6591	1607.185	643	0.00944686
6592	1607.428	648	0.00952032
6593	1607.672	662	0.00972601
6594	1607.916	612	0.00899142
6595	1608.160	605	0.00888857
6596	1608.404	644	0.00946156
6597	1608.648	649	0.00953501
6598	1608.892	628	0.00922649
6599	1609.136	635	0.00932933
6600	1609.379	650	0.00954971
6601	1609.623	583	0.00856535
6602	1609.867	596	0.00875635
6603	1610.111	608	0.00893265
6604	1610.355	602	0.0088445
6605	1610.599	593	0.00871227
6606	1610.843	599	0.00880042
6607	1611.086	626	0.0091971
6608	1611.330	582	0.00855066
6609	1611.574	575	0.00844782
6610	1611.818	586	0.00860943
6611	1612.062	603	0.00885919
6612	1612.306	547	0.00803645
6613	1612.550	541	0.00794829
6614	1612.793	507	0.00744877
6615	1613.037	492	0.00722839
6616	1613.281	517	0.00759569
6617	1613.525	514	0.00755161
6618	1613.769	525	0.00771322
6619	1614.013	517	0.00759569
6620	1614.257	524	0.00769853
6621	1614.501	530	0.00778668
6622	1614.744	471	0.00691986
6623	1614.988	458	0.00672887
6624	1615.232	497	0.00730185
6625	1615.476	434	0.00637627
6626	1615.720	434	0.00637627
6627	1615.964	498	0.00731654
6628	1616.208	447	0.00656726
6629	1616.451	461	0.00677295
6630	1616.695	443	0.00650849
6631	1616.939	448	0.00658195
6632	1617.183	454	0.0066701
6633	1617.427	426	0.00625873
6634	1617.671	436	0.00640565
6635	1617.915	462	0.00678764
6636	1618.158	452	0.00664072
6637	1618.402	460	0.00675825
6638	1618.646	397	0.00583267
6639	1618.890	448	0.00658195
6640	1619.134	407	0.00597959
6641	1619.378	419	0.00615589
6642	1619.622	419	0.00615589
6643	1619.866	409	0.00600897
6644	1620.109	390	0.00572982
6645	1620.353	442	0.0064938
6646	1620.597	432	0.00634688
6647	1620.841	429	0.00630281
6648	1621.085	389	0.00571513
6649	1621.329	430	0.0063175
6650	1621.573	410	0.00602366
6651	1621.816	412	0.00605304
6652	1622.060	427	0.00627342
6653	1622.304	385	0.00565636
6654	1622.548	434	0.00637627
6655	1622.792	384	0.00564167
6656	1623.036	400	0.00587674
6657	1623.280	421	0.00618527
6658	1623.524	424	0.00622935
6659	1623.767	383	0.00562698
6660	1624.011	413	0.00606774
6661	1624.255	424	0.00622935
6662	1624.499	396	0.00581797
6663	1624.743	394	0.00578859
6664	1624.987	399	0.00586205
6665	1625.231	399	0.00586205
6666	1625.474	397	0.00583267
6667	1625.718	395	0.00580328
6668	1625.962	408	0.00599428
6669	1626.206	419	0.00615589
6670	1626.450	382	0.00561229
6671	1626.694	400	0.00587674
6672	1626.938	365	0.00536253
6673	1627.181	378	0.00555352
6674	1627.425	401	0.00589143
6675	1627.669	388	0.00570044
6676	1627.913	383	0.00562698
6677	1628.157	379	0.00556821
6678	1628.401	360	0.00528907
6679	1628.645	399	0.00586205
6680	1628.889	388	0.00570044
6681	1629.132	340	0.00499523
6682	1629.376	407	0.00597959
6683	1629.620	363	0.00533314
6684	1629.864	377	0.00553883
6685	1630.108	374	0.00549475
6686	1630.352	384	0.00564167
6687	1630.596	364	0.00534784
6688	1630.839	402	0.00590613
6689	1631.083	371	0.00545068
6690	1631.327	355	0.00521561
6691	1631.571	364	0.00534784
6692	1631.815	348	0.00511277
6693	1632.059	367	0.00539191
6694	1632.303	368	0.0054066
6695	1632.546	357	0.00524499
6696	1632.790	336	0.00493646
6697	1633.034	354	0.00520092
6698	1633.278	350	0.00514215
6699	1633.522	379	0.00556821
6700	1633.766	394	0.00578859
6701	1634.010	400	0.00587674
6702	1634.254	409	0.00600897
6703	1634.497	389	0.00571513
6704	1634.741	353	0.00518623
6705	1634.985	368	0.0054066
6706	1635.229	379	0.00556821
6707	1635.473	353	0.00518623
6708	1635.717	357	0.00524499
6709	1635.961	325	0.00477485
6710	1636.204	368	0.0054066
6711	1636.448	384	0.00564167
6712	1636.692	368	0.0054066
6713	1636.936	371	0.00545068
6714	1637.180	331	0.004863
6715	1637.424	362	0.00531845
6716	1637.668	356	0.0052303
6717	1637.912	329	0.00483362
6718	1638.155	392	0.00575921
6719	1638.399	359	0.00527438
6720	1638.643	347	0.00509807
6721	1638.887	351	0.00515684
6722	1639.131	349	0.00512746
6723	1639.375	352	0.00517153
6724	1639.619	330	0.00484831
6725	1639.862	338	0.00496585
6726	1640.106	322	0.00473078
6727	1640.350	359	0.00527438
6728	1640.594	316	0.00464263
6729	1640.838	388	0.00570044
6730	1641.082	370	0.00543599
6731	1641.326	368	0.0054066
6732	1641.569	351	0.00515684
6733	1641.813	359	0.00527438
6734	1642.057	322	0.00473078
6735	1642.301	359	0.00527438
6736	1642.545	348	0.00511277
6737	1642.789	344	0.005054
6738	1643.033	320	0.00470139
6739	1643.277	360	0.00528907
6740	1643.520	346	0.00508338
6741	1643.764	357	0.00524499
6742	1644.008	326	0.00478955
6743	1644.252	335	0.00492177
6744	1644.496	359	0.00527438
6745	1644.740	347	0.00509807
6746	1644.984	335	0.00492177
6747	1645.227	331	0.004863
6748	1645.471	333	0.00489239
6749	1645.715	348	0.00511277
6750	1645.959	354	0.00520092
6751	1646.203	344	0.005054
6752	1646.447	344	0.005054
6753	1646.691	351	0.00515684
6754	1646.935	315	0.00462793
6755	1647.178	345	0.00506869
6756	1647.422	351	0.00515684
6757	1647.666	325	0.00477485
6758	1647.910	333	0.00489239
6759	1648.154	327	0.00480424
6760	1648.398	315	0.00462793
6761	1648.642	345	0.00506869
6762	1648.885	314	0.00461324
6763	1649.129	331	0.004863
6764	1649.373	335	0.00492177
6765	1649.617	342	0.00502461
6766	1649.861	339	0.00498054
6767	1650.105	314	0.00461324
6768	1650.349	323	0.00474547
6769	1650.592	336	0.00493646
6770	1650.836	304	0.00446632
6771	1651.080	329	0.00483362
6772	1651.324	311	0.00456917
6773	1651.568	321	0.00471609
6774	1651.812	309	0.00453978
6775	1652.056	317	0.00465732
6776	1652.300	298	0.00437817
6777	1652.543	339	0.00498054
6778	1652.787	312	0.00458386
6779	1653.031	323	0.00474547
6780	1653.275	320	0.00470139
6781	1653.519	293	0.00430471
6782	1653.763	316	0.00464263
6783	1654.007	321	0.00471609
6784	1654.250	351	0.00515684
6785	1654.494	311	0.00456917
6786	1654.738	331	0.004863
6787	1654.982	336	0.00493646
6788	1655.226	292	0.00429002
6789	1655.470	323	0.00474547
6790	1655.714	287	0.00421656
6791	1655.957	330	0.00484831
6792	1656.201	312	0.00458386
6793	1656.445	304	0.00446632
6794	1656.689	290	0.00426064
6795	1656.933	328	0.00481893
6796	1657.177	321	0.00471609
6797	1657.421	272	0.00399618
6798	1657.665	347	0.00509807
6799	1657.908	329	0.00483362
6800	1658.152	317	0.00465732
6801	1658.396	283	0.0041578
6802	1658.640	316	0.00464263
6803	1658.884	320	0.00470139
6804	1659.128	315	0.00462793
6805	1659.372	312	0.00458386
6806	1659.615	281	0.00412841
6807	1659.859	332	0.0048777
6808	1660.103	323	0.00474547
6809	1660.347	294	0.00431941
6810	1660.591	288	0.00423125
6811	1660.835	307	0.0045104
6812	1661.079	328	0.00481893
6813	1661.323	288	0.00423125
6814	1661.566	290	0.00426064
6815	1661.810	322	0.00473078
6816	1662.054	303	0.00445163
6817	1662.298	282	0.0041431
6818	1662.542	291	0.00427533
6819	1662.786	302	0.00443694
6820	1663.030	283	0.0041578
6821	1663.273	308	0.00452509
6822	1663.517	314	0.00461324
6823	1663.761	281	0.00412841
6824	1664.005	305	0.00448102
6825	1664.249	282	0.0041431
6826	1664.493	286	0.00420187
6827	1664.737	290	0.00426064
6828	1664.980	302	0.00443694
6829	1665.224	288	0.00423125
6830	1665.468	298	0.00437817
6831	1665.712	307	0.0045104
6832	1665.956	310	0.00455448
6833	1666.200	287	0.00421656
6834	1666.444	301	0.00442225
6835	1666.688	288	0.00423125
6836	1666.931	252	0.00370235
6837	1667.175	276	0.00405495
6838	1667.419	327	0.00480424
6839	1667.663	324	0.00476016
6840	1667.907	305	0.00448102
6841	1668.151	273	0.00401088
6842	1668.395	305	0.00448102
6843	1668.638	263	0.00386396
6844	1668.882	261	0.00383457
6845	1669.126	268	0.00393742
6846	1669.370	288	0.00423125
6847	1669.614	282	0.0041431
6848	1669.858	272	0.00399618
6849	1670.102	262	0.00384927
6850	1670.345	281	0.00412841
6851	1670.589	317	0.00465732
6852	1670.833	303	0.00445163
6853	1671.077	285	0.00418718
6854	1671.321	257	0.00377581
6855	1671.565	282	0.0041431
6856	1671.809	264	0.00387865
6857	1672.053	252	0.00370235
6858	1672.296	267	0.00392273
6859	1672.540	292	0.00429002
6860	1672.784	271	0.00398149
6861	1673.028	269	0.00395211
6862	1673.272	279	0.00409903
6863	1673.516	275	0.00404026
6864	1673.760	290	0.00426064
6865	1674.003	287	0.00421656
6866	1674.247	238	0.00349666
6867	1674.491	278	0.00408434
6868	1674.735	273	0.00401088
6869	1674.979	250	0.00367296
6870	1675.223	229	0.00336444
6871	1675.467	273	0.00401088
6872	1675.711	293	0.00430471
6873	1675.954	268	0.00393742
6874	1676.198	241	0.00354074
6875	1676.442	261	0.00383457
6876	1676.686	234	0.00343789
6877	1676.930	247	0.00362889
6878	1677.174	267	0.00392273
6879	1677.418	260	0.00381988
6880	1677.661	264	0.00387865
6881	1677.905	216	0.00317344
6882	1678.149	254	0.00373173
6883	1678.393	252	0.00370235
6884	1678.637	258	0.0037905
6885	1678.881	236	0.00346728
6886	1679.125	249	0.00365827
6887	1679.368	261	0.00383457
6888	1679.612	243	0.00357012
6889	1679.856	264	0.00387865
6890	1680.100	249	0.00365827
6891	1680.344	244	0.00358481
6892	1680.588	235	0.00345259
6893	1680.832	232	0.00340851
6894	1681.076	235	0.00345259
6895	1681.319	221	0.0032469
6896	1681.563	256	0.00376112
6897	1681.807	254	0.00373173
6898	1682.051	233	0.0034232
6899	1682.295	258	0.0037905
6900	1682.539	254	0.00373173
6901	1682.783	241	0.00354074
6902	1683.026	263	0.00386396
6903	1683.270	233	0.0034232
6904	1683.514	241	0.00354074
6905	1683.758	236	0.00346728
6906	1684.002	257	0.00377581
6907	1684.246	227	0.00333505
6908	1684.490	222	0.00326159
6909	1684.733	212	0.00311467
6910	1684.977	247	0.00362889
6911	1685.221	241	0.00354074
6912	1685.465	233	0.0034232
6913	1685.709	217	0.00318813
6914	1685.953	216	0.00317344
6915	1686.197	238	0.00349666
6916	1686.441	230	0.00337913
6917	1686.684	227	0.00333505
6918	1686.928	205	0.00301183
6919	1687.172	214	0.00314406
6920	1687.416	232	0.00340851
6921	1687.660	232	0.00340851
6922	1687.904	219	0.00321752
6923	1688.148	225	0.00330567
6924	1688.391	208	0.00305591
6925	1688.635	248	0.00364358
6926	1688.879	235	0.00345259
6927	1689.123	222	0.00326159
6928	1689.367	225	0.00330567
6929	1689.611	216	0.00317344
6930	1689.855	209	0.0030706
6931	1690.099	222	0.00326159
6932	1690.342	210	0.00308529
6933	1690.586	216	0.00317344
6934	1690.830	228	0.00334974
6935	1691.074	214	0.00314406
6936	1691.318	227	0.00333505
6937	1691.562	202	0.00296775
6938	1691.806	222	0.00326159
6939	1692.049	215	0.00315875
6940	1692.293	227	0.00333505
6941	1692.537	249	0.00365827
6942	1692.781	221	0.0032469
6943	1693.025	208	0.00305591
6944	1693.269	227	0.00333505
6945	1693.513	203	0.00298245
6946	1693.756	231	0.00339382
6947	1694.000	226	0.00332036
6948	1694.244	179	0.00262984
6949	1694.488	222	0.00326159
6950	1694.732	193	0.00283553
6951	1694.976	181	0.00265923
6952	1695.220	187	0.00274738
6953	1695.464	202	0.00296775
6954	1695.707	225	0.00330567
6955	1695.951	219	0.00321752
6956	1696.195	196	0.0028796
6957	1696.439	194	0.00285022
6958	1696.683	186	0.00273269
6959	1696.927	203	0.00298245
6960	1697.171	180	0.00264453
6961	1697.414	200	0.00293837
6962	1697.658	183	0.00268861
6963	1697.902	190	0.00279145
6964	1698.146	185	0.00271799
6965	1698.390	186	0.00273269
6966	1698.634	181	0.00265923
6967	1698.878	169	0.00248292
6968	1699.122	189	0.00277676
6969	1699.365	183	0.00268861
6970	1699.609	179	0.00262984
6971	1699.853	191	0.00280614
6972	1700.097	178	0.00261515
6973	1700.341	160	0.0023507
6974	1700.585	173	0.00254169
6975	1700.829	187	0.00274738
6976	1701.072	187	0.00274738
6977	1701.316	177	0.00260046
6978	1701.560	179	0.00262984
6979	1701.804	175	0.00257107
6980	1702.048	189	0.00277676
6981	1702.292	208	0.00305591
6982	1702.536	185	0.00271799
6983	1702.779	161	0.00236539
6984	1703.023	178	0.00261515
6985	1703.267	158	0.00232131
6986	1703.511	183	0.00268861
6987	1703.755	186	0.00273269
6988	1703.999	183	0.00268861
6989	1704.243	188	0.00276207
6990	1704.487	176	0.00258577
6991	1704.730	171	0.00251231
6992	1704.974	166	0.00243885
6993	1705.218	175	0.00257107
6994	1705.462	175	0.00257107
6995	1705.706	158	0.00232131
6996	1705.950	153	0.00224785
6997	1706.194	166	0.00243885
6998	1706.437	151	0.00221847
6999	1706.681	158	0.00232131
7000	1706.925	165	0.00242416
7001	1707.169	180	0.00264453
7002	1707.413	178	0.00261515
7003	1707.657	172	0.002527
7004	1707.901	176	0.00258577
7005	1708.144	164	0.00240946
7006	1708.388	148	0.00217439
7007	1708.632	155	0.00227724
7008	1708.876	113	0.00166018
7009	1709.120	148	0.00217439
7010	1709.364	160	0.0023507
7011	1709.608	133	0.00195402
7012	1709.852	152	0.00223316
7013	1710.095	142	0.00208624
7014	1710.339	127	0.00186587
7015	1710.583	149	0.00218909
7016	1710.827	156	0.00229193
7017	1711.071	143	0.00210094
7018	1711.315	156	0.00229193
7019	1711.559	176	0.00258577
7020	1711.802	161	0.00236539
7021	1712.046	146	0.00214501
7022	1712.290	178	0.00261515
7023	1712.534	153	0.00224785
7024	1712.778	143	0.00210094
7025	1713.022	157	0.00230662
7026	1713.266	154	0.00226255
7027	1713.510	139	0.00204217
7028	1713.753	151	0.00221847
7029	1713.997	160	0.0023507
7030	1714.241	151	0.00221847
7031	1714.485	130	0.00190994
7032	1714.729	130	0.00190994
7033	1714.973	140	0.00205686
7034	1715.217	122	0.00179241
7035	1715.460	121	0.00177771
7036	1715.704	125	0.00183648
7037	1715.948	137	0.00201278
7038	1716.192	151	0.00221847
7039	1716.436	128	0.00188056
7040	1716.680	112	0.00164549
7041	1716.924	100	0.00146919
7042	1717.167	115	0.00168956
7043	1717.411	134	0.00196871
7044	1717.655	131	0.00192463
7045	1717.899	97	0.00142511
7046	1718.143	139	0.00204217
7047	1718.387	115	0.00168956
7048	1718.631	108	0.00158672
7049	1718.875	127	0.00186587
7050	1719.118	112	0.00164549
7051	1719.362	113	0.00166018
7052	1719.606	103	0.00151326
7053	1719.850	109	0.00160141
7054	1720.094	121	0.00177771
7055	1720.338	104	0.00152795
7056	1720.582	133	0.00195402
7057	1720.825	103	0.00151326
7058	1721.069	124	0.00182179
7059	1721.313	105	0.00154264
7060	1721.557	109	0.00160141
7061	1721.801	96	0.00141042
7062	1722.045	107	0.00157203
7063	1722.289	108	0.00158672
7064	1722.532	107	0.00157203
7065	1722.776	124	0.00182179
7066	1723.020	105	0.00154264
7067	1723.264	117	0.00171895
7068	1723.508	98	0.0014398
7069	1723.752	109	0.00160141
7070	1723.996	92	0.00135165
7071	1724.240	99	0.00145449
7072	1724.483	95	0.00139573
7073	1724.727	103	0.00151326
7074	1724.971	118	0.00173364
7075	1725.215	95	0.00139573
7076	1725.459	101	0.00148388
7077	1725.703	99	0.00145449
7078	1725.947	95	0.00139573
7079	1726.190	99	0.00145449
7080	1726.434	86	0.0012635
7081	1726.678	76	0.00111658
7082	1726.922	94	0.00138103
7083	1727.166	86	0.0012635
7084	1727.410	111	0.0016308
7085	1727.654	88	0.00129288
7086	1727.898	82	0.00120473
7087	1728.141	70	0.00102843
7088	1728.385	94	0.00138103
7089	1728.629	81	0.00119004
7090	1728.873	91	0.00133696
7091	1729.117	95	0.00139573
7092	1729.361	78	0.00114596
7093	1729.605	84	0.00123412
7094	1729.848	88	0.00129288
7095	1730.092	83	0.00121942
7096	1730.336	97	0.00142511
7097	1730.580	91	0.00133696
7098	1730.824	90	0.00132227
7099	1731.068	76	0.00111658
7100	1731.312	86	0.0012635
7101	1731.555	82	0.00120473
7102	1731.799	101	0.00148388
7103	1732.043	114	0.00167487
7104	1732.287	97	0.00142511
7105	1732.531	81	0.00119004
7106	1732.775	76	0.00111658
7107	1733.019	78	0.00114596
7108	1733.263	84	0.00123412
7109	1733.506	82	0.00120473
7110	1733.750	82	0.00120473
7111	1733.994	83	0.00121942
7112	1734.238	83	0.00121942
7113	1734.482	60	0.000881511
7114	1734.726	78	0.00114596
7115	1734.970	62	0.000910895
7116	1735.213	78	0.00114596
7117	1735.457	78	0.00114596
7118	1735.701	60	0.000881511
7119	1735.945	84	0.00123412
7120	1736.189	58	0.000852128
7121	1736.433	75	0.00110189
7122	1736.677	68	0.000999046
7123	1736.920	74	0.0010872
7124	1737.164	67	0.000984354
7125	1737.408	68	0.000999046
7126	1737.652	80	0.00117535
7127	1737.896	82	0.00120473
7128	1738.140	68	0.000999046
7129	1738.384	68	0.000999046
7130	1738.628	62	0.000910895
7131	1738.871	63	0.000925587
7132	1739.115	63	0.000925587
7133	1739.359	64	0.000940279
7134	1739.603	72	0.00105781
7135	1739.847	65	0.000954971
7136	1740.091	63	0.000925587
7137	1740.335	62	0.000910895
7138	1740.578	61	0.000896203
7139	1740.822	66	0.000969662
7140	1741.066	57	0.000837436
7141	1741.310	64	0.000940279
7142	1741.554	69	0.00101374
7143	1741.798	77	0.00113127
7144	1742.042	48	0.000705209
7145	1742.286	66	0.000969662
7146	1742.529	61	0.000896203
7147	1742.773	71	0.00104312
7148	1743.017	53	0.000778668
7149	1743.261	55	0.000808052
7150	1743.505	51	0.000749285
7151	1743.749	62	0.000910895
7152	1743.993	54	0.00079336
7153	1744.236	67	0.000984354
7154	1744.480	62	0.000910895
7155	1744.724	49	0.000719901
7156	1744.968	64	0.000940279
7157	1745.212	57	0.000837436
7158	1745.456	58	0.000852128
7159	1745.700	51	0.000749285
7160	1745.943	52	0.000763977
7161	1746.187	62	0.000910895
7162	1746.431	56	0.000822744
7163	1746.675	52	0.000763977
7164	1746.919	50	0.000734593
7165	1747.163	59	0.00086682
7166	1747.407	46	0.000675825
7167	1747.651	58	0.000852128
7168	1747.894	60	0.000881511
7169	1748.138	61	0.000896203
7170	1748.382	55	0.000808052
7171	1748.626	56	0.000822744
7172	1748.870	46	0.000675825
7173	1749.114	46	0.000675825
7174	1749.358	67	0.000984354
7175	1749.601	53	0.000778668
7176	1749.845	47	0.000690517
7177	1750.089	48	0.000705209
7178	1750.333	50	0.000734593
7179	1750.577	75	0.00110189
7180	1750.821	59	0.00086682
7181	1751.065	54	0.00079336
7182	1751.309	54	0.00079336
7183	1751.552	56	0.000822744
7184	1751.796	66	0.000969662
7185	1752.040	45	0.000661134
7186	1752.284	53	0.000778668
7187	1752.528	53	0.000778668
7188	1752.772	43	0.00063175
7189	1753.016	38	0.000558291
7190	1753.259	53	0.000778668
7191	1753.503	47	0.000690517
7192	1753.747	40	0.000587674
7193	1753.991	51	0.000749285
7194	1754.235	36	0.000528907
7195	1754.479	52	0.000763977
7196	1754.723	49	0.000719901
7197	1754.966	47	0.000690517
7198	1755.210	39	0.000572982
7199	1755.454	54	0.00079336
7200	1755.698	41	0.000602366
7201	1755.942	35	0.000514215
7202	1756.186	37	0.000543599
7203	1756.430	46	0.000675825
7204	1756.674	44	0.000646442
7205	1756.917	36	0.000528907
7206	1757.161	42	0.000617058
7207	1757.405	44	0.000646442
7208	1757.649	49	0.000719901
7209	1757.893	44	0.000646442
7210	1758.137	40	0.000587674
7211	1758.381	36	0.000528907
7212	1758.624	44	0.000646442
7213	1758.868	46	0.000675825
7214	1759.112	28	0.000411372
7215	1759.356	53	0.000778668
7216	1759.600	41	0.000602366
7217	1759.844	38	0.000558291
7218	1760.088	44	0.000646442
7219	1760.331	40	0.000587674
7220	1760.575	46	0.000675825
7221	1760.819	29	0.000426064
7222	1761.063	50	0.000734593
7223	1761.307	37	0.000543599
7224	1761.551	42	0.000617058
7225	1761.795	39	0.000572982
7226	1762.039	38	0.000558291
7227	1762.282	36	0.000528907
7228	1762.526	40	0.000587674
7229	1762.770	49	0.000719901
7230	1763.014	38	0.000558291
7231	1763.258	37	0.000543599
7232	1763.502	40	0.000587674
7233	1763.746	40	0.000587674
7234	1763.989	46	0.000675825
7235	1764.233	43	0.00063175
7236	1764.477	45	0.000661134
7237	1764.721	40	0.000587674
7238	1764.965	40	0.000587674
7239	1765.209	50	0.000734593
7240	1765.453	50	0.000734593
7241	1765.697	44	0.000646442
7242	1765.940	44	0.000646442
7243	1766.184	40	0.000587674
7244	1766.428	44	0.000646442
7245	1766.672	53	0.000778668
7246	1766.916	30	0.000440756
7247	1767.160	54	0.00079336
7248	1767.404	50	0.000734593
7249	1767.647	33	0.000484831
7250	1767.891	32	0.000470139
7251	1768.135	34	0.000499523
7252	1768.379	34	0.000499523
7253	1768.623	40	0.000587674
7254	1768.867	43	0.00063175
7255	1769.111	48	0.000705209
7256	1769.354	41	0.000602366
7257	1769.598	36	0.000528907
7258	1769.842	33	0.000484831
7259	1770.086	47	0.000690517
7260	1770.330	34	0.000499523
7261	1770.574	31	0.000455448
7262	1770.818	35	0.000514215
7263	1771.062	44	0.000646442
7264	1771.305	44	0.000646442
7265	1771.549	40	0.000587674
7266	1771.793	43	0.00063175
7267	1772.037	53	0.000778668
7268	1772.281	46	0.000675825
7269	1772.525	38	0.000558291
7270	1772.769	46	0.000675825
7271	1773.012	29	0.000426064
7272	1773.256	36	0.000528907
7273	1773.500	43	0.00063175
7274	1773.744	50	0.000734593
7275	1773.988	43	0.00063175
7276	1774.232	37	0.000543599
7277	1774.476	33	0.000484831
7278	1774.719	27	0.00039668
7279	1774.963	40	0.000587674
7280	1775.207	44	0.000646442
7281	1775.451	51	0.000749285
7282	1775.695	46	0.000675825
7283	1775.939	43	0.00063175
7284	1776.183	42	0.000617058
7285	1776.427	34	0.000499523
7286	1776.670	29	0.000426064
7287	1776.914	39	0.000572982
7288	1777.158	42	0.000617058
7289	1777.402	42	0.000617058
7290	1777.646	39	0.000572982
7291	1777.890	40	0.000587674
7292	1778.134	49	0.000719901
7293	1778.377	41	0.000602366
7294	1778.621	43	0.00063175
7295	1778.865	35	0.000514215
7296	1779.109	39	0.000572982
7297	1779.353	46	0.000675825
7298	1779.597	35	0.000514215
7299	1779.841	47	0.000690517
7300	1780.085	39	0.000572982
7301	1780.328	35	0.000514215
7302	1780.572	37	0.000543599
7303	1780.816	37	0.000543599
7304	1781.060	30	0.000440756
7305	1781.304	45	0.000661134
7306	1781.548	44	0.000646442
7307	1781.792	40	0.000587674
7308	1782.035	31	0.000455448
7309	1782.279	53	0.000778668
7310	1782.523	48	0.000705209
7311	1782.767	42	0.000617058
7312	1783.011	34	0.000499523
7313	1783.255	34	0.000499523
7314	1783.499	36	0.000528907
7315	1783.742	32	0.000470139
7316	1783.986	32	0.000470139
7317	1784.230	43	0.00063175
7318	1784.474	31	0.000455448
7319	1784.718	35	0.000514215
7320	1784.962	35	0.000514215
7321	1785.206	32	0.000470139
7322	1785.450	38	0.000558291
7323	1785.693	42	0.000617058
7324	1785.937	47	0.000690517
7325	1786.181	35	0.000514215
7326	1786.425	51	0.000749285
7327	1786.669	30	0.000440756
7328	1786.913	48	0.000705209
7329	1787.157	39	0.000572982
7330	1787.400	33	0.000484831
7331	1787.644	33	0.000484831
7332	1787.888	41	0.000602366
7333	1788.132	34	0.000499523
7334	1788.376	43	0.00063175
7335	1788.620	41	0.000602366
7336	1788.864	38	0.000558291
7337	1789.108	48	0.000705209
7338	1789.351	33	0.000484831
7339	1789.595	36	0.000528907
7340	1789.839	50	0.000734593
7341	1790.083	30	0.000440756
7342	1790.327	31	0.000455448
7343	1790.571	37	0.000543599
7344	1790.815	34	0.000499523
7345	1791.058	36	0.000528907
7346	1791.302	47	0.000690517
7347	1791.546	25	0.000367296
7348	1791.790	30	0.000440756
7349	1792.034	28	0.000411372
7350	1792.278	35	0.000514215
7351	1792.522	29	0.000426064
7352	1792.765	29	0.000426064
7353	1793.009	34	0.000499523
7354	1793.253	38	0.000558291
7355	1793.497	39	0.000572982
7356	1793.741	33	0.000484831
7357	1793.985	32	0.000470139
7358	1794.229	35	0.000514215
7359	1794.473	41	0.000602366
7360	1794.716	35	0.000514215
7361	1794.960	29	0.000426064
7362	1795.204	28	0.000411372
7363	1795.448	37	0.000543599
7364	1795.692	29	0.000426064
7365	1795.936	47	0.000690517
7366	1796.180	27	0.00039668
7367	1796.423	48	0.000705209
7368	1796.667	37	0.000543599
7369	1796.911	38	0.000558291
7370	1797.155	22	0.000323221
7371	1797.399	33	0.000484831
7372	1797.643	45	0.000661134
7373	1797.887	36	0.000528907
7374	1798.130	41	0.000602366
7375	1798.374	31	0.000455448
7376	1798.618	35	0.000514215
7377	1798.862	33	0.000484831
7378	1799.106	41	0.000602366
7379	1799.350	42	0.000617058
7380	1799.594	40	0.000587674
7381	1799.838	31	0.000455448
7382	1800.081	28	0.000411372
7383	1800.325	39	0.000572982
7384	1800.569	39	0.000572982
7385	1800.813	35	0.000514215
7386	1801.057	31	0.000455448
7387	1801.301	31	0.000455448
7388	1801.545	47	0.000690517
7389	1801.788	39	0.000572982
7390	1802.032	34	0.000499523
7391	1802.276	36	0.000528907
7392	1802.520	41	0.000602366
7393	1802.764	32	0.000470139
7394	1803.008	43	0.00063175
7395	1803.252	39	0.000572982
7396	1803.496	32	0.000470139
7397	1803.739	27	0.00039668
7398	1803.983	43	0.00063175
7399	1804.227	43	0.00063175
7400	1804.471	37	0.000543599
7401	1804.715	24	0.000352605
7402	1804.959	35	0.000514215
7403	1805.203	29	0.000426064
7404	1805.446	34	0.000499523
7405	1805.690	41	0.000602366
7406	1805.934	36	0.000528907
7407	1806.178	34	0.000499523
7408	1806.422	31	0.000455448
7409	1806.666	42	0.000617058
7410	1806.910	33	0.000484831
7411	1807.153	25	0.000367296
7412	1807.397	36	0.000528907
7413	1807.641	23	0.000337913
7414	1807.885	35	0.000514215
7415	1808.129	47	0.000690517
7416	1808.373	37	0.000543599
7417	1808.617	45	0.000661134
7418	1808.861	31	0.000455448
7419	1809.104	34	0.000499523
7420	1809.348	30	0.000440756
7421	1809.592	31	0.000455448
7422	1809.836	38	0.000558291
7423	1810.080	39	0.000572982
7424	1810.324	21	0.000308529
7425	1810.568	31	0.000455448
7426	1810.811	38	0.000558291
7427	1811.055	31	0.000455448
7428	1811.299	39	0.000572982
7429	1811.543	34	0.000499523
7430	1811.787	35	0.000514215
7431	1812.031	35	0.000514215
7432	1812.275	36	0.000528907
7433	1812.518	32	0.000470139
7434	1812.762	35	0.000514215
7435	1813.006	36	0.000528907
7436	1813.250	27	0.00039668
7437	1813.494	31	0.000455448
7438	1813.738	36	0.000528907
7439	1813.982	22	0.000323221
7440	1814.226	33	0.000484831
7441	1814.469	24	0.000352605
7442	1814.713	43	0.00063175
7443	1814.957	38	0.000558291
7444	1815.201	42	0.000617058
7445	1815.445	28	0.000411372
7446	1815.689	44	0.000646442
7447	1815.933	36	0.000528907
7448	1816.176	26	0.000381988
7449	1816.420	33	0.000484831
7450	1816.664	27	0.00039668
7451	1816.908	41	0.000602366
7452	1817.152	50	0.000734593
7453	1817.396	40	0.000587674
7454	1817.640	36	0.000528907
7455	1817.884	42	0.000617058
7456	1818.127	35	0.000514215
7457	1818.371	33	0.000484831
7458	1818.615	28	0.000411372
7459	1818.859	35	0.000514215
7460	1819.103	25	0.000367296
7461	1819.347	38	0.000558291
7462	1819.591	43	0.00063175
7463	1819.834	28	0.000411372
7464	1820.078	24	0.000352605
7465	1820.322	36	0.000528907
7466	1820.566	38	0.000558291
7467	1820.810	30	0.000440756
7468	1821.054	35	0.000514215
7469	1821.298	43	0.00063175
7470	1821.541	43	0.00063175
7471	1821.785	29	0.000426064
7472	1822.029	38	0.000558291
7473	1822.273	42	0.000617058
7474	1822.517	28	0.000411372
7475	1822.761	35	0.000514215
7476	1823.005	42	0.000617058
7477	1823.249	35	0.000514215
7478	1823.492	47	0.000690517
7479	1823.736	43	0.00063175
7480	1823.980	27	0.00039668
7481	1824.224	39	0.000572982
7482	1824.468	36	0.000528907
7483	1824.712	43	0.00063175
7484	1824.956	37	0.000543599
7485	1825.199	31	0.000455448
7486	1825.443	45	0.000661134
7487	1825.687	43	0.00063175
7488	1825.931	38	0.000558291
7489	1826.175	38	0.000558291
7490	1826.419	35	0.000514215
7491	1826.663	46	0.000675825
7492	1826.906	53	0.000778668
7493	1827.150	54	0.00079336
7494	1827.394	39	0.000572982
7495	1827.638	66	0.000969662
7496	1827.882	45	0.000661134
7497	1828.126	61	0.000896203
7498	1828.370	44	0.000646442
7499	1828.614	35	0.000514215
7500	1828.857	42	0.000617058
7501	1829.101	41	0.000602366
7502	1829.345	46	0.000675825
7503	1829.589	50	0.000734593
7504	1829.833	45	0.000661134
7505	1830.077	38	0.000558291
7506	1830.321	45	0.000661134
7507	1830.564	54	0.00079336
7508	1830.808	48	0.000705209
7509	1831.052	48	0.000705209
7510	1831.296	46	0.000675825
7511	1831.540	50	0.000734593
7512	1831.784	54	0.00079336
7513	1832.028	66	0.000969662
7514	1832.272	65	0.000954971
7515	1832.515	78	0.00114596
7516	1832.759	66	0.000969662
7517	1833.003	100	0.00146919
7518	1833.247	95	0.00139573
7519	1833.491	184	0.0027033
7520	1833.735	244	0.00358481
7521	1833.979	321	0.00471609
7522	1834.222	476	0.00699332
7523	1834.466	798	0.0117241
7524	1834.710	1271	0.0186733
7525	1834.954	2108	0.0309704
7526	1835.198	3465	0.0509073
7527	1835.442	5187	0.0762067
7528	1835.686	7451	0.109469
7529	1835.929	10817	0.158922
7530	1836.173	14696	0.215912
7531	1836.417	19013	0.279336
7532	1836.661	22955	0.337252
7533	1836.905	25921	0.380828
7534	1837.149	28406	0.417337
7535	1837.393	28992	0.425946
7536	1837.637	27754	0.407758
7537	1837.880	24949	0.366547
7538	1838.124	21118	0.310263
7539	1838.368	17107	0.251334
7540	1838.612	12488	0.183472
7541	1838.856	8856	0.130111
7542	1839.100	5840	0.0858004
7543	1839.344	3595	0.0528172
7544	1839.587	2091	0.0307207
7545	1839.831	1135	0.0166753
7546	1840.075	576	0.00846251
7547	1840.319	303	0.00445163
7548	1840.563	161	0.00236539
7549	1840.807	97	0.00142511
7550	1841.051	66	0.000969662
7551	1841.295	28	0.000411372
7552	1841.538	30	0.000440756
7553	1841.782	26	0.000381988
7554	1842.026	21	0.000308529
7555	1842.270	18	0.000264453
7556	1842.514	30	0.000440756
7557	1842.758	19	0.000279145
7558	1843.002	14	0.000205686
7559	1843.245	17	0.000249762
7560	1843.489	12	0.000176302
7561	1843.733	28	0.000411372
7562	1843.977	18	0.000264453
7563	1844.221	13	0.000190994
7564	1844.465	18	0.000264453
7565	1844.709	9	0.000132227
7566	1844.952	15	0.000220378
7567	1845.196	8	0.000117535
7568	1845.440	16	0.00023507
7569	1845.684	12	0.000176302
7570	1845.928	10	0.000146919
7571	1846.172	14	0.000205686
7572	1846.416	14	0.000205686
7573	1846.660	15	0.000220378
7574	1846.903	11	0.00016161
7575	1847.147	19	0.000279145
7576	1847.391	8	0.000117535
7577	1847.635	13	0.000190994
7578	1847.879	10	0.000146919
7579	1848.123	21	0.000308529
7580	1848.367	23	0.000337913
7581	1848.610	18	0.000264453
7582	1848.854	22	0.000323221
7583	1849.098	24	0.000352605
7584	1849.342	40	0.000587674
7585	1849.586	41	0.000602366
7586	1849.830	49	0.000719901
7587	1850.074	55	0.000808052
7588	1850.317	77	0.00113127
7589	1850.561	86	0.0012635
7590	1850.805	82	0.00120473
7591	1851.049	105	0.00154264
7592	1851.293	120	0.00176302
7593	1851.537	132	0.00193932
7594	1851.781	109	0.00160141
7595	1852.025	103	0.00151326
7596	1852.268	87	0.00127819
7597	1852.512	98	0.0014398
7598	1852.756	62	0.000910895
7599	1853.000	59	0.00086682
7600	1853.244	49	0.000719901
7601	1853.488	35	0.000514215
7602	1853.732	39	0.000572982
7603	1853.975	41	0.000602366
7604	1854.219	33	0.000484831
7605	1854.463	29	0.000426064
7606	1854.707	22	0.000323221
7607	1854.951	14	0.000205686
7608	1855.195	19	0.000279145
7609	1855.439	12	0.000176302
7610	1855.683	14	0.000205686
7611	1855.926	14	0.000205686
7612	1856.170	11	0.00016161
7613	1856.414	15	0.000220378
7614	1856.658	16	0.00023507
7615	1856.902	17	0.000249762
7616	1857.146	14	0.000205686
7617	1857.390	17	0.000249762
7618	1857.633	13	0.000190994
7619	1857.877	12	0.000176302
7620	1858.121	10	0.000146919
7621	1858.365	10	0.000146919
7622	1858.609	12	0.000176302
7623	1858.853	11	0.00016161
7624	1859.097	21	0.000308529
7625	1859.340	14	0.000205686
7626	1859.584	9	0.000132227
7627	1859.828	16	0.00023507
7628	1860.072	19	0.000279145
7629	1860.316	7	0.000102843
7630	1860.560	14	0.000205686
7631	1860.804	9	0.000132227
7632	1861.048	9	0.000132227
7633	1861.291	13	0.000190994
7634	1861.535	10	0.000146919
7635	1861.779	6	8.81511e-05
7636	1862.023	4	5.87674e-05
7637	1862.267	4	5.87674e-05
7638	1862.511	7	0.000102843
7639	1862.755	10	0.000146919
7640	1862.998	7	0.000102843
7641	1863.242	9	0.000132227
7642	1863.486	4	5.87674e-05
7643	1863.730	4	5.87674e-05
7644	1863.974	2	2.93837e-05
7645	1864.218	10	0.000146919
7646	1864.462	9	0.000132227
7647	1864.705	6	8.81511e-05
7648	1864.949	5	7.34593e-05
7649	1865.193	5	7.34593e-05
7650	1865.437	6	8.81511e-05
7651	1865.681	8	0.000117535
7652	1865.925	8	0.000117535
7653	1866.169	7	0.000102843
7654	1866.413	4	5.87674e-05
7655	1866.656	6	8.81511e-05
7656	1866.900	5	7.34593e-05
7657	1867.144	11	0.00016161
7658	1867.388	11	0.00016161
7659	1867.632	5	7.34593e-05
7660	1867.876	10	0.000146919
7661	1868.120	12	0.000176302
7662	1868.363	9	0.000132227
7663	1868.607	7	0.000102843
7664	1868.851	5	7.34593e-05
7665	1869.095	4	5.87674e-05
7666	1869.339	7	0.000102843
7667	1869.583	9	0.000132227
7668	1869.827	9	0.000132227
7669	1870.071	5	7.34593e-05
7670	1870.314	8	0.000117535
7671	1870.558	11	0.00016161
7672	1870.802	9	0.000132227
7673	1871.046	11	0.00016161
7674	1871.290	9	0.000132227
7675	1871.534	8	0.000117535
7676	1871.778	6	8.81511e-05
7677	1872.021	4	5.87674e-05
7678	1872.265	6	8.81511e-05
7679	1872.509	5	7.34593e-05
7680	1872.753	8	0.000117535
7681	1872.997	8	0.000117535
7682	1873.241	7	0.000102843
7683	1873.485	11	0.00016161
7684	1873.728	11	0.00016161
7685	1873.972	6	8.81511e-05
7686	1874.216	8	0.000117535
7687	1874.460	7	0.000102843
7688	1874.704	9	0.000132227
7689	1874.948	11	0.00016161
7690	1875.192	11	0.00016161
7691	1875.436	9	0.000132227
7692	1875.679	7	0.000102843
7693	1875.923	7	0.000102843
7694	1876.167	8	0.000117535
7695	1876.411	8	0.000117535
7696	1876.655	6	8.81511e-05
7697	1876.899	6	8.81511e-05
7698	1877.143	8	0.000117535
7699	1877.386	10	0.000146919
7700	1877.630	6	8.81511e-05
7701	1877.874	5	7.34593e-05
7702	1878.118	7	0.000102843
7703	1878.362	8	0.000117535
7704	1878.606	6	8.81511e-05
7705	1878.850	4	5.87674e-05
7706	1879.093	6	8.81511e-05
7707	1879.337	5	7.34593e-05
7708	1879.581	14	0.000205686
7709	1879.825	13	0.000190994
7710	1880.069	6	8.81511e-05
7711	1880.313	10	0.000146919
7712	1880.557	9	0.000132227
7713	1880.801	7	0.000102843
7714	1881.044	7	0.000102843
7715	1881.288	7	0.000102843
7716	1881.532	12	0.000176302
7717	1881.776	5	7.34593e-05
7718	1882.020	7	0.000102843
7719	1882.264	3	4.40756e-05
7720	1882.508	6	8.81511e-05
7721	1882.751	6	8.81511e-05
7722	1882.995	2	2.93837e-05
7723	1883.239	9	0.000132227
7724	1883.483	5	7.34593e-05
7725	1883.727	8	0.000117535
7726	1883.971	6	8.81511e-05
7727	1884.215	7	0.000102843
7728	1884.459	8	0.000117535
7729	1884.702	6	8.81511e-05
7730	1884.946	5	7.34593e-05
7731	1885.190	7	0.000102843
7732	1885.434	5	7.34593e-05
7733	1885.678	6	8.81511e-05
7734	1885.922	9	0.000132227
7735	1886.166	7	0.000102843
7736	1886.409	7	0.000102843
7737	1886.653	5	7.34593e-05
7738	1886.897	5	7.34593e-05
7739	1887.141	10	0.000146919
7740	1887.385	8	0.000117535
7741	1887.629	5	7.34593e-05
7742	1887.873	8	0.000117535
7743	1888.116	5	7.34593e-05
7744	1888.360	6	8.81511e-05
7745	1888.604	8	0.000117535
7746	1888.848	6	8.81511e-05
7747	1889.092	3	4.40756e-05
7748	1889.336	6	8.81511e-05
7749	1889.580	6	8.81511e-05
7750	1889.824	8	0.000117535
7751	1890.067	1	1.46919e-05
7752	1890.311	8	0.000117535
7753	1890.555	4	5.87674e-05
7754	1890.799	7	0.000102843
7755	1891.043	10	0.000146919
7756	1891.287	4	5.87674e-05
7757	1891.531	11	0.00016161
7758	1891.774	8	0.000117535
7759	1892.018	9	0.000132227
7760	1892.262	8	0.000117535
7761	1892.506	9	0.000132227
7762	1892.750	6	8.81511e-05
7763	1892.994	13	0.000190994
7764	1893.238	9	0.000132227
7765	1893.482	8	0.000117535
7766	1893.725	5	7.34593e-05
7767	1893.969	9	0.000132227
7768	1894.213	11	0.00016161
7769	1894.457	9	0.000132227
7770	1894.701	12	0.000176302
7771	1894.945	9	0.000132227
7772	1895.189	5	7.34593e-05
7773	1895.432	12	0.000176302
7774	1895.676	12	0.000176302
7775	1895.920	5	7.34593e-05
7776	1896.164	12	0.000176302
7777	1896.408	6	8.81511e-05
7778	1896.652	7	0.000102843
7779	1896.896	11	0.00016161
7780	1897.139	9	0.000132227
7781	1897.383	6	8.81511e-05
7782	1897.627	4	5.87674e-05
7783	1897.871	4	5.87674e-05
7784	1898.115	5	7.34593e-05
7785	1898.359	6	8.81511e-05
7786	1898.603	8	0.000117535
7787	1898.847	8	0.000117535
7788	1899.090	12	0.000176302
7789	1899.334	10	0.000146919
7790	1899.578	7	0.000102843
7791	1899.822	7	0.000102843
7792	1900.066	7	0.000102843
7793	1900.310	10	0.000146919
7794	1900.554	2	2.93837e-05
7795	1900.797	4	5.87674e-05
7796	1901.041	9	0.000132227
7797	1901.285	6	8.81511e-05
7798	1901.529	6	8.81511e-05
7799	1901.773	7	0.000102843
7800	1902.017	4	5.87674e-05
7801	1902.261	6	8.81511e-05
7802	1902.504	10	0.000146919
7803	1902.748	4	5.87674e-05
7804	1902.992	4	5.87674e-05
7805	1903.236	10	0.000146919
7806	1903.480	4	5.87674e-05
7807	1903.724	7	0.000102843
7808	1903.968	9	0.000132227
7809	1904.212	5	7.34593e-05
7810	1904.455	8	0.000117535
7811	1904.699	4	5.87674e-05
7812	1904.943	3	4.40756e-05
7813	1905.187	7	0.000102843
7814	1905.431	5	7.34593e-05
7815	1905.675	6	8.81511e-05
7816	1905.919	7	0.000102843
7817	1906.162	4	5.87674e-05
7818	1906.406	9	0.000132227
7819	1906.650	6	8.81511e-05
7820	1906.894	5	7.34593e-05
7821	1907.138	9	0.000132227
7822	1907.382	2	2.93837e-05
7823	1907.626	6	8.81511e-05
7824	1907.870	4	5.87674e-05
7825	1908.113	5	7.34593e-05
7826	1908.357	11	0.00016161
7827	1908.601	7	0.000102843
7828	1908.845	7	0.000102843
7829	1909.089	6	8.81511e-05
7830	1909.333	10	0.000146919
7831	1909.577	5	7.34593e-05
7832	1909.820	4	5.87674e-05
7833	1910.064	4	5.87674e-05
7834	1910.308	7	0.000102843
7835	1910.552	4	5.87674e-05
7836	1910.796	11	0.00016161
7837	1911.040	8	0.000117535
7838	1911.284	4	5.87674e-05
7839	1911.527	8	0.000117535
7840	1911.771	6	8.81511e-05
7841	1912.015	9	0.000132227
7842	1912.259	10	0.000146919
7843	1912.503	7	0.000102843
7844	1912.747	4	5.87674e-05
7845	1912.991	4	5.87674e-05
7846	1913.235	2	2.93837e-05
7847	1913.478	2	2.93837e-05
7848	1913.722	5	7.34593e-05
7849	1913.966	8	0.000117535
7850	1914.210	6	8.81511e-05
7851	1914.454	4	5.87674e-05
7852	1914.698	5	7.34593e-05
7853	1914.942	2	2.93837e-05
7854	1915.185	8	0.000117535
7855	1915.429	12	0.000176302
7856	1915.673	2	2.93837e-05
7857	1915.917	4	5.87674e-05
7858	1916.161	10	0.000146919
7859	1916.405	5	7.34593e-05
7860	1916.649	10	0.000146919
7861	1916.892	8	0.000117535
7862	1917.136	6	8.81511e-05
7863	1917.380	8	0.000117535
7864	1917.624	8	0.000117535
7865	1917.868	9	0.000132227
7866	1918.112	5	7.34593e-05
7867	1918.356	7	0.000102843
7868	1918.600	2	2.93837e-05
7869	1918.843	9	0.000132227
7870	1919.087	7	0.000102843
7871	1919.331	11	0.00016161
7872	1919.575	10	0.000146919
7873	1919.819	4	5.87674e-05
7874	1920.063	6	8.81511e-05
7875	1920.307	6	8.81511e-05
7876	1920.550	7	0.000102843
7877	1920.794	8	0.000117535
7878	1921.038	11	0.00016161
7879	1921.282	8	0.000117535
7880	1921.526	9	0.000132227
7881	1921.770	5	7.34593e-05
7882	1922.014	7	0.000102843
7883	1922.258	6	8.81511e-05
7884	1922.501	4	5.87674e-05
7885	1922.745	4	5.87674e-05
7886	1922.989	10	0.000146919
7887	1923.233	9	0.000132227
7888	1923.477	5	7.34593e-05
7889	1923.721	4	5.87674e-05
7890	1923.965	7	0.000102843
7891	1924.208	7	0.000102843
7892	1924.452	7	0.000102843
7893	1924.696	10	0.000146919
7894	1924.940	7	0.000102843
7895	1925.184	10	0.000146919
7896	1925.428	2	2.93837e-05
7897	1925.672	5	7.34593e-05
7898	1925.915	3	4.40756e-05
7899	1926.159	7	0.000102843
7900	1926.403	10	0.000146919
7901	1926.647	6	8.81511e-05
7902	1926.891	3	4.40756e-05
7903	1927.135	7	0.000102843
7904	1927.379	6	8.81511e-05
7905	1927.623	3	4.40756e-05
7906	1927.866	6	8.81511e-05
7907	1928.110	8	0.000117535
7908	1928.354	8	0.000117535
7909	1928.598	7	0.000102843
7910	1928.842	5	7.34593e-05
7911	1929.086	7	0.000102843
7912	1929.330	2	2.93837e-05
7913	1929.573	12	0.000176302
7914	1929.817	5	7.34593e-05
7915	1930.061	4	5.87674e-05
7916	1930.305	9	0.000132227
7917	1930.549	8	0.000117535
7918	1930.793	2	2.93837e-05
7919	1931.037	4	5.87674e-05
7920	1931.280	11	0.00016161
7921	1931.524	3	4.40756e-05
7922	1931.768	7	0.000102843
7923	1932.012	9	0.000132227
7924	1932.256	2	2.93837e-05
7925	1932.500	7	0.000102843
7926	1932.744	3	4.40756e-05
7927	1932.988	4	5.87674e-05
7928	1933.231	11	0.00016161
7929	1933.475	9	0.000132227
7930	1933.719	7	0.000102843
7931	1933.963	10	0.000146919
7932	1934.207	6	8.81511e-05
7933	1934.451	4	5.87674e-05
7934	1934.695	6	8.81511e-05
7935	1934.938	10	0.000146919
7936	1935.182	9	0.000132227
7937	1935.426	9	0.000132227
7938	1935.670	4	5.87674e-05
7939	1935.914	4	5.87674e-05
7940	1936.158	6	8.81511e-05
7941	1936.402	5	7.34593e-05
7942	1936.646	8	0.000117535
7943	1936.889	11	0.00016161
7944	1937.133	8	0.000117535
7945	1937.377	2	2.93837e-05
7946	1937.621	10	0.000146919
7947	1937.865	5	7.34593e-05
7948	1938.109	8	0.000117535
7949	1938.353	7	0.000102843
7950	1938.596	2	2.93837e-05
7951	1938.840	6	8.81511e-05
7952	1939.084	7	0.000102843
7953	1939.328	3	4.40756e-05
7954	1939.572	9	0.000132227
7955	1939.816	6	8.81511e-05
7956	1940.060	4	5.87674e-05
7957	1940.303	4	5.87674e-05
7958	1940.547	5	7.34593e-05
7959	1940.791	8	0.000117535
7960	1941.035	6	8.81511e-05
7961	1941.279	7	0.000102843
7962	1941.523	3	4.40756e-05
7963	1941.767	7	0.000102843
7964	1942.011	4	5.87674e-05
7965	1942.254	7	0.000102843
7966	1942.498	8	0.000117535
7967	1942.742	8	0.000117535
7968	1942.986	7	0.000102843
7969	1943.230	9	0.000132227
7970	1943.474	4	5.87674e-05
7971	1943.718	5	7.34593e-05
7972	1943.961	9	0.000132227
7973	1944.205	7	0.000102843
7974	1944.449	3	4.40756e-05
7975	1944.693	3	4.40756e-05
7976	1944.937	6	8.81511e-05
7977	1945.181	9	0.000132227
7978	1945.425	10	0.000146919
7979	1945.669	1	1.46919e-05
7980	1945.912	9	0.000132227
7981	1946.156	14	0.000205686
7982	1946.400	6	8.81511e-05
7983	1946.644	3	4.40756e-05
7984	1946.888	8	0.000117535
7985	1947.132	7	0.000102843
7986	1947.376	6	8.81511e-05
7987	1947.619	4	5.87674e-05
7988	1947.863	5	7.34593e-05
7989	1948.107	6	8.81511e-05
7990	1948.351	6	8.81511e-05
7991	1948.595	6	8.81511e-05
7992	1948.839	5	7.34593e-05
7993	1949.083	5	7.34593e-05
7994	1949.326	4	5.87674e-05
7995	1949.570	8	0.000117535
7996	1949.814	9	0.000132227
7997	1950.058	6	8.81511e-05
7998	1950.302	8	0.000117535
7999	1950.546	9	0.000132227
8000	1950.790	6	8.81511e-05
8001	1951.034	5	7.34593e-05
8002	1951.277	3	4.40756e-05
8003	1951.521	2	2.93837e-05
8004	1951.765	6	8.81511e-05
8005	1952.009	7	0.000102843
8006	1952.253	7	0.000102843
8007	1952.497	5	7.34593e-05
8008	1952.741	8	0.000117535
8009	1952.984	5	7.34593e-05
8010	1953.228	11	0.00016161
8011	1953.472	3	4.40756e-05
8012	1953.716	9	0.000132227
8013	1953.960	6	8.81511e-05
8014	1954.204	8	0.000117535
8015	1954.448	5	7.34593e-05
8016	1954.691	5	7.34593e-05
8017	1954.935	6	8.81511e-05
8018	1955.179	8	0.000117535
8019	1955.423	8	0.000117535
8020	1955.667	7	0.000102843
8021	1955.911	4	5.87674e-05
8022	1956.155	2	2.93837e-05
8023	1956.399	4	5.87674e-05
8024	1956.642	7	0.000102843
8025	1956.886	4	5.87674e-05
8026	1957.130	8	0.000117535
8027	1957.374	4	5.87674e-05
8028	1957.618	8	0.000117535
8029	1957.862	9	0.000132227
8030	1958.106	6	8.81511e-05
8031	1958.349	8	0.000117535
8032	1958.593	6	8.81511e-05
8033	1958.837	11	0.00016161
8034	1959.081	15	0.000220378
8035	1959.325	7	0.000102843
8036	1959.569	6	8.81511e-05
8037	1959.813	9	0.000132227
8038	1960.057	4	5.87674e-05
8039	1960.300	5	7.34593e-05
8040	1960.544	7	0.000102843
8041	1960.788	7	0.000102843
8042	1961.032	7	0.000102843
8043	1961.276	4	5.87674e-05
8044	1961.520	6	8.81511e-05
8045	1961.764	3	4.40756e-05
8046	1962.007	5	7.34593e-05
8047	1962.251	3	4.40756e-05
8048	1962.495	8	0.000117535
8049	1962.739	9	0.000132227
8050	1962.983	7	0.000102843
8051	1963.227	7	0.000102843
8052	1963.471	12	0.000176302
8053	1963.714	7	0.000102843
8054	1963.958	5	7.34593e-05
8055	1964.202	10	0.000146919
8056	1964.446	9	0.000132227
8057	1964.690	3	4.40756e-05
8058	1964.934	8	0.000117535
8059	1965.178	4	5.87674e-05
8060	1965.422	5	7.34593e-05
8061	1965.665	5	7.34593e-05
8062	1965.909	5	7.34593e-05
8063	1966.153	7	0.000102843
8064	1966.397	2	2.93837e-05
8065	1966.641	4	5.87674e-05
8066	1966.885	5	7.34593e-05
8067	1967.129	7	0.000102843
8068	1967.372	4	5.87674e-05
8069	1967.616	13	0.000190994
8070	1967.860	9	0.000132227
8071	1968.104	4	5.87674e-05
8072	1968.348	6	8.81511e-05
8073	1968.592	8	0.000117535
8074	1968.836	5	7.34593e-05
8075	1969.079	10	0.000146919
8076	1969.323	4	5.87674e-05
8077	1969.567	5	7.34593e-05
8078	1969.811	3	4.40756e-05
8079	1970.055	3	4.40756e-05
8080	1970.299	6	8.81511e-05
8081	1970.543	6	8.81511e-05
8082	1970.787	7	0.000102843
8083	1971.030	6	8.81511e-05
8084	1971.274	6	8.81511e-05
8085	1971.518	7	0.000102843
8086	1971.762	9	0.000132227
8087	1972.006	7	0.000102843
8088	1972.250	6	8.81511e-05
8089	1972.494	4	5.87674e-05
8090	1972.737	4	5.87674e-05
8091	1972.981	4	5.87674e-05
8092	1973.225	4	5.87674e-05
8093	1973.469	6	8.81511e-05
8094	1973.713	11	0.00016161
8095	1973.957	5	7.34593e-05
8096	1974.201	7	0.000102843
8097	1974.445	9	0.000132227
8098	1974.688	12	0.000176302
8099	1974.932	5	7.34593e-05
8100	1975.176	8	0.000117535
8101	1975.420	5	7.34593e-05
8102	1975.664	7	0.000102843
8103	1975.908	6	8.81511e-05
8104	1976.152	7	0.000102843
8105	1976.395	10	0.000146919
8106	1976.639	3	4.40756e-05
8107	1976.883	8	0.000117535
8108	1977.127	5	7.34593e-05
8109	1977.371	7	0.000102843
8110	1977.615	4	5.87674e-05
8111	1977.859	7	0.000102843
8112	1978.102	3	4.40756e-05
8113	1978.346	4	5.87674e-05
8114	1978.590	4	5.87674e-05
8115	1978.834	4	5.87674e-05
8116	1979.078	5	7.34593e-05
8117	1979.322	2	2.93837e-05
8118	1979.566	4	5.87674e-05
8119	1979.810	5	7.34593e-05
8120	1980.053	5	7.34593e-05
8121	1980.297	9	0.000132227
8122	1980.541	8	0.000117535
8123	1980.785	5	7.34593e-05
8124	1981.029	7	0.000102843
8125	1981.273	8	0.000117535
8126	1981.517	8	0.000117535
8127	1981.760	3	4.40756e-05
8128	1982.004	10	0.000146919
8129	1982.248	5	7.34593e-05
8130	1982.492	5	7.34593e-05
8131	1982.736	10	0.000146919
8132	1982.980	6	8.81511e-05
8133	1983.224	5	7.34593e-05
8134	1983.468	5	7.34593e-05
8135	1983.711	6	8.81511e-05
8136	1983.955	5	7.34593e-05
8137	1984.199	7	0.000102843
8138	1984.443	9	0.000132227
8139	1984.687	5	7.34593e-05
8140	1984.931	4	5.87674e-05
8141	1985.175	7	0.000102843
8142	1985.418	3	4.40756e-05
8143	1985.662	5	7.34593e-05
8144	1985.906	8	0.000117535
8145	1986.150	8	0.000117535
8146	1986.394	6	8.81511e-05
8147	1986.638	5	7.34593e-05
8148	1986.882	5	7.34593e-05
8149	1987.125	2	2.93837e-05
8150	1987.369	4	5.87674e-05
8151	1987.613	2	2.93837e-05
8152	1987.857	8	0.000117535
8153	1988.101	5	7.34593e-05
8154	1988.345	3	4.40756e-05
8155	1988.589	5	7.34593e-05
8156	1988.833	5	7.34593e-05
8157	1989.076	5	7.34593e-05
8158	1989.320	5	7.34593e-05
8159	1989.564	3	4.40756e-05
8160	1989.808	5	7.34593e-05
8161	1990.052	10	0.000146919
8162	1990.296	6	8.81511e-05
8163	1990.540	4	5.87674e-05
8164	1990.783	6	8.81511e-05
8165	1991.027	6	8.81511e-05
8166	1991.271	3	4.40756e-05
8167	1991.515	6	8.81511e-05
8168	1991.759	5	7.34593e-05
8169	1992.003	6	8.81511e-05
8170	1992.247	1	1.46919e-05
8171	1992.490	4	5.87674e-05
8172	1992.734	7	0.000102843
8173	1992.978	6	8.81511e-05
8174	1993.222	8	0.000117535
8175	1993.466	5	7.34593e-05
8176	1993.710	4	5.87674e-05
8177	1993.954	10	0.000146919
8178	1994.198	8	0.000117535
8179	1994.441	8	0.000117535
8180	1994.685	6	8.81511e-05
8181	1994.929	5	7.34593e-05
8182	1995.173	5	7.34593e-05
8183	1995.417	5	7.34593e-05
8184	1995.661	9	0.000132227
8185	1995.905	7	0.000102843
8186	1996.148	2	2.93837e-05
8187	1996.392	7	0.000102843
8188	1996.636	6	8.81511e-05
8189	1996.880	5	7.34593e-05
8190	1997.124	4	5.87674e-05
8191	1997.368	5	7.34593e-05
8192	1997.612	2	2.93837e-05
