#
# Sample name: Sample title.                                                   
# Sample id:   
# Sample type: 
# User name:   
# Sample description: 
#
# Start time:    2025-12-19, 11:55:27
# Real time (s): 2965.560
# Live time (s): 2907.130
#
# Total counts:  4353092
#
# Left marker:  20 (4.751 keV)
# Right marker: 50 (12.067 keV)
# Counts:       82405
#
# Energy calibration coefficients ( E = sum(Ai * n**i) )
#     A0: -0.126274
#     A1: 0.243864
#     A2: 0.000000
#     A3: 0.000000
# Energy unit: keV
#
# Channel data
# n	energy(keV)	counts	rate(1/s)
#-----------------------------------------------------------------------
1	0.118	0	0
2	0.361	1	0.000343982
3	0.605	0	0
4	0.849	1	0.000343982
5	1.093	0	0
6	1.337	0	0
7	1.581	2	0.000687964
8	1.825	1	0.000343982
9	2.069	0	0
10	2.312	1	0.000343982
11	2.556	0	0
12	2.800	0	0
13	3.044	2	0.000687964
14	3.288	1	0.000343982
15	3.532	2	0.000687964
16	3.776	0	0
17	4.019	0	0
18	4.263	0	0
19	4.507	1	0.000343982
20	4.751	4	0.00137593
21	4.995	2	0.000687964
22	5.239	0	0
23	5.483	2	0.000687964
24	5.726	0	0
25	5.970	1	0.000343982
26	6.214	28	0.00963149
27	6.458	170	0.0584769
28	6.702	666	0.229092
29	6.946	1153	0.396611
30	7.190	1479	0.508749
31	7.434	1743	0.59956
32	7.677	1791	0.616072
33	7.921	1817	0.625015
34	8.165	1757	0.604376
35	8.409	1763	0.60644
36	8.653	1536	0.528356
37	8.897	1530	0.526292
38	9.141	1519	0.522508
39	9.384	1629	0.560346
40	9.628	1799	0.618823
41	9.872	2124	0.730617
42	10.116	2413	0.830028
43	10.360	3013	1.03642
44	10.604	3718	1.27892
45	10.848	4685	1.61156
46	11.091	5734	1.97239
47	11.335	7317	2.51692
48	11.579	8939	3.07485
49	11.823	10988	3.77967
50	12.067	13089	4.50238
51	12.311	14775	5.08233
52	12.555	15817	5.44076
53	12.799	17121	5.88931
54	13.042	19471	6.69767
55	13.286	22812	7.84691
56	13.530	27729	9.53827
57	13.774	32408	11.1478
58	14.018	35969	12.3727
59	14.262	35483	12.2055
60	14.506	32061	11.0284
61	14.749	26259	9.03262
62	14.993	20204	6.94981
63	15.237	15133	5.20548
64	15.481	11876	4.08513
65	15.725	9980	3.43294
66	15.969	8796	3.02566
67	16.213	7943	2.73225
68	16.457	7375	2.53687
69	16.700	6738	2.31775
70	16.944	7072	2.43264
71	17.188	7745	2.66414
72	17.432	8502	2.92453
73	17.676	9095	3.12852
74	17.920	9100	3.13023
75	18.164	8331	2.86571
76	18.407	6921	2.3807
77	18.651	5222	1.79627
78	18.895	4212	1.44885
79	19.139	3828	1.31676
80	19.383	4154	1.4289
81	19.627	5026	1.72885
82	19.871	6908	2.37623
83	20.114	9618	3.30842
84	20.358	13253	4.55879
85	20.602	18979	6.52843
86	20.846	28048	9.648
87	21.090	43373	14.9195
88	21.334	67900	23.3564
89	21.578	102181	35.1484
90	21.822	138899	47.7787
91	22.065	167359	57.5685
92	22.309	173755	59.7686
93	22.553	154810	53.2518
94	22.797	118444	40.7426
95	23.041	77305	26.5915
96	23.285	45432	15.6278
97	23.529	24355	8.37768
98	23.772	15091	5.19103
99	24.016	13651	4.6957
100	24.260	17241	5.93059
101	24.504	24290	8.35532
102	24.748	31721	10.9114
103	24.992	37115	12.7669
104	25.236	38166	13.1284
105	25.479	33864	11.6486
106	25.723	26211	9.01611
107	25.967	18117	6.23192
108	26.211	11398	3.92071
109	26.455	7203	2.4777
110	26.699	4558	1.56787
111	26.943	3240	1.1145
112	27.187	2490	0.856515
113	27.430	2286	0.786343
114	27.674	2210	0.7602
115	27.918	2374	0.816613
116	28.162	2621	0.901576
117	28.406	2919	1.00408
118	28.650	3095	1.06462
119	28.894	3417	1.17539
120	29.137	3633	1.24969
121	29.381	4211	1.44851
122	29.625	5269	1.81244
123	29.869	7360	2.53171
124	30.113	11152	3.83609
125	30.357	16174	5.56356
126	30.601	21721	7.47163
127	30.845	25532	8.78254
128	31.088	26298	9.04604
129	31.332	24128	8.29959
130	31.576	19366	6.66155
131	31.820	14379	4.94612
132	32.064	10538	3.62488
133	32.308	8765	3.015
134	32.552	8521	2.93107
135	32.795	9974	3.43088
136	33.039	12007	4.13019
137	33.283	13456	4.62862
138	33.527	14015	4.82091
139	33.771	12695	4.36685
140	34.015	10604	3.64758
141	34.259	8421	2.89667
142	34.502	7206	2.47873
143	34.746	6775	2.33048
144	34.990	6848	2.35559
145	35.234	6567	2.25893
146	35.478	5918	2.03568
147	35.722	5108	1.75706
148	35.966	4180	1.43784
149	36.210	3320	1.14202
150	36.453	2651	0.911896
151	36.697	2347	0.807325
152	36.941	2219	0.763296
153	37.185	2365	0.813517
154	37.429	2841	0.977252
155	37.673	3269	1.12448
156	37.917	3470	1.19362
157	38.160	3476	1.19568
158	38.404	3075	1.05774
159	38.648	2527	0.869242
160	38.892	2023	0.695875
161	39.136	1628	0.560002
162	39.380	1244	0.427913
163	39.624	1015	0.349142
164	39.868	892	0.306832
165	40.111	717	0.246635
166	40.355	732	0.251795
167	40.599	692	0.238035
168	40.843	682	0.234596
169	41.087	669	0.230124
170	41.331	632	0.217397
171	41.575	663	0.22806
172	41.818	685	0.235628
173	42.062	700	0.240787
174	42.306	697	0.239755
175	42.550	702	0.241475
176	42.794	684	0.235284
177	43.038	751	0.25833
178	43.282	760	0.261426
179	43.525	791	0.27209
180	43.769	711	0.244571
181	44.013	802	0.275873
182	44.257	723	0.248699
183	44.501	712	0.244915
184	44.745	733	0.252139
185	44.989	748	0.257298
186	45.233	734	0.252483
187	45.476	747	0.256954
188	45.720	707	0.243195
189	45.964	687	0.236316
190	46.208	742	0.255235
191	46.452	737	0.253515
192	46.696	781	0.26865
193	46.940	774	0.266242
194	47.183	796	0.27381
195	47.427	792	0.272434
196	47.671	829	0.285161
197	47.915	890	0.306144
198	48.159	957	0.329191
199	48.403	1031	0.354645
200	48.647	1016	0.349486
201	48.890	1147	0.394547
202	49.134	1204	0.414154
203	49.378	1260	0.433417
204	49.622	1323	0.455088
205	49.866	1293	0.444769
206	50.110	1375	0.472975
207	50.354	1421	0.488798
208	50.598	1438	0.494646
209	50.841	1380	0.474695
210	51.085	1418	0.487766
211	51.329	1426	0.490518
212	51.573	1484	0.510469
213	51.817	1534	0.527668
214	52.061	1581	0.543835
215	52.305	1713	0.589241
216	52.548	1732	0.595777
217	52.792	1928	0.663197
218	53.036	2078	0.714794
219	53.280	1999	0.68762
220	53.524	2060	0.708603
221	53.768	1815	0.624327
222	54.012	1588	0.546243
223	54.256	1509	0.519069
224	54.499	1404	0.482951
225	54.743	1310	0.450616
226	54.987	1303	0.448208
227	55.231	1260	0.433417
228	55.475	1217	0.418626
229	55.719	1210	0.416218
230	55.963	1247	0.428945
231	56.206	1110	0.38182
232	56.450	1154	0.396955
233	56.694	1124	0.386636
234	56.938	1050	0.361181
235	57.182	1116	0.383884
236	57.426	1002	0.34467
237	57.670	1155	0.397299
238	57.913	1306	0.44924
239	58.157	1803	0.620199
240	58.401	3106	1.06841
241	58.645	5748	1.97721
242	58.889	9880	3.39854
243	59.133	15281	5.25639
244	59.377	20450	7.03443
245	59.621	23301	8.01512
246	59.864	22898	7.8765
247	60.108	18993	6.53325
248	60.352	13610	4.68159
249	60.596	8284	2.84955
250	60.840	4544	1.56305
251	61.084	2364	0.813173
252	61.328	1373	0.472287
253	61.571	1010	0.347422
254	61.815	941	0.323687
255	62.059	943	0.324375
256	62.303	884	0.30408
257	62.547	854	0.293761
258	62.791	811	0.278969
259	63.035	831	0.285849
260	63.278	805	0.276905
261	63.522	805	0.276905
262	63.766	824	0.283441
263	64.010	765	0.263146
264	64.254	796	0.27381
265	64.498	844	0.290321
266	64.742	851	0.292729
267	64.986	771	0.26521
268	65.229	859	0.29548
269	65.473	934	0.321279
270	65.717	935	0.321623
271	65.961	991	0.340886
272	66.205	1000	0.343982
273	66.449	1020	0.350862
274	66.693	969	0.333318
275	66.936	975	0.335382
276	67.180	901	0.309928
277	67.424	980	0.337102
278	67.668	968	0.332974
279	67.912	943	0.324375
280	68.156	923	0.317495
281	68.400	912	0.313711
282	68.644	867	0.298232
283	68.887	849	0.292041
284	69.131	915	0.314743
285	69.375	922	0.317151
286	69.619	930	0.319903
287	69.863	950	0.326783
288	70.107	883	0.303736
289	70.351	900	0.309584
290	70.594	923	0.317495
291	70.838	943	0.324375
292	71.082	933	0.320935
293	71.326	906	0.311648
294	71.570	937	0.322311
295	71.814	933	0.320935
296	72.058	918	0.315775
297	72.301	947	0.325751
298	72.545	868	0.298576
299	72.789	884	0.30408
300	73.033	836	0.287569
301	73.277	852	0.293073
302	73.521	864	0.2972
303	73.765	878	0.302016
304	74.009	802	0.275873
305	74.252	870	0.299264
306	74.496	873	0.300296
307	74.740	825	0.283785
308	74.984	906	0.311648
309	75.228	809	0.278281
310	75.472	839	0.288601
311	75.716	818	0.281377
312	75.959	851	0.292729
313	76.203	794	0.273122
314	76.447	828	0.284817
315	76.691	760	0.261426
316	76.935	815	0.280345
317	77.179	799	0.274842
318	77.423	801	0.275529
319	77.666	764	0.262802
320	77.910	789	0.271402
321	78.154	824	0.283441
322	78.398	815	0.280345
323	78.642	892	0.306832
324	78.886	949	0.326439
325	79.130	1112	0.382508
326	79.374	1323	0.455088
327	79.617	1605	0.552091
328	79.861	2308	0.79391
329	80.105	3058	1.0519
330	80.349	4626	1.59126
331	80.593	6352	2.18497
332	80.837	8250	2.83785
333	81.081	9346	3.21485
334	81.324	9404	3.23481
335	81.568	7661	2.63525
336	81.812	5582	1.92011
337	82.056	3761	1.29372
338	82.300	2211	0.760544
339	82.544	1407	0.483982
340	82.788	962	0.330911
341	83.032	833	0.286537
342	83.275	782	0.268994
343	83.519	795	0.273466
344	83.763	765	0.263146
345	84.007	776	0.26693
346	84.251	785	0.270026
347	84.495	767	0.263834
348	84.739	801	0.275529
349	84.982	754	0.259362
350	85.226	768	0.264178
351	85.470	842	0.289633
352	85.714	797	0.274154
353	85.958	786	0.27037
354	86.202	758	0.260738
355	86.446	888	0.305456
356	86.689	1073	0.369093
357	86.933	1547	0.53214
358	87.177	2523	0.867866
359	87.421	4105	1.41205
360	87.665	5889	2.02571
361	87.909	7795	2.68134
362	88.153	8275	2.84645
363	88.397	8407	2.89186
364	88.640	6824	2.34733
365	88.884	4965	1.70787
366	89.128	3298	1.13445
367	89.372	2014	0.692779
368	89.616	1196	0.411402
369	89.860	884	0.30408
370	90.104	753	0.259018
371	90.347	745	0.256266
372	90.591	744	0.255923
373	90.835	747	0.256954
374	91.079	787	0.270714
375	91.323	720	0.247667
376	91.567	802	0.275873
377	91.811	725	0.249387
378	92.055	790	0.271746
379	92.298	809	0.278281
380	92.542	762	0.262114
381	92.786	770	0.264866
382	93.030	787	0.270714
383	93.274	818	0.281377
384	93.518	748	0.257298
385	93.762	795	0.273466
386	94.005	769	0.264522
387	94.249	727	0.250075
388	94.493	775	0.266586
389	94.737	771	0.26521
390	94.981	739	0.254203
391	95.225	758	0.260738
392	95.469	742	0.255235
393	95.712	742	0.255235
394	95.956	792	0.272434
395	96.200	743	0.255579
396	96.444	748	0.257298
397	96.688	767	0.263834
398	96.932	728	0.250419
399	97.176	723	0.248699
400	97.420	763	0.262458
401	97.663	743	0.255579
402	97.907	762	0.262114
403	98.151	736	0.253171
404	98.395	745	0.256266
405	98.639	741	0.254891
406	98.883	776	0.26693
407	99.127	781	0.26865
408	99.370	749	0.257642
409	99.614	742	0.255235
410	99.858	725	0.249387
411	100.102	738	0.253859
412	100.346	761	0.26177
413	100.590	785	0.270026
414	100.834	797	0.274154
415	101.077	739	0.254203
416	101.321	788	0.271058
417	101.565	746	0.25661
418	101.809	758	0.260738
419	102.053	727	0.250075
420	102.297	796	0.27381
421	102.541	768	0.264178
422	102.785	793	0.272778
423	103.028	795	0.273466
424	103.272	816	0.280689
425	103.516	816	0.280689
426	103.760	730	0.251107
427	104.004	734	0.252483
428	104.248	773	0.265898
429	104.492	768	0.264178
430	104.735	741	0.254891
431	104.979	718	0.246979
432	105.223	752	0.258674
433	105.467	702	0.241475
434	105.711	758	0.260738
435	105.955	767	0.263834
436	106.199	719	0.247323
437	106.443	684	0.235284
438	106.686	737	0.253515
439	106.930	726	0.249731
440	107.174	699	0.240443
441	107.418	689	0.237004
442	107.662	716	0.246291
443	107.906	698	0.240099
444	108.150	717	0.246635
445	108.393	711	0.244571
446	108.637	695	0.239067
447	108.881	669	0.230124
448	109.125	723	0.248699
449	109.369	697	0.239755
450	109.613	711	0.244571
451	109.857	655	0.225308
452	110.100	721	0.248011
453	110.344	735	0.252827
454	110.588	709	0.243883
455	110.832	762	0.262114
456	111.076	815	0.280345
457	111.320	738	0.253859
458	111.564	848	0.291697
459	111.808	836	0.287569
460	112.051	826	0.284129
461	112.295	805	0.276905
462	112.539	847	0.291353
463	112.783	750	0.257986
464	113.027	710	0.244227
465	113.271	751	0.25833
466	113.515	662	0.227716
467	113.758	660	0.227028
468	114.002	628	0.216021
469	114.246	661	0.227372
470	114.490	664	0.228404
471	114.734	705	0.242507
472	114.978	647	0.222556
473	115.222	696	0.239411
474	115.465	700	0.240787
475	115.709	650	0.223588
476	115.953	675	0.232188
477	116.197	685	0.235628
478	116.441	646	0.222212
479	116.685	665	0.228748
480	116.929	676	0.232532
481	117.173	697	0.239755
482	117.416	654	0.224964
483	117.660	645	0.221868
484	117.904	640	0.220148
485	118.148	649	0.223244
486	118.392	636	0.218772
487	118.636	654	0.224964
488	118.880	680	0.233908
489	119.123	638	0.21946
490	119.367	648	0.2229
491	119.611	666	0.229092
492	119.855	657	0.225996
493	120.099	695	0.239067
494	120.343	805	0.276905
495	120.587	1095	0.37666
496	120.831	1740	0.598528
497	121.074	3353	1.15337
498	121.318	5667	1.94935
499	121.562	9442	3.24788
500	121.806	13645	4.69363
501	122.050	16754	5.76307
502	122.294	17925	6.16587
503	122.538	16411	5.64509
504	122.781	12779	4.39574
505	123.025	8793	3.02463
506	123.269	5304	1.82448
507	123.513	2857	0.982756
508	123.757	1587	0.545899
509	124.001	890	0.306144
510	124.245	651	0.223932
511	124.488	587	0.201917
512	124.732	609	0.209485
513	124.976	581	0.199853
514	125.220	561	0.192974
515	125.464	519	0.178527
516	125.708	559	0.192286
517	125.952	601	0.206733
518	126.196	560	0.19263
519	126.439	577	0.198478
520	126.683	534	0.183686
521	126.927	555	0.19091
522	127.171	602	0.207077
523	127.415	560	0.19263
524	127.659	548	0.188502
525	127.903	543	0.186782
526	128.146	536	0.184374
527	128.390	583	0.200541
528	128.634	592	0.203637
529	128.878	541	0.186094
530	129.122	606	0.208453
531	129.366	520	0.178871
532	129.610	590	0.202949
533	129.853	541	0.186094
534	130.097	601	0.206733
535	130.341	545	0.18747
536	130.585	572	0.196758
537	130.829	553	0.190222
538	131.073	570	0.19607
539	131.317	585	0.201229
540	131.561	571	0.196414
541	131.804	553	0.190222
542	132.048	585	0.201229
543	132.292	528	0.181622
544	132.536	548	0.188502
545	132.780	589	0.202605
546	133.024	558	0.191942
547	133.268	556	0.191254
548	133.511	561	0.192974
549	133.755	603	0.207421
550	133.999	555	0.19091
551	134.243	541	0.186094
552	134.487	588	0.202261
553	134.731	538	0.185062
554	134.975	639	0.219804
555	135.219	643	0.22118
556	135.462	863	0.296856
557	135.706	1151	0.395923
558	135.950	1452	0.499462
559	136.194	2060	0.708603
560	136.438	2422	0.833124
561	136.682	2633	0.905704
562	136.926	2410	0.828996
563	137.169	2087	0.71789
564	137.413	1633	0.561722
565	137.657	1125	0.38698
566	137.901	916	0.315087
567	138.145	692	0.238035
568	138.389	596	0.205013
569	138.633	518	0.178183
570	138.876	551	0.189534
571	139.120	538	0.185062
572	139.364	559	0.192286
573	139.608	530	0.18231
574	139.852	510	0.175431
575	140.096	506	0.174055
576	140.340	512	0.176119
577	140.584	556	0.191254
578	140.827	532	0.182998
579	141.071	559	0.192286
580	141.315	553	0.190222
581	141.559	549	0.188846
582	141.803	550	0.18919
583	142.047	550	0.18919
584	142.291	565	0.19435
585	142.534	522	0.179559
586	142.778	585	0.201229
587	143.022	549	0.188846
588	143.266	592	0.203637
589	143.510	615	0.211549
590	143.754	547	0.188158
591	143.998	543	0.186782
592	144.242	536	0.184374
593	144.485	561	0.192974
594	144.729	557	0.191598
595	144.973	561	0.192974
596	145.217	550	0.18919
597	145.461	566	0.194694
598	145.705	578	0.198822
599	145.949	574	0.197446
600	146.192	576	0.198134
601	146.436	531	0.182654
602	146.680	539	0.185406
603	146.924	561	0.192974
604	147.168	547	0.188158
605	147.412	585	0.201229
606	147.656	580	0.199509
607	147.899	582	0.200197
608	148.143	590	0.202949
609	148.387	612	0.210517
610	148.631	558	0.191942
611	148.875	636	0.218772
612	149.119	582	0.200197
613	149.363	525	0.18059
614	149.607	588	0.202261
615	149.850	610	0.209829
616	150.094	518	0.178183
617	150.338	566	0.194694
618	150.582	578	0.198822
619	150.826	582	0.200197
620	151.070	556	0.191254
621	151.314	582	0.200197
622	151.557	574	0.197446
623	151.801	572	0.196758
624	152.045	553	0.190222
625	152.289	557	0.191598
626	152.533	572	0.196758
627	152.777	566	0.194694
628	153.021	518	0.178183
629	153.264	574	0.197446
630	153.508	618	0.212581
631	153.752	593	0.203981
632	153.996	557	0.191598
633	154.240	580	0.199509
634	154.484	575	0.19779
635	154.728	558	0.191942
636	154.972	570	0.19607
637	155.215	609	0.209485
638	155.459	567	0.195038
639	155.703	557	0.191598
640	155.947	577	0.198478
641	156.191	585	0.201229
642	156.435	602	0.207077
643	156.679	607	0.208797
644	156.922	568	0.195382
645	157.166	547	0.188158
646	157.410	552	0.189878
647	157.654	549	0.188846
648	157.898	529	0.181966
649	158.142	532	0.182998
650	158.386	586	0.201573
651	158.630	562	0.193318
652	158.873	544	0.187126
653	159.117	544	0.187126
654	159.361	563	0.193662
655	159.605	598	0.205701
656	159.849	579	0.199166
657	160.093	603	0.207421
658	160.337	653	0.22462
659	160.580	695	0.239067
660	160.824	705	0.242507
661	161.068	681	0.234252
662	161.312	673	0.2315
663	161.556	617	0.212237
664	161.800	621	0.213613
665	162.044	598	0.205701
666	162.287	558	0.191942
667	162.531	574	0.197446
668	162.775	564	0.194006
669	163.019	565	0.19435
670	163.263	595	0.204669
671	163.507	526	0.180934
672	163.751	554	0.190566
673	163.995	606	0.208453
674	164.238	697	0.239755
675	164.482	971	0.334006
676	164.726	1540	0.529732
677	164.970	2554	0.87853
678	165.214	4537	1.56065
679	165.458	6966	2.39618
680	165.702	9658	3.32218
681	165.945	11249	3.86945
682	166.189	11404	3.92277
683	166.433	10285	3.53785
684	166.677	7842	2.69751
685	166.921	5386	1.85269
686	167.165	3314	1.13996
687	167.409	1865	0.641526
688	167.652	1131	0.389043
689	167.896	760	0.261426
690	168.140	586	0.201573
691	168.384	509	0.175087
692	168.628	502	0.172679
693	168.872	486	0.167175
694	169.116	516	0.177495
695	169.360	533	0.183342
696	169.603	507	0.174399
697	169.847	485	0.166831
698	170.091	533	0.183342
699	170.335	527	0.181278
700	170.579	562	0.193318
701	170.823	527	0.181278
702	171.067	526	0.180934
703	171.310	541	0.186094
704	171.554	544	0.187126
705	171.798	526	0.180934
706	172.042	529	0.181966
707	172.286	564	0.194006
708	172.530	554	0.190566
709	172.774	535	0.18403
710	173.018	587	0.201917
711	173.261	589	0.202605
712	173.505	556	0.191254
713	173.749	591	0.203293
714	173.993	544	0.187126
715	174.237	580	0.199509
716	174.481	571	0.196414
717	174.725	553	0.190222
718	174.968	592	0.203637
719	175.212	597	0.205357
720	175.456	553	0.190222
721	175.700	572	0.196758
722	175.944	565	0.19435
723	176.188	565	0.19435
724	176.432	538	0.185062
725	176.675	582	0.200197
726	176.919	575	0.19779
727	177.163	577	0.198478
728	177.407	558	0.191942
729	177.651	512	0.176119
730	177.895	543	0.186782
731	178.139	569	0.195726
732	178.383	522	0.179559
733	178.626	564	0.194006
734	178.870	548	0.188502
735	179.114	536	0.184374
736	179.358	557	0.191598
737	179.602	561	0.192974
738	179.846	492	0.169239
739	180.090	534	0.183686
740	180.333	523	0.179903
741	180.577	521	0.179215
742	180.821	537	0.184718
743	181.065	536	0.184374
744	181.309	518	0.178183
745	181.553	533	0.183342
746	181.797	534	0.183686
747	182.041	567	0.195038
748	182.284	526	0.180934
749	182.528	512	0.176119
750	182.772	495	0.170271
751	183.016	487	0.167519
752	183.260	522	0.179559
753	183.504	493	0.169583
754	183.748	488	0.167863
755	183.991	537	0.184718
756	184.235	508	0.174743
757	184.479	495	0.170271
758	184.723	514	0.176807
759	184.967	480	0.165111
760	185.211	544	0.187126
761	185.455	560	0.19263
762	185.698	511	0.175775
763	185.942	504	0.173367
764	186.186	508	0.174743
765	186.430	548	0.188502
766	186.674	467	0.16064
767	186.918	538	0.185062
768	187.162	525	0.18059
769	187.406	546	0.187814
770	187.649	537	0.184718
771	187.893	487	0.167519
772	188.137	527	0.181278
773	188.381	530	0.18231
774	188.625	553	0.190222
775	188.869	546	0.187814
776	189.113	517	0.177839
777	189.356	519	0.178527
778	189.600	568	0.195382
779	189.844	482	0.165799
780	190.088	515	0.177151
781	190.332	502	0.172679
782	190.576	535	0.18403
783	190.820	516	0.177495
784	191.063	518	0.178183
785	191.307	554	0.190566
786	191.551	532	0.182998
787	191.795	530	0.18231
788	192.039	500	0.171991
789	192.283	500	0.171991
790	192.527	538	0.185062
791	192.771	520	0.178871
792	193.014	504	0.173367
793	193.258	534	0.183686
794	193.502	542	0.186438
795	193.746	477	0.164079
796	193.990	510	0.175431
797	194.234	520	0.178871
798	194.478	522	0.179559
799	194.721	515	0.177151
800	194.965	512	0.176119
801	195.209	542	0.186438
802	195.453	532	0.182998
803	195.697	481	0.165455
804	195.941	492	0.169239
805	196.185	506	0.174055
806	196.429	514	0.176807
807	196.672	505	0.173711
808	196.916	572	0.196758
809	197.160	516	0.177495
810	197.404	505	0.173711
811	197.648	559	0.192286
812	197.892	535	0.18403
813	198.136	533	0.183342
814	198.379	573	0.197102
815	198.623	585	0.201229
816	198.867	637	0.219116
817	199.111	651	0.223932
818	199.355	695	0.239067
819	199.599	707	0.243195
820	199.843	624	0.214645
821	200.086	652	0.224276
822	200.330	549	0.188846
823	200.574	557	0.191598
824	200.818	582	0.200197
825	201.062	510	0.175431
826	201.306	504	0.173367
827	201.550	519	0.178527
828	201.794	548	0.188502
829	202.037	536	0.184374
830	202.281	527	0.181278
831	202.525	502	0.172679
832	202.769	558	0.191942
833	203.013	536	0.184374
834	203.257	518	0.178183
835	203.501	568	0.195382
836	203.744	569	0.195726
837	203.988	540	0.18575
838	204.232	557	0.191598
839	204.476	562	0.193318
840	204.720	557	0.191598
841	204.964	534	0.183686
842	205.208	526	0.180934
843	205.451	511	0.175775
844	205.695	525	0.18059
845	205.939	458	0.157544
846	206.183	490	0.168551
847	206.427	507	0.174399
848	206.671	514	0.176807
849	206.915	487	0.167519
850	207.159	541	0.186094
851	207.402	461	0.158576
852	207.646	497	0.170959
853	207.890	486	0.167175
854	208.134	521	0.179215
855	208.378	485	0.166831
856	208.622	457	0.1572
857	208.866	456	0.156856
858	209.109	505	0.173711
859	209.353	465	0.159952
860	209.597	501	0.172335
861	209.841	491	0.168895
862	210.085	476	0.163735
863	210.329	484	0.166487
864	210.573	453	0.155824
865	210.817	463	0.159264
866	211.060	475	0.163391
867	211.304	454	0.156168
868	211.548	452	0.15548
869	211.792	461	0.158576
870	212.036	502	0.172679
871	212.280	492	0.169239
872	212.524	503	0.173023
873	212.767	494	0.169927
874	213.011	477	0.164079
875	213.255	494	0.169927
876	213.499	472	0.162359
877	213.743	451	0.155136
878	213.987	531	0.182654
879	214.231	513	0.176463
880	214.474	449	0.154448
881	214.718	493	0.169583
882	214.962	497	0.170959
883	215.206	486	0.167175
884	215.450	453	0.155824
885	215.694	483	0.166143
886	215.938	478	0.164423
887	216.182	473	0.162703
888	216.425	443	0.152384
889	216.669	459	0.157888
890	216.913	483	0.166143
891	217.157	473	0.162703
892	217.401	484	0.166487
893	217.645	442	0.15204
894	217.889	480	0.165111
895	218.132	443	0.152384
896	218.376	433	0.148944
897	218.620	475	0.163391
898	218.864	452	0.15548
899	219.108	483	0.166143
900	219.352	488	0.167863
901	219.596	447	0.15376
902	219.839	463	0.159264
903	220.083	440	0.151352
904	220.327	447	0.15376
905	220.571	429	0.147568
906	220.815	467	0.16064
907	221.059	461	0.158576
908	221.303	443	0.152384
909	221.547	447	0.15376
910	221.790	452	0.15548
911	222.034	472	0.162359
912	222.278	491	0.168895
913	222.522	482	0.165799
914	222.766	478	0.164423
915	223.010	495	0.170271
916	223.254	509	0.175087
917	223.497	545	0.18747
918	223.741	492	0.169239
919	223.985	477	0.164079
920	224.229	497	0.170959
921	224.473	478	0.164423
922	224.717	490	0.168551
923	224.961	452	0.15548
924	225.205	472	0.162359
925	225.448	438	0.150664
926	225.692	467	0.16064
927	225.936	436	0.149976
928	226.180	417	0.14344
929	226.424	438	0.150664
930	226.668	441	0.151696
931	226.912	470	0.161671
932	227.155	400	0.137593
933	227.399	394	0.135529
934	227.643	444	0.152728
935	227.887	456	0.156856
936	228.131	458	0.157544
937	228.375	467	0.16064
938	228.619	410	0.141033
939	228.862	420	0.144472
940	229.106	422	0.14516
941	229.350	439	0.151008
942	229.594	435	0.149632
943	229.838	419	0.144128
944	230.082	456	0.156856
945	230.326	450	0.154792
946	230.570	438	0.150664
947	230.813	431	0.148256
948	231.057	433	0.148944
949	231.301	434	0.149288
950	231.545	467	0.16064
951	231.789	389	0.133809
952	232.033	423	0.145504
953	232.277	412	0.141721
954	232.520	431	0.148256
955	232.764	406	0.139657
956	233.008	417	0.14344
957	233.252	407	0.140001
958	233.496	460	0.158232
959	233.740	423	0.145504
960	233.984	421	0.144816
961	234.228	427	0.14688
962	234.471	412	0.141721
963	234.715	389	0.133809
964	234.959	408	0.140345
965	235.203	424	0.145848
966	235.447	424	0.145848
967	235.691	398	0.136905
968	235.935	418	0.143784
969	236.178	410	0.141033
970	236.422	426	0.146536
971	236.666	414	0.142408
972	236.910	395	0.135873
973	237.154	407	0.140001
974	237.398	423	0.145504
975	237.642	435	0.149632
976	237.885	373	0.128305
977	238.129	370	0.127273
978	238.373	391	0.134497
979	238.617	424	0.145848
980	238.861	421	0.144816
981	239.105	386	0.132777
982	239.349	409	0.140689
983	239.593	444	0.152728
984	239.836	402	0.138281
985	240.080	345	0.118674
986	240.324	400	0.137593
987	240.568	363	0.124865
988	240.812	411	0.141377
989	241.056	394	0.135529
990	241.300	378	0.130025
991	241.543	379	0.130369
992	241.787	382	0.131401
993	242.031	397	0.136561
994	242.275	372	0.127961
995	242.519	402	0.138281
996	242.763	364	0.125209
997	243.007	383	0.131745
998	243.250	340	0.116954
999	243.494	413	0.142065
1000	243.738	363	0.124865
1001	243.982	365	0.125553
1002	244.226	397	0.136561
1003	244.470	362	0.124521
1004	244.714	393	0.135185
1005	244.958	367	0.126241
1006	245.201	352	0.121082
1007	245.445	393	0.135185
1008	245.689	377	0.129681
1009	245.933	363	0.124865
1010	246.177	352	0.121082
1011	246.421	409	0.140689
1012	246.665	389	0.133809
1013	246.908	342	0.117642
1014	247.152	361	0.124177
1015	247.396	376	0.129337
1016	247.640	394	0.135529
1017	247.884	386	0.132777
1018	248.128	350	0.120394
1019	248.372	377	0.129681
1020	248.616	362	0.124521
1021	248.859	359	0.123489
1022	249.103	368	0.126585
1023	249.347	347	0.119362
1024	249.591	363	0.124865
1025	249.835	385	0.132433
1026	250.079	359	0.123489
1027	250.323	363	0.124865
1028	250.566	383	0.131745
1029	250.810	369	0.126929
1030	251.054	375	0.128993
1031	251.298	350	0.120394
1032	251.542	366	0.125897
1033	251.786	367	0.126241
1034	252.030	395	0.135873
1035	252.273	362	0.124521
1036	252.517	386	0.132777
1037	252.761	344	0.11833
1038	253.005	388	0.133465
1039	253.249	364	0.125209
1040	253.493	360	0.123833
1041	253.737	383	0.131745
1042	253.981	353	0.121426
1043	254.224	348	0.119706
1044	254.468	315	0.108354
1045	254.712	352	0.121082
1046	254.956	352	0.121082
1047	255.200	349	0.12005
1048	255.444	346	0.119018
1049	255.688	380	0.130713
1050	255.931	346	0.119018
1051	256.175	342	0.117642
1052	256.419	335	0.115234
1053	256.663	335	0.115234
1054	256.907	371	0.127617
1055	257.151	369	0.126929
1056	257.395	343	0.117986
1057	257.638	353	0.121426
1058	257.882	359	0.123489
1059	258.126	337	0.115922
1060	258.370	341	0.117298
1061	258.614	334	0.11489
1062	258.858	364	0.125209
1063	259.102	341	0.117298
1064	259.346	351	0.120738
1065	259.589	348	0.119706
1066	259.833	365	0.125553
1067	260.077	351	0.120738
1068	260.321	333	0.114546
1069	260.565	342	0.117642
1070	260.809	330	0.113514
1071	261.053	329	0.11317
1072	261.296	345	0.118674
1073	261.540	350	0.120394
1074	261.784	321	0.110418
1075	262.028	343	0.117986
1076	262.272	316	0.108698
1077	262.516	368	0.126585
1078	262.760	348	0.119706
1079	263.004	340	0.116954
1080	263.247	376	0.129337
1081	263.491	335	0.115234
1082	263.735	355	0.122114
1083	263.979	328	0.112826
1084	264.223	378	0.130025
1085	264.467	328	0.112826
1086	264.711	355	0.122114
1087	264.954	355	0.122114
1088	265.198	345	0.118674
1089	265.442	325	0.111794
1090	265.686	348	0.119706
1091	265.930	324	0.11145
1092	266.174	321	0.110418
1093	266.418	319	0.10973
1094	266.661	332	0.114202
1095	266.905	364	0.125209
1096	267.149	365	0.125553
1097	267.393	335	0.115234
1098	267.637	325	0.111794
1099	267.881	337	0.115922
1100	268.125	337	0.115922
1101	268.369	371	0.127617
1102	268.612	358	0.123146
1103	268.856	328	0.112826
1104	269.100	324	0.11145
1105	269.344	346	0.119018
1106	269.588	300	0.103195
1107	269.832	324	0.11145
1108	270.076	323	0.111106
1109	270.319	333	0.114546
1110	270.563	320	0.110074
1111	270.807	307	0.105602
1112	271.051	304	0.10457
1113	271.295	341	0.117298
1114	271.539	344	0.11833
1115	271.783	345	0.118674
1116	272.026	321	0.110418
1117	272.270	293	0.100787
1118	272.514	315	0.108354
1119	272.758	342	0.117642
1120	273.002	309	0.10629
1121	273.246	334	0.11489
1122	273.490	323	0.111106
1123	273.734	298	0.102507
1124	273.977	293	0.100787
1125	274.221	323	0.111106
1126	274.465	353	0.121426
1127	274.709	350	0.120394
1128	274.953	339	0.11661
1129	275.197	380	0.130713
1130	275.441	444	0.152728
1131	275.684	526	0.180934
1132	275.928	591	0.203293
1133	276.172	847	0.291353
1134	276.416	958	0.329535
1135	276.660	1096	0.377004
1136	276.904	1048	0.360493
1137	277.148	1024	0.352237
1138	277.392	859	0.29548
1139	277.635	637	0.219116
1140	277.879	524	0.180246
1141	278.123	405	0.139313
1142	278.367	361	0.124177
1143	278.611	342	0.117642
1144	278.855	357	0.122802
1145	279.099	299	0.102851
1146	279.342	358	0.123146
1147	279.586	315	0.108354
1148	279.830	372	0.127961
1149	280.074	310	0.106634
1150	280.318	307	0.105602
1151	280.562	333	0.114546
1152	280.806	305	0.104914
1153	281.049	356	0.122458
1154	281.293	301	0.103539
1155	281.537	335	0.115234
1156	281.781	321	0.110418
1157	282.025	316	0.108698
1158	282.269	314	0.10801
1159	282.513	337	0.115922
1160	282.757	329	0.11317
1161	283.000	322	0.110762
1162	283.244	291	0.100099
1163	283.488	326	0.112138
1164	283.732	313	0.107666
1165	283.976	331	0.113858
1166	284.220	332	0.114202
1167	284.464	336	0.115578
1168	284.707	327	0.112482
1169	284.951	320	0.110074
1170	285.195	340	0.116954
1171	285.439	349	0.12005
1172	285.683	321	0.110418
1173	285.927	280	0.0963149
1174	286.171	307	0.105602
1175	286.415	321	0.110418
1176	286.658	335	0.115234
1177	286.902	349	0.12005
1178	287.146	312	0.107322
1179	287.390	322	0.110762
1180	287.634	283	0.0973469
1181	287.878	326	0.112138
1182	288.122	330	0.113514
1183	288.365	288	0.0990668
1184	288.609	346	0.119018
1185	288.853	340	0.116954
1186	289.097	327	0.112482
1187	289.341	304	0.10457
1188	289.585	304	0.10457
1189	289.829	331	0.113858
1190	290.072	301	0.103539
1191	290.316	328	0.112826
1192	290.560	306	0.105258
1193	290.804	311	0.106978
1194	291.048	296	0.101819
1195	291.292	329	0.11317
1196	291.536	307	0.105602
1197	291.780	331	0.113858
1198	292.023	328	0.112826
1199	292.267	284	0.0976908
1200	292.511	315	0.108354
1201	292.755	315	0.108354
1202	292.999	314	0.10801
1203	293.243	321	0.110418
1204	293.487	318	0.109386
1205	293.730	319	0.10973
1206	293.974	321	0.110418
1207	294.218	325	0.111794
1208	294.462	304	0.10457
1209	294.706	321	0.110418
1210	294.950	298	0.102507
1211	295.194	309	0.10629
1212	295.437	317	0.109042
1213	295.681	318	0.109386
1214	295.925	318	0.109386
1215	296.169	278	0.095627
1216	296.413	313	0.107666
1217	296.657	310	0.106634
1218	296.901	274	0.094251
1219	297.145	324	0.11145
1220	297.388	307	0.105602
1221	297.632	305	0.104914
1222	297.876	315	0.108354
1223	298.120	335	0.115234
1224	298.364	315	0.108354
1225	298.608	343	0.117986
1226	298.852	299	0.102851
1227	299.095	310	0.106634
1228	299.339	334	0.11489
1229	299.583	338	0.116266
1230	299.827	344	0.11833
1231	300.071	343	0.117986
1232	300.315	339	0.11661
1233	300.559	337	0.115922
1234	300.803	323	0.111106
1235	301.046	308	0.105946
1236	301.290	324	0.11145
1237	301.534	373	0.128305
1238	301.778	453	0.155824
1239	302.022	601	0.206733
1240	302.266	862	0.296512
1241	302.510	1168	0.401771
1242	302.753	1570	0.540052
1243	302.997	1835	0.631207
1244	303.241	2057	0.707571
1245	303.485	2057	0.707571
1246	303.729	1788	0.61504
1247	303.973	1323	0.455088
1248	304.217	961	0.330567
1249	304.460	718	0.246979
1250	304.704	510	0.175431
1251	304.948	412	0.141721
1252	305.192	362	0.124521
1253	305.436	342	0.117642
1254	305.680	307	0.105602
1255	305.924	302	0.103883
1256	306.168	357	0.122802
1257	306.411	317	0.109042
1258	306.655	310	0.106634
1259	306.899	335	0.115234
1260	307.143	364	0.125209
1261	307.387	363	0.124865
1262	307.631	352	0.121082
1263	307.875	307	0.105602
1264	308.118	327	0.112482
1265	308.362	351	0.120738
1266	308.606	373	0.128305
1267	308.850	360	0.123833
1268	309.094	309	0.10629
1269	309.338	306	0.105258
1270	309.582	316	0.108698
1271	309.825	314	0.10801
1272	310.069	320	0.110074
1273	310.313	347	0.119362
1274	310.557	306	0.105258
1275	310.801	335	0.115234
1276	311.045	317	0.109042
1277	311.289	336	0.115578
1278	311.533	343	0.117986
1279	311.776	342	0.117642
1280	312.020	314	0.10801
1281	312.264	308	0.105946
1282	312.508	343	0.117986
1283	312.752	327	0.112482
1284	312.996	326	0.112138
1285	313.240	316	0.108698
1286	313.483	340	0.116954
1287	313.727	322	0.110762
1288	313.971	320	0.110074
1289	314.215	345	0.118674
1290	314.459	293	0.100787
1291	314.703	338	0.116266
1292	314.947	318	0.109386
1293	315.191	317	0.109042
1294	315.434	340	0.116954
1295	315.678	301	0.103539
1296	315.922	321	0.110418
1297	316.166	296	0.101819
1298	316.410	312	0.107322
1299	316.654	315	0.108354
1300	316.898	339	0.11661
1301	317.141	351	0.120738
1302	317.385	322	0.110762
1303	317.629	305	0.104914
1304	317.873	321	0.110418
1305	318.117	330	0.113514
1306	318.361	330	0.113514
1307	318.605	400	0.137593
1308	318.848	496	0.170615
1309	319.092	718	0.246979
1310	319.336	1103	0.379412
1311	319.580	1692	0.582017
1312	319.824	2516	0.865458
1313	320.068	3343	1.14993
1314	320.312	4106	1.41239
1315	320.556	4264	1.46674
1316	320.799	4107	1.41273
1317	321.043	3484	1.19843
1318	321.287	2451	0.8431
1319	321.531	1767	0.607816
1320	321.775	1033	0.355333
1321	322.019	675	0.232188
1322	322.263	433	0.148944
1323	322.506	342	0.117642
1324	322.750	334	0.11489
1325	322.994	320	0.110074
1326	323.238	304	0.10457
1327	323.482	297	0.102163
1328	323.726	335	0.115234
1329	323.970	328	0.112826
1330	324.213	314	0.10801
1331	324.457	270	0.0928751
1332	324.701	344	0.11833
1333	324.945	334	0.11489
1334	325.189	324	0.11145
1335	325.433	314	0.10801
1336	325.677	294	0.101131
1337	325.921	296	0.101819
1338	326.164	294	0.101131
1339	326.408	324	0.11145
1340	326.652	294	0.101131
1341	326.896	313	0.107666
1342	327.140	343	0.117986
1343	327.384	308	0.105946
1344	327.628	344	0.11833
1345	327.871	333	0.114546
1346	328.115	290	0.0997547
1347	328.359	344	0.11833
1348	328.603	326	0.112138
1349	328.847	325	0.111794
1350	329.091	320	0.110074
1351	329.335	324	0.11145
1352	329.579	304	0.10457
1353	329.822	348	0.119706
1354	330.066	323	0.111106
1355	330.310	350	0.120394
1356	330.554	323	0.111106
1357	330.798	355	0.122114
1358	331.042	348	0.119706
1359	331.286	360	0.123833
1360	331.529	333	0.114546
1361	331.773	323	0.111106
1362	332.017	361	0.124177
1363	332.261	312	0.107322
1364	332.505	317	0.109042
1365	332.749	384	0.132089
1366	332.993	302	0.103883
1367	333.236	324	0.11145
1368	333.480	326	0.112138
1369	333.724	367	0.126241
1370	333.968	346	0.119018
1371	334.212	396	0.136217
1372	334.456	369	0.126929
1373	334.700	370	0.127273
1374	334.944	373	0.128305
1375	335.187	342	0.117642
1376	335.431	328	0.112826
1377	335.675	320	0.110074
1378	335.919	282	0.0970029
1379	336.163	297	0.102163
1380	336.407	309	0.10629
1381	336.651	327	0.112482
1382	336.894	303	0.104227
1383	337.138	310	0.106634
1384	337.382	335	0.115234
1385	337.626	327	0.112482
1386	337.870	329	0.11317
1387	338.114	322	0.110762
1388	338.358	336	0.115578
1389	338.602	307	0.105602
1390	338.845	345	0.118674
1391	339.089	287	0.0987228
1392	339.333	317	0.109042
1393	339.577	335	0.115234
1394	339.821	322	0.110762
1395	340.065	317	0.109042
1396	340.309	307	0.105602
1397	340.552	318	0.109386
1398	340.796	319	0.10973
1399	341.040	312	0.107322
1400	341.284	295	0.101475
1401	341.528	277	0.095283
1402	341.772	274	0.094251
1403	342.016	295	0.101475
1404	342.259	290	0.0997547
1405	342.503	298	0.102507
1406	342.747	308	0.105946
1407	342.991	297	0.102163
1408	343.235	305	0.104914
1409	343.479	269	0.0925311
1410	343.723	269	0.0925311
1411	343.967	290	0.0997547
1412	344.210	259	0.0890913
1413	344.454	306	0.105258
1414	344.698	284	0.0976908
1415	344.942	268	0.0921871
1416	345.186	280	0.0963149
1417	345.430	262	0.0901232
1418	345.674	282	0.0970029
1419	345.917	260	0.0894353
1420	346.161	271	0.0932191
1421	346.405	278	0.095627
1422	346.649	305	0.104914
1423	346.893	269	0.0925311
1424	347.137	248	0.0853075
1425	347.381	260	0.0894353
1426	347.624	293	0.100787
1427	347.868	276	0.094939
1428	348.112	281	0.0966589
1429	348.356	256	0.0880594
1430	348.600	248	0.0853075
1431	348.844	239	0.0822117
1432	349.088	235	0.0808357
1433	349.332	261	0.0897793
1434	349.575	259	0.0890913
1435	349.819	236	0.0811797
1436	350.063	240	0.0825556
1437	350.307	267	0.0918432
1438	350.551	234	0.0804918
1439	350.795	256	0.0880594
1440	351.039	249	0.0856515
1441	351.282	232	0.0798038
1442	351.526	271	0.0932191
1443	351.770	272	0.0935631
1444	352.014	243	0.0835876
1445	352.258	267	0.0918432
1446	352.502	249	0.0856515
1447	352.746	257	0.0884033
1448	352.990	218	0.074988
1449	353.233	259	0.0890913
1450	353.477	248	0.0853075
1451	353.721	224	0.0770519
1452	353.965	215	0.0739561
1453	354.209	268	0.0921871
1454	354.453	305	0.104914
1455	354.697	402	0.138281
1456	354.940	532	0.182998
1457	355.184	977	0.33607
1458	355.428	1551	0.533516
1459	355.672	2501	0.860299
1460	355.916	3517	1.20978
1461	356.160	4520	1.5548
1462	356.404	5158	1.77426
1463	356.647	5166	1.77701
1464	356.891	4512	1.55205
1465	357.135	3634	1.25003
1466	357.379	2634	0.906048
1467	357.623	1654	0.568946
1468	357.867	955	0.328503
1469	358.111	601	0.206733
1470	358.355	356	0.122458
1471	358.598	315	0.108354
1472	358.842	258	0.0887473
1473	359.086	273	0.093907
1474	359.330	249	0.0856515
1475	359.574	252	0.0866834
1476	359.818	244	0.0839316
1477	360.062	246	0.0846195
1478	360.305	230	0.0791158
1479	360.549	226	0.0777399
1480	360.793	253	0.0870274
1481	361.037	260	0.0894353
1482	361.281	203	0.0698283
1483	361.525	191	0.0657005
1484	361.769	230	0.0791158
1485	362.012	228	0.0784279
1486	362.256	244	0.0839316
1487	362.500	200	0.0687964
1488	362.744	241	0.0828996
1489	362.988	258	0.0887473
1490	363.232	237	0.0815237
1491	363.476	237	0.0815237
1492	363.720	228	0.0784279
1493	363.963	245	0.0842756
1494	364.207	231	0.0794598
1495	364.451	214	0.0736121
1496	364.695	236	0.0811797
1497	364.939	232	0.0798038
1498	365.183	221	0.07602
1499	365.427	207	0.0712042
1500	365.670	238	0.0818677
1501	365.914	225	0.0773959
1502	366.158	228	0.0784279
1503	366.402	238	0.0818677
1504	366.646	199	0.0684524
1505	366.890	204	0.0701723
1506	367.134	227	0.0780839
1507	367.378	244	0.0839316
1508	367.621	226	0.0777399
1509	367.865	220	0.075676
1510	368.109	231	0.0794598
1511	368.353	211	0.0725802
1512	368.597	234	0.0804918
1513	368.841	221	0.07602
1514	369.085	228	0.0784279
1515	369.328	225	0.0773959
1516	369.572	254	0.0873714
1517	369.816	230	0.0791158
1518	370.060	242	0.0832436
1519	370.304	208	0.0715482
1520	370.548	233	0.0801478
1521	370.792	228	0.0784279
1522	371.035	220	0.075676
1523	371.279	218	0.074988
1524	371.523	244	0.0839316
1525	371.767	202	0.0694843
1526	372.011	218	0.074988
1527	372.255	226	0.0777399
1528	372.499	217	0.0746441
1529	372.743	198	0.0681084
1530	372.986	203	0.0698283
1531	373.230	218	0.074988
1532	373.474	244	0.0839316
1533	373.718	203	0.0698283
1534	373.962	219	0.075332
1535	374.206	211	0.0725802
1536	374.450	226	0.0777399
1537	374.693	204	0.0701723
1538	374.937	190	0.0653566
1539	375.181	220	0.075676
1540	375.425	191	0.0657005
1541	375.669	224	0.0770519
1542	375.913	207	0.0712042
1543	376.157	186	0.0639806
1544	376.401	214	0.0736121
1545	376.644	229	0.0787718
1546	376.888	233	0.0801478
1547	377.132	243	0.0835876
1548	377.376	210	0.0722362
1549	377.620	228	0.0784279
1550	377.864	231	0.0794598
1551	378.108	224	0.0770519
1552	378.351	234	0.0804918
1553	378.595	224	0.0770519
1554	378.839	219	0.075332
1555	379.083	214	0.0736121
1556	379.327	209	0.0718922
1557	379.571	219	0.075332
1558	379.815	207	0.0712042
1559	380.058	196	0.0674204
1560	380.302	209	0.0718922
1561	380.546	230	0.0791158
1562	380.790	207	0.0712042
1563	381.034	218	0.074988
1564	381.278	220	0.075676
1565	381.522	237	0.0815237
1566	381.766	211	0.0725802
1567	382.009	233	0.0801478
1568	382.253	212	0.0729242
1569	382.497	243	0.0835876
1570	382.741	265	0.0911552
1571	382.985	296	0.101819
1572	383.229	347	0.119362
1573	383.473	504	0.173367
1574	383.716	648	0.2229
1575	383.960	852	0.293073
1576	384.204	899	0.30924
1577	384.448	874	0.30064
1578	384.692	872	0.299952
1579	384.936	759	0.261082
1580	385.180	614	0.211205
1581	385.423	446	0.153416
1582	385.667	377	0.129681
1583	385.911	286	0.0983788
1584	386.155	263	0.0904672
1585	386.399	289	0.0994108
1586	386.643	288	0.0990668
1587	386.887	320	0.110074
1588	387.131	320	0.110074
1589	387.374	336	0.115578
1590	387.618	319	0.10973
1591	387.862	288	0.0990668
1592	388.106	290	0.0997547
1593	388.350	243	0.0835876
1594	388.594	255	0.0877154
1595	388.838	215	0.0739561
1596	389.081	229	0.0787718
1597	389.325	213	0.0732681
1598	389.569	199	0.0684524
1599	389.813	199	0.0684524
1600	390.057	219	0.075332
1601	390.301	187	0.0643246
1602	390.545	190	0.0653566
1603	390.789	249	0.0856515
1604	391.032	198	0.0681084
1605	391.276	235	0.0808357
1606	391.520	240	0.0825556
1607	391.764	237	0.0815237
1608	392.008	236	0.0811797
1609	392.252	209	0.0718922
1610	392.496	204	0.0701723
1611	392.739	211	0.0725802
1612	392.983	186	0.0639806
1613	393.227	216	0.0743001
1614	393.471	190	0.0653566
1615	393.715	205	0.0705163
1616	393.959	206	0.0708603
1617	394.203	195	0.0670765
1618	394.446	210	0.0722362
1619	394.690	197	0.0677644
1620	394.934	191	0.0657005
1621	395.178	205	0.0705163
1622	395.422	200	0.0687964
1623	395.666	203	0.0698283
1624	395.910	208	0.0715482
1625	396.154	185	0.0636366
1626	396.397	192	0.0660445
1627	396.641	211	0.0725802
1628	396.885	187	0.0643246
1629	397.129	198	0.0681084
1630	397.373	183	0.0629487
1631	397.617	202	0.0694843
1632	397.861	211	0.0725802
1633	398.104	172	0.0591649
1634	398.348	194	0.0667325
1635	398.592	215	0.0739561
1636	398.836	199	0.0684524
1637	399.080	204	0.0701723
1638	399.324	215	0.0739561
1639	399.568	192	0.0660445
1640	399.811	205	0.0705163
1641	400.055	201	0.0691404
1642	400.299	215	0.0739561
1643	400.543	204	0.0701723
1644	400.787	195	0.0670765
1645	401.031	180	0.0619167
1646	401.275	156	0.0536612
1647	401.519	178	0.0612288
1648	401.762	196	0.0674204
1649	402.006	181	0.0622607
1650	402.250	203	0.0698283
1651	402.494	212	0.0729242
1652	402.738	186	0.0639806
1653	402.982	214	0.0736121
1654	403.226	194	0.0667325
1655	403.469	186	0.0639806
1656	403.713	198	0.0681084
1657	403.957	194	0.0667325
1658	404.201	191	0.0657005
1659	404.445	200	0.0687964
1660	404.689	186	0.0639806
1661	404.933	206	0.0708603
1662	405.177	210	0.0722362
1663	405.420	197	0.0677644
1664	405.664	203	0.0698283
1665	405.908	169	0.0581329
1666	406.152	210	0.0722362
1667	406.396	165	0.056757
1668	406.640	192	0.0660445
1669	406.884	205	0.0705163
1670	407.127	181	0.0622607
1671	407.371	206	0.0708603
1672	407.615	190	0.0653566
1673	407.859	196	0.0674204
1674	408.103	177	0.0608848
1675	408.347	192	0.0660445
1676	408.591	171	0.0588209
1677	408.834	181	0.0622607
1678	409.078	193	0.0663885
1679	409.322	214	0.0736121
1680	409.566	189	0.0650126
1681	409.810	173	0.0595089
1682	410.054	194	0.0667325
1683	410.298	199	0.0684524
1684	410.542	181	0.0622607
1685	410.785	224	0.0770519
1686	411.029	222	0.076364
1687	411.273	187	0.0643246
1688	411.517	203	0.0698283
1689	411.761	197	0.0677644
1690	412.005	204	0.0701723
1691	412.249	176	0.0605408
1692	412.492	256	0.0880594
1693	412.736	195	0.0670765
1694	412.980	205	0.0705163
1695	413.224	197	0.0677644
1696	413.468	197	0.0677644
1697	413.712	209	0.0718922
1698	413.956	192	0.0660445
1699	414.199	204	0.0701723
1700	414.443	193	0.0663885
1701	414.687	187	0.0643246
1702	414.931	212	0.0729242
1703	415.175	193	0.0663885
1704	415.419	219	0.075332
1705	415.663	180	0.0619167
1706	415.907	207	0.0712042
1707	416.150	212	0.0729242
1708	416.394	219	0.075332
1709	416.638	198	0.0681084
1710	416.882	172	0.0591649
1711	417.126	208	0.0715482
1712	417.370	187	0.0643246
1713	417.614	191	0.0657005
1714	417.857	199	0.0684524
1715	418.101	205	0.0705163
1716	418.345	185	0.0636366
1717	418.589	200	0.0687964
1718	418.833	201	0.0691404
1719	419.077	192	0.0660445
1720	419.321	191	0.0657005
1721	419.565	199	0.0684524
1722	419.808	209	0.0718922
1723	420.052	218	0.074988
1724	420.296	197	0.0677644
1725	420.540	163	0.056069
1726	420.784	200	0.0687964
1727	421.028	190	0.0653566
1728	421.272	185	0.0636366
1729	421.515	182	0.0626047
1730	421.759	205	0.0705163
1731	422.003	189	0.0650126
1732	422.247	181	0.0622607
1733	422.491	188	0.0646686
1734	422.735	186	0.0639806
1735	422.979	219	0.075332
1736	423.222	187	0.0643246
1737	423.466	216	0.0743001
1738	423.710	182	0.0626047
1739	423.954	191	0.0657005
1740	424.198	174	0.0598528
1741	424.442	197	0.0677644
1742	424.686	199	0.0684524
1743	424.930	205	0.0705163
1744	425.173	197	0.0677644
1745	425.417	211	0.0725802
1746	425.661	183	0.0629487
1747	425.905	179	0.0615728
1748	426.149	228	0.0784279
1749	426.393	180	0.0619167
1750	426.637	183	0.0629487
1751	426.880	199	0.0684524
1752	427.124	201	0.0691404
1753	427.368	163	0.056069
1754	427.612	201	0.0691404
1755	427.856	179	0.0615728
1756	428.100	200	0.0687964
1757	428.344	183	0.0629487
1758	428.588	199	0.0684524
1759	428.831	201	0.0691404
1760	429.075	196	0.0674204
1761	429.319	212	0.0729242
1762	429.563	183	0.0629487
1763	429.807	204	0.0701723
1764	430.051	176	0.0605408
1765	430.295	194	0.0667325
1766	430.538	190	0.0653566
1767	430.782	197	0.0677644
1768	431.026	198	0.0681084
1769	431.270	187	0.0643246
1770	431.514	199	0.0684524
1771	431.758	183	0.0629487
1772	432.002	187	0.0643246
1773	432.245	196	0.0674204
1774	432.489	201	0.0691404
1775	432.733	188	0.0646686
1776	432.977	201	0.0691404
1777	433.221	197	0.0677644
1778	433.465	191	0.0657005
1779	433.709	196	0.0674204
1780	433.953	172	0.0591649
1781	434.196	185	0.0636366
1782	434.440	185	0.0636366
1783	434.684	177	0.0608848
1784	434.928	162	0.0557251
1785	435.172	200	0.0687964
1786	435.416	184	0.0632927
1787	435.660	188	0.0646686
1788	435.903	185	0.0636366
1789	436.147	187	0.0643246
1790	436.391	184	0.0632927
1791	436.635	237	0.0815237
1792	436.879	233	0.0801478
1793	437.123	257	0.0884033
1794	437.367	270	0.0928751
1795	437.610	246	0.0846195
1796	437.854	237	0.0815237
1797	438.098	245	0.0842756
1798	438.342	209	0.0718922
1799	438.586	220	0.075676
1800	438.830	203	0.0698283
1801	439.074	213	0.0732681
1802	439.318	187	0.0643246
1803	439.561	177	0.0608848
1804	439.805	189	0.0650126
1805	440.049	196	0.0674204
1806	440.293	183	0.0629487
1807	440.537	183	0.0629487
1808	440.781	213	0.0732681
1809	441.025	206	0.0708603
1810	441.268	183	0.0629487
1811	441.512	180	0.0619167
1812	441.756	201	0.0691404
1813	442.000	167	0.057445
1814	442.244	186	0.0639806
1815	442.488	183	0.0629487
1816	442.732	168	0.057789
1817	442.976	211	0.0725802
1818	443.219	184	0.0632927
1819	443.463	172	0.0591649
1820	443.707	206	0.0708603
1821	443.951	205	0.0705163
1822	444.195	175	0.0601968
1823	444.439	196	0.0674204
1824	444.683	207	0.0712042
1825	444.926	187	0.0643246
1826	445.170	207	0.0712042
1827	445.414	196	0.0674204
1828	445.658	195	0.0670765
1829	445.902	186	0.0639806
1830	446.146	197	0.0677644
1831	446.390	191	0.0657005
1832	446.633	196	0.0674204
1833	446.877	195	0.0670765
1834	447.121	197	0.0677644
1835	447.365	195	0.0670765
1836	447.609	198	0.0681084
1837	447.853	196	0.0674204
1838	448.097	201	0.0691404
1839	448.341	190	0.0653566
1840	448.584	195	0.0670765
1841	448.828	201	0.0691404
1842	449.072	214	0.0736121
1843	449.316	185	0.0636366
1844	449.560	170	0.0584769
1845	449.804	180	0.0619167
1846	450.048	212	0.0729242
1847	450.291	204	0.0701723
1848	450.535	199	0.0684524
1849	450.779	172	0.0591649
1850	451.023	188	0.0646686
1851	451.267	222	0.076364
1852	451.511	183	0.0629487
1853	451.755	175	0.0601968
1854	451.998	191	0.0657005
1855	452.242	179	0.0615728
1856	452.486	188	0.0646686
1857	452.730	191	0.0657005
1858	452.974	202	0.0694843
1859	453.218	194	0.0667325
1860	453.462	202	0.0694843
1861	453.706	182	0.0626047
1862	453.949	165	0.056757
1863	454.193	203	0.0698283
1864	454.437	190	0.0653566
1865	454.681	187	0.0643246
1866	454.925	190	0.0653566
1867	455.169	188	0.0646686
1868	455.413	200	0.0687964
1869	455.656	171	0.0588209
1870	455.900	160	0.0550371
1871	456.144	176	0.0605408
1872	456.388	202	0.0694843
1873	456.632	186	0.0639806
1874	456.876	206	0.0708603
1875	457.120	203	0.0698283
1876	457.364	200	0.0687964
1877	457.607	185	0.0636366
1878	457.851	208	0.0715482
1879	458.095	201	0.0691404
1880	458.339	188	0.0646686
1881	458.583	213	0.0732681
1882	458.827	205	0.0705163
1883	459.071	209	0.0718922
1884	459.314	190	0.0653566
1885	459.558	194	0.0667325
1886	459.802	182	0.0626047
1887	460.046	212	0.0729242
1888	460.290	209	0.0718922
1889	460.534	201	0.0691404
1890	460.778	197	0.0677644
1891	461.021	213	0.0732681
1892	461.265	189	0.0650126
1893	461.509	205	0.0705163
1894	461.753	207	0.0712042
1895	461.997	214	0.0736121
1896	462.241	189	0.0650126
1897	462.485	208	0.0715482
1898	462.729	180	0.0619167
1899	462.972	220	0.075676
1900	463.216	194	0.0667325
1901	463.460	173	0.0595089
1902	463.704	163	0.056069
1903	463.948	215	0.0739561
1904	464.192	206	0.0708603
1905	464.436	227	0.0780839
1906	464.679	198	0.0681084
1907	464.923	186	0.0639806
1908	465.167	178	0.0612288
1909	465.411	188	0.0646686
1910	465.655	195	0.0670765
1911	465.899	184	0.0632927
1912	466.143	170	0.0584769
1913	466.386	183	0.0629487
1914	466.630	197	0.0677644
1915	466.874	207	0.0712042
1916	467.118	214	0.0736121
1917	467.362	173	0.0595089
1918	467.606	227	0.0780839
1919	467.850	180	0.0619167
1920	468.094	221	0.07602
1921	468.337	173	0.0595089
1922	468.581	204	0.0701723
1923	468.825	187	0.0643246
1924	469.069	206	0.0708603
1925	469.313	217	0.0746441
1926	469.557	189	0.0650126
1927	469.801	175	0.0601968
1928	470.044	195	0.0670765
1929	470.288	199	0.0684524
1930	470.532	191	0.0657005
1931	470.776	185	0.0636366
1932	471.020	190	0.0653566
1933	471.264	222	0.076364
1934	471.508	188	0.0646686
1935	471.752	184	0.0632927
1936	471.995	219	0.075332
1937	472.239	209	0.0718922
1938	472.483	187	0.0643246
1939	472.727	185	0.0636366
1940	472.971	207	0.0712042
1941	473.215	186	0.0639806
1942	473.459	193	0.0663885
1943	473.702	194	0.0667325
1944	473.946	164	0.056413
1945	474.190	207	0.0712042
1946	474.434	192	0.0660445
1947	474.678	197	0.0677644
1948	474.922	204	0.0701723
1949	475.166	186	0.0639806
1950	475.409	186	0.0639806
1951	475.653	187	0.0643246
1952	475.897	185	0.0636366
1953	476.141	188	0.0646686
1954	476.385	206	0.0708603
1955	476.629	219	0.075332
1956	476.873	190	0.0653566
1957	477.117	188	0.0646686
1958	477.360	210	0.0722362
1959	477.604	173	0.0595089
1960	477.848	160	0.0550371
1961	478.092	193	0.0663885
1962	478.336	214	0.0736121
1963	478.580	181	0.0622607
1964	478.824	174	0.0598528
1965	479.067	175	0.0601968
1966	479.311	175	0.0601968
1967	479.555	188	0.0646686
1968	479.799	194	0.0667325
1969	480.043	177	0.0608848
1970	480.287	199	0.0684524
1971	480.531	186	0.0639806
1972	480.775	191	0.0657005
1973	481.018	163	0.056069
1974	481.262	188	0.0646686
1975	481.506	186	0.0639806
1976	481.750	185	0.0636366
1977	481.994	182	0.0626047
1978	482.238	186	0.0639806
1979	482.482	180	0.0619167
1980	482.725	156	0.0536612
1981	482.969	170	0.0584769
1982	483.213	162	0.0557251
1983	483.457	203	0.0698283
1984	483.701	163	0.056069
1985	483.945	161	0.0553811
1986	484.189	152	0.0522852
1987	484.432	157	0.0540052
1988	484.676	153	0.0526292
1989	484.920	176	0.0605408
1990	485.164	160	0.0550371
1991	485.408	164	0.056413
1992	485.652	175	0.0601968
1993	485.896	185	0.0636366
1994	486.140	173	0.0595089
1995	486.383	187	0.0643246
1996	486.627	154	0.0529732
1997	486.871	165	0.056757
1998	487.115	171	0.0588209
1999	487.359	165	0.056757
2000	487.603	187	0.0643246
2001	487.847	164	0.056413
2002	488.090	183	0.0629487
2003	488.334	160	0.0550371
2004	488.578	166	0.057101
2005	488.822	160	0.0550371
2006	489.066	180	0.0619167
2007	489.310	155	0.0533172
2008	489.554	182	0.0626047
2009	489.797	153	0.0526292
2010	490.041	171	0.0588209
2011	490.285	192	0.0660445
2012	490.529	181	0.0622607
2013	490.773	164	0.056413
2014	491.017	169	0.0581329
2015	491.261	162	0.0557251
2016	491.505	167	0.057445
2017	491.748	155	0.0533172
2018	491.992	169	0.0581329
2019	492.236	156	0.0536612
2020	492.480	161	0.0553811
2021	492.724	150	0.0515973
2022	492.968	145	0.0498774
2023	493.212	167	0.057445
2024	493.455	165	0.056757
2025	493.699	190	0.0653566
2026	493.943	167	0.057445
2027	494.187	158	0.0543491
2028	494.431	165	0.056757
2029	494.675	146	0.0502214
2030	494.919	176	0.0605408
2031	495.163	163	0.056069
2032	495.406	167	0.057445
2033	495.650	179	0.0615728
2034	495.894	146	0.0502214
2035	496.138	160	0.0550371
2036	496.382	182	0.0626047
2037	496.626	149	0.0512533
2038	496.870	155	0.0533172
2039	497.113	149	0.0512533
2040	497.357	152	0.0522852
2041	497.601	156	0.0536612
2042	497.845	165	0.056757
2043	498.089	173	0.0595089
2044	498.333	162	0.0557251
2045	498.577	149	0.0512533
2046	498.820	172	0.0591649
2047	499.064	181	0.0622607
2048	499.308	169	0.0581329
2049	499.552	138	0.0474695
2050	499.796	149	0.0512533
2051	500.040	146	0.0502214
2052	500.284	153	0.0526292
2053	500.528	167	0.057445
2054	500.771	170	0.0584769
2055	501.015	170	0.0584769
2056	501.259	156	0.0536612
2057	501.503	151	0.0519413
2058	501.747	146	0.0502214
2059	501.991	161	0.0553811
2060	502.235	162	0.0557251
2061	502.478	171	0.0588209
2062	502.722	153	0.0526292
2063	502.966	182	0.0626047
2064	503.210	148	0.0509093
2065	503.454	166	0.057101
2066	503.698	162	0.0557251
2067	503.942	170	0.0584769
2068	504.185	161	0.0553811
2069	504.429	169	0.0581329
2070	504.673	161	0.0553811
2071	504.917	155	0.0533172
2072	505.161	126	0.0433417
2073	505.405	171	0.0588209
2074	505.649	172	0.0591649
2075	505.893	152	0.0522852
2076	506.136	151	0.0519413
2077	506.380	157	0.0540052
2078	506.624	157	0.0540052
2079	506.868	171	0.0588209
2080	507.112	147	0.0505653
2081	507.356	170	0.0584769
2082	507.600	145	0.0498774
2083	507.843	173	0.0595089
2084	508.087	166	0.057101
2085	508.331	177	0.0608848
2086	508.575	169	0.0581329
2087	508.819	173	0.0595089
2088	509.063	159	0.0546931
2089	509.307	187	0.0643246
2090	509.551	200	0.0687964
2091	509.794	195	0.0670765
2092	510.038	185	0.0636366
2093	510.282	201	0.0691404
2094	510.526	226	0.0777399
2095	510.770	256	0.0880594
2096	511.014	240	0.0825556
2097	511.258	260	0.0894353
2098	511.501	266	0.0914992
2099	511.745	308	0.105946
2100	511.989	267	0.0918432
2101	512.233	264	0.0908112
2102	512.477	322	0.110762
2103	512.721	400	0.137593
2104	512.965	564	0.194006
2105	513.208	1044	0.359117
2106	513.452	1784	0.613664
2107	513.696	2921	1.00477
2108	513.940	4281	1.47259
2109	514.184	5929	2.03947
2110	514.428	7019	2.41441
2111	514.672	7447	2.56163
2112	514.916	7210	2.48011
2113	515.159	6204	2.13406
2114	515.403	4734	1.62841
2115	515.647	3188	1.09661
2116	515.891	2048	0.704475
2117	516.135	1170	0.402459
2118	516.379	647	0.222556
2119	516.623	359	0.123489
2120	516.866	230	0.0791158
2121	517.110	168	0.057789
2122	517.354	172	0.0591649
2123	517.598	172	0.0591649
2124	517.842	161	0.0553811
2125	518.086	146	0.0502214
2126	518.330	180	0.0619167
2127	518.573	165	0.056757
2128	518.817	143	0.0491894
2129	519.061	141	0.0485014
2130	519.305	148	0.0509093
2131	519.549	149	0.0512533
2132	519.793	170	0.0584769
2133	520.037	161	0.0553811
2134	520.281	153	0.0526292
2135	520.524	161	0.0553811
2136	520.768	156	0.0536612
2137	521.012	162	0.0557251
2138	521.256	137	0.0471255
2139	521.500	164	0.056413
2140	521.744	145	0.0498774
2141	521.988	143	0.0491894
2142	522.231	134	0.0460936
2143	522.475	154	0.0529732
2144	522.719	162	0.0557251
2145	522.963	132	0.0454056
2146	523.207	144	0.0495334
2147	523.451	153	0.0526292
2148	523.695	168	0.057789
2149	523.939	185	0.0636366
2150	524.182	174	0.0598528
2151	524.426	161	0.0553811
2152	524.670	172	0.0591649
2153	524.914	177	0.0608848
2154	525.158	168	0.057789
2155	525.402	174	0.0598528
2156	525.646	156	0.0536612
2157	525.889	146	0.0502214
2158	526.133	173	0.0595089
2159	526.377	151	0.0519413
2160	526.621	173	0.0595089
2161	526.865	168	0.057789
2162	527.109	147	0.0505653
2163	527.353	172	0.0591649
2164	527.596	162	0.0557251
2165	527.840	186	0.0639806
2166	528.084	189	0.0650126
2167	528.328	170	0.0584769
2168	528.572	176	0.0605408
2169	528.816	176	0.0605408
2170	529.060	155	0.0533172
2171	529.304	164	0.056413
2172	529.547	159	0.0546931
2173	529.791	169	0.0581329
2174	530.035	162	0.0557251
2175	530.279	165	0.056757
2176	530.523	158	0.0543491
2177	530.767	146	0.0502214
2178	531.011	158	0.0543491
2179	531.254	147	0.0505653
2180	531.498	148	0.0509093
2181	531.742	178	0.0612288
2182	531.986	186	0.0639806
2183	532.230	149	0.0512533
2184	532.474	139	0.0478135
2185	532.718	141	0.0485014
2186	532.962	140	0.0481575
2187	533.205	155	0.0533172
2188	533.449	145	0.0498774
2189	533.693	149	0.0512533
2190	533.937	153	0.0526292
2191	534.181	141	0.0485014
2192	534.425	141	0.0485014
2193	534.669	153	0.0526292
2194	534.912	149	0.0512533
2195	535.156	146	0.0502214
2196	535.400	144	0.0495334
2197	535.644	149	0.0512533
2198	535.888	154	0.0529732
2199	536.132	148	0.0509093
2200	536.376	155	0.0533172
2201	536.619	135	0.0464376
2202	536.863	155	0.0533172
2203	537.107	152	0.0522852
2204	537.351	151	0.0519413
2205	537.595	142	0.0488454
2206	537.839	128	0.0440297
2207	538.083	154	0.0529732
2208	538.327	121	0.0416218
2209	538.570	148	0.0509093
2210	538.814	146	0.0502214
2211	539.058	143	0.0491894
2212	539.302	151	0.0519413
2213	539.546	158	0.0543491
2214	539.790	160	0.0550371
2215	540.034	143	0.0491894
2216	540.277	123	0.0423098
2217	540.521	122	0.0419658
2218	540.765	144	0.0495334
2219	541.009	148	0.0509093
2220	541.253	133	0.0457496
2221	541.497	151	0.0519413
2222	541.741	149	0.0512533
2223	541.984	137	0.0471255
2224	542.228	134	0.0460936
2225	542.472	159	0.0546931
2226	542.716	126	0.0433417
2227	542.960	132	0.0454056
2228	543.204	125	0.0429977
2229	543.448	151	0.0519413
2230	543.692	137	0.0471255
2231	543.935	144	0.0495334
2232	544.179	147	0.0505653
2233	544.423	159	0.0546931
2234	544.667	148	0.0509093
2235	544.911	138	0.0474695
2236	545.155	161	0.0553811
2237	545.399	147	0.0505653
2238	545.642	140	0.0481575
2239	545.886	155	0.0533172
2240	546.130	124	0.0426538
2241	546.374	131	0.0450616
2242	546.618	130	0.0447176
2243	546.862	166	0.057101
2244	547.106	140	0.0481575
2245	547.350	146	0.0502214
2246	547.593	139	0.0478135
2247	547.837	137	0.0471255
2248	548.081	145	0.0498774
2249	548.325	143	0.0491894
2250	548.569	161	0.0553811
2251	548.813	143	0.0491894
2252	549.057	145	0.0498774
2253	549.300	164	0.056413
2254	549.544	133	0.0457496
2255	549.788	145	0.0498774
2256	550.032	142	0.0488454
2257	550.276	131	0.0450616
2258	550.520	125	0.0429977
2259	550.764	143	0.0491894
2260	551.007	120	0.0412778
2261	551.251	142	0.0488454
2262	551.495	147	0.0505653
2263	551.739	150	0.0515973
2264	551.983	136	0.0467815
2265	552.227	125	0.0429977
2266	552.471	141	0.0485014
2267	552.715	119	0.0409338
2268	552.958	157	0.0540052
2269	553.202	148	0.0509093
2270	553.446	160	0.0550371
2271	553.690	135	0.0464376
2272	553.934	135	0.0464376
2273	554.178	135	0.0464376
2274	554.422	148	0.0509093
2275	554.665	123	0.0423098
2276	554.909	145	0.0498774
2277	555.153	115	0.0395579
2278	555.397	142	0.0488454
2279	555.641	126	0.0433417
2280	555.885	169	0.0581329
2281	556.129	128	0.0440297
2282	556.372	153	0.0526292
2283	556.616	137	0.0471255
2284	556.860	143	0.0491894
2285	557.104	156	0.0536612
2286	557.348	137	0.0471255
2287	557.592	131	0.0450616
2288	557.836	153	0.0526292
2289	558.080	124	0.0426538
2290	558.323	140	0.0481575
2291	558.567	132	0.0454056
2292	558.811	144	0.0495334
2293	559.055	112	0.038526
2294	559.299	158	0.0543491
2295	559.543	139	0.0478135
2296	559.787	155	0.0533172
2297	560.030	144	0.0495334
2298	560.274	146	0.0502214
2299	560.518	136	0.0467815
2300	560.762	135	0.0464376
2301	561.006	113	0.03887
2302	561.250	155	0.0533172
2303	561.494	146	0.0502214
2304	561.738	136	0.0467815
2305	561.981	139	0.0478135
2306	562.225	150	0.0515973
2307	562.469	113	0.03887
2308	562.713	134	0.0460936
2309	562.957	132	0.0454056
2310	563.201	147	0.0505653
2311	563.445	143	0.0491894
2312	563.688	133	0.0457496
2313	563.932	133	0.0457496
2314	564.176	152	0.0522852
2315	564.420	137	0.0471255
2316	564.664	158	0.0543491
2317	564.908	144	0.0495334
2318	565.152	145	0.0498774
2319	565.395	166	0.057101
2320	565.639	152	0.0522852
2321	565.883	150	0.0515973
2322	566.127	129	0.0443737
2323	566.371	117	0.0402459
2324	566.615	148	0.0509093
2325	566.859	140	0.0481575
2326	567.103	134	0.0460936
2327	567.346	129	0.0443737
2328	567.590	144	0.0495334
2329	567.834	150	0.0515973
2330	568.078	137	0.0471255
2331	568.322	127	0.0436857
2332	568.566	147	0.0505653
2333	568.810	144	0.0495334
2334	569.053	134	0.0460936
2335	569.297	153	0.0526292
2336	569.541	152	0.0522852
2337	569.785	128	0.0440297
2338	570.029	159	0.0546931
2339	570.273	155	0.0533172
2340	570.517	124	0.0426538
2341	570.761	161	0.0553811
2342	571.004	140	0.0481575
2343	571.248	150	0.0515973
2344	571.492	153	0.0526292
2345	571.736	141	0.0485014
2346	571.980	162	0.0557251
2347	572.224	145	0.0498774
2348	572.468	154	0.0529732
2349	572.711	142	0.0488454
2350	572.955	123	0.0423098
2351	573.199	140	0.0481575
2352	573.443	150	0.0515973
2353	573.687	130	0.0447176
2354	573.931	146	0.0502214
2355	574.175	130	0.0447176
2356	574.418	148	0.0509093
2357	574.662	133	0.0457496
2358	574.906	140	0.0481575
2359	575.150	146	0.0502214
2360	575.394	148	0.0509093
2361	575.638	144	0.0495334
2362	575.882	116	0.0399019
2363	576.126	145	0.0498774
2364	576.369	140	0.0481575
2365	576.613	137	0.0471255
2366	576.857	147	0.0505653
2367	577.101	129	0.0443737
2368	577.345	135	0.0464376
2369	577.589	149	0.0512533
2370	577.833	142	0.0488454
2371	578.076	140	0.0481575
2372	578.320	136	0.0467815
2373	578.564	150	0.0515973
2374	578.808	134	0.0460936
2375	579.052	163	0.056069
2376	579.296	138	0.0474695
2377	579.540	125	0.0429977
2378	579.783	140	0.0481575
2379	580.027	155	0.0533172
2380	580.271	148	0.0509093
2381	580.515	148	0.0509093
2382	580.759	125	0.0429977
2383	581.003	159	0.0546931
2384	581.247	156	0.0536612
2385	581.491	146	0.0502214
2386	581.734	137	0.0471255
2387	581.978	132	0.0454056
2388	582.222	131	0.0450616
2389	582.466	157	0.0540052
2390	582.710	155	0.0533172
2391	582.954	144	0.0495334
2392	583.198	133	0.0457496
2393	583.441	154	0.0529732
2394	583.685	142	0.0488454
2395	583.929	145	0.0498774
2396	584.173	147	0.0505653
2397	584.417	142	0.0488454
2398	584.661	137	0.0471255
2399	584.905	148	0.0509093
2400	585.149	127	0.0436857
2401	585.392	144	0.0495334
2402	585.636	147	0.0505653
2403	585.880	150	0.0515973
2404	586.124	143	0.0491894
2405	586.368	127	0.0436857
2406	586.612	161	0.0553811
2407	586.856	152	0.0522852
2408	587.099	141	0.0485014
2409	587.343	147	0.0505653
2410	587.587	123	0.0423098
2411	587.831	148	0.0509093
2412	588.075	159	0.0546931
2413	588.319	148	0.0509093
2414	588.563	150	0.0515973
2415	588.806	166	0.057101
2416	589.050	147	0.0505653
2417	589.294	144	0.0495334
2418	589.538	127	0.0436857
2419	589.782	146	0.0502214
2420	590.026	137	0.0471255
2421	590.270	126	0.0433417
2422	590.514	141	0.0485014
2423	590.757	132	0.0454056
2424	591.001	141	0.0485014
2425	591.245	123	0.0423098
2426	591.489	140	0.0481575
2427	591.733	134	0.0460936
2428	591.977	157	0.0540052
2429	592.221	130	0.0447176
2430	592.464	153	0.0526292
2431	592.708	141	0.0485014
2432	592.952	136	0.0467815
2433	593.196	121	0.0416218
2434	593.440	173	0.0595089
2435	593.684	140	0.0481575
2436	593.928	156	0.0536612
2437	594.171	133	0.0457496
2438	594.415	155	0.0533172
2439	594.659	156	0.0536612
2440	594.903	147	0.0505653
2441	595.147	133	0.0457496
2442	595.391	155	0.0533172
2443	595.635	125	0.0429977
2444	595.879	135	0.0464376
2445	596.122	125	0.0429977
2446	596.366	137	0.0471255
2447	596.610	138	0.0474695
2448	596.854	124	0.0426538
2449	597.098	150	0.0515973
2450	597.342	138	0.0474695
2451	597.586	125	0.0429977
2452	597.829	156	0.0536612
2453	598.073	135	0.0464376
2454	598.317	153	0.0526292
2455	598.561	146	0.0502214
2456	598.805	132	0.0454056
2457	599.049	152	0.0522852
2458	599.293	166	0.057101
2459	599.537	143	0.0491894
2460	599.780	129	0.0443737
2461	600.024	143	0.0491894
2462	600.268	164	0.056413
2463	600.512	142	0.0488454
2464	600.756	163	0.056069
2465	601.000	160	0.0550371
2466	601.244	167	0.057445
2467	601.487	170	0.0584769
2468	601.731	150	0.0515973
2469	601.975	158	0.0543491
2470	602.219	167	0.057445
2471	602.463	140	0.0481575
2472	602.707	161	0.0553811
2473	602.951	123	0.0423098
2474	603.194	156	0.0536612
2475	603.438	149	0.0512533
2476	603.682	155	0.0533172
2477	603.926	151	0.0519413
2478	604.170	131	0.0450616
2479	604.414	134	0.0460936
2480	604.658	115	0.0395579
2481	604.902	142	0.0488454
2482	605.145	148	0.0509093
2483	605.389	129	0.0443737
2484	605.633	155	0.0533172
2485	605.877	154	0.0529732
2486	606.121	148	0.0509093
2487	606.365	172	0.0591649
2488	606.609	134	0.0460936
2489	606.852	141	0.0485014
2490	607.096	184	0.0632927
2491	607.340	156	0.0536612
2492	607.584	145	0.0498774
2493	607.828	148	0.0509093
2494	608.072	140	0.0481575
2495	608.316	134	0.0460936
2496	608.559	154	0.0529732
2497	608.803	135	0.0464376
2498	609.047	155	0.0533172
2499	609.291	140	0.0481575
2500	609.535	140	0.0481575
2501	609.779	158	0.0543491
2502	610.023	165	0.056757
2503	610.267	183	0.0629487
2504	610.510	151	0.0519413
2505	610.754	131	0.0450616
2506	610.998	175	0.0601968
2507	611.242	170	0.0584769
2508	611.486	157	0.0540052
2509	611.730	163	0.056069
2510	611.974	156	0.0536612
2511	612.217	134	0.0460936
2512	612.461	141	0.0485014
2513	612.705	154	0.0529732
2514	612.949	149	0.0512533
2515	613.193	146	0.0502214
2516	613.437	137	0.0471255
2517	613.681	166	0.057101
2518	613.925	130	0.0447176
2519	614.168	137	0.0471255
2520	614.412	163	0.056069
2521	614.656	137	0.0471255
2522	614.900	164	0.056413
2523	615.144	150	0.0515973
2524	615.388	159	0.0546931
2525	615.632	169	0.0581329
2526	615.875	153	0.0526292
2527	616.119	156	0.0536612
2528	616.363	156	0.0536612
2529	616.607	143	0.0491894
2530	616.851	134	0.0460936
2531	617.095	137	0.0471255
2532	617.339	143	0.0491894
2533	617.582	161	0.0553811
2534	617.826	179	0.0615728
2535	618.070	159	0.0546931
2536	618.314	171	0.0588209
2537	618.558	170	0.0584769
2538	618.802	149	0.0512533
2539	619.046	145	0.0498774
2540	619.290	154	0.0529732
2541	619.533	139	0.0478135
2542	619.777	147	0.0505653
2543	620.021	157	0.0540052
2544	620.265	163	0.056069
2545	620.509	163	0.056069
2546	620.753	131	0.0450616
2547	620.997	166	0.057101
2548	621.240	157	0.0540052
2549	621.484	150	0.0515973
2550	621.728	147	0.0505653
2551	621.972	170	0.0584769
2552	622.216	167	0.057445
2553	622.460	141	0.0485014
2554	622.704	145	0.0498774
2555	622.948	129	0.0443737
2556	623.191	182	0.0626047
2557	623.435	161	0.0553811
2558	623.679	173	0.0595089
2559	623.923	151	0.0519413
2560	624.167	158	0.0543491
2561	624.411	153	0.0526292
2562	624.655	139	0.0478135
2563	624.898	179	0.0615728
2564	625.142	177	0.0608848
2565	625.386	164	0.056413
2566	625.630	148	0.0509093
2567	625.874	129	0.0443737
2568	626.118	139	0.0478135
2569	626.362	161	0.0553811
2570	626.605	149	0.0512533
2571	626.849	177	0.0608848
2572	627.093	161	0.0553811
2573	627.337	159	0.0546931
2574	627.581	140	0.0481575
2575	627.825	195	0.0670765
2576	628.069	167	0.057445
2577	628.313	158	0.0543491
2578	628.556	153	0.0526292
2579	628.800	167	0.057445
2580	629.044	158	0.0543491
2581	629.288	139	0.0478135
2582	629.532	160	0.0550371
2583	629.776	162	0.0557251
2584	630.020	137	0.0471255
2585	630.263	138	0.0474695
2586	630.507	164	0.056413
2587	630.751	154	0.0529732
2588	630.995	150	0.0515973
2589	631.239	183	0.0629487
2590	631.483	114	0.0392139
2591	631.727	164	0.056413
2592	631.970	172	0.0591649
2593	632.214	151	0.0519413
2594	632.458	154	0.0529732
2595	632.702	161	0.0553811
2596	632.946	170	0.0584769
2597	633.190	166	0.057101
2598	633.434	148	0.0509093
2599	633.678	173	0.0595089
2600	633.921	142	0.0488454
2601	634.165	162	0.0557251
2602	634.409	153	0.0526292
2603	634.653	158	0.0543491
2604	634.897	159	0.0546931
2605	635.141	159	0.0546931
2606	635.385	146	0.0502214
2607	635.628	160	0.0550371
2608	635.872	178	0.0612288
2609	636.116	176	0.0605408
2610	636.360	170	0.0584769
2611	636.604	168	0.057789
2612	636.848	169	0.0581329
2613	637.092	154	0.0529732
2614	637.336	166	0.057101
2615	637.579	163	0.056069
2616	637.823	170	0.0584769
2617	638.067	155	0.0533172
2618	638.311	144	0.0495334
2619	638.555	169	0.0581329
2620	638.799	175	0.0601968
2621	639.043	179	0.0615728
2622	639.286	144	0.0495334
2623	639.530	155	0.0533172
2624	639.774	160	0.0550371
2625	640.018	167	0.057445
2626	640.262	146	0.0502214
2627	640.506	153	0.0526292
2628	640.750	159	0.0546931
2629	640.993	137	0.0471255
2630	641.237	162	0.0557251
2631	641.481	157	0.0540052
2632	641.725	172	0.0591649
2633	641.969	170	0.0584769
2634	642.213	161	0.0553811
2635	642.457	175	0.0601968
2636	642.701	141	0.0485014
2637	642.944	177	0.0608848
2638	643.188	154	0.0529732
2639	643.432	168	0.057789
2640	643.676	185	0.0636366
2641	643.920	173	0.0595089
2642	644.164	150	0.0515973
2643	644.408	185	0.0636366
2644	644.651	180	0.0619167
2645	644.895	190	0.0653566
2646	645.139	172	0.0591649
2647	645.383	154	0.0529732
2648	645.627	145	0.0498774
2649	645.871	159	0.0546931
2650	646.115	163	0.056069
2651	646.358	176	0.0605408
2652	646.602	156	0.0536612
2653	646.846	164	0.056413
2654	647.090	155	0.0533172
2655	647.334	174	0.0598528
2656	647.578	174	0.0598528
2657	647.822	178	0.0612288
2658	648.066	150	0.0515973
2659	648.309	161	0.0553811
2660	648.553	162	0.0557251
2661	648.797	167	0.057445
2662	649.041	171	0.0588209
2663	649.285	180	0.0619167
2664	649.529	161	0.0553811
2665	649.773	184	0.0632927
2666	650.016	181	0.0622607
2667	650.260	179	0.0615728
2668	650.504	168	0.057789
2669	650.748	187	0.0643246
2670	650.992	176	0.0605408
2671	651.236	176	0.0605408
2672	651.480	175	0.0601968
2673	651.724	164	0.056413
2674	651.967	155	0.0533172
2675	652.211	162	0.0557251
2676	652.455	168	0.057789
2677	652.699	179	0.0615728
2678	652.943	172	0.0591649
2679	653.187	181	0.0622607
2680	653.431	170	0.0584769
2681	653.674	177	0.0608848
2682	653.918	166	0.057101
2683	654.162	185	0.0636366
2684	654.406	188	0.0646686
2685	654.650	178	0.0612288
2686	654.894	161	0.0553811
2687	655.138	151	0.0519413
2688	655.381	177	0.0608848
2689	655.625	185	0.0636366
2690	655.869	177	0.0608848
2691	656.113	187	0.0643246
2692	656.357	166	0.057101
2693	656.601	182	0.0626047
2694	656.845	188	0.0646686
2695	657.089	185	0.0636366
2696	657.332	163	0.056069
2697	657.576	161	0.0553811
2698	657.820	172	0.0591649
2699	658.064	177	0.0608848
2700	658.308	176	0.0605408
2701	658.552	178	0.0612288
2702	658.796	181	0.0622607
2703	659.039	210	0.0722362
2704	659.283	159	0.0546931
2705	659.527	180	0.0619167
2706	659.771	181	0.0622607
2707	660.015	216	0.0743001
2708	660.259	207	0.0712042
2709	660.503	298	0.102507
2710	660.746	481	0.165455
2711	660.990	692	0.238035
2712	661.234	1151	0.395923
2713	661.478	1665	0.57273
2714	661.722	2498	0.859267
2715	661.966	3186	1.09593
2716	662.210	3900	1.34153
2717	662.454	4127	1.41961
2718	662.697	3800	1.30713
2719	662.941	3426	1.17848
2720	663.185	2777	0.955238
2721	663.429	1928	0.663197
2722	663.673	1261	0.433761
2723	663.917	735	0.252827
2724	664.161	502	0.172679
2725	664.404	333	0.114546
2726	664.648	241	0.0828996
2727	664.892	223	0.076708
2728	665.136	186	0.0639806
2729	665.380	204	0.0701723
2730	665.624	202	0.0694843
2731	665.868	198	0.0681084
2732	666.112	200	0.0687964
2733	666.355	192	0.0660445
2734	666.599	187	0.0643246
2735	666.843	180	0.0619167
2736	667.087	170	0.0584769
2737	667.331	177	0.0608848
2738	667.575	193	0.0663885
2739	667.819	187	0.0643246
2740	668.062	186	0.0639806
2741	668.306	168	0.057789
2742	668.550	194	0.0667325
2743	668.794	183	0.0629487
2744	669.038	182	0.0626047
2745	669.282	175	0.0601968
2746	669.526	183	0.0629487
2747	669.769	177	0.0608848
2748	670.013	169	0.0581329
2749	670.257	179	0.0615728
2750	670.501	187	0.0643246
2751	670.745	176	0.0605408
2752	670.989	207	0.0712042
2753	671.233	201	0.0691404
2754	671.477	171	0.0588209
2755	671.720	193	0.0663885
2756	671.964	185	0.0636366
2757	672.208	203	0.0698283
2758	672.452	165	0.056757
2759	672.696	180	0.0619167
2760	672.940	183	0.0629487
2761	673.184	189	0.0650126
2762	673.427	190	0.0653566
2763	673.671	199	0.0684524
2764	673.915	186	0.0639806
2765	674.159	202	0.0694843
2766	674.403	208	0.0715482
2767	674.647	192	0.0660445
2768	674.891	205	0.0705163
2769	675.135	182	0.0626047
2770	675.378	187	0.0643246
2771	675.622	187	0.0643246
2772	675.866	199	0.0684524
2773	676.110	179	0.0615728
2774	676.354	210	0.0722362
2775	676.598	200	0.0687964
2776	676.842	181	0.0622607
2777	677.085	211	0.0725802
2778	677.329	172	0.0591649
2779	677.573	203	0.0698283
2780	677.817	176	0.0605408
2781	678.061	203	0.0698283
2782	678.305	181	0.0622607
2783	678.549	202	0.0694843
2784	678.792	194	0.0667325
2785	679.036	187	0.0643246
2786	679.280	149	0.0512533
2787	679.524	193	0.0663885
2788	679.768	202	0.0694843
2789	680.012	198	0.0681084
2790	680.256	196	0.0674204
2791	680.500	211	0.0725802
2792	680.743	219	0.075332
2793	680.987	181	0.0622607
2794	681.231	198	0.0681084
2795	681.475	185	0.0636366
2796	681.719	206	0.0708603
2797	681.963	186	0.0639806
2798	682.207	196	0.0674204
2799	682.450	190	0.0653566
2800	682.694	210	0.0722362
2801	682.938	197	0.0677644
2802	683.182	217	0.0746441
2803	683.426	177	0.0608848
2804	683.670	179	0.0615728
2805	683.914	197	0.0677644
2806	684.157	200	0.0687964
2807	684.401	176	0.0605408
2808	684.645	167	0.057445
2809	684.889	214	0.0736121
2810	685.133	205	0.0705163
2811	685.377	205	0.0705163
2812	685.621	181	0.0622607
2813	685.865	189	0.0650126
2814	686.108	211	0.0725802
2815	686.352	160	0.0550371
2816	686.596	212	0.0729242
2817	686.840	181	0.0622607
2818	687.084	203	0.0698283
2819	687.328	183	0.0629487
2820	687.572	215	0.0739561
2821	687.815	185	0.0636366
2822	688.059	212	0.0729242
2823	688.303	203	0.0698283
2824	688.547	194	0.0667325
2825	688.791	201	0.0691404
2826	689.035	195	0.0670765
2827	689.279	187	0.0643246
2828	689.523	192	0.0660445
2829	689.766	190	0.0653566
2830	690.010	176	0.0605408
2831	690.254	196	0.0674204
2832	690.498	195	0.0670765
2833	690.742	181	0.0622607
2834	690.986	214	0.0736121
2835	691.230	198	0.0681084
2836	691.473	204	0.0701723
2837	691.717	218	0.074988
2838	691.961	180	0.0619167
2839	692.205	209	0.0718922
2840	692.449	187	0.0643246
2841	692.693	195	0.0670765
2842	692.937	193	0.0663885
2843	693.180	186	0.0639806
2844	693.424	198	0.0681084
2845	693.668	170	0.0584769
2846	693.912	208	0.0715482
2847	694.156	194	0.0667325
2848	694.400	182	0.0626047
2849	694.644	177	0.0608848
2850	694.888	159	0.0546931
2851	695.131	211	0.0725802
2852	695.375	193	0.0663885
2853	695.619	169	0.0581329
2854	695.863	186	0.0639806
2855	696.107	215	0.0739561
2856	696.351	188	0.0646686
2857	696.595	208	0.0715482
2858	696.838	179	0.0615728
2859	697.082	177	0.0608848
2860	697.326	186	0.0639806
2861	697.570	159	0.0546931
2862	697.814	178	0.0612288
2863	698.058	169	0.0581329
2864	698.302	193	0.0663885
2865	698.545	178	0.0612288
2866	698.789	197	0.0677644
2867	699.033	185	0.0636366
2868	699.277	158	0.0543491
2869	699.521	179	0.0615728
2870	699.765	150	0.0515973
2871	700.009	186	0.0639806
2872	700.253	177	0.0608848
2873	700.496	161	0.0553811
2874	700.740	161	0.0553811
2875	700.984	186	0.0639806
2876	701.228	182	0.0626047
2877	701.472	153	0.0526292
2878	701.716	193	0.0663885
2879	701.960	151	0.0519413
2880	702.203	151	0.0519413
2881	702.447	145	0.0498774
2882	702.691	144	0.0495334
2883	702.935	180	0.0619167
2884	703.179	133	0.0457496
2885	703.423	158	0.0543491
2886	703.667	156	0.0536612
2887	703.911	142	0.0488454
2888	704.154	129	0.0443737
2889	704.398	154	0.0529732
2890	704.642	139	0.0478135
2891	704.886	136	0.0467815
2892	705.130	155	0.0533172
2893	705.374	147	0.0505653
2894	705.618	139	0.0478135
2895	705.861	144	0.0495334
2896	706.105	150	0.0515973
2897	706.349	153	0.0526292
2898	706.593	145	0.0498774
2899	706.837	163	0.056069
2900	707.081	139	0.0478135
2901	707.325	131	0.0450616
2902	707.568	132	0.0454056
2903	707.812	159	0.0546931
2904	708.056	122	0.0419658
2905	708.300	149	0.0512533
2906	708.544	118	0.0405899
2907	708.788	132	0.0454056
2908	709.032	132	0.0454056
2909	709.276	138	0.0474695
2910	709.519	128	0.0440297
2911	709.763	123	0.0423098
2912	710.007	140	0.0481575
2913	710.251	146	0.0502214
2914	710.495	122	0.0419658
2915	710.739	140	0.0481575
2916	710.983	124	0.0426538
2917	711.226	139	0.0478135
2918	711.470	126	0.0433417
2919	711.714	116	0.0399019
2920	711.958	128	0.0440297
2921	712.202	119	0.0409338
2922	712.446	123	0.0423098
2923	712.690	134	0.0460936
2924	712.933	116	0.0399019
2925	713.177	132	0.0454056
2926	713.421	102	0.0350862
2927	713.665	113	0.03887
2928	713.909	114	0.0392139
2929	714.153	131	0.0450616
2930	714.397	115	0.0395579
2931	714.641	139	0.0478135
2932	714.884	130	0.0447176
2933	715.128	141	0.0485014
2934	715.372	119	0.0409338
2935	715.616	136	0.0467815
2936	715.860	138	0.0474695
2937	716.104	161	0.0553811
2938	716.348	131	0.0450616
2939	716.591	141	0.0485014
2940	716.835	152	0.0522852
2941	717.079	130	0.0447176
2942	717.323	135	0.0464376
2943	717.567	125	0.0429977
2944	717.811	142	0.0488454
2945	718.055	116	0.0399019
2946	718.299	123	0.0423098
2947	718.542	139	0.0478135
2948	718.786	116	0.0399019
2949	719.030	127	0.0436857
2950	719.274	126	0.0433417
2951	719.518	131	0.0450616
2952	719.762	115	0.0395579
2953	720.006	132	0.0454056
2954	720.249	108	0.03715
2955	720.493	117	0.0402459
2956	720.737	135	0.0464376
2957	720.981	129	0.0443737
2958	721.225	131	0.0450616
2959	721.469	140	0.0481575
2960	721.713	152	0.0522852
2961	721.956	126	0.0433417
2962	722.200	135	0.0464376
2963	722.444	110	0.037838
2964	722.688	133	0.0457496
2965	722.932	143	0.0491894
2966	723.176	138	0.0474695
2967	723.420	132	0.0454056
2968	723.664	128	0.0440297
2969	723.907	116	0.0399019
2970	724.151	128	0.0440297
2971	724.395	128	0.0440297
2972	724.639	139	0.0478135
2973	724.883	115	0.0395579
2974	725.127	132	0.0454056
2975	725.371	128	0.0440297
2976	725.614	124	0.0426538
2977	725.858	161	0.0553811
2978	726.102	104	0.0357741
2979	726.346	108	0.03715
2980	726.590	124	0.0426538
2981	726.834	123	0.0423098
2982	727.078	122	0.0419658
2983	727.322	130	0.0447176
2984	727.565	129	0.0443737
2985	727.809	127	0.0436857
2986	728.053	113	0.03887
2987	728.297	128	0.0440297
2988	728.541	125	0.0429977
2989	728.785	106	0.0364621
2990	729.029	116	0.0399019
2991	729.272	122	0.0419658
2992	729.516	132	0.0454056
2993	729.760	127	0.0436857
2994	730.004	123	0.0423098
2995	730.248	137	0.0471255
2996	730.492	131	0.0450616
2997	730.736	139	0.0478135
2998	730.979	92	0.0316463
2999	731.223	125	0.0429977
3000	731.467	116	0.0399019
3001	731.711	115	0.0395579
3002	731.955	135	0.0464376
3003	732.199	133	0.0457496
3004	732.443	125	0.0429977
3005	732.687	118	0.0405899
3006	732.930	112	0.038526
3007	733.174	126	0.0433417
3008	733.418	105	0.0361181
3009	733.662	122	0.0419658
3010	733.906	100	0.0343982
3011	734.150	120	0.0412778
3012	734.394	117	0.0402459
3013	734.637	117	0.0402459
3014	734.881	128	0.0440297
3015	735.125	117	0.0402459
3016	735.369	125	0.0429977
3017	735.613	124	0.0426538
3018	735.857	120	0.0412778
3019	736.101	97	0.0333662
3020	736.344	106	0.0364621
3021	736.588	110	0.037838
3022	736.832	125	0.0429977
3023	737.076	115	0.0395579
3024	737.320	110	0.037838
3025	737.564	108	0.03715
3026	737.808	112	0.038526
3027	738.052	132	0.0454056
3028	738.295	113	0.03887
3029	738.539	111	0.038182
3030	738.783	106	0.0364621
3031	739.027	118	0.0405899
3032	739.271	106	0.0364621
3033	739.515	98	0.0337102
3034	739.759	107	0.0368061
3035	740.002	114	0.0392139
3036	740.246	116	0.0399019
3037	740.490	121	0.0416218
3038	740.734	124	0.0426538
3039	740.978	104	0.0357741
3040	741.222	113	0.03887
3041	741.466	130	0.0447176
3042	741.710	118	0.0405899
3043	741.953	129	0.0443737
3044	742.197	118	0.0405899
3045	742.441	137	0.0471255
3046	742.685	111	0.038182
3047	742.929	107	0.0368061
3048	743.173	104	0.0357741
3049	743.417	112	0.038526
3050	743.660	119	0.0409338
3051	743.904	122	0.0419658
3052	744.148	114	0.0392139
3053	744.392	141	0.0485014
3054	744.636	101	0.0347422
3055	744.880	119	0.0409338
3056	745.124	113	0.03887
3057	745.367	109	0.037494
3058	745.611	123	0.0423098
3059	745.855	123	0.0423098
3060	746.099	97	0.0333662
3061	746.343	100	0.0343982
3062	746.587	140	0.0481575
3063	746.831	120	0.0412778
3064	747.075	123	0.0423098
3065	747.318	126	0.0433417
3066	747.562	104	0.0357741
3067	747.806	106	0.0364621
3068	748.050	110	0.037838
3069	748.294	104	0.0357741
3070	748.538	105	0.0361181
3071	748.782	108	0.03715
3072	749.025	114	0.0392139
3073	749.269	119	0.0409338
3074	749.513	109	0.037494
3075	749.757	114	0.0392139
3076	750.001	107	0.0368061
3077	750.245	123	0.0423098
3078	750.489	117	0.0402459
3079	750.732	109	0.037494
3080	750.976	101	0.0347422
3081	751.220	99	0.0340542
3082	751.464	130	0.0447176
3083	751.708	115	0.0395579
3084	751.952	118	0.0405899
3085	752.196	106	0.0364621
3086	752.440	104	0.0357741
3087	752.683	101	0.0347422
3088	752.927	99	0.0340542
3089	753.171	105	0.0361181
3090	753.415	121	0.0416218
3091	753.659	113	0.03887
3092	753.903	109	0.037494
3093	754.147	96	0.0330223
3094	754.390	114	0.0392139
3095	754.634	115	0.0395579
3096	754.878	114	0.0392139
3097	755.122	112	0.038526
3098	755.366	120	0.0412778
3099	755.610	95	0.0326783
3100	755.854	103	0.0354301
3101	756.098	109	0.037494
3102	756.341	115	0.0395579
3103	756.585	94	0.0323343
3104	756.829	98	0.0337102
3105	757.073	120	0.0412778
3106	757.317	108	0.03715
3107	757.561	122	0.0419658
3108	757.805	111	0.038182
3109	758.048	92	0.0316463
3110	758.292	99	0.0340542
3111	758.536	94	0.0323343
3112	758.780	123	0.0423098
3113	759.024	94	0.0323343
3114	759.268	102	0.0350862
3115	759.512	97	0.0333662
3116	759.755	107	0.0368061
3117	759.999	95	0.0326783
3118	760.243	97	0.0333662
3119	760.487	114	0.0392139
3120	760.731	107	0.0368061
3121	760.975	124	0.0426538
3122	761.219	124	0.0426538
3123	761.463	100	0.0343982
3124	761.706	111	0.038182
3125	761.950	101	0.0347422
3126	762.194	112	0.038526
3127	762.438	112	0.038526
3128	762.682	119	0.0409338
3129	762.926	111	0.038182
3130	763.170	93	0.0319903
3131	763.413	107	0.0368061
3132	763.657	106	0.0364621
3133	763.901	77	0.0264866
3134	764.145	107	0.0368061
3135	764.389	102	0.0350862
3136	764.633	113	0.03887
3137	764.877	93	0.0319903
3138	765.121	106	0.0364621
3139	765.364	97	0.0333662
3140	765.608	98	0.0337102
3141	765.852	98	0.0337102
3142	766.096	106	0.0364621
3143	766.340	108	0.03715
3144	766.584	75	0.0257986
3145	766.828	93	0.0319903
3146	767.071	111	0.038182
3147	767.315	92	0.0316463
3148	767.559	95	0.0326783
3149	767.803	107	0.0368061
3150	768.047	116	0.0399019
3151	768.291	91	0.0313023
3152	768.535	93	0.0319903
3153	768.778	97	0.0333662
3154	769.022	107	0.0368061
3155	769.266	110	0.037838
3156	769.510	106	0.0364621
3157	769.754	95	0.0326783
3158	769.998	108	0.03715
3159	770.242	106	0.0364621
3160	770.486	96	0.0330223
3161	770.729	95	0.0326783
3162	770.973	97	0.0333662
3163	771.217	105	0.0361181
3164	771.461	104	0.0357741
3165	771.705	88	0.0302704
3166	771.949	95	0.0326783
3167	772.193	82	0.0282065
3168	772.436	91	0.0313023
3169	772.680	99	0.0340542
3170	772.924	92	0.0316463
3171	773.168	94	0.0323343
3172	773.412	97	0.0333662
3173	773.656	94	0.0323343
3174	773.900	90	0.0309584
3175	774.143	114	0.0392139
3176	774.387	102	0.0350862
3177	774.631	106	0.0364621
3178	774.875	113	0.03887
3179	775.119	90	0.0309584
3180	775.363	108	0.03715
3181	775.607	76	0.0261426
3182	775.851	95	0.0326783
3183	776.094	98	0.0337102
3184	776.338	89	0.0306144
3185	776.582	99	0.0340542
3186	776.826	93	0.0319903
3187	777.070	85	0.0292385
3188	777.314	98	0.0337102
3189	777.558	98	0.0337102
3190	777.801	105	0.0361181
3191	778.045	96	0.0330223
3192	778.289	106	0.0364621
3193	778.533	110	0.037838
3194	778.777	90	0.0309584
3195	779.021	99	0.0340542
3196	779.265	88	0.0302704
3197	779.509	94	0.0323343
3198	779.752	84	0.0288945
3199	779.996	96	0.0330223
3200	780.240	105	0.0361181
3201	780.484	98	0.0337102
3202	780.728	84	0.0288945
3203	780.972	111	0.038182
3204	781.216	94	0.0323343
3205	781.459	77	0.0264866
3206	781.703	85	0.0292385
3207	781.947	92	0.0316463
3208	782.191	107	0.0368061
3209	782.435	97	0.0333662
3210	782.679	87	0.0299264
3211	782.923	90	0.0309584
3212	783.166	87	0.0299264
3213	783.410	97	0.0333662
3214	783.654	80	0.0275185
3215	783.898	96	0.0330223
3216	784.142	84	0.0288945
3217	784.386	78	0.0268306
3218	784.630	95	0.0326783
3219	784.874	84	0.0288945
3220	785.117	108	0.03715
3221	785.361	105	0.0361181
3222	785.605	87	0.0299264
3223	785.849	104	0.0357741
3224	786.093	89	0.0306144
3225	786.337	94	0.0323343
3226	786.581	81	0.0278625
3227	786.824	87	0.0299264
3228	787.068	98	0.0337102
3229	787.312	95	0.0326783
3230	787.556	86	0.0295824
3231	787.800	99	0.0340542
3232	788.044	106	0.0364621
3233	788.288	86	0.0295824
3234	788.531	101	0.0347422
3235	788.775	86	0.0295824
3236	789.019	85	0.0292385
3237	789.263	79	0.0271746
3238	789.507	82	0.0282065
3239	789.751	81	0.0278625
3240	789.995	75	0.0257986
3241	790.239	90	0.0309584
3242	790.482	95	0.0326783
3243	790.726	90	0.0309584
3244	790.970	74	0.0254547
3245	791.214	82	0.0282065
3246	791.458	94	0.0323343
3247	791.702	66	0.0227028
3248	791.946	104	0.0357741
3249	792.189	106	0.0364621
3250	792.433	87	0.0299264
3251	792.677	96	0.0330223
3252	792.921	70	0.0240787
3253	793.165	76	0.0261426
3254	793.409	82	0.0282065
3255	793.653	80	0.0275185
3256	793.897	88	0.0302704
3257	794.140	89	0.0306144
3258	794.384	92	0.0316463
3259	794.628	82	0.0282065
3260	794.872	80	0.0275185
3261	795.116	93	0.0319903
3262	795.360	92	0.0316463
3263	795.604	73	0.0251107
3264	795.847	81	0.0278625
3265	796.091	70	0.0240787
3266	796.335	96	0.0330223
3267	796.579	73	0.0251107
3268	796.823	80	0.0275185
3269	797.067	76	0.0261426
3270	797.311	99	0.0340542
3271	797.554	87	0.0299264
3272	797.798	65	0.0223588
3273	798.042	85	0.0292385
3274	798.286	83	0.0285505
3275	798.530	103	0.0354301
3276	798.774	77	0.0264866
3277	799.018	83	0.0285505
3278	799.262	87	0.0299264
3279	799.505	80	0.0275185
3280	799.749	81	0.0278625
3281	799.993	88	0.0302704
3282	800.237	85	0.0292385
3283	800.481	84	0.0288945
3284	800.725	83	0.0285505
3285	800.969	89	0.0306144
3286	801.212	76	0.0261426
3287	801.456	87	0.0299264
3288	801.700	85	0.0292385
3289	801.944	82	0.0282065
3290	802.188	73	0.0251107
3291	802.432	83	0.0285505
3292	802.676	93	0.0319903
3293	802.919	84	0.0288945
3294	803.163	83	0.0285505
3295	803.407	88	0.0302704
3296	803.651	92	0.0316463
3297	803.895	93	0.0319903
3298	804.139	73	0.0251107
3299	804.383	102	0.0350862
3300	804.627	84	0.0288945
3301	804.870	78	0.0268306
3302	805.114	92	0.0316463
3303	805.358	77	0.0264866
3304	805.602	82	0.0282065
3305	805.846	94	0.0323343
3306	806.090	87	0.0299264
3307	806.334	91	0.0313023
3308	806.577	89	0.0306144
3309	806.821	77	0.0264866
3310	807.065	91	0.0313023
3311	807.309	71	0.0244227
3312	807.553	76	0.0261426
3313	807.797	94	0.0323343
3314	808.041	89	0.0306144
3315	808.285	76	0.0261426
3316	808.528	97	0.0333662
3317	808.772	69	0.0237347
3318	809.016	88	0.0302704
3319	809.260	83	0.0285505
3320	809.504	77	0.0264866
3321	809.748	79	0.0271746
3322	809.992	72	0.0247667
3323	810.235	89	0.0306144
3324	810.479	94	0.0323343
3325	810.723	74	0.0254547
3326	810.967	81	0.0278625
3327	811.211	76	0.0261426
3328	811.455	93	0.0319903
3329	811.699	81	0.0278625
3330	811.942	86	0.0295824
3331	812.186	94	0.0323343
3332	812.430	90	0.0309584
3333	812.674	87	0.0299264
3334	812.918	96	0.0330223
3335	813.162	104	0.0357741
3336	813.406	142	0.0488454
3337	813.650	126	0.0433417
3338	813.893	152	0.0522852
3339	814.137	186	0.0639806
3340	814.381	218	0.074988
3341	814.625	226	0.0777399
3342	814.869	213	0.0732681
3343	815.113	231	0.0794598
3344	815.357	179	0.0615728
3345	815.600	208	0.0715482
3346	815.844	153	0.0526292
3347	816.088	128	0.0440297
3348	816.332	107	0.0368061
3349	816.576	99	0.0340542
3350	816.820	89	0.0306144
3351	817.064	101	0.0347422
3352	817.308	83	0.0285505
3353	817.551	99	0.0340542
3354	817.795	85	0.0292385
3355	818.039	75	0.0257986
3356	818.283	81	0.0278625
3357	818.527	94	0.0323343
3358	818.771	82	0.0282065
3359	819.015	72	0.0247667
3360	819.258	90	0.0309584
3361	819.502	62	0.0213269
3362	819.746	89	0.0306144
3363	819.990	87	0.0299264
3364	820.234	97	0.0333662
3365	820.478	85	0.0292385
3366	820.722	70	0.0240787
3367	820.965	80	0.0275185
3368	821.209	88	0.0302704
3369	821.453	89	0.0306144
3370	821.697	110	0.037838
3371	821.941	91	0.0313023
3372	822.185	89	0.0306144
3373	822.429	96	0.0330223
3374	822.673	95	0.0326783
3375	822.916	99	0.0340542
3376	823.160	95	0.0326783
3377	823.404	93	0.0319903
3378	823.648	77	0.0264866
3379	823.892	98	0.0337102
3380	824.136	91	0.0313023
3381	824.380	87	0.0299264
3382	824.623	102	0.0350862
3383	824.867	85	0.0292385
3384	825.111	90	0.0309584
3385	825.355	100	0.0343982
3386	825.599	79	0.0271746
3387	825.843	88	0.0302704
3388	826.087	90	0.0309584
3389	826.330	75	0.0257986
3390	826.574	93	0.0319903
3391	826.818	76	0.0261426
3392	827.062	75	0.0257986
3393	827.306	85	0.0292385
3394	827.550	100	0.0343982
3395	827.794	107	0.0368061
3396	828.038	77	0.0264866
3397	828.281	90	0.0309584
3398	828.525	92	0.0316463
3399	828.769	83	0.0285505
3400	829.013	86	0.0295824
3401	829.257	77	0.0264866
3402	829.501	76	0.0261426
3403	829.745	77	0.0264866
3404	829.988	85	0.0292385
3405	830.232	83	0.0285505
3406	830.476	101	0.0347422
3407	830.720	87	0.0299264
3408	830.964	92	0.0316463
3409	831.208	114	0.0392139
3410	831.452	78	0.0268306
3411	831.696	95	0.0326783
3412	831.939	87	0.0299264
3413	832.183	82	0.0282065
3414	832.427	117	0.0402459
3415	832.671	71	0.0244227
3416	832.915	83	0.0285505
3417	833.159	91	0.0313023
3418	833.403	77	0.0264866
3419	833.646	82	0.0282065
3420	833.890	86	0.0295824
3421	834.134	96	0.0330223
3422	834.378	69	0.0237347
3423	834.622	94	0.0323343
3424	834.866	82	0.0282065
3425	835.110	89	0.0306144
3426	835.353	82	0.0282065
3427	835.597	95	0.0326783
3428	835.841	95	0.0326783
3429	836.085	80	0.0275185
3430	836.329	90	0.0309584
3431	836.573	105	0.0361181
3432	836.817	74	0.0254547
3433	837.061	77	0.0264866
3434	837.304	95	0.0326783
3435	837.548	83	0.0285505
3436	837.792	99	0.0340542
3437	838.036	78	0.0268306
3438	838.280	103	0.0354301
3439	838.524	81	0.0278625
3440	838.768	91	0.0313023
3441	839.011	84	0.0288945
3442	839.255	86	0.0295824
3443	839.499	92	0.0316463
3444	839.743	76	0.0261426
3445	839.987	91	0.0313023
3446	840.231	81	0.0278625
3447	840.475	109	0.037494
3448	840.718	78	0.0268306
3449	840.962	74	0.0254547
3450	841.206	81	0.0278625
3451	841.450	80	0.0275185
3452	841.694	74	0.0254547
3453	841.938	91	0.0313023
3454	842.182	92	0.0316463
3455	842.426	81	0.0278625
3456	842.669	79	0.0271746
3457	842.913	95	0.0326783
3458	843.157	85	0.0292385
3459	843.401	85	0.0292385
3460	843.645	90	0.0309584
3461	843.889	88	0.0302704
3462	844.133	110	0.037838
3463	844.376	77	0.0264866
3464	844.620	88	0.0302704
3465	844.864	83	0.0285505
3466	845.108	100	0.0343982
3467	845.352	101	0.0347422
3468	845.596	77	0.0264866
3469	845.840	79	0.0271746
3470	846.084	71	0.0244227
3471	846.327	101	0.0347422
3472	846.571	81	0.0278625
3473	846.815	110	0.037838
3474	847.059	92	0.0316463
3475	847.303	89	0.0306144
3476	847.547	93	0.0319903
3477	847.791	77	0.0264866
3478	848.034	90	0.0309584
3479	848.278	84	0.0288945
3480	848.522	84	0.0288945
3481	848.766	66	0.0227028
3482	849.010	82	0.0282065
3483	849.254	77	0.0264866
3484	849.498	78	0.0268306
3485	849.741	80	0.0275185
3486	849.985	86	0.0295824
3487	850.229	84	0.0288945
3488	850.473	82	0.0282065
3489	850.717	86	0.0295824
3490	850.961	92	0.0316463
3491	851.205	94	0.0323343
3492	851.449	94	0.0323343
3493	851.692	83	0.0285505
3494	851.936	89	0.0306144
3495	852.180	67	0.0230468
3496	852.424	83	0.0285505
3497	852.668	72	0.0247667
3498	852.912	98	0.0337102
3499	853.156	89	0.0306144
3500	853.399	88	0.0302704
3501	853.643	99	0.0340542
3502	853.887	78	0.0268306
3503	854.131	103	0.0354301
3504	854.375	73	0.0251107
3505	854.619	93	0.0319903
3506	854.863	84	0.0288945
3507	855.106	85	0.0292385
3508	855.350	98	0.0337102
3509	855.594	101	0.0347422
3510	855.838	83	0.0285505
3511	856.082	84	0.0288945
3512	856.326	99	0.0340542
3513	856.570	79	0.0271746
3514	856.814	110	0.037838
3515	857.057	74	0.0254547
3516	857.301	93	0.0319903
3517	857.545	93	0.0319903
3518	857.789	77	0.0264866
3519	858.033	89	0.0306144
3520	858.277	103	0.0354301
3521	858.521	96	0.0330223
3522	858.764	92	0.0316463
3523	859.008	90	0.0309584
3524	859.252	76	0.0261426
3525	859.496	80	0.0275185
3526	859.740	75	0.0257986
3527	859.984	73	0.0251107
3528	860.228	93	0.0319903
3529	860.472	104	0.0357741
3530	860.715	83	0.0285505
3531	860.959	101	0.0347422
3532	861.203	101	0.0347422
3533	861.447	81	0.0278625
3534	861.691	85	0.0292385
3535	861.935	97	0.0333662
3536	862.179	88	0.0302704
3537	862.422	95	0.0326783
3538	862.666	68	0.0233908
3539	862.910	93	0.0319903
3540	863.154	68	0.0233908
3541	863.398	85	0.0292385
3542	863.642	103	0.0354301
3543	863.886	94	0.0323343
3544	864.129	74	0.0254547
3545	864.373	90	0.0309584
3546	864.617	97	0.0333662
3547	864.861	92	0.0316463
3548	865.105	95	0.0326783
3549	865.349	79	0.0271746
3550	865.593	90	0.0309584
3551	865.837	81	0.0278625
3552	866.080	99	0.0340542
3553	866.324	108	0.03715
3554	866.568	94	0.0323343
3555	866.812	81	0.0278625
3556	867.056	105	0.0361181
3557	867.300	91	0.0313023
3558	867.544	103	0.0354301
3559	867.787	92	0.0316463
3560	868.031	77	0.0264866
3561	868.275	98	0.0337102
3562	868.519	98	0.0337102
3563	868.763	86	0.0295824
3564	869.007	86	0.0295824
3565	869.251	91	0.0313023
3566	869.495	86	0.0295824
3567	869.738	76	0.0261426
3568	869.982	91	0.0313023
3569	870.226	82	0.0282065
3570	870.470	85	0.0292385
3571	870.714	104	0.0357741
3572	870.958	107	0.0368061
3573	871.202	98	0.0337102
3574	871.445	79	0.0271746
3575	871.689	101	0.0347422
3576	871.933	83	0.0285505
3577	872.177	83	0.0285505
3578	872.421	106	0.0364621
3579	872.665	95	0.0326783
3580	872.909	94	0.0323343
3581	873.152	108	0.03715
3582	873.396	84	0.0288945
3583	873.640	81	0.0278625
3584	873.884	100	0.0343982
3585	874.128	96	0.0330223
3586	874.372	93	0.0319903
3587	874.616	83	0.0285505
3588	874.860	102	0.0350862
3589	875.103	110	0.037838
3590	875.347	85	0.0292385
3591	875.591	91	0.0313023
3592	875.835	82	0.0282065
3593	876.079	89	0.0306144
3594	876.323	77	0.0264866
3595	876.567	98	0.0337102
3596	876.810	79	0.0271746
3597	877.054	106	0.0364621
3598	877.298	93	0.0319903
3599	877.542	102	0.0350862
3600	877.786	110	0.037838
3601	878.030	69	0.0237347
3602	878.274	81	0.0278625
3603	878.517	85	0.0292385
3604	878.761	106	0.0364621
3605	879.005	70	0.0240787
3606	879.249	83	0.0285505
3607	879.493	75	0.0257986
3608	879.737	122	0.0419658
3609	879.981	97	0.0333662
3610	880.225	92	0.0316463
3611	880.468	89	0.0306144
3612	880.712	100	0.0343982
3613	880.956	100	0.0343982
3614	881.200	104	0.0357741
3615	881.444	94	0.0323343
3616	881.688	91	0.0313023
3617	881.932	101	0.0347422
3618	882.175	76	0.0261426
3619	882.419	73	0.0251107
3620	882.663	102	0.0350862
3621	882.907	67	0.0230468
3622	883.151	89	0.0306144
3623	883.395	89	0.0306144
3624	883.639	92	0.0316463
3625	883.883	91	0.0313023
3626	884.126	104	0.0357741
3627	884.370	89	0.0306144
3628	884.614	107	0.0368061
3629	884.858	105	0.0361181
3630	885.102	95	0.0326783
3631	885.346	105	0.0361181
3632	885.590	95	0.0326783
3633	885.833	82	0.0282065
3634	886.077	112	0.038526
3635	886.321	101	0.0347422
3636	886.565	86	0.0295824
3637	886.809	104	0.0357741
3638	887.053	108	0.03715
3639	887.297	88	0.0302704
3640	887.540	108	0.03715
3641	887.784	81	0.0278625
3642	888.028	102	0.0350862
3643	888.272	93	0.0319903
3644	888.516	102	0.0350862
3645	888.760	76	0.0261426
3646	889.004	94	0.0323343
3647	889.248	126	0.0433417
3648	889.491	102	0.0350862
3649	889.735	92	0.0316463
3650	889.979	102	0.0350862
3651	890.223	71	0.0244227
3652	890.467	93	0.0319903
3653	890.711	101	0.0347422
3654	890.955	107	0.0368061
3655	891.198	94	0.0323343
3656	891.442	93	0.0319903
3657	891.686	98	0.0337102
3658	891.930	92	0.0316463
3659	892.174	98	0.0337102
3660	892.418	84	0.0288945
3661	892.662	109	0.037494
3662	892.905	101	0.0347422
3663	893.149	107	0.0368061
3664	893.393	102	0.0350862
3665	893.637	106	0.0364621
3666	893.881	90	0.0309584
3667	894.125	88	0.0302704
3668	894.369	82	0.0282065
3669	894.613	88	0.0302704
3670	894.856	105	0.0361181
3671	895.100	114	0.0392139
3672	895.344	113	0.03887
3673	895.588	104	0.0357741
3674	895.832	120	0.0412778
3675	896.076	117	0.0402459
3676	896.320	135	0.0464376
3677	896.563	184	0.0632927
3678	896.807	277	0.095283
3679	897.051	434	0.149288
3680	897.295	806	0.277249
3681	897.539	1402	0.482263
3682	897.783	2167	0.745409
3683	898.027	3203	1.10177
3684	898.271	4491	1.54482
3685	898.514	5519	1.89844
3686	898.758	6595	2.26856
3687	899.002	7003	2.40891
3688	899.246	6772	2.32945
3689	899.490	5852	2.01298
3690	899.734	4655	1.60124
3691	899.978	3372	1.15991
3692	900.221	2221	0.763984
3693	900.465	1376	0.473319
3694	900.709	778	0.267618
3695	900.953	445	0.153072
3696	901.197	278	0.095627
3697	901.441	147	0.0505653
3698	901.685	124	0.0426538
3699	901.928	121	0.0416218
3700	902.172	115	0.0395579
3701	902.416	104	0.0357741
3702	902.660	114	0.0392139
3703	902.904	126	0.0433417
3704	903.148	114	0.0392139
3705	903.392	118	0.0405899
3706	903.636	118	0.0405899
3707	903.879	101	0.0347422
3708	904.123	105	0.0361181
3709	904.367	104	0.0357741
3710	904.611	100	0.0343982
3711	904.855	97	0.0333662
3712	905.099	89	0.0306144
3713	905.343	102	0.0350862
3714	905.586	100	0.0343982
3715	905.830	96	0.0330223
3716	906.074	92	0.0316463
3717	906.318	94	0.0323343
3718	906.562	106	0.0364621
3719	906.806	91	0.0313023
3720	907.050	84	0.0288945
3721	907.293	90	0.0309584
3722	907.537	103	0.0354301
3723	907.781	117	0.0402459
3724	908.025	106	0.0364621
3725	908.269	104	0.0357741
3726	908.513	106	0.0364621
3727	908.757	110	0.037838
3728	909.001	86	0.0295824
3729	909.244	95	0.0326783
3730	909.488	92	0.0316463
3731	909.732	103	0.0354301
3732	909.976	108	0.03715
3733	910.220	113	0.03887
3734	910.464	100	0.0343982
3735	910.708	107	0.0368061
3736	910.951	107	0.0368061
3737	911.195	107	0.0368061
3738	911.439	120	0.0412778
3739	911.683	131	0.0450616
3740	911.927	109	0.037494
3741	912.171	133	0.0457496
3742	912.415	174	0.0598528
3743	912.659	142	0.0488454
3744	912.902	160	0.0550371
3745	913.146	179	0.0615728
3746	913.390	173	0.0595089
3747	913.634	145	0.0498774
3748	913.878	133	0.0457496
3749	914.122	151	0.0519413
3750	914.366	136	0.0467815
3751	914.609	133	0.0457496
3752	914.853	112	0.038526
3753	915.097	117	0.0402459
3754	915.341	125	0.0429977
3755	915.585	122	0.0419658
3756	915.829	103	0.0354301
3757	916.073	106	0.0364621
3758	916.316	115	0.0395579
3759	916.560	115	0.0395579
3760	916.804	95	0.0326783
3761	917.048	87	0.0299264
3762	917.292	116	0.0399019
3763	917.536	101	0.0347422
3764	917.780	108	0.03715
3765	918.024	104	0.0357741
3766	918.267	91	0.0313023
3767	918.511	113	0.03887
3768	918.755	105	0.0361181
3769	918.999	107	0.0368061
3770	919.243	96	0.0330223
3771	919.487	102	0.0350862
3772	919.731	118	0.0405899
3773	919.974	85	0.0292385
3774	920.218	92	0.0316463
3775	920.462	97	0.0333662
3776	920.706	99	0.0340542
3777	920.950	106	0.0364621
3778	921.194	106	0.0364621
3779	921.438	107	0.0368061
3780	921.682	104	0.0357741
3781	921.925	115	0.0395579
3782	922.169	89	0.0306144
3783	922.413	87	0.0299264
3784	922.657	109	0.037494
3785	922.901	96	0.0330223
3786	923.145	99	0.0340542
3787	923.389	108	0.03715
3788	923.632	109	0.037494
3789	923.876	102	0.0350862
3790	924.120	96	0.0330223
3791	924.364	111	0.038182
3792	924.608	106	0.0364621
3793	924.852	102	0.0350862
3794	925.096	81	0.0278625
3795	925.339	98	0.0337102
3796	925.583	90	0.0309584
3797	925.827	108	0.03715
3798	926.071	115	0.0395579
3799	926.315	109	0.037494
3800	926.559	120	0.0412778
3801	926.803	100	0.0343982
3802	927.047	107	0.0368061
3803	927.290	109	0.037494
3804	927.534	97	0.0333662
3805	927.778	104	0.0357741
3806	928.022	98	0.0337102
3807	928.266	110	0.037838
3808	928.510	102	0.0350862
3809	928.754	79	0.0271746
3810	928.997	112	0.038526
3811	929.241	95	0.0326783
3812	929.485	94	0.0323343
3813	929.729	105	0.0361181
3814	929.973	111	0.038182
3815	930.217	109	0.037494
3816	930.461	93	0.0319903
3817	930.704	89	0.0306144
3818	930.948	109	0.037494
3819	931.192	98	0.0337102
3820	931.436	88	0.0302704
3821	931.680	93	0.0319903
3822	931.924	94	0.0323343
3823	932.168	113	0.03887
3824	932.412	122	0.0419658
3825	932.655	94	0.0323343
3826	932.899	108	0.03715
3827	933.143	119	0.0409338
3828	933.387	137	0.0471255
3829	933.631	108	0.03715
3830	933.875	115	0.0395579
3831	934.119	113	0.03887
3832	934.362	114	0.0392139
3833	934.606	104	0.0357741
3834	934.850	83	0.0285505
3835	935.094	110	0.037838
3836	935.338	116	0.0399019
3837	935.582	115	0.0395579
3838	935.826	88	0.0302704
3839	936.070	99	0.0340542
3840	936.313	106	0.0364621
3841	936.557	102	0.0350862
3842	936.801	130	0.0447176
3843	937.045	103	0.0354301
3844	937.289	111	0.038182
3845	937.533	101	0.0347422
3846	937.777	102	0.0350862
3847	938.020	110	0.037838
3848	938.264	100	0.0343982
3849	938.508	102	0.0350862
3850	938.752	109	0.037494
3851	938.996	135	0.0464376
3852	939.240	97	0.0333662
3853	939.484	91	0.0313023
3854	939.727	103	0.0354301
3855	939.971	116	0.0399019
3856	940.215	110	0.037838
3857	940.459	122	0.0419658
3858	940.703	117	0.0402459
3859	940.947	110	0.037838
3860	941.191	112	0.038526
3861	941.435	101	0.0347422
3862	941.678	114	0.0392139
3863	941.922	111	0.038182
3864	942.166	104	0.0357741
3865	942.410	99	0.0340542
3866	942.654	116	0.0399019
3867	942.898	77	0.0264866
3868	943.142	104	0.0357741
3869	943.385	101	0.0347422
3870	943.629	115	0.0395579
3871	943.873	115	0.0395579
3872	944.117	113	0.03887
3873	944.361	116	0.0399019
3874	944.605	92	0.0316463
3875	944.849	94	0.0323343
3876	945.092	101	0.0347422
3877	945.336	108	0.03715
3878	945.580	106	0.0364621
3879	945.824	122	0.0419658
3880	946.068	106	0.0364621
3881	946.312	107	0.0368061
3882	946.556	101	0.0347422
3883	946.800	86	0.0295824
3884	947.043	130	0.0447176
3885	947.287	110	0.037838
3886	947.531	96	0.0330223
3887	947.775	107	0.0368061
3888	948.019	103	0.0354301
3889	948.263	99	0.0340542
3890	948.507	105	0.0361181
3891	948.750	102	0.0350862
3892	948.994	115	0.0395579
3893	949.238	110	0.037838
3894	949.482	120	0.0412778
3895	949.726	130	0.0447176
3896	949.970	97	0.0333662
3897	950.214	124	0.0426538
3898	950.458	125	0.0429977
3899	950.701	108	0.03715
3900	950.945	106	0.0364621
3901	951.189	124	0.0426538
3902	951.433	117	0.0402459
3903	951.677	96	0.0330223
3904	951.921	120	0.0412778
3905	952.165	110	0.037838
3906	952.408	120	0.0412778
3907	952.652	129	0.0443737
3908	952.896	90	0.0309584
3909	953.140	110	0.037838
3910	953.384	110	0.037838
3911	953.628	118	0.0405899
3912	953.872	118	0.0405899
3913	954.115	125	0.0429977
3914	954.359	108	0.03715
3915	954.603	101	0.0347422
3916	954.847	90	0.0309584
3917	955.091	105	0.0361181
3918	955.335	107	0.0368061
3919	955.579	104	0.0357741
3920	955.823	107	0.0368061
3921	956.066	108	0.03715
3922	956.310	125	0.0429977
3923	956.554	115	0.0395579
3924	956.798	114	0.0392139
3925	957.042	109	0.037494
3926	957.286	121	0.0416218
3927	957.530	119	0.0409338
3928	957.773	114	0.0392139
3929	958.017	99	0.0340542
3930	958.261	124	0.0426538
3931	958.505	130	0.0447176
3932	958.749	106	0.0364621
3933	958.993	122	0.0419658
3934	959.237	110	0.037838
3935	959.481	114	0.0392139
3936	959.724	108	0.03715
3937	959.968	106	0.0364621
3938	960.212	99	0.0340542
3939	960.456	109	0.037494
3940	960.700	107	0.0368061
3941	960.944	109	0.037494
3942	961.188	103	0.0354301
3943	961.431	113	0.03887
3944	961.675	98	0.0337102
3945	961.919	103	0.0354301
3946	962.163	127	0.0436857
3947	962.407	98	0.0337102
3948	962.651	110	0.037838
3949	962.895	109	0.037494
3950	963.138	88	0.0302704
3951	963.382	112	0.038526
3952	963.626	104	0.0357741
3953	963.870	95	0.0326783
3954	964.114	94	0.0323343
3955	964.358	96	0.0330223
3956	964.602	109	0.037494
3957	964.846	91	0.0313023
3958	965.089	84	0.0288945
3959	965.333	88	0.0302704
3960	965.577	78	0.0268306
3961	965.821	84	0.0288945
3962	966.065	79	0.0271746
3963	966.309	108	0.03715
3964	966.553	79	0.0271746
3965	966.796	73	0.0251107
3966	967.040	86	0.0295824
3967	967.284	94	0.0323343
3968	967.528	108	0.03715
3969	967.772	94	0.0323343
3970	968.016	86	0.0295824
3971	968.260	118	0.0405899
3972	968.503	91	0.0313023
3973	968.747	97	0.0333662
3974	968.991	80	0.0275185
3975	969.235	100	0.0343982
3976	969.479	84	0.0288945
3977	969.723	82	0.0282065
3978	969.967	87	0.0299264
3979	970.211	96	0.0330223
3980	970.454	100	0.0343982
3981	970.698	89	0.0306144
3982	970.942	83	0.0285505
3983	971.186	92	0.0316463
3984	971.430	93	0.0319903
3985	971.674	94	0.0323343
3986	971.918	105	0.0361181
3987	972.161	99	0.0340542
3988	972.405	91	0.0313023
3989	972.649	89	0.0306144
3990	972.893	114	0.0392139
3991	973.137	92	0.0316463
3992	973.381	96	0.0330223
3993	973.625	92	0.0316463
3994	973.869	98	0.0337102
3995	974.112	86	0.0295824
3996	974.356	71	0.0244227
3997	974.600	77	0.0264866
3998	974.844	95	0.0326783
3999	975.088	84	0.0288945
4000	975.332	95	0.0326783
4001	975.576	84	0.0288945
4002	975.819	94	0.0323343
4003	976.063	91	0.0313023
4004	976.307	89	0.0306144
4005	976.551	81	0.0278625
4006	976.795	89	0.0306144
4007	977.039	78	0.0268306
4008	977.283	91	0.0313023
4009	977.526	87	0.0299264
4010	977.770	81	0.0278625
4011	978.014	77	0.0264866
4012	978.258	92	0.0316463
4013	978.502	94	0.0323343
4014	978.746	87	0.0299264
4015	978.990	74	0.0254547
4016	979.234	78	0.0268306
4017	979.477	96	0.0330223
4018	979.721	77	0.0264866
4019	979.965	92	0.0316463
4020	980.209	80	0.0275185
4021	980.453	80	0.0275185
4022	980.697	93	0.0319903
4023	980.941	87	0.0299264
4024	981.184	90	0.0309584
4025	981.428	117	0.0402459
4026	981.672	77	0.0264866
4027	981.916	86	0.0295824
4028	982.160	80	0.0275185
4029	982.404	90	0.0309584
4030	982.648	83	0.0285505
4031	982.891	80	0.0275185
4032	983.135	89	0.0306144
4033	983.379	90	0.0309584
4034	983.623	86	0.0295824
4035	983.867	75	0.0257986
4036	984.111	83	0.0285505
4037	984.355	84	0.0288945
4038	984.599	79	0.0271746
4039	984.842	79	0.0271746
4040	985.086	85	0.0292385
4041	985.330	85	0.0292385
4042	985.574	94	0.0323343
4043	985.818	79	0.0271746
4044	986.062	77	0.0264866
4045	986.306	80	0.0275185
4046	986.549	77	0.0264866
4047	986.793	76	0.0261426
4048	987.037	87	0.0299264
4049	987.281	95	0.0326783
4050	987.525	97	0.0333662
4051	987.769	79	0.0271746
4052	988.013	89	0.0306144
4053	988.257	87	0.0299264
4054	988.500	89	0.0306144
4055	988.744	80	0.0275185
4056	988.988	76	0.0261426
4057	989.232	76	0.0261426
4058	989.476	86	0.0295824
4059	989.720	95	0.0326783
4060	989.964	83	0.0285505
4061	990.207	74	0.0254547
4062	990.451	73	0.0251107
4063	990.695	95	0.0326783
4064	990.939	57	0.019607
4065	991.183	73	0.0251107
4066	991.427	78	0.0268306
4067	991.671	82	0.0282065
4068	991.914	80	0.0275185
4069	992.158	54	0.018575
4070	992.402	77	0.0264866
4071	992.646	91	0.0313023
4072	992.890	71	0.0244227
4073	993.134	85	0.0292385
4074	993.378	94	0.0323343
4075	993.622	82	0.0282065
4076	993.865	89	0.0306144
4077	994.109	96	0.0330223
4078	994.353	90	0.0309584
4079	994.597	102	0.0350862
4080	994.841	91	0.0313023
4081	995.085	84	0.0288945
4082	995.329	86	0.0295824
4083	995.572	91	0.0313023
4084	995.816	79	0.0271746
4085	996.060	73	0.0251107
4086	996.304	87	0.0299264
4087	996.548	92	0.0316463
4088	996.792	84	0.0288945
4089	997.036	77	0.0264866
4090	997.279	83	0.0285505
4091	997.523	82	0.0282065
4092	997.767	60	0.0206389
4093	998.011	89	0.0306144
4094	998.255	75	0.0257986
4095	998.499	90	0.0309584
4096	998.743	88	0.0302704
4097	998.987	71	0.0244227
4098	999.230	83	0.0285505
4099	999.474	83	0.0285505
4100	999.718	83	0.0285505
4101	999.962	67	0.0230468
4102	1000.206	86	0.0295824
4103	1000.450	72	0.0247667
4104	1000.694	76	0.0261426
4105	1000.937	73	0.0251107
4106	1001.181	88	0.0302704
4107	1001.425	64	0.0220148
4108	1001.669	89	0.0306144
4109	1001.913	89	0.0306144
4110	1002.157	92	0.0316463
4111	1002.401	85	0.0292385
4112	1002.645	89	0.0306144
4113	1002.888	71	0.0244227
4114	1003.132	73	0.0251107
4115	1003.376	82	0.0282065
4116	1003.620	66	0.0227028
4117	1003.864	83	0.0285505
4118	1004.108	79	0.0271746
4119	1004.352	90	0.0309584
4120	1004.595	73	0.0251107
4121	1004.839	93	0.0319903
4122	1005.083	76	0.0261426
4123	1005.327	71	0.0244227
4124	1005.571	92	0.0316463
4125	1005.815	74	0.0254547
4126	1006.059	72	0.0247667
4127	1006.302	80	0.0275185
4128	1006.546	74	0.0254547
4129	1006.790	74	0.0254547
4130	1007.034	86	0.0295824
4131	1007.278	89	0.0306144
4132	1007.522	74	0.0254547
4133	1007.766	91	0.0313023
4134	1008.010	87	0.0299264
4135	1008.253	96	0.0330223
4136	1008.497	89	0.0306144
4137	1008.741	107	0.0368061
4138	1008.985	76	0.0261426
4139	1009.229	98	0.0337102
4140	1009.473	81	0.0278625
4141	1009.717	67	0.0230468
4142	1009.960	79	0.0271746
4143	1010.204	83	0.0285505
4144	1010.448	83	0.0285505
4145	1010.692	75	0.0257986
4146	1010.936	89	0.0306144
4147	1011.180	79	0.0271746
4148	1011.424	71	0.0244227
4149	1011.668	75	0.0257986
4150	1011.911	81	0.0278625
4151	1012.155	93	0.0319903
4152	1012.399	79	0.0271746
4153	1012.643	65	0.0223588
4154	1012.887	80	0.0275185
4155	1013.131	96	0.0330223
4156	1013.375	85	0.0292385
4157	1013.618	68	0.0233908
4158	1013.862	69	0.0237347
4159	1014.106	91	0.0313023
4160	1014.350	79	0.0271746
4161	1014.594	74	0.0254547
4162	1014.838	96	0.0330223
4163	1015.082	65	0.0223588
4164	1015.325	73	0.0251107
4165	1015.569	74	0.0254547
4166	1015.813	80	0.0275185
4167	1016.057	59	0.0202949
4168	1016.301	88	0.0302704
4169	1016.545	95	0.0326783
4170	1016.789	77	0.0264866
4171	1017.033	97	0.0333662
4172	1017.276	79	0.0271746
4173	1017.520	85	0.0292385
4174	1017.764	76	0.0261426
4175	1018.008	97	0.0333662
4176	1018.252	82	0.0282065
4177	1018.496	73	0.0251107
4178	1018.740	73	0.0251107
4179	1018.983	81	0.0278625
4180	1019.227	64	0.0220148
4181	1019.471	95	0.0326783
4182	1019.715	75	0.0257986
4183	1019.959	68	0.0233908
4184	1020.203	66	0.0227028
4185	1020.447	77	0.0264866
4186	1020.690	80	0.0275185
4187	1020.934	81	0.0278625
4188	1021.178	90	0.0309584
4189	1021.422	82	0.0282065
4190	1021.666	86	0.0295824
4191	1021.910	65	0.0223588
4192	1022.154	88	0.0302704
4193	1022.398	77	0.0264866
4194	1022.641	69	0.0237347
4195	1022.885	75	0.0257986
4196	1023.129	75	0.0257986
4197	1023.373	83	0.0285505
4198	1023.617	79	0.0271746
4199	1023.861	74	0.0254547
4200	1024.105	80	0.0275185
4201	1024.348	89	0.0306144
4202	1024.592	79	0.0271746
4203	1024.836	75	0.0257986
4204	1025.080	72	0.0247667
4205	1025.324	85	0.0292385
4206	1025.568	57	0.019607
4207	1025.812	78	0.0268306
4208	1026.056	94	0.0323343
4209	1026.299	73	0.0251107
4210	1026.543	75	0.0257986
4211	1026.787	67	0.0230468
4212	1027.031	79	0.0271746
4213	1027.275	72	0.0247667
4214	1027.519	92	0.0316463
4215	1027.763	91	0.0313023
4216	1028.006	83	0.0285505
4217	1028.250	92	0.0316463
4218	1028.494	67	0.0230468
4219	1028.738	101	0.0347422
4220	1028.982	77	0.0264866
4221	1029.226	62	0.0213269
4222	1029.470	75	0.0257986
4223	1029.713	62	0.0213269
4224	1029.957	78	0.0268306
4225	1030.201	70	0.0240787
4226	1030.445	72	0.0247667
4227	1030.689	68	0.0233908
4228	1030.933	69	0.0237347
4229	1031.177	92	0.0316463
4230	1031.421	73	0.0251107
4231	1031.664	77	0.0264866
4232	1031.908	88	0.0302704
4233	1032.152	82	0.0282065
4234	1032.396	72	0.0247667
4235	1032.640	78	0.0268306
4236	1032.884	92	0.0316463
4237	1033.128	83	0.0285505
4238	1033.371	77	0.0264866
4239	1033.615	83	0.0285505
4240	1033.859	91	0.0313023
4241	1034.103	65	0.0223588
4242	1034.347	66	0.0227028
4243	1034.591	79	0.0271746
4244	1034.835	80	0.0275185
4245	1035.078	89	0.0306144
4246	1035.322	79	0.0271746
4247	1035.566	69	0.0237347
4248	1035.810	81	0.0278625
4249	1036.054	74	0.0254547
4250	1036.298	77	0.0264866
4251	1036.542	79	0.0271746
4252	1036.786	81	0.0278625
4253	1037.029	90	0.0309584
4254	1037.273	83	0.0285505
4255	1037.517	85	0.0292385
4256	1037.761	65	0.0223588
4257	1038.005	79	0.0271746
4258	1038.249	79	0.0271746
4259	1038.493	74	0.0254547
4260	1038.736	77	0.0264866
4261	1038.980	77	0.0264866
4262	1039.224	68	0.0233908
4263	1039.468	84	0.0288945
4264	1039.712	86	0.0295824
4265	1039.956	77	0.0264866
4266	1040.200	75	0.0257986
4267	1040.444	90	0.0309584
4268	1040.687	67	0.0230468
4269	1040.931	78	0.0268306
4270	1041.175	76	0.0261426
4271	1041.419	75	0.0257986
4272	1041.663	96	0.0330223
4273	1041.907	66	0.0227028
4274	1042.151	71	0.0244227
4275	1042.394	56	0.019263
4276	1042.638	84	0.0288945
4277	1042.882	83	0.0285505
4278	1043.126	90	0.0309584
4279	1043.370	68	0.0233908
4280	1043.614	79	0.0271746
4281	1043.858	64	0.0220148
4282	1044.101	89	0.0306144
4283	1044.345	62	0.0213269
4284	1044.589	78	0.0268306
4285	1044.833	72	0.0247667
4286	1045.077	65	0.0223588
4287	1045.321	80	0.0275185
4288	1045.565	77	0.0264866
4289	1045.809	71	0.0244227
4290	1046.052	67	0.0230468
4291	1046.296	73	0.0251107
4292	1046.540	82	0.0282065
4293	1046.784	86	0.0295824
4294	1047.028	82	0.0282065
4295	1047.272	79	0.0271746
4296	1047.516	81	0.0278625
4297	1047.759	69	0.0237347
4298	1048.003	66	0.0227028
4299	1048.247	63	0.0216709
4300	1048.491	73	0.0251107
4301	1048.735	67	0.0230468
4302	1048.979	63	0.0216709
4303	1049.223	71	0.0244227
4304	1049.466	84	0.0288945
4305	1049.710	59	0.0202949
4306	1049.954	80	0.0275185
4307	1050.198	74	0.0254547
4308	1050.442	88	0.0302704
4309	1050.686	82	0.0282065
4310	1050.930	85	0.0292385
4311	1051.174	79	0.0271746
4312	1051.417	75	0.0257986
4313	1051.661	84	0.0288945
4314	1051.905	89	0.0306144
4315	1052.149	61	0.0209829
4316	1052.393	74	0.0254547
4317	1052.637	74	0.0254547
4318	1052.881	85	0.0292385
4319	1053.124	85	0.0292385
4320	1053.368	73	0.0251107
4321	1053.612	79	0.0271746
4322	1053.856	63	0.0216709
4323	1054.100	85	0.0292385
4324	1054.344	79	0.0271746
4325	1054.588	81	0.0278625
4326	1054.832	81	0.0278625
4327	1055.075	81	0.0278625
4328	1055.319	84	0.0288945
4329	1055.563	65	0.0223588
4330	1055.807	70	0.0240787
4331	1056.051	70	0.0240787
4332	1056.295	75	0.0257986
4333	1056.539	70	0.0240787
4334	1056.782	82	0.0282065
4335	1057.026	84	0.0288945
4336	1057.270	88	0.0302704
4337	1057.514	76	0.0261426
4338	1057.758	65	0.0223588
4339	1058.002	118	0.0405899
4340	1058.246	79	0.0271746
4341	1058.489	103	0.0354301
4342	1058.733	62	0.0213269
4343	1058.977	61	0.0209829
4344	1059.221	74	0.0254547
4345	1059.465	81	0.0278625
4346	1059.709	70	0.0240787
4347	1059.953	69	0.0237347
4348	1060.197	90	0.0309584
4349	1060.440	64	0.0220148
4350	1060.684	89	0.0306144
4351	1060.928	78	0.0268306
4352	1061.172	79	0.0271746
4353	1061.416	85	0.0292385
4354	1061.660	85	0.0292385
4355	1061.904	79	0.0271746
4356	1062.147	73	0.0251107
4357	1062.391	76	0.0261426
4358	1062.635	75	0.0257986
4359	1062.879	73	0.0251107
4360	1063.123	76	0.0261426
4361	1063.367	82	0.0282065
4362	1063.611	85	0.0292385
4363	1063.855	60	0.0206389
4364	1064.098	77	0.0264866
4365	1064.342	78	0.0268306
4366	1064.586	92	0.0316463
4367	1064.830	81	0.0278625
4368	1065.074	78	0.0268306
4369	1065.318	75	0.0257986
4370	1065.562	85	0.0292385
4371	1065.805	88	0.0302704
4372	1066.049	88	0.0302704
4373	1066.293	87	0.0299264
4374	1066.537	60	0.0206389
4375	1066.781	74	0.0254547
4376	1067.025	78	0.0268306
4377	1067.269	69	0.0237347
4378	1067.512	71	0.0244227
4379	1067.756	80	0.0275185
4380	1068.000	74	0.0254547
4381	1068.244	71	0.0244227
4382	1068.488	79	0.0271746
4383	1068.732	80	0.0275185
4384	1068.976	92	0.0316463
4385	1069.220	75	0.0257986
4386	1069.463	59	0.0202949
4387	1069.707	83	0.0285505
4388	1069.951	79	0.0271746
4389	1070.195	84	0.0288945
4390	1070.439	78	0.0268306
4391	1070.683	81	0.0278625
4392	1070.927	87	0.0299264
4393	1071.170	81	0.0278625
4394	1071.414	64	0.0220148
4395	1071.658	65	0.0223588
4396	1071.902	83	0.0285505
4397	1072.146	75	0.0257986
4398	1072.390	69	0.0237347
4399	1072.634	60	0.0206389
4400	1072.877	74	0.0254547
4401	1073.121	71	0.0244227
4402	1073.365	70	0.0240787
4403	1073.609	65	0.0223588
4404	1073.853	80	0.0275185
4405	1074.097	82	0.0282065
4406	1074.341	82	0.0282065
4407	1074.585	54	0.018575
4408	1074.828	89	0.0306144
4409	1075.072	79	0.0271746
4410	1075.316	53	0.018231
4411	1075.560	63	0.0216709
4412	1075.804	80	0.0275185
4413	1076.048	61	0.0209829
4414	1076.292	81	0.0278625
4415	1076.535	78	0.0268306
4416	1076.779	81	0.0278625
4417	1077.023	84	0.0288945
4418	1077.267	72	0.0247667
4419	1077.511	81	0.0278625
4420	1077.755	61	0.0209829
4421	1077.999	77	0.0264866
4422	1078.243	75	0.0257986
4423	1078.486	83	0.0285505
4424	1078.730	68	0.0233908
4425	1078.974	63	0.0216709
4426	1079.218	81	0.0278625
4427	1079.462	89	0.0306144
4428	1079.706	89	0.0306144
4429	1079.950	70	0.0240787
4430	1080.193	72	0.0247667
4431	1080.437	78	0.0268306
4432	1080.681	69	0.0237347
4433	1080.925	65	0.0223588
4434	1081.169	82	0.0282065
4435	1081.413	76	0.0261426
4436	1081.657	78	0.0268306
4437	1081.900	85	0.0292385
4438	1082.144	66	0.0227028
4439	1082.388	77	0.0264866
4440	1082.632	86	0.0295824
4441	1082.876	79	0.0271746
4442	1083.120	67	0.0230468
4443	1083.364	72	0.0247667
4444	1083.608	76	0.0261426
4445	1083.851	73	0.0251107
4446	1084.095	83	0.0285505
4447	1084.339	74	0.0254547
4448	1084.583	79	0.0271746
4449	1084.827	79	0.0271746
4450	1085.071	68	0.0233908
4451	1085.315	71	0.0244227
4452	1085.558	79	0.0271746
4453	1085.802	75	0.0257986
4454	1086.046	69	0.0237347
4455	1086.290	85	0.0292385
4456	1086.534	81	0.0278625
4457	1086.778	63	0.0216709
4458	1087.022	77	0.0264866
4459	1087.265	78	0.0268306
4460	1087.509	90	0.0309584
4461	1087.753	69	0.0237347
4462	1087.997	68	0.0233908
4463	1088.241	75	0.0257986
4464	1088.485	77	0.0264866
4465	1088.729	75	0.0257986
4466	1088.973	64	0.0220148
4467	1089.216	79	0.0271746
4468	1089.460	69	0.0237347
4469	1089.704	105	0.0361181
4470	1089.948	81	0.0278625
4471	1090.192	78	0.0268306
4472	1090.436	97	0.0333662
4473	1090.680	84	0.0288945
4474	1090.923	72	0.0247667
4475	1091.167	80	0.0275185
4476	1091.411	87	0.0299264
4477	1091.655	94	0.0323343
4478	1091.899	101	0.0347422
4479	1092.143	80	0.0275185
4480	1092.387	79	0.0271746
4481	1092.631	86	0.0295824
4482	1092.874	78	0.0268306
4483	1093.118	78	0.0268306
4484	1093.362	76	0.0261426
4485	1093.606	90	0.0309584
4486	1093.850	85	0.0292385
4487	1094.094	81	0.0278625
4488	1094.338	71	0.0244227
4489	1094.581	84	0.0288945
4490	1094.825	93	0.0319903
4491	1095.069	76	0.0261426
4492	1095.313	86	0.0295824
4493	1095.557	69	0.0237347
4494	1095.801	78	0.0268306
4495	1096.045	81	0.0278625
4496	1096.288	77	0.0264866
4497	1096.532	82	0.0282065
4498	1096.776	77	0.0264866
4499	1097.020	65	0.0223588
4500	1097.264	77	0.0264866
4501	1097.508	88	0.0302704
4502	1097.752	98	0.0337102
4503	1097.996	94	0.0323343
4504	1098.239	96	0.0330223
4505	1098.483	80	0.0275185
4506	1098.727	83	0.0285505
4507	1098.971	89	0.0306144
4508	1099.215	67	0.0230468
4509	1099.459	96	0.0330223
4510	1099.703	78	0.0268306
4511	1099.946	89	0.0306144
4512	1100.190	79	0.0271746
4513	1100.434	83	0.0285505
4514	1100.678	60	0.0206389
4515	1100.922	86	0.0295824
4516	1101.166	95	0.0326783
4517	1101.410	83	0.0285505
4518	1101.653	72	0.0247667
4519	1101.897	81	0.0278625
4520	1102.141	72	0.0247667
4521	1102.385	76	0.0261426
4522	1102.629	69	0.0237347
4523	1102.873	77	0.0264866
4524	1103.117	88	0.0302704
4525	1103.361	80	0.0275185
4526	1103.604	69	0.0237347
4527	1103.848	71	0.0244227
4528	1104.092	73	0.0251107
4529	1104.336	78	0.0268306
4530	1104.580	73	0.0251107
4531	1104.824	89	0.0306144
4532	1105.068	72	0.0247667
4533	1105.311	84	0.0288945
4534	1105.555	85	0.0292385
4535	1105.799	74	0.0254547
4536	1106.043	72	0.0247667
4537	1106.287	78	0.0268306
4538	1106.531	79	0.0271746
4539	1106.775	93	0.0319903
4540	1107.019	82	0.0282065
4541	1107.262	83	0.0285505
4542	1107.506	74	0.0254547
4543	1107.750	87	0.0299264
4544	1107.994	63	0.0216709
4545	1108.238	90	0.0309584
4546	1108.482	65	0.0223588
4547	1108.726	95	0.0326783
4548	1108.969	82	0.0282065
4549	1109.213	86	0.0295824
4550	1109.457	102	0.0350862
4551	1109.701	83	0.0285505
4552	1109.945	73	0.0251107
4553	1110.189	80	0.0275185
4554	1110.433	65	0.0223588
4555	1110.676	75	0.0257986
4556	1110.920	83	0.0285505
4557	1111.164	83	0.0285505
4558	1111.408	67	0.0230468
4559	1111.652	56	0.019263
4560	1111.896	61	0.0209829
4561	1112.140	77	0.0264866
4562	1112.384	86	0.0295824
4563	1112.627	81	0.0278625
4564	1112.871	76	0.0261426
4565	1113.115	86	0.0295824
4566	1113.359	93	0.0319903
4567	1113.603	74	0.0254547
4568	1113.847	93	0.0319903
4569	1114.091	79	0.0271746
4570	1114.334	89	0.0306144
4571	1114.578	79	0.0271746
4572	1114.822	74	0.0254547
4573	1115.066	82	0.0282065
4574	1115.310	79	0.0271746
4575	1115.554	69	0.0237347
4576	1115.798	65	0.0223588
4577	1116.042	75	0.0257986
4578	1116.285	81	0.0278625
4579	1116.529	62	0.0213269
4580	1116.773	78	0.0268306
4581	1117.017	80	0.0275185
4582	1117.261	87	0.0299264
4583	1117.505	88	0.0302704
4584	1117.749	76	0.0261426
4585	1117.992	70	0.0240787
4586	1118.236	83	0.0285505
4587	1118.480	64	0.0220148
4588	1118.724	61	0.0209829
4589	1118.968	68	0.0233908
4590	1119.212	78	0.0268306
4591	1119.456	88	0.0302704
4592	1119.699	65	0.0223588
4593	1119.943	68	0.0233908
4594	1120.187	59	0.0202949
4595	1120.431	62	0.0213269
4596	1120.675	79	0.0271746
4597	1120.919	54	0.018575
4598	1121.163	76	0.0261426
4599	1121.407	71	0.0244227
4600	1121.650	69	0.0237347
4601	1121.894	61	0.0209829
4602	1122.138	63	0.0216709
4603	1122.382	52	0.0178871
4604	1122.626	62	0.0213269
4605	1122.870	57	0.019607
4606	1123.114	62	0.0213269
4607	1123.357	64	0.0220148
4608	1123.601	54	0.018575
4609	1123.845	72	0.0247667
4610	1124.089	60	0.0206389
4611	1124.333	77	0.0264866
4612	1124.577	56	0.019263
4613	1124.821	76	0.0261426
4614	1125.064	61	0.0209829
4615	1125.308	61	0.0209829
4616	1125.552	74	0.0254547
4617	1125.796	61	0.0209829
4618	1126.040	69	0.0237347
4619	1126.284	55	0.018919
4620	1126.528	66	0.0227028
4621	1126.772	60	0.0206389
4622	1127.015	46	0.0158232
4623	1127.259	82	0.0282065
4624	1127.503	67	0.0230468
4625	1127.747	74	0.0254547
4626	1127.991	65	0.0223588
4627	1128.235	54	0.018575
4628	1128.479	70	0.0240787
4629	1128.722	65	0.0223588
4630	1128.966	66	0.0227028
4631	1129.210	58	0.0199509
4632	1129.454	46	0.0158232
4633	1129.698	52	0.0178871
4634	1129.942	68	0.0233908
4635	1130.186	69	0.0237347
4636	1130.430	61	0.0209829
4637	1130.673	49	0.0168551
4638	1130.917	68	0.0233908
4639	1131.161	71	0.0244227
4640	1131.405	64	0.0220148
4641	1131.649	53	0.018231
4642	1131.893	57	0.019607
4643	1132.137	55	0.018919
4644	1132.380	58	0.0199509
4645	1132.624	47	0.0161671
4646	1132.868	56	0.019263
4647	1133.112	50	0.0171991
4648	1133.356	58	0.0199509
4649	1133.600	55	0.018919
4650	1133.844	63	0.0216709
4651	1134.087	49	0.0168551
4652	1134.331	62	0.0213269
4653	1134.575	50	0.0171991
4654	1134.819	60	0.0206389
4655	1135.063	63	0.0216709
4656	1135.307	64	0.0220148
4657	1135.551	68	0.0233908
4658	1135.795	61	0.0209829
4659	1136.038	61	0.0209829
4660	1136.282	67	0.0230468
4661	1136.526	48	0.0165111
4662	1136.770	61	0.0209829
4663	1137.014	66	0.0227028
4664	1137.258	62	0.0213269
4665	1137.502	57	0.019607
4666	1137.745	56	0.019263
4667	1137.989	63	0.0216709
4668	1138.233	47	0.0161671
4669	1138.477	47	0.0161671
4670	1138.721	58	0.0199509
4671	1138.965	42	0.0144472
4672	1139.209	73	0.0251107
4673	1139.452	51	0.0175431
4674	1139.696	40	0.0137593
4675	1139.940	50	0.0171991
4676	1140.184	50	0.0171991
4677	1140.428	67	0.0230468
4678	1140.672	49	0.0168551
4679	1140.916	55	0.018919
4680	1141.160	47	0.0161671
4681	1141.403	58	0.0199509
4682	1141.647	57	0.019607
4683	1141.891	50	0.0171991
4684	1142.135	66	0.0227028
4685	1142.379	41	0.0141033
4686	1142.623	57	0.019607
4687	1142.867	58	0.0199509
4688	1143.110	62	0.0213269
4689	1143.354	60	0.0206389
4690	1143.598	56	0.019263
4691	1143.842	54	0.018575
4692	1144.086	59	0.0202949
4693	1144.330	49	0.0168551
4694	1144.574	55	0.018919
4695	1144.818	57	0.019607
4696	1145.061	51	0.0175431
4697	1145.305	56	0.019263
4698	1145.549	49	0.0168551
4699	1145.793	54	0.018575
4700	1146.037	55	0.018919
4701	1146.281	67	0.0230468
4702	1146.525	53	0.018231
4703	1146.768	62	0.0213269
4704	1147.012	51	0.0175431
4705	1147.256	59	0.0202949
4706	1147.500	69	0.0237347
4707	1147.744	58	0.0199509
4708	1147.988	56	0.019263
4709	1148.232	67	0.0230468
4710	1148.475	51	0.0175431
4711	1148.719	57	0.019607
4712	1148.963	67	0.0230468
4713	1149.207	50	0.0171991
4714	1149.451	40	0.0137593
4715	1149.695	42	0.0144472
4716	1149.939	57	0.019607
4717	1150.183	63	0.0216709
4718	1150.426	47	0.0161671
4719	1150.670	53	0.018231
4720	1150.914	47	0.0161671
4721	1151.158	47	0.0161671
4722	1151.402	54	0.018575
4723	1151.646	52	0.0178871
4724	1151.890	50	0.0171991
4725	1152.133	49	0.0168551
4726	1152.377	47	0.0161671
4727	1152.621	54	0.018575
4728	1152.865	65	0.0223588
4729	1153.109	47	0.0161671
4730	1153.353	47	0.0161671
4731	1153.597	52	0.0178871
4732	1153.841	67	0.0230468
4733	1154.084	54	0.018575
4734	1154.328	48	0.0165111
4735	1154.572	54	0.018575
4736	1154.816	51	0.0175431
4737	1155.060	50	0.0171991
4738	1155.304	48	0.0165111
4739	1155.548	50	0.0171991
4740	1155.791	56	0.019263
4741	1156.035	59	0.0202949
4742	1156.279	64	0.0220148
4743	1156.523	57	0.019607
4744	1156.767	60	0.0206389
4745	1157.011	45	0.0154792
4746	1157.255	51	0.0175431
4747	1157.498	49	0.0168551
4748	1157.742	56	0.019263
4749	1157.986	35	0.0120394
4750	1158.230	41	0.0141033
4751	1158.474	69	0.0237347
4752	1158.718	38	0.0130713
4753	1158.962	54	0.018575
4754	1159.206	50	0.0171991
4755	1159.449	50	0.0171991
4756	1159.693	54	0.018575
4757	1159.937	54	0.018575
4758	1160.181	44	0.0151352
4759	1160.425	45	0.0154792
4760	1160.669	46	0.0158232
4761	1160.913	42	0.0144472
4762	1161.156	55	0.018919
4763	1161.400	48	0.0165111
4764	1161.644	64	0.0220148
4765	1161.888	58	0.0199509
4766	1162.132	55	0.018919
4767	1162.376	50	0.0171991
4768	1162.620	60	0.0206389
4769	1162.863	48	0.0165111
4770	1163.107	40	0.0137593
4771	1163.351	56	0.019263
4772	1163.595	49	0.0168551
4773	1163.839	49	0.0168551
4774	1164.083	55	0.018919
4775	1164.327	54	0.018575
4776	1164.571	61	0.0209829
4777	1164.814	56	0.019263
4778	1165.058	63	0.0216709
4779	1165.302	57	0.019607
4780	1165.546	65	0.0223588
4781	1165.790	44	0.0151352
4782	1166.034	49	0.0168551
4783	1166.278	45	0.0154792
4784	1166.521	49	0.0168551
4785	1166.765	57	0.019607
4786	1167.009	55	0.018919
4787	1167.253	50	0.0171991
4788	1167.497	49	0.0168551
4789	1167.741	50	0.0171991
4790	1167.985	45	0.0154792
4791	1168.229	50	0.0171991
4792	1168.472	50	0.0171991
4793	1168.716	57	0.019607
4794	1168.960	57	0.019607
4795	1169.204	52	0.0178871
4796	1169.448	61	0.0209829
4797	1169.692	53	0.018231
4798	1169.936	52	0.0178871
4799	1170.179	64	0.0220148
4800	1170.423	58	0.0199509
4801	1170.667	58	0.0199509
4802	1170.911	51	0.0175431
4803	1171.155	56	0.019263
4804	1171.399	71	0.0244227
4805	1171.643	76	0.0261426
4806	1171.886	115	0.0395579
4807	1172.130	162	0.0557251
4808	1172.374	281	0.0966589
4809	1172.618	473	0.162703
4810	1172.862	782	0.268994
4811	1173.106	1090	0.37494
4812	1173.350	1515	0.521133
4813	1173.594	2033	0.699315
4814	1173.837	2482	0.853763
4815	1174.081	2646	0.910176
4816	1174.325	3011	1.03573
4817	1174.569	2748	0.945262
4818	1174.813	2452	0.843444
4819	1175.057	2068	0.711354
4820	1175.301	1555	0.534892
4821	1175.544	1141	0.392483
4822	1175.788	755	0.259706
4823	1176.032	450	0.154792
4824	1176.276	274	0.094251
4825	1176.520	165	0.056757
4826	1176.764	114	0.0392139
4827	1177.008	70	0.0240787
4828	1177.251	60	0.0206389
4829	1177.495	61	0.0209829
4830	1177.739	48	0.0165111
4831	1177.983	56	0.019263
4832	1178.227	57	0.019607
4833	1178.471	57	0.019607
4834	1178.715	60	0.0206389
4835	1178.959	49	0.0168551
4836	1179.202	43	0.0147912
4837	1179.446	35	0.0120394
4838	1179.690	44	0.0151352
4839	1179.934	43	0.0147912
4840	1180.178	48	0.0165111
4841	1180.422	52	0.0178871
4842	1180.666	50	0.0171991
4843	1180.909	53	0.018231
4844	1181.153	53	0.018231
4845	1181.397	68	0.0233908
4846	1181.641	47	0.0161671
4847	1181.885	39	0.0134153
4848	1182.129	55	0.018919
4849	1182.373	33	0.0113514
4850	1182.617	36	0.0123833
4851	1182.860	50	0.0171991
4852	1183.104	50	0.0171991
4853	1183.348	52	0.0178871
4854	1183.592	46	0.0158232
4855	1183.836	56	0.019263
4856	1184.080	55	0.018919
4857	1184.324	46	0.0158232
4858	1184.567	49	0.0168551
4859	1184.811	41	0.0141033
4860	1185.055	38	0.0130713
4861	1185.299	40	0.0137593
4862	1185.543	39	0.0134153
4863	1185.787	58	0.0199509
4864	1186.031	37	0.0127273
4865	1186.274	50	0.0171991
4866	1186.518	49	0.0168551
4867	1186.762	57	0.019607
4868	1187.006	53	0.018231
4869	1187.250	46	0.0158232
4870	1187.494	33	0.0113514
4871	1187.738	48	0.0165111
4872	1187.982	45	0.0154792
4873	1188.225	42	0.0144472
4874	1188.469	46	0.0158232
4875	1188.713	36	0.0123833
4876	1188.957	43	0.0147912
4877	1189.201	38	0.0130713
4878	1189.445	47	0.0161671
4879	1189.689	46	0.0158232
4880	1189.932	46	0.0158232
4881	1190.176	53	0.018231
4882	1190.420	34	0.0116954
4883	1190.664	40	0.0137593
4884	1190.908	48	0.0165111
4885	1191.152	48	0.0165111
4886	1191.396	53	0.018231
4887	1191.639	34	0.0116954
4888	1191.883	32	0.0110074
4889	1192.127	39	0.0134153
4890	1192.371	39	0.0134153
4891	1192.615	43	0.0147912
4892	1192.859	39	0.0134153
4893	1193.103	36	0.0123833
4894	1193.347	46	0.0158232
4895	1193.590	34	0.0116954
4896	1193.834	44	0.0151352
4897	1194.078	45	0.0154792
4898	1194.322	41	0.0141033
4899	1194.566	40	0.0137593
4900	1194.810	40	0.0137593
4901	1195.054	49	0.0168551
4902	1195.297	44	0.0151352
4903	1195.541	50	0.0171991
4904	1195.785	45	0.0154792
4905	1196.029	62	0.0213269
4906	1196.273	47	0.0161671
4907	1196.517	39	0.0134153
4908	1196.761	48	0.0165111
4909	1197.005	51	0.0175431
4910	1197.248	45	0.0154792
4911	1197.492	38	0.0130713
4912	1197.736	29	0.00997547
4913	1197.980	47	0.0161671
4914	1198.224	48	0.0165111
4915	1198.468	45	0.0154792
4916	1198.712	39	0.0134153
4917	1198.955	38	0.0130713
4918	1199.199	36	0.0123833
4919	1199.443	60	0.0206389
4920	1199.687	32	0.0110074
4921	1199.931	41	0.0141033
4922	1200.175	37	0.0127273
4923	1200.419	34	0.0116954
4924	1200.662	42	0.0144472
4925	1200.906	53	0.018231
4926	1201.150	41	0.0141033
4927	1201.394	28	0.00963149
4928	1201.638	42	0.0144472
4929	1201.882	42	0.0144472
4930	1202.126	45	0.0154792
4931	1202.370	35	0.0120394
4932	1202.613	46	0.0158232
4933	1202.857	29	0.00997547
4934	1203.101	49	0.0168551
4935	1203.345	43	0.0147912
4936	1203.589	39	0.0134153
4937	1203.833	34	0.0116954
4938	1204.077	40	0.0137593
4939	1204.320	34	0.0116954
4940	1204.564	37	0.0127273
4941	1204.808	26	0.00894353
4942	1205.052	47	0.0161671
4943	1205.296	25	0.00859955
4944	1205.540	30	0.0103195
4945	1205.784	39	0.0134153
4946	1206.028	32	0.0110074
4947	1206.271	24	0.00825556
4948	1206.515	35	0.0120394
4949	1206.759	30	0.0103195
4950	1207.003	46	0.0158232
4951	1207.247	29	0.00997547
4952	1207.491	47	0.0161671
4953	1207.735	40	0.0137593
4954	1207.978	36	0.0123833
4955	1208.222	31	0.0106634
4956	1208.466	45	0.0154792
4957	1208.710	41	0.0141033
4958	1208.954	38	0.0130713
4959	1209.198	30	0.0103195
4960	1209.442	48	0.0165111
4961	1209.685	38	0.0130713
4962	1209.929	31	0.0106634
4963	1210.173	39	0.0134153
4964	1210.417	42	0.0144472
4965	1210.661	37	0.0127273
4966	1210.905	36	0.0123833
4967	1211.149	32	0.0110074
4968	1211.393	48	0.0165111
4969	1211.636	41	0.0141033
4970	1211.880	37	0.0127273
4971	1212.124	36	0.0123833
4972	1212.368	44	0.0151352
4973	1212.612	40	0.0137593
4974	1212.856	29	0.00997547
4975	1213.100	34	0.0116954
4976	1213.343	39	0.0134153
4977	1213.587	34	0.0116954
4978	1213.831	44	0.0151352
4979	1214.075	34	0.0116954
4980	1214.319	43	0.0147912
4981	1214.563	45	0.0154792
4982	1214.807	44	0.0151352
4983	1215.050	37	0.0127273
4984	1215.294	31	0.0106634
4985	1215.538	34	0.0116954
4986	1215.782	32	0.0110074
4987	1216.026	44	0.0151352
4988	1216.270	41	0.0141033
4989	1216.514	37	0.0127273
4990	1216.758	38	0.0130713
4991	1217.001	36	0.0123833
4992	1217.245	35	0.0120394
4993	1217.489	39	0.0134153
4994	1217.733	33	0.0113514
4995	1217.977	42	0.0144472
4996	1218.221	36	0.0123833
4997	1218.465	45	0.0154792
4998	1218.708	39	0.0134153
4999	1218.952	30	0.0103195
5000	1219.196	38	0.0130713
5001	1219.440	30	0.0103195
5002	1219.684	36	0.0123833
5003	1219.928	31	0.0106634
5004	1220.172	38	0.0130713
5005	1220.416	41	0.0141033
5006	1220.659	37	0.0127273
5007	1220.903	40	0.0137593
5008	1221.147	31	0.0106634
5009	1221.391	43	0.0147912
5010	1221.635	40	0.0137593
5011	1221.879	35	0.0120394
5012	1222.123	40	0.0137593
5013	1222.366	41	0.0141033
5014	1222.610	30	0.0103195
5015	1222.854	38	0.0130713
5016	1223.098	41	0.0141033
5017	1223.342	32	0.0110074
5018	1223.586	38	0.0130713
5019	1223.830	38	0.0130713
5020	1224.073	30	0.0103195
5021	1224.317	30	0.0103195
5022	1224.561	46	0.0158232
5023	1224.805	33	0.0113514
5024	1225.049	31	0.0106634
5025	1225.293	38	0.0130713
5026	1225.537	30	0.0103195
5027	1225.781	24	0.00825556
5028	1226.024	35	0.0120394
5029	1226.268	37	0.0127273
5030	1226.512	38	0.0130713
5031	1226.756	40	0.0137593
5032	1227.000	33	0.0113514
5033	1227.244	39	0.0134153
5034	1227.488	43	0.0147912
5035	1227.731	44	0.0151352
5036	1227.975	30	0.0103195
5037	1228.219	32	0.0110074
5038	1228.463	27	0.00928751
5039	1228.707	31	0.0106634
5040	1228.951	29	0.00997547
5041	1229.195	35	0.0120394
5042	1229.438	41	0.0141033
5043	1229.682	35	0.0120394
5044	1229.926	31	0.0106634
5045	1230.170	37	0.0127273
5046	1230.414	37	0.0127273
5047	1230.658	40	0.0137593
5048	1230.902	31	0.0106634
5049	1231.146	38	0.0130713
5050	1231.389	28	0.00963149
5051	1231.633	31	0.0106634
5052	1231.877	36	0.0123833
5053	1232.121	35	0.0120394
5054	1232.365	31	0.0106634
5055	1232.609	25	0.00859955
5056	1232.853	29	0.00997547
5057	1233.096	37	0.0127273
5058	1233.340	29	0.00997547
5059	1233.584	35	0.0120394
5060	1233.828	34	0.0116954
5061	1234.072	30	0.0103195
5062	1234.316	36	0.0123833
5063	1234.560	36	0.0123833
5064	1234.804	42	0.0144472
5065	1235.047	35	0.0120394
5066	1235.291	38	0.0130713
5067	1235.535	31	0.0106634
5068	1235.779	36	0.0123833
5069	1236.023	40	0.0137593
5070	1236.267	27	0.00928751
5071	1236.511	29	0.00997547
5072	1236.754	27	0.00928751
5073	1236.998	30	0.0103195
5074	1237.242	33	0.0113514
5075	1237.486	35	0.0120394
5076	1237.730	32	0.0110074
5077	1237.974	30	0.0103195
5078	1238.218	34	0.0116954
5079	1238.461	28	0.00963149
5080	1238.705	30	0.0103195
5081	1238.949	31	0.0106634
5082	1239.193	30	0.0103195
5083	1239.437	40	0.0137593
5084	1239.681	36	0.0123833
5085	1239.925	31	0.0106634
5086	1240.169	27	0.00928751
5087	1240.412	34	0.0116954
5088	1240.656	41	0.0141033
5089	1240.900	34	0.0116954
5090	1241.144	27	0.00928751
5091	1241.388	41	0.0141033
5092	1241.632	35	0.0120394
5093	1241.876	31	0.0106634
5094	1242.119	44	0.0151352
5095	1242.363	30	0.0103195
5096	1242.607	30	0.0103195
5097	1242.851	40	0.0137593
5098	1243.095	36	0.0123833
5099	1243.339	20	0.00687964
5100	1243.583	21	0.00722362
5101	1243.826	34	0.0116954
5102	1244.070	27	0.00928751
5103	1244.314	30	0.0103195
5104	1244.558	27	0.00928751
5105	1244.802	35	0.0120394
5106	1245.046	29	0.00997547
5107	1245.290	34	0.0116954
5108	1245.534	30	0.0103195
5109	1245.777	32	0.0110074
5110	1246.021	23	0.00791158
5111	1246.265	34	0.0116954
5112	1246.509	26	0.00894353
5113	1246.753	29	0.00997547
5114	1246.997	29	0.00997547
5115	1247.241	28	0.00963149
5116	1247.484	26	0.00894353
5117	1247.728	30	0.0103195
5118	1247.972	38	0.0130713
5119	1248.216	35	0.0120394
5120	1248.460	31	0.0106634
5121	1248.704	29	0.00997547
5122	1248.948	22	0.0075676
5123	1249.192	31	0.0106634
5124	1249.435	34	0.0116954
5125	1249.679	28	0.00963149
5126	1249.923	39	0.0134153
5127	1250.167	40	0.0137593
5128	1250.411	40	0.0137593
5129	1250.655	30	0.0103195
5130	1250.899	38	0.0130713
5131	1251.142	31	0.0106634
5132	1251.386	34	0.0116954
5133	1251.630	38	0.0130713
5134	1251.874	39	0.0134153
5135	1252.118	33	0.0113514
5136	1252.362	26	0.00894353
5137	1252.606	38	0.0130713
5138	1252.849	40	0.0137593
5139	1253.093	30	0.0103195
5140	1253.337	39	0.0134153
5141	1253.581	29	0.00997547
5142	1253.825	28	0.00963149
5143	1254.069	39	0.0134153
5144	1254.313	37	0.0127273
5145	1254.557	32	0.0110074
5146	1254.800	37	0.0127273
5147	1255.044	24	0.00825556
5148	1255.288	20	0.00687964
5149	1255.532	28	0.00963149
5150	1255.776	41	0.0141033
5151	1256.020	35	0.0120394
5152	1256.264	32	0.0110074
5153	1256.507	33	0.0113514
5154	1256.751	30	0.0103195
5155	1256.995	27	0.00928751
5156	1257.239	26	0.00894353
5157	1257.483	30	0.0103195
5158	1257.727	32	0.0110074
5159	1257.971	25	0.00859955
5160	1258.215	36	0.0123833
5161	1258.458	32	0.0110074
5162	1258.702	28	0.00963149
5163	1258.946	34	0.0116954
5164	1259.190	24	0.00825556
5165	1259.434	24	0.00825556
5166	1259.678	36	0.0123833
5167	1259.922	24	0.00825556
5168	1260.165	33	0.0113514
5169	1260.409	30	0.0103195
5170	1260.653	34	0.0116954
5171	1260.897	30	0.0103195
5172	1261.141	37	0.0127273
5173	1261.385	23	0.00791158
5174	1261.629	38	0.0130713
5175	1261.872	36	0.0123833
5176	1262.116	35	0.0120394
5177	1262.360	21	0.00722362
5178	1262.604	37	0.0127273
5179	1262.848	27	0.00928751
5180	1263.092	42	0.0144472
5181	1263.336	40	0.0137593
5182	1263.580	38	0.0130713
5183	1263.823	21	0.00722362
5184	1264.067	28	0.00963149
5185	1264.311	37	0.0127273
5186	1264.555	37	0.0127273
5187	1264.799	28	0.00963149
5188	1265.043	40	0.0137593
5189	1265.287	29	0.00997547
5190	1265.530	30	0.0103195
5191	1265.774	32	0.0110074
5192	1266.018	29	0.00997547
5193	1266.262	35	0.0120394
5194	1266.506	36	0.0123833
5195	1266.750	26	0.00894353
5196	1266.994	22	0.0075676
5197	1267.237	43	0.0147912
5198	1267.481	36	0.0123833
5199	1267.725	32	0.0110074
5200	1267.969	31	0.0106634
5201	1268.213	35	0.0120394
5202	1268.457	32	0.0110074
5203	1268.701	47	0.0161671
5204	1268.945	38	0.0130713
5205	1269.188	38	0.0130713
5206	1269.432	25	0.00859955
5207	1269.676	35	0.0120394
5208	1269.920	25	0.00859955
5209	1270.164	29	0.00997547
5210	1270.408	31	0.0106634
5211	1270.652	37	0.0127273
5212	1270.895	40	0.0137593
5213	1271.139	38	0.0130713
5214	1271.383	36	0.0123833
5215	1271.627	43	0.0147912
5216	1271.871	39	0.0134153
5217	1272.115	29	0.00997547
5218	1272.359	20	0.00687964
5219	1272.603	40	0.0137593
5220	1272.846	31	0.0106634
5221	1273.090	27	0.00928751
5222	1273.334	36	0.0123833
5223	1273.578	40	0.0137593
5224	1273.822	31	0.0106634
5225	1274.066	31	0.0106634
5226	1274.310	28	0.00963149
5227	1274.553	37	0.0127273
5228	1274.797	31	0.0106634
5229	1275.041	32	0.0110074
5230	1275.285	32	0.0110074
5231	1275.529	28	0.00963149
5232	1275.773	43	0.0147912
5233	1276.017	38	0.0130713
5234	1276.260	32	0.0110074
5235	1276.504	29	0.00997547
5236	1276.748	21	0.00722362
5237	1276.992	29	0.00997547
5238	1277.236	33	0.0113514
5239	1277.480	24	0.00825556
5240	1277.724	50	0.0171991
5241	1277.968	40	0.0137593
5242	1278.211	33	0.0113514
5243	1278.455	29	0.00997547
5244	1278.699	42	0.0144472
5245	1278.943	37	0.0127273
5246	1279.187	32	0.0110074
5247	1279.431	36	0.0123833
5248	1279.675	30	0.0103195
5249	1279.918	27	0.00928751
5250	1280.162	36	0.0123833
5251	1280.406	42	0.0144472
5252	1280.650	31	0.0106634
5253	1280.894	31	0.0106634
5254	1281.138	22	0.0075676
5255	1281.382	35	0.0120394
5256	1281.625	41	0.0141033
5257	1281.869	33	0.0113514
5258	1282.113	31	0.0106634
5259	1282.357	40	0.0137593
5260	1282.601	26	0.00894353
5261	1282.845	26	0.00894353
5262	1283.089	30	0.0103195
5263	1283.333	35	0.0120394
5264	1283.576	31	0.0106634
5265	1283.820	32	0.0110074
5266	1284.064	38	0.0130713
5267	1284.308	34	0.0116954
5268	1284.552	42	0.0144472
5269	1284.796	25	0.00859955
5270	1285.040	33	0.0113514
5271	1285.283	48	0.0165111
5272	1285.527	39	0.0134153
5273	1285.771	46	0.0158232
5274	1286.015	40	0.0137593
5275	1286.259	26	0.00894353
5276	1286.503	36	0.0123833
5277	1286.747	28	0.00963149
5278	1286.991	25	0.00859955
5279	1287.234	49	0.0168551
5280	1287.478	42	0.0144472
5281	1287.722	37	0.0127273
5282	1287.966	32	0.0110074
5283	1288.210	38	0.0130713
5284	1288.454	24	0.00825556
5285	1288.698	34	0.0116954
5286	1288.941	23	0.00791158
5287	1289.185	44	0.0151352
5288	1289.429	32	0.0110074
5289	1289.673	38	0.0130713
5290	1289.917	28	0.00963149
5291	1290.161	42	0.0144472
5292	1290.405	45	0.0154792
5293	1290.648	27	0.00928751
5294	1290.892	28	0.00963149
5295	1291.136	33	0.0113514
5296	1291.380	37	0.0127273
5297	1291.624	30	0.0103195
5298	1291.868	38	0.0130713
5299	1292.112	42	0.0144472
5300	1292.356	24	0.00825556
5301	1292.599	32	0.0110074
5302	1292.843	32	0.0110074
5303	1293.087	31	0.0106634
5304	1293.331	36	0.0123833
5305	1293.575	41	0.0141033
5306	1293.819	32	0.0110074
5307	1294.063	30	0.0103195
5308	1294.306	36	0.0123833
5309	1294.550	26	0.00894353
5310	1294.794	31	0.0106634
5311	1295.038	29	0.00997547
5312	1295.282	31	0.0106634
5313	1295.526	29	0.00997547
5314	1295.770	31	0.0106634
5315	1296.013	42	0.0144472
5316	1296.257	32	0.0110074
5317	1296.501	32	0.0110074
5318	1296.745	31	0.0106634
5319	1296.989	26	0.00894353
5320	1297.233	32	0.0110074
5321	1297.477	44	0.0151352
5322	1297.721	28	0.00963149
5323	1297.964	27	0.00928751
5324	1298.208	30	0.0103195
5325	1298.452	30	0.0103195
5326	1298.696	31	0.0106634
5327	1298.940	34	0.0116954
5328	1299.184	37	0.0127273
5329	1299.428	36	0.0123833
5330	1299.671	40	0.0137593
5331	1299.915	33	0.0113514
5332	1300.159	33	0.0113514
5333	1300.403	27	0.00928751
5334	1300.647	34	0.0116954
5335	1300.891	28	0.00963149
5336	1301.135	35	0.0120394
5337	1301.379	29	0.00997547
5338	1301.622	38	0.0130713
5339	1301.866	32	0.0110074
5340	1302.110	37	0.0127273
5341	1302.354	26	0.00894353
5342	1302.598	26	0.00894353
5343	1302.842	37	0.0127273
5344	1303.086	25	0.00859955
5345	1303.329	33	0.0113514
5346	1303.573	32	0.0110074
5347	1303.817	42	0.0144472
5348	1304.061	39	0.0134153
5349	1304.305	27	0.00928751
5350	1304.549	22	0.0075676
5351	1304.793	36	0.0123833
5352	1305.036	27	0.00928751
5353	1305.280	34	0.0116954
5354	1305.524	30	0.0103195
5355	1305.768	26	0.00894353
5356	1306.012	33	0.0113514
5357	1306.256	40	0.0137593
5358	1306.500	29	0.00997547
5359	1306.744	28	0.00963149
5360	1306.987	38	0.0130713
5361	1307.231	41	0.0141033
5362	1307.475	42	0.0144472
5363	1307.719	35	0.0120394
5364	1307.963	25	0.00859955
5365	1308.207	30	0.0103195
5366	1308.451	31	0.0106634
5367	1308.694	38	0.0130713
5368	1308.938	55	0.018919
5369	1309.182	39	0.0134153
5370	1309.426	34	0.0116954
5371	1309.670	28	0.00963149
5372	1309.914	24	0.00825556
5373	1310.158	30	0.0103195
5374	1310.402	30	0.0103195
5375	1310.645	42	0.0144472
5376	1310.889	33	0.0113514
5377	1311.133	43	0.0147912
5378	1311.377	42	0.0144472
5379	1311.621	43	0.0147912
5380	1311.865	39	0.0134153
5381	1312.109	32	0.0110074
5382	1312.352	31	0.0106634
5383	1312.596	41	0.0141033
5384	1312.840	32	0.0110074
5385	1313.084	26	0.00894353
5386	1313.328	43	0.0147912
5387	1313.572	28	0.00963149
5388	1313.816	27	0.00928751
5389	1314.059	43	0.0147912
5390	1314.303	26	0.00894353
5391	1314.547	37	0.0127273
5392	1314.791	25	0.00859955
5393	1315.035	34	0.0116954
5394	1315.279	30	0.0103195
5395	1315.523	31	0.0106634
5396	1315.767	44	0.0151352
5397	1316.010	44	0.0151352
5398	1316.254	41	0.0141033
5399	1316.498	31	0.0106634
5400	1316.742	29	0.00997547
5401	1316.986	27	0.00928751
5402	1317.230	37	0.0127273
5403	1317.474	30	0.0103195
5404	1317.717	36	0.0123833
5405	1317.961	32	0.0110074
5406	1318.205	36	0.0123833
5407	1318.449	34	0.0116954
5408	1318.693	28	0.00963149
5409	1318.937	29	0.00997547
5410	1319.181	36	0.0123833
5411	1319.424	32	0.0110074
5412	1319.668	44	0.0151352
5413	1319.912	36	0.0123833
5414	1320.156	30	0.0103195
5415	1320.400	44	0.0151352
5416	1320.644	42	0.0144472
5417	1320.888	40	0.0137593
5418	1321.132	36	0.0123833
5419	1321.375	26	0.00894353
5420	1321.619	36	0.0123833
5421	1321.863	28	0.00963149
5422	1322.107	41	0.0141033
5423	1322.351	33	0.0113514
5424	1322.595	34	0.0116954
5425	1322.839	37	0.0127273
5426	1323.082	48	0.0165111
5427	1323.326	41	0.0141033
5428	1323.570	50	0.0171991
5429	1323.814	59	0.0202949
5430	1324.058	53	0.018231
5431	1324.302	66	0.0227028
5432	1324.546	75	0.0257986
5433	1324.790	88	0.0302704
5434	1325.033	92	0.0316463
5435	1325.277	98	0.0337102
5436	1325.521	103	0.0354301
5437	1325.765	112	0.038526
5438	1326.009	127	0.0436857
5439	1326.253	111	0.038182
5440	1326.497	123	0.0423098
5441	1326.740	114	0.0392139
5442	1326.984	96	0.0330223
5443	1327.228	82	0.0282065
5444	1327.472	83	0.0285505
5445	1327.716	71	0.0244227
5446	1327.960	74	0.0254547
5447	1328.204	55	0.018919
5448	1328.447	68	0.0233908
5449	1328.691	48	0.0165111
5450	1328.935	41	0.0141033
5451	1329.179	52	0.0178871
5452	1329.423	50	0.0171991
5453	1329.667	40	0.0137593
5454	1329.911	45	0.0154792
5455	1330.155	56	0.019263
5456	1330.398	56	0.019263
5457	1330.642	57	0.019607
5458	1330.886	65	0.0223588
5459	1331.130	110	0.037838
5460	1331.374	146	0.0502214
5461	1331.618	224	0.0770519
5462	1331.862	379	0.130369
5463	1332.105	566	0.194694
5464	1332.349	890	0.306144
5465	1332.593	1228	0.42241
5466	1332.837	1604	0.551747
5467	1333.081	1992	0.685212
5468	1333.325	2245	0.772239
5469	1333.569	2447	0.841724
5470	1333.812	2452	0.843444
5471	1334.056	2250	0.773959
5472	1334.300	1958	0.673516
5473	1334.544	1557	0.53558
5474	1334.788	1128	0.388012
5475	1335.032	760	0.261426
5476	1335.276	480	0.165111
5477	1335.520	332	0.114202
5478	1335.763	166	0.057101
5479	1336.007	106	0.0364621
5480	1336.251	88	0.0302704
5481	1336.495	69	0.0237347
5482	1336.739	37	0.0127273
5483	1336.983	29	0.00997547
5484	1337.227	36	0.0123833
5485	1337.470	37	0.0127273
5486	1337.714	39	0.0134153
5487	1337.958	43	0.0147912
5488	1338.202	39	0.0134153
5489	1338.446	41	0.0141033
5490	1338.690	24	0.00825556
5491	1338.934	42	0.0144472
5492	1339.178	34	0.0116954
5493	1339.421	25	0.00859955
5494	1339.665	35	0.0120394
5495	1339.909	42	0.0144472
5496	1340.153	31	0.0106634
5497	1340.397	38	0.0130713
5498	1340.641	26	0.00894353
5499	1340.885	35	0.0120394
5500	1341.128	44	0.0151352
5501	1341.372	25	0.00859955
5502	1341.616	49	0.0168551
5503	1341.860	31	0.0106634
5504	1342.104	28	0.00963149
5505	1342.348	28	0.00963149
5506	1342.592	36	0.0123833
5507	1342.835	35	0.0120394
5508	1343.079	33	0.0113514
5509	1343.323	38	0.0130713
5510	1343.567	32	0.0110074
5511	1343.811	40	0.0137593
5512	1344.055	48	0.0165111
5513	1344.299	35	0.0120394
5514	1344.543	32	0.0110074
5515	1344.786	51	0.0175431
5516	1345.030	51	0.0175431
5517	1345.274	29	0.00997547
5518	1345.518	28	0.00963149
5519	1345.762	44	0.0151352
5520	1346.006	32	0.0110074
5521	1346.250	26	0.00894353
5522	1346.493	30	0.0103195
5523	1346.737	33	0.0113514
5524	1346.981	28	0.00963149
5525	1347.225	31	0.0106634
5526	1347.469	32	0.0110074
5527	1347.713	32	0.0110074
5528	1347.957	25	0.00859955
5529	1348.200	25	0.00859955
5530	1348.444	49	0.0168551
5531	1348.688	35	0.0120394
5532	1348.932	44	0.0151352
5533	1349.176	34	0.0116954
5534	1349.420	35	0.0120394
5535	1349.664	35	0.0120394
5536	1349.908	37	0.0127273
5537	1350.151	37	0.0127273
5538	1350.395	38	0.0130713
5539	1350.639	36	0.0123833
5540	1350.883	29	0.00997547
5541	1351.127	38	0.0130713
5542	1351.371	47	0.0161671
5543	1351.615	37	0.0127273
5544	1351.858	32	0.0110074
5545	1352.102	25	0.00859955
5546	1352.346	33	0.0113514
5547	1352.590	31	0.0106634
5548	1352.834	33	0.0113514
5549	1353.078	38	0.0130713
5550	1353.322	36	0.0123833
5551	1353.566	39	0.0134153
5552	1353.809	35	0.0120394
5553	1354.053	34	0.0116954
5554	1354.297	37	0.0127273
5555	1354.541	39	0.0134153
5556	1354.785	40	0.0137593
5557	1355.029	29	0.00997547
5558	1355.273	30	0.0103195
5559	1355.516	39	0.0134153
5560	1355.760	45	0.0154792
5561	1356.004	37	0.0127273
5562	1356.248	42	0.0144472
5563	1356.492	34	0.0116954
5564	1356.736	35	0.0120394
5565	1356.980	38	0.0130713
5566	1357.223	38	0.0130713
5567	1357.467	26	0.00894353
5568	1357.711	43	0.0147912
5569	1357.955	38	0.0130713
5570	1358.199	38	0.0130713
5571	1358.443	32	0.0110074
5572	1358.687	43	0.0147912
5573	1358.931	36	0.0123833
5574	1359.174	22	0.0075676
5575	1359.418	34	0.0116954
5576	1359.662	39	0.0134153
5577	1359.906	36	0.0123833
5578	1360.150	35	0.0120394
5579	1360.394	34	0.0116954
5580	1360.638	36	0.0123833
5581	1360.881	26	0.00894353
5582	1361.125	36	0.0123833
5583	1361.369	32	0.0110074
5584	1361.613	42	0.0144472
5585	1361.857	28	0.00963149
5586	1362.101	31	0.0106634
5587	1362.345	25	0.00859955
5588	1362.589	36	0.0123833
5589	1362.832	30	0.0103195
5590	1363.076	23	0.00791158
5591	1363.320	43	0.0147912
5592	1363.564	56	0.019263
5593	1363.808	37	0.0127273
5594	1364.052	47	0.0161671
5595	1364.296	35	0.0120394
5596	1364.539	39	0.0134153
5597	1364.783	26	0.00894353
5598	1365.027	38	0.0130713
5599	1365.271	45	0.0154792
5600	1365.515	25	0.00859955
5601	1365.759	26	0.00894353
5602	1366.003	39	0.0134153
5603	1366.246	40	0.0137593
5604	1366.490	44	0.0151352
5605	1366.734	31	0.0106634
5606	1366.978	38	0.0130713
5607	1367.222	24	0.00825556
5608	1367.466	28	0.00963149
5609	1367.710	39	0.0134153
5610	1367.954	30	0.0103195
5611	1368.197	30	0.0103195
5612	1368.441	32	0.0110074
5613	1368.685	36	0.0123833
5614	1368.929	37	0.0127273
5615	1369.173	38	0.0130713
5616	1369.417	27	0.00928751
5617	1369.661	30	0.0103195
5618	1369.904	32	0.0110074
5619	1370.148	32	0.0110074
5620	1370.392	48	0.0165111
5621	1370.636	39	0.0134153
5622	1370.880	34	0.0116954
5623	1371.124	44	0.0151352
5624	1371.368	37	0.0127273
5625	1371.611	33	0.0113514
5626	1371.855	51	0.0175431
5627	1372.099	37	0.0127273
5628	1372.343	29	0.00997547
5629	1372.587	40	0.0137593
5630	1372.831	36	0.0123833
5631	1373.075	44	0.0151352
5632	1373.319	41	0.0141033
5633	1373.562	26	0.00894353
5634	1373.806	37	0.0127273
5635	1374.050	30	0.0103195
5636	1374.294	36	0.0123833
5637	1374.538	39	0.0134153
5638	1374.782	46	0.0158232
5639	1375.026	43	0.0147912
5640	1375.269	34	0.0116954
5641	1375.513	28	0.00963149
5642	1375.757	32	0.0110074
5643	1376.001	27	0.00928751
5644	1376.245	41	0.0141033
5645	1376.489	33	0.0113514
5646	1376.733	44	0.0151352
5647	1376.977	41	0.0141033
5648	1377.220	31	0.0106634
5649	1377.464	32	0.0110074
5650	1377.708	29	0.00997547
5651	1377.952	39	0.0134153
5652	1378.196	43	0.0147912
5653	1378.440	25	0.00859955
5654	1378.684	36	0.0123833
5655	1378.927	30	0.0103195
5656	1379.171	40	0.0137593
5657	1379.415	36	0.0123833
5658	1379.659	32	0.0110074
5659	1379.903	40	0.0137593
5660	1380.147	35	0.0120394
5661	1380.391	32	0.0110074
5662	1380.634	33	0.0113514
5663	1380.878	32	0.0110074
5664	1381.122	38	0.0130713
5665	1381.366	28	0.00963149
5666	1381.610	35	0.0120394
5667	1381.854	45	0.0154792
5668	1382.098	37	0.0127273
5669	1382.342	30	0.0103195
5670	1382.585	43	0.0147912
5671	1382.829	37	0.0127273
5672	1383.073	35	0.0120394
5673	1383.317	40	0.0137593
5674	1383.561	37	0.0127273
5675	1383.805	34	0.0116954
5676	1384.049	49	0.0168551
5677	1384.292	37	0.0127273
5678	1384.536	37	0.0127273
5679	1384.780	32	0.0110074
5680	1385.024	38	0.0130713
5681	1385.268	34	0.0116954
5682	1385.512	38	0.0130713
5683	1385.756	32	0.0110074
5684	1385.999	40	0.0137593
5685	1386.243	39	0.0134153
5686	1386.487	40	0.0137593
5687	1386.731	37	0.0127273
5688	1386.975	28	0.00963149
5689	1387.219	40	0.0137593
5690	1387.463	44	0.0151352
5691	1387.707	35	0.0120394
5692	1387.950	28	0.00963149
5693	1388.194	48	0.0165111
5694	1388.438	43	0.0147912
5695	1388.682	27	0.00928751
5696	1388.926	36	0.0123833
5697	1389.170	49	0.0168551
5698	1389.414	38	0.0130713
5699	1389.657	37	0.0127273
5700	1389.901	35	0.0120394
5701	1390.145	42	0.0144472
5702	1390.389	30	0.0103195
5703	1390.633	39	0.0134153
5704	1390.877	37	0.0127273
5705	1391.121	37	0.0127273
5706	1391.365	36	0.0123833
5707	1391.608	35	0.0120394
5708	1391.852	43	0.0147912
5709	1392.096	31	0.0106634
5710	1392.340	41	0.0141033
5711	1392.584	43	0.0147912
5712	1392.828	32	0.0110074
5713	1393.072	34	0.0116954
5714	1393.315	30	0.0103195
5715	1393.559	36	0.0123833
5716	1393.803	38	0.0130713
5717	1394.047	43	0.0147912
5718	1394.291	32	0.0110074
5719	1394.535	30	0.0103195
5720	1394.779	27	0.00928751
5721	1395.022	38	0.0130713
5722	1395.266	37	0.0127273
5723	1395.510	29	0.00997547
5724	1395.754	35	0.0120394
5725	1395.998	30	0.0103195
5726	1396.242	44	0.0151352
5727	1396.486	29	0.00997547
5728	1396.730	32	0.0110074
5729	1396.973	50	0.0171991
5730	1397.217	33	0.0113514
5731	1397.461	38	0.0130713
5732	1397.705	45	0.0154792
5733	1397.949	44	0.0151352
5734	1398.193	40	0.0137593
5735	1398.437	41	0.0141033
5736	1398.680	27	0.00928751
5737	1398.924	43	0.0147912
5738	1399.168	34	0.0116954
5739	1399.412	41	0.0141033
5740	1399.656	44	0.0151352
5741	1399.900	37	0.0127273
5742	1400.144	39	0.0134153
5743	1400.388	43	0.0147912
5744	1400.631	35	0.0120394
5745	1400.875	35	0.0120394
5746	1401.119	35	0.0120394
5747	1401.363	33	0.0113514
5748	1401.607	39	0.0134153
5749	1401.851	38	0.0130713
5750	1402.095	43	0.0147912
5751	1402.338	37	0.0127273
5752	1402.582	51	0.0175431
5753	1402.826	40	0.0137593
5754	1403.070	47	0.0161671
5755	1403.314	52	0.0178871
5756	1403.558	46	0.0158232
5757	1403.802	39	0.0134153
5758	1404.045	31	0.0106634
5759	1404.289	55	0.018919
5760	1404.533	36	0.0123833
5761	1404.777	34	0.0116954
5762	1405.021	46	0.0158232
5763	1405.265	46	0.0158232
5764	1405.509	31	0.0106634
5765	1405.753	46	0.0158232
5766	1405.996	45	0.0154792
5767	1406.240	30	0.0103195
5768	1406.484	35	0.0120394
5769	1406.728	41	0.0141033
5770	1406.972	46	0.0158232
5771	1407.216	29	0.00997547
5772	1407.460	28	0.00963149
5773	1407.703	48	0.0165111
5774	1407.947	41	0.0141033
5775	1408.191	47	0.0161671
5776	1408.435	44	0.0151352
5777	1408.679	45	0.0154792
5778	1408.923	39	0.0134153
5779	1409.167	39	0.0134153
5780	1409.410	42	0.0144472
5781	1409.654	49	0.0168551
5782	1409.898	48	0.0165111
5783	1410.142	50	0.0171991
5784	1410.386	36	0.0123833
5785	1410.630	47	0.0161671
5786	1410.874	38	0.0130713
5787	1411.118	39	0.0134153
5788	1411.361	30	0.0103195
5789	1411.605	42	0.0144472
5790	1411.849	38	0.0130713
5791	1412.093	34	0.0116954
5792	1412.337	37	0.0127273
5793	1412.581	31	0.0106634
5794	1412.825	41	0.0141033
5795	1413.068	43	0.0147912
5796	1413.312	31	0.0106634
5797	1413.556	44	0.0151352
5798	1413.800	36	0.0123833
5799	1414.044	38	0.0130713
5800	1414.288	39	0.0134153
5801	1414.532	39	0.0134153
5802	1414.776	50	0.0171991
5803	1415.019	41	0.0141033
5804	1415.263	51	0.0175431
5805	1415.507	47	0.0161671
5806	1415.751	43	0.0147912
5807	1415.995	55	0.018919
5808	1416.239	35	0.0120394
5809	1416.483	37	0.0127273
5810	1416.726	47	0.0161671
5811	1416.970	31	0.0106634
5812	1417.214	47	0.0161671
5813	1417.458	45	0.0154792
5814	1417.702	36	0.0123833
5815	1417.946	37	0.0127273
5816	1418.190	36	0.0123833
5817	1418.433	42	0.0144472
5818	1418.677	41	0.0141033
5819	1418.921	43	0.0147912
5820	1419.165	42	0.0144472
5821	1419.409	46	0.0158232
5822	1419.653	39	0.0134153
5823	1419.897	35	0.0120394
5824	1420.141	42	0.0144472
5825	1420.384	49	0.0168551
5826	1420.628	36	0.0123833
5827	1420.872	37	0.0127273
5828	1421.116	45	0.0154792
5829	1421.360	40	0.0137593
5830	1421.604	30	0.0103195
5831	1421.848	37	0.0127273
5832	1422.091	45	0.0154792
5833	1422.335	42	0.0144472
5834	1422.579	43	0.0147912
5835	1422.823	41	0.0141033
5836	1423.067	36	0.0123833
5837	1423.311	44	0.0151352
5838	1423.555	46	0.0158232
5839	1423.798	54	0.018575
5840	1424.042	39	0.0134153
5841	1424.286	54	0.018575
5842	1424.530	32	0.0110074
5843	1424.774	37	0.0127273
5844	1425.018	25	0.00859955
5845	1425.262	38	0.0130713
5846	1425.506	36	0.0123833
5847	1425.749	37	0.0127273
5848	1425.993	37	0.0127273
5849	1426.237	41	0.0141033
5850	1426.481	30	0.0103195
5851	1426.725	43	0.0147912
5852	1426.969	43	0.0147912
5853	1427.213	28	0.00963149
5854	1427.456	35	0.0120394
5855	1427.700	44	0.0151352
5856	1427.944	37	0.0127273
5857	1428.188	36	0.0123833
5858	1428.432	51	0.0175431
5859	1428.676	43	0.0147912
5860	1428.920	36	0.0123833
5861	1429.164	32	0.0110074
5862	1429.407	36	0.0123833
5863	1429.651	52	0.0178871
5864	1429.895	38	0.0130713
5865	1430.139	47	0.0161671
5866	1430.383	35	0.0120394
5867	1430.627	52	0.0178871
5868	1430.871	38	0.0130713
5869	1431.114	51	0.0175431
5870	1431.358	34	0.0116954
5871	1431.602	43	0.0147912
5872	1431.846	52	0.0178871
5873	1432.090	41	0.0141033
5874	1432.334	38	0.0130713
5875	1432.578	32	0.0110074
5876	1432.821	36	0.0123833
5877	1433.065	42	0.0144472
5878	1433.309	38	0.0130713
5879	1433.553	42	0.0144472
5880	1433.797	30	0.0103195
5881	1434.041	44	0.0151352
5882	1434.285	36	0.0123833
5883	1434.529	45	0.0154792
5884	1434.772	32	0.0110074
5885	1435.016	47	0.0161671
5886	1435.260	38	0.0130713
5887	1435.504	32	0.0110074
5888	1435.748	31	0.0106634
5889	1435.992	39	0.0134153
5890	1436.236	32	0.0110074
5891	1436.479	34	0.0116954
5892	1436.723	35	0.0120394
5893	1436.967	47	0.0161671
5894	1437.211	40	0.0137593
5895	1437.455	50	0.0171991
5896	1437.699	38	0.0130713
5897	1437.943	32	0.0110074
5898	1438.186	35	0.0120394
5899	1438.430	35	0.0120394
5900	1438.674	49	0.0168551
5901	1438.918	39	0.0134153
5902	1439.162	32	0.0110074
5903	1439.406	43	0.0147912
5904	1439.650	62	0.0213269
5905	1439.894	46	0.0158232
5906	1440.137	51	0.0175431
5907	1440.381	44	0.0151352
5908	1440.625	45	0.0154792
5909	1440.869	46	0.0158232
5910	1441.113	37	0.0127273
5911	1441.357	32	0.0110074
5912	1441.601	35	0.0120394
5913	1441.844	56	0.019263
5914	1442.088	41	0.0141033
5915	1442.332	37	0.0127273
5916	1442.576	37	0.0127273
5917	1442.820	43	0.0147912
5918	1443.064	36	0.0123833
5919	1443.308	35	0.0120394
5920	1443.552	42	0.0144472
5921	1443.795	41	0.0141033
5922	1444.039	37	0.0127273
5923	1444.283	38	0.0130713
5924	1444.527	38	0.0130713
5925	1444.771	47	0.0161671
5926	1445.015	39	0.0134153
5927	1445.259	51	0.0175431
5928	1445.502	45	0.0154792
5929	1445.746	37	0.0127273
5930	1445.990	39	0.0134153
5931	1446.234	33	0.0113514
5932	1446.478	38	0.0130713
5933	1446.722	53	0.018231
5934	1446.966	47	0.0161671
5935	1447.209	47	0.0161671
5936	1447.453	41	0.0141033
5937	1447.697	38	0.0130713
5938	1447.941	38	0.0130713
5939	1448.185	42	0.0144472
5940	1448.429	49	0.0168551
5941	1448.673	46	0.0158232
5942	1448.917	31	0.0106634
5943	1449.160	34	0.0116954
5944	1449.404	39	0.0134153
5945	1449.648	47	0.0161671
5946	1449.892	39	0.0134153
5947	1450.136	34	0.0116954
5948	1450.380	40	0.0137593
5949	1450.624	33	0.0113514
5950	1450.867	49	0.0168551
5951	1451.111	47	0.0161671
5952	1451.355	35	0.0120394
5953	1451.599	49	0.0168551
5954	1451.843	40	0.0137593
5955	1452.087	43	0.0147912
5956	1452.331	35	0.0120394
5957	1452.575	39	0.0134153
5958	1452.818	45	0.0154792
5959	1453.062	42	0.0144472
5960	1453.306	45	0.0154792
5961	1453.550	42	0.0144472
5962	1453.794	40	0.0137593
5963	1454.038	51	0.0175431
5964	1454.282	57	0.019607
5965	1454.525	40	0.0137593
5966	1454.769	41	0.0141033
5967	1455.013	40	0.0137593
5968	1455.257	34	0.0116954
5969	1455.501	42	0.0144472
5970	1455.745	41	0.0141033
5971	1455.989	45	0.0154792
5972	1456.232	38	0.0130713
5973	1456.476	36	0.0123833
5974	1456.720	43	0.0147912
5975	1456.964	39	0.0134153
5976	1457.208	41	0.0141033
5977	1457.452	41	0.0141033
5978	1457.696	49	0.0168551
5979	1457.940	42	0.0144472
5980	1458.183	49	0.0168551
5981	1458.427	59	0.0202949
5982	1458.671	38	0.0130713
5983	1458.915	42	0.0144472
5984	1459.159	49	0.0168551
5985	1459.403	32	0.0110074
5986	1459.647	42	0.0144472
5987	1459.890	58	0.0199509
5988	1460.134	43	0.0147912
5989	1460.378	44	0.0151352
5990	1460.622	47	0.0161671
5991	1460.866	47	0.0161671
5992	1461.110	42	0.0144472
5993	1461.354	42	0.0144472
5994	1461.597	42	0.0144472
5995	1461.841	47	0.0161671
5996	1462.085	53	0.018231
5997	1462.329	44	0.0151352
5998	1462.573	42	0.0144472
5999	1462.817	38	0.0130713
6000	1463.061	45	0.0154792
6001	1463.305	47	0.0161671
6002	1463.548	62	0.0213269
6003	1463.792	44	0.0151352
6004	1464.036	48	0.0165111
6005	1464.280	35	0.0120394
6006	1464.524	42	0.0144472
6007	1464.768	45	0.0154792
6008	1465.012	47	0.0161671
6009	1465.255	52	0.0178871
6010	1465.499	51	0.0175431
6011	1465.743	43	0.0147912
6012	1465.987	40	0.0137593
6013	1466.231	43	0.0147912
6014	1466.475	39	0.0134153
6015	1466.719	44	0.0151352
6016	1466.963	45	0.0154792
6017	1467.206	55	0.018919
6018	1467.450	35	0.0120394
6019	1467.694	53	0.018231
6020	1467.938	41	0.0141033
6021	1468.182	35	0.0120394
6022	1468.426	59	0.0202949
6023	1468.670	37	0.0127273
6024	1468.913	35	0.0120394
6025	1469.157	52	0.0178871
6026	1469.401	39	0.0134153
6027	1469.645	44	0.0151352
6028	1469.889	38	0.0130713
6029	1470.133	47	0.0161671
6030	1470.377	34	0.0116954
6031	1470.620	57	0.019607
6032	1470.864	50	0.0171991
6033	1471.108	38	0.0130713
6034	1471.352	44	0.0151352
6035	1471.596	34	0.0116954
6036	1471.840	55	0.018919
6037	1472.084	38	0.0130713
6038	1472.328	50	0.0171991
6039	1472.571	40	0.0137593
6040	1472.815	34	0.0116954
6041	1473.059	37	0.0127273
6042	1473.303	33	0.0113514
6043	1473.547	29	0.00997547
6044	1473.791	49	0.0168551
6045	1474.035	40	0.0137593
6046	1474.278	49	0.0168551
6047	1474.522	48	0.0165111
6048	1474.766	38	0.0130713
6049	1475.010	40	0.0137593
6050	1475.254	48	0.0165111
6051	1475.498	56	0.019263
6052	1475.742	43	0.0147912
6053	1475.985	44	0.0151352
6054	1476.229	47	0.0161671
6055	1476.473	37	0.0127273
6056	1476.717	49	0.0168551
6057	1476.961	46	0.0158232
6058	1477.205	51	0.0175431
6059	1477.449	49	0.0168551
6060	1477.693	49	0.0168551
6061	1477.936	46	0.0158232
6062	1478.180	35	0.0120394
6063	1478.424	54	0.018575
6064	1478.668	43	0.0147912
6065	1478.912	38	0.0130713
6066	1479.156	36	0.0123833
6067	1479.400	33	0.0113514
6068	1479.643	48	0.0165111
6069	1479.887	47	0.0161671
6070	1480.131	44	0.0151352
6071	1480.375	46	0.0158232
6072	1480.619	42	0.0144472
6073	1480.863	53	0.018231
6074	1481.107	50	0.0171991
6075	1481.351	54	0.018575
6076	1481.594	47	0.0161671
6077	1481.838	61	0.0209829
6078	1482.082	39	0.0134153
6079	1482.326	53	0.018231
6080	1482.570	47	0.0161671
6081	1482.814	52	0.0178871
6082	1483.058	49	0.0168551
6083	1483.301	39	0.0134153
6084	1483.545	43	0.0147912
6085	1483.789	54	0.018575
6086	1484.033	41	0.0141033
6087	1484.277	46	0.0158232
6088	1484.521	48	0.0165111
6089	1484.765	53	0.018231
6090	1485.008	41	0.0141033
6091	1485.252	45	0.0154792
6092	1485.496	45	0.0154792
6093	1485.740	48	0.0165111
6094	1485.984	50	0.0171991
6095	1486.228	33	0.0113514
6096	1486.472	45	0.0154792
6097	1486.716	46	0.0158232
6098	1486.959	48	0.0165111
6099	1487.203	34	0.0116954
6100	1487.447	42	0.0144472
6101	1487.691	52	0.0178871
6102	1487.935	35	0.0120394
6103	1488.179	44	0.0151352
6104	1488.423	52	0.0178871
6105	1488.666	46	0.0158232
6106	1488.910	55	0.018919
6107	1489.154	48	0.0165111
6108	1489.398	34	0.0116954
6109	1489.642	51	0.0175431
6110	1489.886	61	0.0209829
6111	1490.130	39	0.0134153
6112	1490.373	37	0.0127273
6113	1490.617	39	0.0134153
6114	1490.861	44	0.0151352
6115	1491.105	57	0.019607
6116	1491.349	46	0.0158232
6117	1491.593	44	0.0151352
6118	1491.837	51	0.0175431
6119	1492.081	53	0.018231
6120	1492.324	53	0.018231
6121	1492.568	49	0.0168551
6122	1492.812	51	0.0175431
6123	1493.056	52	0.0178871
6124	1493.300	43	0.0147912
6125	1493.544	50	0.0171991
6126	1493.788	53	0.018231
6127	1494.031	49	0.0168551
6128	1494.275	43	0.0147912
6129	1494.519	44	0.0151352
6130	1494.763	46	0.0158232
6131	1495.007	58	0.0199509
6132	1495.251	45	0.0154792
6133	1495.495	48	0.0165111
6134	1495.739	44	0.0151352
6135	1495.982	44	0.0151352
6136	1496.226	44	0.0151352
6137	1496.470	52	0.0178871
6138	1496.714	54	0.018575
6139	1496.958	48	0.0165111
6140	1497.202	53	0.018231
6141	1497.446	48	0.0165111
6142	1497.689	45	0.0154792
6143	1497.933	40	0.0137593
6144	1498.177	52	0.0178871
6145	1498.421	48	0.0165111
6146	1498.665	43	0.0147912
6147	1498.909	45	0.0154792
6148	1499.153	47	0.0161671
6149	1499.396	49	0.0168551
6150	1499.640	49	0.0168551
6151	1499.884	60	0.0206389
6152	1500.128	60	0.0206389
6153	1500.372	48	0.0165111
6154	1500.616	56	0.019263
6155	1500.860	47	0.0161671
6156	1501.104	53	0.018231
6157	1501.347	46	0.0158232
6158	1501.591	39	0.0134153
6159	1501.835	36	0.0123833
6160	1502.079	53	0.018231
6161	1502.323	48	0.0165111
6162	1502.567	51	0.0175431
6163	1502.811	61	0.0209829
6164	1503.054	40	0.0137593
6165	1503.298	33	0.0113514
6166	1503.542	57	0.019607
6167	1503.786	53	0.018231
6168	1504.030	46	0.0158232
6169	1504.274	40	0.0137593
6170	1504.518	48	0.0165111
6171	1504.762	55	0.018919
6172	1505.005	42	0.0144472
6173	1505.249	62	0.0213269
6174	1505.493	49	0.0168551
6175	1505.737	49	0.0168551
6176	1505.981	38	0.0130713
6177	1506.225	53	0.018231
6178	1506.469	51	0.0175431
6179	1506.712	42	0.0144472
6180	1506.956	58	0.0199509
6181	1507.200	45	0.0154792
6182	1507.444	46	0.0158232
6183	1507.688	36	0.0123833
6184	1507.932	52	0.0178871
6185	1508.176	48	0.0165111
6186	1508.419	40	0.0137593
6187	1508.663	46	0.0158232
6188	1508.907	51	0.0175431
6189	1509.151	43	0.0147912
6190	1509.395	52	0.0178871
6191	1509.639	39	0.0134153
6192	1509.883	46	0.0158232
6193	1510.127	42	0.0144472
6194	1510.370	45	0.0154792
6195	1510.614	55	0.018919
6196	1510.858	49	0.0168551
6197	1511.102	46	0.0158232
6198	1511.346	49	0.0168551
6199	1511.590	45	0.0154792
6200	1511.834	54	0.018575
6201	1512.077	58	0.0199509
6202	1512.321	44	0.0151352
6203	1512.565	44	0.0151352
6204	1512.809	59	0.0202949
6205	1513.053	50	0.0171991
6206	1513.297	53	0.018231
6207	1513.541	54	0.018575
6208	1513.784	61	0.0209829
6209	1514.028	54	0.018575
6210	1514.272	54	0.018575
6211	1514.516	50	0.0171991
6212	1514.760	50	0.0171991
6213	1515.004	50	0.0171991
6214	1515.248	67	0.0230468
6215	1515.492	45	0.0154792
6216	1515.735	46	0.0158232
6217	1515.979	50	0.0171991
6218	1516.223	46	0.0158232
6219	1516.467	58	0.0199509
6220	1516.711	51	0.0175431
6221	1516.955	51	0.0175431
6222	1517.199	58	0.0199509
6223	1517.442	53	0.018231
6224	1517.686	57	0.019607
6225	1517.930	43	0.0147912
6226	1518.174	62	0.0213269
6227	1518.418	45	0.0154792
6228	1518.662	56	0.019263
6229	1518.906	58	0.0199509
6230	1519.150	52	0.0178871
6231	1519.393	61	0.0209829
6232	1519.637	57	0.019607
6233	1519.881	58	0.0199509
6234	1520.125	52	0.0178871
6235	1520.369	58	0.0199509
6236	1520.613	49	0.0168551
6237	1520.857	55	0.018919
6238	1521.100	51	0.0175431
6239	1521.344	50	0.0171991
6240	1521.588	62	0.0213269
6241	1521.832	51	0.0175431
6242	1522.076	51	0.0175431
6243	1522.320	53	0.018231
6244	1522.564	45	0.0154792
6245	1522.807	56	0.019263
6246	1523.051	56	0.019263
6247	1523.295	42	0.0144472
6248	1523.539	38	0.0130713
6249	1523.783	50	0.0171991
6250	1524.027	68	0.0233908
6251	1524.271	50	0.0171991
6252	1524.515	62	0.0213269
6253	1524.758	49	0.0168551
6254	1525.002	51	0.0175431
6255	1525.246	33	0.0113514
6256	1525.490	57	0.019607
6257	1525.734	63	0.0216709
6258	1525.978	50	0.0171991
6259	1526.222	45	0.0154792
6260	1526.465	60	0.0206389
6261	1526.709	49	0.0168551
6262	1526.953	64	0.0220148
6263	1527.197	52	0.0178871
6264	1527.441	67	0.0230468
6265	1527.685	41	0.0141033
6266	1527.929	56	0.019263
6267	1528.172	52	0.0178871
6268	1528.416	64	0.0220148
6269	1528.660	60	0.0206389
6270	1528.904	56	0.019263
6271	1529.148	67	0.0230468
6272	1529.392	59	0.0202949
6273	1529.636	60	0.0206389
6274	1529.880	59	0.0202949
6275	1530.123	58	0.0199509
6276	1530.367	53	0.018231
6277	1530.611	37	0.0127273
6278	1530.855	45	0.0154792
6279	1531.099	62	0.0213269
6280	1531.343	52	0.0178871
6281	1531.587	58	0.0199509
6282	1531.830	49	0.0168551
6283	1532.074	57	0.019607
6284	1532.318	56	0.019263
6285	1532.562	46	0.0158232
6286	1532.806	47	0.0161671
6287	1533.050	49	0.0168551
6288	1533.294	58	0.0199509
6289	1533.538	59	0.0202949
6290	1533.781	55	0.018919
6291	1534.025	50	0.0171991
6292	1534.269	58	0.0199509
6293	1534.513	60	0.0206389
6294	1534.757	48	0.0165111
6295	1535.001	53	0.018231
6296	1535.245	45	0.0154792
6297	1535.488	59	0.0202949
6298	1535.732	42	0.0144472
6299	1535.976	62	0.0213269
6300	1536.220	62	0.0213269
6301	1536.464	60	0.0206389
6302	1536.708	58	0.0199509
6303	1536.952	58	0.0199509
6304	1537.195	56	0.019263
6305	1537.439	65	0.0223588
6306	1537.683	62	0.0213269
6307	1537.927	56	0.019263
6308	1538.171	55	0.018919
6309	1538.415	57	0.019607
6310	1538.659	55	0.018919
6311	1538.903	63	0.0216709
6312	1539.146	48	0.0165111
6313	1539.390	61	0.0209829
6314	1539.634	41	0.0141033
6315	1539.878	47	0.0161671
6316	1540.122	47	0.0161671
6317	1540.366	63	0.0216709
6318	1540.610	55	0.018919
6319	1540.853	61	0.0209829
6320	1541.097	55	0.018919
6321	1541.341	63	0.0216709
6322	1541.585	56	0.019263
6323	1541.829	68	0.0233908
6324	1542.073	63	0.0216709
6325	1542.317	77	0.0264866
6326	1542.560	62	0.0213269
6327	1542.804	46	0.0158232
6328	1543.048	61	0.0209829
6329	1543.292	52	0.0178871
6330	1543.536	59	0.0202949
6331	1543.780	63	0.0216709
6332	1544.024	51	0.0175431
6333	1544.268	56	0.019263
6334	1544.511	48	0.0165111
6335	1544.755	62	0.0213269
6336	1544.999	52	0.0178871
6337	1545.243	63	0.0216709
6338	1545.487	61	0.0209829
6339	1545.731	48	0.0165111
6340	1545.975	56	0.019263
6341	1546.218	52	0.0178871
6342	1546.462	62	0.0213269
6343	1546.706	52	0.0178871
6344	1546.950	50	0.0171991
6345	1547.194	71	0.0244227
6346	1547.438	66	0.0227028
6347	1547.682	57	0.019607
6348	1547.926	54	0.018575
6349	1548.169	50	0.0171991
6350	1548.413	47	0.0161671
6351	1548.657	51	0.0175431
6352	1548.901	55	0.018919
6353	1549.145	51	0.0175431
6354	1549.389	60	0.0206389
6355	1549.633	55	0.018919
6356	1549.876	63	0.0216709
6357	1550.120	54	0.018575
6358	1550.364	56	0.019263
6359	1550.608	68	0.0233908
6360	1550.852	57	0.019607
6361	1551.096	50	0.0171991
6362	1551.340	49	0.0168551
6363	1551.583	69	0.0237347
6364	1551.827	61	0.0209829
6365	1552.071	53	0.018231
6366	1552.315	48	0.0165111
6367	1552.559	67	0.0230468
6368	1552.803	52	0.0178871
6369	1553.047	69	0.0237347
6370	1553.291	58	0.0199509
6371	1553.534	67	0.0230468
6372	1553.778	74	0.0254547
6373	1554.022	70	0.0240787
6374	1554.266	58	0.0199509
6375	1554.510	64	0.0220148
6376	1554.754	70	0.0240787
6377	1554.998	61	0.0209829
6378	1555.241	60	0.0206389
6379	1555.485	60	0.0206389
6380	1555.729	55	0.018919
6381	1555.973	65	0.0223588
6382	1556.217	76	0.0261426
6383	1556.461	54	0.018575
6384	1556.705	70	0.0240787
6385	1556.949	68	0.0233908
6386	1557.192	63	0.0216709
6387	1557.436	55	0.018919
6388	1557.680	72	0.0247667
6389	1557.924	61	0.0209829
6390	1558.168	66	0.0227028
6391	1558.412	56	0.019263
6392	1558.656	62	0.0213269
6393	1558.899	63	0.0216709
6394	1559.143	53	0.018231
6395	1559.387	65	0.0223588
6396	1559.631	60	0.0206389
6397	1559.875	56	0.019263
6398	1560.119	55	0.018919
6399	1560.363	54	0.018575
6400	1560.606	59	0.0202949
6401	1560.850	54	0.018575
6402	1561.094	69	0.0237347
6403	1561.338	63	0.0216709
6404	1561.582	65	0.0223588
6405	1561.826	64	0.0220148
6406	1562.070	58	0.0199509
6407	1562.314	58	0.0199509
6408	1562.557	61	0.0209829
6409	1562.801	50	0.0171991
6410	1563.045	73	0.0251107
6411	1563.289	74	0.0254547
6412	1563.533	61	0.0209829
6413	1563.777	50	0.0171991
6414	1564.021	58	0.0199509
6415	1564.264	60	0.0206389
6416	1564.508	64	0.0220148
6417	1564.752	57	0.019607
6418	1564.996	77	0.0264866
6419	1565.240	66	0.0227028
6420	1565.484	69	0.0237347
6421	1565.728	60	0.0206389
6422	1565.971	60	0.0206389
6423	1566.215	60	0.0206389
6424	1566.459	73	0.0251107
6425	1566.703	80	0.0275185
6426	1566.947	77	0.0264866
6427	1567.191	81	0.0278625
6428	1567.435	51	0.0175431
6429	1567.679	60	0.0206389
6430	1567.922	67	0.0230468
6431	1568.166	52	0.0178871
6432	1568.410	57	0.019607
6433	1568.654	65	0.0223588
6434	1568.898	62	0.0213269
6435	1569.142	67	0.0230468
6436	1569.386	69	0.0237347
6437	1569.629	52	0.0178871
6438	1569.873	70	0.0240787
6439	1570.117	69	0.0237347
6440	1570.361	65	0.0223588
6441	1570.605	75	0.0257986
6442	1570.849	67	0.0230468
6443	1571.093	71	0.0244227
6444	1571.337	57	0.019607
6445	1571.580	71	0.0244227
6446	1571.824	63	0.0216709
6447	1572.068	75	0.0257986
6448	1572.312	54	0.018575
6449	1572.556	78	0.0268306
6450	1572.800	70	0.0240787
6451	1573.044	61	0.0209829
6452	1573.287	65	0.0223588
6453	1573.531	60	0.0206389
6454	1573.775	60	0.0206389
6455	1574.019	68	0.0233908
6456	1574.263	60	0.0206389
6457	1574.507	60	0.0206389
6458	1574.751	65	0.0223588
6459	1574.994	73	0.0251107
6460	1575.238	68	0.0233908
6461	1575.482	76	0.0261426
6462	1575.726	74	0.0254547
6463	1575.970	56	0.019263
6464	1576.214	57	0.019607
6465	1576.458	62	0.0213269
6466	1576.702	47	0.0161671
6467	1576.945	70	0.0240787
6468	1577.189	66	0.0227028
6469	1577.433	56	0.019263
6470	1577.677	60	0.0206389
6471	1577.921	78	0.0268306
6472	1578.165	65	0.0223588
6473	1578.409	77	0.0264866
6474	1578.652	71	0.0244227
6475	1578.896	64	0.0220148
6476	1579.140	57	0.019607
6477	1579.384	69	0.0237347
6478	1579.628	57	0.019607
6479	1579.872	66	0.0227028
6480	1580.116	60	0.0206389
6481	1580.359	65	0.0223588
6482	1580.603	78	0.0268306
6483	1580.847	67	0.0230468
6484	1581.091	53	0.018231
6485	1581.335	75	0.0257986
6486	1581.579	67	0.0230468
6487	1581.823	54	0.018575
6488	1582.067	74	0.0254547
6489	1582.310	65	0.0223588
6490	1582.554	80	0.0275185
6491	1582.798	63	0.0216709
6492	1583.042	63	0.0216709
6493	1583.286	74	0.0254547
6494	1583.530	62	0.0213269
6495	1583.774	71	0.0244227
6496	1584.017	78	0.0268306
6497	1584.261	76	0.0261426
6498	1584.505	69	0.0237347
6499	1584.749	61	0.0209829
6500	1584.993	59	0.0202949
6501	1585.237	77	0.0264866
6502	1585.481	73	0.0251107
6503	1585.725	69	0.0237347
6504	1585.968	74	0.0254547
6505	1586.212	76	0.0261426
6506	1586.456	74	0.0254547
6507	1586.700	86	0.0295824
6508	1586.944	64	0.0220148
6509	1587.188	74	0.0254547
6510	1587.432	83	0.0285505
6511	1587.675	76	0.0261426
6512	1587.919	65	0.0223588
6513	1588.163	86	0.0295824
6514	1588.407	72	0.0247667
6515	1588.651	67	0.0230468
6516	1588.895	74	0.0254547
6517	1589.139	77	0.0264866
6518	1589.382	80	0.0275185
6519	1589.626	73	0.0251107
6520	1589.870	69	0.0237347
6521	1590.114	53	0.018231
6522	1590.358	62	0.0213269
6523	1590.602	67	0.0230468
6524	1590.846	64	0.0220148
6525	1591.090	89	0.0306144
6526	1591.333	73	0.0251107
6527	1591.577	83	0.0285505
6528	1591.821	70	0.0240787
6529	1592.065	89	0.0306144
6530	1592.309	77	0.0264866
6531	1592.553	57	0.019607
6532	1592.797	65	0.0223588
6533	1593.040	62	0.0213269
6534	1593.284	74	0.0254547
6535	1593.528	69	0.0237347
6536	1593.772	68	0.0233908
6537	1594.016	83	0.0285505
6538	1594.260	67	0.0230468
6539	1594.504	77	0.0264866
6540	1594.748	70	0.0240787
6541	1594.991	75	0.0257986
6542	1595.235	75	0.0257986
6543	1595.479	53	0.018231
6544	1595.723	67	0.0230468
6545	1595.967	83	0.0285505
6546	1596.211	68	0.0233908
6547	1596.455	64	0.0220148
6548	1596.698	74	0.0254547
6549	1596.942	88	0.0302704
6550	1597.186	77	0.0264866
6551	1597.430	81	0.0278625
6552	1597.674	73	0.0251107
6553	1597.918	77	0.0264866
6554	1598.162	79	0.0271746
6555	1598.405	63	0.0216709
6556	1598.649	77	0.0264866
6557	1598.893	82	0.0282065
6558	1599.137	72	0.0247667
6559	1599.381	74	0.0254547
6560	1599.625	88	0.0302704
6561	1599.869	66	0.0227028
6562	1600.113	64	0.0220148
6563	1600.356	74	0.0254547
6564	1600.600	73	0.0251107
6565	1600.844	60	0.0206389
6566	1601.088	65	0.0223588
6567	1601.332	72	0.0247667
6568	1601.576	53	0.018231
6569	1601.820	67	0.0230468
6570	1602.063	77	0.0264866
6571	1602.307	66	0.0227028
6572	1602.551	72	0.0247667
6573	1602.795	78	0.0268306
6574	1603.039	65	0.0223588
6575	1603.283	58	0.0199509
6576	1603.527	61	0.0209829
6577	1603.770	93	0.0319903
6578	1604.014	76	0.0261426
6579	1604.258	72	0.0247667
6580	1604.502	68	0.0233908
6581	1604.746	70	0.0240787
6582	1604.990	69	0.0237347
6583	1605.234	64	0.0220148
6584	1605.478	69	0.0237347
6585	1605.721	85	0.0292385
6586	1605.965	68	0.0233908
6587	1606.209	77	0.0264866
6588	1606.453	69	0.0237347
6589	1606.697	71	0.0244227
6590	1606.941	67	0.0230468
6591	1607.185	66	0.0227028
6592	1607.428	67	0.0230468
6593	1607.672	80	0.0275185
6594	1607.916	65	0.0223588
6595	1608.160	50	0.0171991
6596	1608.404	64	0.0220148
6597	1608.648	67	0.0230468
6598	1608.892	66	0.0227028
6599	1609.136	75	0.0257986
6600	1609.379	57	0.019607
6601	1609.623	59	0.0202949
6602	1609.867	82	0.0282065
6603	1610.111	56	0.019263
6604	1610.355	67	0.0230468
6605	1610.599	69	0.0237347
6606	1610.843	63	0.0216709
6607	1611.086	71	0.0244227
6608	1611.330	55	0.018919
6609	1611.574	62	0.0213269
6610	1611.818	66	0.0227028
6611	1612.062	76	0.0261426
6612	1612.306	69	0.0237347
6613	1612.550	76	0.0261426
6614	1612.793	55	0.018919
6615	1613.037	56	0.019263
6616	1613.281	54	0.018575
6617	1613.525	68	0.0233908
6618	1613.769	57	0.019607
6619	1614.013	66	0.0227028
6620	1614.257	51	0.0175431
6621	1614.501	55	0.018919
6622	1614.744	53	0.018231
6623	1614.988	44	0.0151352
6624	1615.232	58	0.0199509
6625	1615.476	52	0.0178871
6626	1615.720	50	0.0171991
6627	1615.964	52	0.0178871
6628	1616.208	55	0.018919
6629	1616.451	48	0.0165111
6630	1616.695	36	0.0123833
6631	1616.939	50	0.0171991
6632	1617.183	44	0.0151352
6633	1617.427	39	0.0134153
6634	1617.671	40	0.0137593
6635	1617.915	55	0.018919
6636	1618.158	39	0.0134153
6637	1618.402	57	0.019607
6638	1618.646	53	0.018231
6639	1618.890	42	0.0144472
6640	1619.134	42	0.0144472
6641	1619.378	51	0.0175431
6642	1619.622	41	0.0141033
6643	1619.866	38	0.0130713
6644	1620.109	42	0.0144472
6645	1620.353	44	0.0151352
6646	1620.597	58	0.0199509
6647	1620.841	45	0.0154792
6648	1621.085	46	0.0158232
6649	1621.329	45	0.0154792
6650	1621.573	50	0.0171991
6651	1621.816	40	0.0137593
6652	1622.060	37	0.0127273
6653	1622.304	36	0.0123833
6654	1622.548	39	0.0134153
6655	1622.792	43	0.0147912
6656	1623.036	45	0.0154792
6657	1623.280	43	0.0147912
6658	1623.524	44	0.0151352
6659	1623.767	51	0.0175431
6660	1624.011	47	0.0161671
6661	1624.255	41	0.0141033
6662	1624.499	36	0.0123833
6663	1624.743	36	0.0123833
6664	1624.987	37	0.0127273
6665	1625.231	50	0.0171991
6666	1625.474	51	0.0175431
6667	1625.718	54	0.018575
6668	1625.962	41	0.0141033
6669	1626.206	45	0.0154792
6670	1626.450	48	0.0165111
6671	1626.694	41	0.0141033
6672	1626.938	56	0.019263
6673	1627.181	42	0.0144472
6674	1627.425	37	0.0127273
6675	1627.669	40	0.0137593
6676	1627.913	46	0.0158232
6677	1628.157	44	0.0151352
6678	1628.401	43	0.0147912
6679	1628.645	40	0.0137593
6680	1628.889	42	0.0144472
6681	1629.132	46	0.0158232
6682	1629.376	47	0.0161671
6683	1629.620	40	0.0137593
6684	1629.864	56	0.019263
6685	1630.108	40	0.0137593
6686	1630.352	33	0.0113514
6687	1630.596	37	0.0127273
6688	1630.839	35	0.0120394
6689	1631.083	34	0.0116954
6690	1631.327	39	0.0134153
6691	1631.571	41	0.0141033
6692	1631.815	49	0.0168551
6693	1632.059	42	0.0144472
6694	1632.303	33	0.0113514
6695	1632.546	35	0.0120394
6696	1632.790	47	0.0161671
6697	1633.034	37	0.0127273
6698	1633.278	40	0.0137593
6699	1633.522	47	0.0161671
6700	1633.766	40	0.0137593
6701	1634.010	32	0.0110074
6702	1634.254	40	0.0137593
6703	1634.497	35	0.0120394
6704	1634.741	37	0.0127273
6705	1634.985	49	0.0168551
6706	1635.229	37	0.0127273
6707	1635.473	36	0.0123833
6708	1635.717	40	0.0137593
6709	1635.961	36	0.0123833
6710	1636.204	38	0.0130713
6711	1636.448	29	0.00997547
6712	1636.692	34	0.0116954
6713	1636.936	40	0.0137593
6714	1637.180	32	0.0110074
6715	1637.424	38	0.0130713
6716	1637.668	33	0.0113514
6717	1637.912	32	0.0110074
6718	1638.155	37	0.0127273
6719	1638.399	48	0.0165111
6720	1638.643	36	0.0123833
6721	1638.887	40	0.0137593
6722	1639.131	34	0.0116954
6723	1639.375	50	0.0171991
6724	1639.619	28	0.00963149
6725	1639.862	37	0.0127273
6726	1640.106	42	0.0144472
6727	1640.350	37	0.0127273
6728	1640.594	31	0.0106634
6729	1640.838	37	0.0127273
6730	1641.082	50	0.0171991
6731	1641.326	29	0.00997547
6732	1641.569	33	0.0113514
6733	1641.813	35	0.0120394
6734	1642.057	41	0.0141033
6735	1642.301	36	0.0123833
6736	1642.545	42	0.0144472
6737	1642.789	41	0.0141033
6738	1643.033	43	0.0147912
6739	1643.277	37	0.0127273
6740	1643.520	41	0.0141033
6741	1643.764	37	0.0127273
6742	1644.008	39	0.0134153
6743	1644.252	47	0.0161671
6744	1644.496	28	0.00963149
6745	1644.740	49	0.0168551
6746	1644.984	34	0.0116954
6747	1645.227	32	0.0110074
6748	1645.471	34	0.0116954
6749	1645.715	38	0.0130713
6750	1645.959	31	0.0106634
6751	1646.203	31	0.0106634
6752	1646.447	43	0.0147912
6753	1646.691	42	0.0144472
6754	1646.935	38	0.0130713
6755	1647.178	37	0.0127273
6756	1647.422	27	0.00928751
6757	1647.666	41	0.0141033
6758	1647.910	27	0.00928751
6759	1648.154	40	0.0137593
6760	1648.398	44	0.0151352
6761	1648.642	40	0.0137593
6762	1648.885	34	0.0116954
6763	1649.129	37	0.0127273
6764	1649.373	39	0.0134153
6765	1649.617	35	0.0120394
6766	1649.861	27	0.00928751
6767	1650.105	41	0.0141033
6768	1650.349	36	0.0123833
6769	1650.592	34	0.0116954
6770	1650.836	34	0.0116954
6771	1651.080	37	0.0127273
6772	1651.324	40	0.0137593
6773	1651.568	40	0.0137593
6774	1651.812	42	0.0144472
6775	1652.056	42	0.0144472
6776	1652.300	37	0.0127273
6777	1652.543	43	0.0147912
6778	1652.787	45	0.0154792
6779	1653.031	33	0.0113514
6780	1653.275	36	0.0123833
6781	1653.519	39	0.0134153
6782	1653.763	33	0.0113514
6783	1654.007	38	0.0130713
6784	1654.250	41	0.0141033
6785	1654.494	25	0.00859955
6786	1654.738	26	0.00894353
6787	1654.982	48	0.0165111
6788	1655.226	27	0.00928751
6789	1655.470	35	0.0120394
6790	1655.714	25	0.00859955
6791	1655.957	31	0.0106634
6792	1656.201	46	0.0158232
6793	1656.445	34	0.0116954
6794	1656.689	32	0.0110074
6795	1656.933	34	0.0116954
6796	1657.177	27	0.00928751
6797	1657.421	39	0.0134153
6798	1657.665	34	0.0116954
6799	1657.908	32	0.0110074
6800	1658.152	27	0.00928751
6801	1658.396	39	0.0134153
6802	1658.640	27	0.00928751
6803	1658.884	35	0.0120394
6804	1659.128	36	0.0123833
6805	1659.372	35	0.0120394
6806	1659.615	33	0.0113514
6807	1659.859	37	0.0127273
6808	1660.103	35	0.0120394
6809	1660.347	39	0.0134153
6810	1660.591	36	0.0123833
6811	1660.835	38	0.0130713
6812	1661.079	36	0.0123833
6813	1661.323	28	0.00963149
6814	1661.566	27	0.00928751
6815	1661.810	31	0.0106634
6816	1662.054	34	0.0116954
6817	1662.298	32	0.0110074
6818	1662.542	35	0.0120394
6819	1662.786	29	0.00997547
6820	1663.030	27	0.00928751
6821	1663.273	37	0.0127273
6822	1663.517	28	0.00963149
6823	1663.761	34	0.0116954
6824	1664.005	33	0.0113514
6825	1664.249	22	0.0075676
6826	1664.493	28	0.00963149
6827	1664.737	30	0.0103195
6828	1664.980	40	0.0137593
6829	1665.224	33	0.0113514
6830	1665.468	30	0.0103195
6831	1665.712	29	0.00997547
6832	1665.956	45	0.0154792
6833	1666.200	29	0.00997547
6834	1666.444	28	0.00963149
6835	1666.688	29	0.00997547
6836	1666.931	30	0.0103195
6837	1667.175	27	0.00928751
6838	1667.419	33	0.0113514
6839	1667.663	30	0.0103195
6840	1667.907	37	0.0127273
6841	1668.151	36	0.0123833
6842	1668.395	29	0.00997547
6843	1668.638	37	0.0127273
6844	1668.882	28	0.00963149
6845	1669.126	34	0.0116954
6846	1669.370	27	0.00928751
6847	1669.614	23	0.00791158
6848	1669.858	36	0.0123833
6849	1670.102	35	0.0120394
6850	1670.345	33	0.0113514
6851	1670.589	30	0.0103195
6852	1670.833	27	0.00928751
6853	1671.077	25	0.00859955
6854	1671.321	26	0.00894353
6855	1671.565	40	0.0137593
6856	1671.809	33	0.0113514
6857	1672.053	39	0.0134153
6858	1672.296	23	0.00791158
6859	1672.540	23	0.00791158
6860	1672.784	20	0.00687964
6861	1673.028	28	0.00963149
6862	1673.272	22	0.0075676
6863	1673.516	35	0.0120394
6864	1673.760	29	0.00997547
6865	1674.003	33	0.0113514
6866	1674.247	39	0.0134153
6867	1674.491	36	0.0123833
6868	1674.735	33	0.0113514
6869	1674.979	30	0.0103195
6870	1675.223	31	0.0106634
6871	1675.467	26	0.00894353
6872	1675.711	33	0.0113514
6873	1675.954	22	0.0075676
6874	1676.198	24	0.00825556
6875	1676.442	29	0.00997547
6876	1676.686	32	0.0110074
6877	1676.930	26	0.00894353
6878	1677.174	32	0.0110074
6879	1677.418	20	0.00687964
6880	1677.661	23	0.00791158
6881	1677.905	27	0.00928751
6882	1678.149	24	0.00825556
6883	1678.393	36	0.0123833
6884	1678.637	31	0.0106634
6885	1678.881	36	0.0123833
6886	1679.125	22	0.0075676
6887	1679.368	28	0.00963149
6888	1679.612	21	0.00722362
6889	1679.856	32	0.0110074
6890	1680.100	24	0.00825556
6891	1680.344	23	0.00791158
6892	1680.588	22	0.0075676
6893	1680.832	30	0.0103195
6894	1681.076	26	0.00894353
6895	1681.319	27	0.00928751
6896	1681.563	25	0.00859955
6897	1681.807	28	0.00963149
6898	1682.051	26	0.00894353
6899	1682.295	22	0.0075676
6900	1682.539	29	0.00997547
6901	1682.783	30	0.0103195
6902	1683.026	23	0.00791158
6903	1683.270	30	0.0103195
6904	1683.514	23	0.00791158
6905	1683.758	22	0.0075676
6906	1684.002	20	0.00687964
6907	1684.246	31	0.0106634
6908	1684.490	30	0.0103195
6909	1684.733	30	0.0103195
6910	1684.977	22	0.0075676
6911	1685.221	20	0.00687964
6912	1685.465	32	0.0110074
6913	1685.709	24	0.00825556
6914	1685.953	29	0.00997547
6915	1686.197	26	0.00894353
6916	1686.441	30	0.0103195
6917	1686.684	20	0.00687964
6918	1686.928	26	0.00894353
6919	1687.172	29	0.00997547
6920	1687.416	21	0.00722362
6921	1687.660	25	0.00859955
6922	1687.904	27	0.00928751
6923	1688.148	20	0.00687964
6924	1688.391	24	0.00825556
6925	1688.635	26	0.00894353
6926	1688.879	18	0.00619167
6927	1689.123	20	0.00687964
6928	1689.367	21	0.00722362
6929	1689.611	27	0.00928751
6930	1689.855	20	0.00687964
6931	1690.099	22	0.0075676
6932	1690.342	24	0.00825556
6933	1690.586	24	0.00825556
6934	1690.830	16	0.00550371
6935	1691.074	20	0.00687964
6936	1691.318	19	0.00653566
6937	1691.562	17	0.00584769
6938	1691.806	24	0.00825556
6939	1692.049	29	0.00997547
6940	1692.293	33	0.0113514
6941	1692.537	25	0.00859955
6942	1692.781	17	0.00584769
6943	1693.025	16	0.00550371
6944	1693.269	27	0.00928751
6945	1693.513	18	0.00619167
6946	1693.756	26	0.00894353
6947	1694.000	20	0.00687964
6948	1694.244	18	0.00619167
6949	1694.488	27	0.00928751
6950	1694.732	18	0.00619167
6951	1694.976	23	0.00791158
6952	1695.220	23	0.00791158
6953	1695.464	26	0.00894353
6954	1695.707	32	0.0110074
6955	1695.951	15	0.00515973
6956	1696.195	22	0.0075676
6957	1696.439	30	0.0103195
6958	1696.683	22	0.0075676
6959	1696.927	26	0.00894353
6960	1697.171	23	0.00791158
6961	1697.414	20	0.00687964
6962	1697.658	27	0.00928751
6963	1697.902	26	0.00894353
6964	1698.146	21	0.00722362
6965	1698.390	17	0.00584769
6966	1698.634	19	0.00653566
6967	1698.878	21	0.00722362
6968	1699.122	14	0.00481575
6969	1699.365	21	0.00722362
6970	1699.609	29	0.00997547
6971	1699.853	17	0.00584769
6972	1700.097	18	0.00619167
6973	1700.341	22	0.0075676
6974	1700.585	25	0.00859955
6975	1700.829	16	0.00550371
6976	1701.072	23	0.00791158
6977	1701.316	17	0.00584769
6978	1701.560	15	0.00515973
6979	1701.804	19	0.00653566
6980	1702.048	12	0.00412778
6981	1702.292	15	0.00515973
6982	1702.536	18	0.00619167
6983	1702.779	21	0.00722362
6984	1703.023	23	0.00791158
6985	1703.267	11	0.0037838
6986	1703.511	12	0.00412778
6987	1703.755	25	0.00859955
6988	1703.999	15	0.00515973
6989	1704.243	25	0.00859955
6990	1704.487	16	0.00550371
6991	1704.730	27	0.00928751
6992	1704.974	23	0.00791158
6993	1705.218	8	0.00275185
6994	1705.462	23	0.00791158
6995	1705.706	21	0.00722362
6996	1705.950	13	0.00447176
6997	1706.194	21	0.00722362
6998	1706.437	17	0.00584769
6999	1706.681	18	0.00619167
7000	1706.925	16	0.00550371
7001	1707.169	26	0.00894353
7002	1707.413	14	0.00481575
7003	1707.657	16	0.00550371
7004	1707.901	9	0.00309584
7005	1708.144	15	0.00515973
7006	1708.388	26	0.00894353
7007	1708.632	7	0.00240787
7008	1708.876	9	0.00309584
7009	1709.120	20	0.00687964
7010	1709.364	16	0.00550371
7011	1709.608	17	0.00584769
7012	1709.852	13	0.00447176
7013	1710.095	21	0.00722362
7014	1710.339	21	0.00722362
7015	1710.583	15	0.00515973
7016	1710.827	14	0.00481575
7017	1711.071	10	0.00343982
7018	1711.315	8	0.00275185
7019	1711.559	15	0.00515973
7020	1711.802	13	0.00447176
7021	1712.046	21	0.00722362
7022	1712.290	17	0.00584769
7023	1712.534	13	0.00447176
7024	1712.778	16	0.00550371
7025	1713.022	20	0.00687964
7026	1713.266	18	0.00619167
7027	1713.510	14	0.00481575
7028	1713.753	13	0.00447176
7029	1713.997	12	0.00412778
7030	1714.241	13	0.00447176
7031	1714.485	18	0.00619167
7032	1714.729	15	0.00515973
7033	1714.973	13	0.00447176
7034	1715.217	21	0.00722362
7035	1715.460	14	0.00481575
7036	1715.704	18	0.00619167
7037	1715.948	19	0.00653566
7038	1716.192	15	0.00515973
7039	1716.436	10	0.00343982
7040	1716.680	18	0.00619167
7041	1716.924	18	0.00619167
7042	1717.167	6	0.00206389
7043	1717.411	12	0.00412778
7044	1717.655	13	0.00447176
7045	1717.899	13	0.00447176
7046	1718.143	11	0.0037838
7047	1718.387	13	0.00447176
7048	1718.631	14	0.00481575
7049	1718.875	11	0.0037838
7050	1719.118	15	0.00515973
7051	1719.362	15	0.00515973
7052	1719.606	20	0.00687964
7053	1719.850	19	0.00653566
7054	1720.094	17	0.00584769
7055	1720.338	11	0.0037838
7056	1720.582	13	0.00447176
7057	1720.825	11	0.0037838
7058	1721.069	12	0.00412778
7059	1721.313	6	0.00206389
7060	1721.557	4	0.00137593
7061	1721.801	10	0.00343982
7062	1722.045	8	0.00275185
7063	1722.289	17	0.00584769
7064	1722.532	8	0.00275185
7065	1722.776	10	0.00343982
7066	1723.020	14	0.00481575
7067	1723.264	13	0.00447176
7068	1723.508	13	0.00447176
7069	1723.752	11	0.0037838
7070	1723.996	16	0.00550371
7071	1724.240	9	0.00309584
7072	1724.483	17	0.00584769
7073	1724.727	14	0.00481575
7074	1724.971	15	0.00515973
7075	1725.215	9	0.00309584
7076	1725.459	18	0.00619167
7077	1725.703	7	0.00240787
7078	1725.947	8	0.00275185
7079	1726.190	14	0.00481575
7080	1726.434	10	0.00343982
7081	1726.678	7	0.00240787
7082	1726.922	18	0.00619167
7083	1727.166	10	0.00343982
7084	1727.410	8	0.00275185
7085	1727.654	11	0.0037838
7086	1727.898	13	0.00447176
7087	1728.141	15	0.00515973
7088	1728.385	14	0.00481575
7089	1728.629	11	0.0037838
7090	1728.873	13	0.00447176
7091	1729.117	14	0.00481575
7092	1729.361	14	0.00481575
7093	1729.605	15	0.00515973
7094	1729.848	13	0.00447176
7095	1730.092	8	0.00275185
7096	1730.336	6	0.00206389
7097	1730.580	14	0.00481575
7098	1730.824	9	0.00309584
7099	1731.068	14	0.00481575
7100	1731.312	9	0.00309584
7101	1731.555	13	0.00447176
7102	1731.799	7	0.00240787
7103	1732.043	4	0.00137593
7104	1732.287	6	0.00206389
7105	1732.531	8	0.00275185
7106	1732.775	6	0.00206389
7107	1733.019	12	0.00412778
7108	1733.263	7	0.00240787
7109	1733.506	11	0.0037838
7110	1733.750	8	0.00275185
7111	1733.994	9	0.00309584
7112	1734.238	9	0.00309584
7113	1734.482	8	0.00275185
7114	1734.726	4	0.00137593
7115	1734.970	9	0.00309584
7116	1735.213	9	0.00309584
7117	1735.457	7	0.00240787
7118	1735.701	9	0.00309584
7119	1735.945	7	0.00240787
7120	1736.189	7	0.00240787
7121	1736.433	5	0.00171991
7122	1736.677	11	0.0037838
7123	1736.920	7	0.00240787
7124	1737.164	4	0.00137593
7125	1737.408	4	0.00137593
7126	1737.652	7	0.00240787
7127	1737.896	9	0.00309584
7128	1738.140	7	0.00240787
7129	1738.384	6	0.00206389
7130	1738.628	8	0.00275185
7131	1738.871	7	0.00240787
7132	1739.115	7	0.00240787
7133	1739.359	8	0.00275185
7134	1739.603	9	0.00309584
7135	1739.847	11	0.0037838
7136	1740.091	7	0.00240787
7137	1740.335	10	0.00343982
7138	1740.578	5	0.00171991
7139	1740.822	11	0.0037838
7140	1741.066	10	0.00343982
7141	1741.310	7	0.00240787
7142	1741.554	6	0.00206389
7143	1741.798	11	0.0037838
7144	1742.042	7	0.00240787
7145	1742.286	7	0.00240787
7146	1742.529	4	0.00137593
7147	1742.773	3	0.00103195
7148	1743.017	6	0.00206389
7149	1743.261	6	0.00206389
7150	1743.505	4	0.00137593
7151	1743.749	6	0.00206389
7152	1743.993	6	0.00206389
7153	1744.236	6	0.00206389
7154	1744.480	5	0.00171991
7155	1744.724	4	0.00137593
7156	1744.968	13	0.00447176
7157	1745.212	6	0.00206389
7158	1745.456	9	0.00309584
7159	1745.700	6	0.00206389
7160	1745.943	4	0.00137593
7161	1746.187	7	0.00240787
7162	1746.431	7	0.00240787
7163	1746.675	5	0.00171991
7164	1746.919	5	0.00171991
7165	1747.163	9	0.00309584
7166	1747.407	9	0.00309584
7167	1747.651	6	0.00206389
7168	1747.894	5	0.00171991
7169	1748.138	11	0.0037838
7170	1748.382	4	0.00137593
7171	1748.626	11	0.0037838
7172	1748.870	8	0.00275185
7173	1749.114	3	0.00103195
7174	1749.358	8	0.00275185
7175	1749.601	5	0.00171991
7176	1749.845	2	0.000687964
7177	1750.089	1	0.000343982
7178	1750.333	2	0.000687964
7179	1750.577	4	0.00137593
7180	1750.821	8	0.00275185
7181	1751.065	6	0.00206389
7182	1751.309	2	0.000687964
7183	1751.552	6	0.00206389
7184	1751.796	8	0.00275185
7185	1752.040	4	0.00137593
7186	1752.284	5	0.00171991
7187	1752.528	5	0.00171991
7188	1752.772	5	0.00171991
7189	1753.016	3	0.00103195
7190	1753.259	7	0.00240787
7191	1753.503	5	0.00171991
7192	1753.747	3	0.00103195
7193	1753.991	5	0.00171991
7194	1754.235	1	0.000343982
7195	1754.479	10	0.00343982
7196	1754.723	5	0.00171991
7197	1754.966	2	0.000687964
7198	1755.210	3	0.00103195
7199	1755.454	2	0.000687964
7200	1755.698	5	0.00171991
7201	1755.942	3	0.00103195
7202	1756.186	4	0.00137593
7203	1756.430	3	0.00103195
7204	1756.674	6	0.00206389
7205	1756.917	5	0.00171991
7206	1757.161	4	0.00137593
7207	1757.405	7	0.00240787
7208	1757.649	7	0.00240787
7209	1757.893	3	0.00103195
7210	1758.137	4	0.00137593
7211	1758.381	2	0.000687964
7212	1758.624	3	0.00103195
7213	1758.868	2	0.000687964
7214	1759.112	4	0.00137593
7215	1759.356	5	0.00171991
7216	1759.600	5	0.00171991
7217	1759.844	2	0.000687964
7218	1760.088	4	0.00137593
7219	1760.331	4	0.00137593
7220	1760.575	4	0.00137593
7221	1760.819	6	0.00206389
7222	1761.063	4	0.00137593
7223	1761.307	3	0.00103195
7224	1761.551	3	0.00103195
7225	1761.795	11	0.0037838
7226	1762.039	2	0.000687964
7227	1762.282	8	0.00275185
7228	1762.526	3	0.00103195
7229	1762.770	3	0.00103195
7230	1763.014	3	0.00103195
7231	1763.258	4	0.00137593
7232	1763.502	4	0.00137593
7233	1763.746	6	0.00206389
7234	1763.989	8	0.00275185
7235	1764.233	4	0.00137593
7236	1764.477	1	0.000343982
7237	1764.721	7	0.00240787
7238	1764.965	2	0.000687964
7239	1765.209	6	0.00206389
7240	1765.453	0	0
7241	1765.697	2	0.000687964
7242	1765.940	8	0.00275185
7243	1766.184	7	0.00240787
7244	1766.428	8	0.00275185
7245	1766.672	4	0.00137593
7246	1766.916	4	0.00137593
7247	1767.160	5	0.00171991
7248	1767.404	6	0.00206389
7249	1767.647	4	0.00137593
7250	1767.891	7	0.00240787
7251	1768.135	8	0.00275185
7252	1768.379	4	0.00137593
7253	1768.623	5	0.00171991
7254	1768.867	1	0.000343982
7255	1769.111	2	0.000687964
7256	1769.354	3	0.00103195
7257	1769.598	6	0.00206389
7258	1769.842	4	0.00137593
7259	1770.086	4	0.00137593
7260	1770.330	8	0.00275185
7261	1770.574	3	0.00103195
7262	1770.818	2	0.000687964
7263	1771.062	5	0.00171991
7264	1771.305	2	0.000687964
7265	1771.549	4	0.00137593
7266	1771.793	2	0.000687964
7267	1772.037	1	0.000343982
7268	1772.281	3	0.00103195
7269	1772.525	3	0.00103195
7270	1772.769	4	0.00137593
7271	1773.012	3	0.00103195
7272	1773.256	1	0.000343982
7273	1773.500	3	0.00103195
7274	1773.744	4	0.00137593
7275	1773.988	6	0.00206389
7276	1774.232	7	0.00240787
7277	1774.476	3	0.00103195
7278	1774.719	9	0.00309584
7279	1774.963	4	0.00137593
7280	1775.207	3	0.00103195
7281	1775.451	7	0.00240787
7282	1775.695	7	0.00240787
7283	1775.939	10	0.00343982
7284	1776.183	3	0.00103195
7285	1776.427	4	0.00137593
7286	1776.670	6	0.00206389
7287	1776.914	5	0.00171991
7288	1777.158	5	0.00171991
7289	1777.402	7	0.00240787
7290	1777.646	5	0.00171991
7291	1777.890	5	0.00171991
7292	1778.134	1	0.000343982
7293	1778.377	1	0.000343982
7294	1778.621	5	0.00171991
7295	1778.865	4	0.00137593
7296	1779.109	2	0.000687964
7297	1779.353	5	0.00171991
7298	1779.597	5	0.00171991
7299	1779.841	4	0.00137593
7300	1780.085	5	0.00171991
7301	1780.328	7	0.00240787
7302	1780.572	2	0.000687964
7303	1780.816	4	0.00137593
7304	1781.060	3	0.00103195
7305	1781.304	3	0.00103195
7306	1781.548	9	0.00309584
7307	1781.792	5	0.00171991
7308	1782.035	3	0.00103195
7309	1782.279	3	0.00103195
7310	1782.523	7	0.00240787
7311	1782.767	4	0.00137593
7312	1783.011	5	0.00171991
7313	1783.255	8	0.00275185
7314	1783.499	8	0.00275185
7315	1783.742	4	0.00137593
7316	1783.986	6	0.00206389
7317	1784.230	3	0.00103195
7318	1784.474	3	0.00103195
7319	1784.718	2	0.000687964
7320	1784.962	6	0.00206389
7321	1785.206	2	0.000687964
7322	1785.450	2	0.000687964
7323	1785.693	5	0.00171991
7324	1785.937	5	0.00171991
7325	1786.181	2	0.000687964
7326	1786.425	6	0.00206389
7327	1786.669	2	0.000687964
7328	1786.913	9	0.00309584
7329	1787.157	10	0.00343982
7330	1787.400	6	0.00206389
7331	1787.644	5	0.00171991
7332	1787.888	3	0.00103195
7333	1788.132	6	0.00206389
7334	1788.376	4	0.00137593
7335	1788.620	6	0.00206389
7336	1788.864	6	0.00206389
7337	1789.108	3	0.00103195
7338	1789.351	1	0.000343982
7339	1789.595	4	0.00137593
7340	1789.839	1	0.000343982
7341	1790.083	9	0.00309584
7342	1790.327	7	0.00240787
7343	1790.571	4	0.00137593
7344	1790.815	2	0.000687964
7345	1791.058	3	0.00103195
7346	1791.302	8	0.00275185
7347	1791.546	4	0.00137593
7348	1791.790	4	0.00137593
7349	1792.034	5	0.00171991
7350	1792.278	6	0.00206389
7351	1792.522	3	0.00103195
7352	1792.765	6	0.00206389
7353	1793.009	7	0.00240787
7354	1793.253	6	0.00206389
7355	1793.497	4	0.00137593
7356	1793.741	6	0.00206389
7357	1793.985	5	0.00171991
7358	1794.229	6	0.00206389
7359	1794.473	0	0
7360	1794.716	8	0.00275185
7361	1794.960	5	0.00171991
7362	1795.204	3	0.00103195
7363	1795.448	6	0.00206389
7364	1795.692	3	0.00103195
7365	1795.936	7	0.00240787
7366	1796.180	7	0.00240787
7367	1796.423	6	0.00206389
7368	1796.667	3	0.00103195
7369	1796.911	3	0.00103195
7370	1797.155	6	0.00206389
7371	1797.399	2	0.000687964
7372	1797.643	3	0.00103195
7373	1797.887	4	0.00137593
7374	1798.130	8	0.00275185
7375	1798.374	5	0.00171991
7376	1798.618	2	0.000687964
7377	1798.862	4	0.00137593
7378	1799.106	6	0.00206389
7379	1799.350	3	0.00103195
7380	1799.594	2	0.000687964
7381	1799.838	2	0.000687964
7382	1800.081	4	0.00137593
7383	1800.325	5	0.00171991
7384	1800.569	2	0.000687964
7385	1800.813	2	0.000687964
7386	1801.057	2	0.000687964
7387	1801.301	7	0.00240787
7388	1801.545	3	0.00103195
7389	1801.788	4	0.00137593
7390	1802.032	3	0.00103195
7391	1802.276	5	0.00171991
7392	1802.520	3	0.00103195
7393	1802.764	6	0.00206389
7394	1803.008	2	0.000687964
7395	1803.252	2	0.000687964
7396	1803.496	2	0.000687964
7397	1803.739	4	0.00137593
7398	1803.983	8	0.00275185
7399	1804.227	3	0.00103195
7400	1804.471	4	0.00137593
7401	1804.715	1	0.000343982
7402	1804.959	4	0.00137593
7403	1805.203	6	0.00206389
7404	1805.446	2	0.000687964
7405	1805.690	2	0.000687964
7406	1805.934	4	0.00137593
7407	1806.178	5	0.00171991
7408	1806.422	6	0.00206389
7409	1806.666	6	0.00206389
7410	1806.910	8	0.00275185
7411	1807.153	1	0.000343982
7412	1807.397	3	0.00103195
7413	1807.641	7	0.00240787
7414	1807.885	4	0.00137593
7415	1808.129	4	0.00137593
7416	1808.373	3	0.00103195
7417	1808.617	0	0
7418	1808.861	1	0.000343982
7419	1809.104	5	0.00171991
7420	1809.348	7	0.00240787
7421	1809.592	2	0.000687964
7422	1809.836	5	0.00171991
7423	1810.080	5	0.00171991
7424	1810.324	6	0.00206389
7425	1810.568	4	0.00137593
7426	1810.811	3	0.00103195
7427	1811.055	3	0.00103195
7428	1811.299	2	0.000687964
7429	1811.543	6	0.00206389
7430	1811.787	4	0.00137593
7431	1812.031	2	0.000687964
7432	1812.275	6	0.00206389
7433	1812.518	0	0
7434	1812.762	7	0.00240787
7435	1813.006	6	0.00206389
7436	1813.250	1	0.000343982
7437	1813.494	3	0.00103195
7438	1813.738	7	0.00240787
7439	1813.982	2	0.000687964
7440	1814.226	4	0.00137593
7441	1814.469	2	0.000687964
7442	1814.713	3	0.00103195
7443	1814.957	6	0.00206389
7444	1815.201	7	0.00240787
7445	1815.445	8	0.00275185
7446	1815.689	6	0.00206389
7447	1815.933	5	0.00171991
7448	1816.176	6	0.00206389
7449	1816.420	5	0.00171991
7450	1816.664	6	0.00206389
7451	1816.908	4	0.00137593
7452	1817.152	4	0.00137593
7453	1817.396	1	0.000343982
7454	1817.640	3	0.00103195
7455	1817.884	3	0.00103195
7456	1818.127	3	0.00103195
7457	1818.371	3	0.00103195
7458	1818.615	3	0.00103195
7459	1818.859	9	0.00309584
7460	1819.103	4	0.00137593
7461	1819.347	2	0.000687964
7462	1819.591	3	0.00103195
7463	1819.834	3	0.00103195
7464	1820.078	5	0.00171991
7465	1820.322	3	0.00103195
7466	1820.566	1	0.000343982
7467	1820.810	3	0.00103195
7468	1821.054	1	0.000343982
7469	1821.298	4	0.00137593
7470	1821.541	2	0.000687964
7471	1821.785	4	0.00137593
7472	1822.029	7	0.00240787
7473	1822.273	7	0.00240787
7474	1822.517	2	0.000687964
7475	1822.761	4	0.00137593
7476	1823.005	6	0.00206389
7477	1823.249	4	0.00137593
7478	1823.492	7	0.00240787
7479	1823.736	3	0.00103195
7480	1823.980	5	0.00171991
7481	1824.224	3	0.00103195
7482	1824.468	3	0.00103195
7483	1824.712	5	0.00171991
7484	1824.956	4	0.00137593
7485	1825.199	7	0.00240787
7486	1825.443	6	0.00206389
7487	1825.687	5	0.00171991
7488	1825.931	5	0.00171991
7489	1826.175	4	0.00137593
7490	1826.419	8	0.00275185
7491	1826.663	4	0.00137593
7492	1826.906	4	0.00137593
7493	1827.150	6	0.00206389
7494	1827.394	5	0.00171991
7495	1827.638	10	0.00343982
7496	1827.882	6	0.00206389
7497	1828.126	8	0.00275185
7498	1828.370	4	0.00137593
7499	1828.614	5	0.00171991
7500	1828.857	4	0.00137593
7501	1829.101	3	0.00103195
7502	1829.345	9	0.00309584
7503	1829.589	5	0.00171991
7504	1829.833	8	0.00275185
7505	1830.077	8	0.00275185
7506	1830.321	6	0.00206389
7507	1830.564	6	0.00206389
7508	1830.808	5	0.00171991
7509	1831.052	6	0.00206389
7510	1831.296	10	0.00343982
7511	1831.540	10	0.00343982
7512	1831.784	9	0.00309584
7513	1832.028	4	0.00137593
7514	1832.272	7	0.00240787
7515	1832.515	7	0.00240787
7516	1832.759	9	0.00309584
7517	1833.003	12	0.00412778
7518	1833.247	8	0.00275185
7519	1833.491	17	0.00584769
7520	1833.735	24	0.00825556
7521	1833.979	36	0.0123833
7522	1834.222	56	0.019263
7523	1834.466	69	0.0237347
7524	1834.710	102	0.0350862
7525	1834.954	207	0.0712042
7526	1835.198	282	0.0970029
7527	1835.442	496	0.170615
7528	1835.686	680	0.233908
7529	1835.929	1046	0.359805
7530	1836.173	1430	0.491894
7531	1836.417	1862	0.640494
7532	1836.661	2186	0.751944
7533	1836.905	2521	0.867178
7534	1837.149	2815	0.968309
7535	1837.393	3002	1.03263
7536	1837.637	2944	1.01268
7537	1837.880	2723	0.936663
7538	1838.124	2352	0.809045
7539	1838.368	1899	0.653222
7540	1838.612	1314	0.451992
7541	1838.856	1028	0.353613
7542	1839.100	701	0.241131
7543	1839.344	461	0.158576
7544	1839.587	251	0.0863394
7545	1839.831	141	0.0485014
7546	1840.075	81	0.0278625
7547	1840.319	42	0.0144472
7548	1840.563	17	0.00584769
7549	1840.807	20	0.00687964
7550	1841.051	9	0.00309584
7551	1841.295	7	0.00240787
7552	1841.538	7	0.00240787
7553	1841.782	9	0.00309584
7554	1842.026	9	0.00309584
7555	1842.270	7	0.00240787
7556	1842.514	8	0.00275185
7557	1842.758	7	0.00240787
7558	1843.002	6	0.00206389
7559	1843.245	5	0.00171991
7560	1843.489	0	0
7561	1843.733	2	0.000687964
7562	1843.977	3	0.00103195
7563	1844.221	6	0.00206389
7564	1844.465	2	0.000687964
7565	1844.709	4	0.00137593
7566	1844.952	2	0.000687964
7567	1845.196	6	0.00206389
7568	1845.440	3	0.00103195
7569	1845.684	6	0.00206389
7570	1845.928	6	0.00206389
7571	1846.172	2	0.000687964
7572	1846.416	5	0.00171991
7573	1846.660	6	0.00206389
7574	1846.903	6	0.00206389
7575	1847.147	6	0.00206389
7576	1847.391	6	0.00206389
7577	1847.635	5	0.00171991
7578	1847.879	4	0.00137593
7579	1848.123	6	0.00206389
7580	1848.367	6	0.00206389
7581	1848.610	3	0.00103195
7582	1848.854	6	0.00206389
7583	1849.098	6	0.00206389
7584	1849.342	6	0.00206389
7585	1849.586	6	0.00206389
7586	1849.830	14	0.00481575
7587	1850.074	13	0.00447176
7588	1850.317	18	0.00619167
7589	1850.561	20	0.00687964
7590	1850.805	30	0.0103195
7591	1851.049	31	0.0106634
7592	1851.293	45	0.0154792
7593	1851.537	31	0.0106634
7594	1851.781	38	0.0130713
7595	1852.025	21	0.00722362
7596	1852.268	27	0.00928751
7597	1852.512	20	0.00687964
7598	1852.756	29	0.00997547
7599	1853.000	25	0.00859955
7600	1853.244	13	0.00447176
7601	1853.488	13	0.00447176
7602	1853.732	9	0.00309584
7603	1853.975	12	0.00412778
7604	1854.219	8	0.00275185
7605	1854.463	7	0.00240787
7606	1854.707	10	0.00343982
7607	1854.951	3	0.00103195
7608	1855.195	6	0.00206389
7609	1855.439	2	0.000687964
7610	1855.683	2	0.000687964
7611	1855.926	1	0.000343982
7612	1856.170	4	0.00137593
7613	1856.414	0	0
7614	1856.658	4	0.00137593
7615	1856.902	4	0.00137593
7616	1857.146	0	0
7617	1857.390	1	0.000343982
7618	1857.633	0	0
7619	1857.877	2	0.000687964
7620	1858.121	5	0.00171991
7621	1858.365	4	0.00137593
7622	1858.609	5	0.00171991
7623	1858.853	2	0.000687964
7624	1859.097	4	0.00137593
7625	1859.340	4	0.00137593
7626	1859.584	5	0.00171991
7627	1859.828	3	0.00103195
7628	1860.072	3	0.00103195
7629	1860.316	2	0.000687964
7630	1860.560	0	0
7631	1860.804	0	0
7632	1861.048	4	0.00137593
7633	1861.291	5	0.00171991
7634	1861.535	3	0.00103195
7635	1861.779	1	0.000343982
7636	1862.023	2	0.000687964
7637	1862.267	2	0.000687964
7638	1862.511	2	0.000687964
7639	1862.755	2	0.000687964
7640	1862.998	2	0.000687964
7641	1863.242	2	0.000687964
7642	1863.486	1	0.000343982
7643	1863.730	0	0
7644	1863.974	1	0.000343982
7645	1864.218	0	0
7646	1864.462	2	0.000687964
7647	1864.705	0	0
7648	1864.949	2	0.000687964
7649	1865.193	1	0.000343982
7650	1865.437	1	0.000343982
7651	1865.681	1	0.000343982
7652	1865.925	0	0
7653	1866.169	4	0.00137593
7654	1866.413	1	0.000343982
7655	1866.656	1	0.000343982
7656	1866.900	2	0.000687964
7657	1867.144	1	0.000343982
7658	1867.388	2	0.000687964
7659	1867.632	2	0.000687964
7660	1867.876	2	0.000687964
7661	1868.120	1	0.000343982
7662	1868.363	1	0.000343982
7663	1868.607	1	0.000343982
7664	1868.851	5	0.00171991
7665	1869.095	0	0
7666	1869.339	1	0.000343982
7667	1869.583	3	0.00103195
7668	1869.827	1	0.000343982
7669	1870.071	3	0.00103195
7670	1870.314	1	0.000343982
7671	1870.558	0	0
7672	1870.802	0	0
7673	1871.046	1	0.000343982
7674	1871.290	0	0
7675	1871.534	2	0.000687964
7676	1871.778	0	0
7677	1872.021	1	0.000343982
7678	1872.265	2	0.000687964
7679	1872.509	2	0.000687964
7680	1872.753	2	0.000687964
7681	1872.997	3	0.00103195
7682	1873.241	2	0.000687964
7683	1873.485	0	0
7684	1873.728	1	0.000343982
7685	1873.972	0	0
7686	1874.216	0	0
7687	1874.460	2	0.000687964
7688	1874.704	4	0.00137593
7689	1874.948	1	0.000343982
7690	1875.192	0	0
7691	1875.436	1	0.000343982
7692	1875.679	2	0.000687964
7693	1875.923	1	0.000343982
7694	1876.167	2	0.000687964
7695	1876.411	0	0
7696	1876.655	1	0.000343982
7697	1876.899	0	0
7698	1877.143	3	0.00103195
7699	1877.386	2	0.000687964
7700	1877.630	2	0.000687964
7701	1877.874	1	0.000343982
7702	1878.118	1	0.000343982
7703	1878.362	1	0.000343982
7704	1878.606	1	0.000343982
7705	1878.850	0	0
7706	1879.093	1	0.000343982
7707	1879.337	2	0.000687964
7708	1879.581	1	0.000343982
7709	1879.825	3	0.00103195
7710	1880.069	3	0.00103195
7711	1880.313	1	0.000343982
7712	1880.557	0	0
7713	1880.801	3	0.00103195
7714	1881.044	1	0.000343982
7715	1881.288	0	0
7716	1881.532	2	0.000687964
7717	1881.776	2	0.000687964
7718	1882.020	1	0.000343982
7719	1882.264	0	0
7720	1882.508	2	0.000687964
7721	1882.751	1	0.000343982
7722	1882.995	1	0.000343982
7723	1883.239	1	0.000343982
7724	1883.483	2	0.000687964
7725	1883.727	1	0.000343982
7726	1883.971	5	0.00171991
7727	1884.215	1	0.000343982
7728	1884.459	0	0
7729	1884.702	0	0
7730	1884.946	0	0
7731	1885.190	3	0.00103195
7732	1885.434	1	0.000343982
7733	1885.678	0	0
7734	1885.922	2	0.000687964
7735	1886.166	3	0.00103195
7736	1886.409	0	0
7737	1886.653	0	0
7738	1886.897	1	0.000343982
7739	1887.141	4	0.00137593
7740	1887.385	0	0
7741	1887.629	0	0
7742	1887.873	3	0.00103195
7743	1888.116	1	0.000343982
7744	1888.360	1	0.000343982
7745	1888.604	0	0
7746	1888.848	2	0.000687964
7747	1889.092	2	0.000687964
7748	1889.336	1	0.000343982
7749	1889.580	1	0.000343982
7750	1889.824	2	0.000687964
7751	1890.067	1	0.000343982
7752	1890.311	5	0.00171991
7753	1890.555	2	0.000687964
7754	1890.799	2	0.000687964
7755	1891.043	1	0.000343982
7756	1891.287	4	0.00137593
7757	1891.531	0	0
7758	1891.774	2	0.000687964
7759	1892.018	0	0
7760	1892.262	2	0.000687964
7761	1892.506	1	0.000343982
7762	1892.750	3	0.00103195
7763	1892.994	2	0.000687964
7764	1893.238	2	0.000687964
7765	1893.482	0	0
7766	1893.725	2	0.000687964
7767	1893.969	2	0.000687964
7768	1894.213	1	0.000343982
7769	1894.457	2	0.000687964
7770	1894.701	2	0.000687964
7771	1894.945	1	0.000343982
7772	1895.189	1	0.000343982
7773	1895.432	2	0.000687964
7774	1895.676	4	0.00137593
7775	1895.920	0	0
7776	1896.164	0	0
7777	1896.408	3	0.00103195
7778	1896.652	1	0.000343982
7779	1896.896	2	0.000687964
7780	1897.139	0	0
7781	1897.383	0	0
7782	1897.627	1	0.000343982
7783	1897.871	0	0
7784	1898.115	0	0
7785	1898.359	1	0.000343982
7786	1898.603	1	0.000343982
7787	1898.847	0	0
7788	1899.090	1	0.000343982
7789	1899.334	1	0.000343982
7790	1899.578	2	0.000687964
7791	1899.822	1	0.000343982
7792	1900.066	0	0
7793	1900.310	1	0.000343982
7794	1900.554	1	0.000343982
7795	1900.797	1	0.000343982
7796	1901.041	3	0.00103195
7797	1901.285	1	0.000343982
7798	1901.529	2	0.000687964
7799	1901.773	2	0.000687964
7800	1902.017	1	0.000343982
7801	1902.261	0	0
7802	1902.504	3	0.00103195
7803	1902.748	1	0.000343982
7804	1902.992	0	0
7805	1903.236	4	0.00137593
7806	1903.480	1	0.000343982
7807	1903.724	2	0.000687964
7808	1903.968	1	0.000343982
7809	1904.212	2	0.000687964
7810	1904.455	1	0.000343982
7811	1904.699	0	0
7812	1904.943	0	0
7813	1905.187	0	0
7814	1905.431	1	0.000343982
7815	1905.675	1	0.000343982
7816	1905.919	3	0.00103195
7817	1906.162	2	0.000687964
7818	1906.406	1	0.000343982
7819	1906.650	0	0
7820	1906.894	2	0.000687964
7821	1907.138	2	0.000687964
7822	1907.382	3	0.00103195
7823	1907.626	4	0.00137593
7824	1907.870	0	0
7825	1908.113	3	0.00103195
7826	1908.357	1	0.000343982
7827	1908.601	1	0.000343982
7828	1908.845	2	0.000687964
7829	1909.089	2	0.000687964
7830	1909.333	3	0.00103195
7831	1909.577	1	0.000343982
7832	1909.820	1	0.000343982
7833	1910.064	1	0.000343982
7834	1910.308	6	0.00206389
7835	1910.552	1	0.000343982
7836	1910.796	2	0.000687964
7837	1911.040	1	0.000343982
7838	1911.284	0	0
7839	1911.527	1	0.000343982
7840	1911.771	3	0.00103195
7841	1912.015	1	0.000343982
7842	1912.259	2	0.000687964
7843	1912.503	0	0
7844	1912.747	2	0.000687964
7845	1912.991	2	0.000687964
7846	1913.235	2	0.000687964
7847	1913.478	1	0.000343982
7848	1913.722	2	0.000687964
7849	1913.966	1	0.000343982
7850	1914.210	2	0.000687964
7851	1914.454	1	0.000343982
7852	1914.698	0	0
7853	1914.942	1	0.000343982
7854	1915.185	1	0.000343982
7855	1915.429	2	0.000687964
7856	1915.673	4	0.00137593
7857	1915.917	1	0.000343982
7858	1916.161	0	0
7859	1916.405	1	0.000343982
7860	1916.649	2	0.000687964
7861	1916.892	0	0
7862	1917.136	4	0.00137593
7863	1917.380	0	0
7864	1917.624	2	0.000687964
7865	1917.868	5	0.00171991
7866	1918.112	4	0.00137593
7867	1918.356	0	0
7868	1918.600	1	0.000343982
7869	1918.843	2	0.000687964
7870	1919.087	0	0
7871	1919.331	1	0.000343982
7872	1919.575	2	0.000687964
7873	1919.819	2	0.000687964
7874	1920.063	2	0.000687964
7875	1920.307	3	0.00103195
7876	1920.550	2	0.000687964
7877	1920.794	2	0.000687964
7878	1921.038	1	0.000343982
7879	1921.282	2	0.000687964
7880	1921.526	0	0
7881	1921.770	3	0.00103195
7882	1922.014	2	0.000687964
7883	1922.258	3	0.00103195
7884	1922.501	0	0
7885	1922.745	0	0
7886	1922.989	0	0
7887	1923.233	3	0.00103195
7888	1923.477	4	0.00137593
7889	1923.721	1	0.000343982
7890	1923.965	2	0.000687964
7891	1924.208	0	0
7892	1924.452	0	0
7893	1924.696	2	0.000687964
7894	1924.940	1	0.000343982
7895	1925.184	1	0.000343982
7896	1925.428	3	0.00103195
7897	1925.672	2	0.000687964
7898	1925.915	0	0
7899	1926.159	0	0
7900	1926.403	2	0.000687964
7901	1926.647	2	0.000687964
7902	1926.891	1	0.000343982
7903	1927.135	2	0.000687964
7904	1927.379	3	0.00103195
7905	1927.623	2	0.000687964
7906	1927.866	2	0.000687964
7907	1928.110	0	0
7908	1928.354	3	0.00103195
7909	1928.598	2	0.000687964
7910	1928.842	0	0
7911	1929.086	1	0.000343982
7912	1929.330	2	0.000687964
7913	1929.573	2	0.000687964
7914	1929.817	3	0.00103195
7915	1930.061	3	0.00103195
7916	1930.305	4	0.00137593
7917	1930.549	0	0
7918	1930.793	1	0.000343982
7919	1931.037	1	0.000343982
7920	1931.280	2	0.000687964
7921	1931.524	3	0.00103195
7922	1931.768	3	0.00103195
7923	1932.012	0	0
7924	1932.256	3	0.00103195
7925	1932.500	0	0
7926	1932.744	4	0.00137593
7927	1932.988	2	0.000687964
7928	1933.231	0	0
7929	1933.475	4	0.00137593
7930	1933.719	4	0.00137593
7931	1933.963	0	0
7932	1934.207	0	0
7933	1934.451	2	0.000687964
7934	1934.695	2	0.000687964
7935	1934.938	2	0.000687964
7936	1935.182	2	0.000687964
7937	1935.426	2	0.000687964
7938	1935.670	1	0.000343982
7939	1935.914	1	0.000343982
7940	1936.158	0	0
7941	1936.402	0	0
7942	1936.646	0	0
7943	1936.889	1	0.000343982
7944	1937.133	1	0.000343982
7945	1937.377	1	0.000343982
7946	1937.621	2	0.000687964
7947	1937.865	1	0.000343982
7948	1938.109	3	0.00103195
7949	1938.353	1	0.000343982
7950	1938.596	0	0
7951	1938.840	1	0.000343982
7952	1939.084	2	0.000687964
7953	1939.328	0	0
7954	1939.572	1	0.000343982
7955	1939.816	1	0.000343982
7956	1940.060	4	0.00137593
7957	1940.303	2	0.000687964
7958	1940.547	2	0.000687964
7959	1940.791	0	0
7960	1941.035	4	0.00137593
7961	1941.279	0	0
7962	1941.523	1	0.000343982
7963	1941.767	0	0
7964	1942.011	2	0.000687964
7965	1942.254	2	0.000687964
7966	1942.498	1	0.000343982
7967	1942.742	1	0.000343982
7968	1942.986	1	0.000343982
7969	1943.230	2	0.000687964
7970	1943.474	1	0.000343982
7971	1943.718	5	0.00171991
7972	1943.961	1	0.000343982
7973	1944.205	0	0
7974	1944.449	1	0.000343982
7975	1944.693	3	0.00103195
7976	1944.937	1	0.000343982
7977	1945.181	1	0.000343982
7978	1945.425	3	0.00103195
7979	1945.669	0	0
7980	1945.912	1	0.000343982
7981	1946.156	0	0
7982	1946.400	1	0.000343982
7983	1946.644	3	0.00103195
7984	1946.888	2	0.000687964
7985	1947.132	1	0.000343982
7986	1947.376	1	0.000343982
7987	1947.619	2	0.000687964
7988	1947.863	2	0.000687964
7989	1948.107	2	0.000687964
7990	1948.351	1	0.000343982
7991	1948.595	2	0.000687964
7992	1948.839	0	0
7993	1949.083	2	0.000687964
7994	1949.326	1	0.000343982
7995	1949.570	0	0
7996	1949.814	1	0.000343982
7997	1950.058	1	0.000343982
7998	1950.302	1	0.000343982
7999	1950.546	3	0.00103195
8000	1950.790	1	0.000343982
8001	1951.034	1	0.000343982
8002	1951.277	1	0.000343982
8003	1951.521	1	0.000343982
8004	1951.765	0	0
8005	1952.009	3	0.00103195
8006	1952.253	2	0.000687964
8007	1952.497	0	0
8008	1952.741	2	0.000687964
8009	1952.984	1	0.000343982
8010	1953.228	1	0.000343982
8011	1953.472	2	0.000687964
8012	1953.716	0	0
8013	1953.960	0	0
8014	1954.204	1	0.000343982
8015	1954.448	0	0
8016	1954.691	1	0.000343982
8017	1954.935	0	0
8018	1955.179	1	0.000343982
8019	1955.423	1	0.000343982
8020	1955.667	2	0.000687964
8021	1955.911	1	0.000343982
8022	1956.155	2	0.000687964
8023	1956.399	1	0.000343982
8024	1956.642	0	0
8025	1956.886	2	0.000687964
8026	1957.130	3	0.00103195
8027	1957.374	2	0.000687964
8028	1957.618	1	0.000343982
8029	1957.862	0	0
8030	1958.106	0	0
8031	1958.349	1	0.000343982
8032	1958.593	3	0.00103195
8033	1958.837	2	0.000687964
8034	1959.081	2	0.000687964
8035	1959.325	2	0.000687964
8036	1959.569	2	0.000687964
8037	1959.813	0	0
8038	1960.057	0	0
8039	1960.300	2	0.000687964
8040	1960.544	2	0.000687964
8041	1960.788	1	0.000343982
8042	1961.032	1	0.000343982
8043	1961.276	2	0.000687964
8044	1961.520	1	0.000343982
8045	1961.764	1	0.000343982
8046	1962.007	2	0.000687964
8047	1962.251	1	0.000343982
8048	1962.495	2	0.000687964
8049	1962.739	1	0.000343982
8050	1962.983	1	0.000343982
8051	1963.227	0	0
8052	1963.471	0	0
8053	1963.714	2	0.000687964
8054	1963.958	0	0
8055	1964.202	0	0
8056	1964.446	1	0.000343982
8057	1964.690	0	0
8058	1964.934	1	0.000343982
8059	1965.178	0	0
8060	1965.422	0	0
8061	1965.665	1	0.000343982
8062	1965.909	3	0.00103195
8063	1966.153	1	0.000343982
8064	1966.397	1	0.000343982
8065	1966.641	1	0.000343982
8066	1966.885	0	0
8067	1967.129	0	0
8068	1967.372	1	0.000343982
8069	1967.616	1	0.000343982
8070	1967.860	2	0.000687964
8071	1968.104	1	0.000343982
8072	1968.348	0	0
8073	1968.592	1	0.000343982
8074	1968.836	0	0
8075	1969.079	0	0
8076	1969.323	3	0.00103195
8077	1969.567	2	0.000687964
8078	1969.811	0	0
8079	1970.055	3	0.00103195
8080	1970.299	1	0.000343982
8081	1970.543	0	0
8082	1970.787	1	0.000343982
8083	1971.030	2	0.000687964
8084	1971.274	3	0.00103195
8085	1971.518	0	0
8086	1971.762	0	0
8087	1972.006	2	0.000687964
8088	1972.250	4	0.00137593
8089	1972.494	1	0.000343982
8090	1972.737	2	0.000687964
8091	1972.981	2	0.000687964
8092	1973.225	0	0
8093	1973.469	1	0.000343982
8094	1973.713	1	0.000343982
8095	1973.957	2	0.000687964
8096	1974.201	1	0.000343982
8097	1974.445	0	0
8098	1974.688	2	0.000687964
8099	1974.932	0	0
8100	1975.176	2	0.000687964
8101	1975.420	1	0.000343982
8102	1975.664	0	0
8103	1975.908	0	0
8104	1976.152	2	0.000687964
8105	1976.395	2	0.000687964
8106	1976.639	1	0.000343982
8107	1976.883	0	0
8108	1977.127	0	0
8109	1977.371	0	0
8110	1977.615	0	0
8111	1977.859	0	0
8112	1978.102	2	0.000687964
8113	1978.346	0	0
8114	1978.590	1	0.000343982
8115	1978.834	0	0
8116	1979.078	1	0.000343982
8117	1979.322	2	0.000687964
8118	1979.566	1	0.000343982
8119	1979.810	0	0
8120	1980.053	2	0.000687964
8121	1980.297	0	0
8122	1980.541	2	0.000687964
8123	1980.785	0	0
8124	1981.029	1	0.000343982
8125	1981.273	2	0.000687964
8126	1981.517	4	0.00137593
8127	1981.760	2	0.000687964
8128	1982.004	1	0.000343982
8129	1982.248	3	0.00103195
8130	1982.492	0	0
8131	1982.736	1	0.000343982
8132	1982.980	2	0.000687964
8133	1983.224	0	0
8134	1983.468	2	0.000687964
8135	1983.711	2	0.000687964
8136	1983.955	2	0.000687964
8137	1984.199	1	0.000343982
8138	1984.443	0	0
8139	1984.687	4	0.00137593
8140	1984.931	0	0
8141	1985.175	1	0.000343982
8142	1985.418	1	0.000343982
8143	1985.662	1	0.000343982
8144	1985.906	0	0
8145	1986.150	2	0.000687964
8146	1986.394	1	0.000343982
8147	1986.638	0	0
8148	1986.882	1	0.000343982
8149	1987.125	1	0.000343982
8150	1987.369	0	0
8151	1987.613	0	0
8152	1987.857	1	0.000343982
8153	1988.101	2	0.000687964
8154	1988.345	2	0.000687964
8155	1988.589	1	0.000343982
8156	1988.833	2	0.000687964
8157	1989.076	3	0.00103195
8158	1989.320	3	0.00103195
8159	1989.564	3	0.00103195
8160	1989.808	0	0
8161	1990.052	0	0
8162	1990.296	3	0.00103195
8163	1990.540	3	0.00103195
8164	1990.783	1	0.000343982
8165	1991.027	1	0.000343982
8166	1991.271	0	0
8167	1991.515	0	0
8168	1991.759	1	0.000343982
8169	1992.003	0	0
8170	1992.247	2	0.000687964
8171	1992.490	0	0
8172	1992.734	0	0
8173	1992.978	0	0
8174	1993.222	1	0.000343982
8175	1993.466	1	0.000343982
8176	1993.710	0	0
8177	1993.954	0	0
8178	1994.198	0	0
8179	1994.441	2	0.000687964
8180	1994.685	3	0.00103195
8181	1994.929	0	0
8182	1995.173	1	0.000343982
8183	1995.417	1	0.000343982
8184	1995.661	2	0.000687964
8185	1995.905	1	0.000343982
8186	1996.148	3	0.00103195
8187	1996.392	0	0
8188	1996.636	1	0.000343982
8189	1996.880	1	0.000343982
8190	1997.124	1	0.000343982
8191	1997.368	0	0
8192	1997.612	2	0.000687964
