#
# Sample name: Sample title.                                                   
# Sample id:   
# Sample type: 
# User name:   
# Sample description: 
#
# Start time:    2026-01-09, 14:35:14
# Real time (s): 11823.350
# Live time (s): 11028.830
#
# Total counts:  59919795
#
# Left marker:  20 (4.751 keV)
# Right marker: 50 (12.067 keV)
# Counts:       1129086
#
# Energy calibration coefficients ( E = sum(Ai * n**i) )
#     A0: -0.126274
#     A1: 0.243864
#     A2: 0.000000
#     A3: 0.000000
# Energy unit: keV
#
# Channel data
# n	energy(keV)	counts	rate(1/s)
#-----------------------------------------------------------------------
1	0.118	12	0.00108806
2	0.361	6	0.000544029
3	0.605	14	0.0012694
4	0.849	18	0.00163209
5	1.093	16	0.00145074
6	1.337	16	0.00145074
7	1.581	9	0.000816043
8	1.825	19	0.00172276
9	2.069	15	0.00136007
10	2.312	24	0.00217611
11	2.556	20	0.00181343
12	2.800	14	0.0012694
13	3.044	18	0.00163209
14	3.288	19	0.00172276
15	3.532	17	0.00154141
16	3.776	17	0.00154141
17	4.019	19	0.00172276
18	4.263	23	0.00208544
19	4.507	30	0.00272014
20	4.751	20	0.00181343
21	4.995	16	0.00145074
22	5.239	28	0.0025388
23	5.483	24	0.00217611
24	5.726	22	0.00199477
25	5.970	36	0.00326417
26	6.214	38	0.00344552
27	6.458	36	0.00326417
28	6.702	66	0.00598432
29	6.946	214	0.0194037
30	7.190	1147	0.104
31	7.434	4451	0.403579
32	7.677	10707	0.970819
33	7.921	16376	1.48484
34	8.165	19683	1.78469
35	8.409	20643	1.87173
36	8.653	19946	1.80853
37	8.897	19264	1.74669
38	9.141	20423	1.85178
39	9.384	21743	1.97147
40	9.628	24964	2.26352
41	9.872	29488	2.67372
42	10.116	35701	3.23706
43	10.360	44746	4.05718
44	10.604	56190	5.09483
45	10.848	70216	6.36659
46	11.091	88361	8.01182
47	11.335	111683	10.1265
48	11.579	140044	12.698
49	11.823	172250	15.6182
50	12.067	200580	18.1869
51	12.311	222143	20.142
52	12.555	235350	21.3395
53	12.799	242608	21.9976
54	13.042	259192	23.5013
55	13.286	288776	26.1837
56	13.530	334383	30.319
57	13.774	380245	34.4774
58	14.018	411996	37.3563
59	14.262	412623	37.4131
60	14.506	378638	34.3317
61	14.749	320887	29.0953
62	14.993	255467	23.1636
63	15.237	199478	18.087
64	15.481	158098	14.335
65	15.725	132917	12.0518
66	15.969	115739	10.4942
67	16.213	105828	9.59558
68	16.457	99271	9.00105
69	16.700	97277	8.82025
70	16.944	101570	9.2095
71	17.188	111268	10.0888
72	17.432	122388	11.0971
73	17.676	130403	11.8238
74	17.920	128449	11.6467
75	18.164	118600	10.7536
76	18.407	99943	9.06198
77	18.651	80249	7.27629
78	18.895	65471	5.93635
79	19.139	59282	5.37518
80	19.383	63023	5.71439
81	19.627	76726	6.95686
82	19.871	102621	9.30479
83	20.114	141237	12.8062
84	20.358	199594	18.0975
85	20.602	291590	26.4389
86	20.846	441783	40.0571
87	21.090	686084	62.2082
88	21.334	1061652	96.2615
89	21.578	1548846	140.436
90	21.822	2060768	186.853
91	22.065	2438829	221.132
92	22.309	2537438	230.073
93	22.553	2302451	208.767
94	22.797	1821193	165.13
95	23.041	1256592	113.937
96	23.285	772497	70.0434
97	23.529	443261	40.1911
98	23.772	276958	25.1122
99	24.016	235985	21.3971
100	24.260	280683	25.4499
101	24.504	373224	33.8408
102	24.748	474943	43.0638
103	24.992	548343	49.7191
104	25.236	561765	50.936
105	25.479	507678	46.0319
106	25.723	408594	37.0478
107	25.967	294947	26.7433
108	26.211	196114	17.7819
109	26.455	125299	11.361
110	26.699	80494	7.29851
111	26.943	54723	4.96181
112	27.187	41676	3.77882
113	27.430	35200	3.19164
114	27.674	33132	3.00413
115	27.918	33142	3.00503
116	28.162	34938	3.16788
117	28.406	36648	3.32293
118	28.650	38707	3.50962
119	28.894	41461	3.75933
120	29.137	45703	4.14396
121	29.381	54515	4.94295
122	29.625	72880	6.60814
123	29.869	104142	9.44271
124	30.113	153005	13.8732
125	30.357	214801	19.4763
126	30.601	278338	25.2373
127	30.845	324262	29.4013
128	31.088	338368	30.6803
129	31.332	314710	28.5352
130	31.576	261177	23.6813
131	31.820	203580	18.4589
132	32.064	155969	14.1419
133	32.308	130428	11.8261
134	32.552	127647	11.5739
135	32.795	141607	12.8397
136	33.039	163002	14.7796
137	33.283	179537	16.2789
138	33.527	182714	16.5669
139	33.771	169357	15.3558
140	34.015	146361	13.2708
141	34.259	121536	11.0198
142	34.502	104192	9.44724
143	34.746	96664	8.76466
144	34.990	92871	8.42075
145	35.234	90090	8.16859
146	35.478	83573	7.57769
147	35.722	73441	6.659
148	35.966	61739	5.59796
149	36.210	50614	4.58924
150	36.453	41996	3.80784
151	36.697	36405	3.30089
152	36.941	34574	3.13487
153	37.185	36704	3.328
154	37.429	40961	3.71399
155	37.673	45635	4.13779
156	37.917	48305	4.37988
157	38.160	47484	4.30544
158	38.404	43020	3.90069
159	38.648	37293	3.38141
160	38.892	31143	2.82378
161	39.136	25319	2.29571
162	39.380	20714	1.87817
163	39.624	17537	1.59011
164	39.868	14816	1.34339
165	40.111	12993	1.17809
166	40.355	12042	1.09187
167	40.599	11755	1.06584
168	40.843	11191	1.0147
169	41.087	11010	0.998293
170	41.331	11085	1.00509
171	41.575	11016	0.998837
172	41.818	10973	0.994938
173	42.062	11074	1.0041
174	42.306	11276	1.02241
175	42.550	11462	1.03928
176	42.794	11654	1.05669
177	43.038	12084	1.09567
178	43.282	12640	1.14609
179	43.525	13221	1.19877
180	43.769	13247	1.20112
181	44.013	13155	1.19278
182	44.257	13256	1.20194
183	44.501	12600	1.14246
184	44.745	11707	1.06149
185	44.989	11364	1.03039
186	45.233	10792	0.978526
187	45.476	10307	0.934551
188	45.720	10228	0.927388
189	45.964	10269	0.931105
190	46.208	10344	0.937905
191	46.452	10451	0.947607
192	46.696	10698	0.970003
193	46.940	11034	1.00047
194	47.183	11281	1.02286
195	47.427	11459	1.039
196	47.671	11862	1.07554
197	47.915	12076	1.09495
198	48.159	13082	1.18616
199	48.403	14066	1.27538
200	48.647	14932	1.35391
201	48.890	16114	1.46108
202	49.134	17301	1.56871
203	49.378	18074	1.6388
204	49.622	19050	1.72729
205	49.866	19344	1.75395
206	50.110	19202	1.74107
207	50.354	18985	1.7214
208	50.598	18443	1.67225
209	50.841	18147	1.64541
210	51.085	17679	1.60298
211	51.329	17926	1.62538
212	51.573	17683	1.60334
213	51.817	17524	1.58893
214	52.061	18396	1.66799
215	52.305	18896	1.71333
216	52.548	19965	1.81026
217	52.792	21455	1.94536
218	53.036	22577	2.04709
219	53.280	22973	2.083
220	53.524	22111	2.00484
221	53.768	20679	1.87499
222	54.012	19028	1.7253
223	54.256	17369	1.57487
224	54.499	16266	1.47486
225	54.743	15618	1.41611
226	54.987	15144	1.37313
227	55.231	14977	1.35799
228	55.475	15099	1.36905
229	55.719	14873	1.34856
230	55.963	14998	1.35989
231	56.206	14903	1.35128
232	56.450	14686	1.3316
233	56.694	14615	1.32516
234	56.938	14424	1.30784
235	57.182	14453	1.31047
236	57.426	15269	1.38446
237	57.670	16527	1.49853
238	57.913	21425	1.94264
239	58.157	32834	2.97711
240	58.401	57323	5.19756
241	58.645	101025	9.16008
242	58.889	165404	14.9974
243	59.133	244161	22.1384
244	59.377	316202	28.6705
245	59.621	359042	32.5549
246	59.864	352411	31.9536
247	60.108	301935	27.3769
248	60.352	223692	20.2825
249	60.596	147383	13.3634
250	60.840	87455	7.92967
251	61.084	50328	4.56331
252	61.328	32016	2.90294
253	61.571	24853	2.25346
254	61.815	22499	2.04002
255	62.059	20928	1.89757
256	62.303	19111	1.73282
257	62.547	16675	1.51195
258	62.791	14628	1.32634
259	63.035	13041	1.18245
260	63.278	11683	1.05931
261	63.522	11094	1.00591
262	63.766	10917	0.98986
263	64.010	10818	0.980884
264	64.254	10989	0.996389
265	64.498	11129	1.00908
266	64.742	11562	1.04834
267	64.986	12404	1.12469
268	65.229	13371	1.21237
269	65.473	14311	1.2976
270	65.717	15621	1.41638
271	65.961	16573	1.5027
272	66.205	16955	1.53733
273	66.449	17142	1.55429
274	66.693	16256	1.47396
275	66.936	15182	1.37657
276	67.180	14364	1.3024
277	67.424	13071	1.18517
278	67.668	12051	1.09268
279	67.912	11330	1.02731
280	68.156	10964	0.994122
281	68.400	10629	0.963747
282	68.644	10495	0.951597
283	68.887	10201	0.924939
284	69.131	10511	0.953048
285	69.375	10388	0.941895
286	69.619	10584	0.959667
287	69.863	10682	0.968552
288	70.107	10747	0.974446
289	70.351	11038	1.00083
290	70.594	11061	1.00292
291	70.838	11254	1.02042
292	71.082	11346	1.02876
293	71.326	11019	0.999109
294	71.570	10995	0.996933
295	71.814	10680	0.968371
296	72.058	10278	0.931921
297	72.301	10125	0.918048
298	72.545	9880	0.895834
299	72.789	9915	0.899007
300	73.033	9771	0.885951
301	73.277	9659	0.875796
302	73.521	9896	0.897285
303	73.765	9608	0.871171
304	74.009	9574	0.868088
305	74.252	9373	0.849863
306	74.496	9181	0.832455
307	74.740	9031	0.818854
308	74.984	9009	0.816859
309	75.228	9033	0.819035
310	75.472	9143	0.829009
311	75.716	8970	0.813323
312	75.959	9001	0.816134
313	76.203	9152	0.829825
314	76.447	9279	0.84134
315	76.691	9201	0.834268
316	76.935	9345	0.847325
317	77.179	9385	0.850952
318	77.423	9632	0.873347
319	77.666	9347	0.847506
320	77.910	9436	0.855576
321	78.154	9292	0.842519
322	78.398	9831	0.891391
323	78.642	10451	0.947607
324	78.886	11591	1.05097
325	79.130	13835	1.25444
326	79.374	16998	1.54123
327	79.617	21777	1.97455
328	79.861	29801	2.7021
329	80.105	43293	3.92544
330	80.349	62155	5.63568
331	80.593	85053	7.71188
332	80.837	106249	9.63375
333	81.081	119855	10.8674
334	81.324	117290	10.6349
335	81.568	101778	9.22836
336	81.812	77577	7.03402
337	82.056	52706	4.77893
338	82.300	33134	3.00431
339	82.544	20419	1.85142
340	82.788	13529	1.22669
341	83.032	10580	0.959304
342	83.275	9501	0.861469
343	83.519	9478	0.859384
344	83.763	9561	0.86691
345	84.007	9822	0.890575
346	84.251	9794	0.888036
347	84.495	9906	0.898191
348	84.739	9885	0.896287
349	84.982	9590	0.869539
350	85.226	9591	0.86963
351	85.470	9503	0.861651
352	85.714	9555	0.866366
353	85.958	9551	0.866003
354	86.202	10459	0.948333
355	86.446	11985	1.0867
356	86.689	16255	1.47386
357	86.933	25283	2.29245
358	87.177	41013	3.71871
359	87.421	62955	5.70822
360	87.665	89534	8.11818
361	87.909	112090	10.1634
362	88.153	124307	11.2711
363	88.397	121537	11.0199
364	88.640	103290	9.36545
365	88.884	77524	7.02921
366	89.128	51690	4.68681
367	89.372	32086	2.90928
368	89.616	19556	1.77317
369	89.860	13114	1.18907
370	90.104	9957	0.902816
371	90.347	8791	0.797093
372	90.591	8434	0.764723
373	90.835	8396	0.761277
374	91.079	8294	0.752029
375	91.323	8323	0.754658
376	91.567	8345	0.756653
377	91.811	8340	0.7562
378	92.055	8292	0.751848
379	92.298	8514	0.771977
380	92.542	8348	0.756925
381	92.786	8311	0.75357
382	93.030	8281	0.75085
383	93.274	8326	0.75493
384	93.518	8277	0.750488
385	93.762	8104	0.734801
386	94.005	8153	0.739244
387	94.249	8038	0.728817
388	94.493	8064	0.731175
389	94.737	7898	0.716123
390	94.981	7990	0.724465
391	95.225	7901	0.716395
392	95.469	8002	0.725553
393	95.712	7922	0.718299
394	95.956	8086	0.733169
395	96.200	7956	0.721382
396	96.444	7924	0.718481
397	96.688	7963	0.722017
398	96.932	7840	0.710864
399	97.176	8008	0.726097
400	97.420	7892	0.715579
401	97.663	7878	0.71431
402	97.907	7749	0.702613
403	98.151	7880	0.714491
404	98.395	7870	0.713584
405	98.639	7896	0.715942
406	98.883	7963	0.722017
407	99.127	8021	0.727276
408	99.370	7825	0.709504
409	99.614	7964	0.722107
410	99.858	8054	0.730268
411	100.102	8158	0.739698
412	100.346	8017	0.726913
413	100.590	8131	0.73725
414	100.834	8346	0.756744
415	101.077	8278	0.750578
416	101.321	8375	0.759373
417	101.565	8356	0.757651
418	101.809	8475	0.768441
419	102.053	8508	0.771433
420	102.297	8513	0.771886
421	102.541	8679	0.786938
422	102.785	8596	0.779412
423	103.028	8456	0.766718
424	103.272	8273	0.750125
425	103.516	8414	0.76291
426	103.760	8193	0.742871
427	104.004	8277	0.750488
428	104.248	8165	0.740332
429	104.492	7990	0.724465
430	104.735	8025	0.727638
431	104.979	7919	0.718027
432	105.223	7991	0.724556
433	105.467	8060	0.730812
434	105.711	7984	0.723921
435	105.955	7836	0.710501
436	106.199	7981	0.723649
437	106.443	7892	0.715579
438	106.686	7890	0.715398
439	106.930	7895	0.715851
440	107.174	7940	0.719931
441	107.418	7914	0.717574
442	107.662	7801	0.707328
443	107.906	8035	0.728545
444	108.150	8018	0.727004
445	108.393	7904	0.716667
446	108.637	8239	0.747042
447	108.881	8325	0.75484
448	109.125	8374	0.759283
449	109.369	8381	0.759917
450	109.613	8888	0.805888
451	109.857	8883	0.805434
452	110.100	9245	0.838258
453	110.344	9564	0.867182
454	110.588	10168	0.921947
455	110.832	10945	0.992399
456	111.076	12401	1.12442
457	111.320	13910	1.26124
458	111.564	15322	1.38927
459	111.808	16682	1.51258
460	112.051	17002	1.5416
461	112.295	16204	1.46924
462	112.539	14523	1.31682
463	112.783	12479	1.13149
464	113.027	10571	0.958488
465	113.271	9228	0.836716
466	113.515	8228	0.746045
467	113.758	7808	0.707963
468	114.002	7616	0.690554
469	114.246	7500	0.680036
470	114.490	7535	0.683209
471	114.734	7643	0.693002
472	114.978	7800	0.707237
473	115.222	7932	0.719206
474	115.465	8314	0.753842
475	115.709	8814	0.799178
476	115.953	9190	0.833271
477	116.197	9112	0.826198
478	116.441	8940	0.810603
479	116.685	8770	0.795189
480	116.929	8326	0.75493
481	117.173	8130	0.737159
482	117.416	7575	0.686836
483	117.660	7329	0.664531
484	117.904	7301	0.661992
485	118.148	7064	0.640503
486	118.392	6986	0.633431
487	118.636	6895	0.62518
488	118.880	7045	0.63878
489	119.123	7005	0.635154
490	119.367	7137	0.647122
491	119.611	7053	0.639506
492	119.855	7270	0.659181
493	120.099	8113	0.735617
494	120.343	10161	0.921313
495	120.587	15840	1.43624
496	120.831	28580	2.59139
497	121.074	51326	4.6538
498	121.318	89036	8.07302
499	121.562	138261	12.5363
500	121.806	191961	17.4054
501	122.050	233049	21.1309
502	122.294	247205	22.4144
503	122.538	228949	20.7591
504	122.781	184538	16.7323
505	123.025	132193	11.9861
506	123.269	82559	7.48574
507	123.513	46431	4.20997
508	123.757	24662	2.23614
509	124.001	13626	1.23549
510	124.245	8782	0.796277
511	124.488	6929	0.628262
512	124.732	6300	0.57123
513	124.976	6279	0.569326
514	125.220	6361	0.576761
515	125.464	6177	0.560078
516	125.708	6144	0.557085
517	125.952	6134	0.556179
518	126.196	6456	0.585375
519	126.439	6368	0.577396
520	126.683	6451	0.584922
521	126.927	6213	0.563342
522	127.171	6301	0.571321
523	127.415	6147	0.557357
524	127.659	6144	0.557085
525	127.903	6154	0.557992
526	128.146	6020	0.545842
527	128.390	6026	0.546386
528	128.634	6023	0.546114
529	128.878	6034	0.547112
530	129.122	6158	0.558355
531	129.366	5967	0.541037
532	129.610	6099	0.553005
533	129.853	6140	0.556723
534	130.097	5923	0.537047
535	130.341	5967	0.541037
536	130.585	6045	0.548109
537	130.829	5992	0.543303
538	131.073	5989	0.543031
539	131.317	5952	0.539676
540	131.561	6060	0.549469
541	131.804	5984	0.542578
542	132.048	6109	0.553912
543	132.292	6152	0.557811
544	132.536	6059	0.549378
545	132.780	5984	0.542578
546	133.024	6029	0.546658
547	133.268	6039	0.547565
548	133.511	6024	0.546205
549	133.755	6052	0.548744
550	133.999	6187	0.560984
551	134.243	6208	0.562888
552	134.487	6390	0.579391
553	134.731	6618	0.600064
554	134.975	7287	0.660723
555	135.219	8534	0.77379
556	135.462	11370	1.03093
557	135.706	15672	1.421
558	135.950	21646	1.96267
559	136.194	28521	2.58604
560	136.438	33399	3.02834
561	136.682	35931	3.25792
562	136.926	34405	3.11955
563	137.169	29288	2.65559
564	137.413	22532	2.04301
565	137.657	16157	1.46498
566	137.901	11545	1.0468
567	138.145	8704	0.789204
568	138.389	7123	0.645853
569	138.633	6399	0.580207
570	138.876	6094	0.552552
571	139.120	6023	0.546114
572	139.364	5943	0.53886
573	139.608	5888	0.533873
574	139.852	5900	0.534962
575	140.096	5939	0.538498
576	140.340	5857	0.531063
577	140.584	6028	0.546567
578	140.827	5949	0.539404
579	141.071	6045	0.548109
580	141.315	5920	0.536775
581	141.559	5975	0.541762
582	141.803	6006	0.544573
583	142.047	6026	0.546386
584	142.291	6068	0.550194
585	142.534	6120	0.554909
586	142.778	6135	0.556269
587	143.022	6157	0.558264
588	143.266	6126	0.555453
589	143.510	6141	0.556813
590	143.754	6188	0.561075
591	143.998	6226	0.56452
592	144.242	6274	0.568873
593	144.485	6212	0.563251
594	144.729	6080	0.551282
595	144.973	6008	0.544754
596	145.217	5990	0.543122
597	145.461	5949	0.539404
598	145.705	5724	0.519003
599	145.949	5769	0.523084
600	146.192	5774	0.523537
601	146.436	5759	0.522177
602	146.680	5909	0.535778
603	146.924	6022	0.546023
604	147.168	5914	0.536231
605	147.412	5882	0.533329
606	147.656	5848	0.530247
607	147.899	5921	0.536866
608	148.143	5868	0.53206
609	148.387	5906	0.535506
610	148.631	5940	0.538588
611	148.875	5829	0.528524
612	149.119	5725	0.519094
613	149.363	5810	0.526801
614	149.607	5897	0.53469
615	149.850	6035	0.547202
616	150.094	5970	0.541309
617	150.338	5893	0.534327
618	150.582	6048	0.548381
619	150.826	6016	0.545479
620	151.070	5992	0.543303
621	151.314	6051	0.548653
622	151.557	5988	0.542941
623	151.801	5962	0.540583
624	152.045	5946	0.539132
625	152.289	6040	0.547656
626	152.533	5938	0.538407
627	152.777	5840	0.529521
628	153.021	6007	0.544663
629	153.264	6060	0.549469
630	153.508	5821	0.527799
631	153.752	5961	0.540493
632	153.996	5930	0.537682
633	154.240	6005	0.544482
634	154.484	5882	0.533329
635	154.728	5919	0.536684
636	154.972	6024	0.546205
637	155.215	5972	0.54149
638	155.459	5958	0.54022
639	155.703	6066	0.550013
640	155.947	6016	0.545479
641	156.191	6136	0.55636
642	156.435	5981	0.542306
643	156.679	6007	0.544663
644	156.922	6013	0.545207
645	157.166	6002	0.54421
646	157.410	6051	0.548653
647	157.654	5823	0.52798
648	157.898	5866	0.531879
649	158.142	6075	0.550829
650	158.386	6041	0.547746
651	158.630	5931	0.537772
652	158.873	6063	0.549741
653	159.117	6070	0.550376
654	159.361	5996	0.543666
655	159.605	6124	0.555272
656	159.849	6453	0.585103
657	160.093	6740	0.611126
658	160.337	7374	0.668611
659	160.580	7669	0.695359
660	160.824	7876	0.714128
661	161.068	7861	0.712768
662	161.312	7325	0.664168
663	161.556	6957	0.630801
664	161.800	6615	0.599792
665	162.044	6325	0.573497
666	162.287	6084	0.551645
667	162.531	5908	0.535687
668	162.775	5907	0.535596
669	163.019	5731	0.519638
670	163.263	5901	0.535052
671	163.507	5807	0.526529
672	163.751	6047	0.54829
673	163.995	6593	0.597797
674	164.238	8368	0.758739
675	164.482	12573	1.14001
676	164.726	21241	1.92595
677	164.970	36177	3.28022
678	165.214	58503	5.30455
679	165.458	86925	7.88162
680	165.702	114147	10.3499
681	165.945	133633	12.1167
682	166.189	137622	12.4784
683	166.433	123560	11.2034
684	166.677	97319	8.82405
685	166.921	69259	6.27981
686	167.165	43949	3.98492
687	167.409	25745	2.33434
688	167.652	14818	1.34357
689	167.896	9344	0.847234
690	168.140	6913	0.626812
691	168.384	6049	0.548472
692	168.628	5788	0.524806
693	168.872	5704	0.51719
694	169.116	5678	0.514832
695	169.360	5706	0.517371
696	169.603	5708	0.517553
697	169.847	5597	0.507488
698	170.091	5811	0.526892
699	170.335	5687	0.515649
700	170.579	5695	0.516374
701	170.823	5696	0.516465
702	171.067	5767	0.522902
703	171.310	5912	0.53605
704	171.554	5782	0.524262
705	171.798	5781	0.524172
706	172.042	5746	0.520998
707	172.286	5791	0.525078
708	172.530	5861	0.531425
709	172.774	5797	0.525622
710	173.018	5805	0.526348
711	173.261	5809	0.52671
712	173.505	5820	0.527708
713	173.749	5959	0.540311
714	173.993	5714	0.518097
715	174.237	5850	0.530428
716	174.481	5779	0.52399
717	174.725	5793	0.52526
718	174.968	5770	0.523174
719	175.212	5672	0.514288
720	175.456	5827	0.528343
721	175.700	5755	0.521814
722	175.944	5696	0.516465
723	176.188	5698	0.516646
724	176.432	5839	0.529431
725	176.675	5714	0.518097
726	176.919	5648	0.512112
727	177.163	5620	0.509574
728	177.407	5800	0.525894
729	177.651	5750	0.521361
730	177.895	5645	0.51184
731	178.139	5714	0.518097
732	178.383	5842	0.529703
733	178.626	5520	0.500506
734	178.870	5589	0.506763
735	179.114	5633	0.510752
736	179.358	5538	0.502138
737	179.602	5616	0.509211
738	179.846	5489	0.497696
739	180.090	5698	0.516646
740	180.333	5542	0.502501
741	180.577	5503	0.498965
742	180.821	5661	0.513291
743	181.065	5424	0.491802
744	181.309	5589	0.506763
745	181.553	5579	0.505856
746	181.797	5494	0.498149
747	182.041	5586	0.506491
748	182.284	5581	0.506037
749	182.528	5549	0.503136
750	182.772	5476	0.496517
751	183.016	5670	0.514107
752	183.260	5552	0.503408
753	183.504	5502	0.498874
754	183.748	5672	0.514288
755	183.991	5523	0.500778
756	184.235	5556	0.503771
757	184.479	5735	0.520001
758	184.723	5631	0.510571
759	184.967	5564	0.504496
760	185.211	5638	0.511206
761	185.455	5536	0.501957
762	185.698	5581	0.506037
763	185.942	5581	0.506037
764	186.186	5685	0.515467
765	186.430	5481	0.49697
766	186.674	5578	0.505765
767	186.918	5626	0.510118
768	187.162	5753	0.521633
769	187.406	5868	0.53206
770	187.649	5729	0.519457
771	187.893	5733	0.519819
772	188.137	5932	0.537863
773	188.381	5699	0.516737
774	188.625	5818	0.527526
775	188.869	5803	0.526166
776	189.113	5818	0.527526
777	189.356	5914	0.536231
778	189.600	5746	0.520998
779	189.844	5880	0.533148
780	190.088	5695	0.516374
781	190.332	5826	0.528252
782	190.576	5701	0.516918
783	190.820	5619	0.509483
784	191.063	5494	0.498149
785	191.307	5584	0.506309
786	191.551	5698	0.516646
787	191.795	5532	0.501594
788	192.039	5711	0.517825
789	192.283	5685	0.515467
790	192.527	5513	0.499872
791	192.771	5497	0.498421
792	193.014	5452	0.494341
793	193.258	5512	0.499781
794	193.502	5535	0.501866
795	193.746	5485	0.497333
796	193.990	5490	0.497786
797	194.234	5684	0.515377
798	194.478	5547	0.502955
799	194.721	5628	0.510299
800	194.965	5783	0.524353
801	195.209	5685	0.515467
802	195.453	5843	0.529793
803	195.697	5819	0.527617
804	195.941	5914	0.536231
805	196.185	5982	0.542397
806	196.429	6150	0.557629
807	196.672	6077	0.55101
808	196.916	6155	0.558083
809	197.160	6189	0.561166
810	197.404	6253	0.566969
811	197.648	6493	0.58873
812	197.892	7058	0.639959
813	198.136	8039	0.728908
814	198.379	9078	0.823115
815	198.623	10801	0.979342
816	198.867	12731	1.15434
817	199.111	13990	1.26849
818	199.355	14966	1.35699
819	199.599	14967	1.35708
820	199.843	13687	1.24102
821	200.086	11977	1.08597
822	200.330	9958	0.902906
823	200.574	8334	0.755656
824	200.818	6936	0.628897
825	201.062	6274	0.568873
826	201.306	5986	0.542759
827	201.550	5831	0.528705
828	201.794	5757	0.521996
829	202.037	5601	0.507851
830	202.281	5757	0.521996
831	202.525	5860	0.531335
832	202.769	6148	0.557448
833	203.013	6390	0.579391
834	203.257	6832	0.619467
835	203.501	7161	0.649298
836	203.744	7729	0.7008
837	203.988	7796	0.706875
838	204.232	7665	0.694997
839	204.476	7189	0.651837
840	204.720	6861	0.622097
841	204.964	6468	0.586463
842	205.208	6080	0.551282
843	205.451	5870	0.532241
844	205.695	5689	0.51583
845	205.939	5293	0.479924
846	206.183	5363	0.486271
847	206.427	5334	0.483642
848	206.671	5275	0.478292
849	206.915	5325	0.482825
850	207.159	5288	0.479471
851	207.402	5259	0.476841
852	207.646	5331	0.483369
853	207.890	5218	0.473124
854	208.134	5231	0.474302
855	208.378	5216	0.472942
856	208.622	5308	0.481284
857	208.866	5146	0.466595
858	209.109	5148	0.466777
859	209.353	5101	0.462515
860	209.597	5148	0.466777
861	209.841	5093	0.46179
862	210.085	5018	0.454989
863	210.329	5078	0.46043
864	210.573	5070	0.459704
865	210.817	5030	0.456077
866	211.060	5058	0.458616
867	211.304	4998	0.453176
868	211.548	4910	0.445197
869	211.792	4985	0.451997
870	212.036	5091	0.461608
871	212.280	5007	0.453992
872	212.524	4926	0.446648
873	212.767	5063	0.45907
874	213.011	4945	0.44837
875	213.255	4991	0.452541
876	213.499	5010	0.454264
877	213.743	5052	0.458072
878	213.987	4888	0.443202
879	214.231	5037	0.456712
880	214.474	5008	0.454083
881	214.718	4929	0.44692
882	214.962	5114	0.463694
883	215.206	5037	0.456712
884	215.450	4931	0.447101
885	215.694	5030	0.456077
886	215.938	5105	0.462878
887	216.182	5062	0.458979
888	216.425	5094	0.46188
889	216.669	4958	0.449549
890	216.913	4969	0.450546
891	217.157	4962	0.449912
892	217.401	4998	0.453176
893	217.645	5010	0.454264
894	217.889	5058	0.458616
895	218.132	4941	0.448008
896	218.376	4951	0.448914
897	218.620	4811	0.43622
898	218.864	4915	0.44565
899	219.108	4909	0.445106
900	219.352	4789	0.434226
901	219.596	5043	0.457256
902	219.839	4815	0.436583
903	220.083	4809	0.436039
904	220.327	4923	0.446376
905	220.571	4872	0.441751
906	220.815	5035	0.456531
907	221.059	4818	0.436855
908	221.303	4856	0.440301
909	221.547	4951	0.448914
910	221.790	4968	0.450456
911	222.034	4914	0.44556
912	222.278	4901	0.444381
913	222.522	4951	0.448914
914	222.766	5078	0.46043
915	223.010	5284	0.479108
916	223.254	5234	0.474574
917	223.497	5490	0.497786
918	223.741	5455	0.494613
919	223.985	5396	0.489263
920	224.229	5105	0.462878
921	224.473	5191	0.470675
922	224.717	4971	0.450728
923	224.961	4829	0.437852
924	225.205	4937	0.447645
925	225.448	4813	0.436402
926	225.692	4841	0.43894
927	225.936	4776	0.433047
928	226.180	4826	0.43758
929	226.424	4820	0.437036
930	226.668	4927	0.446738
931	226.912	4792	0.434498
932	227.155	4795	0.43477
933	227.399	4813	0.436402
934	227.643	4628	0.419627
935	227.887	4727	0.428604
936	228.131	4710	0.427063
937	228.375	4649	0.421532
938	228.619	4619	0.418811
939	228.862	4739	0.429692
940	229.106	4786	0.433954
941	229.350	4744	0.430145
942	229.594	4603	0.417361
943	229.838	4729	0.428785
944	230.082	4556	0.413099
945	230.326	4618	0.418721
946	230.570	4766	0.43214
947	230.813	4750	0.430689
948	231.057	4738	0.429601
949	231.301	4649	0.421532
950	231.545	4592	0.416363
951	231.789	4497	0.40775
952	232.033	4596	0.416726
953	232.277	4710	0.427063
954	232.520	4589	0.416091
955	232.764	4610	0.417995
956	233.008	4655	0.422076
957	233.252	4617	0.41863
958	233.496	4533	0.411014
959	233.740	4615	0.418449
960	233.984	4576	0.414913
961	234.228	4529	0.410651
962	234.471	4439	0.402491
963	234.715	4481	0.406299
964	234.959	4473	0.405573
965	235.203	4522	0.410016
966	235.447	4482	0.406389
967	235.691	4445	0.403035
968	235.935	4350	0.394421
969	236.178	4486	0.406752
970	236.422	4372	0.396416
971	236.666	4486	0.406752
972	236.910	4326	0.392245
973	237.154	4469	0.405211
974	237.398	4316	0.391338
975	237.642	4504	0.408384
976	237.885	4444	0.402944
977	238.129	4345	0.393967
978	238.373	4372	0.396416
979	238.617	4341	0.393605
980	238.861	4454	0.403851
981	239.105	4357	0.395056
982	239.349	4412	0.400042
983	239.593	4428	0.401493
984	239.836	4266	0.386804
985	240.080	4283	0.388346
986	240.324	4116	0.373204
987	240.568	4245	0.3849
988	240.812	4291	0.389071
989	241.056	4334	0.39297
990	241.300	4281	0.388164
991	241.543	4308	0.390613
992	241.787	4233	0.383812
993	242.031	4271	0.387258
994	242.275	4199	0.380729
995	242.519	4185	0.37946
996	242.763	4082	0.370121
997	243.007	4228	0.383359
998	243.250	4250	0.385354
999	243.494	4240	0.384447
1000	243.738	4162	0.377375
1001	243.982	4110	0.37266
1002	244.226	4256	0.385898
1003	244.470	4265	0.386714
1004	244.714	4284	0.388436
1005	244.958	4269	0.387076
1006	245.201	4165	0.377647
1007	245.445	4097	0.371481
1008	245.689	4201	0.380911
1009	245.933	4029	0.365315
1010	246.177	4234	0.383903
1011	246.421	4188	0.379732
1012	246.665	4129	0.374382
1013	246.908	4070	0.369033
1014	247.152	4162	0.377375
1015	247.396	4105	0.372206
1016	247.640	4115	0.373113
1017	247.884	4159	0.377103
1018	248.128	4056	0.367763
1019	248.372	4027	0.365134
1020	248.616	4113	0.372932
1021	248.859	4278	0.387892
1022	249.103	4099	0.371662
1023	249.347	4034	0.365769
1024	249.591	4110	0.37266
1025	249.835	3925	0.355885
1026	250.079	4066	0.36867
1027	250.323	4079	0.369849
1028	250.566	4008	0.363411
1029	250.810	3974	0.360328
1030	251.054	4035	0.365859
1031	251.298	3996	0.362323
1032	251.542	3972	0.360147
1033	251.786	3941	0.357336
1034	252.030	4029	0.365315
1035	252.273	4128	0.374292
1036	252.517	4071	0.369123
1037	252.761	4054	0.367582
1038	253.005	4143	0.375652
1039	253.249	4028	0.365225
1040	253.493	4148	0.376105
1041	253.737	4065	0.368579
1042	253.981	4066	0.36867
1043	254.224	4056	0.367763
1044	254.468	4152	0.376468
1045	254.712	4094	0.371209
1046	254.956	4061	0.368217
1047	255.200	3940	0.357246
1048	255.444	4045	0.366766
1049	255.688	3869	0.350808
1050	255.931	3999	0.362595
1051	256.175	3990	0.361779
1052	256.419	3985	0.361326
1053	256.663	3973	0.360238
1054	256.907	3894	0.353075
1055	257.151	3914	0.354888
1056	257.395	3973	0.360238
1057	257.638	3912	0.354707
1058	257.882	3933	0.356611
1059	258.126	3958	0.358878
1060	258.370	3869	0.350808
1061	258.614	3895	0.353165
1062	258.858	4128	0.374292
1063	259.102	3957	0.358787
1064	259.346	4050	0.367219
1065	259.589	4079	0.369849
1066	259.833	3875	0.351352
1067	260.077	3795	0.344098
1068	260.321	3891	0.352803
1069	260.565	3946	0.35779
1070	260.809	3827	0.347
1071	261.053	3889	0.352621
1072	261.296	3762	0.341106
1073	261.540	3845	0.348632
1074	261.784	3814	0.345821
1075	262.028	3805	0.345005
1076	262.272	3762	0.341106
1077	262.516	3819	0.346274
1078	262.760	3886	0.352349
1079	263.004	3805	0.345005
1080	263.247	3841	0.348269
1081	263.491	3816	0.346002
1082	263.735	3942	0.357427
1083	263.979	3831	0.347362
1084	264.223	3879	0.351715
1085	264.467	3833	0.347544
1086	264.711	3803	0.344824
1087	264.954	3795	0.344098
1088	265.198	3953	0.358424
1089	265.442	3873	0.351171
1090	265.686	3753	0.34029
1091	265.930	3763	0.341197
1092	266.174	3842	0.34836
1093	266.418	3884	0.352168
1094	266.661	3691	0.334668
1095	266.905	3808	0.345277
1096	267.149	3795	0.344098
1097	267.393	3847	0.348813
1098	267.637	3753	0.34029
1099	267.881	3845	0.348632
1100	268.125	3670	0.332764
1101	268.369	3779	0.342647
1102	268.612	3848	0.348904
1103	268.856	3646	0.330588
1104	269.100	3675	0.333218
1105	269.344	3738	0.33893
1106	269.588	3779	0.342647
1107	269.832	3806	0.345096
1108	270.076	3720	0.337298
1109	270.319	3804	0.344914
1110	270.563	3817	0.346093
1111	270.807	3720	0.337298
1112	271.051	3708	0.33621
1113	271.295	3700	0.335484
1114	271.539	3744	0.339474
1115	271.783	3726	0.337842
1116	272.026	3783	0.34301
1117	272.270	3676	0.333308
1118	272.514	3656	0.331495
1119	272.758	3786	0.343282
1120	273.002	3763	0.341197
1121	273.246	3710	0.336391
1122	273.490	3764	0.341287
1123	273.734	3729	0.338114
1124	273.977	3763	0.341197
1125	274.221	3745	0.339565
1126	274.465	3626	0.328775
1127	274.709	3614	0.327687
1128	274.953	3912	0.354707
1129	275.197	4232	0.383722
1130	275.441	4791	0.434407
1131	275.684	5831	0.528705
1132	275.928	7121	0.645671
1133	276.172	8877	0.80489
1134	276.416	10409	0.943799
1135	276.660	11117	1.00799
1136	276.904	11226	1.01788
1137	277.148	10559	0.9574
1138	277.392	9077	0.823025
1139	277.635	7411	0.671966
1140	277.879	6003	0.544301
1141	278.123	4986	0.452088
1142	278.367	4276	0.387711
1143	278.611	3935	0.356792
1144	278.855	3739	0.339021
1145	279.099	3734	0.338567
1146	279.342	3783	0.34301
1147	279.586	3655	0.331404
1148	279.830	3723	0.33757
1149	280.074	3595	0.325964
1150	280.318	3691	0.334668
1151	280.562	3670	0.332764
1152	280.806	3568	0.323516
1153	281.049	3573	0.323969
1154	281.293	3507	0.317985
1155	281.537	3652	0.331132
1156	281.781	3555	0.322337
1157	282.025	3607	0.327052
1158	282.269	3761	0.341015
1159	282.513	3595	0.325964
1160	282.757	3635	0.329591
1161	283.000	3568	0.323516
1162	283.244	3535	0.320524
1163	283.488	3723	0.33757
1164	283.732	3666	0.332402
1165	283.976	3708	0.33621
1166	284.220	3653	0.331223
1167	284.464	3565	0.323244
1168	284.707	3715	0.336844
1169	284.951	3715	0.336844
1170	285.195	3555	0.322337
1171	285.439	3709	0.3363
1172	285.683	3574	0.32406
1173	285.927	3734	0.338567
1174	286.171	3687	0.334306
1175	286.415	3602	0.326599
1176	286.658	3537	0.320705
1177	286.902	3721	0.337388
1178	287.146	3649	0.33086
1179	287.390	3616	0.327868
1180	287.634	3663	0.33213
1181	287.878	3715	0.336844
1182	288.122	3642	0.330225
1183	288.365	3663	0.33213
1184	288.609	3679	0.33358
1185	288.853	3618	0.328049
1186	289.097	3624	0.328593
1187	289.341	3625	0.328684
1188	289.585	3631	0.329228
1189	289.829	3650	0.330951
1190	290.072	3689	0.334487
1191	290.316	3663	0.33213
1192	290.560	3688	0.334396
1193	290.804	3603	0.326689
1194	291.048	3601	0.326508
1195	291.292	3538	0.320796
1196	291.536	3560	0.32279
1197	291.780	3593	0.325783
1198	292.023	3513	0.318529
1199	292.267	3605	0.326871
1200	292.511	3771	0.341922
1201	292.755	3590	0.325511
1202	292.999	3604	0.32678
1203	293.243	3598	0.326236
1204	293.487	3710	0.336391
1205	293.730	3660	0.331858
1206	293.974	3556	0.322428
1207	294.218	3659	0.331767
1208	294.462	3580	0.324604
1209	294.706	3644	0.330407
1210	294.950	3558	0.322609
1211	295.194	3605	0.326871
1212	295.437	3730	0.338205
1213	295.681	3607	0.327052
1214	295.925	3582	0.324785
1215	296.169	3615	0.327777
1216	296.413	3575	0.32415
1217	296.657	3588	0.325329
1218	296.901	3678	0.33349
1219	297.145	3576	0.324241
1220	297.388	3647	0.330679
1221	297.632	3556	0.322428
1222	297.876	3579	0.324513
1223	298.120	3615	0.327777
1224	298.364	3616	0.327868
1225	298.608	3608	0.327143
1226	298.852	3606	0.326961
1227	299.095	3639	0.329953
1228	299.339	3637	0.329772
1229	299.583	3596	0.326055
1230	299.827	3574	0.32406
1231	300.071	3551	0.321974
1232	300.315	3570	0.323697
1233	300.559	3544	0.32134
1234	300.803	3596	0.326055
1235	301.046	3752	0.340199
1236	301.290	3927	0.356067
1237	301.534	4538	0.411467
1238	301.778	5389	0.488628
1239	302.022	7253	0.65764
1240	302.266	10014	0.907984
1241	302.510	13673	1.23975
1242	302.753	17628	1.59836
1243	302.997	20912	1.89612
1244	303.241	22353	2.02678
1245	303.485	21693	1.96694
1246	303.729	19211	1.74189
1247	303.973	15451	1.40096
1248	304.217	11642	1.0556
1249	304.460	8541	0.774425
1250	304.704	6261	0.567694
1251	304.948	4928	0.446829
1252	305.192	4071	0.369123
1253	305.436	3685	0.334124
1254	305.680	3833	0.347544
1255	305.924	3823	0.346637
1256	306.168	3887	0.35244
1257	306.411	4079	0.369849
1258	306.655	4058	0.367945
1259	306.899	4342	0.393695
1260	307.143	4597	0.416817
1261	307.387	4739	0.429692
1262	307.631	4967	0.450365
1263	307.875	4909	0.445106
1264	308.118	4565	0.413915
1265	308.362	4496	0.407659
1266	308.606	4114	0.373022
1267	308.850	4050	0.367219
1268	309.094	3853	0.349357
1269	309.338	3737	0.338839
1270	309.582	3669	0.332674
1271	309.825	3744	0.339474
1272	310.069	3837	0.347906
1273	310.313	3778	0.342557
1274	310.557	3789	0.343554
1275	310.801	3821	0.346456
1276	311.045	4049	0.367129
1277	311.289	4015	0.364046
1278	311.533	4009	0.363502
1279	311.776	4059	0.368035
1280	312.020	3903	0.353891
1281	312.264	3864	0.350354
1282	312.508	3932	0.35652
1283	312.752	3806	0.345096
1284	312.996	3800	0.344552
1285	313.240	3643	0.330316
1286	313.483	3724	0.33766
1287	313.727	3640	0.330044
1288	313.971	3583	0.324876
1289	314.215	3696	0.335122
1290	314.459	3699	0.335394
1291	314.703	3571	0.323788
1292	314.947	3634	0.3295
1293	315.191	3672	0.332946
1294	315.434	3676	0.333308
1295	315.678	3654	0.331313
1296	315.922	3585	0.325057
1297	316.166	3620	0.328231
1298	316.410	3695	0.335031
1299	316.654	3620	0.328231
1300	316.898	3582	0.324785
1301	317.141	3629	0.329047
1302	317.385	3688	0.334396
1303	317.629	3694	0.33494
1304	317.873	3648	0.330769
1305	318.117	3746	0.339655
1306	318.361	3885	0.352259
1307	318.605	4448	0.403307
1308	318.848	5499	0.498602
1309	319.092	7654	0.693999
1310	319.336	11034	1.00047
1311	319.580	16381	1.48529
1312	319.824	22976	2.08327
1313	320.068	29342	2.66048
1314	320.312	34411	3.1201
1315	320.556	36281	3.28965
1316	320.799	34220	3.10278
1317	321.043	29042	2.63328
1318	321.287	22439	2.03458
1319	321.531	15829	1.43524
1320	321.775	10584	0.959667
1321	322.019	7386	0.669699
1322	322.263	5344	0.484548
1323	322.506	4376	0.396778
1324	322.750	3925	0.355885
1325	322.994	3824	0.346728
1326	323.238	3764	0.341287
1327	323.482	3727	0.337932
1328	323.726	3796	0.344189
1329	323.970	3842	0.34836
1330	324.213	3831	0.347362
1331	324.457	3783	0.34301
1332	324.701	3814	0.345821
1333	324.945	3823	0.346637
1334	325.189	3867	0.350626
1335	325.433	3711	0.336482
1336	325.677	3827	0.347
1337	325.921	3609	0.327233
1338	326.164	3790	0.343645
1339	326.408	3750	0.340018
1340	326.652	3705	0.335938
1341	326.896	3692	0.334759
1342	327.140	3820	0.346365
1343	327.384	3729	0.338114
1344	327.628	3905	0.354072
1345	327.871	3835	0.347725
1346	328.115	3805	0.345005
1347	328.359	3682	0.333852
1348	328.603	3770	0.341831
1349	328.847	3883	0.352077
1350	329.091	3741	0.339202
1351	329.335	3799	0.344461
1352	329.579	3741	0.339202
1353	329.822	3848	0.348904
1354	330.066	3657	0.331585
1355	330.310	3772	0.342013
1356	330.554	3850	0.349085
1357	330.798	3903	0.353891
1358	331.042	3874	0.351261
1359	331.286	3939	0.357155
1360	331.529	3861	0.350082
1361	331.773	4043	0.366585
1362	332.017	4051	0.36731
1363	332.261	4019	0.364409
1364	332.505	4056	0.367763
1365	332.749	4374	0.396597
1366	332.993	4849	0.439666
1367	333.236	5387	0.488447
1368	333.480	5773	0.523446
1369	333.724	6334	0.574313
1370	333.968	6677	0.605413
1371	334.212	6905	0.626086
1372	334.456	6673	0.605051
1373	334.700	6134	0.556179
1374	334.944	5525	0.50096
1375	335.187	4912	0.445378
1376	335.431	4515	0.409382
1377	335.675	4206	0.381364
1378	335.919	4000	0.362686
1379	336.163	3937	0.356973
1380	336.407	3905	0.354072
1381	336.651	3944	0.357608
1382	336.894	3908	0.354344
1383	337.138	4070	0.369033
1384	337.382	4058	0.367945
1385	337.626	4179	0.378916
1386	337.870	4369	0.396144
1387	338.114	4334	0.39297
1388	338.358	4485	0.406661
1389	338.602	4465	0.404848
1390	338.845	4357	0.395056
1391	339.089	4208	0.381545
1392	339.333	4131	0.374564
1393	339.577	3995	0.362232
1394	339.821	3917	0.35516
1395	340.065	3747	0.339746
1396	340.309	3679	0.33358
1397	340.552	3671	0.332855
1398	340.796	3615	0.327777
1399	341.040	3649	0.33086
1400	341.284	3563	0.323062
1401	341.528	3518	0.318982
1402	341.772	3572	0.323878
1403	342.016	3615	0.327777
1404	342.259	3551	0.321974
1405	342.503	3530	0.32007
1406	342.747	3671	0.332855
1407	342.991	3484	0.315899
1408	343.235	3603	0.326689
1409	343.479	3539	0.320886
1410	343.723	3444	0.312272
1411	343.967	3383	0.306742
1412	344.210	3423	0.310368
1413	344.454	3318	0.300848
1414	344.698	3370	0.305563
1415	344.942	3223	0.292234
1416	345.186	3259	0.295498
1417	345.430	3312	0.300304
1418	345.674	3177	0.288063
1419	345.917	3213	0.291327
1420	346.161	3253	0.294954
1421	346.405	3295	0.298762
1422	346.649	3141	0.284799
1423	346.893	3229	0.292778
1424	347.137	3282	0.297584
1425	347.381	3095	0.280628
1426	347.624	3151	0.285706
1427	347.868	3204	0.290511
1428	348.112	3093	0.280447
1429	348.356	3044	0.276004
1430	348.600	3118	0.282714
1431	348.844	3115	0.282442
1432	349.088	3035	0.275188
1433	349.332	3013	0.273193
1434	349.575	2959	0.268297
1435	349.819	3015	0.273374
1436	350.063	2894	0.262403
1437	350.307	2938	0.266393
1438	350.551	3003	0.272286
1439	350.795	2970	0.269294
1440	351.039	2980	0.270201
1441	351.282	2966	0.268932
1442	351.526	2948	0.267299
1443	351.770	3009	0.27283
1444	352.014	2968	0.269113
1445	352.258	3014	0.273284
1446	352.502	2945	0.267027
1447	352.746	2948	0.267299
1448	352.990	2903	0.263219
1449	353.233	2911	0.263945
1450	353.477	2937	0.266302
1451	353.721	2938	0.266393
1452	353.965	2984	0.270564
1453	354.209	3361	0.304747
1454	354.453	3820	0.346365
1455	354.697	5242	0.4753
1456	354.940	7827	0.709685
1457	355.184	12819	1.16232
1458	355.428	20295	1.84018
1459	355.672	30568	2.77164
1460	355.916	42467	3.85054
1461	356.160	52463	4.7569
1462	356.404	59220	5.36956
1463	356.647	59385	5.38452
1464	356.891	53729	4.87169
1465	357.135	42573	3.86016
1466	357.379	30892	2.80102
1467	357.623	20705	1.87735
1468	357.867	12760	1.15697
1469	358.111	8181	0.741783
1470	358.355	5270	0.477839
1471	358.598	3953	0.358424
1472	358.842	3248	0.294501
1473	359.086	3048	0.276367
1474	359.330	2969	0.269204
1475	359.574	2957	0.268115
1476	359.818	2876	0.260771
1477	360.062	2953	0.267753
1478	360.305	2859	0.25923
1479	360.549	2921	0.264851
1480	360.793	2892	0.262222
1481	361.037	2821	0.255784
1482	361.281	2860	0.25932
1483	361.525	2818	0.255512
1484	361.769	2847	0.258142
1485	362.012	2785	0.25252
1486	362.256	2923	0.265033
1487	362.500	2839	0.257416
1488	362.744	2870	0.260227
1489	362.988	2788	0.252792
1490	363.232	2780	0.252067
1491	363.476	2925	0.265214
1492	363.720	2872	0.260408
1493	363.963	2897	0.262675
1494	364.207	2892	0.262222
1495	364.451	2985	0.270654
1496	364.695	2918	0.264579
1497	364.939	2907	0.263582
1498	365.183	2955	0.267934
1499	365.427	2921	0.264851
1500	365.670	2982	0.270382
1501	365.914	2866	0.259864
1502	366.158	2876	0.260771
1503	366.402	2784	0.252429
1504	366.646	2808	0.254605
1505	366.890	2701	0.244904
1506	367.134	2741	0.24853
1507	367.378	2902	0.263129
1508	367.621	2708	0.245538
1509	367.865	2755	0.2498
1510	368.109	2745	0.248893
1511	368.353	2828	0.256419
1512	368.597	2871	0.260318
1513	368.841	2875	0.26068
1514	369.085	2791	0.253064
1515	369.328	2971	0.269385
1516	369.572	2818	0.255512
1517	369.816	2806	0.254424
1518	370.060	2779	0.251976
1519	370.304	2757	0.249981
1520	370.548	2771	0.251251
1521	370.792	2852	0.258595
1522	371.035	2758	0.250072
1523	371.279	2734	0.247896
1524	371.523	2761	0.250344
1525	371.767	2738	0.248258
1526	372.011	2694	0.244269
1527	372.255	2712	0.245901
1528	372.499	2716	0.246264
1529	372.743	2768	0.250979
1530	372.986	2809	0.254696
1531	373.230	2705	0.245266
1532	373.474	2789	0.252883
1533	373.718	2665	0.241639
1534	373.962	2783	0.252339
1535	374.206	2699	0.244722
1536	374.450	2616	0.237197
1537	374.693	2708	0.245538
1538	374.937	2791	0.253064
1539	375.181	2792	0.253155
1540	375.425	2709	0.245629
1541	375.669	2850	0.258414
1542	375.913	2733	0.247805
1543	376.157	2692	0.244088
1544	376.401	2989	0.271017
1545	376.644	2869	0.260136
1546	376.888	2861	0.259411
1547	377.132	2857	0.259048
1548	377.376	2919	0.26467
1549	377.620	2925	0.265214
1550	377.864	2934	0.26603
1551	378.108	2844	0.25787
1552	378.351	2799	0.253789
1553	378.595	2837	0.257235
1554	378.839	2701	0.244904
1555	379.083	2711	0.24581
1556	379.327	2675	0.242546
1557	379.571	2663	0.241458
1558	379.815	2610	0.236652
1559	380.058	2572	0.233207
1560	380.302	2597	0.235474
1561	380.546	2659	0.241095
1562	380.790	2730	0.247533
1563	381.034	2755	0.2498
1564	381.278	2653	0.240551
1565	381.522	2725	0.24708
1566	381.766	2688	0.243725
1567	382.009	2700	0.244813
1568	382.253	2747	0.249074
1569	382.497	2979	0.27011
1570	382.741	3280	0.297402
1571	382.985	3966	0.359603
1572	383.229	5124	0.464601
1573	383.473	6499	0.589274
1574	383.716	8568	0.776873
1575	383.960	10396	0.94262
1576	384.204	11652	1.0565
1577	384.448	11892	1.07826
1578	384.692	11231	1.01833
1579	384.936	9960	0.903088
1580	385.180	8153	0.739244
1581	385.423	6595	0.597978
1582	385.667	5375	0.487359
1583	385.911	5000	0.453357
1584	386.155	5133	0.465417
1585	386.399	6084	0.551645
1586	386.643	7192	0.652109
1587	386.887	8326	0.75493
1588	387.131	9237	0.837532
1589	387.374	9590	0.869539
1590	387.618	9365	0.849138
1591	387.862	8278	0.750578
1592	388.106	7083	0.642226
1593	388.350	5753	0.521633
1594	388.594	4641	0.420806
1595	388.838	3810	0.345458
1596	389.081	3138	0.284527
1597	389.325	2917	0.264489
1598	389.569	2806	0.254424
1599	389.813	2867	0.259955
1600	390.057	2861	0.259411
1601	390.301	3031	0.274825
1602	390.545	3065	0.277908
1603	390.789	3429	0.310912
1604	391.032	3749	0.339927
1605	391.276	3867	0.350626
1606	391.520	4029	0.365315
1607	391.764	3941	0.357336
1608	392.008	3909	0.354435
1609	392.252	3606	0.326961
1610	392.496	3395	0.30783
1611	392.739	3115	0.282442
1612	392.983	2856	0.258958
1613	393.227	2895	0.262494
1614	393.471	2555	0.231666
1615	393.715	2465	0.223505
1616	393.959	2450	0.222145
1617	394.203	2497	0.226407
1618	394.446	2440	0.221238
1619	394.690	2441	0.221329
1620	394.934	2488	0.225591
1621	395.178	2415	0.218972
1622	395.422	2411	0.218609
1623	395.666	2471	0.224049
1624	395.910	2394	0.217067
1625	396.154	2499	0.226588
1626	396.397	2486	0.225409
1627	396.641	2523	0.228764
1628	396.885	2519	0.228401
1629	397.129	2387	0.216433
1630	397.373	2456	0.222689
1631	397.617	2439	0.221148
1632	397.861	2466	0.223596
1633	398.104	2378	0.215617
1634	398.348	2400	0.217611
1635	398.592	2455	0.222598
1636	398.836	2377	0.215526
1637	399.080	2448	0.221964
1638	399.324	2402	0.217793
1639	399.568	2399	0.217521
1640	399.811	2497	0.226407
1641	400.055	2445	0.221692
1642	400.299	2442	0.22142
1643	400.543	2397	0.217339
1644	400.787	2406	0.218156
1645	401.031	2360	0.213985
1646	401.275	2461	0.223142
1647	401.519	2451	0.222236
1648	401.762	2389	0.216614
1649	402.006	2299	0.208454
1650	402.250	2429	0.220241
1651	402.494	2358	0.213803
1652	402.738	2352	0.213259
1653	402.982	2321	0.210448
1654	403.226	2424	0.219788
1655	403.469	2418	0.219244
1656	403.713	2388	0.216523
1657	403.957	2454	0.222508
1658	404.201	2423	0.219697
1659	404.445	2328	0.211083
1660	404.689	2405	0.218065
1661	404.933	2395	0.217158
1662	405.177	2396	0.217249
1663	405.420	2329	0.211174
1664	405.664	2413	0.21879
1665	405.908	2502	0.22686
1666	406.152	2407	0.218246
1667	406.396	2417	0.219153
1668	406.640	2435	0.220785
1669	406.884	2446	0.221782
1670	407.127	2424	0.219788
1671	407.371	2430	0.220332
1672	407.615	2384	0.216161
1673	407.859	2302	0.208726
1674	408.103	2353	0.21335
1675	408.347	2396	0.217249
1676	408.591	2466	0.223596
1677	408.834	2450	0.222145
1678	409.078	2387	0.216433
1679	409.322	2406	0.218156
1680	409.566	2304	0.208907
1681	409.810	2440	0.221238
1682	410.054	2454	0.222508
1683	410.298	2375	0.215345
1684	410.542	2308	0.20927
1685	410.785	2292	0.207819
1686	411.029	2407	0.218246
1687	411.273	2368	0.21471
1688	411.517	2340	0.212171
1689	411.761	2392	0.216886
1690	412.005	2413	0.21879
1691	412.249	2445	0.221692
1692	412.492	2405	0.218065
1693	412.736	2477	0.224593
1694	412.980	2409	0.218428
1695	413.224	2503	0.226951
1696	413.468	2471	0.224049
1697	413.712	2592	0.23502
1698	413.956	2662	0.241367
1699	414.199	2804	0.254243
1700	414.443	2941	0.266665
1701	414.687	3174	0.287791
1702	414.931	3236	0.293413
1703	415.175	3405	0.308736
1704	415.419	3391	0.307467
1705	415.663	3183	0.288607
1706	415.907	3075	0.278815
1707	416.150	2893	0.262313
1708	416.394	2749	0.249256
1709	416.638	2717	0.246354
1710	416.882	2513	0.227857
1711	417.126	2471	0.224049
1712	417.370	2447	0.221873
1713	417.614	2509	0.227495
1714	417.857	2631	0.238557
1715	418.101	2638	0.239191
1716	418.345	2670	0.242093
1717	418.589	2634	0.238829
1718	418.833	2806	0.254424
1719	419.077	2679	0.242909
1720	419.321	2724	0.246989
1721	419.565	2700	0.244813
1722	419.808	2631	0.238557
1723	420.052	2590	0.234839
1724	420.296	2687	0.243634
1725	420.540	2461	0.223142
1726	420.784	2438	0.221057
1727	421.028	2481	0.224956
1728	421.272	2406	0.218156
1729	421.515	2470	0.223958
1730	421.759	2481	0.224956
1731	422.003	2350	0.213078
1732	422.247	2517	0.22822
1733	422.491	2508	0.227404
1734	422.735	2507	0.227313
1735	422.979	2509	0.227495
1736	423.222	2555	0.231666
1737	423.466	2509	0.227495
1738	423.710	2439	0.221148
1739	423.954	2397	0.217339
1740	424.198	2466	0.223596
1741	424.442	2379	0.215707
1742	424.686	2410	0.218518
1743	424.930	2428	0.22015
1744	425.173	2427	0.22006
1745	425.417	2424	0.219788
1746	425.661	2429	0.220241
1747	425.905	2391	0.216795
1748	426.149	2434	0.220694
1749	426.393	2445	0.221692
1750	426.637	2463	0.223324
1751	426.880	2462	0.223233
1752	427.124	2334	0.211627
1753	427.368	2545	0.230759
1754	427.612	2367	0.214619
1755	427.856	2413	0.21879
1756	428.100	2380	0.215798
1757	428.344	2484	0.225228
1758	428.588	2448	0.221964
1759	428.831	2367	0.214619
1760	429.075	2461	0.223142
1761	429.319	2436	0.220876
1762	429.563	2436	0.220876
1763	429.807	2430	0.220332
1764	430.051	2397	0.217339
1765	430.295	2352	0.213259
1766	430.538	2396	0.217249
1767	430.782	2329	0.211174
1768	431.026	2429	0.220241
1769	431.270	2341	0.212262
1770	431.514	2342	0.212353
1771	431.758	2386	0.216342
1772	432.002	2452	0.222326
1773	432.245	2421	0.219516
1774	432.489	2490	0.225772
1775	432.733	2447	0.221873
1776	432.977	2423	0.219697
1777	433.221	2379	0.215707
1778	433.465	2395	0.217158
1779	433.709	2469	0.223868
1780	433.953	2336	0.211809
1781	434.196	2402	0.217793
1782	434.440	2378	0.215617
1783	434.684	2393	0.216977
1784	434.928	2422	0.219606
1785	435.172	2400	0.217611
1786	435.416	2476	0.224503
1787	435.660	2478	0.224684
1788	435.903	2700	0.244813
1789	436.147	2903	0.263219
1790	436.391	3267	0.296224
1791	436.635	3777	0.342466
1792	436.879	4467	0.405029
1793	437.123	5168	0.46859
1794	437.367	5486	0.497424
1795	437.610	5707	0.517462
1796	437.854	5463	0.495338
1797	438.098	4995	0.452904
1798	438.342	4345	0.393967
1799	438.586	3660	0.331858
1800	438.830	3027	0.274462
1801	439.074	2801	0.253971
1802	439.318	2632	0.238647
1803	439.561	2409	0.218428
1804	439.805	2378	0.215617
1805	440.049	2394	0.217067
1806	440.293	2426	0.219969
1807	440.537	2418	0.219244
1808	440.781	2399	0.217521
1809	441.025	2426	0.219969
1810	441.268	2318	0.210176
1811	441.512	2370	0.214891
1812	441.756	2466	0.223596
1813	442.000	2328	0.211083
1814	442.244	2378	0.215617
1815	442.488	2449	0.222054
1816	442.732	2420	0.219425
1817	442.976	2359	0.213894
1818	443.219	2437	0.220966
1819	443.463	2481	0.224956
1820	443.707	2347	0.212806
1821	443.951	2429	0.220241
1822	444.195	2436	0.220876
1823	444.439	2405	0.218065
1824	444.683	2427	0.22006
1825	444.926	2412	0.2187
1826	445.170	2411	0.218609
1827	445.414	2473	0.22423
1828	445.658	2379	0.215707
1829	445.902	2479	0.224775
1830	446.146	2483	0.225137
1831	446.390	2444	0.221601
1832	446.633	2467	0.223686
1833	446.877	2439	0.221148
1834	447.121	2396	0.217249
1835	447.365	2484	0.225228
1836	447.609	2403	0.217883
1837	447.853	2464	0.223414
1838	448.097	2391	0.216795
1839	448.341	2424	0.219788
1840	448.584	2418	0.219244
1841	448.828	2477	0.224593
1842	449.072	2392	0.216886
1843	449.316	2475	0.224412
1844	449.560	2504	0.227041
1845	449.804	2504	0.227041
1846	450.048	2434	0.220694
1847	450.291	2424	0.219788
1848	450.535	2502	0.22686
1849	450.779	2564	0.232482
1850	451.023	2486	0.225409
1851	451.267	2443	0.22151
1852	451.511	2475	0.224412
1853	451.755	2377	0.215526
1854	451.998	2507	0.227313
1855	452.242	2478	0.224684
1856	452.486	2527	0.229127
1857	452.730	2420	0.219425
1858	452.974	2357	0.213713
1859	453.218	2463	0.223324
1860	453.462	2417	0.219153
1861	453.706	2487	0.2255
1862	453.949	2511	0.227676
1863	454.193	2421	0.219516
1864	454.437	2497	0.226407
1865	454.681	2433	0.220604
1866	454.925	2513	0.227857
1867	455.169	2560	0.232119
1868	455.413	2496	0.226316
1869	455.656	2516	0.228129
1870	455.900	2494	0.226135
1871	456.144	2516	0.228129
1872	456.388	2593	0.235111
1873	456.632	2433	0.220604
1874	456.876	2559	0.232028
1875	457.120	2464	0.223414
1876	457.364	2558	0.231938
1877	457.607	2458	0.22287
1878	457.851	2531	0.229489
1879	458.095	2594	0.235202
1880	458.339	2470	0.223958
1881	458.583	2482	0.225047
1882	458.827	2482	0.225047
1883	459.071	2457	0.22278
1884	459.314	2594	0.235202
1885	459.558	2505	0.227132
1886	459.802	2622	0.237741
1887	460.046	2592	0.23502
1888	460.290	2491	0.225863
1889	460.534	2406	0.218156
1890	460.778	2561	0.23221
1891	461.021	2559	0.232028
1892	461.265	2533	0.229671
1893	461.509	2494	0.226135
1894	461.753	2438	0.221057
1895	461.997	2447	0.221873
1896	462.241	2448	0.221964
1897	462.485	2579	0.233842
1898	462.729	2509	0.227495
1899	462.972	2542	0.230487
1900	463.216	2553	0.231484
1901	463.460	2546	0.23085
1902	463.704	2531	0.229489
1903	463.948	2540	0.230305
1904	464.192	2494	0.226135
1905	464.436	2654	0.240642
1906	464.679	2547	0.23094
1907	464.923	2587	0.234567
1908	465.167	2549	0.231122
1909	465.411	2593	0.235111
1910	465.655	2504	0.227041
1911	465.899	2650	0.240279
1912	466.143	2462	0.223233
1913	466.386	2481	0.224956
1914	466.630	2555	0.231666
1915	466.874	2666	0.24173
1916	467.118	2580	0.233932
1917	467.362	2583	0.234204
1918	467.606	2709	0.245629
1919	467.850	2710	0.24572
1920	468.094	2750	0.249346
1921	468.337	2708	0.245538
1922	468.581	2768	0.250979
1923	468.825	2777	0.251795
1924	469.069	2770	0.25116
1925	469.313	2740	0.24844
1926	469.557	2564	0.232482
1927	469.801	2741	0.24853
1928	470.044	2715	0.246173
1929	470.288	2449	0.222054
1930	470.532	2549	0.231122
1931	470.776	2615	0.237106
1932	471.020	2487	0.2255
1933	471.264	2504	0.227041
1934	471.508	2630	0.238466
1935	471.752	2620	0.237559
1936	471.995	2589	0.234748
1937	472.239	2659	0.241095
1938	472.483	2646	0.239917
1939	472.727	2648	0.240098
1940	472.971	2651	0.24037
1941	473.215	2579	0.233842
1942	473.459	2585	0.234386
1943	473.702	2504	0.227041
1944	473.946	2576	0.23357
1945	474.190	2442	0.22142
1946	474.434	2499	0.226588
1947	474.678	2427	0.22006
1948	474.922	2431	0.220422
1949	475.166	2416	0.219062
1950	475.409	2479	0.224775
1951	475.653	2504	0.227041
1952	475.897	2547	0.23094
1953	476.141	2433	0.220604
1954	476.385	2411	0.218609
1955	476.629	2438	0.221057
1956	476.873	2383	0.21607
1957	477.117	2395	0.217158
1958	477.360	2359	0.213894
1959	477.604	2355	0.213531
1960	477.848	2395	0.217158
1961	478.092	2385	0.216251
1962	478.336	2316	0.209995
1963	478.580	2339	0.212081
1964	478.824	2230	0.202197
1965	479.067	2303	0.208816
1966	479.311	2308	0.20927
1967	479.555	2234	0.20256
1968	479.799	2247	0.203739
1969	480.043	2210	0.200384
1970	480.287	2257	0.204645
1971	480.531	2130	0.19313
1972	480.775	2154	0.195306
1973	481.018	2146	0.194581
1974	481.262	2179	0.197573
1975	481.506	2159	0.19576
1976	481.750	2220	0.201291
1977	481.994	2237	0.202832
1978	482.238	2199	0.199387
1979	482.482	2233	0.202469
1980	482.725	2104	0.190773
1981	482.969	2029	0.183972
1982	483.213	2189	0.19848
1983	483.457	2107	0.191045
1984	483.701	2100	0.19041
1985	483.945	2164	0.196213
1986	484.189	2083	0.188869
1987	484.432	2028	0.183882
1988	484.676	2108	0.191135
1989	484.920	2063	0.187055
1990	485.164	2150	0.194944
1991	485.408	2092	0.189685
1992	485.652	2116	0.191861
1993	485.896	2055	0.18633
1994	486.140	2013	0.182522
1995	486.383	2105	0.190863
1996	486.627	2086	0.189141
1997	486.871	2038	0.184788
1998	487.115	2033	0.184335
1999	487.359	2063	0.187055
2000	487.603	2028	0.183882
2001	487.847	2035	0.184516
2002	488.090	2088	0.189322
2003	488.334	2003	0.181615
2004	488.578	2044	0.185332
2005	488.822	2170	0.196757
2006	489.066	2052	0.186058
2007	489.310	2039	0.184879
2008	489.554	2033	0.184335
2009	489.797	2106	0.190954
2010	490.041	2066	0.187327
2011	490.285	2067	0.187418
2012	490.529	1926	0.174633
2013	490.773	2090	0.189503
2014	491.017	2005	0.181796
2015	491.261	2044	0.185332
2016	491.505	2092	0.189685
2017	491.748	2008	0.182068
2018	491.992	2037	0.184698
2019	492.236	2096	0.190047
2020	492.480	1989	0.180346
2021	492.724	1982	0.179711
2022	492.968	2070	0.18769
2023	493.212	1998	0.181162
2024	493.455	2045	0.185423
2025	493.699	2046	0.185514
2026	493.943	1986	0.180073
2027	494.187	2045	0.185423
2028	494.431	1922	0.174271
2029	494.675	2012	0.182431
2030	494.919	1946	0.176447
2031	495.163	2048	0.185695
2032	495.406	2038	0.184788
2033	495.650	1986	0.180073
2034	495.894	1978	0.179348
2035	496.138	2082	0.188778
2036	496.382	1961	0.177807
2037	496.626	2017	0.182884
2038	496.870	1989	0.180346
2039	497.113	2016	0.182794
2040	497.357	2032	0.184244
2041	497.601	2056	0.18642
2042	497.845	2075	0.188143
2043	498.089	2029	0.183972
2044	498.333	2063	0.187055
2045	498.577	1901	0.172366
2046	498.820	1949	0.176719
2047	499.064	1987	0.180164
2048	499.308	2007	0.181978
2049	499.552	2036	0.184607
2050	499.796	1997	0.181071
2051	500.040	2046	0.185514
2052	500.284	2008	0.182068
2053	500.528	2113	0.191589
2054	500.771	1967	0.178351
2055	501.015	1940	0.175903
2056	501.259	2003	0.181615
2057	501.503	1952	0.176991
2058	501.747	1972	0.178804
2059	501.991	2036	0.184607
2060	502.235	1963	0.177988
2061	502.478	2012	0.182431
2062	502.722	1961	0.177807
2063	502.966	2019	0.183066
2064	503.210	2020	0.183156
2065	503.454	2008	0.182068
2066	503.698	2067	0.187418
2067	503.942	2014	0.182612
2068	504.185	2015	0.182703
2069	504.429	2055	0.18633
2070	504.673	1989	0.180346
2071	504.917	2037	0.184698
2072	505.161	1966	0.17826
2073	505.405	1979	0.179439
2074	505.649	1990	0.180436
2075	505.893	1942	0.176084
2076	506.136	2018	0.182975
2077	506.380	1960	0.177716
2078	506.624	1973	0.178895
2079	506.868	1971	0.178713
2080	507.112	1990	0.180436
2081	507.356	1939	0.175812
2082	507.600	1977	0.179257
2083	507.843	1896	0.171913
2084	508.087	1875	0.170009
2085	508.331	1980	0.179529
2086	508.575	1962	0.177897
2087	508.819	1999	0.181252
2088	509.063	1897	0.172004
2089	509.307	2054	0.186239
2090	509.551	2150	0.194944
2091	509.794	2122	0.192405
2092	510.038	2237	0.202832
2093	510.282	2266	0.205462
2094	510.526	2361	0.214075
2095	510.770	2439	0.221148
2096	511.014	2442	0.22142
2097	511.258	2583	0.234204
2098	511.501	2719	0.246536
2099	511.745	2678	0.242818
2100	511.989	2844	0.25787
2101	512.233	2971	0.269385
2102	512.477	3636	0.329681
2103	512.721	4874	0.441933
2104	512.965	7970	0.722651
2105	513.208	13207	1.1975
2106	513.452	21606	1.95905
2107	513.696	33679	3.05372
2108	513.940	47592	4.31524
2109	514.184	62344	5.65282
2110	514.428	73886	6.69935
2111	514.672	78562	7.12333
2112	514.916	75441	6.84034
2113	515.159	65397	5.92964
2114	515.403	51198	4.6422
2115	515.647	36232	3.28521
2116	515.891	23629	2.14248
2117	516.135	14098	1.27829
2118	516.379	8229	0.746135
2119	516.623	5119	0.464147
2120	516.866	3430	0.311003
2121	517.110	2784	0.252429
2122	517.354	2545	0.230759
2123	517.598	2444	0.221601
2124	517.842	2535	0.229852
2125	518.086	2451	0.222236
2126	518.330	2530	0.229399
2127	518.573	2420	0.219425
2128	518.817	2264	0.20528
2129	519.061	2318	0.210176
2130	519.305	2193	0.198842
2131	519.549	2153	0.195216
2132	519.793	2250	0.204011
2133	520.037	2180	0.197664
2134	520.281	2170	0.196757
2135	520.524	2155	0.195397
2136	520.768	2253	0.204283
2137	521.012	2163	0.196122
2138	521.256	2222	0.201472
2139	521.500	2154	0.195306
2140	521.744	2158	0.195669
2141	521.988	2192	0.198752
2142	522.231	2230	0.202197
2143	522.475	2274	0.206187
2144	522.719	2299	0.208454
2145	522.963	2309	0.20936
2146	523.207	2307	0.209179
2147	523.451	2445	0.221692
2148	523.695	2284	0.207094
2149	523.939	2397	0.217339
2150	524.182	2451	0.222236
2151	524.426	2514	0.227948
2152	524.670	2566	0.232663
2153	524.914	2594	0.235202
2154	525.158	2532	0.22958
2155	525.402	2536	0.229943
2156	525.646	2594	0.235202
2157	525.889	2665	0.241639
2158	526.133	2759	0.250163
2159	526.377	2798	0.253699
2160	526.621	2893	0.262313
2161	526.865	2990	0.271108
2162	527.109	3229	0.292778
2163	527.353	3228	0.292687
2164	527.596	3339	0.302752
2165	527.840	3463	0.313995
2166	528.084	3326	0.301573
2167	528.328	3270	0.296496
2168	528.572	3074	0.278724
2169	528.816	2734	0.247896
2170	529.060	2597	0.235474
2171	529.304	2395	0.217158
2172	529.547	2339	0.212081
2173	529.791	2245	0.203557
2174	530.035	2224	0.201653
2175	530.279	2134	0.193493
2176	530.523	1970	0.178623
2177	530.767	2084	0.188959
2178	531.011	1901	0.172366
2179	531.254	1864	0.169012
2180	531.498	1900	0.172276
2181	531.742	1879	0.170372
2182	531.986	1884	0.170825
2183	532.230	1863	0.168921
2184	532.474	1861	0.16874
2185	532.718	1987	0.180164
2186	532.962	1823	0.165294
2187	533.205	1843	0.167107
2188	533.449	1932	0.175177
2189	533.693	1877	0.17019
2190	533.937	1812	0.164297
2191	534.181	1851	0.167833
2192	534.425	1845	0.167289
2193	534.669	1855	0.168196
2194	534.912	1977	0.179257
2195	535.156	1916	0.173726
2196	535.400	1864	0.169012
2197	535.644	1890	0.171369
2198	535.888	1885	0.170916
2199	536.132	1928	0.174815
2200	536.376	1955	0.177263
2201	536.619	1930	0.174996
2202	536.863	1966	0.17826
2203	537.107	1962	0.177897
2204	537.351	1923	0.174361
2205	537.595	1806	0.163753
2206	537.839	1818	0.164841
2207	538.083	1860	0.168649
2208	538.327	1775	0.160942
2209	538.570	1832	0.16611
2210	538.814	1826	0.165566
2211	539.058	1868	0.169374
2212	539.302	1862	0.16883
2213	539.546	1736	0.157406
2214	539.790	1754	0.159038
2215	540.034	1841	0.166926
2216	540.277	1828	0.165747
2217	540.521	1748	0.158494
2218	540.765	1757	0.15931
2219	541.009	1741	0.157859
2220	541.253	1802	0.16339
2221	541.497	1744	0.158131
2222	541.741	1769	0.160398
2223	541.984	1746	0.158312
2224	542.228	1807	0.163843
2225	542.472	1759	0.159491
2226	542.716	1762	0.159763
2227	542.960	1789	0.162211
2228	543.204	1715	0.155502
2229	543.448	1727	0.15659
2230	543.692	1793	0.162574
2231	543.935	1776	0.161032
2232	544.179	1786	0.161939
2233	544.423	1821	0.165113
2234	544.667	1783	0.161667
2235	544.911	1703	0.154413
2236	545.155	1807	0.163843
2237	545.399	1804	0.163571
2238	545.642	1793	0.162574
2239	545.886	1716	0.155592
2240	546.130	1693	0.153507
2241	546.374	1857	0.168377
2242	546.618	1763	0.159854
2243	546.862	1741	0.157859
2244	547.106	1700	0.154141
2245	547.350	1749	0.158584
2246	547.593	1715	0.155502
2247	547.837	1752	0.158856
2248	548.081	1825	0.165475
2249	548.325	1673	0.151693
2250	548.569	1773	0.16076
2251	548.813	1765	0.160035
2252	549.057	1710	0.155048
2253	549.300	1753	0.158947
2254	549.544	1724	0.156318
2255	549.788	1730	0.156862
2256	550.032	1722	0.156136
2257	550.276	1740	0.157768
2258	550.520	1715	0.155502
2259	550.764	1779	0.161305
2260	551.007	1683	0.1526
2261	551.251	1729	0.156771
2262	551.495	1740	0.157768
2263	551.739	1704	0.154504
2264	551.983	1798	0.163027
2265	552.227	1783	0.161667
2266	552.471	1804	0.163571
2267	552.715	1697	0.153869
2268	552.958	1711	0.155139
2269	553.202	1786	0.161939
2270	553.446	1754	0.159038
2271	553.690	1726	0.156499
2272	553.934	1763	0.159854
2273	554.178	1775	0.160942
2274	554.422	1694	0.153597
2275	554.665	1733	0.157134
2276	554.909	1713	0.15532
2277	555.153	1774	0.160851
2278	555.397	1720	0.155955
2279	555.641	1666	0.151059
2280	555.885	1752	0.158856
2281	556.129	1740	0.157768
2282	556.372	1721	0.156046
2283	556.616	1751	0.158766
2284	556.860	1718	0.155774
2285	557.104	1754	0.159038
2286	557.348	1687	0.152963
2287	557.592	1699	0.154051
2288	557.836	1784	0.161758
2289	558.080	1694	0.153597
2290	558.323	1744	0.158131
2291	558.567	1752	0.158856
2292	558.811	1643	0.148973
2293	559.055	1718	0.155774
2294	559.299	1741	0.157859
2295	559.543	1728	0.15668
2296	559.787	1722	0.156136
2297	560.030	1782	0.161577
2298	560.274	1763	0.159854
2299	560.518	1796	0.162846
2300	560.762	1640	0.148701
2301	561.006	1702	0.154323
2302	561.250	1742	0.15795
2303	561.494	1712	0.15523
2304	561.738	1700	0.154141
2305	561.981	1755	0.159128
2306	562.225	1708	0.154867
2307	562.469	1694	0.153597
2308	562.713	1755	0.159128
2309	562.957	1785	0.161849
2310	563.201	1766	0.160126
2311	563.445	1845	0.167289
2312	563.688	1765	0.160035
2313	563.932	1628	0.147613
2314	564.176	1661	0.150605
2315	564.420	1666	0.151059
2316	564.664	1685	0.152781
2317	564.908	1762	0.159763
2318	565.152	1745	0.158222
2319	565.395	1823	0.165294
2320	565.639	1763	0.159854
2321	565.883	1654	0.149971
2322	566.127	1723	0.156227
2323	566.371	1772	0.16067
2324	566.615	1715	0.155502
2325	566.859	1695	0.153688
2326	567.103	1763	0.159854
2327	567.346	1745	0.158222
2328	567.590	1678	0.152147
2329	567.834	1721	0.156046
2330	568.078	1816	0.164659
2331	568.322	1705	0.154595
2332	568.566	1812	0.164297
2333	568.810	1783	0.161667
2334	569.053	1745	0.158222
2335	569.297	1697	0.153869
2336	569.541	1717	0.155683
2337	569.785	1666	0.151059
2338	570.029	1747	0.158403
2339	570.273	1732	0.157043
2340	570.517	1782	0.161577
2341	570.761	1713	0.15532
2342	571.004	1739	0.157678
2343	571.248	1743	0.15804
2344	571.492	1717	0.155683
2345	571.736	1690	0.153235
2346	571.980	1715	0.155502
2347	572.224	1645	0.149155
2348	572.468	1777	0.161123
2349	572.711	1758	0.1594
2350	572.955	1740	0.157768
2351	573.199	1690	0.153235
2352	573.443	1766	0.160126
2353	573.687	1753	0.158947
2354	573.931	1746	0.158312
2355	574.175	1838	0.166654
2356	574.418	1706	0.154685
2357	574.662	1699	0.154051
2358	574.906	1736	0.157406
2359	575.150	1722	0.156136
2360	575.394	1826	0.165566
2361	575.638	1828	0.165747
2362	575.882	1739	0.157678
2363	576.126	1777	0.161123
2364	576.369	1688	0.153053
2365	576.613	1726	0.156499
2366	576.857	1759	0.159491
2367	577.101	1718	0.155774
2368	577.345	1670	0.151421
2369	577.589	1683	0.1526
2370	577.833	1767	0.160216
2371	578.076	1713	0.15532
2372	578.320	1752	0.158856
2373	578.564	1719	0.155864
2374	578.808	1752	0.158856
2375	579.052	1799	0.163118
2376	579.296	1744	0.158131
2377	579.540	1715	0.155502
2378	579.783	1797	0.162937
2379	580.027	1737	0.157496
2380	580.271	1768	0.160307
2381	580.515	1713	0.15532
2382	580.759	1716	0.155592
2383	581.003	1754	0.159038
2384	581.247	1741	0.157859
2385	581.491	1796	0.162846
2386	581.734	1795	0.162755
2387	581.978	1680	0.152328
2388	582.222	1740	0.157768
2389	582.466	1710	0.155048
2390	582.710	1709	0.154958
2391	582.954	1746	0.158312
2392	583.198	1728	0.15668
2393	583.441	1747	0.158403
2394	583.685	1798	0.163027
2395	583.929	1742	0.15795
2396	584.173	1814	0.164478
2397	584.417	1705	0.154595
2398	584.661	1780	0.161395
2399	584.905	1750	0.158675
2400	585.149	1750	0.158675
2401	585.392	1752	0.158856
2402	585.636	1759	0.159491
2403	585.880	1671	0.151512
2404	586.124	1748	0.158494
2405	586.368	1763	0.159854
2406	586.612	1728	0.15668
2407	586.856	1760	0.159582
2408	587.099	1691	0.153325
2409	587.343	1764	0.159944
2410	587.587	1792	0.162483
2411	587.831	1769	0.160398
2412	588.075	1790	0.162302
2413	588.319	1787	0.16203
2414	588.563	1787	0.16203
2415	588.806	1679	0.152237
2416	589.050	1690	0.153235
2417	589.294	1728	0.15668
2418	589.538	1783	0.161667
2419	589.782	1813	0.164387
2420	590.026	1781	0.161486
2421	590.270	1845	0.167289
2422	590.514	1716	0.155592
2423	590.757	1743	0.15804
2424	591.001	1765	0.160035
2425	591.245	1661	0.150605
2426	591.489	1713	0.15532
2427	591.733	1766	0.160126
2428	591.977	1729	0.156771
2429	592.221	1751	0.158766
2430	592.464	1784	0.161758
2431	592.708	1726	0.156499
2432	592.952	1777	0.161123
2433	593.196	1671	0.151512
2434	593.440	1739	0.157678
2435	593.684	1784	0.161758
2436	593.928	1766	0.160126
2437	594.171	1757	0.15931
2438	594.415	1772	0.16067
2439	594.659	1771	0.160579
2440	594.903	1816	0.164659
2441	595.147	1797	0.162937
2442	595.391	1752	0.158856
2443	595.635	1786	0.161939
2444	595.879	1793	0.162574
2445	596.122	1744	0.158131
2446	596.366	1733	0.157134
2447	596.610	1809	0.164025
2448	596.854	1682	0.152509
2449	597.098	1791	0.162393
2450	597.342	1742	0.15795
2451	597.586	1844	0.167198
2452	597.829	1691	0.153325
2453	598.073	1763	0.159854
2454	598.317	1790	0.162302
2455	598.561	1761	0.159672
2456	598.805	1788	0.162121
2457	599.049	1756	0.159219
2458	599.293	1751	0.158766
2459	599.537	1740	0.157768
2460	599.780	1835	0.166382
2461	600.024	1864	0.169012
2462	600.268	1806	0.163753
2463	600.512	1821	0.165113
2464	600.756	1799	0.163118
2465	601.000	1751	0.158766
2466	601.244	1754	0.159038
2467	601.487	1783	0.161667
2468	601.731	1810	0.164115
2469	601.975	1888	0.171188
2470	602.219	1843	0.167107
2471	602.463	1798	0.163027
2472	602.707	1790	0.162302
2473	602.951	1750	0.158675
2474	603.194	1835	0.166382
2475	603.438	1754	0.159038
2476	603.682	1711	0.155139
2477	603.926	1809	0.164025
2478	604.170	1727	0.15659
2479	604.414	1823	0.165294
2480	604.658	1766	0.160126
2481	604.902	1813	0.164387
2482	605.145	1853	0.168014
2483	605.389	1829	0.165838
2484	605.633	1738	0.157587
2485	605.877	1853	0.168014
2486	606.121	1880	0.170462
2487	606.365	1807	0.163843
2488	606.609	1839	0.166745
2489	606.852	1838	0.166654
2490	607.096	1810	0.164115
2491	607.340	1781	0.161486
2492	607.584	1820	0.165022
2493	607.828	1839	0.166745
2494	608.072	1814	0.164478
2495	608.316	1888	0.171188
2496	608.559	1815	0.164569
2497	608.803	1828	0.165747
2498	609.047	1846	0.167379
2499	609.291	1816	0.164659
2500	609.535	1845	0.167289
2501	609.779	1881	0.170553
2502	610.023	1784	0.161758
2503	610.267	1787	0.16203
2504	610.510	1756	0.159219
2505	610.754	1871	0.169646
2506	610.998	1822	0.165203
2507	611.242	1845	0.167289
2508	611.486	1832	0.16611
2509	611.730	1799	0.163118
2510	611.974	1852	0.167924
2511	612.217	1808	0.163934
2512	612.461	1865	0.169102
2513	612.705	1829	0.165838
2514	612.949	1829	0.165838
2515	613.193	1828	0.165747
2516	613.437	1835	0.166382
2517	613.681	1880	0.170462
2518	613.925	1846	0.167379
2519	614.168	1828	0.165747
2520	614.412	1818	0.164841
2521	614.656	1923	0.174361
2522	614.900	1827	0.165657
2523	615.144	1906	0.17282
2524	615.388	1838	0.166654
2525	615.632	1837	0.166563
2526	615.875	1775	0.160942
2527	616.119	1893	0.171641
2528	616.363	1926	0.174633
2529	616.607	1935	0.175449
2530	616.851	1900	0.172276
2531	617.095	1793	0.162574
2532	617.339	1820	0.165022
2533	617.582	1895	0.171822
2534	617.826	1842	0.167017
2535	618.070	1892	0.17155
2536	618.314	1914	0.173545
2537	618.558	1836	0.166473
2538	618.802	1843	0.167107
2539	619.046	1838	0.166654
2540	619.290	1880	0.170462
2541	619.533	1861	0.16874
2542	619.777	1870	0.169556
2543	620.021	1861	0.16874
2544	620.265	1895	0.171822
2545	620.509	1828	0.165747
2546	620.753	1910	0.173182
2547	620.997	1886	0.171006
2548	621.240	1876	0.1701
2549	621.484	1914	0.173545
2550	621.728	1874	0.169918
2551	621.972	1850	0.167742
2552	622.216	1879	0.170372
2553	622.460	1866	0.169193
2554	622.704	1880	0.170462
2555	622.948	1861	0.16874
2556	623.191	1890	0.171369
2557	623.435	1903	0.172548
2558	623.679	1877	0.17019
2559	623.923	1905	0.172729
2560	624.167	1901	0.172366
2561	624.411	1908	0.173001
2562	624.655	1954	0.177172
2563	624.898	1958	0.177535
2564	625.142	1837	0.166563
2565	625.386	1877	0.17019
2566	625.630	1930	0.174996
2567	625.874	1851	0.167833
2568	626.118	1920	0.174089
2569	626.362	1964	0.178079
2570	626.605	1839	0.166745
2571	626.849	1890	0.171369
2572	627.093	1924	0.174452
2573	627.337	1894	0.171732
2574	627.581	1967	0.178351
2575	627.825	1836	0.166473
2576	628.069	1941	0.175993
2577	628.313	1936	0.17554
2578	628.556	1923	0.174361
2579	628.800	1984	0.179892
2580	629.044	1910	0.173182
2581	629.288	1884	0.170825
2582	629.532	1826	0.165566
2583	629.776	1897	0.172004
2584	630.020	1762	0.159763
2585	630.263	1842	0.167017
2586	630.507	1922	0.174271
2587	630.751	1926	0.174633
2588	630.995	1902	0.172457
2589	631.239	1915	0.173636
2590	631.483	1921	0.17418
2591	631.727	1915	0.173636
2592	631.970	1967	0.178351
2593	632.214	1902	0.172457
2594	632.458	1987	0.180164
2595	632.702	1946	0.176447
2596	632.946	1889	0.171278
2597	633.190	1982	0.179711
2598	633.434	2074	0.188053
2599	633.678	1970	0.178623
2600	633.921	2008	0.182068
2601	634.165	1917	0.173817
2602	634.409	1955	0.177263
2603	634.653	1945	0.176356
2604	634.897	1946	0.176447
2605	635.141	1887	0.171097
2606	635.385	1938	0.175721
2607	635.628	1966	0.17826
2608	635.872	1932	0.175177
2609	636.116	1974	0.178985
2610	636.360	1973	0.178895
2611	636.604	2021	0.183247
2612	636.848	1968	0.178441
2613	637.092	1976	0.179167
2614	637.336	1954	0.177172
2615	637.579	2009	0.182159
2616	637.823	2018	0.182975
2617	638.067	1995	0.18089
2618	638.311	1988	0.180255
2619	638.555	1928	0.174815
2620	638.799	1943	0.176175
2621	639.043	1917	0.173817
2622	639.286	1964	0.178079
2623	639.530	1912	0.173364
2624	639.774	1943	0.176175
2625	640.018	1936	0.17554
2626	640.262	1878	0.170281
2627	640.506	1975	0.179076
2628	640.750	2017	0.182884
2629	640.993	1929	0.174905
2630	641.237	1966	0.17826
2631	641.481	2075	0.188143
2632	641.725	1910	0.173182
2633	641.969	1931	0.175087
2634	642.213	2027	0.183791
2635	642.457	1986	0.180073
2636	642.701	1987	0.180164
2637	642.944	1977	0.179257
2638	643.188	2074	0.188053
2639	643.432	2010	0.18225
2640	643.676	2012	0.182431
2641	643.920	2022	0.183338
2642	644.164	1927	0.174724
2643	644.408	2020	0.183156
2644	644.651	2002	0.181524
2645	644.895	2017	0.182884
2646	645.139	2034	0.184426
2647	645.383	2005	0.181796
2648	645.627	2063	0.187055
2649	645.871	2095	0.189957
2650	646.115	1964	0.178079
2651	646.358	2083	0.188869
2652	646.602	2012	0.182431
2653	646.846	1980	0.179529
2654	647.090	2003	0.181615
2655	647.334	2076	0.188234
2656	647.578	2095	0.189957
2657	647.822	2078	0.188415
2658	648.066	2159	0.19576
2659	648.309	1979	0.179439
2660	648.553	2069	0.187599
2661	648.797	2089	0.189413
2662	649.041	2121	0.192314
2663	649.285	2101	0.190501
2664	649.529	2037	0.184698
2665	649.773	2027	0.183791
2666	650.016	2039	0.184879
2667	650.260	2041	0.18506
2668	650.504	2120	0.192223
2669	650.748	2152	0.195125
2670	650.992	2024	0.183519
2671	651.236	2070	0.18769
2672	651.480	2070	0.18769
2673	651.724	2055	0.18633
2674	651.967	2124	0.192586
2675	652.211	2040	0.18497
2676	652.455	2121	0.192314
2677	652.699	2001	0.181434
2678	652.943	2116	0.191861
2679	653.187	2171	0.196848
2680	653.431	2072	0.187871
2681	653.674	2045	0.185423
2682	653.918	2121	0.192314
2683	654.162	2090	0.189503
2684	654.406	2121	0.192314
2685	654.650	2092	0.189685
2686	654.894	2047	0.185604
2687	655.138	2143	0.194309
2688	655.381	2170	0.196757
2689	655.625	2116	0.191861
2690	655.869	2144	0.1944
2691	656.113	2099	0.190319
2692	656.357	2126	0.192768
2693	656.601	2124	0.192586
2694	656.845	2168	0.196576
2695	657.089	2102	0.190591
2696	657.332	2164	0.196213
2697	657.576	2175	0.19721
2698	657.820	2103	0.190682
2699	658.064	2167	0.196485
2700	658.308	2259	0.204827
2701	658.552	2160	0.19585
2702	658.796	2146	0.194581
2703	659.039	2104	0.190773
2704	659.283	2127	0.192858
2705	659.527	2249	0.20392
2706	659.771	2374	0.215254
2707	660.015	2654	0.240642
2708	660.259	3181	0.288426
2709	660.503	4629	0.419718
2710	660.746	6761	0.61303
2711	660.990	10742	0.973993
2712	661.234	16491	1.49526
2713	661.478	25042	2.27059
2714	661.722	34674	3.14394
2715	661.966	43677	3.96026
2716	662.210	50558	4.58417
2717	662.454	53582	4.85836
2718	662.697	51912	4.70694
2719	662.941	45650	4.13915
2720	663.185	36692	3.32692
2721	663.429	26969	2.44532
2722	663.673	18563	1.68313
2723	663.917	11547	1.04698
2724	664.161	7229	0.655464
2725	664.404	4643	0.420988
2726	664.648	3300	0.299216
2727	664.892	2837	0.257235
2728	665.136	2395	0.217158
2729	665.380	2338	0.21199
2730	665.624	2314	0.209814
2731	665.868	2266	0.205462
2732	666.112	2264	0.20528
2733	666.355	2244	0.203467
2734	666.599	2199	0.199387
2735	666.843	2366	0.214529
2736	667.087	2275	0.206278
2737	667.331	2305	0.208998
2738	667.575	2349	0.212987
2739	667.819	2249	0.20392
2740	668.062	2189	0.19848
2741	668.306	2207	0.200112
2742	668.550	2218	0.201109
2743	668.794	2293	0.20791
2744	669.038	2177	0.197392
2745	669.282	2352	0.213259
2746	669.526	2308	0.20927
2747	669.769	2233	0.202469
2748	670.013	2253	0.204283
2749	670.257	2251	0.204101
2750	670.501	2255	0.204464
2751	670.745	2246	0.203648
2752	670.989	2311	0.209542
2753	671.233	2417	0.219153
2754	671.477	2303	0.208816
2755	671.720	2261	0.205008
2756	671.964	2364	0.214347
2757	672.208	2383	0.21607
2758	672.452	2207	0.200112
2759	672.696	2411	0.218609
2760	672.940	2307	0.209179
2761	673.184	2380	0.215798
2762	673.427	2395	0.217158
2763	673.671	2264	0.20528
2764	673.915	2339	0.212081
2765	674.159	2378	0.215617
2766	674.403	2339	0.212081
2767	674.647	2442	0.22142
2768	674.891	2348	0.212897
2769	675.135	2347	0.212806
2770	675.378	2439	0.221148
2771	675.622	2479	0.224775
2772	675.866	2398	0.21743
2773	676.110	2371	0.214982
2774	676.354	2332	0.211446
2775	676.598	2351	0.213169
2776	676.842	2333	0.211536
2777	677.085	2312	0.209632
2778	677.329	2414	0.218881
2779	677.573	2248	0.203829
2780	677.817	2312	0.209632
2781	678.061	2424	0.219788
2782	678.305	2343	0.212443
2783	678.549	2402	0.217793
2784	678.792	2310	0.209451
2785	679.036	2406	0.218156
2786	679.280	2448	0.221964
2787	679.524	2400	0.217611
2788	679.768	2365	0.214438
2789	680.012	2432	0.220513
2790	680.256	2451	0.222236
2791	680.500	2405	0.218065
2792	680.743	2468	0.223777
2793	680.987	2401	0.217702
2794	681.231	2397	0.217339
2795	681.475	2434	0.220694
2796	681.719	2347	0.212806
2797	681.963	2338	0.21199
2798	682.207	2413	0.21879
2799	682.450	2482	0.225047
2800	682.694	2332	0.211446
2801	682.938	2345	0.212625
2802	683.182	2468	0.223777
2803	683.426	2417	0.219153
2804	683.670	2423	0.219697
2805	683.914	2415	0.218972
2806	684.157	2434	0.220694
2807	684.401	2574	0.233388
2808	684.645	2423	0.219697
2809	684.889	2488	0.225591
2810	685.133	2488	0.225591
2811	685.377	2444	0.221601
2812	685.621	2383	0.21607
2813	685.865	2541	0.230396
2814	686.108	2490	0.225772
2815	686.352	2388	0.216523
2816	686.596	2422	0.219606
2817	686.840	2445	0.221692
2818	687.084	2328	0.211083
2819	687.328	2409	0.218428
2820	687.572	2345	0.212625
2821	687.815	2421	0.219516
2822	688.059	2373	0.215163
2823	688.303	2441	0.221329
2824	688.547	2351	0.213169
2825	688.791	2436	0.220876
2826	689.035	2466	0.223596
2827	689.279	2394	0.217067
2828	689.523	2383	0.21607
2829	689.766	2460	0.223052
2830	690.010	2488	0.225591
2831	690.254	2396	0.217249
2832	690.498	2352	0.213259
2833	690.742	2491	0.225863
2834	690.986	2424	0.219788
2835	691.230	2427	0.22006
2836	691.473	2439	0.221148
2837	691.717	2390	0.216705
2838	691.961	2509	0.227495
2839	692.205	2520	0.228492
2840	692.449	2520	0.228492
2841	692.693	2417	0.219153
2842	692.937	2469	0.223868
2843	693.180	2398	0.21743
2844	693.424	2352	0.213259
2845	693.668	2432	0.220513
2846	693.912	2455	0.222598
2847	694.156	2370	0.214891
2848	694.400	2344	0.212534
2849	694.644	2429	0.220241
2850	694.888	2359	0.213894
2851	695.131	2354	0.213441
2852	695.375	2346	0.212715
2853	695.619	2490	0.225772
2854	695.863	2345	0.212625
2855	696.107	2338	0.21199
2856	696.351	2331	0.211355
2857	696.595	2326	0.210902
2858	696.838	2326	0.210902
2859	697.082	2252	0.204192
2860	697.326	2287	0.207366
2861	697.570	2301	0.208635
2862	697.814	2169	0.196666
2863	698.058	2260	0.204917
2864	698.302	2275	0.206278
2865	698.545	2203	0.199749
2866	698.789	2265	0.205371
2867	699.033	2263	0.205189
2868	699.277	2139	0.193946
2869	699.521	2112	0.191498
2870	699.765	2140	0.194037
2871	700.009	2043	0.185242
2872	700.253	2099	0.190319
2873	700.496	2090	0.189503
2874	700.740	2036	0.184607
2875	700.984	1983	0.179801
2876	701.228	2021	0.183247
2877	701.472	2032	0.184244
2878	701.716	1998	0.181162
2879	701.960	1973	0.178895
2880	702.203	2041	0.18506
2881	702.447	1933	0.175268
2882	702.691	1941	0.175993
2883	702.935	1813	0.164387
2884	703.179	1930	0.174996
2885	703.423	1867	0.169284
2886	703.667	1889	0.171278
2887	703.911	1995	0.18089
2888	704.154	1885	0.170916
2889	704.398	1817	0.16475
2890	704.642	1866	0.169193
2891	704.886	1788	0.162121
2892	705.130	1869	0.169465
2893	705.374	1841	0.166926
2894	705.618	1789	0.162211
2895	705.861	1781	0.161486
2896	706.105	1780	0.161395
2897	706.349	1720	0.155955
2898	706.593	1752	0.158856
2899	706.837	1782	0.161577
2900	707.081	1707	0.154776
2901	707.325	1739	0.157678
2902	707.568	1716	0.155592
2903	707.812	1791	0.162393
2904	708.056	1798	0.163027
2905	708.300	1726	0.156499
2906	708.544	1751	0.158766
2907	708.788	1650	0.149608
2908	709.032	1741	0.157859
2909	709.276	1628	0.147613
2910	709.519	1707	0.154776
2911	709.763	1788	0.162121
2912	710.007	1737	0.157496
2913	710.251	1762	0.159763
2914	710.495	1686	0.152872
2915	710.739	1684	0.152691
2916	710.983	1696	0.153779
2917	711.226	1679	0.152237
2918	711.470	1702	0.154323
2919	711.714	1601	0.145165
2920	711.958	1710	0.155048
2921	712.202	1679	0.152237
2922	712.446	1679	0.152237
2923	712.690	1632	0.147976
2924	712.933	1699	0.154051
2925	713.177	1652	0.149789
2926	713.421	1719	0.155864
2927	713.665	1724	0.156318
2928	713.909	1596	0.144712
2929	714.153	1664	0.150877
2930	714.397	1621	0.146978
2931	714.641	1625	0.147341
2932	714.884	1694	0.153597
2933	715.128	1642	0.148883
2934	715.372	1682	0.152509
2935	715.616	1686	0.152872
2936	715.860	1650	0.149608
2937	716.104	1665	0.150968
2938	716.348	1614	0.146344
2939	716.591	1516	0.137458
2940	716.835	1640	0.148701
2941	717.079	1621	0.146978
2942	717.323	1626	0.147432
2943	717.567	1647	0.149336
2944	717.811	1574	0.142717
2945	718.055	1666	0.151059
2946	718.299	1694	0.153597
2947	718.542	1672	0.151603
2948	718.786	1608	0.1458
2949	719.030	1479	0.134103
2950	719.274	1557	0.141175
2951	719.518	1617	0.146616
2952	719.762	1584	0.143624
2953	720.006	1607	0.145709
2954	720.249	1524	0.138183
2955	720.493	1572	0.142536
2956	720.737	1604	0.145437
2957	720.981	1540	0.139634
2958	721.225	1533	0.138999
2959	721.469	1490	0.1351
2960	721.713	1494	0.135463
2961	721.956	1546	0.140178
2962	722.200	1527	0.138455
2963	722.444	1591	0.144258
2964	722.688	1614	0.146344
2965	722.932	1577	0.142989
2966	723.176	1626	0.147432
2967	723.420	1646	0.149245
2968	723.664	1527	0.138455
2969	723.907	1598	0.144893
2970	724.151	1549	0.14045
2971	724.395	1589	0.144077
2972	724.639	1609	0.14589
2973	724.883	1483	0.134466
2974	725.127	1550	0.140541
2975	725.371	1526	0.138365
2976	725.614	1553	0.140813
2977	725.858	1585	0.143714
2978	726.102	1526	0.138365
2979	726.346	1634	0.148157
2980	726.590	1524	0.138183
2981	726.834	1527	0.138455
2982	727.078	1524	0.138183
2983	727.322	1509	0.136823
2984	727.565	1560	0.141447
2985	727.809	1574	0.142717
2986	728.053	1513	0.137186
2987	728.297	1486	0.134738
2988	728.541	1519	0.13773
2989	728.785	1475	0.13374
2990	729.029	1573	0.142626
2991	729.272	1507	0.136642
2992	729.516	1536	0.139271
2993	729.760	1560	0.141447
2994	730.004	1543	0.139906
2995	730.248	1469	0.133196
2996	730.492	1528	0.138546
2997	730.736	1523	0.138093
2998	730.979	1602	0.145256
2999	731.223	1541	0.139725
3000	731.467	1534	0.13909
3001	731.711	1506	0.136551
3002	731.955	1478	0.134012
3003	732.199	1482	0.134375
3004	732.443	1482	0.134375
3005	732.687	1544	0.139997
3006	732.930	1550	0.140541
3007	733.174	1471	0.133378
3008	733.418	1490	0.1351
3009	733.662	1436	0.130204
3010	733.906	1452	0.131655
3011	734.150	1475	0.13374
3012	734.394	1498	0.135826
3013	734.637	1463	0.132652
3014	734.881	1537	0.139362
3015	735.125	1499	0.135917
3016	735.369	1455	0.131927
3017	735.613	1519	0.13773
3018	735.857	1462	0.132562
3019	736.101	1511	0.137005
3020	736.344	1584	0.143624
3021	736.588	1502	0.136189
3022	736.832	1471	0.133378
3023	737.076	1464	0.132743
3024	737.320	1525	0.138274
3025	737.564	1466	0.132924
3026	737.808	1449	0.131383
3027	738.052	1495	0.135554
3028	738.295	1495	0.135554
3029	738.539	1467	0.133015
3030	738.783	1419	0.128663
3031	739.027	1454	0.131836
3032	739.271	1469	0.133196
3033	739.515	1496	0.135644
3034	739.759	1418	0.128572
3035	740.002	1457	0.132108
3036	740.246	1479	0.134103
3037	740.490	1467	0.133015
3038	740.734	1348	0.122225
3039	740.978	1429	0.12957
3040	741.222	1437	0.130295
3041	741.466	1448	0.131292
3042	741.710	1397	0.126668
3043	741.953	1465	0.132834
3044	742.197	1440	0.130567
3045	742.441	1388	0.125852
3046	742.685	1403	0.127212
3047	742.929	1416	0.128391
3048	743.173	1469	0.133196
3049	743.417	1458	0.132199
3050	743.660	1353	0.122678
3051	743.904	1461	0.132471
3052	744.148	1364	0.123676
3053	744.392	1386	0.125671
3054	744.636	1489	0.13501
3055	744.880	1441	0.130658
3056	745.124	1492	0.135282
3057	745.367	1390	0.126033
3058	745.611	1432	0.129842
3059	745.855	1403	0.127212
3060	746.099	1392	0.126215
3061	746.343	1441	0.130658
3062	746.587	1305	0.118326
3063	746.831	1431	0.129751
3064	747.075	1369	0.124129
3065	747.318	1447	0.131202
3066	747.562	1424	0.129116
3067	747.806	1391	0.126124
3068	748.050	1452	0.131655
3069	748.294	1450	0.131474
3070	748.538	1397	0.126668
3071	748.782	1420	0.128753
3072	749.025	1401	0.127031
3073	749.269	1424	0.129116
3074	749.513	1341	0.12159
3075	749.757	1438	0.130386
3076	750.001	1423	0.129025
3077	750.245	1409	0.127756
3078	750.489	1409	0.127756
3079	750.732	1398	0.126759
3080	750.976	1332	0.120774
3081	751.220	1403	0.127212
3082	751.464	1436	0.130204
3083	751.708	1385	0.12558
3084	751.952	1287	0.116694
3085	752.196	1369	0.124129
3086	752.440	1338	0.121318
3087	752.683	1367	0.123948
3088	752.927	1457	0.132108
3089	753.171	1395	0.126487
3090	753.415	1397	0.126668
3091	753.659	1304	0.118236
3092	753.903	1308	0.118598
3093	754.147	1395	0.126487
3094	754.390	1344	0.121862
3095	754.634	1366	0.123857
3096	754.878	1397	0.126668
3097	755.122	1375	0.124673
3098	755.366	1353	0.122678
3099	755.610	1361	0.123404
3100	755.854	1390	0.126033
3101	756.098	1393	0.126305
3102	756.341	1326	0.12023
3103	756.585	1327	0.120321
3104	756.829	1334	0.120956
3105	757.073	1341	0.12159
3106	757.317	1349	0.122316
3107	757.561	1346	0.122044
3108	757.805	1321	0.119777
3109	758.048	1407	0.127575
3110	758.292	1294	0.117329
3111	758.536	1368	0.124039
3112	758.780	1358	0.123132
3113	759.024	1354	0.122769
3114	759.268	1317	0.119414
3115	759.512	1273	0.115425
3116	759.755	1347	0.122134
3117	759.999	1342	0.121681
3118	760.243	1323	0.119958
3119	760.487	1304	0.118236
3120	760.731	1416	0.128391
3121	760.975	1323	0.119958
3122	761.219	1352	0.122588
3123	761.463	1327	0.120321
3124	761.706	1272	0.115334
3125	761.950	1305	0.118326
3126	762.194	1285	0.116513
3127	762.438	1327	0.120321
3128	762.682	1355	0.12286
3129	762.926	1319	0.119596
3130	763.170	1239	0.112342
3131	763.413	1299	0.117782
3132	763.657	1290	0.116966
3133	763.901	1261	0.114337
3134	764.145	1306	0.118417
3135	764.389	1290	0.116966
3136	764.633	1216	0.110256
3137	764.877	1240	0.112433
3138	765.121	1319	0.119596
3139	765.364	1269	0.115062
3140	765.608	1331	0.120684
3141	765.852	1220	0.110619
3142	766.096	1275	0.115606
3143	766.340	1334	0.120956
3144	766.584	1285	0.116513
3145	766.828	1302	0.118054
3146	767.071	1315	0.119233
3147	767.315	1324	0.120049
3148	767.559	1220	0.110619
3149	767.803	1289	0.116875
3150	768.047	1264	0.114609
3151	768.291	1234	0.111889
3152	768.535	1266	0.11479
3153	768.778	1277	0.115787
3154	769.022	1204	0.109168
3155	769.266	1232	0.111707
3156	769.510	1242	0.112614
3157	769.754	1259	0.114155
3158	769.998	1263	0.114518
3159	770.242	1287	0.116694
3160	770.486	1246	0.112977
3161	770.729	1193	0.108171
3162	770.973	1251	0.11343
3163	771.217	1221	0.11071
3164	771.461	1219	0.110528
3165	771.705	1246	0.112977
3166	771.949	1220	0.110619
3167	772.193	1134	0.102821
3168	772.436	1253	0.113611
3169	772.680	1297	0.117601
3170	772.924	1248	0.113158
3171	773.168	1154	0.104635
3172	773.412	1207	0.10944
3173	773.656	1249	0.113249
3174	773.900	1202	0.108987
3175	774.143	1221	0.11071
3176	774.387	1286	0.116603
3177	774.631	1242	0.112614
3178	774.875	1140	0.103365
3179	775.119	1253	0.113611
3180	775.363	1229	0.111435
3181	775.607	1199	0.108715
3182	775.851	1224	0.110982
3183	776.094	1214	0.110075
3184	776.338	1267	0.114881
3185	776.582	1154	0.104635
3186	776.826	1153	0.104544
3187	777.070	1245	0.112886
3188	777.314	1184	0.107355
3189	777.558	1239	0.112342
3190	777.801	1193	0.108171
3191	778.045	1168	0.105904
3192	778.289	1225	0.111073
3193	778.533	1249	0.113249
3194	778.777	1269	0.115062
3195	779.021	1173	0.106358
3196	779.265	1175	0.106539
3197	779.509	1216	0.110256
3198	779.752	1178	0.106811
3199	779.996	1061	0.0962024
3200	780.240	1168	0.105904
3201	780.484	1162	0.10536
3202	780.728	1245	0.112886
3203	780.972	1207	0.10944
3204	781.216	1182	0.107174
3205	781.459	1179	0.106902
3206	781.703	1144	0.103728
3207	781.947	1159	0.105088
3208	782.191	1168	0.105904
3209	782.435	1161	0.10527
3210	782.679	1158	0.104998
3211	782.923	1187	0.107627
3212	783.166	1159	0.105088
3213	783.410	1146	0.103909
3214	783.654	1154	0.104635
3215	783.898	1163	0.105451
3216	784.142	1153	0.104544
3217	784.386	1135	0.102912
3218	784.630	1183	0.107264
3219	784.874	1160	0.105179
3220	785.117	1171	0.106176
3221	785.361	1222	0.110801
3222	785.605	1053	0.095477
3223	785.849	1139	0.103275
3224	786.093	1143	0.103637
3225	786.337	1129	0.102368
3226	786.581	1085	0.0983785
3227	786.824	1216	0.110256
3228	787.068	1147	0.104
3229	787.312	1126	0.102096
3230	787.556	1194	0.108262
3231	787.800	1127	0.102187
3232	788.044	1156	0.104816
3233	788.288	1097	0.0994666
3234	788.531	1129	0.102368
3235	788.775	1184	0.107355
3236	789.019	1159	0.105088
3237	789.263	1116	0.101189
3238	789.507	1154	0.104635
3239	789.751	1105	0.100192
3240	789.995	1117	0.10128
3241	790.239	1142	0.103547
3242	790.482	1122	0.101733
3243	790.726	1136	0.103003
3244	790.970	1113	0.100917
3245	791.214	1127	0.102187
3246	791.458	1170	0.106086
3247	791.702	1089	0.0987412
3248	791.946	1093	0.0991039
3249	792.189	1111	0.100736
3250	792.433	1104	0.100101
3251	792.677	1115	0.101099
3252	792.921	1148	0.104091
3253	793.165	1139	0.103275
3254	793.409	1117	0.10128
3255	793.653	1103	0.100011
3256	793.897	1106	0.100283
3257	794.140	1118	0.101371
3258	794.384	1077	0.0976532
3259	794.628	1117	0.10128
3260	794.872	1141	0.103456
3261	795.116	1136	0.103003
3262	795.360	1111	0.100736
3263	795.604	1114	0.101008
3264	795.847	1091	0.0989226
3265	796.091	1138	0.103184
3266	796.335	1153	0.104544
3267	796.579	1111	0.100736
3268	796.823	1134	0.102821
3269	797.067	1125	0.102005
3270	797.311	1135	0.102912
3271	797.554	1063	0.0963838
3272	797.798	1118	0.101371
3273	798.042	1076	0.0975625
3274	798.286	1098	0.0995573
3275	798.530	1120	0.101552
3276	798.774	1148	0.104091
3277	799.018	1063	0.0963838
3278	799.262	1071	0.0971091
3279	799.505	1135	0.102912
3280	799.749	1103	0.100011
3281	799.993	1068	0.0968371
3282	800.237	1088	0.0986505
3283	800.481	1127	0.102187
3284	800.725	1038	0.094117
3285	800.969	1098	0.0995573
3286	801.212	1088	0.0986505
3287	801.456	1142	0.103547
3288	801.700	1143	0.103637
3289	801.944	1160	0.105179
3290	802.188	1111	0.100736
3291	802.432	1052	0.0953864
3292	802.676	1121	0.101643
3293	802.919	1107	0.100373
3294	803.163	1144	0.103728
3295	803.407	1112	0.100827
3296	803.651	1078	0.0977438
3297	803.895	1062	0.0962931
3298	804.139	1119	0.101461
3299	804.383	1141	0.103456
3300	804.627	1171	0.106176
3301	804.870	1054	0.0955677
3302	805.114	1114	0.101008
3303	805.358	1119	0.101461
3304	805.602	1106	0.100283
3305	805.846	1109	0.100555
3306	806.090	1089	0.0987412
3307	806.334	1074	0.0973811
3308	806.577	1097	0.0994666
3309	806.821	1078	0.0977438
3310	807.065	1066	0.0966558
3311	807.309	1085	0.0983785
3312	807.553	1099	0.0996479
3313	807.797	1095	0.0992852
3314	808.041	1065	0.0965651
3315	808.285	1106	0.100283
3316	808.528	1070	0.0970185
3317	808.772	1104	0.100101
3318	809.016	1074	0.0973811
3319	809.260	1016	0.0921222
3320	809.504	1045	0.0947517
3321	809.748	1049	0.0951144
3322	809.992	1116	0.101189
3323	810.235	1047	0.094933
3324	810.479	1133	0.102731
3325	810.723	1070	0.0970185
3326	810.967	1045	0.0947517
3327	811.211	1107	0.100373
3328	811.455	1097	0.0994666
3329	811.699	1092	0.0990132
3330	811.942	1101	0.0998293
3331	812.186	1082	0.0981065
3332	812.430	1086	0.0984692
3333	812.674	1192	0.10808
3334	812.918	1180	0.106992
3335	813.162	1241	0.112523
3336	813.406	1441	0.130658
3337	813.650	1590	0.144168
3338	813.893	1841	0.166926
3339	814.137	2063	0.187055
3340	814.381	2411	0.218609
3341	814.625	2515	0.228039
3342	814.869	2624	0.237922
3343	815.113	2543	0.230577
3344	815.357	2409	0.218428
3345	815.600	2204	0.19984
3346	815.844	1881	0.170553
3347	816.088	1631	0.147885
3348	816.332	1388	0.125852
3349	816.576	1255	0.113793
3350	816.820	1137	0.103093
3351	817.064	1079	0.0978345
3352	817.308	1102	0.0999199
3353	817.551	1099	0.0996479
3354	817.795	1073	0.0972905
3355	818.039	1092	0.0990132
3356	818.283	1067	0.0967464
3357	818.527	1038	0.094117
3358	818.771	1125	0.102005
3359	819.015	1108	0.100464
3360	819.258	1096	0.0993759
3361	819.502	1053	0.095477
3362	819.746	1093	0.0991039
3363	819.990	1094	0.0991946
3364	820.234	1070	0.0970185
3365	820.478	1084	0.0982879
3366	820.722	1168	0.105904
3367	820.965	1142	0.103547
3368	821.209	1151	0.104363
3369	821.453	1148	0.104091
3370	821.697	1181	0.107083
3371	821.941	1178	0.106811
3372	822.185	1204	0.109168
3373	822.429	1139	0.103275
3374	822.673	1197	0.108534
3375	822.916	1240	0.112433
3376	823.160	1146	0.103909
3377	823.404	1086	0.0984692
3378	823.648	1135	0.102912
3379	823.892	1112	0.100827
3380	824.136	1122	0.101733
3381	824.380	1197	0.108534
3382	824.623	1043	0.0945703
3383	824.867	1115	0.101099
3384	825.111	1129	0.102368
3385	825.355	1161	0.10527
3386	825.599	1138	0.103184
3387	825.843	1103	0.100011
3388	826.087	1061	0.0962024
3389	826.330	1093	0.0991039
3390	826.574	1062	0.0962931
3391	826.818	1068	0.0968371
3392	827.062	1036	0.0939356
3393	827.306	1088	0.0986505
3394	827.550	1106	0.100283
3395	827.794	1085	0.0983785
3396	828.038	1172	0.106267
3397	828.281	1186	0.107536
3398	828.525	1141	0.103456
3399	828.769	1147	0.104
3400	829.013	1157	0.104907
3401	829.257	1173	0.106358
3402	829.501	1154	0.104635
3403	829.745	1152	0.104454
3404	829.988	1154	0.104635
3405	830.232	1139	0.103275
3406	830.476	1142	0.103547
3407	830.720	1056	0.0957491
3408	830.964	1077	0.0976532
3409	831.208	1154	0.104635
3410	831.452	1089	0.0987412
3411	831.696	1096	0.0993759
3412	831.939	1070	0.0970185
3413	832.183	1082	0.0981065
3414	832.427	1098	0.0995573
3415	832.671	1022	0.0926662
3416	832.915	1094	0.0991946
3417	833.159	1055	0.0956584
3418	833.403	1093	0.0991039
3419	833.646	1155	0.104726
3420	833.890	1122	0.101733
3421	834.134	1115	0.101099
3422	834.378	1142	0.103547
3423	834.622	1086	0.0984692
3424	834.866	1119	0.101461
3425	835.110	1094	0.0991946
3426	835.353	1108	0.100464
3427	835.597	1091	0.0989226
3428	835.841	1132	0.10264
3429	836.085	1115	0.101099
3430	836.329	1100	0.0997386
3431	836.573	1056	0.0957491
3432	836.817	1108	0.100464
3433	837.061	1148	0.104091
3434	837.304	1132	0.10264
3435	837.548	1079	0.0978345
3436	837.792	1126	0.102096
3437	838.036	1065	0.0965651
3438	838.280	1068	0.0968371
3439	838.524	1142	0.103547
3440	838.768	1105	0.100192
3441	839.011	1102	0.0999199
3442	839.255	1162	0.10536
3443	839.499	1153	0.104544
3444	839.743	1127	0.102187
3445	839.987	1098	0.0995573
3446	840.231	1106	0.100283
3447	840.475	1089	0.0987412
3448	840.718	1113	0.100917
3449	840.962	1076	0.0975625
3450	841.206	1122	0.101733
3451	841.450	1159	0.105088
3452	841.694	1122	0.101733
3453	841.938	1048	0.0950237
3454	842.182	1138	0.103184
3455	842.426	1048	0.0950237
3456	842.669	1102	0.0999199
3457	842.913	1055	0.0956584
3458	843.157	1094	0.0991946
3459	843.401	1082	0.0981065
3460	843.645	1138	0.103184
3461	843.889	1165	0.105632
3462	844.133	1109	0.100555
3463	844.376	1127	0.102187
3464	844.620	1094	0.0991946
3465	844.864	1082	0.0981065
3466	845.108	1095	0.0992852
3467	845.352	1096	0.0993759
3468	845.596	1114	0.101008
3469	845.840	1100	0.0997386
3470	846.084	1099	0.0996479
3471	846.327	1136	0.103003
3472	846.571	1120	0.101552
3473	846.815	1104	0.100101
3474	847.059	1067	0.0967464
3475	847.303	1146	0.103909
3476	847.547	1119	0.101461
3477	847.791	1129	0.102368
3478	848.034	1146	0.103909
3479	848.278	1130	0.102459
3480	848.522	1055	0.0956584
3481	848.766	1034	0.0937543
3482	849.010	1142	0.103547
3483	849.254	1139	0.103275
3484	849.498	1098	0.0995573
3485	849.741	1138	0.103184
3486	849.985	1095	0.0992852
3487	850.229	1101	0.0998293
3488	850.473	1098	0.0995573
3489	850.717	1178	0.106811
3490	850.961	1162	0.10536
3491	851.205	1160	0.105179
3492	851.449	1186	0.107536
3493	851.692	1123	0.101824
3494	851.936	1097	0.0994666
3495	852.180	1140	0.103365
3496	852.424	1143	0.103637
3497	852.668	1120	0.101552
3498	852.912	1176	0.10663
3499	853.156	1132	0.10264
3500	853.399	1097	0.0994666
3501	853.643	1091	0.0989226
3502	853.887	1175	0.106539
3503	854.131	1161	0.10527
3504	854.375	1109	0.100555
3505	854.619	1181	0.107083
3506	854.863	1171	0.106176
3507	855.106	1072	0.0971998
3508	855.350	1174	0.106448
3509	855.594	1149	0.104181
3510	855.838	1107	0.100373
3511	856.082	1123	0.101824
3512	856.326	1110	0.100645
3513	856.570	1165	0.105632
3514	856.814	1113	0.100917
3515	857.057	1120	0.101552
3516	857.301	1182	0.107174
3517	857.545	1092	0.0990132
3518	857.789	1156	0.104816
3519	858.033	1153	0.104544
3520	858.277	1114	0.101008
3521	858.521	1171	0.106176
3522	858.764	1162	0.10536
3523	859.008	1120	0.101552
3524	859.252	1159	0.105088
3525	859.496	1123	0.101824
3526	859.740	1154	0.104635
3527	859.984	1193	0.108171
3528	860.228	1164	0.105542
3529	860.472	1135	0.102912
3530	860.715	1131	0.102549
3531	860.959	1109	0.100555
3532	861.203	1116	0.101189
3533	861.447	1179	0.106902
3534	861.691	1144	0.103728
3535	861.935	1199	0.108715
3536	862.179	1186	0.107536
3537	862.422	1183	0.107264
3538	862.666	1123	0.101824
3539	862.910	1162	0.10536
3540	863.154	1202	0.108987
3541	863.398	1160	0.105179
3542	863.642	1182	0.107174
3543	863.886	1139	0.103275
3544	864.129	1122	0.101733
3545	864.373	1092	0.0990132
3546	864.617	1167	0.105814
3547	864.861	1131	0.102549
3548	865.105	1141	0.103456
3549	865.349	1141	0.103456
3550	865.593	1197	0.108534
3551	865.837	1095	0.0992852
3552	866.080	1127	0.102187
3553	866.324	1146	0.103909
3554	866.568	1154	0.104635
3555	866.812	1138	0.103184
3556	867.056	1192	0.10808
3557	867.300	1182	0.107174
3558	867.544	1145	0.103819
3559	867.787	1203	0.109078
3560	868.031	1170	0.106086
3561	868.275	1121	0.101643
3562	868.519	1183	0.107264
3563	868.763	1110	0.100645
3564	869.007	1170	0.106086
3565	869.251	1161	0.10527
3566	869.495	1231	0.111617
3567	869.738	1180	0.106992
3568	869.982	1160	0.105179
3569	870.226	1215	0.110166
3570	870.470	1198	0.108624
3571	870.714	1161	0.10527
3572	870.958	1204	0.109168
3573	871.202	1172	0.106267
3574	871.445	1191	0.10799
3575	871.689	1139	0.103275
3576	871.933	1152	0.104454
3577	872.177	1175	0.106539
3578	872.421	1112	0.100827
3579	872.665	1146	0.103909
3580	872.909	1134	0.102821
3581	873.152	1215	0.110166
3582	873.396	1162	0.10536
3583	873.640	1114	0.101008
3584	873.884	1156	0.104816
3585	874.128	1160	0.105179
3586	874.372	1198	0.108624
3587	874.616	1287	0.116694
3588	874.860	1138	0.103184
3589	875.103	1142	0.103547
3590	875.347	1216	0.110256
3591	875.591	1147	0.104
3592	875.835	1152	0.104454
3593	876.079	1199	0.108715
3594	876.323	1059	0.0960211
3595	876.567	1203	0.109078
3596	876.810	1180	0.106992
3597	877.054	1197	0.108534
3598	877.298	1179	0.106902
3599	877.542	1155	0.104726
3600	877.786	1213	0.109984
3601	878.030	1231	0.111617
3602	878.274	1178	0.106811
3603	878.517	1169	0.105995
3604	878.761	1139	0.103275
3605	879.005	1158	0.104998
3606	879.249	1204	0.109168
3607	879.493	1187	0.107627
3608	879.737	1164	0.105542
3609	879.981	1157	0.104907
3610	880.225	1174	0.106448
3611	880.468	1213	0.109984
3612	880.712	1166	0.105723
3613	880.956	1209	0.109622
3614	881.200	1140	0.103365
3615	881.444	1202	0.108987
3616	881.688	1143	0.103637
3617	881.932	1243	0.112705
3618	882.175	1176	0.10663
3619	882.419	1182	0.107174
3620	882.663	1244	0.112795
3621	882.907	1170	0.106086
3622	883.151	1206	0.10935
3623	883.395	1199	0.108715
3624	883.639	1232	0.111707
3625	883.883	1188	0.107718
3626	884.126	1229	0.111435
3627	884.370	1192	0.10808
3628	884.614	1171	0.106176
3629	884.858	1145	0.103819
3630	885.102	1192	0.10808
3631	885.346	1190	0.107899
3632	885.590	1172	0.106267
3633	885.833	1224	0.110982
3634	886.077	1213	0.109984
3635	886.321	1171	0.106176
3636	886.565	1199	0.108715
3637	886.809	1194	0.108262
3638	887.053	1237	0.112161
3639	887.297	1242	0.112614
3640	887.540	1192	0.10808
3641	887.784	1282	0.116241
3642	888.028	1275	0.115606
3643	888.272	1260	0.114246
3644	888.516	1170	0.106086
3645	888.760	1259	0.114155
3646	889.004	1263	0.114518
3647	889.248	1243	0.112705
3648	889.491	1283	0.116331
3649	889.735	1316	0.119324
3650	889.979	1243	0.112705
3651	890.223	1176	0.10663
3652	890.467	1240	0.112433
3653	890.711	1194	0.108262
3654	890.955	1306	0.118417
3655	891.198	1226	0.111163
3656	891.442	1194	0.108262
3657	891.686	1242	0.112614
3658	891.930	1201	0.108896
3659	892.174	1273	0.115425
3660	892.418	1241	0.112523
3661	892.662	1311	0.11887
3662	892.905	1244	0.112795
3663	893.149	1188	0.107718
3664	893.393	1277	0.115787
3665	893.637	1199	0.108715
3666	893.881	1280	0.116059
3667	894.125	1266	0.11479
3668	894.369	1291	0.117057
3669	894.613	1304	0.118236
3670	894.856	1255	0.113793
3671	895.100	1237	0.112161
3672	895.344	1317	0.119414
3673	895.588	1357	0.123041
3674	895.832	1395	0.126487
3675	896.076	1594	0.14453
3676	896.320	1813	0.164387
3677	896.563	2649	0.240189
3678	896.807	3954	0.358515
3679	897.051	6487	0.588186
3680	897.295	10914	0.989588
3681	897.539	17585	1.59446
3682	897.783	26800	2.42999
3683	898.027	38259	3.469
3684	898.271	50803	4.60638
3685	898.514	62089	5.6297
3686	898.758	70474	6.38998
3687	899.002	74092	6.71803
3688	899.246	70528	6.39488
3689	899.490	62126	5.63305
3690	899.734	50231	4.55452
3691	899.978	37504	3.40054
3692	900.221	25701	2.33035
3693	900.465	16380	1.4852
3694	900.709	9840	0.892207
3695	900.953	5954	0.539858
3696	901.197	3618	0.328049
3697	901.441	2536	0.229943
3698	901.685	1875	0.170009
3699	901.928	1756	0.159219
3700	902.172	1744	0.158131
3701	902.416	1724	0.156318
3702	902.660	1788	0.162121
3703	902.904	1872	0.169737
3704	903.148	1886	0.171006
3705	903.392	1818	0.164841
3706	903.636	1740	0.157768
3707	903.879	1702	0.154323
3708	904.123	1668	0.15124
3709	904.367	1655	0.150061
3710	904.611	1499	0.135917
3711	904.855	1530	0.138727
3712	905.099	1527	0.138455
3713	905.343	1582	0.143442
3714	905.586	1460	0.13238
3715	905.830	1490	0.1351
3716	906.074	1469	0.133196
3717	906.318	1465	0.132834
3718	906.562	1422	0.128935
3719	906.806	1400	0.12694
3720	907.050	1359	0.123222
3721	907.293	1397	0.126668
3722	907.537	1428	0.129479
3723	907.781	1364	0.123676
3724	908.025	1393	0.126305
3725	908.269	1473	0.133559
3726	908.513	1452	0.131655
3727	908.757	1369	0.124129
3728	909.001	1373	0.124492
3729	909.244	1392	0.126215
3730	909.488	1413	0.128119
3731	909.732	1462	0.132562
3732	909.976	1445	0.13102
3733	910.220	1477	0.133922
3734	910.464	1427	0.129388
3735	910.708	1566	0.141991
3736	910.951	1608	0.1458
3737	911.195	1675	0.151875
3738	911.439	1989	0.180346
3739	911.683	2117	0.191951
3740	911.927	2660	0.241186
3741	912.171	3154	0.285978
3742	912.415	3621	0.328321
3743	912.659	4009	0.363502
3744	912.902	4304	0.39025
3745	913.146	4527	0.41047
3746	913.390	4293	0.389253
3747	913.634	4156	0.376831
3748	913.878	3737	0.338839
3749	914.122	3233	0.293141
3750	914.366	2891	0.262131
3751	914.609	2594	0.235202
3752	914.853	2320	0.210358
3753	915.097	2102	0.190591
3754	915.341	1969	0.178532
3755	915.585	1883	0.170734
3756	915.829	1688	0.153053
3757	916.073	1656	0.150152
3758	916.316	1542	0.139815
3759	916.560	1423	0.129025
3760	916.804	1404	0.127303
3761	917.048	1376	0.124764
3762	917.292	1438	0.130386
3763	917.536	1334	0.120956
3764	917.780	1360	0.123313
3765	918.024	1389	0.125943
3766	918.267	1330	0.120593
3767	918.511	1385	0.12558
3768	918.755	1350	0.122406
3769	918.999	1420	0.128753
3770	919.243	1391	0.126124
3771	919.487	1398	0.126759
3772	919.731	1403	0.127212
3773	919.974	1468	0.133106
3774	920.218	1494	0.135463
3775	920.462	1385	0.12558
3776	920.706	1425	0.129207
3777	920.950	1450	0.131474
3778	921.194	1392	0.126215
3779	921.438	1471	0.133378
3780	921.682	1405	0.127393
3781	921.925	1368	0.124039
3782	922.169	1470	0.133287
3783	922.413	1378	0.124945
3784	922.657	1291	0.117057
3785	922.901	1333	0.120865
3786	923.145	1346	0.122044
3787	923.389	1376	0.124764
3788	923.632	1340	0.1215
3789	923.876	1322	0.119868
3790	924.120	1307	0.118508
3791	924.364	1356	0.12295
3792	924.608	1409	0.127756
3793	924.852	1370	0.12422
3794	925.096	1326	0.12023
3795	925.339	1347	0.122134
3796	925.583	1334	0.120956
3797	925.827	1305	0.118326
3798	926.071	1356	0.12295
3799	926.315	1346	0.122044
3800	926.559	1350	0.122406
3801	926.803	1290	0.116966
3802	927.047	1370	0.12422
3803	927.290	1300	0.117873
3804	927.534	1353	0.122678
3805	927.778	1325	0.12014
3806	928.022	1317	0.119414
3807	928.266	1319	0.119596
3808	928.510	1386	0.125671
3809	928.754	1360	0.123313
3810	928.997	1363	0.123585
3811	929.241	1332	0.120774
3812	929.485	1359	0.123222
3813	929.729	1343	0.121772
3814	929.973	1337	0.121228
3815	930.217	1299	0.117782
3816	930.461	1345	0.121953
3817	930.704	1381	0.125217
3818	930.948	1339	0.121409
3819	931.192	1359	0.123222
3820	931.436	1439	0.130476
3821	931.680	1351	0.122497
3822	931.924	1383	0.125399
3823	932.168	1406	0.127484
3824	932.412	1336	0.121137
3825	932.655	1326	0.12023
3826	932.899	1355	0.12286
3827	933.143	1326	0.12023
3828	933.387	1347	0.122134
3829	933.631	1347	0.122134
3830	933.875	1348	0.122225
3831	934.119	1350	0.122406
3832	934.362	1404	0.127303
3833	934.606	1310	0.11878
3834	934.850	1420	0.128753
3835	935.094	1401	0.127031
3836	935.338	1386	0.125671
3837	935.582	1444	0.13093
3838	935.826	1381	0.125217
3839	936.070	1368	0.124039
3840	936.313	1419	0.128663
3841	936.557	1433	0.129932
3842	936.801	1383	0.125399
3843	937.045	1378	0.124945
3844	937.289	1383	0.125399
3845	937.533	1432	0.129842
3846	937.777	1409	0.127756
3847	938.020	1393	0.126305
3848	938.264	1393	0.126305
3849	938.508	1442	0.130748
3850	938.752	1417	0.128481
3851	938.996	1361	0.123404
3852	939.240	1372	0.124401
3853	939.484	1356	0.12295
3854	939.727	1410	0.127847
3855	939.971	1326	0.12023
3856	940.215	1397	0.126668
3857	940.459	1415	0.1283
3858	940.703	1425	0.129207
3859	940.947	1386	0.125671
3860	941.191	1367	0.123948
3861	941.435	1400	0.12694
3862	941.678	1446	0.131111
3863	941.922	1435	0.130114
3864	942.166	1393	0.126305
3865	942.410	1341	0.12159
3866	942.654	1447	0.131202
3867	942.898	1417	0.128481
3868	943.142	1378	0.124945
3869	943.385	1409	0.127756
3870	943.629	1410	0.127847
3871	943.873	1426	0.129297
3872	944.117	1393	0.126305
3873	944.361	1466	0.132924
3874	944.605	1450	0.131474
3875	944.849	1497	0.135735
3876	945.092	1411	0.127937
3877	945.336	1447	0.131202
3878	945.580	1444	0.13093
3879	945.824	1402	0.127121
3880	946.068	1504	0.13637
3881	946.312	1429	0.12957
3882	946.556	1492	0.135282
3883	946.800	1414	0.128209
3884	947.043	1443	0.130839
3885	947.287	1356	0.12295
3886	947.531	1446	0.131111
3887	947.775	1441	0.130658
3888	948.019	1438	0.130386
3889	948.263	1477	0.133922
3890	948.507	1474	0.13365
3891	948.750	1537	0.139362
3892	948.994	1454	0.131836
3893	949.238	1411	0.127937
3894	949.482	1496	0.135644
3895	949.726	1388	0.125852
3896	949.970	1481	0.134284
3897	950.214	1439	0.130476
3898	950.458	1442	0.130748
3899	950.701	1470	0.133287
3900	950.945	1441	0.130658
3901	951.189	1408	0.127665
3902	951.433	1454	0.131836
3903	951.677	1452	0.131655
3904	951.921	1363	0.123585
3905	952.165	1462	0.132562
3906	952.408	1485	0.134647
3907	952.652	1472	0.133468
3908	952.896	1481	0.134284
3909	953.140	1509	0.136823
3910	953.384	1393	0.126305
3911	953.628	1522	0.138002
3912	953.872	1458	0.132199
3913	954.115	1428	0.129479
3914	954.359	1443	0.130839
3915	954.603	1424	0.129116
3916	954.847	1398	0.126759
3917	955.091	1415	0.1283
3918	955.335	1434	0.130023
3919	955.579	1535	0.139181
3920	955.823	1467	0.133015
3921	956.066	1493	0.135372
3922	956.310	1444	0.13093
3923	956.554	1491	0.135191
3924	956.798	1455	0.131927
3925	957.042	1424	0.129116
3926	957.286	1442	0.130748
3927	957.530	1460	0.13238
3928	957.773	1460	0.13238
3929	958.017	1451	0.131564
3930	958.261	1490	0.1351
3931	958.505	1469	0.133196
3932	958.749	1500	0.136007
3933	958.993	1515	0.137367
3934	959.237	1423	0.129025
3935	959.481	1426	0.129297
3936	959.724	1408	0.127665
3937	959.968	1391	0.126124
3938	960.212	1482	0.134375
3939	960.456	1463	0.132652
3940	960.700	1418	0.128572
3941	960.944	1456	0.132018
3942	961.188	1460	0.13238
3943	961.431	1391	0.126124
3944	961.675	1439	0.130476
3945	961.919	1429	0.12957
3946	962.163	1381	0.125217
3947	962.407	1442	0.130748
3948	962.651	1425	0.129207
3949	962.895	1386	0.125671
3950	963.138	1364	0.123676
3951	963.382	1332	0.120774
3952	963.626	1324	0.120049
3953	963.870	1359	0.123222
3954	964.114	1284	0.116422
3955	964.358	1298	0.117692
3956	964.602	1386	0.125671
3957	964.846	1243	0.112705
3958	965.089	1281	0.11615
3959	965.333	1281	0.11615
3960	965.577	1328	0.120412
3961	965.821	1295	0.11742
3962	966.065	1273	0.115425
3963	966.309	1202	0.108987
3964	966.553	1232	0.111707
3965	966.796	1279	0.115969
3966	967.040	1239	0.112342
3967	967.284	1166	0.105723
3968	967.528	1246	0.112977
3969	967.772	1228	0.111345
3970	968.016	1206	0.10935
3971	968.260	1213	0.109984
3972	968.503	1184	0.107355
3973	968.747	1175	0.106539
3974	968.991	1223	0.110891
3975	969.235	1248	0.113158
3976	969.479	1221	0.11071
3977	969.723	1184	0.107355
3978	969.967	1170	0.106086
3979	970.211	1193	0.108171
3980	970.454	1171	0.106176
3981	970.698	1139	0.103275
3982	970.942	1113	0.100917
3983	971.186	1142	0.103547
3984	971.430	1137	0.103093
3985	971.674	1055	0.0956584
3986	971.918	1171	0.106176
3987	972.161	1136	0.103003
3988	972.405	1173	0.106358
3989	972.649	1110	0.100645
3990	972.893	1176	0.10663
3991	973.137	1089	0.0987412
3992	973.381	1169	0.105995
3993	973.625	1069	0.0969278
3994	973.869	1142	0.103547
3995	974.112	1156	0.104816
3996	974.356	1098	0.0995573
3997	974.600	1120	0.101552
3998	974.844	1157	0.104907
3999	975.088	1120	0.101552
4000	975.332	1223	0.110891
4001	975.576	1068	0.0968371
4002	975.819	1131	0.102549
4003	976.063	1094	0.0991946
4004	976.307	1091	0.0989226
4005	976.551	1151	0.104363
4006	976.795	1060	0.0961117
4007	977.039	1051	0.0952957
4008	977.283	1133	0.102731
4009	977.526	1105	0.100192
4010	977.770	1089	0.0987412
4011	978.014	1142	0.103547
4012	978.258	1055	0.0956584
4013	978.502	1132	0.10264
4014	978.746	1131	0.102549
4015	978.990	1125	0.102005
4016	979.234	1152	0.104454
4017	979.477	1128	0.102277
4018	979.721	1113	0.100917
4019	979.965	1090	0.0988319
4020	980.209	1081	0.0980158
4021	980.453	1082	0.0981065
4022	980.697	1134	0.102821
4023	980.941	1119	0.101461
4024	981.184	1085	0.0983785
4025	981.428	1101	0.0998293
4026	981.672	1081	0.0980158
4027	981.916	1016	0.0921222
4028	982.160	1113	0.100917
4029	982.404	1133	0.102731
4030	982.648	1108	0.100464
4031	982.891	1106	0.100283
4032	983.135	1072	0.0971998
4033	983.379	1090	0.0988319
4034	983.623	1105	0.100192
4035	983.867	1076	0.0975625
4036	984.111	1131	0.102549
4037	984.355	1121	0.101643
4038	984.599	1105	0.100192
4039	984.842	1140	0.103365
4040	985.086	1036	0.0939356
4041	985.330	1095	0.0992852
4042	985.574	1043	0.0945703
4043	985.818	1108	0.100464
4044	986.062	1098	0.0995573
4045	986.306	1104	0.100101
4046	986.549	1067	0.0967464
4047	986.793	1071	0.0971091
4048	987.037	1064	0.0964744
4049	987.281	1094	0.0991946
4050	987.525	1056	0.0957491
4051	987.769	1103	0.100011
4052	988.013	1106	0.100283
4053	988.257	1074	0.0973811
4054	988.500	1149	0.104181
4055	988.744	1096	0.0993759
4056	988.988	1115	0.101099
4057	989.232	1075	0.0974718
4058	989.476	1040	0.0942983
4059	989.720	1134	0.102821
4060	989.964	1103	0.100011
4061	990.207	1096	0.0993759
4062	990.451	1061	0.0962024
4063	990.695	1051	0.0952957
4064	990.939	1064	0.0964744
4065	991.183	1112	0.100827
4066	991.427	1033	0.0936636
4067	991.671	1093	0.0991039
4068	991.914	1036	0.0939356
4069	992.158	1151	0.104363
4070	992.402	1154	0.104635
4071	992.646	1083	0.0981972
4072	992.890	1053	0.095477
4073	993.134	1108	0.100464
4074	993.378	1107	0.100373
4075	993.622	1061	0.0962024
4076	993.865	1155	0.104726
4077	994.109	1064	0.0964744
4078	994.353	1106	0.100283
4079	994.597	1075	0.0974718
4080	994.841	1049	0.0951144
4081	995.085	1143	0.103637
4082	995.329	1047	0.094933
4083	995.572	1107	0.100373
4084	995.816	1090	0.0988319
4085	996.060	1018	0.0923035
4086	996.304	1022	0.0926662
4087	996.548	1061	0.0962024
4088	996.792	1062	0.0962931
4089	997.036	1046	0.0948423
4090	997.279	1071	0.0971091
4091	997.523	1069	0.0969278
4092	997.767	1042	0.0944797
4093	998.011	1052	0.0953864
4094	998.255	1115	0.101099
4095	998.499	994	0.0901274
4096	998.743	1063	0.0963838
4097	998.987	1063	0.0963838
4098	999.230	1093	0.0991039
4099	999.474	1004	0.0910341
4100	999.718	1055	0.0956584
4101	999.962	1033	0.0936636
4102	1000.206	1118	0.101371
4103	1000.450	1111	0.100736
4104	1000.694	1059	0.0960211
4105	1000.937	1068	0.0968371
4106	1001.181	1074	0.0973811
4107	1001.425	995	0.0902181
4108	1001.669	1124	0.101915
4109	1001.913	1042	0.0944797
4110	1002.157	998	0.0904901
4111	1002.401	1018	0.0923035
4112	1002.645	1059	0.0960211
4113	1002.888	1062	0.0962931
4114	1003.132	1030	0.0933916
4115	1003.376	1028	0.0932102
4116	1003.620	1036	0.0939356
4117	1003.864	1046	0.0948423
4118	1004.108	1089	0.0987412
4119	1004.352	1077	0.0976532
4120	1004.595	1108	0.100464
4121	1004.839	1044	0.094661
4122	1005.083	1005	0.0911248
4123	1005.327	1094	0.0991946
4124	1005.571	1038	0.094117
4125	1005.815	1004	0.0910341
4126	1006.059	1092	0.0990132
4127	1006.302	1112	0.100827
4128	1006.546	1050	0.095205
4129	1006.790	1036	0.0939356
4130	1007.034	1003	0.0909435
4131	1007.278	1061	0.0962024
4132	1007.522	1046	0.0948423
4133	1007.766	1030	0.0933916
4134	1008.010	1043	0.0945703
4135	1008.253	992	0.0899461
4136	1008.497	1023	0.0927569
4137	1008.741	1079	0.0978345
4138	1008.985	997	0.0903994
4139	1009.229	1026	0.0930289
4140	1009.473	1040	0.0942983
4141	1009.717	1066	0.0966558
4142	1009.960	1071	0.0971091
4143	1010.204	993	0.0900367
4144	1010.448	1030	0.0933916
4145	1010.692	1076	0.0975625
4146	1010.936	1032	0.0935729
4147	1011.180	1060	0.0961117
4148	1011.424	1085	0.0983785
4149	1011.668	1079	0.0978345
4150	1011.911	1118	0.101371
4151	1012.155	1052	0.0953864
4152	1012.399	1091	0.0989226
4153	1012.643	1031	0.0934823
4154	1012.887	1021	0.0925755
4155	1013.131	1005	0.0911248
4156	1013.375	1069	0.0969278
4157	1013.618	1046	0.0948423
4158	1013.862	1069	0.0969278
4159	1014.106	1033	0.0936636
4160	1014.350	1060	0.0961117
4161	1014.594	1033	0.0936636
4162	1014.838	1062	0.0962931
4163	1015.082	969	0.0878606
4164	1015.325	1047	0.094933
4165	1015.569	1032	0.0935729
4166	1015.813	1004	0.0910341
4167	1016.057	1045	0.0947517
4168	1016.301	977	0.088586
4169	1016.545	982	0.0890394
4170	1016.789	1031	0.0934823
4171	1017.033	1060	0.0961117
4172	1017.276	1016	0.0921222
4173	1017.520	1001	0.0907621
4174	1017.764	1033	0.0936636
4175	1018.008	1097	0.0994666
4176	1018.252	972	0.0881326
4177	1018.496	997	0.0903994
4178	1018.740	1055	0.0956584
4179	1018.983	1105	0.100192
4180	1019.227	1099	0.0996479
4181	1019.471	986	0.089402
4182	1019.715	1009	0.0914875
4183	1019.959	1012	0.0917595
4184	1020.203	1071	0.0971091
4185	1020.447	1078	0.0977438
4186	1020.690	1046	0.0948423
4187	1020.934	1106	0.100283
4188	1021.178	1029	0.0933009
4189	1021.422	1004	0.0910341
4190	1021.666	1090	0.0988319
4191	1021.910	997	0.0903994
4192	1022.154	973	0.0882233
4193	1022.398	1018	0.0923035
4194	1022.641	1067	0.0967464
4195	1022.885	992	0.0899461
4196	1023.129	1016	0.0921222
4197	1023.373	1028	0.0932102
4198	1023.617	1016	0.0921222
4199	1023.861	1029	0.0933009
4200	1024.105	1047	0.094933
4201	1024.348	1063	0.0963838
4202	1024.592	1009	0.0914875
4203	1024.836	1035	0.093845
4204	1025.080	988	0.0895834
4205	1025.324	1041	0.094389
4206	1025.568	1069	0.0969278
4207	1025.812	1013	0.0918502
4208	1026.056	1018	0.0923035
4209	1026.299	1099	0.0996479
4210	1026.543	1012	0.0917595
4211	1026.787	1060	0.0961117
4212	1027.031	1038	0.094117
4213	1027.275	1005	0.0911248
4214	1027.519	1002	0.0908528
4215	1027.763	1017	0.0922129
4216	1028.006	999	0.0905808
4217	1028.250	1012	0.0917595
4218	1028.494	1014	0.0919408
4219	1028.738	997	0.0903994
4220	1028.982	997	0.0903994
4221	1029.226	993	0.0900367
4222	1029.470	1059	0.0960211
4223	1029.713	1072	0.0971998
4224	1029.957	1059	0.0960211
4225	1030.201	1011	0.0916688
4226	1030.445	998	0.0904901
4227	1030.689	1019	0.0923942
4228	1030.933	1036	0.0939356
4229	1031.177	947	0.0858659
4230	1031.421	976	0.0884953
4231	1031.664	1042	0.0944797
4232	1031.908	1010	0.0915782
4233	1032.152	1050	0.095205
4234	1032.396	1002	0.0908528
4235	1032.640	1002	0.0908528
4236	1032.884	979	0.0887673
4237	1033.128	1031	0.0934823
4238	1033.371	1046	0.0948423
4239	1033.615	1007	0.0913061
4240	1033.859	1027	0.0931196
4241	1034.103	979	0.0887673
4242	1034.347	1028	0.0932102
4243	1034.591	981	0.0889487
4244	1034.835	1050	0.095205
4245	1035.078	1048	0.0950237
4246	1035.322	1024	0.0928476
4247	1035.566	989	0.0896741
4248	1035.810	1084	0.0982879
4249	1036.054	1032	0.0935729
4250	1036.298	1036	0.0939356
4251	1036.542	989	0.0896741
4252	1036.786	1022	0.0926662
4253	1037.029	1042	0.0944797
4254	1037.273	978	0.0886767
4255	1037.517	1002	0.0908528
4256	1037.761	1039	0.0942076
4257	1038.005	1032	0.0935729
4258	1038.249	1079	0.0978345
4259	1038.493	1017	0.0922129
4260	1038.736	941	0.0853218
4261	1038.980	1028	0.0932102
4262	1039.224	1014	0.0919408
4263	1039.468	971	0.088042
4264	1039.712	1001	0.0907621
4265	1039.956	923	0.0836897
4266	1040.200	950	0.0861379
4267	1040.444	993	0.0900367
4268	1040.687	1051	0.0952957
4269	1040.931	980	0.088858
4270	1041.175	982	0.0890394
4271	1041.419	1049	0.0951144
4272	1041.663	968	0.08777
4273	1041.907	1001	0.0907621
4274	1042.151	1018	0.0923035
4275	1042.394	1021	0.0925755
4276	1042.638	915	0.0829644
4277	1042.882	988	0.0895834
4278	1043.126	1005	0.0911248
4279	1043.370	997	0.0903994
4280	1043.614	1011	0.0916688
4281	1043.858	980	0.088858
4282	1044.101	938	0.0850498
4283	1044.345	1060	0.0961117
4284	1044.589	979	0.0887673
4285	1044.833	933	0.0845965
4286	1045.077	907	0.082239
4287	1045.321	947	0.0858659
4288	1045.565	1007	0.0913061
4289	1045.809	999	0.0905808
4290	1046.052	984	0.0892207
4291	1046.296	1000	0.0906714
4292	1046.540	956	0.0866819
4293	1046.784	953	0.0864099
4294	1047.028	1005	0.0911248
4295	1047.272	939	0.0851405
4296	1047.516	981	0.0889487
4297	1047.759	1035	0.093845
4298	1048.003	907	0.082239
4299	1048.247	974	0.088314
4300	1048.491	943	0.0855032
4301	1048.735	996	0.0903088
4302	1048.979	998	0.0904901
4303	1049.223	968	0.08777
4304	1049.466	974	0.088314
4305	1049.710	951	0.0862285
4306	1049.954	1035	0.093845
4307	1050.198	979	0.0887673
4308	1050.442	1002	0.0908528
4309	1050.686	967	0.0876793
4310	1050.930	986	0.089402
4311	1051.174	966	0.0875886
4312	1051.417	982	0.0890394
4313	1051.661	1036	0.0939356
4314	1051.905	931	0.0844151
4315	1052.149	1003	0.0909435
4316	1052.393	973	0.0882233
4317	1052.637	940	0.0852312
4318	1052.881	978	0.0886767
4319	1053.124	977	0.088586
4320	1053.368	988	0.0895834
4321	1053.612	941	0.0853218
4322	1053.856	968	0.08777
4323	1054.100	1013	0.0918502
4324	1054.344	978	0.0886767
4325	1054.588	920	0.0834177
4326	1054.832	979	0.0887673
4327	1055.075	929	0.0842338
4328	1055.319	1018	0.0923035
4329	1055.563	985	0.0893114
4330	1055.807	993	0.0900367
4331	1056.051	1023	0.0927569
4332	1056.295	977	0.088586
4333	1056.539	975	0.0884047
4334	1056.782	1027	0.0931196
4335	1057.026	929	0.0842338
4336	1057.270	969	0.0878606
4337	1057.514	950	0.0861379
4338	1057.758	1035	0.093845
4339	1058.002	1015	0.0920315
4340	1058.246	946	0.0857752
4341	1058.489	967	0.0876793
4342	1058.733	1039	0.0942076
4343	1058.977	955	0.0865912
4344	1059.221	1020	0.0924849
4345	1059.465	1017	0.0922129
4346	1059.709	980	0.088858
4347	1059.953	980	0.088858
4348	1060.197	988	0.0895834
4349	1060.440	928	0.0841431
4350	1060.684	964	0.0874073
4351	1060.928	1005	0.0911248
4352	1061.172	979	0.0887673
4353	1061.416	971	0.088042
4354	1061.660	1029	0.0933009
4355	1061.904	927	0.0840524
4356	1062.147	989	0.0896741
4357	1062.391	983	0.08913
4358	1062.635	969	0.0878606
4359	1062.879	976	0.0884953
4360	1063.123	920	0.0834177
4361	1063.367	977	0.088586
4362	1063.611	999	0.0905808
4363	1063.855	927	0.0840524
4364	1064.098	979	0.0887673
4365	1064.342	962	0.0872259
4366	1064.586	1027	0.0931196
4367	1064.830	912	0.0826924
4368	1065.074	978	0.0886767
4369	1065.318	957	0.0867726
4370	1065.562	954	0.0865006
4371	1065.805	1013	0.0918502
4372	1066.049	1011	0.0916688
4373	1066.293	962	0.0872259
4374	1066.537	997	0.0903994
4375	1066.781	949	0.0860472
4376	1067.025	1011	0.0916688
4377	1067.269	974	0.088314
4378	1067.512	918	0.0832364
4379	1067.756	974	0.088314
4380	1068.000	977	0.088586
4381	1068.244	983	0.08913
4382	1068.488	956	0.0866819
4383	1068.732	993	0.0900367
4384	1068.976	996	0.0903088
4385	1069.220	939	0.0851405
4386	1069.463	995	0.0902181
4387	1069.707	980	0.088858
4388	1069.951	1015	0.0920315
4389	1070.195	987	0.0894927
4390	1070.439	913	0.082783
4391	1070.683	985	0.0893114
4392	1070.927	969	0.0878606
4393	1071.170	993	0.0900367
4394	1071.414	955	0.0865912
4395	1071.658	945	0.0856845
4396	1071.902	966	0.0875886
4397	1072.146	926	0.0839618
4398	1072.390	1014	0.0919408
4399	1072.634	976	0.0884953
4400	1072.877	948	0.0859565
4401	1073.121	928	0.0841431
4402	1073.365	935	0.0847778
4403	1073.609	980	0.088858
4404	1073.853	945	0.0856845
4405	1074.097	963	0.0873166
4406	1074.341	1001	0.0907621
4407	1074.585	1027	0.0931196
4408	1074.828	968	0.08777
4409	1075.072	962	0.0872259
4410	1075.316	977	0.088586
4411	1075.560	1028	0.0932102
4412	1075.804	980	0.088858
4413	1076.048	930	0.0843244
4414	1076.292	1003	0.0909435
4415	1076.535	973	0.0882233
4416	1076.779	998	0.0904901
4417	1077.023	988	0.0895834
4418	1077.267	977	0.088586
4419	1077.511	995	0.0902181
4420	1077.755	1000	0.0906714
4421	1077.999	933	0.0845965
4422	1078.243	963	0.0873166
4423	1078.486	990	0.0897647
4424	1078.730	970	0.0879513
4425	1078.974	1004	0.0910341
4426	1079.218	1017	0.0922129
4427	1079.462	997	0.0903994
4428	1079.706	956	0.0866819
4429	1079.950	959	0.0869539
4430	1080.193	993	0.0900367
4431	1080.437	975	0.0884047
4432	1080.681	978	0.0886767
4433	1080.925	1014	0.0919408
4434	1081.169	1003	0.0909435
4435	1081.413	1016	0.0921222
4436	1081.657	1010	0.0915782
4437	1081.900	964	0.0874073
4438	1082.144	983	0.08913
4439	1082.388	994	0.0901274
4440	1082.632	995	0.0902181
4441	1082.876	978	0.0886767
4442	1083.120	1035	0.093845
4443	1083.364	970	0.0879513
4444	1083.608	982	0.0890394
4445	1083.851	1001	0.0907621
4446	1084.095	1012	0.0917595
4447	1084.339	1044	0.094661
4448	1084.583	1015	0.0920315
4449	1084.827	1064	0.0964744
4450	1085.071	1012	0.0917595
4451	1085.315	1044	0.094661
4452	1085.558	957	0.0867726
4453	1085.802	989	0.0896741
4454	1086.046	1003	0.0909435
4455	1086.290	990	0.0897647
4456	1086.534	1006	0.0912155
4457	1086.778	961	0.0871353
4458	1087.022	958	0.0868632
4459	1087.265	991	0.0898554
4460	1087.509	1008	0.0913968
4461	1087.753	985	0.0893114
4462	1087.997	1006	0.0912155
4463	1088.241	1072	0.0971998
4464	1088.485	1031	0.0934823
4465	1088.729	978	0.0886767
4466	1088.973	991	0.0898554
4467	1089.216	1025	0.0929382
4468	1089.460	981	0.0889487
4469	1089.704	1001	0.0907621
4470	1089.948	1004	0.0910341
4471	1090.192	1042	0.0944797
4472	1090.436	1006	0.0912155
4473	1090.680	1005	0.0911248
4474	1090.923	1001	0.0907621
4475	1091.167	1032	0.0935729
4476	1091.411	1012	0.0917595
4477	1091.655	1086	0.0984692
4478	1091.899	1000	0.0906714
4479	1092.143	1050	0.095205
4480	1092.387	1012	0.0917595
4481	1092.631	1043	0.0945703
4482	1092.874	1041	0.094389
4483	1093.118	1040	0.0942983
4484	1093.362	1022	0.0926662
4485	1093.606	1055	0.0956584
4486	1093.850	985	0.0893114
4487	1094.094	1064	0.0964744
4488	1094.338	1035	0.093845
4489	1094.581	1052	0.0953864
4490	1094.825	1111	0.100736
4491	1095.069	1069	0.0969278
4492	1095.313	1037	0.0940263
4493	1095.557	1023	0.0927569
4494	1095.801	1010	0.0915782
4495	1096.045	1063	0.0963838
4496	1096.288	1042	0.0944797
4497	1096.532	1037	0.0940263
4498	1096.776	1033	0.0936636
4499	1097.020	1014	0.0919408
4500	1097.264	1020	0.0924849
4501	1097.508	1052	0.0953864
4502	1097.752	990	0.0897647
4503	1097.996	1084	0.0982879
4504	1098.239	974	0.088314
4505	1098.483	1066	0.0966558
4506	1098.727	1036	0.0939356
4507	1098.971	1052	0.0953864
4508	1099.215	1100	0.0997386
4509	1099.459	1110	0.100645
4510	1099.703	1041	0.094389
4511	1099.946	1086	0.0984692
4512	1100.190	1024	0.0928476
4513	1100.434	1041	0.094389
4514	1100.678	1081	0.0980158
4515	1100.922	1062	0.0962931
4516	1101.166	1059	0.0960211
4517	1101.410	1025	0.0929382
4518	1101.653	1100	0.0997386
4519	1101.897	1026	0.0930289
4520	1102.141	1013	0.0918502
4521	1102.385	1048	0.0950237
4522	1102.629	1054	0.0955677
4523	1102.873	1057	0.0958397
4524	1103.117	1110	0.100645
4525	1103.361	1041	0.094389
4526	1103.604	1039	0.0942076
4527	1103.848	1051	0.0952957
4528	1104.092	1072	0.0971998
4529	1104.336	1045	0.0947517
4530	1104.580	1100	0.0997386
4531	1104.824	1107	0.100373
4532	1105.068	1063	0.0963838
4533	1105.311	1055	0.0956584
4534	1105.555	1029	0.0933009
4535	1105.799	1038	0.094117
4536	1106.043	1071	0.0971091
4537	1106.287	1050	0.095205
4538	1106.531	1119	0.101461
4539	1106.775	1071	0.0971091
4540	1107.019	1042	0.0944797
4541	1107.262	1066	0.0966558
4542	1107.506	1058	0.0959304
4543	1107.750	1054	0.0955677
4544	1107.994	1110	0.100645
4545	1108.238	1098	0.0995573
4546	1108.482	1050	0.095205
4547	1108.726	1117	0.10128
4548	1108.969	1077	0.0976532
4549	1109.213	1034	0.0937543
4550	1109.457	1051	0.0952957
4551	1109.701	1092	0.0990132
4552	1109.945	1064	0.0964744
4553	1110.189	1059	0.0960211
4554	1110.433	1034	0.0937543
4555	1110.676	1025	0.0929382
4556	1110.920	1083	0.0981972
4557	1111.164	1016	0.0921222
4558	1111.408	1018	0.0923035
4559	1111.652	1037	0.0940263
4560	1111.896	1076	0.0975625
4561	1112.140	1036	0.0939356
4562	1112.384	1084	0.0982879
4563	1112.627	1103	0.100011
4564	1112.871	1068	0.0968371
4565	1113.115	1114	0.101008
4566	1113.359	1066	0.0966558
4567	1113.603	1041	0.094389
4568	1113.847	1074	0.0973811
4569	1114.091	1047	0.094933
4570	1114.334	1070	0.0970185
4571	1114.578	1083	0.0981972
4572	1114.822	1088	0.0986505
4573	1115.066	1050	0.095205
4574	1115.310	1000	0.0906714
4575	1115.554	1045	0.0947517
4576	1115.798	1044	0.094661
4577	1116.042	1040	0.0942983
4578	1116.285	1037	0.0940263
4579	1116.529	988	0.0895834
4580	1116.773	1061	0.0962024
4581	1117.017	1051	0.0952957
4582	1117.261	977	0.088586
4583	1117.505	988	0.0895834
4584	1117.749	945	0.0856845
4585	1117.992	989	0.0896741
4586	1118.236	961	0.0871353
4587	1118.480	1013	0.0918502
4588	1118.724	992	0.0899461
4589	1118.968	905	0.0820577
4590	1119.212	926	0.0839618
4591	1119.456	910	0.082511
4592	1119.699	939	0.0851405
4593	1119.943	906	0.0821483
4594	1120.187	893	0.0809696
4595	1120.431	946	0.0857752
4596	1120.675	922	0.0835991
4597	1120.919	857	0.0777054
4598	1121.163	890	0.0806976
4599	1121.407	908	0.0823297
4600	1121.650	881	0.0798815
4601	1121.894	774	0.0701797
4602	1122.138	835	0.0757107
4603	1122.382	858	0.0777961
4604	1122.626	856	0.0776148
4605	1122.870	824	0.0747133
4606	1123.114	856	0.0776148
4607	1123.357	837	0.075892
4608	1123.601	861	0.0780681
4609	1123.845	822	0.0745319
4610	1124.089	810	0.0734439
4611	1124.333	864	0.0783401
4612	1124.577	862	0.0781588
4613	1124.821	833	0.0755293
4614	1125.064	813	0.0737159
4615	1125.308	800	0.0725372
4616	1125.552	817	0.0740786
4617	1125.796	790	0.0716304
4618	1126.040	790	0.0716304
4619	1126.284	803	0.0728092
4620	1126.528	755	0.0684569
4621	1126.772	739	0.0670062
4622	1127.015	786	0.0712678
4623	1127.259	762	0.0690916
4624	1127.503	793	0.0719025
4625	1127.747	756	0.0685476
4626	1127.991	782	0.0709051
4627	1128.235	766	0.0694543
4628	1128.479	801	0.0726278
4629	1128.722	755	0.0684569
4630	1128.966	766	0.0694543
4631	1129.210	801	0.0726278
4632	1129.454	805	0.0729905
4633	1129.698	793	0.0719025
4634	1129.942	806	0.0730812
4635	1130.186	758	0.068729
4636	1130.430	793	0.0719025
4637	1130.673	737	0.0668249
4638	1130.917	758	0.068729
4639	1131.161	770	0.069817
4640	1131.405	799	0.0724465
4641	1131.649	780	0.0707237
4642	1131.893	744	0.0674596
4643	1132.137	738	0.0669155
4644	1132.380	687	0.0622913
4645	1132.624	802	0.0727185
4646	1132.868	778	0.0705424
4647	1133.112	723	0.0655555
4648	1133.356	790	0.0716304
4649	1133.600	781	0.0708144
4650	1133.844	728	0.0660088
4651	1134.087	739	0.0670062
4652	1134.331	782	0.0709051
4653	1134.575	752	0.0681849
4654	1134.819	783	0.0709957
4655	1135.063	727	0.0659181
4656	1135.307	722	0.0654648
4657	1135.551	787	0.0713584
4658	1135.795	715	0.0648301
4659	1136.038	735	0.0666435
4660	1136.282	804	0.0728998
4661	1136.526	774	0.0701797
4662	1136.770	731	0.0662808
4663	1137.014	763	0.0691823
4664	1137.258	723	0.0655555
4665	1137.502	730	0.0661902
4666	1137.745	783	0.0709957
4667	1137.989	760	0.0689103
4668	1138.233	723	0.0655555
4669	1138.477	714	0.0647394
4670	1138.721	771	0.0699077
4671	1138.965	782	0.0709051
4672	1139.209	718	0.0651021
4673	1139.452	721	0.0653741
4674	1139.696	727	0.0659181
4675	1139.940	679	0.0615659
4676	1140.184	738	0.0669155
4677	1140.428	701	0.0635607
4678	1140.672	716	0.0649208
4679	1140.916	735	0.0666435
4680	1141.160	751	0.0680943
4681	1141.403	736	0.0667342
4682	1141.647	682	0.0618379
4683	1141.891	730	0.0661902
4684	1142.135	720	0.0652834
4685	1142.379	759	0.0688196
4686	1142.623	729	0.0660995
4687	1142.867	693	0.0628353
4688	1143.110	685	0.0621099
4689	1143.354	689	0.0624726
4690	1143.598	759	0.0688196
4691	1143.842	704	0.0638327
4692	1144.086	702	0.0636514
4693	1144.330	770	0.069817
4694	1144.574	702	0.0636514
4695	1144.818	705	0.0639234
4696	1145.061	694	0.062926
4697	1145.305	710	0.0643767
4698	1145.549	736	0.0667342
4699	1145.793	701	0.0635607
4700	1146.037	743	0.0673689
4701	1146.281	728	0.0660088
4702	1146.525	731	0.0662808
4703	1146.768	691	0.062654
4704	1147.012	652	0.0591178
4705	1147.256	686	0.0622006
4706	1147.500	721	0.0653741
4707	1147.744	702	0.0636514
4708	1147.988	699	0.0633793
4709	1148.232	718	0.0651021
4710	1148.475	725	0.0657368
4711	1148.719	699	0.0633793
4712	1148.963	706	0.064014
4713	1149.207	701	0.0635607
4714	1149.451	731	0.0662808
4715	1149.695	688	0.062382
4716	1149.939	698	0.0632887
4717	1150.183	716	0.0649208
4718	1150.426	674	0.0611126
4719	1150.670	731	0.0662808
4720	1150.914	709	0.0642861
4721	1151.158	695	0.0630167
4722	1151.402	722	0.0654648
4723	1151.646	686	0.0622006
4724	1151.890	763	0.0691823
4725	1152.133	723	0.0655555
4726	1152.377	706	0.064014
4727	1152.621	758	0.068729
4728	1152.865	750	0.0680036
4729	1153.109	727	0.0659181
4730	1153.353	688	0.062382
4731	1153.597	701	0.0635607
4732	1153.841	738	0.0669155
4733	1154.084	691	0.062654
4734	1154.328	705	0.0639234
4735	1154.572	635	0.0575764
4736	1154.816	669	0.0606592
4737	1155.060	733	0.0664622
4738	1155.304	657	0.0595711
4739	1155.548	685	0.0621099
4740	1155.791	666	0.0603872
4741	1156.035	690	0.0625633
4742	1156.279	696	0.0631073
4743	1156.523	694	0.062926
4744	1156.767	697	0.063198
4745	1157.011	717	0.0650114
4746	1157.255	729	0.0660995
4747	1157.498	669	0.0606592
4748	1157.742	692	0.0627446
4749	1157.986	707	0.0641047
4750	1158.230	629	0.0570323
4751	1158.474	656	0.0594805
4752	1158.718	684	0.0620193
4753	1158.962	731	0.0662808
4754	1159.206	651	0.0590271
4755	1159.449	694	0.062926
4756	1159.693	663	0.0601152
4757	1159.937	649	0.0588458
4758	1160.181	622	0.0563976
4759	1160.425	713	0.0646487
4760	1160.669	655	0.0593898
4761	1160.913	675	0.0612032
4762	1161.156	683	0.0619286
4763	1161.400	708	0.0641954
4764	1161.644	658	0.0596618
4765	1161.888	679	0.0615659
4766	1162.132	710	0.0643767
4767	1162.376	672	0.0609312
4768	1162.620	661	0.0599338
4769	1162.863	669	0.0606592
4770	1163.107	689	0.0624726
4771	1163.351	699	0.0633793
4772	1163.595	711	0.0644674
4773	1163.839	697	0.063198
4774	1164.083	678	0.0614752
4775	1164.327	673	0.0610219
4776	1164.571	680	0.0616566
4777	1164.814	687	0.0622913
4778	1165.058	657	0.0595711
4779	1165.302	722	0.0654648
4780	1165.546	638	0.0578484
4781	1165.790	704	0.0638327
4782	1166.034	668	0.0605685
4783	1166.278	636	0.057667
4784	1166.521	693	0.0628353
4785	1166.765	643	0.0583017
4786	1167.009	664	0.0602058
4787	1167.253	705	0.0639234
4788	1167.497	655	0.0593898
4789	1167.741	621	0.056307
4790	1167.985	697	0.063198
4791	1168.229	647	0.0586644
4792	1168.472	677	0.0613846
4793	1168.716	702	0.0636514
4794	1168.960	629	0.0570323
4795	1169.204	706	0.064014
4796	1169.448	688	0.062382
4797	1169.692	683	0.0619286
4798	1169.936	636	0.057667
4799	1170.179	674	0.0611126
4800	1170.423	722	0.0654648
4801	1170.667	701	0.0635607
4802	1170.911	758	0.068729
4803	1171.155	829	0.0751666
4804	1171.399	938	0.0850498
4805	1171.643	1247	0.113067
4806	1171.886	1813	0.164387
4807	1172.130	2765	0.250707
4808	1172.374	4456	0.404032
4809	1172.618	6970	0.63198
4810	1172.862	10485	0.95069
4811	1173.106	15165	1.37503
4812	1173.350	20630	1.87055
4813	1173.594	26785	2.42863
4814	1173.837	31619	2.86694
4815	1174.081	35059	3.17885
4816	1174.325	36605	3.31903
4817	1174.569	34855	3.16035
4818	1174.813	31372	2.84454
4819	1175.057	26055	2.36244
4820	1175.301	20198	1.83138
4821	1175.544	14351	1.30123
4822	1175.788	9738	0.882959
4823	1176.032	6174	0.559806
4824	1176.276	3668	0.332583
4825	1176.520	2323	0.21063
4826	1176.764	1451	0.131564
4827	1177.008	1061	0.0962024
4828	1177.251	874	0.0792468
4829	1177.495	762	0.0690916
4830	1177.739	688	0.062382
4831	1177.983	722	0.0654648
4832	1178.227	704	0.0638327
4833	1178.471	644	0.0583924
4834	1178.715	668	0.0605685
4835	1178.959	722	0.0654648
4836	1179.202	645	0.0584831
4837	1179.446	664	0.0602058
4838	1179.690	687	0.0622913
4839	1179.934	673	0.0610219
4840	1180.178	684	0.0620193
4841	1180.422	648	0.0587551
4842	1180.666	677	0.0613846
4843	1180.909	641	0.0581204
4844	1181.153	648	0.0587551
4845	1181.397	655	0.0593898
4846	1181.641	709	0.0642861
4847	1181.885	619	0.0561256
4848	1182.129	702	0.0636514
4849	1182.373	701	0.0635607
4850	1182.617	710	0.0643767
4851	1182.860	650	0.0589364
4852	1183.104	675	0.0612032
4853	1183.348	641	0.0581204
4854	1183.592	663	0.0601152
4855	1183.836	650	0.0589364
4856	1184.080	661	0.0599338
4857	1184.324	663	0.0601152
4858	1184.567	651	0.0590271
4859	1184.811	653	0.0592085
4860	1185.055	606	0.0549469
4861	1185.299	655	0.0593898
4862	1185.543	645	0.0584831
4863	1185.787	653	0.0592085
4864	1186.031	604	0.0547656
4865	1186.274	657	0.0595711
4866	1186.518	604	0.0547656
4867	1186.762	626	0.0567603
4868	1187.006	655	0.0593898
4869	1187.250	622	0.0563976
4870	1187.494	630	0.057123
4871	1187.738	676	0.0612939
4872	1187.982	647	0.0586644
4873	1188.225	635	0.0575764
4874	1188.469	673	0.0610219
4875	1188.713	638	0.0578484
4876	1188.957	643	0.0583017
4877	1189.201	659	0.0597525
4878	1189.445	608	0.0551282
4879	1189.689	624	0.056579
4880	1189.932	598	0.0542215
4881	1190.176	631	0.0572137
4882	1190.420	624	0.056579
4883	1190.664	608	0.0551282
4884	1190.908	611	0.0554003
4885	1191.152	646	0.0585738
4886	1191.396	604	0.0547656
4887	1191.639	647	0.0586644
4888	1191.883	641	0.0581204
4889	1192.127	613	0.0555816
4890	1192.371	616	0.0558536
4891	1192.615	619	0.0561256
4892	1192.859	634	0.0574857
4893	1193.103	602	0.0545842
4894	1193.347	585	0.0530428
4895	1193.590	586	0.0531335
4896	1193.834	608	0.0551282
4897	1194.078	652	0.0591178
4898	1194.322	639	0.0579391
4899	1194.566	606	0.0549469
4900	1194.810	567	0.0514107
4901	1195.054	617	0.0559443
4902	1195.297	634	0.0574857
4903	1195.541	584	0.0529521
4904	1195.785	629	0.0570323
4905	1196.029	619	0.0561256
4906	1196.273	644	0.0583924
4907	1196.517	644	0.0583924
4908	1196.761	590	0.0534962
4909	1197.005	611	0.0554003
4910	1197.248	608	0.0551282
4911	1197.492	580	0.0525894
4912	1197.736	570	0.0516827
4913	1197.980	566	0.05132
4914	1198.224	579	0.0524988
4915	1198.468	527	0.0477839
4916	1198.712	549	0.0497786
4917	1198.955	576	0.0522268
4918	1199.199	565	0.0512294
4919	1199.443	549	0.0497786
4920	1199.687	571	0.0517734
4921	1199.931	522	0.0473305
4922	1200.175	526	0.0476932
4923	1200.419	533	0.0483279
4924	1200.662	506	0.0458798
4925	1200.906	572	0.0518641
4926	1201.150	541	0.0490533
4927	1201.394	524	0.0475118
4928	1201.638	523	0.0474212
4929	1201.882	553	0.0501413
4930	1202.126	554	0.050232
4931	1202.370	552	0.0500506
4932	1202.613	523	0.0474212
4933	1202.857	540	0.0489626
4934	1203.101	539	0.0488719
4935	1203.345	496	0.044973
4936	1203.589	520	0.0471492
4937	1203.833	552	0.0500506
4938	1204.077	491	0.0445197
4939	1204.320	505	0.0457891
4940	1204.564	501	0.0454264
4941	1204.808	507	0.0459704
4942	1205.052	537	0.0486906
4943	1205.296	531	0.0481465
4944	1205.540	534	0.0484186
4945	1205.784	538	0.0487812
4946	1206.028	518	0.0469678
4947	1206.271	536	0.0485999
4948	1206.515	485	0.0439757
4949	1206.759	513	0.0465145
4950	1207.003	500	0.0453357
4951	1207.247	497	0.0450637
4952	1207.491	465	0.0421622
4953	1207.735	513	0.0465145
4954	1207.978	492	0.0446104
4955	1208.222	518	0.0469678
4956	1208.466	485	0.0439757
4957	1208.710	488	0.0442477
4958	1208.954	495	0.0448824
4959	1209.198	519	0.0470585
4960	1209.442	502	0.0455171
4961	1209.685	539	0.0488719
4962	1209.929	517	0.0468771
4963	1210.173	494	0.0447917
4964	1210.417	496	0.044973
4965	1210.661	509	0.0461518
4966	1210.905	456	0.0413462
4967	1211.149	483	0.0437943
4968	1211.393	462	0.0418902
4969	1211.636	509	0.0461518
4970	1211.880	472	0.0427969
4971	1212.124	491	0.0445197
4972	1212.368	500	0.0453357
4973	1212.612	515	0.0466958
4974	1212.856	486	0.0440663
4975	1213.100	491	0.0445197
4976	1213.343	491	0.0445197
4977	1213.587	489	0.0443383
4978	1213.831	496	0.044973
4979	1214.075	479	0.0434316
4980	1214.319	450	0.0408022
4981	1214.563	459	0.0416182
4982	1214.807	496	0.044973
4983	1215.050	454	0.0411648
4984	1215.294	498	0.0451544
4985	1215.538	455	0.0412555
4986	1215.782	449	0.0407115
4987	1216.026	476	0.0431596
4988	1216.270	509	0.0461518
4989	1216.514	495	0.0448824
4990	1216.758	478	0.043341
4991	1217.001	472	0.0427969
4992	1217.245	418	0.0379007
4993	1217.489	472	0.0427969
4994	1217.733	479	0.0434316
4995	1217.977	468	0.0424342
4996	1218.221	536	0.0485999
4997	1218.465	409	0.0370846
4998	1218.708	462	0.0418902
4999	1218.952	459	0.0416182
5000	1219.196	464	0.0420716
5001	1219.440	501	0.0454264
5002	1219.684	437	0.0396234
5003	1219.928	441	0.0399861
5004	1220.172	471	0.0427063
5005	1220.416	502	0.0455171
5006	1220.659	452	0.0409835
5007	1220.903	453	0.0410742
5008	1221.147	492	0.0446104
5009	1221.391	463	0.0419809
5010	1221.635	440	0.0398954
5011	1221.879	448	0.0406208
5012	1222.123	460	0.0417089
5013	1222.366	448	0.0406208
5014	1222.610	453	0.0410742
5015	1222.854	499	0.0452451
5016	1223.098	467	0.0423436
5017	1223.342	493	0.044701
5018	1223.586	500	0.0453357
5019	1223.830	445	0.0403488
5020	1224.073	495	0.0448824
5021	1224.317	433	0.0392607
5022	1224.561	447	0.0405301
5023	1224.805	500	0.0453357
5024	1225.049	452	0.0409835
5025	1225.293	464	0.0420716
5026	1225.537	480	0.0435223
5027	1225.781	505	0.0457891
5028	1226.024	435	0.0394421
5029	1226.268	488	0.0442477
5030	1226.512	442	0.0400768
5031	1226.756	460	0.0417089
5032	1227.000	470	0.0426156
5033	1227.244	438	0.0397141
5034	1227.488	449	0.0407115
5035	1227.731	448	0.0406208
5036	1227.975	476	0.0431596
5037	1228.219	422	0.0382634
5038	1228.463	453	0.0410742
5039	1228.707	447	0.0405301
5040	1228.951	438	0.0397141
5041	1229.195	424	0.0384447
5042	1229.438	406	0.0368126
5043	1229.682	478	0.043341
5044	1229.926	439	0.0398048
5045	1230.170	413	0.0374473
5046	1230.414	431	0.0390794
5047	1230.658	432	0.0391701
5048	1230.902	403	0.0365406
5049	1231.146	459	0.0416182
5050	1231.389	444	0.0402581
5051	1231.633	421	0.0381727
5052	1231.877	441	0.0399861
5053	1232.121	449	0.0407115
5054	1232.365	424	0.0384447
5055	1232.609	444	0.0402581
5056	1232.853	443	0.0401675
5057	1233.096	434	0.0393514
5058	1233.340	438	0.0397141
5059	1233.584	440	0.0398954
5060	1233.828	447	0.0405301
5061	1234.072	423	0.038354
5062	1234.316	413	0.0374473
5063	1234.560	460	0.0417089
5064	1234.804	451	0.0408928
5065	1235.047	424	0.0384447
5066	1235.291	445	0.0403488
5067	1235.535	454	0.0411648
5068	1235.779	435	0.0394421
5069	1236.023	454	0.0411648
5070	1236.267	431	0.0390794
5071	1236.511	413	0.0374473
5072	1236.754	430	0.0389887
5073	1236.998	439	0.0398048
5074	1237.242	417	0.03781
5075	1237.486	460	0.0417089
5076	1237.730	398	0.0360872
5077	1237.974	433	0.0392607
5078	1238.218	427	0.0387167
5079	1238.461	439	0.0398048
5080	1238.705	391	0.0354525
5081	1238.949	452	0.0409835
5082	1239.193	437	0.0396234
5083	1239.437	441	0.0399861
5084	1239.681	372	0.0337298
5085	1239.925	437	0.0396234
5086	1240.169	442	0.0400768
5087	1240.412	392	0.0355432
5088	1240.656	447	0.0405301
5089	1240.900	421	0.0381727
5090	1241.144	433	0.0392607
5091	1241.388	422	0.0382634
5092	1241.632	388	0.0351805
5093	1241.876	437	0.0396234
5094	1242.119	438	0.0397141
5095	1242.363	458	0.0415275
5096	1242.607	446	0.0404395
5097	1242.851	433	0.0392607
5098	1243.095	436	0.0395328
5099	1243.339	457	0.0414369
5100	1243.583	429	0.0388981
5101	1243.826	403	0.0365406
5102	1244.070	436	0.0395328
5103	1244.314	403	0.0365406
5104	1244.558	443	0.0401675
5105	1244.802	406	0.0368126
5106	1245.046	435	0.0394421
5107	1245.290	411	0.037266
5108	1245.534	443	0.0401675
5109	1245.777	406	0.0368126
5110	1246.021	430	0.0389887
5111	1246.265	409	0.0370846
5112	1246.509	434	0.0393514
5113	1246.753	400	0.0362686
5114	1246.997	422	0.0382634
5115	1247.241	411	0.037266
5116	1247.484	413	0.0374473
5117	1247.728	397	0.0359966
5118	1247.972	409	0.0370846
5119	1248.216	403	0.0365406
5120	1248.460	468	0.0424342
5121	1248.704	422	0.0382634
5122	1248.948	402	0.0364499
5123	1249.192	411	0.037266
5124	1249.435	389	0.0352712
5125	1249.679	401	0.0363593
5126	1249.923	420	0.038082
5127	1250.167	414	0.037538
5128	1250.411	432	0.0391701
5129	1250.655	403	0.0365406
5130	1250.899	411	0.037266
5131	1251.142	410	0.0371753
5132	1251.386	412	0.0373566
5133	1251.630	399	0.0361779
5134	1251.874	443	0.0401675
5135	1252.118	398	0.0360872
5136	1252.362	408	0.036994
5137	1252.606	387	0.0350899
5138	1252.849	413	0.0374473
5139	1253.093	411	0.037266
5140	1253.337	418	0.0379007
5141	1253.581	369	0.0334578
5142	1253.825	414	0.037538
5143	1254.069	419	0.0379913
5144	1254.313	461	0.0417995
5145	1254.557	419	0.0379913
5146	1254.800	406	0.0368126
5147	1255.044	371	0.0336391
5148	1255.288	390	0.0353619
5149	1255.532	400	0.0362686
5150	1255.776	380	0.0344552
5151	1256.020	403	0.0365406
5152	1256.264	431	0.0390794
5153	1256.507	406	0.0368126
5154	1256.751	392	0.0355432
5155	1256.995	418	0.0379007
5156	1257.239	434	0.0393514
5157	1257.483	405	0.0367219
5158	1257.727	417	0.03781
5159	1257.971	409	0.0370846
5160	1258.215	414	0.037538
5161	1258.458	393	0.0356339
5162	1258.702	411	0.037266
5163	1258.946	422	0.0382634
5164	1259.190	421	0.0381727
5165	1259.434	376	0.0340925
5166	1259.678	424	0.0384447
5167	1259.922	391	0.0354525
5168	1260.165	393	0.0356339
5169	1260.409	392	0.0355432
5170	1260.653	409	0.0370846
5171	1260.897	394	0.0357246
5172	1261.141	429	0.0388981
5173	1261.385	427	0.0387167
5174	1261.629	397	0.0359966
5175	1261.872	414	0.037538
5176	1262.116	431	0.0390794
5177	1262.360	421	0.0381727
5178	1262.604	446	0.0404395
5179	1262.848	439	0.0398048
5180	1263.092	426	0.038626
5181	1263.336	429	0.0388981
5182	1263.580	415	0.0376287
5183	1263.823	452	0.0409835
5184	1264.067	417	0.03781
5185	1264.311	415	0.0376287
5186	1264.555	423	0.038354
5187	1264.799	442	0.0400768
5188	1265.043	371	0.0336391
5189	1265.287	440	0.0398954
5190	1265.530	424	0.0384447
5191	1265.774	439	0.0398048
5192	1266.018	402	0.0364499
5193	1266.262	431	0.0390794
5194	1266.506	398	0.0360872
5195	1266.750	402	0.0364499
5196	1266.994	404	0.0366313
5197	1267.237	442	0.0400768
5198	1267.481	395	0.0358152
5199	1267.725	436	0.0395328
5200	1267.969	459	0.0416182
5201	1268.213	410	0.0371753
5202	1268.457	404	0.0366313
5203	1268.701	415	0.0376287
5204	1268.945	450	0.0408022
5205	1269.188	391	0.0354525
5206	1269.432	450	0.0408022
5207	1269.676	414	0.037538
5208	1269.920	440	0.0398954
5209	1270.164	406	0.0368126
5210	1270.408	438	0.0397141
5211	1270.652	418	0.0379007
5212	1270.895	433	0.0392607
5213	1271.139	382	0.0346365
5214	1271.383	442	0.0400768
5215	1271.627	436	0.0395328
5216	1271.871	422	0.0382634
5217	1272.115	434	0.0393514
5218	1272.359	390	0.0353619
5219	1272.603	425	0.0385354
5220	1272.846	410	0.0371753
5221	1273.090	386	0.0349992
5222	1273.334	415	0.0376287
5223	1273.578	440	0.0398954
5224	1273.822	403	0.0365406
5225	1274.066	441	0.0399861
5226	1274.310	416	0.0377193
5227	1274.553	432	0.0391701
5228	1274.797	426	0.038626
5229	1275.041	417	0.03781
5230	1275.285	413	0.0374473
5231	1275.529	431	0.0390794
5232	1275.773	440	0.0398954
5233	1276.017	412	0.0373566
5234	1276.260	413	0.0374473
5235	1276.504	415	0.0376287
5236	1276.748	408	0.036994
5237	1276.992	420	0.038082
5238	1277.236	424	0.0384447
5239	1277.480	435	0.0394421
5240	1277.724	468	0.0424342
5241	1277.968	419	0.0379913
5242	1278.211	416	0.0377193
5243	1278.455	415	0.0376287
5244	1278.699	456	0.0413462
5245	1278.943	419	0.0379913
5246	1279.187	464	0.0420716
5247	1279.431	396	0.0359059
5248	1279.675	394	0.0357246
5249	1279.918	407	0.0369033
5250	1280.162	404	0.0366313
5251	1280.406	459	0.0416182
5252	1280.650	401	0.0363593
5253	1280.894	410	0.0371753
5254	1281.138	397	0.0359966
5255	1281.382	418	0.0379007
5256	1281.625	383	0.0347272
5257	1281.869	412	0.0373566
5258	1282.113	387	0.0350899
5259	1282.357	406	0.0368126
5260	1282.601	464	0.0420716
5261	1282.845	411	0.037266
5262	1283.089	445	0.0403488
5263	1283.333	416	0.0377193
5264	1283.576	436	0.0395328
5265	1283.820	417	0.03781
5266	1284.064	433	0.0392607
5267	1284.308	417	0.03781
5268	1284.552	431	0.0390794
5269	1284.796	452	0.0409835
5270	1285.040	425	0.0385354
5271	1285.283	423	0.038354
5272	1285.527	409	0.0370846
5273	1285.771	423	0.038354
5274	1286.015	445	0.0403488
5275	1286.259	416	0.0377193
5276	1286.503	415	0.0376287
5277	1286.747	379	0.0343645
5278	1286.991	467	0.0423436
5279	1287.234	435	0.0394421
5280	1287.478	417	0.03781
5281	1287.722	430	0.0389887
5282	1287.966	409	0.0370846
5283	1288.210	478	0.043341
5284	1288.454	405	0.0367219
5285	1288.698	434	0.0393514
5286	1288.941	418	0.0379007
5287	1289.185	442	0.0400768
5288	1289.429	409	0.0370846
5289	1289.673	410	0.0371753
5290	1289.917	432	0.0391701
5291	1290.161	434	0.0393514
5292	1290.405	438	0.0397141
5293	1290.648	467	0.0423436
5294	1290.892	434	0.0393514
5295	1291.136	395	0.0358152
5296	1291.380	403	0.0365406
5297	1291.624	402	0.0364499
5298	1291.868	416	0.0377193
5299	1292.112	435	0.0394421
5300	1292.356	422	0.0382634
5301	1292.599	432	0.0391701
5302	1292.843	462	0.0418902
5303	1293.087	430	0.0389887
5304	1293.331	408	0.036994
5305	1293.575	439	0.0398048
5306	1293.819	447	0.0405301
5307	1294.063	441	0.0399861
5308	1294.306	446	0.0404395
5309	1294.550	406	0.0368126
5310	1294.794	445	0.0403488
5311	1295.038	431	0.0390794
5312	1295.282	483	0.0437943
5313	1295.526	414	0.037538
5314	1295.770	431	0.0390794
5315	1296.013	424	0.0384447
5316	1296.257	420	0.038082
5317	1296.501	431	0.0390794
5318	1296.745	425	0.0385354
5319	1296.989	415	0.0376287
5320	1297.233	426	0.038626
5321	1297.477	409	0.0370846
5322	1297.721	449	0.0407115
5323	1297.964	469	0.0425249
5324	1298.208	447	0.0405301
5325	1298.452	419	0.0379913
5326	1298.696	402	0.0364499
5327	1298.940	428	0.0388074
5328	1299.184	446	0.0404395
5329	1299.428	418	0.0379007
5330	1299.671	420	0.038082
5331	1299.915	426	0.038626
5332	1300.159	421	0.0381727
5333	1300.403	418	0.0379007
5334	1300.647	406	0.0368126
5335	1300.891	428	0.0388074
5336	1301.135	423	0.038354
5337	1301.379	459	0.0416182
5338	1301.622	421	0.0381727
5339	1301.866	392	0.0355432
5340	1302.110	405	0.0367219
5341	1302.354	430	0.0389887
5342	1302.598	396	0.0359059
5343	1302.842	435	0.0394421
5344	1303.086	435	0.0394421
5345	1303.329	416	0.0377193
5346	1303.573	458	0.0415275
5347	1303.817	413	0.0374473
5348	1304.061	416	0.0377193
5349	1304.305	414	0.037538
5350	1304.549	420	0.038082
5351	1304.793	419	0.0379913
5352	1305.036	407	0.0369033
5353	1305.280	430	0.0389887
5354	1305.524	442	0.0400768
5355	1305.768	416	0.0377193
5356	1306.012	450	0.0408022
5357	1306.256	442	0.0400768
5358	1306.500	408	0.036994
5359	1306.744	470	0.0426156
5360	1306.987	395	0.0358152
5361	1307.231	437	0.0396234
5362	1307.475	418	0.0379007
5363	1307.719	447	0.0405301
5364	1307.963	449	0.0407115
5365	1308.207	448	0.0406208
5366	1308.451	409	0.0370846
5367	1308.694	423	0.038354
5368	1308.938	439	0.0398048
5369	1309.182	414	0.037538
5370	1309.426	445	0.0403488
5371	1309.670	402	0.0364499
5372	1309.914	428	0.0388074
5373	1310.158	409	0.0370846
5374	1310.402	419	0.0379913
5375	1310.645	445	0.0403488
5376	1310.889	428	0.0388074
5377	1311.133	428	0.0388074
5378	1311.377	429	0.0388981
5379	1311.621	423	0.038354
5380	1311.865	425	0.0385354
5381	1312.109	411	0.037266
5382	1312.352	427	0.0387167
5383	1312.596	428	0.0388074
5384	1312.840	447	0.0405301
5385	1313.084	436	0.0395328
5386	1313.328	438	0.0397141
5387	1313.572	420	0.038082
5388	1313.816	436	0.0395328
5389	1314.059	447	0.0405301
5390	1314.303	437	0.0396234
5391	1314.547	396	0.0359059
5392	1314.791	481	0.043613
5393	1315.035	376	0.0340925
5394	1315.279	427	0.0387167
5395	1315.523	439	0.0398048
5396	1315.767	430	0.0389887
5397	1316.010	450	0.0408022
5398	1316.254	451	0.0408928
5399	1316.498	403	0.0365406
5400	1316.742	416	0.0377193
5401	1316.986	458	0.0415275
5402	1317.230	423	0.038354
5403	1317.474	443	0.0401675
5404	1317.717	436	0.0395328
5405	1317.961	416	0.0377193
5406	1318.205	416	0.0377193
5407	1318.449	440	0.0398954
5408	1318.693	449	0.0407115
5409	1318.937	416	0.0377193
5410	1319.181	456	0.0413462
5411	1319.424	445	0.0403488
5412	1319.668	412	0.0373566
5413	1319.912	432	0.0391701
5414	1320.156	446	0.0404395
5415	1320.400	431	0.0390794
5416	1320.644	439	0.0398048
5417	1320.888	418	0.0379007
5418	1321.132	447	0.0405301
5419	1321.375	457	0.0414369
5420	1321.619	466	0.0422529
5421	1321.863	481	0.043613
5422	1322.107	446	0.0404395
5423	1322.351	474	0.0429783
5424	1322.595	470	0.0426156
5425	1322.839	494	0.0447917
5426	1323.082	506	0.0458798
5427	1323.326	545	0.0494159
5428	1323.570	637	0.0577577
5429	1323.814	746	0.0676409
5430	1324.058	735	0.0666435
5431	1324.302	820	0.0743506
5432	1324.546	885	0.0802442
5433	1324.790	1040	0.0942983
5434	1325.033	1160	0.105179
5435	1325.277	1140	0.103365
5436	1325.521	1306	0.118417
5437	1325.765	1438	0.130386
5438	1326.009	1394	0.126396
5439	1326.253	1351	0.122497
5440	1326.497	1341	0.12159
5441	1326.740	1312	0.118961
5442	1326.984	1267	0.114881
5443	1327.228	1174	0.106448
5444	1327.472	1026	0.0930289
5445	1327.716	905	0.0820577
5446	1327.960	835	0.0757107
5447	1328.204	733	0.0664622
5448	1328.447	683	0.0619286
5449	1328.691	640	0.0580297
5450	1328.935	577	0.0523174
5451	1329.179	508	0.0460611
5452	1329.423	528	0.0478745
5453	1329.667	515	0.0466958
5454	1329.911	504	0.0456984
5455	1330.155	522	0.0473305
5456	1330.398	666	0.0603872
5457	1330.642	860	0.0779774
5458	1330.886	1036	0.0939356
5459	1331.130	1549	0.14045
5460	1331.374	2396	0.217249
5461	1331.618	3612	0.327505
5462	1331.862	5800	0.525894
5463	1332.105	8601	0.779865
5464	1332.349	12381	1.1226
5465	1332.593	16718	1.51585
5466	1332.837	21438	1.94381
5467	1333.081	25935	2.35156
5468	1333.325	29022	2.63147
5469	1333.569	30806	2.79322
5470	1333.812	30430	2.75913
5471	1334.056	28134	2.55095
5472	1334.300	24167	2.19126
5473	1334.544	19397	1.75875
5474	1334.788	14490	1.31383
5475	1335.032	10306	0.93446
5476	1335.276	6736	0.610763
5477	1335.520	4240	0.384447
5478	1335.763	2627	0.238194
5479	1336.007	1629	0.147704
5480	1336.251	1006	0.0912155
5481	1336.495	709	0.0642861
5482	1336.739	626	0.0567603
5483	1336.983	544	0.0493253
5484	1337.227	499	0.0452451
5485	1337.470	544	0.0493253
5486	1337.714	529	0.0479652
5487	1337.958	495	0.0448824
5488	1338.202	495	0.0448824
5489	1338.446	531	0.0481465
5490	1338.690	522	0.0473305
5491	1338.934	485	0.0439757
5492	1339.178	512	0.0464238
5493	1339.421	567	0.0514107
5494	1339.665	565	0.0512294
5495	1339.909	553	0.0501413
5496	1340.153	563	0.051048
5497	1340.397	547	0.0495973
5498	1340.641	544	0.0493253
5499	1340.885	564	0.0511387
5500	1341.128	558	0.0505947
5501	1341.372	502	0.0455171
5502	1341.616	526	0.0476932
5503	1341.860	557	0.050504
5504	1342.104	518	0.0469678
5505	1342.348	502	0.0455171
5506	1342.592	499	0.0452451
5507	1342.835	523	0.0474212
5508	1343.079	528	0.0478745
5509	1343.323	553	0.0501413
5510	1343.567	564	0.0511387
5511	1343.811	473	0.0428876
5512	1344.055	482	0.0437036
5513	1344.299	503	0.0456077
5514	1344.543	488	0.0442477
5515	1344.786	507	0.0459704
5516	1345.030	494	0.0447917
5517	1345.274	511	0.0463331
5518	1345.518	498	0.0451544
5519	1345.762	499	0.0452451
5520	1346.006	506	0.0458798
5521	1346.250	463	0.0419809
5522	1346.493	468	0.0424342
5523	1346.737	480	0.0435223
5524	1346.981	503	0.0456077
5525	1347.225	532	0.0482372
5526	1347.469	522	0.0473305
5527	1347.713	533	0.0483279
5528	1347.957	447	0.0405301
5529	1348.200	501	0.0454264
5530	1348.444	471	0.0427063
5531	1348.688	457	0.0414369
5532	1348.932	472	0.0427969
5533	1349.176	505	0.0457891
5534	1349.420	474	0.0429783
5535	1349.664	495	0.0448824
5536	1349.908	513	0.0465145
5537	1350.151	481	0.043613
5538	1350.395	491	0.0445197
5539	1350.639	483	0.0437943
5540	1350.883	450	0.0408022
5541	1351.127	441	0.0399861
5542	1351.371	457	0.0414369
5543	1351.615	495	0.0448824
5544	1351.858	455	0.0412555
5545	1352.102	471	0.0427063
5546	1352.346	467	0.0423436
5547	1352.590	518	0.0469678
5548	1352.834	475	0.0430689
5549	1353.078	461	0.0417995
5550	1353.322	487	0.044157
5551	1353.566	459	0.0416182
5552	1353.809	492	0.0446104
5553	1354.053	502	0.0455171
5554	1354.297	500	0.0453357
5555	1354.541	489	0.0443383
5556	1354.785	499	0.0452451
5557	1355.029	544	0.0493253
5558	1355.273	507	0.0459704
5559	1355.516	503	0.0456077
5560	1355.760	534	0.0484186
5561	1356.004	541	0.0490533
5562	1356.248	502	0.0455171
5563	1356.492	469	0.0425249
5564	1356.736	510	0.0462424
5565	1356.980	476	0.0431596
5566	1357.223	445	0.0403488
5567	1357.467	443	0.0401675
5568	1357.711	452	0.0409835
5569	1357.955	465	0.0421622
5570	1358.199	450	0.0408022
5571	1358.443	448	0.0406208
5572	1358.687	460	0.0417089
5573	1358.931	455	0.0412555
5574	1359.174	428	0.0388074
5575	1359.418	455	0.0412555
5576	1359.662	484	0.043885
5577	1359.906	444	0.0402581
5578	1360.150	463	0.0419809
5579	1360.394	443	0.0401675
5580	1360.638	465	0.0421622
5581	1360.881	502	0.0455171
5582	1361.125	428	0.0388074
5583	1361.369	467	0.0423436
5584	1361.613	453	0.0410742
5585	1361.857	442	0.0400768
5586	1362.101	422	0.0382634
5587	1362.345	454	0.0411648
5588	1362.589	426	0.038626
5589	1362.832	425	0.0385354
5590	1363.076	443	0.0401675
5591	1363.320	448	0.0406208
5592	1363.564	435	0.0394421
5593	1363.808	429	0.0388981
5594	1364.052	437	0.0396234
5595	1364.296	440	0.0398954
5596	1364.539	435	0.0394421
5597	1364.783	428	0.0388074
5598	1365.027	461	0.0417995
5599	1365.271	438	0.0397141
5600	1365.515	478	0.043341
5601	1365.759	460	0.0417089
5602	1366.003	464	0.0420716
5603	1366.246	438	0.0397141
5604	1366.490	454	0.0411648
5605	1366.734	414	0.037538
5606	1366.978	427	0.0387167
5607	1367.222	439	0.0398048
5608	1367.466	437	0.0396234
5609	1367.710	460	0.0417089
5610	1367.954	427	0.0387167
5611	1368.197	451	0.0408928
5612	1368.441	441	0.0399861
5613	1368.685	426	0.038626
5614	1368.929	404	0.0366313
5615	1369.173	469	0.0425249
5616	1369.417	424	0.0384447
5617	1369.661	379	0.0343645
5618	1369.904	472	0.0427969
5619	1370.148	484	0.043885
5620	1370.392	440	0.0398954
5621	1370.636	455	0.0412555
5622	1370.880	457	0.0414369
5623	1371.124	459	0.0416182
5624	1371.368	466	0.0422529
5625	1371.611	453	0.0410742
5626	1371.855	446	0.0404395
5627	1372.099	411	0.037266
5628	1372.343	466	0.0422529
5629	1372.587	483	0.0437943
5630	1372.831	428	0.0388074
5631	1373.075	486	0.0440663
5632	1373.319	451	0.0408928
5633	1373.562	450	0.0408022
5634	1373.806	431	0.0390794
5635	1374.050	438	0.0397141
5636	1374.294	425	0.0385354
5637	1374.538	441	0.0399861
5638	1374.782	463	0.0419809
5639	1375.026	453	0.0410742
5640	1375.269	447	0.0405301
5641	1375.513	474	0.0429783
5642	1375.757	457	0.0414369
5643	1376.001	450	0.0408022
5644	1376.245	450	0.0408022
5645	1376.489	419	0.0379913
5646	1376.733	435	0.0394421
5647	1376.977	449	0.0407115
5648	1377.220	454	0.0411648
5649	1377.464	469	0.0425249
5650	1377.708	426	0.038626
5651	1377.952	509	0.0461518
5652	1378.196	452	0.0409835
5653	1378.440	459	0.0416182
5654	1378.684	454	0.0411648
5655	1378.927	472	0.0427969
5656	1379.171	439	0.0398048
5657	1379.415	495	0.0448824
5658	1379.659	457	0.0414369
5659	1379.903	459	0.0416182
5660	1380.147	475	0.0430689
5661	1380.391	462	0.0418902
5662	1380.634	415	0.0376287
5663	1380.878	460	0.0417089
5664	1381.122	453	0.0410742
5665	1381.366	435	0.0394421
5666	1381.610	466	0.0422529
5667	1381.854	454	0.0411648
5668	1382.098	453	0.0410742
5669	1382.342	426	0.038626
5670	1382.585	438	0.0397141
5671	1382.829	442	0.0400768
5672	1383.073	449	0.0407115
5673	1383.317	500	0.0453357
5674	1383.561	474	0.0429783
5675	1383.805	420	0.038082
5676	1384.049	485	0.0439757
5677	1384.292	452	0.0409835
5678	1384.536	451	0.0408928
5679	1384.780	453	0.0410742
5680	1385.024	471	0.0427063
5681	1385.268	441	0.0399861
5682	1385.512	459	0.0416182
5683	1385.756	460	0.0417089
5684	1385.999	480	0.0435223
5685	1386.243	479	0.0434316
5686	1386.487	470	0.0426156
5687	1386.731	426	0.038626
5688	1386.975	439	0.0398048
5689	1387.219	479	0.0434316
5690	1387.463	452	0.0409835
5691	1387.707	459	0.0416182
5692	1387.950	445	0.0403488
5693	1388.194	469	0.0425249
5694	1388.438	461	0.0417995
5695	1388.682	451	0.0408928
5696	1388.926	423	0.038354
5697	1389.170	435	0.0394421
5698	1389.414	483	0.0437943
5699	1389.657	487	0.044157
5700	1389.901	484	0.043885
5701	1390.145	463	0.0419809
5702	1390.389	477	0.0432503
5703	1390.633	485	0.0439757
5704	1390.877	477	0.0432503
5705	1391.121	437	0.0396234
5706	1391.365	460	0.0417089
5707	1391.608	516	0.0467865
5708	1391.852	503	0.0456077
5709	1392.096	487	0.044157
5710	1392.340	478	0.043341
5711	1392.584	463	0.0419809
5712	1392.828	447	0.0405301
5713	1393.072	479	0.0434316
5714	1393.315	461	0.0417995
5715	1393.559	486	0.0440663
5716	1393.803	464	0.0420716
5717	1394.047	454	0.0411648
5718	1394.291	441	0.0399861
5719	1394.535	452	0.0409835
5720	1394.779	452	0.0409835
5721	1395.022	466	0.0422529
5722	1395.266	436	0.0395328
5723	1395.510	489	0.0443383
5724	1395.754	446	0.0404395
5725	1395.998	453	0.0410742
5726	1396.242	468	0.0424342
5727	1396.486	478	0.043341
5728	1396.730	441	0.0399861
5729	1396.973	460	0.0417089
5730	1397.217	480	0.0435223
5731	1397.461	462	0.0418902
5732	1397.705	462	0.0418902
5733	1397.949	468	0.0424342
5734	1398.193	491	0.0445197
5735	1398.437	462	0.0418902
5736	1398.680	424	0.0384447
5737	1398.924	478	0.043341
5738	1399.168	463	0.0419809
5739	1399.412	470	0.0426156
5740	1399.656	491	0.0445197
5741	1399.900	460	0.0417089
5742	1400.144	474	0.0429783
5743	1400.388	458	0.0415275
5744	1400.631	458	0.0415275
5745	1400.875	487	0.044157
5746	1401.119	487	0.044157
5747	1401.363	428	0.0388074
5748	1401.607	524	0.0475118
5749	1401.851	439	0.0398048
5750	1402.095	480	0.0435223
5751	1402.338	447	0.0405301
5752	1402.582	472	0.0427969
5753	1402.826	473	0.0428876
5754	1403.070	469	0.0425249
5755	1403.314	436	0.0395328
5756	1403.558	467	0.0423436
5757	1403.802	510	0.0462424
5758	1404.045	432	0.0391701
5759	1404.289	427	0.0387167
5760	1404.533	470	0.0426156
5761	1404.777	486	0.0440663
5762	1405.021	475	0.0430689
5763	1405.265	473	0.0428876
5764	1405.509	463	0.0419809
5765	1405.753	449	0.0407115
5766	1405.996	448	0.0406208
5767	1406.240	484	0.043885
5768	1406.484	484	0.043885
5769	1406.728	487	0.044157
5770	1406.972	476	0.0431596
5771	1407.216	459	0.0416182
5772	1407.460	495	0.0448824
5773	1407.703	445	0.0403488
5774	1407.947	430	0.0389887
5775	1408.191	502	0.0455171
5776	1408.435	479	0.0434316
5777	1408.679	514	0.0466051
5778	1408.923	468	0.0424342
5779	1409.167	487	0.044157
5780	1409.410	469	0.0425249
5781	1409.654	485	0.0439757
5782	1409.898	483	0.0437943
5783	1410.142	497	0.0450637
5784	1410.386	505	0.0457891
5785	1410.630	501	0.0454264
5786	1410.874	455	0.0412555
5787	1411.118	478	0.043341
5788	1411.361	459	0.0416182
5789	1411.605	505	0.0457891
5790	1411.849	470	0.0426156
5791	1412.093	494	0.0447917
5792	1412.337	519	0.0470585
5793	1412.581	467	0.0423436
5794	1412.825	486	0.0440663
5795	1413.068	435	0.0394421
5796	1413.312	484	0.043885
5797	1413.556	476	0.0431596
5798	1413.800	523	0.0474212
5799	1414.044	484	0.043885
5800	1414.288	486	0.0440663
5801	1414.532	484	0.043885
5802	1414.776	505	0.0457891
5803	1415.019	516	0.0467865
5804	1415.263	486	0.0440663
5805	1415.507	507	0.0459704
5806	1415.751	465	0.0421622
5807	1415.995	464	0.0420716
5808	1416.239	511	0.0463331
5809	1416.483	452	0.0409835
5810	1416.726	506	0.0458798
5811	1416.970	458	0.0415275
5812	1417.214	466	0.0422529
5813	1417.458	472	0.0427969
5814	1417.702	485	0.0439757
5815	1417.946	450	0.0408022
5816	1418.190	478	0.043341
5817	1418.433	486	0.0440663
5818	1418.677	498	0.0451544
5819	1418.921	481	0.043613
5820	1419.165	494	0.0447917
5821	1419.409	492	0.0446104
5822	1419.653	503	0.0456077
5823	1419.897	503	0.0456077
5824	1420.141	439	0.0398048
5825	1420.384	479	0.0434316
5826	1420.628	441	0.0399861
5827	1420.872	503	0.0456077
5828	1421.116	496	0.044973
5829	1421.360	511	0.0463331
5830	1421.604	498	0.0451544
5831	1421.848	505	0.0457891
5832	1422.091	506	0.0458798
5833	1422.335	474	0.0429783
5834	1422.579	470	0.0426156
5835	1422.823	470	0.0426156
5836	1423.067	461	0.0417995
5837	1423.311	508	0.0460611
5838	1423.555	470	0.0426156
5839	1423.798	512	0.0464238
5840	1424.042	515	0.0466958
5841	1424.286	439	0.0398048
5842	1424.530	487	0.044157
5843	1424.774	495	0.0448824
5844	1425.018	511	0.0463331
5845	1425.262	434	0.0393514
5846	1425.506	493	0.044701
5847	1425.749	506	0.0458798
5848	1425.993	493	0.044701
5849	1426.237	496	0.044973
5850	1426.481	494	0.0447917
5851	1426.725	509	0.0461518
5852	1426.969	457	0.0414369
5853	1427.213	465	0.0421622
5854	1427.456	460	0.0417089
5855	1427.700	493	0.044701
5856	1427.944	527	0.0477839
5857	1428.188	472	0.0427969
5858	1428.432	504	0.0456984
5859	1428.676	480	0.0435223
5860	1428.920	491	0.0445197
5861	1429.164	516	0.0467865
5862	1429.407	497	0.0450637
5863	1429.651	461	0.0417995
5864	1429.895	497	0.0450637
5865	1430.139	503	0.0456077
5866	1430.383	522	0.0473305
5867	1430.627	460	0.0417089
5868	1430.871	479	0.0434316
5869	1431.114	494	0.0447917
5870	1431.358	465	0.0421622
5871	1431.602	495	0.0448824
5872	1431.846	520	0.0471492
5873	1432.090	559	0.0506853
5874	1432.334	485	0.0439757
5875	1432.578	499	0.0452451
5876	1432.821	495	0.0448824
5877	1433.065	522	0.0473305
5878	1433.309	464	0.0420716
5879	1433.553	506	0.0458798
5880	1433.797	481	0.043613
5881	1434.041	511	0.0463331
5882	1434.285	523	0.0474212
5883	1434.529	510	0.0462424
5884	1434.772	506	0.0458798
5885	1435.016	514	0.0466051
5886	1435.260	503	0.0456077
5887	1435.504	498	0.0451544
5888	1435.748	543	0.0492346
5889	1435.992	530	0.0480559
5890	1436.236	478	0.043341
5891	1436.479	470	0.0426156
5892	1436.723	562	0.0509574
5893	1436.967	537	0.0486906
5894	1437.211	531	0.0481465
5895	1437.455	449	0.0407115
5896	1437.699	509	0.0461518
5897	1437.943	475	0.0430689
5898	1438.186	517	0.0468771
5899	1438.430	479	0.0434316
5900	1438.674	513	0.0465145
5901	1438.918	494	0.0447917
5902	1439.162	511	0.0463331
5903	1439.406	566	0.05132
5904	1439.650	500	0.0453357
5905	1439.894	495	0.0448824
5906	1440.137	493	0.044701
5907	1440.381	522	0.0473305
5908	1440.625	483	0.0437943
5909	1440.869	500	0.0453357
5910	1441.113	487	0.044157
5911	1441.357	506	0.0458798
5912	1441.601	498	0.0451544
5913	1441.844	501	0.0454264
5914	1442.088	482	0.0437036
5915	1442.332	516	0.0467865
5916	1442.576	484	0.043885
5917	1442.820	495	0.0448824
5918	1443.064	508	0.0460611
5919	1443.308	516	0.0467865
5920	1443.552	493	0.044701
5921	1443.795	485	0.0439757
5922	1444.039	519	0.0470585
5923	1444.283	510	0.0462424
5924	1444.527	496	0.044973
5925	1444.771	491	0.0445197
5926	1445.015	505	0.0457891
5927	1445.259	523	0.0474212
5928	1445.502	485	0.0439757
5929	1445.746	546	0.0495066
5930	1445.990	468	0.0424342
5931	1446.234	554	0.050232
5932	1446.478	526	0.0476932
5933	1446.722	465	0.0421622
5934	1446.966	513	0.0465145
5935	1447.209	551	0.04996
5936	1447.453	513	0.0465145
5937	1447.697	502	0.0455171
5938	1447.941	499	0.0452451
5939	1448.185	534	0.0484186
5940	1448.429	524	0.0475118
5941	1448.673	514	0.0466051
5942	1448.917	542	0.0491439
5943	1449.160	532	0.0482372
5944	1449.404	517	0.0468771
5945	1449.648	477	0.0432503
5946	1449.892	499	0.0452451
5947	1450.136	482	0.0437036
5948	1450.380	536	0.0485999
5949	1450.624	514	0.0466051
5950	1450.867	545	0.0494159
5951	1451.111	516	0.0467865
5952	1451.355	507	0.0459704
5953	1451.599	531	0.0481465
5954	1451.843	506	0.0458798
5955	1452.087	555	0.0503227
5956	1452.331	529	0.0479652
5957	1452.575	517	0.0468771
5958	1452.818	493	0.044701
5959	1453.062	579	0.0524988
5960	1453.306	558	0.0505947
5961	1453.550	472	0.0427969
5962	1453.794	505	0.0457891
5963	1454.038	552	0.0500506
5964	1454.282	540	0.0489626
5965	1454.525	497	0.0450637
5966	1454.769	494	0.0447917
5967	1455.013	573	0.0519547
5968	1455.257	584	0.0529521
5969	1455.501	547	0.0495973
5970	1455.745	532	0.0482372
5971	1455.989	498	0.0451544
5972	1456.232	555	0.0503227
5973	1456.476	536	0.0485999
5974	1456.720	519	0.0470585
5975	1456.964	514	0.0466051
5976	1457.208	522	0.0473305
5977	1457.452	535	0.0485092
5978	1457.696	541	0.0490533
5979	1457.940	546	0.0495066
5980	1458.183	517	0.0468771
5981	1458.427	536	0.0485999
5982	1458.671	513	0.0465145
5983	1458.915	540	0.0489626
5984	1459.159	544	0.0493253
5985	1459.403	520	0.0471492
5986	1459.647	554	0.050232
5987	1459.890	561	0.0508667
5988	1460.134	575	0.0521361
5989	1460.378	544	0.0493253
5990	1460.622	492	0.0446104
5991	1460.866	515	0.0466958
5992	1461.110	566	0.05132
5993	1461.354	484	0.043885
5994	1461.597	522	0.0473305
5995	1461.841	510	0.0462424
5996	1462.085	541	0.0490533
5997	1462.329	518	0.0469678
5998	1462.573	540	0.0489626
5999	1462.817	519	0.0470585
6000	1463.061	514	0.0466051
6001	1463.305	514	0.0466051
6002	1463.548	565	0.0512294
6003	1463.792	482	0.0437036
6004	1464.036	525	0.0476025
6005	1464.280	543	0.0492346
6006	1464.524	541	0.0490533
6007	1464.768	593	0.0537682
6008	1465.012	550	0.0498693
6009	1465.255	529	0.0479652
6010	1465.499	506	0.0458798
6011	1465.743	519	0.0470585
6012	1465.987	541	0.0490533
6013	1466.231	520	0.0471492
6014	1466.475	500	0.0453357
6015	1466.719	551	0.04996
6016	1466.963	579	0.0524988
6017	1467.206	533	0.0483279
6018	1467.450	570	0.0516827
6019	1467.694	534	0.0484186
6020	1467.938	581	0.0526801
6021	1468.182	559	0.0506853
6022	1468.426	530	0.0480559
6023	1468.670	546	0.0495066
6024	1468.913	556	0.0504133
6025	1469.157	556	0.0504133
6026	1469.401	546	0.0495066
6027	1469.645	516	0.0467865
6028	1469.889	526	0.0476932
6029	1470.133	581	0.0526801
6030	1470.377	512	0.0464238
6031	1470.620	538	0.0487812
6032	1470.864	584	0.0529521
6033	1471.108	573	0.0519547
6034	1471.352	565	0.0512294
6035	1471.596	563	0.051048
6036	1471.840	517	0.0468771
6037	1472.084	547	0.0495973
6038	1472.328	544	0.0493253
6039	1472.571	505	0.0457891
6040	1472.815	561	0.0508667
6041	1473.059	547	0.0495973
6042	1473.303	540	0.0489626
6043	1473.547	558	0.0505947
6044	1473.791	495	0.0448824
6045	1474.035	553	0.0501413
6046	1474.278	513	0.0465145
6047	1474.522	542	0.0491439
6048	1474.766	556	0.0504133
6049	1475.010	500	0.0453357
6050	1475.254	541	0.0490533
6051	1475.498	555	0.0503227
6052	1475.742	516	0.0467865
6053	1475.985	533	0.0483279
6054	1476.229	544	0.0493253
6055	1476.473	534	0.0484186
6056	1476.717	514	0.0466051
6057	1476.961	528	0.0478745
6058	1477.205	555	0.0503227
6059	1477.449	592	0.0536775
6060	1477.693	572	0.0518641
6061	1477.936	533	0.0483279
6062	1478.180	529	0.0479652
6063	1478.424	539	0.0488719
6064	1478.668	523	0.0474212
6065	1478.912	526	0.0476932
6066	1479.156	507	0.0459704
6067	1479.400	574	0.0520454
6068	1479.643	576	0.0522268
6069	1479.887	562	0.0509574
6070	1480.131	578	0.0524081
6071	1480.375	574	0.0520454
6072	1480.619	544	0.0493253
6073	1480.863	545	0.0494159
6074	1481.107	554	0.050232
6075	1481.351	553	0.0501413
6076	1481.594	564	0.0511387
6077	1481.838	560	0.050776
6078	1482.082	572	0.0518641
6079	1482.326	539	0.0488719
6080	1482.570	557	0.050504
6081	1482.814	546	0.0495066
6082	1483.058	557	0.050504
6083	1483.301	550	0.0498693
6084	1483.545	574	0.0520454
6085	1483.789	488	0.0442477
6086	1484.033	557	0.050504
6087	1484.277	567	0.0514107
6088	1484.521	532	0.0482372
6089	1484.765	573	0.0519547
6090	1485.008	556	0.0504133
6091	1485.252	578	0.0524081
6092	1485.496	559	0.0506853
6093	1485.740	560	0.050776
6094	1485.984	555	0.0503227
6095	1486.228	569	0.0515921
6096	1486.472	600	0.0544029
6097	1486.716	544	0.0493253
6098	1486.959	541	0.0490533
6099	1487.203	562	0.0509574
6100	1487.447	566	0.05132
6101	1487.691	587	0.0532241
6102	1487.935	541	0.0490533
6103	1488.179	550	0.0498693
6104	1488.423	555	0.0503227
6105	1488.666	573	0.0519547
6106	1488.910	571	0.0517734
6107	1489.154	567	0.0514107
6108	1489.398	549	0.0497786
6109	1489.642	550	0.0498693
6110	1489.886	582	0.0527708
6111	1490.130	568	0.0515014
6112	1490.373	573	0.0519547
6113	1490.617	599	0.0543122
6114	1490.861	579	0.0524988
6115	1491.105	616	0.0558536
6116	1491.349	559	0.0506853
6117	1491.593	549	0.0497786
6118	1491.837	554	0.050232
6119	1492.081	552	0.0500506
6120	1492.324	600	0.0544029
6121	1492.568	577	0.0523174
6122	1492.812	544	0.0493253
6123	1493.056	562	0.0509574
6124	1493.300	573	0.0519547
6125	1493.544	549	0.0497786
6126	1493.788	579	0.0524988
6127	1494.031	575	0.0521361
6128	1494.275	594	0.0538588
6129	1494.519	600	0.0544029
6130	1494.763	548	0.049688
6131	1495.007	590	0.0534962
6132	1495.251	599	0.0543122
6133	1495.495	567	0.0514107
6134	1495.739	546	0.0495066
6135	1495.982	535	0.0485092
6136	1496.226	540	0.0489626
6137	1496.470	601	0.0544935
6138	1496.714	589	0.0534055
6139	1496.958	578	0.0524081
6140	1497.202	596	0.0540402
6141	1497.446	562	0.0509574
6142	1497.689	549	0.0497786
6143	1497.933	588	0.0533148
6144	1498.177	581	0.0526801
6145	1498.421	555	0.0503227
6146	1498.665	589	0.0534055
6147	1498.909	588	0.0533148
6148	1499.153	591	0.0535868
6149	1499.396	565	0.0512294
6150	1499.640	552	0.0500506
6151	1499.884	608	0.0551282
6152	1500.128	579	0.0524988
6153	1500.372	596	0.0540402
6154	1500.616	610	0.0553096
6155	1500.860	576	0.0522268
6156	1501.104	565	0.0512294
6157	1501.347	602	0.0545842
6158	1501.591	558	0.0505947
6159	1501.835	571	0.0517734
6160	1502.079	584	0.0529521
6161	1502.323	567	0.0514107
6162	1502.567	575	0.0521361
6163	1502.811	553	0.0501413
6164	1503.054	568	0.0515014
6165	1503.298	608	0.0551282
6166	1503.542	600	0.0544029
6167	1503.786	621	0.056307
6168	1504.030	567	0.0514107
6169	1504.274	560	0.050776
6170	1504.518	569	0.0515921
6171	1504.762	571	0.0517734
6172	1505.005	582	0.0527708
6173	1505.249	601	0.0544935
6174	1505.493	565	0.0512294
6175	1505.737	592	0.0536775
6176	1505.981	593	0.0537682
6177	1506.225	627	0.056851
6178	1506.469	592	0.0536775
6179	1506.712	611	0.0554003
6180	1506.956	581	0.0526801
6181	1507.200	608	0.0551282
6182	1507.444	646	0.0585738
6183	1507.688	557	0.050504
6184	1507.932	600	0.0544029
6185	1508.176	604	0.0547656
6186	1508.419	547	0.0495973
6187	1508.663	576	0.0522268
6188	1508.907	607	0.0550376
6189	1509.151	629	0.0570323
6190	1509.395	620	0.0562163
6191	1509.639	644	0.0583924
6192	1509.883	605	0.0548562
6193	1510.127	638	0.0578484
6194	1510.370	599	0.0543122
6195	1510.614	589	0.0534055
6196	1510.858	607	0.0550376
6197	1511.102	607	0.0550376
6198	1511.346	571	0.0517734
6199	1511.590	625	0.0566697
6200	1511.834	611	0.0554003
6201	1512.077	617	0.0559443
6202	1512.321	610	0.0553096
6203	1512.565	562	0.0509574
6204	1512.809	592	0.0536775
6205	1513.053	648	0.0587551
6206	1513.297	572	0.0518641
6207	1513.541	555	0.0503227
6208	1513.784	578	0.0524081
6209	1514.028	653	0.0592085
6210	1514.272	598	0.0542215
6211	1514.516	571	0.0517734
6212	1514.760	604	0.0547656
6213	1515.004	600	0.0544029
6214	1515.248	646	0.0585738
6215	1515.492	599	0.0543122
6216	1515.735	610	0.0553096
6217	1515.979	619	0.0561256
6218	1516.223	616	0.0558536
6219	1516.467	670	0.0607499
6220	1516.711	635	0.0575764
6221	1516.955	592	0.0536775
6222	1517.199	607	0.0550376
6223	1517.442	588	0.0533148
6224	1517.686	617	0.0559443
6225	1517.930	614	0.0556723
6226	1518.174	586	0.0531335
6227	1518.418	598	0.0542215
6228	1518.662	649	0.0588458
6229	1518.906	604	0.0547656
6230	1519.150	605	0.0548562
6231	1519.393	623	0.0564883
6232	1519.637	617	0.0559443
6233	1519.881	617	0.0559443
6234	1520.125	640	0.0580297
6235	1520.369	627	0.056851
6236	1520.613	627	0.056851
6237	1520.857	596	0.0540402
6238	1521.100	588	0.0533148
6239	1521.344	632	0.0573044
6240	1521.588	644	0.0583924
6241	1521.832	624	0.056579
6242	1522.076	645	0.0584831
6243	1522.320	628	0.0569417
6244	1522.564	641	0.0581204
6245	1522.807	657	0.0595711
6246	1523.051	586	0.0531335
6247	1523.295	632	0.0573044
6248	1523.539	631	0.0572137
6249	1523.783	626	0.0567603
6250	1524.027	640	0.0580297
6251	1524.271	635	0.0575764
6252	1524.515	643	0.0583017
6253	1524.758	641	0.0581204
6254	1525.002	586	0.0531335
6255	1525.246	601	0.0544935
6256	1525.490	660	0.0598432
6257	1525.734	617	0.0559443
6258	1525.978	675	0.0612032
6259	1526.222	642	0.0582111
6260	1526.465	633	0.057395
6261	1526.709	645	0.0584831
6262	1526.953	625	0.0566697
6263	1527.197	615	0.0557629
6264	1527.441	671	0.0608405
6265	1527.685	653	0.0592085
6266	1527.929	647	0.0586644
6267	1528.172	632	0.0573044
6268	1528.416	614	0.0556723
6269	1528.660	647	0.0586644
6270	1528.904	657	0.0595711
6271	1529.148	609	0.0552189
6272	1529.392	642	0.0582111
6273	1529.636	617	0.0559443
6274	1529.880	620	0.0562163
6275	1530.123	599	0.0543122
6276	1530.367	659	0.0597525
6277	1530.611	614	0.0556723
6278	1530.855	653	0.0592085
6279	1531.099	602	0.0545842
6280	1531.343	694	0.062926
6281	1531.587	639	0.0579391
6282	1531.830	656	0.0594805
6283	1532.074	687	0.0622913
6284	1532.318	712	0.0645581
6285	1532.562	679	0.0615659
6286	1532.806	667	0.0604779
6287	1533.050	645	0.0584831
6288	1533.294	660	0.0598432
6289	1533.538	673	0.0610219
6290	1533.781	660	0.0598432
6291	1534.025	651	0.0590271
6292	1534.269	641	0.0581204
6293	1534.513	657	0.0595711
6294	1534.757	656	0.0594805
6295	1535.001	694	0.062926
6296	1535.245	698	0.0632887
6297	1535.488	647	0.0586644
6298	1535.732	647	0.0586644
6299	1535.976	673	0.0610219
6300	1536.220	694	0.062926
6301	1536.464	661	0.0599338
6302	1536.708	640	0.0580297
6303	1536.952	612	0.0554909
6304	1537.195	670	0.0607499
6305	1537.439	643	0.0583017
6306	1537.683	630	0.057123
6307	1537.927	694	0.062926
6308	1538.171	648	0.0587551
6309	1538.415	671	0.0608405
6310	1538.659	659	0.0597525
6311	1538.903	708	0.0641954
6312	1539.146	666	0.0603872
6313	1539.390	681	0.0617473
6314	1539.634	692	0.0627446
6315	1539.878	661	0.0599338
6316	1540.122	635	0.0575764
6317	1540.366	633	0.057395
6318	1540.610	680	0.0616566
6319	1540.853	633	0.057395
6320	1541.097	664	0.0602058
6321	1541.341	667	0.0604779
6322	1541.585	644	0.0583924
6323	1541.829	683	0.0619286
6324	1542.073	681	0.0617473
6325	1542.317	678	0.0614752
6326	1542.560	681	0.0617473
6327	1542.804	644	0.0583924
6328	1543.048	669	0.0606592
6329	1543.292	660	0.0598432
6330	1543.536	676	0.0612939
6331	1543.780	690	0.0625633
6332	1544.024	691	0.062654
6333	1544.268	628	0.0569417
6334	1544.511	690	0.0625633
6335	1544.755	684	0.0620193
6336	1544.999	680	0.0616566
6337	1545.243	742	0.0672782
6338	1545.487	643	0.0583017
6339	1545.731	688	0.062382
6340	1545.975	714	0.0647394
6341	1546.218	725	0.0657368
6342	1546.462	731	0.0662808
6343	1546.706	694	0.062926
6344	1546.950	660	0.0598432
6345	1547.194	732	0.0663715
6346	1547.438	695	0.0630167
6347	1547.682	655	0.0593898
6348	1547.926	713	0.0646487
6349	1548.169	635	0.0575764
6350	1548.413	718	0.0651021
6351	1548.657	730	0.0661902
6352	1548.901	690	0.0625633
6353	1549.145	683	0.0619286
6354	1549.389	699	0.0633793
6355	1549.633	747	0.0677316
6356	1549.876	651	0.0590271
6357	1550.120	717	0.0650114
6358	1550.364	736	0.0667342
6359	1550.608	684	0.0620193
6360	1550.852	735	0.0666435
6361	1551.096	713	0.0646487
6362	1551.340	706	0.064014
6363	1551.583	714	0.0647394
6364	1551.827	709	0.0642861
6365	1552.071	665	0.0602965
6366	1552.315	737	0.0668249
6367	1552.559	744	0.0674596
6368	1552.803	741	0.0671875
6369	1553.047	729	0.0660995
6370	1553.291	740	0.0670969
6371	1553.534	685	0.0621099
6372	1553.778	726	0.0658275
6373	1554.022	727	0.0659181
6374	1554.266	711	0.0644674
6375	1554.510	709	0.0642861
6376	1554.754	730	0.0661902
6377	1554.998	681	0.0617473
6378	1555.241	726	0.0658275
6379	1555.485	708	0.0641954
6380	1555.729	740	0.0670969
6381	1555.973	732	0.0663715
6382	1556.217	719	0.0651928
6383	1556.461	706	0.064014
6384	1556.705	718	0.0651021
6385	1556.949	746	0.0676409
6386	1557.192	732	0.0663715
6387	1557.436	744	0.0674596
6388	1557.680	735	0.0666435
6389	1557.924	686	0.0622006
6390	1558.168	745	0.0675502
6391	1558.412	733	0.0664622
6392	1558.656	724	0.0656461
6393	1558.899	776	0.070361
6394	1559.143	719	0.0651928
6395	1559.387	748	0.0678222
6396	1559.631	737	0.0668249
6397	1559.875	737	0.0668249
6398	1560.119	732	0.0663715
6399	1560.363	740	0.0670969
6400	1560.606	742	0.0672782
6401	1560.850	750	0.0680036
6402	1561.094	726	0.0658275
6403	1561.338	762	0.0690916
6404	1561.582	767	0.069545
6405	1561.826	770	0.069817
6406	1562.070	738	0.0669155
6407	1562.314	754	0.0683663
6408	1562.557	708	0.0641954
6409	1562.801	733	0.0664622
6410	1563.045	721	0.0653741
6411	1563.289	711	0.0644674
6412	1563.533	748	0.0678222
6413	1563.777	764	0.069273
6414	1564.021	762	0.0690916
6415	1564.264	748	0.0678222
6416	1564.508	747	0.0677316
6417	1564.752	747	0.0677316
6418	1564.996	746	0.0676409
6419	1565.240	734	0.0665528
6420	1565.484	774	0.0701797
6421	1565.728	731	0.0662808
6422	1565.971	762	0.0690916
6423	1566.215	790	0.0716304
6424	1566.459	752	0.0681849
6425	1566.703	724	0.0656461
6426	1566.947	729	0.0660995
6427	1567.191	730	0.0661902
6428	1567.435	735	0.0666435
6429	1567.679	760	0.0689103
6430	1567.922	759	0.0688196
6431	1568.166	804	0.0728998
6432	1568.410	778	0.0705424
6433	1568.654	770	0.069817
6434	1568.898	785	0.0711771
6435	1569.142	750	0.0680036
6436	1569.386	735	0.0666435
6437	1569.629	788	0.0714491
6438	1569.873	723	0.0655555
6439	1570.117	785	0.0711771
6440	1570.361	792	0.0718118
6441	1570.605	727	0.0659181
6442	1570.849	774	0.0701797
6443	1571.093	781	0.0708144
6444	1571.337	764	0.069273
6445	1571.580	763	0.0691823
6446	1571.824	769	0.0697263
6447	1572.068	802	0.0727185
6448	1572.312	720	0.0652834
6449	1572.556	755	0.0684569
6450	1572.800	750	0.0680036
6451	1573.044	751	0.0680943
6452	1573.287	773	0.070089
6453	1573.531	785	0.0711771
6454	1573.775	786	0.0712678
6455	1574.019	798	0.0723558
6456	1574.263	786	0.0712678
6457	1574.507	775	0.0702704
6458	1574.751	809	0.0733532
6459	1574.994	808	0.0732625
6460	1575.238	798	0.0723558
6461	1575.482	815	0.0738972
6462	1575.726	804	0.0728998
6463	1575.970	837	0.075892
6464	1576.214	816	0.0739879
6465	1576.458	826	0.0748946
6466	1576.702	800	0.0725372
6467	1576.945	742	0.0672782
6468	1577.189	754	0.0683663
6469	1577.433	815	0.0738972
6470	1577.677	799	0.0724465
6471	1577.921	777	0.0704517
6472	1578.165	815	0.0738972
6473	1578.409	823	0.0746226
6474	1578.652	782	0.0709051
6475	1578.896	886	0.0803349
6476	1579.140	759	0.0688196
6477	1579.384	800	0.0725372
6478	1579.628	813	0.0737159
6479	1579.872	798	0.0723558
6480	1580.116	811	0.0735345
6481	1580.359	797	0.0722651
6482	1580.603	839	0.0760733
6483	1580.847	842	0.0763454
6484	1581.091	745	0.0675502
6485	1581.335	781	0.0708144
6486	1581.579	810	0.0734439
6487	1581.823	768	0.0696357
6488	1582.067	787	0.0713584
6489	1582.310	783	0.0709957
6490	1582.554	795	0.0720838
6491	1582.798	856	0.0776148
6492	1583.042	817	0.0740786
6493	1583.286	858	0.0777961
6494	1583.530	798	0.0723558
6495	1583.774	838	0.0759827
6496	1584.017	810	0.0734439
6497	1584.261	816	0.0739879
6498	1584.505	820	0.0743506
6499	1584.749	841	0.0762547
6500	1584.993	832	0.0754386
6501	1585.237	887	0.0804256
6502	1585.481	822	0.0745319
6503	1585.725	807	0.0731719
6504	1585.968	782	0.0709051
6505	1586.212	813	0.0737159
6506	1586.456	811	0.0735345
6507	1586.700	832	0.0754386
6508	1586.944	871	0.0789748
6509	1587.188	816	0.0739879
6510	1587.432	858	0.0777961
6511	1587.675	882	0.0799722
6512	1587.919	852	0.0772521
6513	1588.163	880	0.0797909
6514	1588.407	863	0.0782495
6515	1588.651	844	0.0765267
6516	1588.895	843	0.076436
6517	1589.139	853	0.0773427
6518	1589.382	827	0.0749853
6519	1589.626	832	0.0754386
6520	1589.870	859	0.0778868
6521	1590.114	804	0.0728998
6522	1590.358	794	0.0719931
6523	1590.602	817	0.0740786
6524	1590.846	864	0.0783401
6525	1591.090	869	0.0787935
6526	1591.333	830	0.0752573
6527	1591.577	823	0.0746226
6528	1591.821	828	0.075076
6529	1592.065	850	0.0770707
6530	1592.309	815	0.0738972
6531	1592.553	826	0.0748946
6532	1592.797	817	0.0740786
6533	1593.040	849	0.0769801
6534	1593.284	822	0.0745319
6535	1593.528	926	0.0839618
6536	1593.772	892	0.0808789
6537	1594.016	870	0.0788842
6538	1594.260	831	0.075348
6539	1594.504	845	0.0766174
6540	1594.748	818	0.0741692
6541	1594.991	853	0.0773427
6542	1595.235	910	0.082511
6543	1595.479	862	0.0781588
6544	1595.723	887	0.0804256
6545	1595.967	891	0.0807883
6546	1596.211	873	0.0791562
6547	1596.455	904	0.081967
6548	1596.698	876	0.0794282
6549	1596.942	892	0.0808789
6550	1597.186	887	0.0804256
6551	1597.430	844	0.0765267
6552	1597.674	921	0.0835084
6553	1597.918	882	0.0799722
6554	1598.162	812	0.0736252
6555	1598.405	925	0.0838711
6556	1598.649	880	0.0797909
6557	1598.893	870	0.0788842
6558	1599.137	873	0.0791562
6559	1599.381	899	0.0815136
6560	1599.625	894	0.0810603
6561	1599.869	871	0.0789748
6562	1600.113	850	0.0770707
6563	1600.356	901	0.081695
6564	1600.600	878	0.0796095
6565	1600.844	853	0.0773427
6566	1601.088	887	0.0804256
6567	1601.332	827	0.0749853
6568	1601.576	837	0.075892
6569	1601.820	897	0.0813323
6570	1602.063	897	0.0813323
6571	1602.307	847	0.0767987
6572	1602.551	887	0.0804256
6573	1602.795	850	0.0770707
6574	1603.039	908	0.0823297
6575	1603.283	884	0.0801536
6576	1603.527	881	0.0798815
6577	1603.770	881	0.0798815
6578	1604.014	837	0.075892
6579	1604.258	904	0.081967
6580	1604.502	879	0.0797002
6581	1604.746	945	0.0856845
6582	1604.990	792	0.0718118
6583	1605.234	883	0.0800629
6584	1605.478	866	0.0785215
6585	1605.721	911	0.0826017
6586	1605.965	855	0.0775241
6587	1606.209	915	0.0829644
6588	1606.453	861	0.0780681
6589	1606.697	881	0.0798815
6590	1606.941	898	0.081423
6591	1607.185	881	0.0798815
6592	1607.428	920	0.0834177
6593	1607.672	844	0.0765267
6594	1607.916	909	0.0824203
6595	1608.160	899	0.0815136
6596	1608.404	814	0.0738066
6597	1608.648	827	0.0749853
6598	1608.892	851	0.0771614
6599	1609.136	882	0.0799722
6600	1609.379	806	0.0730812
6601	1609.623	792	0.0718118
6602	1609.867	881	0.0798815
6603	1610.111	786	0.0712678
6604	1610.355	844	0.0765267
6605	1610.599	817	0.0740786
6606	1610.843	793	0.0719025
6607	1611.086	797	0.0722651
6608	1611.330	795	0.0720838
6609	1611.574	802	0.0727185
6610	1611.818	788	0.0714491
6611	1612.062	771	0.0699077
6612	1612.306	759	0.0688196
6613	1612.550	751	0.0680943
6614	1612.793	728	0.0660088
6615	1613.037	729	0.0660995
6616	1613.281	673	0.0610219
6617	1613.525	715	0.0648301
6618	1613.769	685	0.0621099
6619	1614.013	724	0.0656461
6620	1614.257	678	0.0614752
6621	1614.501	648	0.0587551
6622	1614.744	671	0.0608405
6623	1614.988	646	0.0585738
6624	1615.232	666	0.0603872
6625	1615.476	646	0.0585738
6626	1615.720	663	0.0601152
6627	1615.964	632	0.0573044
6628	1616.208	578	0.0524081
6629	1616.451	612	0.0554909
6630	1616.695	607	0.0550376
6631	1616.939	687	0.0622913
6632	1617.183	580	0.0525894
6633	1617.427	656	0.0594805
6634	1617.671	612	0.0554909
6635	1617.915	616	0.0558536
6636	1618.158	599	0.0543122
6637	1618.402	586	0.0531335
6638	1618.646	530	0.0480559
6639	1618.890	531	0.0481465
6640	1619.134	593	0.0537682
6641	1619.378	607	0.0550376
6642	1619.622	559	0.0506853
6643	1619.866	529	0.0479652
6644	1620.109	609	0.0552189
6645	1620.353	556	0.0504133
6646	1620.597	572	0.0518641
6647	1620.841	590	0.0534962
6648	1621.085	592	0.0536775
6649	1621.329	569	0.0515921
6650	1621.573	555	0.0503227
6651	1621.816	570	0.0516827
6652	1622.060	502	0.0455171
6653	1622.304	522	0.0473305
6654	1622.548	554	0.050232
6655	1622.792	542	0.0491439
6656	1623.036	550	0.0498693
6657	1623.280	555	0.0503227
6658	1623.524	555	0.0503227
6659	1623.767	528	0.0478745
6660	1624.011	555	0.0503227
6661	1624.255	551	0.04996
6662	1624.499	541	0.0490533
6663	1624.743	560	0.050776
6664	1624.987	553	0.0501413
6665	1625.231	564	0.0511387
6666	1625.474	551	0.04996
6667	1625.718	528	0.0478745
6668	1625.962	525	0.0476025
6669	1626.206	526	0.0476932
6670	1626.450	526	0.0476932
6671	1626.694	541	0.0490533
6672	1626.938	510	0.0462424
6673	1627.181	565	0.0512294
6674	1627.425	508	0.0460611
6675	1627.669	515	0.0466958
6676	1627.913	525	0.0476025
6677	1628.157	540	0.0489626
6678	1628.401	530	0.0480559
6679	1628.645	534	0.0484186
6680	1628.889	489	0.0443383
6681	1629.132	541	0.0490533
6682	1629.376	540	0.0489626
6683	1629.620	519	0.0470585
6684	1629.864	480	0.0435223
6685	1630.108	566	0.05132
6686	1630.352	510	0.0462424
6687	1630.596	507	0.0459704
6688	1630.839	494	0.0447917
6689	1631.083	527	0.0477839
6690	1631.327	516	0.0467865
6691	1631.571	511	0.0463331
6692	1631.815	513	0.0465145
6693	1632.059	521	0.0472398
6694	1632.303	532	0.0482372
6695	1632.546	506	0.0458798
6696	1632.790	505	0.0457891
6697	1633.034	510	0.0462424
6698	1633.278	489	0.0443383
6699	1633.522	517	0.0468771
6700	1633.766	499	0.0452451
6701	1634.010	525	0.0476025
6702	1634.254	484	0.043885
6703	1634.497	512	0.0464238
6704	1634.741	478	0.043341
6705	1634.985	430	0.0389887
6706	1635.229	480	0.0435223
6707	1635.473	496	0.044973
6708	1635.717	494	0.0447917
6709	1635.961	494	0.0447917
6710	1636.204	509	0.0461518
6711	1636.448	508	0.0460611
6712	1636.692	493	0.044701
6713	1636.936	470	0.0426156
6714	1637.180	479	0.0434316
6715	1637.424	482	0.0437036
6716	1637.668	492	0.0446104
6717	1637.912	470	0.0426156
6718	1638.155	510	0.0462424
6719	1638.399	482	0.0437036
6720	1638.643	477	0.0432503
6721	1638.887	460	0.0417089
6722	1639.131	453	0.0410742
6723	1639.375	505	0.0457891
6724	1639.619	482	0.0437036
6725	1639.862	483	0.0437943
6726	1640.106	456	0.0413462
6727	1640.350	504	0.0456984
6728	1640.594	452	0.0409835
6729	1640.838	453	0.0410742
6730	1641.082	450	0.0408022
6731	1641.326	448	0.0406208
6732	1641.569	458	0.0415275
6733	1641.813	438	0.0397141
6734	1642.057	416	0.0377193
6735	1642.301	459	0.0416182
6736	1642.545	489	0.0443383
6737	1642.789	477	0.0432503
6738	1643.033	485	0.0439757
6739	1643.277	466	0.0422529
6740	1643.520	462	0.0418902
6741	1643.764	461	0.0417995
6742	1644.008	493	0.044701
6743	1644.252	481	0.043613
6744	1644.496	426	0.038626
6745	1644.740	433	0.0392607
6746	1644.984	491	0.0445197
6747	1645.227	452	0.0409835
6748	1645.471	469	0.0425249
6749	1645.715	459	0.0416182
6750	1645.959	443	0.0401675
6751	1646.203	446	0.0404395
6752	1646.447	468	0.0424342
6753	1646.691	433	0.0392607
6754	1646.935	425	0.0385354
6755	1647.178	457	0.0414369
6756	1647.422	485	0.0439757
6757	1647.666	456	0.0413462
6758	1647.910	426	0.038626
6759	1648.154	457	0.0414369
6760	1648.398	457	0.0414369
6761	1648.642	419	0.0379913
6762	1648.885	443	0.0401675
6763	1649.129	438	0.0397141
6764	1649.373	484	0.043885
6765	1649.617	452	0.0409835
6766	1649.861	434	0.0393514
6767	1650.105	452	0.0409835
6768	1650.349	417	0.03781
6769	1650.592	390	0.0353619
6770	1650.836	434	0.0393514
6771	1651.080	423	0.038354
6772	1651.324	443	0.0401675
6773	1651.568	439	0.0398048
6774	1651.812	438	0.0397141
6775	1652.056	467	0.0423436
6776	1652.300	424	0.0384447
6777	1652.543	408	0.036994
6778	1652.787	442	0.0400768
6779	1653.031	440	0.0398954
6780	1653.275	429	0.0388981
6781	1653.519	437	0.0396234
6782	1653.763	436	0.0395328
6783	1654.007	453	0.0410742
6784	1654.250	447	0.0405301
6785	1654.494	441	0.0399861
6786	1654.738	438	0.0397141
6787	1654.982	455	0.0412555
6788	1655.226	444	0.0402581
6789	1655.470	456	0.0413462
6790	1655.714	402	0.0364499
6791	1655.957	430	0.0389887
6792	1656.201	410	0.0371753
6793	1656.445	419	0.0379913
6794	1656.689	434	0.0393514
6795	1656.933	412	0.0373566
6796	1657.177	417	0.03781
6797	1657.421	414	0.037538
6798	1657.665	388	0.0351805
6799	1657.908	404	0.0366313
6800	1658.152	380	0.0344552
6801	1658.396	402	0.0364499
6802	1658.640	429	0.0388981
6803	1658.884	425	0.0385354
6804	1659.128	446	0.0404395
6805	1659.372	400	0.0362686
6806	1659.615	423	0.038354
6807	1659.859	398	0.0360872
6808	1660.103	414	0.037538
6809	1660.347	406	0.0368126
6810	1660.591	375	0.0340018
6811	1660.835	428	0.0388074
6812	1661.079	405	0.0367219
6813	1661.323	416	0.0377193
6814	1661.566	415	0.0376287
6815	1661.810	454	0.0411648
6816	1662.054	407	0.0369033
6817	1662.298	417	0.03781
6818	1662.542	393	0.0356339
6819	1662.786	445	0.0403488
6820	1663.030	430	0.0389887
6821	1663.273	398	0.0360872
6822	1663.517	429	0.0388981
6823	1663.761	431	0.0390794
6824	1664.005	404	0.0366313
6825	1664.249	389	0.0352712
6826	1664.493	406	0.0368126
6827	1664.737	425	0.0385354
6828	1664.980	384	0.0348178
6829	1665.224	403	0.0365406
6830	1665.468	370	0.0335484
6831	1665.712	383	0.0347272
6832	1665.956	406	0.0368126
6833	1666.200	396	0.0359059
6834	1666.444	383	0.0347272
6835	1666.688	388	0.0351805
6836	1666.931	376	0.0340925
6837	1667.175	385	0.0349085
6838	1667.419	383	0.0347272
6839	1667.663	388	0.0351805
6840	1667.907	421	0.0381727
6841	1668.151	394	0.0357246
6842	1668.395	413	0.0374473
6843	1668.638	425	0.0385354
6844	1668.882	409	0.0370846
6845	1669.126	417	0.03781
6846	1669.370	399	0.0361779
6847	1669.614	392	0.0355432
6848	1669.858	391	0.0354525
6849	1670.102	371	0.0336391
6850	1670.345	398	0.0360872
6851	1670.589	406	0.0368126
6852	1670.833	352	0.0319164
6853	1671.077	416	0.0377193
6854	1671.321	384	0.0348178
6855	1671.565	377	0.0341831
6856	1671.809	381	0.0345458
6857	1672.053	379	0.0343645
6858	1672.296	403	0.0365406
6859	1672.540	360	0.0326417
6860	1672.784	360	0.0326417
6861	1673.028	355	0.0321884
6862	1673.272	382	0.0346365
6863	1673.516	383	0.0347272
6864	1673.760	376	0.0340925
6865	1674.003	383	0.0347272
6866	1674.247	393	0.0356339
6867	1674.491	354	0.0320977
6868	1674.735	376	0.0340925
6869	1674.979	348	0.0315537
6870	1675.223	365	0.0330951
6871	1675.467	357	0.0323697
6872	1675.711	365	0.0330951
6873	1675.954	382	0.0346365
6874	1676.198	362	0.0328231
6875	1676.442	338	0.0306469
6876	1676.686	346	0.0313723
6877	1676.930	406	0.0368126
6878	1677.174	359	0.0325511
6879	1677.418	384	0.0348178
6880	1677.661	351	0.0318257
6881	1677.905	367	0.0332764
6882	1678.149	329	0.0298309
6883	1678.393	376	0.0340925
6884	1678.637	356	0.032279
6885	1678.881	342	0.0310096
6886	1679.125	340	0.0308283
6887	1679.368	351	0.0318257
6888	1679.612	366	0.0331858
6889	1679.856	373	0.0338205
6890	1680.100	342	0.0310096
6891	1680.344	381	0.0345458
6892	1680.588	352	0.0319164
6893	1680.832	353	0.032007
6894	1681.076	347	0.031463
6895	1681.319	365	0.0330951
6896	1681.563	331	0.0300122
6897	1681.807	356	0.032279
6898	1682.051	342	0.0310096
6899	1682.295	361	0.0327324
6900	1682.539	349	0.0316443
6901	1682.783	337	0.0305563
6902	1683.026	325	0.0294682
6903	1683.270	334	0.0302843
6904	1683.514	301	0.0272921
6905	1683.758	319	0.0289242
6906	1684.002	341	0.030919
6907	1684.246	308	0.0279268
6908	1684.490	344	0.031191
6909	1684.733	314	0.0284708
6910	1684.977	349	0.0316443
6911	1685.221	354	0.0320977
6912	1685.465	352	0.0319164
6913	1685.709	348	0.0315537
6914	1685.953	347	0.031463
6915	1686.197	312	0.0282895
6916	1686.441	342	0.0310096
6917	1686.684	321	0.0291055
6918	1686.928	340	0.0308283
6919	1687.172	324	0.0293775
6920	1687.416	329	0.0298309
6921	1687.660	318	0.0288335
6922	1687.904	351	0.0318257
6923	1688.148	345	0.0312817
6924	1688.391	297	0.0269294
6925	1688.635	331	0.0300122
6926	1688.879	346	0.0313723
6927	1689.123	330	0.0299216
6928	1689.367	335	0.0303749
6929	1689.611	301	0.0272921
6930	1689.855	305	0.0276548
6931	1690.099	312	0.0282895
6932	1690.342	317	0.0287428
6933	1690.586	338	0.0306469
6934	1690.830	306	0.0277455
6935	1691.074	325	0.0294682
6936	1691.318	310	0.0281081
6937	1691.562	296	0.0268387
6938	1691.806	328	0.0297402
6939	1692.049	299	0.0271108
6940	1692.293	316	0.0286522
6941	1692.537	302	0.0273828
6942	1692.781	306	0.0277455
6943	1693.025	327	0.0296496
6944	1693.269	291	0.0263854
6945	1693.513	307	0.0278361
6946	1693.756	311	0.0281988
6947	1694.000	301	0.0272921
6948	1694.244	256	0.0232119
6949	1694.488	283	0.02566
6950	1694.732	300	0.0272014
6951	1694.976	291	0.0263854
6952	1695.220	304	0.0275641
6953	1695.464	294	0.0266574
6954	1695.707	279	0.0252973
6955	1695.951	287	0.0260227
6956	1696.195	294	0.0266574
6957	1696.439	310	0.0281081
6958	1696.683	309	0.0280175
6959	1696.927	274	0.024844
6960	1697.171	294	0.0266574
6961	1697.414	296	0.0268387
6962	1697.658	301	0.0272921
6963	1697.902	282	0.0255693
6964	1698.146	279	0.0252973
6965	1698.390	259	0.0234839
6966	1698.634	307	0.0278361
6967	1698.878	287	0.0260227
6968	1699.122	291	0.0263854
6969	1699.365	266	0.0241186
6970	1699.609	290	0.0262947
6971	1699.853	295	0.0267481
6972	1700.097	272	0.0246626
6973	1700.341	286	0.025932
6974	1700.585	286	0.025932
6975	1700.829	267	0.0242093
6976	1701.072	275	0.0249346
6977	1701.316	293	0.0265667
6978	1701.560	282	0.0255693
6979	1701.804	300	0.0272014
6980	1702.048	246	0.0223052
6981	1702.292	249	0.0225772
6982	1702.536	252	0.0228492
6983	1702.779	248	0.0224865
6984	1703.023	223	0.0202197
6985	1703.267	228	0.0206731
6986	1703.511	265	0.0240279
6987	1703.755	280	0.025388
6988	1703.999	275	0.0249346
6989	1704.243	272	0.0246626
6990	1704.487	280	0.025388
6991	1704.730	236	0.0213985
6992	1704.974	252	0.0228492
6993	1705.218	251	0.0227585
6994	1705.462	257	0.0233026
6995	1705.706	247	0.0223958
6996	1705.950	280	0.025388
6997	1706.194	247	0.0223958
6998	1706.437	251	0.0227585
6999	1706.681	241	0.0218518
7000	1706.925	259	0.0234839
7001	1707.169	253	0.0229399
7002	1707.413	237	0.0214891
7003	1707.657	250	0.0226679
7004	1707.901	248	0.0224865
7005	1708.144	232	0.0210358
7006	1708.388	252	0.0228492
7007	1708.632	233	0.0211264
7008	1708.876	212	0.0192223
7009	1709.120	238	0.0215798
7010	1709.364	231	0.0209451
7011	1709.608	234	0.0212171
7012	1709.852	245	0.0222145
7013	1710.095	241	0.0218518
7014	1710.339	253	0.0229399
7015	1710.583	228	0.0206731
7016	1710.827	253	0.0229399
7017	1711.071	231	0.0209451
7018	1711.315	228	0.0206731
7019	1711.559	232	0.0210358
7020	1711.802	257	0.0233026
7021	1712.046	247	0.0223958
7022	1712.290	242	0.0219425
7023	1712.534	244	0.0221238
7024	1712.778	269	0.0243906
7025	1713.022	276	0.0250253
7026	1713.266	297	0.0269294
7027	1713.510	266	0.0241186
7028	1713.753	273	0.0247533
7029	1713.997	227	0.0205824
7030	1714.241	214	0.0194037
7031	1714.485	224	0.0203104
7032	1714.729	217	0.0196757
7033	1714.973	239	0.0216705
7034	1715.217	185	0.0167742
7035	1715.460	212	0.0192223
7036	1715.704	221	0.0200384
7037	1715.948	188	0.0170462
7038	1716.192	193	0.0174996
7039	1716.436	185	0.0167742
7040	1716.680	193	0.0174996
7041	1716.924	196	0.0177716
7042	1717.167	165	0.0149608
7043	1717.411	210	0.019041
7044	1717.655	205	0.0185876
7045	1717.899	201	0.018225
7046	1718.143	218	0.0197664
7047	1718.387	194	0.0175903
7048	1718.631	193	0.0174996
7049	1718.875	190	0.0172276
7050	1719.118	153	0.0138727
7051	1719.362	182	0.0165022
7052	1719.606	202	0.0183156
7053	1719.850	188	0.0170462
7054	1720.094	185	0.0167742
7055	1720.338	195	0.0176809
7056	1720.582	191	0.0173182
7057	1720.825	170	0.0154141
7058	1721.069	176	0.0159582
7059	1721.313	174	0.0157768
7060	1721.557	186	0.0168649
7061	1721.801	199	0.0180436
7062	1722.045	182	0.0165022
7063	1722.289	186	0.0168649
7064	1722.532	187	0.0169556
7065	1722.776	180	0.0163209
7066	1723.020	181	0.0164115
7067	1723.264	175	0.0158675
7068	1723.508	182	0.0165022
7069	1723.752	167	0.0151421
7070	1723.996	169	0.0153235
7071	1724.240	175	0.0158675
7072	1724.483	176	0.0159582
7073	1724.727	184	0.0166835
7074	1724.971	177	0.0160488
7075	1725.215	173	0.0156862
7076	1725.459	198	0.0179529
7077	1725.703	158	0.0143261
7078	1725.947	166	0.0150515
7079	1726.190	147	0.0133287
7080	1726.434	130	0.0117873
7081	1726.678	142	0.0128753
7082	1726.922	168	0.0152328
7083	1727.166	151	0.0136914
7084	1727.410	162	0.0146888
7085	1727.654	165	0.0149608
7086	1727.898	180	0.0163209
7087	1728.141	138	0.0125127
7088	1728.385	160	0.0145074
7089	1728.629	170	0.0154141
7090	1728.873	170	0.0154141
7091	1729.117	159	0.0144168
7092	1729.361	171	0.0155048
7093	1729.605	153	0.0138727
7094	1729.848	164	0.0148701
7095	1730.092	155	0.0140541
7096	1730.336	154	0.0139634
7097	1730.580	154	0.0139634
7098	1730.824	141	0.0127847
7099	1731.068	163	0.0147794
7100	1731.312	155	0.0140541
7101	1731.555	126	0.0114246
7102	1731.799	152	0.0137821
7103	1732.043	153	0.0138727
7104	1732.287	154	0.0139634
7105	1732.531	135	0.0122406
7106	1732.775	159	0.0144168
7107	1733.019	135	0.0122406
7108	1733.263	167	0.0151421
7109	1733.506	151	0.0136914
7110	1733.750	142	0.0128753
7111	1733.994	146	0.013238
7112	1734.238	133	0.0120593
7113	1734.482	141	0.0127847
7114	1734.726	150	0.0136007
7115	1734.970	146	0.013238
7116	1735.213	145	0.0131474
7117	1735.457	142	0.0128753
7118	1735.701	147	0.0133287
7119	1735.945	126	0.0114246
7120	1736.189	144	0.0130567
7121	1736.433	128	0.0116059
7122	1736.677	130	0.0117873
7123	1736.920	128	0.0116059
7124	1737.164	138	0.0125127
7125	1737.408	152	0.0137821
7126	1737.652	137	0.012422
7127	1737.896	142	0.0128753
7128	1738.140	124	0.0112433
7129	1738.384	120	0.0108806
7130	1738.628	128	0.0116059
7131	1738.871	125	0.0113339
7132	1739.115	134	0.01215
7133	1739.359	124	0.0112433
7134	1739.603	125	0.0113339
7135	1739.847	109	0.00988319
7136	1740.091	133	0.0120593
7137	1740.335	126	0.0114246
7138	1740.578	130	0.0117873
7139	1740.822	106	0.00961117
7140	1741.066	135	0.0122406
7141	1741.310	126	0.0114246
7142	1741.554	114	0.0103365
7143	1741.798	125	0.0113339
7144	1742.042	134	0.01215
7145	1742.286	125	0.0113339
7146	1742.529	116	0.0105179
7147	1742.773	117	0.0106086
7148	1743.017	122	0.0110619
7149	1743.261	112	0.0101552
7150	1743.505	107	0.00970185
7151	1743.749	113	0.0102459
7152	1743.993	120	0.0108806
7153	1744.236	131	0.011878
7154	1744.480	133	0.0120593
7155	1744.724	112	0.0101552
7156	1744.968	99	0.00897647
7157	1745.212	102	0.00924849
7158	1745.456	98	0.0088858
7159	1745.700	109	0.00988319
7160	1745.943	129	0.0116966
7161	1746.187	118	0.0106992
7162	1746.431	113	0.0102459
7163	1746.675	99	0.00897647
7164	1746.919	115	0.0104272
7165	1747.163	109	0.00988319
7166	1747.407	105	0.0095205
7167	1747.651	99	0.00897647
7168	1747.894	117	0.0106086
7169	1748.138	138	0.0125127
7170	1748.382	95	0.00861379
7171	1748.626	99	0.00897647
7172	1748.870	111	0.0100645
7173	1749.114	107	0.00970185
7174	1749.358	99	0.00897647
7175	1749.601	106	0.00961117
7176	1749.845	103	0.00933916
7177	1750.089	113	0.0102459
7178	1750.333	95	0.00861379
7179	1750.577	98	0.0088858
7180	1750.821	110	0.00997386
7181	1751.065	108	0.00979252
7182	1751.309	104	0.00942983
7183	1751.552	108	0.00979252
7184	1751.796	104	0.00942983
7185	1752.040	87	0.00788842
7186	1752.284	103	0.00933916
7187	1752.528	124	0.0112433
7188	1752.772	98	0.0088858
7189	1753.016	90	0.00816043
7190	1753.259	86	0.00779774
7191	1753.503	75	0.00680036
7192	1753.747	102	0.00924849
7193	1753.991	94	0.00852312
7194	1754.235	115	0.0104272
7195	1754.479	101	0.00915782
7196	1754.723	113	0.0102459
7197	1754.966	93	0.00843244
7198	1755.210	70	0.006347
7199	1755.454	104	0.00942983
7200	1755.698	86	0.00779774
7201	1755.942	115	0.0104272
7202	1756.186	80	0.00725372
7203	1756.430	95	0.00861379
7204	1756.674	100	0.00906714
7205	1756.917	81	0.00734439
7206	1757.161	86	0.00779774
7207	1757.405	109	0.00988319
7208	1757.649	89	0.00806976
7209	1757.893	90	0.00816043
7210	1758.137	102	0.00924849
7211	1758.381	96	0.00870446
7212	1758.624	94	0.00852312
7213	1758.868	78	0.00707237
7214	1759.112	106	0.00961117
7215	1759.356	100	0.00906714
7216	1759.600	100	0.00906714
7217	1759.844	98	0.0088858
7218	1760.088	90	0.00816043
7219	1760.331	93	0.00843244
7220	1760.575	111	0.0100645
7221	1760.819	97	0.00879513
7222	1761.063	77	0.0069817
7223	1761.307	110	0.00997386
7224	1761.551	92	0.00834177
7225	1761.795	82	0.00743506
7226	1762.039	93	0.00843244
7227	1762.282	87	0.00788842
7228	1762.526	104	0.00942983
7229	1762.770	81	0.00734439
7230	1763.014	90	0.00816043
7231	1763.258	107	0.00970185
7232	1763.502	96	0.00870446
7233	1763.746	93	0.00843244
7234	1763.989	88	0.00797909
7235	1764.233	100	0.00906714
7236	1764.477	86	0.00779774
7237	1764.721	95	0.00861379
7238	1764.965	105	0.0095205
7239	1765.209	105	0.0095205
7240	1765.453	95	0.00861379
7241	1765.697	91	0.0082511
7242	1765.940	92	0.00834177
7243	1766.184	113	0.0102459
7244	1766.428	88	0.00797909
7245	1766.672	86	0.00779774
7246	1766.916	104	0.00942983
7247	1767.160	85	0.00770707
7248	1767.404	81	0.00734439
7249	1767.647	85	0.00770707
7250	1767.891	72	0.00652834
7251	1768.135	86	0.00779774
7252	1768.379	95	0.00861379
7253	1768.623	96	0.00870446
7254	1768.867	91	0.0082511
7255	1769.111	83	0.00752573
7256	1769.354	103	0.00933916
7257	1769.598	96	0.00870446
7258	1769.842	98	0.0088858
7259	1770.086	92	0.00834177
7260	1770.330	87	0.00788842
7261	1770.574	90	0.00816043
7262	1770.818	101	0.00915782
7263	1771.062	81	0.00734439
7264	1771.305	94	0.00852312
7265	1771.549	88	0.00797909
7266	1771.793	98	0.0088858
7267	1772.037	103	0.00933916
7268	1772.281	95	0.00861379
7269	1772.525	91	0.0082511
7270	1772.769	91	0.0082511
7271	1773.012	83	0.00752573
7272	1773.256	82	0.00743506
7273	1773.500	75	0.00680036
7274	1773.744	79	0.00716304
7275	1773.988	97	0.00879513
7276	1774.232	98	0.0088858
7277	1774.476	89	0.00806976
7278	1774.719	93	0.00843244
7279	1774.963	80	0.00725372
7280	1775.207	99	0.00897647
7281	1775.451	85	0.00770707
7282	1775.695	71	0.00643767
7283	1775.939	76	0.00689103
7284	1776.183	94	0.00852312
7285	1776.427	89	0.00806976
7286	1776.670	66	0.00598432
7287	1776.914	73	0.00661902
7288	1777.158	94	0.00852312
7289	1777.402	105	0.0095205
7290	1777.646	86	0.00779774
7291	1777.890	81	0.00734439
7292	1778.134	90	0.00816043
7293	1778.377	92	0.00834177
7294	1778.621	82	0.00743506
7295	1778.865	80	0.00725372
7296	1779.109	94	0.00852312
7297	1779.353	82	0.00743506
7298	1779.597	85	0.00770707
7299	1779.841	91	0.0082511
7300	1780.085	96	0.00870446
7301	1780.328	78	0.00707237
7302	1780.572	89	0.00806976
7303	1780.816	91	0.0082511
7304	1781.060	83	0.00752573
7305	1781.304	93	0.00843244
7306	1781.548	75	0.00680036
7307	1781.792	87	0.00788842
7308	1782.035	79	0.00716304
7309	1782.279	87	0.00788842
7310	1782.523	94	0.00852312
7311	1782.767	91	0.0082511
7312	1783.011	91	0.0082511
7313	1783.255	87	0.00788842
7314	1783.499	94	0.00852312
7315	1783.742	102	0.00924849
7316	1783.986	86	0.00779774
7317	1784.230	87	0.00788842
7318	1784.474	101	0.00915782
7319	1784.718	84	0.0076164
7320	1784.962	86	0.00779774
7321	1785.206	82	0.00743506
7322	1785.450	96	0.00870446
7323	1785.693	90	0.00816043
7324	1785.937	87	0.00788842
7325	1786.181	68	0.00616566
7326	1786.425	96	0.00870446
7327	1786.669	102	0.00924849
7328	1786.913	61	0.00553096
7329	1787.157	100	0.00906714
7330	1787.400	81	0.00734439
7331	1787.644	85	0.00770707
7332	1787.888	90	0.00816043
7333	1788.132	78	0.00707237
7334	1788.376	72	0.00652834
7335	1788.620	86	0.00779774
7336	1788.864	114	0.0103365
7337	1789.108	94	0.00852312
7338	1789.351	98	0.0088858
7339	1789.595	94	0.00852312
7340	1789.839	63	0.0057123
7341	1790.083	83	0.00752573
7342	1790.327	89	0.00806976
7343	1790.571	88	0.00797909
7344	1790.815	82	0.00743506
7345	1791.058	79	0.00716304
7346	1791.302	84	0.0076164
7347	1791.546	93	0.00843244
7348	1791.790	84	0.0076164
7349	1792.034	82	0.00743506
7350	1792.278	79	0.00716304
7351	1792.522	79	0.00716304
7352	1792.765	94	0.00852312
7353	1793.009	94	0.00852312
7354	1793.253	93	0.00843244
7355	1793.497	101	0.00915782
7356	1793.741	76	0.00689103
7357	1793.985	90	0.00816043
7358	1794.229	86	0.00779774
7359	1794.473	86	0.00779774
7360	1794.716	83	0.00752573
7361	1794.960	97	0.00879513
7362	1795.204	71	0.00643767
7363	1795.448	82	0.00743506
7364	1795.692	83	0.00752573
7365	1795.936	90	0.00816043
7366	1796.180	92	0.00834177
7367	1796.423	99	0.00897647
7368	1796.667	88	0.00797909
7369	1796.911	88	0.00797909
7370	1797.155	97	0.00879513
7371	1797.399	85	0.00770707
7372	1797.643	83	0.00752573
7373	1797.887	85	0.00770707
7374	1798.130	84	0.0076164
7375	1798.374	82	0.00743506
7376	1798.618	75	0.00680036
7377	1798.862	92	0.00834177
7378	1799.106	75	0.00680036
7379	1799.350	83	0.00752573
7380	1799.594	81	0.00734439
7381	1799.838	78	0.00707237
7382	1800.081	85	0.00770707
7383	1800.325	68	0.00616566
7384	1800.569	82	0.00743506
7385	1800.813	69	0.00625633
7386	1801.057	65	0.00589364
7387	1801.301	67	0.00607499
7388	1801.545	89	0.00806976
7389	1801.788	84	0.0076164
7390	1802.032	89	0.00806976
7391	1802.276	77	0.0069817
7392	1802.520	83	0.00752573
7393	1802.764	93	0.00843244
7394	1803.008	83	0.00752573
7395	1803.252	67	0.00607499
7396	1803.496	81	0.00734439
7397	1803.739	86	0.00779774
7398	1803.983	103	0.00933916
7399	1804.227	70	0.006347
7400	1804.471	87	0.00788842
7401	1804.715	92	0.00834177
7402	1804.959	80	0.00725372
7403	1805.203	71	0.00643767
7404	1805.446	82	0.00743506
7405	1805.690	80	0.00725372
7406	1805.934	84	0.0076164
7407	1806.178	73	0.00661902
7408	1806.422	92	0.00834177
7409	1806.666	81	0.00734439
7410	1806.910	89	0.00806976
7411	1807.153	79	0.00716304
7412	1807.397	69	0.00625633
7413	1807.641	88	0.00797909
7414	1807.885	81	0.00734439
7415	1808.129	85	0.00770707
7416	1808.373	95	0.00861379
7417	1808.617	79	0.00716304
7418	1808.861	87	0.00788842
7419	1809.104	77	0.0069817
7420	1809.348	98	0.0088858
7421	1809.592	84	0.0076164
7422	1809.836	75	0.00680036
7423	1810.080	101	0.00915782
7424	1810.324	77	0.0069817
7425	1810.568	77	0.0069817
7426	1810.811	92	0.00834177
7427	1811.055	80	0.00725372
7428	1811.299	76	0.00689103
7429	1811.543	76	0.00689103
7430	1811.787	83	0.00752573
7431	1812.031	89	0.00806976
7432	1812.275	78	0.00707237
7433	1812.518	103	0.00933916
7434	1812.762	74	0.00670969
7435	1813.006	68	0.00616566
7436	1813.250	110	0.00997386
7437	1813.494	101	0.00915782
7438	1813.738	86	0.00779774
7439	1813.982	81	0.00734439
7440	1814.226	80	0.00725372
7441	1814.469	70	0.006347
7442	1814.713	84	0.0076164
7443	1814.957	85	0.00770707
7444	1815.201	69	0.00625633
7445	1815.445	70	0.006347
7446	1815.689	71	0.00643767
7447	1815.933	106	0.00961117
7448	1816.176	96	0.00870446
7449	1816.420	82	0.00743506
7450	1816.664	83	0.00752573
7451	1816.908	80	0.00725372
7452	1817.152	71	0.00643767
7453	1817.396	81	0.00734439
7454	1817.640	80	0.00725372
7455	1817.884	85	0.00770707
7456	1818.127	75	0.00680036
7457	1818.371	86	0.00779774
7458	1818.615	80	0.00725372
7459	1818.859	73	0.00661902
7460	1819.103	104	0.00942983
7461	1819.347	89	0.00806976
7462	1819.591	90	0.00816043
7463	1819.834	85	0.00770707
7464	1820.078	96	0.00870446
7465	1820.322	92	0.00834177
7466	1820.566	90	0.00816043
7467	1820.810	72	0.00652834
7468	1821.054	77	0.0069817
7469	1821.298	87	0.00788842
7470	1821.541	79	0.00716304
7471	1821.785	73	0.00661902
7472	1822.029	97	0.00879513
7473	1822.273	87	0.00788842
7474	1822.517	81	0.00734439
7475	1822.761	82	0.00743506
7476	1823.005	77	0.0069817
7477	1823.249	90	0.00816043
7478	1823.492	79	0.00716304
7479	1823.736	78	0.00707237
7480	1823.980	91	0.0082511
7481	1824.224	73	0.00661902
7482	1824.468	91	0.0082511
7483	1824.712	91	0.0082511
7484	1824.956	93	0.00843244
7485	1825.199	94	0.00852312
7486	1825.443	101	0.00915782
7487	1825.687	101	0.00915782
7488	1825.931	75	0.00680036
7489	1826.175	84	0.0076164
7490	1826.419	81	0.00734439
7491	1826.663	88	0.00797909
7492	1826.906	91	0.0082511
7493	1827.150	105	0.0095205
7494	1827.394	88	0.00797909
7495	1827.638	113	0.0102459
7496	1827.882	84	0.0076164
7497	1828.126	85	0.00770707
7498	1828.370	98	0.0088858
7499	1828.614	101	0.00915782
7500	1828.857	104	0.00942983
7501	1829.101	98	0.0088858
7502	1829.345	74	0.00670969
7503	1829.589	94	0.00852312
7504	1829.833	96	0.00870446
7505	1830.077	91	0.0082511
7506	1830.321	92	0.00834177
7507	1830.564	90	0.00816043
7508	1830.808	80	0.00725372
7509	1831.052	105	0.0095205
7510	1831.296	109	0.00988319
7511	1831.540	98	0.0088858
7512	1831.784	100	0.00906714
7513	1832.028	101	0.00915782
7514	1832.272	99	0.00897647
7515	1832.515	105	0.0095205
7516	1832.759	158	0.0143261
7517	1833.003	151	0.0136914
7518	1833.247	189	0.0171369
7519	1833.491	244	0.0221238
7520	1833.735	329	0.0298309
7521	1833.979	461	0.0417995
7522	1834.222	662	0.0600245
7523	1834.466	1045	0.0947517
7524	1834.710	1693	0.153507
7525	1834.954	2744	0.248802
7526	1835.198	3975	0.360419
7527	1835.442	6179	0.560259
7528	1835.686	9006	0.816587
7529	1835.929	12364	1.12106
7530	1836.173	16302	1.47813
7531	1836.417	20761	1.88243
7532	1836.661	25119	2.27758
7533	1836.905	28334	2.56908
7534	1837.149	30525	2.76775
7535	1837.393	31510	2.85706
7536	1837.637	30498	2.7653
7537	1837.880	27821	2.52257
7538	1838.124	23874	2.16469
7539	1838.368	19250	1.74543
7540	1838.612	14947	1.35527
7541	1838.856	10829	0.981881
7542	1839.100	7648	0.693455
7543	1839.344	4806	0.435767
7544	1839.587	3058	0.277273
7545	1839.831	1735	0.157315
7546	1840.075	1096	0.0993759
7547	1840.319	735	0.0666435
7548	1840.563	515	0.0466958
7549	1840.807	406	0.0368126
7550	1841.051	362	0.0328231
7551	1841.295	364	0.0330044
7552	1841.538	355	0.0321884
7553	1841.782	351	0.0318257
7554	1842.026	334	0.0302843
7555	1842.270	341	0.030919
7556	1842.514	276	0.0250253
7557	1842.758	305	0.0276548
7558	1843.002	238	0.0215798
7559	1843.245	265	0.0240279
7560	1843.489	195	0.0176809
7561	1843.733	187	0.0169556
7562	1843.977	179	0.0162302
7563	1844.221	188	0.0170462
7564	1844.465	149	0.01351
7565	1844.709	145	0.0131474
7566	1844.952	158	0.0143261
7567	1845.196	134	0.01215
7568	1845.440	153	0.0138727
7569	1845.684	160	0.0145074
7570	1845.928	145	0.0131474
7571	1846.172	154	0.0139634
7572	1846.416	143	0.012966
7573	1846.660	157	0.0142354
7574	1846.903	178	0.0161395
7575	1847.147	138	0.0125127
7576	1847.391	139	0.0126033
7577	1847.635	168	0.0152328
7578	1847.879	162	0.0146888
7579	1848.123	181	0.0164115
7580	1848.367	203	0.0184063
7581	1848.610	198	0.0179529
7582	1848.854	218	0.0197664
7583	1849.098	262	0.0237559
7584	1849.342	342	0.0310096
7585	1849.586	464	0.0420716
7586	1849.830	550	0.0498693
7587	1850.074	684	0.0620193
7588	1850.317	888	0.0805162
7589	1850.561	1088	0.0986505
7590	1850.805	1265	0.114699
7591	1851.049	1347	0.122134
7592	1851.293	1418	0.128572
7593	1851.537	1523	0.138093
7594	1851.781	1424	0.129116
7595	1852.025	1403	0.127212
7596	1852.268	1270	0.115153
7597	1852.512	1154	0.104635
7598	1852.756	930	0.0843244
7599	1853.000	821	0.0744413
7600	1853.244	627	0.056851
7601	1853.488	571	0.0517734
7602	1853.732	486	0.0440663
7603	1853.975	400	0.0362686
7604	1854.219	302	0.0273828
7605	1854.463	293	0.0265667
7606	1854.707	208	0.0188597
7607	1854.951	158	0.0143261
7608	1855.195	140	0.012694
7609	1855.439	134	0.01215
7610	1855.683	124	0.0112433
7611	1855.926	98	0.0088858
7612	1856.170	116	0.0105179
7613	1856.414	124	0.0112433
7614	1856.658	97	0.00879513
7615	1856.902	89	0.00806976
7616	1857.146	113	0.0102459
7617	1857.390	116	0.0105179
7618	1857.633	128	0.0116059
7619	1857.877	107	0.00970185
7620	1858.121	118	0.0106992
7621	1858.365	117	0.0106086
7622	1858.609	119	0.0107899
7623	1858.853	149	0.01351
7624	1859.097	148	0.0134194
7625	1859.340	137	0.012422
7626	1859.584	135	0.0122406
7627	1859.828	119	0.0107899
7628	1860.072	116	0.0105179
7629	1860.316	97	0.00879513
7630	1860.560	89	0.00806976
7631	1860.804	75	0.00680036
7632	1861.048	91	0.0082511
7633	1861.291	88	0.00797909
7634	1861.535	89	0.00806976
7635	1861.779	66	0.00598432
7636	1862.023	77	0.0069817
7637	1862.267	80	0.00725372
7638	1862.511	70	0.006347
7639	1862.755	78	0.00707237
7640	1862.998	82	0.00743506
7641	1863.242	68	0.00616566
7642	1863.486	71	0.00643767
7643	1863.730	89	0.00806976
7644	1863.974	66	0.00598432
7645	1864.218	53	0.00480559
7646	1864.462	61	0.00553096
7647	1864.705	58	0.00525894
7648	1864.949	77	0.0069817
7649	1865.193	58	0.00525894
7650	1865.437	54	0.00489626
7651	1865.681	56	0.0050776
7652	1865.925	56	0.0050776
7653	1866.169	58	0.00525894
7654	1866.413	67	0.00607499
7655	1866.656	67	0.00607499
7656	1866.900	64	0.00580297
7657	1867.144	58	0.00525894
7658	1867.388	71	0.00643767
7659	1867.632	65	0.00589364
7660	1867.876	51	0.00462424
7661	1868.120	63	0.0057123
7662	1868.363	61	0.00553096
7663	1868.607	67	0.00607499
7664	1868.851	74	0.00670969
7665	1869.095	62	0.00562163
7666	1869.339	63	0.0057123
7667	1869.583	60	0.00544029
7668	1869.827	74	0.00670969
7669	1870.071	59	0.00534962
7670	1870.314	69	0.00625633
7671	1870.558	46	0.00417089
7672	1870.802	46	0.00417089
7673	1871.046	66	0.00598432
7674	1871.290	66	0.00598432
7675	1871.534	53	0.00480559
7676	1871.778	58	0.00525894
7677	1872.021	59	0.00534962
7678	1872.265	64	0.00580297
7679	1872.509	61	0.00553096
7680	1872.753	52	0.00471492
7681	1872.997	67	0.00607499
7682	1873.241	64	0.00580297
7683	1873.485	62	0.00562163
7684	1873.728	54	0.00489626
7685	1873.972	67	0.00607499
7686	1874.216	57	0.00516827
7687	1874.460	45	0.00408022
7688	1874.704	62	0.00562163
7689	1874.948	58	0.00525894
7690	1875.192	49	0.0044429
7691	1875.436	57	0.00516827
7692	1875.679	58	0.00525894
7693	1875.923	58	0.00525894
7694	1876.167	52	0.00471492
7695	1876.411	61	0.00553096
7696	1876.655	58	0.00525894
7697	1876.899	50	0.00453357
7698	1877.143	52	0.00471492
7699	1877.386	64	0.00580297
7700	1877.630	62	0.00562163
7701	1877.874	39	0.00353619
7702	1878.118	70	0.006347
7703	1878.362	42	0.0038082
7704	1878.606	54	0.00489626
7705	1878.850	45	0.00408022
7706	1879.093	53	0.00480559
7707	1879.337	51	0.00462424
7708	1879.581	69	0.00625633
7709	1879.825	49	0.0044429
7710	1880.069	47	0.00426156
7711	1880.313	50	0.00453357
7712	1880.557	50	0.00453357
7713	1880.801	63	0.0057123
7714	1881.044	54	0.00489626
7715	1881.288	48	0.00435223
7716	1881.532	61	0.00553096
7717	1881.776	36	0.00326417
7718	1882.020	47	0.00426156
7719	1882.264	43	0.00389887
7720	1882.508	50	0.00453357
7721	1882.751	51	0.00462424
7722	1882.995	54	0.00489626
7723	1883.239	51	0.00462424
7724	1883.483	52	0.00471492
7725	1883.727	64	0.00580297
7726	1883.971	55	0.00498693
7727	1884.215	60	0.00544029
7728	1884.459	67	0.00607499
7729	1884.702	40	0.00362686
7730	1884.946	41	0.00371753
7731	1885.190	55	0.00498693
7732	1885.434	64	0.00580297
7733	1885.678	56	0.0050776
7734	1885.922	56	0.0050776
7735	1886.166	50	0.00453357
7736	1886.409	56	0.0050776
7737	1886.653	56	0.0050776
7738	1886.897	49	0.0044429
7739	1887.141	62	0.00562163
7740	1887.385	52	0.00471492
7741	1887.629	55	0.00498693
7742	1887.873	57	0.00516827
7743	1888.116	43	0.00389887
7744	1888.360	62	0.00562163
7745	1888.604	59	0.00534962
7746	1888.848	47	0.00426156
7747	1889.092	54	0.00489626
7748	1889.336	58	0.00525894
7749	1889.580	44	0.00398954
7750	1889.824	55	0.00498693
7751	1890.067	65	0.00589364
7752	1890.311	54	0.00489626
7753	1890.555	50	0.00453357
7754	1890.799	49	0.0044429
7755	1891.043	58	0.00525894
7756	1891.287	55	0.00498693
7757	1891.531	48	0.00435223
7758	1891.774	46	0.00417089
7759	1892.018	63	0.0057123
7760	1892.262	55	0.00498693
7761	1892.506	43	0.00389887
7762	1892.750	46	0.00417089
7763	1892.994	59	0.00534962
7764	1893.238	54	0.00489626
7765	1893.482	51	0.00462424
7766	1893.725	46	0.00417089
7767	1893.969	59	0.00534962
7768	1894.213	49	0.0044429
7769	1894.457	50	0.00453357
7770	1894.701	51	0.00462424
7771	1894.945	57	0.00516827
7772	1895.189	46	0.00417089
7773	1895.432	59	0.00534962
7774	1895.676	57	0.00516827
7775	1895.920	69	0.00625633
7776	1896.164	42	0.0038082
7777	1896.408	54	0.00489626
7778	1896.652	46	0.00417089
7779	1896.896	53	0.00480559
7780	1897.139	66	0.00598432
7781	1897.383	45	0.00408022
7782	1897.627	70	0.006347
7783	1897.871	53	0.00480559
7784	1898.115	71	0.00643767
7785	1898.359	48	0.00435223
7786	1898.603	49	0.0044429
7787	1898.847	62	0.00562163
7788	1899.090	44	0.00398954
7789	1899.334	51	0.00462424
7790	1899.578	44	0.00398954
7791	1899.822	52	0.00471492
7792	1900.066	56	0.0050776
7793	1900.310	44	0.00398954
7794	1900.554	64	0.00580297
7795	1900.797	45	0.00408022
7796	1901.041	54	0.00489626
7797	1901.285	50	0.00453357
7798	1901.529	58	0.00525894
7799	1901.773	49	0.0044429
7800	1902.017	54	0.00489626
7801	1902.261	57	0.00516827
7802	1902.504	53	0.00480559
7803	1902.748	60	0.00544029
7804	1902.992	50	0.00453357
7805	1903.236	58	0.00525894
7806	1903.480	56	0.0050776
7807	1903.724	57	0.00516827
7808	1903.968	54	0.00489626
7809	1904.212	53	0.00480559
7810	1904.455	49	0.0044429
7811	1904.699	54	0.00489626
7812	1904.943	59	0.00534962
7813	1905.187	57	0.00516827
7814	1905.431	52	0.00471492
7815	1905.675	44	0.00398954
7816	1905.919	47	0.00426156
7817	1906.162	45	0.00408022
7818	1906.406	60	0.00544029
7819	1906.650	55	0.00498693
7820	1906.894	53	0.00480559
7821	1907.138	55	0.00498693
7822	1907.382	44	0.00398954
7823	1907.626	46	0.00417089
7824	1907.870	45	0.00408022
7825	1908.113	55	0.00498693
7826	1908.357	68	0.00616566
7827	1908.601	35	0.0031735
7828	1908.845	46	0.00417089
7829	1909.089	48	0.00435223
7830	1909.333	53	0.00480559
7831	1909.577	53	0.00480559
7832	1909.820	67	0.00607499
7833	1910.064	51	0.00462424
7834	1910.308	49	0.0044429
7835	1910.552	59	0.00534962
7836	1910.796	70	0.006347
7837	1911.040	63	0.0057123
7838	1911.284	40	0.00362686
7839	1911.527	49	0.0044429
7840	1911.771	49	0.0044429
7841	1912.015	55	0.00498693
7842	1912.259	47	0.00426156
7843	1912.503	53	0.00480559
7844	1912.747	55	0.00498693
7845	1912.991	55	0.00498693
7846	1913.235	69	0.00625633
7847	1913.478	45	0.00408022
7848	1913.722	58	0.00525894
7849	1913.966	47	0.00426156
7850	1914.210	45	0.00408022
7851	1914.454	42	0.0038082
7852	1914.698	49	0.0044429
7853	1914.942	45	0.00408022
7854	1915.185	49	0.0044429
7855	1915.429	42	0.0038082
7856	1915.673	59	0.00534962
7857	1915.917	61	0.00553096
7858	1916.161	54	0.00489626
7859	1916.405	40	0.00362686
7860	1916.649	54	0.00489626
7861	1916.892	53	0.00480559
7862	1917.136	70	0.006347
7863	1917.380	59	0.00534962
7864	1917.624	49	0.0044429
7865	1917.868	58	0.00525894
7866	1918.112	47	0.00426156
7867	1918.356	66	0.00598432
7868	1918.600	62	0.00562163
7869	1918.843	50	0.00453357
7870	1919.087	61	0.00553096
7871	1919.331	52	0.00471492
7872	1919.575	55	0.00498693
7873	1919.819	60	0.00544029
7874	1920.063	53	0.00480559
7875	1920.307	58	0.00525894
7876	1920.550	54	0.00489626
7877	1920.794	56	0.0050776
7878	1921.038	59	0.00534962
7879	1921.282	55	0.00498693
7880	1921.526	63	0.0057123
7881	1921.770	62	0.00562163
7882	1922.014	48	0.00435223
7883	1922.258	54	0.00489626
7884	1922.501	44	0.00398954
7885	1922.745	49	0.0044429
7886	1922.989	44	0.00398954
7887	1923.233	50	0.00453357
7888	1923.477	48	0.00435223
7889	1923.721	49	0.0044429
7890	1923.965	70	0.006347
7891	1924.208	63	0.0057123
7892	1924.452	61	0.00553096
7893	1924.696	45	0.00408022
7894	1924.940	51	0.00462424
7895	1925.184	43	0.00389887
7896	1925.428	65	0.00589364
7897	1925.672	55	0.00498693
7898	1925.915	54	0.00489626
7899	1926.159	55	0.00498693
7900	1926.403	51	0.00462424
7901	1926.647	53	0.00480559
7902	1926.891	51	0.00462424
7903	1927.135	45	0.00408022
7904	1927.379	47	0.00426156
7905	1927.623	47	0.00426156
7906	1927.866	42	0.0038082
7907	1928.110	60	0.00544029
7908	1928.354	67	0.00607499
7909	1928.598	53	0.00480559
7910	1928.842	53	0.00480559
7911	1929.086	52	0.00471492
7912	1929.330	52	0.00471492
7913	1929.573	54	0.00489626
7914	1929.817	54	0.00489626
7915	1930.061	51	0.00462424
7916	1930.305	56	0.0050776
7917	1930.549	46	0.00417089
7918	1930.793	51	0.00462424
7919	1931.037	62	0.00562163
7920	1931.280	45	0.00408022
7921	1931.524	45	0.00408022
7922	1931.768	47	0.00426156
7923	1932.012	47	0.00426156
7924	1932.256	53	0.00480559
7925	1932.500	51	0.00462424
7926	1932.744	58	0.00525894
7927	1932.988	53	0.00480559
7928	1933.231	47	0.00426156
7929	1933.475	49	0.0044429
7930	1933.719	40	0.00362686
7931	1933.963	63	0.0057123
7932	1934.207	49	0.0044429
7933	1934.451	51	0.00462424
7934	1934.695	63	0.0057123
7935	1934.938	45	0.00408022
7936	1935.182	47	0.00426156
7937	1935.426	37	0.00335484
7938	1935.670	60	0.00544029
7939	1935.914	41	0.00371753
7940	1936.158	58	0.00525894
7941	1936.402	51	0.00462424
7942	1936.646	52	0.00471492
7943	1936.889	61	0.00553096
7944	1937.133	59	0.00534962
7945	1937.377	52	0.00471492
7946	1937.621	64	0.00580297
7947	1937.865	56	0.0050776
7948	1938.109	66	0.00598432
7949	1938.353	56	0.0050776
7950	1938.596	64	0.00580297
7951	1938.840	44	0.00398954
7952	1939.084	50	0.00453357
7953	1939.328	43	0.00389887
7954	1939.572	64	0.00580297
7955	1939.816	47	0.00426156
7956	1940.060	46	0.00417089
7957	1940.303	57	0.00516827
7958	1940.547	54	0.00489626
7959	1940.791	52	0.00471492
7960	1941.035	33	0.00299216
7961	1941.279	65	0.00589364
7962	1941.523	52	0.00471492
7963	1941.767	35	0.0031735
7964	1942.011	55	0.00498693
7965	1942.254	62	0.00562163
7966	1942.498	54	0.00489626
7967	1942.742	48	0.00435223
7968	1942.986	53	0.00480559
7969	1943.230	47	0.00426156
7970	1943.474	51	0.00462424
7971	1943.718	60	0.00544029
7972	1943.961	65	0.00589364
7973	1944.205	46	0.00417089
7974	1944.449	46	0.00417089
7975	1944.693	58	0.00525894
7976	1944.937	47	0.00426156
7977	1945.181	46	0.00417089
7978	1945.425	50	0.00453357
7979	1945.669	62	0.00562163
7980	1945.912	65	0.00589364
7981	1946.156	56	0.0050776
7982	1946.400	51	0.00462424
7983	1946.644	58	0.00525894
7984	1946.888	61	0.00553096
7985	1947.132	63	0.0057123
7986	1947.376	41	0.00371753
7987	1947.619	50	0.00453357
7988	1947.863	70	0.006347
7989	1948.107	39	0.00353619
7990	1948.351	59	0.00534962
7991	1948.595	53	0.00480559
7992	1948.839	53	0.00480559
7993	1949.083	43	0.00389887
7994	1949.326	50	0.00453357
7995	1949.570	52	0.00471492
7996	1949.814	48	0.00435223
7997	1950.058	58	0.00525894
7998	1950.302	50	0.00453357
7999	1950.546	48	0.00435223
8000	1950.790	47	0.00426156
8001	1951.034	45	0.00408022
8002	1951.277	41	0.00371753
8003	1951.521	52	0.00471492
8004	1951.765	63	0.0057123
8005	1952.009	55	0.00498693
8006	1952.253	42	0.0038082
8007	1952.497	44	0.00398954
8008	1952.741	54	0.00489626
8009	1952.984	48	0.00435223
8010	1953.228	38	0.00344552
8011	1953.472	44	0.00398954
8012	1953.716	44	0.00398954
8013	1953.960	52	0.00471492
8014	1954.204	54	0.00489626
8015	1954.448	51	0.00462424
8016	1954.691	50	0.00453357
8017	1954.935	57	0.00516827
8018	1955.179	47	0.00426156
8019	1955.423	49	0.0044429
8020	1955.667	70	0.006347
8021	1955.911	58	0.00525894
8022	1956.155	53	0.00480559
8023	1956.399	57	0.00516827
8024	1956.642	45	0.00408022
8025	1956.886	60	0.00544029
8026	1957.130	52	0.00471492
8027	1957.374	51	0.00462424
8028	1957.618	45	0.00408022
8029	1957.862	50	0.00453357
8030	1958.106	68	0.00616566
8031	1958.349	53	0.00480559
8032	1958.593	48	0.00435223
8033	1958.837	57	0.00516827
8034	1959.081	48	0.00435223
8035	1959.325	65	0.00589364
8036	1959.569	45	0.00408022
8037	1959.813	55	0.00498693
8038	1960.057	51	0.00462424
8039	1960.300	47	0.00426156
8040	1960.544	70	0.006347
8041	1960.788	51	0.00462424
8042	1961.032	43	0.00389887
8043	1961.276	45	0.00408022
8044	1961.520	46	0.00417089
8045	1961.764	56	0.0050776
8046	1962.007	50	0.00453357
8047	1962.251	47	0.00426156
8048	1962.495	54	0.00489626
8049	1962.739	64	0.00580297
8050	1962.983	47	0.00426156
8051	1963.227	62	0.00562163
8052	1963.471	51	0.00462424
8053	1963.714	37	0.00335484
8054	1963.958	62	0.00562163
8055	1964.202	50	0.00453357
8056	1964.446	39	0.00353619
8057	1964.690	58	0.00525894
8058	1964.934	38	0.00344552
8059	1965.178	50	0.00453357
8060	1965.422	52	0.00471492
8061	1965.665	40	0.00362686
8062	1965.909	60	0.00544029
8063	1966.153	69	0.00625633
8064	1966.397	45	0.00408022
8065	1966.641	54	0.00489626
8066	1966.885	44	0.00398954
8067	1967.129	47	0.00426156
8068	1967.372	56	0.0050776
8069	1967.616	47	0.00426156
8070	1967.860	51	0.00462424
8071	1968.104	39	0.00353619
8072	1968.348	62	0.00562163
8073	1968.592	65	0.00589364
8074	1968.836	48	0.00435223
8075	1969.079	37	0.00335484
8076	1969.323	52	0.00471492
8077	1969.567	46	0.00417089
8078	1969.811	50	0.00453357
8079	1970.055	46	0.00417089
8080	1970.299	60	0.00544029
8081	1970.543	55	0.00498693
8082	1970.787	44	0.00398954
8083	1971.030	53	0.00480559
8084	1971.274	48	0.00435223
8085	1971.518	45	0.00408022
8086	1971.762	53	0.00480559
8087	1972.006	48	0.00435223
8088	1972.250	54	0.00489626
8089	1972.494	56	0.0050776
8090	1972.737	34	0.00308283
8091	1972.981	42	0.0038082
8092	1973.225	50	0.00453357
8093	1973.469	40	0.00362686
8094	1973.713	54	0.00489626
8095	1973.957	40	0.00362686
8096	1974.201	50	0.00453357
8097	1974.445	46	0.00417089
8098	1974.688	57	0.00516827
8099	1974.932	53	0.00480559
8100	1975.176	55	0.00498693
8101	1975.420	54	0.00489626
8102	1975.664	45	0.00408022
8103	1975.908	43	0.00389887
8104	1976.152	44	0.00398954
8105	1976.395	63	0.0057123
8106	1976.639	38	0.00344552
8107	1976.883	65	0.00589364
8108	1977.127	41	0.00371753
8109	1977.371	45	0.00408022
8110	1977.615	61	0.00553096
8111	1977.859	44	0.00398954
8112	1978.102	44	0.00398954
8113	1978.346	44	0.00398954
8114	1978.590	54	0.00489626
8115	1978.834	47	0.00426156
8116	1979.078	59	0.00534962
8117	1979.322	68	0.00616566
8118	1979.566	47	0.00426156
8119	1979.810	49	0.0044429
8120	1980.053	58	0.00525894
8121	1980.297	38	0.00344552
8122	1980.541	60	0.00544029
8123	1980.785	47	0.00426156
8124	1981.029	44	0.00398954
8125	1981.273	57	0.00516827
8126	1981.517	63	0.0057123
8127	1981.760	56	0.0050776
8128	1982.004	70	0.006347
8129	1982.248	48	0.00435223
8130	1982.492	54	0.00489626
8131	1982.736	51	0.00462424
8132	1982.980	51	0.00462424
8133	1983.224	40	0.00362686
8134	1983.468	36	0.00326417
8135	1983.711	47	0.00426156
8136	1983.955	61	0.00553096
8137	1984.199	42	0.0038082
8138	1984.443	42	0.0038082
8139	1984.687	49	0.0044429
8140	1984.931	50	0.00453357
8141	1985.175	47	0.00426156
8142	1985.418	64	0.00580297
8143	1985.662	66	0.00598432
8144	1985.906	54	0.00489626
8145	1986.150	52	0.00471492
8146	1986.394	51	0.00462424
8147	1986.638	58	0.00525894
8148	1986.882	52	0.00471492
8149	1987.125	45	0.00408022
8150	1987.369	53	0.00480559
8151	1987.613	50	0.00453357
8152	1987.857	53	0.00480559
8153	1988.101	43	0.00389887
8154	1988.345	49	0.0044429
8155	1988.589	57	0.00516827
8156	1988.833	51	0.00462424
8157	1989.076	55	0.00498693
8158	1989.320	46	0.00417089
8159	1989.564	53	0.00480559
8160	1989.808	47	0.00426156
8161	1990.052	57	0.00516827
8162	1990.296	54	0.00489626
8163	1990.540	43	0.00389887
8164	1990.783	58	0.00525894
8165	1991.027	45	0.00408022
8166	1991.271	63	0.0057123
8167	1991.515	53	0.00480559
8168	1991.759	34	0.00308283
8169	1992.003	45	0.00408022
8170	1992.247	45	0.00408022
8171	1992.490	48	0.00435223
8172	1992.734	73	0.00661902
8173	1992.978	56	0.0050776
8174	1993.222	45	0.00408022
8175	1993.466	38	0.00344552
8176	1993.710	45	0.00408022
8177	1993.954	51	0.00462424
8178	1994.198	55	0.00498693
8179	1994.441	35	0.0031735
8180	1994.685	47	0.00426156
8181	1994.929	63	0.0057123
8182	1995.173	58	0.00525894
8183	1995.417	52	0.00471492
8184	1995.661	43	0.00389887
8185	1995.905	69	0.00625633
8186	1996.148	50	0.00453357
8187	1996.392	50	0.00453357
8188	1996.636	47	0.00426156
8189	1996.880	63	0.0057123
8190	1997.124	48	0.00435223
8191	1997.368	51	0.00462424
8192	1997.612	57	0.00516827
