#
# Sample name: Sample title.                                                   
# Sample id:   
# Sample type: 
# User name:   
# Sample description: 
#
# Start time:    2025-12-19, 12:46:57
# Real time (s): 342045.700
# Live time (s): 336460.000
#
# Total counts:  395847040
#
# Left marker:  20 (4.751 keV)
# Right marker: 50 (12.067 keV)
# Counts:       8096772
#
# Energy calibration coefficients ( E = sum(Ai * n**i) )
#     A0: -0.126274
#     A1: 0.243864
#     A2: 0.000000
#     A3: 0.000000
# Energy unit: keV
#
# Channel data
# n	energy(keV)	counts	rate(1/s)
#-----------------------------------------------------------------------
1	0.118	58	0.000172383
2	0.361	50	0.000148606
3	0.605	62	0.000184272
4	0.849	74	0.000219937
5	1.093	75	0.000222909
6	1.337	56	0.000166439
7	1.581	82	0.000243714
8	1.825	73	0.000216965
9	2.069	63	0.000187244
10	2.312	87	0.000258575
11	2.556	84	0.000249658
12	2.800	91	0.000270463
13	3.044	98	0.000291268
14	3.288	99	0.00029424
15	3.532	82	0.000243714
16	3.776	99	0.00029424
17	4.019	116	0.000344766
18	4.263	90	0.000267491
19	4.507	106	0.000315045
20	4.751	115	0.000341794
21	4.995	155	0.000460679
22	5.239	1337	0.00397373
23	5.483	14711	0.0437229
24	5.726	65449	0.194522
25	5.970	122886	0.365232
26	6.214	151480	0.450217
27	6.458	159760	0.474826
28	6.702	158817	0.472023
29	6.946	156317	0.464593
30	7.190	158668	0.471581
31	7.434	164972	0.490317
32	7.677	174425	0.518412
33	7.921	180998	0.537948
34	8.165	177651	0.528
35	8.409	163844	0.486964
36	8.653	147000	0.436902
37	8.897	134138	0.398674
38	9.141	133180	0.395827
39	9.384	141523	0.420624
40	9.628	158598	0.471373
41	9.872	183016	0.543946
42	10.116	215107	0.639324
43	10.360	261157	0.77619
44	10.604	327972	0.974773
45	10.848	413314	1.22842
46	11.091	510308	1.5167
47	11.335	620528	1.84428
48	11.579	774267	2.30122
49	11.823	993462	2.95269
50	12.067	1231732	3.66086
51	12.311	1394963	4.146
52	12.555	1435950	4.26782
53	12.799	1453510	4.32001
54	13.042	1594515	4.73909
55	13.286	1954640	5.80943
56	13.530	2493719	7.41164
57	13.774	3064817	9.10901
58	14.018	3465761	10.3007
59	14.262	3474997	10.3281
60	14.506	3034961	9.02027
61	14.749	2327183	6.91667
62	14.993	1641887	4.87989
63	15.237	1181599	3.51186
64	15.481	948270	2.81837
65	15.725	855577	2.54288
66	15.969	793146	2.35733
67	16.213	715139	2.12548
68	16.457	628587	1.86824
69	16.700	576364	1.71302
70	16.944	589636	1.75247
71	17.188	669130	1.98874
72	17.432	785833	2.33559
73	17.676	881570	2.62013
74	17.920	888078	2.63948
75	18.164	778912	2.31502
76	18.407	601621	1.78809
77	18.651	432043	1.28408
78	18.895	331222	0.984432
79	19.139	304283	0.904366
80	19.383	337109	1.00193
81	19.627	421344	1.25229
82	19.871	564295	1.67715
83	20.114	785986	2.33605
84	20.358	1110943	3.30186
85	20.602	1556749	4.62685
86	20.846	2206062	6.55668
87	21.090	3316501	9.85704
88	21.334	5395912	16.0373
89	21.578	8867380	26.3549
90	21.822	13303322	39.5391
91	22.065	16978197	50.4613
92	22.309	17817832	52.9568
93	22.553	15147397	45.0199
94	22.797	10406587	30.9296
95	23.041	5841525	17.3617
96	23.285	2805326	8.33777
97	23.529	1334452	3.96615
98	23.772	861700	2.56108
99	24.016	925834	2.75169
100	24.260	1366415	4.06115
101	24.504	2142258	6.36705
102	24.748	3068457	9.11983
103	24.992	3738387	11.1109
104	25.236	3785387	11.2506
105	25.479	3183247	9.461
106	25.723	2256165	6.7056
107	25.967	1401166	4.16444
108	26.211	814891	2.42196
109	26.455	493977	1.46816
110	26.699	330980	0.983713
111	26.943	245027	0.72825
112	27.187	198764	0.590751
113	27.430	181470	0.539351
114	27.674	187359	0.556854
115	27.918	207011	0.615262
116	28.162	234647	0.697399
117	28.406	263401	0.78286
118	28.650	289651	0.860878
119	28.894	311687	0.926372
120	29.137	330395	0.981974
121	29.381	357514	1.06258
122	29.625	422771	1.25653
123	29.869	584957	1.73856
124	30.113	923197	2.74385
125	30.357	1461766	4.34455
126	30.601	2102855	6.24994
127	30.845	2590315	7.69873
128	31.088	2676575	7.95511
129	31.332	2318937	6.89216
130	31.576	1704986	5.06743
131	31.820	1126996	3.34957
132	32.064	758516	2.2544
133	32.308	623259	1.8524
134	32.552	676796	2.01152
135	32.795	871389	2.58987
136	33.039	1132328	3.36542
137	33.283	1340012	3.98268
138	33.527	1372463	4.07913
139	33.771	1197482	3.55906
140	34.015	911851	2.71013
141	34.259	663191	1.97108
142	34.502	556134	1.6529
143	34.746	574983	1.70892
144	34.990	632402	1.87958
145	35.234	637748	1.89546
146	35.478	569005	1.69115
147	35.722	461127	1.37053
148	35.966	360542	1.07157
149	36.210	279220	0.829876
150	36.453	219944	0.6537
151	36.697	181368	0.539048
152	36.941	170762	0.507525
153	37.185	196172	0.583047
154	37.429	250591	0.744787
155	37.673	309606	0.920187
156	37.917	339770	1.00984
157	38.160	324098	0.963259
158	38.404	274787	0.8167
159	38.648	218941	0.650719
160	38.892	173362	0.515253
161	39.136	137428	0.408453
162	39.380	108325	0.321955
163	39.624	86537	0.257198
164	39.868	71860	0.213577
165	40.111	64501	0.191705
166	40.355	61246	0.182031
167	40.599	60233	0.17902
168	40.843	59431	0.176636
169	41.087	59274	0.17617
170	41.331	59963	0.178217
171	41.575	59873	0.17795
172	41.818	60088	0.178589
173	42.062	61120	0.181656
174	42.306	61162	0.181781
175	42.550	62998	0.187238
176	42.794	64002	0.190222
177	43.038	66337	0.197162
178	43.282	68167	0.202601
179	43.525	69227	0.205751
180	43.769	69615	0.206904
181	44.013	69063	0.205264
182	44.257	67972	0.202021
183	44.501	68026	0.202182
184	44.745	66879	0.198773
185	44.989	67305	0.200039
186	45.233	66352	0.197206
187	45.476	66396	0.197337
188	45.720	67584	0.200868
189	45.964	67374	0.200244
190	46.208	68155	0.202565
191	46.452	68734	0.204286
192	46.696	70112	0.208381
193	46.940	71092	0.211294
194	47.183	72916	0.216715
195	47.427	74906	0.22263
196	47.671	77345	0.229879
197	47.915	80645	0.239687
198	48.159	86232	0.256292
199	48.403	91977	0.273367
200	48.647	97969	0.291176
201	48.890	104976	0.312001
202	49.134	111598	0.331683
203	49.378	117881	0.350357
204	49.622	123647	0.367494
205	49.866	126708	0.376592
206	50.110	127039	0.377575
207	50.354	125375	0.37263
208	50.598	126428	0.375759
209	50.841	127872	0.380051
210	51.085	130369	0.387473
211	51.329	134896	0.400927
212	51.573	138329	0.411131
213	51.817	142992	0.42499
214	52.061	147603	0.438694
215	52.305	155399	0.461865
216	52.548	167590	0.498098
217	52.792	182882	0.543548
218	53.036	197225	0.586177
219	53.280	203167	0.603837
220	53.524	195678	0.581579
221	53.768	177729	0.528232
222	54.012	158367	0.470686
223	54.256	142195	0.422621
224	54.499	132331	0.393304
225	54.743	126735	0.376672
226	54.987	123254	0.366326
227	55.231	120367	0.357745
228	55.475	116794	0.347126
229	55.719	114320	0.339773
230	55.963	112678	0.334893
231	56.206	109505	0.325462
232	56.450	106383	0.316183
233	56.694	103827	0.308586
234	56.938	101899	0.302856
235	57.182	100285	0.298059
236	57.426	98468	0.292659
237	57.670	98009	0.291295
238	57.913	101989	0.303124
239	58.157	124006	0.368561
240	58.401	199280	0.592284
241	58.645	397337	1.18093
242	58.889	798150	2.3722
243	59.133	1408434	4.18604
244	59.377	2042968	6.07195
245	59.621	2413720	7.17387
246	59.864	2295454	6.82237
247	60.108	1761771	5.2362
248	60.352	1096805	3.25984
249	60.596	566832	1.68469
250	60.840	260983	0.775673
251	61.084	130078	0.386608
252	61.328	88564	0.263223
253	61.571	80768	0.240052
254	61.815	81121	0.241101
255	62.059	81123	0.241107
256	62.303	79022	0.234863
257	62.547	76295	0.226758
258	62.791	74506	0.221441
259	63.035	72979	0.216902
260	63.278	73363	0.218044
261	63.522	73009	0.216992
262	63.766	73152	0.217417
263	64.010	73656	0.218915
264	64.254	73721	0.219108
265	64.498	74358	0.221001
266	64.742	75176	0.223432
267	64.986	76328	0.226856
268	65.229	78414	0.233056
269	65.473	81788	0.243084
270	65.717	85175	0.25315
271	65.961	87642	0.260483
272	66.205	88694	0.263609
273	66.449	89468	0.26591
274	66.693	89748	0.266742
275	66.936	89660	0.26648
276	67.180	88448	0.262878
277	67.424	88250	0.26229
278	67.668	87153	0.259029
279	67.912	86371	0.256705
280	68.156	85996	0.255591
281	68.400	85684	0.254663
282	68.644	85573	0.254333
283	68.887	85487	0.254078
284	69.131	85846	0.255145
285	69.375	85766	0.254907
286	69.619	86301	0.256497
287	69.863	86225	0.256271
288	70.107	86957	0.258447
289	70.351	87201	0.259172
290	70.594	87924	0.261321
291	70.838	88358	0.262611
292	71.082	88301	0.262441
293	71.326	88169	0.262049
294	71.570	87524	0.260132
295	71.814	86370	0.256702
296	72.058	85890	0.255276
297	72.301	85300	0.253522
298	72.545	86104	0.255912
299	72.789	86206	0.256215
300	73.033	85826	0.255085
301	73.277	84909	0.25236
302	73.521	84228	0.250336
303	73.765	82821	0.246154
304	74.009	82036	0.243821
305	74.252	82136	0.244118
306	74.496	82615	0.245542
307	74.740	83624	0.248541
308	74.984	84086	0.249914
309	75.228	83513	0.248211
310	75.472	81553	0.242385
311	75.716	79569	0.236489
312	75.959	77262	0.229632
313	76.203	75741	0.225111
314	76.447	75061	0.22309
315	76.691	74288	0.220793
316	76.935	74451	0.221277
317	77.179	73893	0.219619
318	77.423	73567	0.21865
319	77.666	73257	0.217729
320	77.910	72975	0.216891
321	78.154	72565	0.215672
322	78.398	73960	0.219818
323	78.642	77540	0.230458
324	78.886	86874	0.2582
325	79.130	102948	0.305974
326	79.374	122966	0.36547
327	79.617	147124	0.43727
328	79.861	179261	0.532785
329	80.105	246085	0.731395
330	80.349	381820	1.13482
331	80.593	593886	1.7651
332	80.837	828916	2.46364
333	81.081	967953	2.87687
334	81.324	931589	2.7688
335	81.568	733560	2.18023
336	81.812	480172	1.42713
337	82.056	272549	0.810049
338	82.300	148760	0.442133
339	82.544	92874	0.276033
340	82.788	73889	0.219607
341	83.032	69674	0.20708
342	83.275	70193	0.208622
343	83.519	71155	0.211481
344	83.763	72344	0.215015
345	84.007	73954	0.2198
346	84.251	75665	0.224886
347	84.495	76970	0.228764
348	84.739	77785	0.231186
349	84.982	77830	0.23132
350	85.226	77286	0.229703
351	85.470	76124	0.22625
352	85.714	74974	0.222832
353	85.958	73645	0.218882
354	86.202	73122	0.217327
355	86.446	75221	0.223566
356	86.689	85989	0.25557
357	86.933	117742	0.349944
358	87.177	195995	0.582521
359	87.421	343769	1.02172
360	87.665	556363	1.65358
361	87.909	767393	2.28079
362	88.153	878566	2.6112
363	88.397	822848	2.4456
364	88.640	635398	1.88848
365	88.884	411931	1.22431
366	89.128	235008	0.698472
367	89.372	132614	0.394145
368	89.616	87013	0.258613
369	89.860	72173	0.214507
370	90.104	68132	0.202497
371	90.347	67468	0.200523
372	90.591	67285	0.199979
373	90.835	68388	0.203257
374	91.079	68410	0.203323
375	91.323	69018	0.20513
376	91.567	69389	0.206233
377	91.811	69710	0.207187
378	92.055	70658	0.210004
379	92.298	71234	0.211716
380	92.542	71109	0.211345
381	92.786	71234	0.211716
382	93.030	71692	0.213077
383	93.274	71735	0.213205
384	93.518	71547	0.212646
385	93.762	72159	0.214465
386	94.005	72366	0.215081
387	94.249	71533	0.212605
388	94.493	72522	0.215544
389	94.737	72238	0.2147
390	94.981	71729	0.213187
391	95.225	72048	0.214135
392	95.469	72284	0.214837
393	95.712	72266	0.214783
394	95.956	72409	0.215208
395	96.200	71692	0.213077
396	96.444	71440	0.212328
397	96.688	72092	0.214266
398	96.932	71516	0.212554
399	97.176	71379	0.212147
400	97.420	71977	0.213924
401	97.663	71641	0.212926
402	97.907	72035	0.214097
403	98.151	72133	0.214388
404	98.395	72047	0.214132
405	98.639	72479	0.215416
406	98.883	72438	0.215295
407	99.127	72956	0.216834
408	99.370	72209	0.214614
409	99.614	72339	0.215
410	99.858	72698	0.216067
411	100.102	72156	0.214456
412	100.346	72755	0.216237
413	100.590	73410	0.218183
414	100.834	73095	0.217247
415	101.077	73749	0.219191
416	101.321	74409	0.221153
417	101.565	74495	0.221408
418	101.809	74297	0.22082
419	102.053	74523	0.221491
420	102.297	74912	0.222648
421	102.541	75840	0.225406
422	102.785	75927	0.225664
423	103.028	75804	0.225299
424	103.272	74901	0.222615
425	103.516	74845	0.222448
426	103.760	74269	0.220736
427	104.004	73376	0.218082
428	104.248	72696	0.216061
429	104.492	72882	0.216614
430	104.735	71977	0.213924
431	104.979	71809	0.213425
432	105.223	71252	0.21177
433	105.467	71020	0.21108
434	105.711	70604	0.209844
435	105.955	69943	0.207879
436	106.199	69681	0.2071
437	106.443	69563	0.20675
438	106.686	69272	0.205885
439	106.930	68626	0.203965
440	107.174	67819	0.201566
441	107.418	67268	0.199929
442	107.662	67665	0.201109
443	107.906	66375	0.197275
444	108.150	66964	0.199025
445	108.393	67062	0.199316
446	108.637	66292	0.197028
447	108.881	66324	0.197123
448	109.125	65686	0.195227
449	109.369	66638	0.198056
450	109.613	65326	0.194157
451	109.857	65836	0.195673
452	110.100	66097	0.196448
453	110.344	66597	0.197934
454	110.588	67242	0.199851
455	110.832	67097	0.19942
456	111.076	68337	0.203106
457	111.320	70408	0.209261
458	111.564	73298	0.217851
459	111.808	76024	0.225953
460	112.051	76358	0.226945
461	112.295	74964	0.222802
462	112.539	72504	0.215491
463	112.783	68640	0.204006
464	113.027	65326	0.194157
465	113.271	63552	0.188884
466	113.515	63083	0.18749
467	113.758	62522	0.185823
468	114.002	62546	0.185894
469	114.246	62359	0.185339
470	114.490	61981	0.184215
471	114.734	62425	0.185535
472	114.978	62805	0.186664
473	115.222	62966	0.187143
474	115.465	63403	0.188441
475	115.709	64147	0.190653
476	115.953	64109	0.19054
477	116.197	65053	0.193345
478	116.441	64293	0.191087
479	116.685	63989	0.190183
480	116.929	63403	0.188441
481	117.173	62498	0.185752
482	117.416	62264	0.185056
483	117.660	62295	0.185148
484	117.904	62406	0.185478
485	118.148	62250	0.185015
486	118.392	62097	0.18456
487	118.636	62128	0.184652
488	118.880	62129	0.184655
489	119.123	62187	0.184827
490	119.367	61707	0.183401
491	119.611	62119	0.184625
492	119.855	61844	0.183808
493	120.099	62007	0.184292
494	120.343	64830	0.192683
495	120.587	75726	0.225067
496	120.831	113387	0.337
497	121.074	216660	0.64394
498	121.318	445035	1.3227
499	121.562	826672	2.45697
500	121.806	1303957	3.87552
501	122.050	1708710	5.07849
502	122.294	1834764	5.45314
503	122.538	1611378	4.78921
504	122.781	1160827	3.45012
505	123.025	693315	2.06062
506	123.269	354697	1.0542
507	123.513	170017	0.505311
508	123.757	90882	0.270112
509	124.001	63873	0.189838
510	124.245	56394	0.16761
511	124.488	54707	0.162596
512	124.732	54602	0.162284
513	124.976	54402	0.161689
514	125.220	54337	0.161496
515	125.464	54690	0.162545
516	125.708	54473	0.1619
517	125.952	54253	0.161247
518	126.196	54634	0.162379
519	126.439	54264	0.161279
520	126.683	54454	0.161844
521	126.927	54098	0.160786
522	127.171	54062	0.160679
523	127.415	53944	0.160328
524	127.659	53500	0.159009
525	127.903	53678	0.159538
526	128.146	53633	0.159404
527	128.390	53559	0.159184
528	128.634	53308	0.158438
529	128.878	53439	0.158827
530	129.122	52887	0.157187
531	129.366	52991	0.157496
532	129.610	53001	0.157525
533	129.853	52976	0.157451
534	130.097	52854	0.157089
535	130.341	52766	0.156827
536	130.585	52614	0.156375
537	130.829	52750	0.156779
538	131.073	52490	0.156007
539	131.317	52491	0.15601
540	131.561	52570	0.156244
541	131.804	52605	0.156348
542	132.048	52305	0.155457
543	132.292	52459	0.155915
544	132.536	52528	0.15612
545	132.780	52731	0.156723
546	133.024	52207	0.155166
547	133.268	52177	0.155076
548	133.511	52159	0.155023
549	133.755	52593	0.156313
550	133.999	52787	0.156889
551	134.243	52708	0.156655
552	134.487	53024	0.157594
553	134.731	52976	0.157451
554	134.975	53606	0.159324
555	135.219	57879	0.172023
556	135.462	68766	0.204381
557	135.706	93450	0.277745
558	135.950	136371	0.405311
559	136.194	191924	0.570421
560	136.438	242378	0.720377
561	136.682	263534	0.783255
562	136.926	242540	0.720858
563	137.169	192770	0.572936
564	137.413	136732	0.406384
565	137.657	93311	0.277332
566	137.901	68216	0.202746
567	138.145	57275	0.170228
568	138.389	53156	0.157986
569	138.633	52215	0.155189
570	138.876	51412	0.152803
571	139.120	52056	0.154717
572	139.364	51987	0.154512
573	139.608	51489	0.153032
574	139.852	51895	0.154238
575	140.096	51920	0.154313
576	140.340	51914	0.154295
577	140.584	51776	0.153885
578	140.827	52132	0.154943
579	141.071	52696	0.156619
580	141.315	52046	0.154687
581	141.559	52802	0.156934
582	141.803	52123	0.154916
583	142.047	52175	0.15507
584	142.291	52547	0.156176
585	142.534	52896	0.157213
586	142.778	53287	0.158375
587	143.022	52675	0.156557
588	143.266	52542	0.156161
589	143.510	53255	0.15828
590	143.754	53660	0.159484
591	143.998	53865	0.160093
592	144.242	53598	0.1593
593	144.485	53653	0.159463
594	144.729	53362	0.158598
595	144.973	52857	0.157097
596	145.217	53553	0.159166
597	145.461	53252	0.158271
598	145.705	52950	0.157374
599	145.949	53047	0.157662
600	146.192	53021	0.157585
601	146.436	53223	0.158185
602	146.680	53243	0.158245
603	146.924	53520	0.159068
604	147.168	53068	0.157725
605	147.412	53249	0.158262
606	147.656	53133	0.157918
607	147.899	52970	0.157433
608	148.143	53420	0.158771
609	148.387	53626	0.159383
610	148.631	53295	0.158399
611	148.875	53454	0.158872
612	149.119	53502	0.159014
613	149.363	53872	0.160114
614	149.607	53744	0.159734
615	149.850	54075	0.160717
616	150.094	53934	0.160298
617	150.338	53825	0.159974
618	150.582	54113	0.16083
619	150.826	54332	0.161481
620	151.070	54105	0.160807
621	151.314	54286	0.161345
622	151.557	54506	0.161998
623	151.801	54278	0.161321
624	152.045	54368	0.161588
625	152.289	54152	0.160946
626	152.533	54511	0.162013
627	152.777	54349	0.161532
628	153.021	54011	0.160527
629	153.264	53838	0.160013
630	153.508	54111	0.160824
631	153.752	53975	0.16042
632	153.996	54336	0.161493
633	154.240	53889	0.160165
634	154.484	53797	0.159891
635	154.728	54099	0.160789
636	154.972	53994	0.160477
637	155.215	54105	0.160807
638	155.459	53807	0.159921
639	155.703	54456	0.16185
640	155.947	54272	0.161303
641	156.191	54603	0.162287
642	156.435	53849	0.160046
643	156.679	54013	0.160533
644	156.922	53849	0.160046
645	157.166	53175	0.158043
646	157.410	53134	0.157921
647	157.654	52818	0.156982
648	157.898	53080	0.15776
649	158.142	53160	0.157998
650	158.386	53143	0.157947
651	158.630	52501	0.156039
652	158.873	52960	0.157404
653	159.117	52753	0.156788
654	159.361	53055	0.157686
655	159.605	53389	0.158679
656	159.849	54745	0.162709
657	160.093	57393	0.170579
658	160.337	60738	0.180521
659	160.580	64077	0.190445
660	160.824	65291	0.194053
661	161.068	64092	0.190489
662	161.312	61289	0.182158
663	161.556	57922	0.172151
664	161.800	55151	0.163915
665	162.044	53226	0.158194
666	162.287	52308	0.155466
667	162.531	51534	0.153165
668	162.775	51441	0.152889
669	163.019	51356	0.152636
670	163.263	51751	0.15381
671	163.507	51421	0.152829
672	163.751	51528	0.153147
673	163.995	52406	0.155757
674	164.238	54927	0.16325
675	164.482	66709	0.198267
676	164.726	102352	0.304203
677	164.970	190069	0.564908
678	165.214	364099	1.08215
679	165.458	630262	1.87322
680	165.702	935327	2.77991
681	165.945	1154687	3.43187
682	166.189	1185177	3.52249
683	166.433	1004123	2.98438
684	166.677	711653	2.11512
685	166.921	424457	1.26154
686	167.165	223528	0.664352
687	167.409	114865	0.341393
688	167.652	69438	0.206378
689	167.896	54052	0.160649
690	168.140	50020	0.148666
691	168.384	49238	0.146341
692	168.628	49105	0.145946
693	168.872	49115	0.145976
694	169.116	49061	0.145815
695	169.360	49026	0.145711
696	169.603	48953	0.145494
697	169.847	49634	0.147518
698	170.091	49454	0.146983
699	170.335	49644	0.147548
700	170.579	49879	0.148246
701	170.823	50175	0.149126
702	171.067	50341	0.14962
703	171.310	50392	0.149771
704	171.554	50425	0.149869
705	171.798	50718	0.15074
706	172.042	51244	0.152303
707	172.286	50946	0.151418
708	172.530	51267	0.152372
709	172.774	51186	0.152131
710	173.018	51372	0.152684
711	173.261	51381	0.152711
712	173.505	50847	0.151123
713	173.749	51735	0.153763
714	173.993	51371	0.152681
715	174.237	51360	0.152648
716	174.481	51883	0.154203
717	174.725	51727	0.153739
718	174.968	52038	0.154663
719	175.212	52046	0.154687
720	175.456	51838	0.154069
721	175.700	51932	0.154348
722	175.944	52008	0.154574
723	176.188	52012	0.154586
724	176.432	52005	0.154565
725	176.675	51905	0.154268
726	176.919	52135	0.154952
727	177.163	51760	0.153837
728	177.407	51574	0.153284
729	177.651	51652	0.153516
730	177.895	51591	0.153335
731	178.139	51467	0.152966
732	178.383	51284	0.152422
733	178.626	51127	0.151956
734	178.870	51120	0.151935
735	179.114	51154	0.152036
736	179.358	50680	0.150627
737	179.602	50774	0.150906
738	179.846	50946	0.151418
739	180.090	50892	0.151257
740	180.333	50427	0.149875
741	180.577	50356	0.149664
742	180.821	50575	0.150315
743	181.065	50488	0.150056
744	181.309	50814	0.151025
745	181.553	50280	0.149438
746	181.797	50038	0.148719
747	182.041	50204	0.149212
748	182.284	50052	0.148761
749	182.528	49860	0.14819
750	182.772	49765	0.147908
751	183.016	50006	0.148624
752	183.260	50103	0.148912
753	183.504	49680	0.147655
754	183.748	49638	0.14753
755	183.991	49837	0.148122
756	184.235	49639	0.147533
757	184.479	49887	0.14827
758	184.723	49920	0.148368
759	184.967	50168	0.149105
760	185.211	49801	0.148015
761	185.455	50350	0.149646
762	185.698	50558	0.150265
763	185.942	50092	0.14888
764	186.186	50430	0.149884
765	186.430	50506	0.15011
766	186.674	50291	0.149471
767	186.918	50123	0.148972
768	187.162	49400	0.146823
769	187.406	49640	0.147536
770	187.649	49660	0.147596
771	187.893	50074	0.148826
772	188.137	49884	0.148261
773	188.381	50234	0.149302
774	188.625	49474	0.147043
775	188.869	49550	0.147269
776	189.113	50366	0.149694
777	189.356	49891	0.148282
778	189.600	49467	0.147022
779	189.844	49218	0.146282
780	190.088	49474	0.147043
781	190.332	49558	0.147292
782	190.576	49451	0.146974
783	190.820	49264	0.146419
784	191.063	49480	0.147061
785	191.307	49327	0.146606
786	191.551	49202	0.146234
787	191.795	49577	0.147349
788	192.039	49366	0.146722
789	192.283	48850	0.145188
790	192.527	48482	0.144094
791	192.771	49298	0.14652
792	193.014	48789	0.145007
793	193.258	48483	0.144097
794	193.502	47969	0.14257
795	193.746	48792	0.145016
796	193.990	48770	0.14495
797	194.234	48630	0.144534
798	194.478	48549	0.144294
799	194.721	48532	0.144243
800	194.965	48364	0.143744
801	195.209	48558	0.14432
802	195.453	48431	0.143943
803	195.697	48729	0.144829
804	195.941	49006	0.145652
805	196.185	49529	0.147206
806	196.429	49294	0.146508
807	196.672	49339	0.146642
808	196.916	49256	0.146395
809	197.160	49396	0.146811
810	197.404	49468	0.147025
811	197.648	49492	0.147096
812	197.892	49867	0.148211
813	198.136	50438	0.149908
814	198.379	52283	0.155391
815	198.623	54458	0.161856
816	198.867	57546	0.171034
817	199.111	60012	0.178363
818	199.355	61403	0.182497
819	199.599	61158	0.181769
820	199.843	58396	0.17356
821	200.086	55740	0.165666
822	200.330	52996	0.157511
823	200.574	51163	0.152063
824	200.818	49988	0.14857
825	201.062	49333	0.146624
826	201.306	49486	0.147078
827	201.550	49349	0.146671
828	201.794	49140	0.14605
829	202.037	49372	0.14674
830	202.281	49375	0.146748
831	202.525	49098	0.145925
832	202.769	49262	0.146413
833	203.013	49596	0.147405
834	203.257	50367	0.149697
835	203.501	50655	0.150553
836	203.744	51715	0.153703
837	203.988	51748	0.153801
838	204.232	51363	0.152657
839	204.476	50895	0.151266
840	204.720	50170	0.149111
841	204.964	49126	0.146008
842	205.208	48845	0.145173
843	205.451	48442	0.143976
844	205.695	48709	0.144769
845	205.939	48267	0.143455
846	206.183	48026	0.142739
847	206.427	47968	0.142567
848	206.671	47784	0.14202
849	206.915	47524	0.141247
850	207.159	47504	0.141188
851	207.402	47301	0.140584
852	207.646	47001	0.139693
853	207.890	46803	0.139104
854	208.134	47095	0.139972
855	208.378	47123	0.140055
856	208.622	46467	0.138106
857	208.866	46472	0.13812
858	209.109	46430	0.137996
859	209.353	45995	0.136703
860	209.597	46251	0.137464
861	209.841	46058	0.13689
862	210.085	46463	0.138094
863	210.329	46196	0.1373
864	210.573	45886	0.136379
865	210.817	45614	0.13557
866	211.060	45592	0.135505
867	211.304	45954	0.136581
868	211.548	45651	0.13568
869	211.792	45307	0.134658
870	212.036	45587	0.13549
871	212.280	45625	0.135603
872	212.524	45427	0.135015
873	212.767	45350	0.134786
874	213.011	45116	0.13409
875	213.255	45128	0.134126
876	213.499	45277	0.134569
877	213.743	45232	0.134435
878	213.987	45207	0.134361
879	214.231	44930	0.133537
880	214.474	45328	0.13472
881	214.718	45022	0.133811
882	214.962	44993	0.133725
883	215.206	44642	0.132681
884	215.450	45017	0.133796
885	215.694	45311	0.13467
886	215.938	44635	0.132661
887	216.182	44679	0.132791
888	216.425	44718	0.132907
889	216.669	44392	0.131938
890	216.913	44953	0.133606
891	217.157	44256	0.131534
892	217.401	44272	0.131582
893	217.645	44424	0.132034
894	217.889	44362	0.131849
895	218.132	43738	0.129995
896	218.376	44006	0.130791
897	218.620	44379	0.1319
898	218.864	44132	0.131166
899	219.108	43957	0.130646
900	219.352	44095	0.131056
901	219.596	43764	0.130072
902	219.839	43935	0.13058
903	220.083	43554	0.129448
904	220.327	43692	0.129858
905	220.571	43652	0.129739
906	220.815	43508	0.129311
907	221.059	43676	0.12981
908	221.303	43430	0.129079
909	221.547	43769	0.130087
910	221.790	43086	0.128057
911	222.034	43556	0.129454
912	222.278	43707	0.129903
913	222.522	44531	0.132352
914	222.766	45631	0.135621
915	223.010	47000	0.13969
916	223.254	48469	0.144056
917	223.497	49642	0.147542
918	223.741	49197	0.146219
919	223.985	47839	0.142183
920	224.229	45718	0.135879
921	224.473	44615	0.132601
922	224.717	43722	0.129947
923	224.961	42582	0.126559
924	225.205	42907	0.127525
925	225.448	42445	0.126152
926	225.692	42753	0.127067
927	225.936	42882	0.127451
928	226.180	42572	0.126529
929	226.424	42591	0.126586
930	226.668	42280	0.125661
931	226.912	42349	0.125866
932	227.155	42178	0.125358
933	227.399	42442	0.126143
934	227.643	42004	0.124841
935	227.887	42339	0.125837
936	228.131	42108	0.12515
937	228.375	42006	0.124847
938	228.619	41922	0.124597
939	228.862	41678	0.123872
940	229.106	41814	0.124276
941	229.350	41516	0.123391
942	229.594	41376	0.122974
943	229.838	41447	0.123186
944	230.082	41144	0.122285
945	230.326	41405	0.123061
946	230.570	41337	0.122859
947	230.813	41230	0.122541
948	231.057	40773	0.121182
949	231.301	41143	0.122282
950	231.545	40573	0.120588
951	231.789	40629	0.120754
952	232.033	40571	0.120582
953	232.277	40777	0.121194
954	232.520	40354	0.119937
955	232.764	40167	0.119381
956	233.008	40278	0.119711
957	233.252	40414	0.120115
958	233.496	40071	0.119096
959	233.740	40366	0.119973
960	233.984	39740	0.118112
961	234.228	39898	0.118582
962	234.471	39530	0.117488
963	234.715	39272	0.116721
964	234.959	39553	0.117556
965	235.203	39254	0.116668
966	235.447	39148	0.116353
967	235.691	39102	0.116216
968	235.935	39148	0.116353
969	236.178	38893	0.115595
970	236.422	39069	0.116118
971	236.666	38864	0.115509
972	236.910	38787	0.11528
973	237.154	38565	0.11462
974	237.398	38575	0.11465
975	237.642	38186	0.113493
976	237.885	38929	0.115702
977	238.129	38134	0.113339
978	238.373	38279	0.11377
979	238.617	38445	0.114263
980	238.861	38042	0.113065
981	239.105	38370	0.11404
982	239.349	37934	0.112744
983	239.593	37963	0.112831
984	239.836	37550	0.111603
985	240.080	37920	0.112703
986	240.324	37669	0.111957
987	240.568	37342	0.110985
988	240.812	37298	0.110854
989	241.056	37245	0.110697
990	241.300	37190	0.110533
991	241.543	37138	0.110379
992	241.787	37228	0.110646
993	242.031	37002	0.109974
994	242.275	36798	0.109368
995	242.519	36869	0.109579
996	242.763	36771	0.109288
997	243.007	36517	0.108533
998	243.250	36394	0.108167
999	243.494	36329	0.107974
1000	243.738	36386	0.108144
1001	243.982	36446	0.108322
1002	244.226	36216	0.107638
1003	244.470	36404	0.108197
1004	244.714	36032	0.107091
1005	244.958	36053	0.107154
1006	245.201	35702	0.106111
1007	245.445	35984	0.106949
1008	245.689	35521	0.105573
1009	245.933	35281	0.104859
1010	246.177	35535	0.105614
1011	246.421	35264	0.104809
1012	246.665	35533	0.105608
1013	246.908	35478	0.105445
1014	247.152	34929	0.103813
1015	247.396	35406	0.105231
1016	247.640	35451	0.105365
1017	247.884	34968	0.103929
1018	248.128	35043	0.104152
1019	248.372	34741	0.103254
1020	248.616	34646	0.102972
1021	248.859	34885	0.103682
1022	249.103	34620	0.102895
1023	249.347	34293	0.101923
1024	249.591	34468	0.102443
1025	249.835	34432	0.102336
1026	250.079	34391	0.102214
1027	250.323	34366	0.10214
1028	250.566	33997	0.101043
1029	250.810	34323	0.102012
1030	251.054	34343	0.102072
1031	251.298	34040	0.101171
1032	251.542	33989	0.101019
1033	251.786	34185	0.101602
1034	252.030	33859	0.100633
1035	252.273	33690	0.100131
1036	252.517	33610	0.099893
1037	252.761	33775	0.100383
1038	253.005	33632	0.0999584
1039	253.249	33580	0.0998038
1040	253.493	33608	0.0998871
1041	253.737	33677	0.100092
1042	253.981	33747	0.1003
1043	254.224	33680	0.100101
1044	254.468	33347	0.0991113
1045	254.712	33377	0.0992005
1046	254.956	33326	0.0990489
1047	255.200	33310	0.0990014
1048	255.444	33323	0.09904
1049	255.688	32966	0.097979
1050	255.931	32909	0.0978095
1051	256.175	32962	0.0979671
1052	256.419	33142	0.0985021
1053	256.663	32746	0.0973251
1054	256.907	32963	0.09797
1055	257.151	32527	0.0966742
1056	257.395	32345	0.0961333
1057	257.638	32601	0.0968941
1058	257.882	32690	0.0971587
1059	258.126	32063	0.0952951
1060	258.370	32538	0.0967069
1061	258.614	32843	0.0976134
1062	258.858	32360	0.0961779
1063	259.102	32380	0.0962373
1064	259.346	31999	0.0951049
1065	259.589	32251	0.0958539
1066	259.833	32256	0.0958688
1067	260.077	32107	0.0954259
1068	260.321	32257	0.0958717
1069	260.565	32313	0.0960382
1070	260.809	32059	0.0952832
1071	261.053	32169	0.0956102
1072	261.296	31999	0.0951049
1073	261.540	31857	0.0946829
1074	261.784	31910	0.0948404
1075	262.028	32072	0.0953219
1076	262.272	31768	0.0944184
1077	262.516	31517	0.0936724
1078	262.760	32079	0.0953427
1079	263.004	31675	0.0941419
1080	263.247	31852	0.094668
1081	263.491	31636	0.094026
1082	263.735	31878	0.0947453
1083	263.979	31862	0.0946977
1084	264.223	31572	0.0938358
1085	264.467	31395	0.0933098
1086	264.711	31772	0.0944302
1087	264.954	31431	0.0934168
1088	265.198	31511	0.0936545
1089	265.442	31532	0.0937169
1090	265.686	31326	0.0931047
1091	265.930	31397	0.0933157
1092	266.174	31390	0.0932949
1093	266.418	31382	0.0932711
1094	266.661	31163	0.0926202
1095	266.905	31251	0.0928818
1096	267.149	31352	0.093182
1097	267.393	31191	0.0927034
1098	267.637	31066	0.0923319
1099	267.881	31325	0.0931017
1100	268.125	31174	0.0926529
1101	268.369	31153	0.0925905
1102	268.612	31142	0.0925578
1103	268.856	31382	0.0932711
1104	269.100	30968	0.0920407
1105	269.344	31012	0.0921714
1106	269.588	30991	0.092109
1107	269.832	30959	0.0920139
1108	270.076	31144	0.0925638
1109	270.319	30775	0.091467
1110	270.563	30953	0.0919961
1111	270.807	31075	0.0923587
1112	271.051	30861	0.0917226
1113	271.295	30781	0.0914849
1114	271.539	30721	0.0913065
1115	271.783	30913	0.0918772
1116	272.026	30795	0.0915265
1117	272.270	30767	0.0914433
1118	272.514	30583	0.0908964
1119	272.758	31042	0.0922606
1120	273.002	30334	0.0901563
1121	273.246	30328	0.0901385
1122	273.490	30749	0.0913898
1123	273.734	30609	0.0909737
1124	273.977	30691	0.0912174
1125	274.221	30627	0.0910272
1126	274.465	30487	0.0906111
1127	274.709	30632	0.091042
1128	274.953	31106	0.0924508
1129	275.197	32590	0.0968614
1130	275.441	35948	0.106842
1131	275.684	43424	0.129061
1132	275.928	56927	0.169194
1133	276.172	75666	0.224889
1134	276.416	94452	0.280723
1135	276.660	108104	0.321298
1136	276.904	109426	0.325227
1137	277.148	96387	0.286474
1138	277.392	77450	0.230191
1139	277.635	58506	0.173887
1140	277.879	44417	0.132013
1141	278.123	35876	0.106628
1142	278.367	32016	0.0951554
1143	278.611	30902	0.0918445
1144	278.855	30471	0.0905635
1145	279.099	30037	0.0892736
1146	279.342	30297	0.0900464
1147	279.586	29980	0.0891042
1148	279.830	30221	0.0898205
1149	280.074	30083	0.0894103
1150	280.318	30052	0.0893182
1151	280.562	30105	0.0894757
1152	280.806	30074	0.0893836
1153	281.049	30060	0.089342
1154	281.293	29746	0.0884087
1155	281.537	29855	0.0887327
1156	281.781	30225	0.0898324
1157	282.025	29928	0.0889497
1158	282.269	30103	0.0894698
1159	282.513	30007	0.0891844
1160	282.757	29928	0.0889497
1161	283.000	29860	0.0887475
1162	283.244	29594	0.087957
1163	283.488	29900	0.0888664
1164	283.732	29906	0.0888843
1165	283.976	30103	0.0894698
1166	284.220	30020	0.0892231
1167	284.464	30014	0.0892053
1168	284.707	29708	0.0882958
1169	284.951	30070	0.0893717
1170	285.195	29900	0.0888664
1171	285.439	30061	0.0893449
1172	285.683	30012	0.0891993
1173	285.927	29696	0.0882601
1174	286.171	29817	0.0886197
1175	286.415	30137	0.0895708
1176	286.658	29924	0.0889378
1177	286.902	30038	0.0892766
1178	287.146	29679	0.0882096
1179	287.390	29990	0.0891339
1180	287.634	30215	0.0898027
1181	287.878	30036	0.0892706
1182	288.122	29723	0.0883404
1183	288.365	29846	0.0887059
1184	288.609	29813	0.0886079
1185	288.853	30017	0.0892142
1186	289.097	30083	0.0894103
1187	289.341	29707	0.0882928
1188	289.585	29850	0.0887178
1189	289.829	29670	0.0881828
1190	290.072	29618	0.0880283
1191	290.316	29747	0.0884117
1192	290.560	29687	0.0882334
1193	290.804	29665	0.088168
1194	291.048	29760	0.0884503
1195	291.292	29768	0.0884741
1196	291.536	29828	0.0886524
1197	291.780	30069	0.0893687
1198	292.023	29596	0.0879629
1199	292.267	30004	0.0891755
1200	292.511	29516	0.0877251
1201	292.755	29580	0.0879154
1202	292.999	29516	0.0877251
1203	293.243	29724	0.0883433
1204	293.487	29986	0.089122
1205	293.730	29822	0.0886346
1206	293.974	29625	0.0880491
1207	294.218	29679	0.0882096
1208	294.462	29947	0.0890061
1209	294.706	29463	0.0875676
1210	294.950	29844	0.0887
1211	295.194	29750	0.0884206
1212	295.437	29985	0.0891191
1213	295.681	29522	0.087743
1214	295.925	29783	0.0885187
1215	296.169	29745	0.0884058
1216	296.413	29814	0.0886108
1217	296.657	29759	0.0884474
1218	296.901	29600	0.0879748
1219	297.145	29888	0.0888308
1220	297.388	29662	0.0881591
1221	297.632	29975	0.0890893
1222	297.876	29768	0.0884741
1223	298.120	29825	0.0886435
1224	298.364	29635	0.0880788
1225	298.608	29857	0.0887386
1226	298.852	29840	0.0886881
1227	299.095	29460	0.0875587
1228	299.339	29474	0.0876003
1229	299.583	29701	0.088275
1230	299.827	29459	0.0875557
1231	300.071	29632	0.0880699
1232	300.315	29736	0.088379
1233	300.559	29721	0.0883344
1234	300.803	30035	0.0892677
1235	301.046	29860	0.0887475
1236	301.290	30531	0.0907418
1237	301.534	32168	0.0956072
1238	301.778	36949	0.109817
1239	302.022	48471	0.144062
1240	302.266	70427	0.209318
1241	302.510	106715	0.31717
1242	302.753	152007	0.451783
1243	302.997	192995	0.573605
1244	303.241	213327	0.634034
1245	303.485	204731	0.608485
1246	303.729	169667	0.504271
1247	303.973	124502	0.370035
1248	304.217	83161	0.247165
1249	304.460	55045	0.1636
1250	304.704	40019	0.118941
1251	304.948	33077	0.0983089
1252	305.192	30662	0.0911312
1253	305.436	30181	0.0897016
1254	305.680	30068	0.0893657
1255	305.924	29621	0.0880372
1256	306.168	29849	0.0887149
1257	306.411	29911	0.0888991
1258	306.655	30307	0.0900761
1259	306.899	30449	0.0904981
1260	307.143	31124	0.0925043
1261	307.387	31256	0.0928966
1262	307.631	31599	0.0939161
1263	307.875	31684	0.0941687
1264	308.118	31423	0.093393
1265	308.362	30671	0.0911579
1266	308.606	30192	0.0897343
1267	308.850	29874	0.0887892
1268	309.094	29620	0.0880342
1269	309.338	29702	0.088278
1270	309.582	29754	0.0884325
1271	309.825	29752	0.0884266
1272	310.069	30355	0.0902187
1273	310.313	30691	0.0912174
1274	310.557	30889	0.0918059
1275	310.801	31292	0.0930036
1276	311.045	31478	0.0935564
1277	311.289	31194	0.0927124
1278	311.533	31193	0.0927094
1279	311.776	30602	0.0909529
1280	312.020	30878	0.0917732
1281	312.264	30492	0.0906259
1282	312.508	29811	0.0886019
1283	312.752	29747	0.0884117
1284	312.996	29883	0.0888159
1285	313.240	29698	0.0882661
1286	313.483	29643	0.0881026
1287	313.727	29713	0.0883106
1288	313.971	29341	0.087205
1289	314.215	29599	0.0879718
1290	314.459	29806	0.0885871
1291	314.703	29583	0.0879243
1292	314.947	29656	0.0881412
1293	315.191	29599	0.0879718
1294	315.434	30239	0.089874
1295	315.678	29843	0.088697
1296	315.922	29657	0.0881442
1297	316.166	29634	0.0880758
1298	316.410	29997	0.0891547
1299	316.654	29929	0.0889526
1300	316.898	29632	0.0880699
1301	317.141	29720	0.0883315
1302	317.385	29626	0.0880521
1303	317.629	29734	0.0883731
1304	317.873	29952	0.089021
1305	318.117	29899	0.0888635
1306	318.361	30430	0.0904417
1307	318.605	32089	0.0953724
1308	318.848	36915	0.109716
1309	319.092	50547	0.150232
1310	319.336	80316	0.238709
1311	319.580	136573	0.405912
1312	319.824	220519	0.655409
1313	320.068	318139	0.945548
1314	320.312	398124	1.18327
1315	320.556	428555	1.27372
1316	320.799	392927	1.16783
1317	321.043	308229	0.916094
1318	321.287	209861	0.623732
1319	321.531	128538	0.382031
1320	321.775	75003	0.222918
1321	322.019	47614	0.141515
1322	322.263	35347	0.105056
1323	322.506	31228	0.0928134
1324	322.750	30064	0.0893539
1325	322.994	29508	0.0877014
1326	323.238	29765	0.0884652
1327	323.482	29918	0.0889199
1328	323.726	29580	0.0879154
1329	323.970	29813	0.0886079
1330	324.213	29786	0.0885276
1331	324.457	29828	0.0886524
1332	324.701	29621	0.0880372
1333	324.945	29498	0.0876716
1334	325.189	29521	0.08774
1335	325.433	29597	0.0879659
1336	325.677	29940	0.0889853
1337	325.921	29806	0.0885871
1338	326.164	29361	0.0872645
1339	326.408	29579	0.0879124
1340	326.652	29654	0.0881353
1341	326.896	29407	0.0874012
1342	327.140	29547	0.0878173
1343	327.384	29565	0.0878708
1344	327.628	29663	0.088162
1345	327.871	29532	0.0877727
1346	328.115	29959	0.0890418
1347	328.359	29487	0.0876389
1348	328.603	29511	0.0877103
1349	328.847	29250	0.0869346
1350	329.091	29918	0.0889199
1351	329.335	29830	0.0886584
1352	329.579	29685	0.0882274
1353	329.822	29831	0.0886614
1354	330.066	29756	0.0884384
1355	330.310	29783	0.0885187
1356	330.554	29816	0.0886168
1357	330.798	29914	0.088908
1358	331.042	29504	0.0876895
1359	331.286	30020	0.0892231
1360	331.529	30103	0.0894698
1361	331.773	29831	0.0886614
1362	332.017	30333	0.0901534
1363	332.261	30184	0.0897105
1364	332.505	30191	0.0897313
1365	332.749	30043	0.0892914
1366	332.993	30588	0.0909113
1367	333.236	31591	0.0938923
1368	333.480	32141	0.095527
1369	333.724	33509	0.0995928
1370	333.968	34386	0.102199
1371	334.212	34238	0.101759
1372	334.456	33857	0.100627
1373	334.700	33039	0.0981959
1374	334.944	31601	0.093922
1375	335.187	30573	0.0908667
1376	335.431	30267	0.0899572
1377	335.675	29779	0.0885068
1378	335.919	29478	0.0876122
1379	336.163	29807	0.08859
1380	336.407	29333	0.0871812
1381	336.651	29401	0.0873833
1382	336.894	29630	0.088064
1383	337.138	29575	0.0879005
1384	337.382	29459	0.0875557
1385	337.626	29974	0.0890864
1386	337.870	29611	0.0880075
1387	338.114	30027	0.0892439
1388	338.358	30088	0.0894252
1389	338.602	29754	0.0884325
1390	338.845	30092	0.0894371
1391	339.089	29425	0.0874547
1392	339.333	29264	0.0869762
1393	339.577	29403	0.0873893
1394	339.821	29068	0.0863936
1395	340.065	28780	0.0855377
1396	340.309	28651	0.0851543
1397	340.552	28552	0.08486
1398	340.796	28323	0.0841794
1399	341.040	28411	0.0844409
1400	341.284	28253	0.0839713
1401	341.528	28372	0.084325
1402	341.772	28003	0.0832283
1403	342.016	27821	0.0826874
1404	342.259	27756	0.0824942
1405	342.503	27630	0.0821197
1406	342.747	27624	0.0821019
1407	342.991	27142	0.0806693
1408	343.235	27229	0.0809279
1409	343.479	26808	0.0796766
1410	343.723	26646	0.0791951
1411	343.967	26167	0.0777715
1412	344.210	26136	0.0776794
1413	344.454	26349	0.0783124
1414	344.698	25827	0.076761
1415	344.942	26017	0.0773257
1416	345.186	25575	0.076012
1417	345.430	25498	0.0757832
1418	345.674	25755	0.076547
1419	345.917	25122	0.0746656
1420	346.161	25472	0.0757059
1421	346.405	25199	0.0748945
1422	346.649	25623	0.0761547
1423	346.893	24957	0.0741752
1424	347.137	24717	0.0734619
1425	347.381	24736	0.0735184
1426	347.624	24507	0.0728378
1427	347.868	24447	0.0726595
1428	348.112	24417	0.0725703
1429	348.356	24422	0.0725852
1430	348.600	23756	0.0706057
1431	348.844	24060	0.0715092
1432	349.088	23681	0.0703828
1433	349.332	23726	0.0705166
1434	349.575	23993	0.0713101
1435	349.819	23709	0.070466
1436	350.063	23557	0.0700143
1437	350.307	23710	0.070469
1438	350.551	23445	0.0696814
1439	350.795	23402	0.0695536
1440	351.039	23236	0.0690602
1441	351.282	23593	0.0701213
1442	351.526	23145	0.0687898
1443	351.770	23397	0.0695387
1444	352.014	23380	0.0694882
1445	352.258	23781	0.07068
1446	352.502	23423	0.069616
1447	352.746	23296	0.0692385
1448	352.990	23440	0.0696665
1449	353.233	23198	0.0689473
1450	353.477	22865	0.0679576
1451	353.721	23042	0.0684836
1452	353.965	23043	0.0684866
1453	354.209	23649	0.0702877
1454	354.453	24361	0.0724039
1455	354.697	28647	0.0851424
1456	354.940	40239	0.119595
1457	355.184	67866	0.201706
1458	355.428	124857	0.37109
1459	355.672	216226	0.64265
1460	355.916	337090	1.00187
1461	356.160	458320	1.36218
1462	356.404	536518	1.5946
1463	356.647	536847	1.59557
1464	356.891	460257	1.36794
1465	357.135	338415	1.00581
1466	357.379	214562	0.637704
1467	357.623	122131	0.362988
1468	357.867	65900	0.195863
1469	358.111	38469	0.114335
1470	358.355	27390	0.0814064
1471	358.598	23731	0.0705314
1472	358.842	22264	0.0661713
1473	359.086	21768	0.0646971
1474	359.330	22002	0.0653926
1475	359.574	21543	0.0640284
1476	359.818	21496	0.0638887
1477	360.062	21750	0.0646436
1478	360.305	21653	0.0643553
1479	360.549	21853	0.0649498
1480	360.793	21642	0.0643227
1481	361.037	21505	0.0639155
1482	361.281	21661	0.0643791
1483	361.525	21491	0.0638739
1484	361.769	21725	0.0645693
1485	362.012	21381	0.0635469
1486	362.256	21457	0.0637728
1487	362.500	21260	0.0631873
1488	362.744	21367	0.0635053
1489	362.988	21463	0.0637906
1490	363.232	21542	0.0640254
1491	363.476	21386	0.0635618
1492	363.720	21303	0.0633151
1493	363.963	20999	0.0624116
1494	364.207	21250	0.0631576
1495	364.451	21128	0.062795
1496	364.695	21375	0.0635291
1497	364.939	21281	0.0632497
1498	365.183	20880	0.0620579
1499	365.427	21265	0.0632022
1500	365.670	20875	0.062043
1501	365.914	21197	0.0630001
1502	366.158	20926	0.0621946
1503	366.402	20996	0.0624027
1504	366.646	21058	0.0625869
1505	366.890	21031	0.0625067
1506	367.134	20798	0.0618142
1507	367.378	20978	0.0623492
1508	367.621	20779	0.0617577
1509	367.865	20902	0.0621233
1510	368.109	20847	0.0619598
1511	368.353	20813	0.0618588
1512	368.597	20778	0.0617547
1513	368.841	20567	0.0611276
1514	369.085	20792	0.0617964
1515	369.328	20568	0.0611306
1516	369.572	20958	0.0622897
1517	369.816	20688	0.0614872
1518	370.060	20899	0.0621144
1519	370.304	20596	0.0612138
1520	370.548	20675	0.0614486
1521	370.792	20512	0.0609642
1522	371.035	20394	0.0606134
1523	371.279	20626	0.061303
1524	371.523	20525	0.0610028
1525	371.767	20521	0.0609909
1526	372.011	20483	0.060878
1527	372.255	20473	0.0608482
1528	372.499	20447	0.060771
1529	372.743	20283	0.0602835
1530	372.986	20344	0.0604648
1531	373.230	20685	0.0614783
1532	373.474	20081	0.0596832
1533	373.718	20448	0.0607739
1534	373.962	20475	0.0608542
1535	374.206	20507	0.0609493
1536	374.450	20268	0.060239
1537	374.693	20250	0.0601855
1538	374.937	20110	0.0597694
1539	375.181	20420	0.0606907
1540	375.425	20433	0.0607294
1541	375.669	20091	0.0597129
1542	375.913	20036	0.0595494
1543	376.157	20317	0.0603846
1544	376.401	20187	0.0599982
1545	376.644	20350	0.0604827
1546	376.888	20379	0.0605689
1547	377.132	20471	0.0608423
1548	377.376	20175	0.0599626
1549	377.620	20279	0.0602717
1550	377.864	20324	0.0604054
1551	378.108	20249	0.0601825
1552	378.351	20208	0.0600606
1553	378.595	20036	0.0595494
1554	378.839	19844	0.0589788
1555	379.083	19781	0.0587915
1556	379.327	19807	0.0588688
1557	379.571	19570	0.0581644
1558	379.815	19936	0.0592522
1559	380.058	19658	0.058426
1560	380.302	19730	0.05864
1561	380.546	19764	0.058741
1562	380.790	19839	0.0589639
1563	381.034	19398	0.0576532
1564	381.278	19699	0.0585478
1565	381.522	19580	0.0581941
1566	381.766	19873	0.059065
1567	382.009	19563	0.0581436
1568	382.253	19872	0.059062
1569	382.497	20376	0.0605599
1570	382.741	21648	0.0643405
1571	382.985	24831	0.0738007
1572	383.229	30892	0.0918148
1573	383.473	42923	0.127572
1574	383.716	58272	0.173191
1575	383.960	75989	0.225849
1576	384.204	88030	0.261636
1577	384.448	90979	0.270401
1578	384.692	83273	0.247497
1579	384.936	68300	0.202996
1580	385.180	52065	0.154744
1581	385.423	37715	0.112094
1582	385.667	28614	0.0850443
1583	385.911	23769	0.0706444
1584	386.155	22710	0.0674969
1585	386.399	23264	0.0691434
1586	386.643	24975	0.0742287
1587	386.887	26684	0.0793081
1588	387.131	28508	0.0847292
1589	387.374	29446	0.0875171
1590	387.618	28423	0.0844766
1591	387.862	27164	0.0807347
1592	388.106	24247	0.072065
1593	388.350	22580	0.0671105
1594	388.594	20942	0.0622422
1595	388.838	20009	0.0594692
1596	389.081	19765	0.058744
1597	389.325	19205	0.0570796
1598	389.569	19333	0.05746
1599	389.813	19054	0.0566308
1600	390.057	19058	0.0566427
1601	390.301	19478	0.057891
1602	390.545	19812	0.0588837
1603	390.789	20207	0.0600577
1604	391.032	20379	0.0605689
1605	391.276	20668	0.0614278
1606	391.520	21161	0.0628931
1607	391.764	20904	0.0621292
1608	392.008	20634	0.0613268
1609	392.252	20238	0.0601498
1610	392.496	19772	0.0587648
1611	392.739	19303	0.0573709
1612	392.983	19155	0.056931
1613	393.227	19085	0.0567229
1614	393.471	18875	0.0560988
1615	393.715	18584	0.0552339
1616	393.959	18522	0.0550496
1617	394.203	18662	0.0554657
1618	394.446	18757	0.0557481
1619	394.690	18517	0.0550348
1620	394.934	18349	0.0545355
1621	395.178	18554	0.0551447
1622	395.422	18470	0.0548951
1623	395.666	18345	0.0545236
1624	395.910	18658	0.0554538
1625	396.154	18527	0.0550645
1626	396.397	18208	0.0541164
1627	396.641	18273	0.0543096
1628	396.885	18821	0.0559383
1629	397.129	18333	0.0544879
1630	397.373	18230	0.0541818
1631	397.617	18485	0.0549397
1632	397.861	18540	0.0551031
1633	398.104	18056	0.0536646
1634	398.348	18158	0.0539678
1635	398.592	18458	0.0548594
1636	398.836	18542	0.0551091
1637	399.080	18272	0.0543066
1638	399.324	18376	0.0546157
1639	399.568	18298	0.0543839
1640	399.811	18066	0.0536943
1641	400.055	18314	0.0544314
1642	400.299	18107	0.0538162
1643	400.543	17963	0.0533882
1644	400.787	18443	0.0548148
1645	401.031	18016	0.0535457
1646	401.275	18125	0.0538697
1647	401.519	18092	0.0537716
1648	401.762	18111	0.0538281
1649	402.006	17977	0.0534298
1650	402.250	17990	0.0534685
1651	402.494	18164	0.0539856
1652	402.738	18096	0.0537835
1653	402.982	18049	0.0536438
1654	403.226	18136	0.0539024
1655	403.469	18315	0.0544344
1656	403.713	18180	0.0540332
1657	403.957	18013	0.0535368
1658	404.201	17945	0.0533347
1659	404.445	18068	0.0537003
1660	404.689	17989	0.0534655
1661	404.933	18055	0.0536617
1662	405.177	18056	0.0536646
1663	405.420	18133	0.0538935
1664	405.664	17965	0.0533942
1665	405.908	18174	0.0540153
1666	406.152	18082	0.0537419
1667	406.396	18273	0.0543096
1668	406.640	18022	0.0535636
1669	406.884	18059	0.0536735
1670	407.127	18058	0.0536706
1671	407.371	18277	0.0543215
1672	407.615	18057	0.0536676
1673	407.859	17865	0.053097
1674	408.103	17775	0.0528295
1675	408.347	17876	0.0531296
1676	408.591	17783	0.0528532
1677	408.834	17704	0.0526184
1678	409.078	17800	0.0529038
1679	409.322	18034	0.0535992
1680	409.566	17925	0.0532753
1681	409.810	18010	0.0535279
1682	410.054	17861	0.0530851
1683	410.298	17895	0.0531861
1684	410.542	17736	0.0527135
1685	410.785	17849	0.0530494
1686	411.029	17662	0.0524936
1687	411.273	17879	0.0531386
1688	411.517	17786	0.0528622
1689	411.761	17847	0.0530435
1690	412.005	17898	0.053195
1691	412.249	17744	0.0527373
1692	412.492	17924	0.0532723
1693	412.736	17793	0.052883
1694	412.980	17702	0.0526125
1695	413.224	17761	0.0527878
1696	413.468	18005	0.053513
1697	413.712	18010	0.0535279
1698	413.956	18058	0.0536706
1699	414.199	18275	0.0543155
1700	414.443	18449	0.0548327
1701	414.687	18489	0.0549516
1702	414.931	19020	0.0565298
1703	415.175	19103	0.0567764
1704	415.419	18717	0.0556292
1705	415.663	18818	0.0559294
1706	415.907	18363	0.0545771
1707	416.150	18320	0.0544493
1708	416.394	18096	0.0537835
1709	416.638	17916	0.0532485
1710	416.882	17687	0.0525679
1711	417.126	17662	0.0524936
1712	417.370	17854	0.0530643
1713	417.614	17898	0.053195
1714	417.857	17831	0.0529959
1715	418.101	17544	0.0521429
1716	418.345	17803	0.0529127
1717	418.589	17572	0.0522261
1718	418.833	17954	0.0533615
1719	419.077	17980	0.0534387
1720	419.321	18124	0.0538667
1721	419.565	18017	0.0535487
1722	419.808	17949	0.0533466
1723	420.052	17913	0.0532396
1724	420.296	18019	0.0535547
1725	420.540	17884	0.0531534
1726	420.784	17768	0.0528087
1727	421.028	17889	0.0531683
1728	421.272	17789	0.0528711
1729	421.515	17739	0.0527225
1730	421.759	17715	0.0526511
1731	422.003	17500	0.0520121
1732	422.247	17851	0.0530553
1733	422.491	17766	0.0528027
1734	422.735	17868	0.0531059
1735	422.979	17983	0.0534477
1736	423.222	17654	0.0524698
1737	423.466	17969	0.0534061
1738	423.710	18023	0.0535665
1739	423.954	17934	0.053302
1740	424.198	17647	0.052449
1741	424.442	17867	0.0531029
1742	424.686	17662	0.0524936
1743	424.930	17699	0.0526036
1744	425.173	17576	0.052238
1745	425.417	17786	0.0528622
1746	425.661	17574	0.0522321
1747	425.905	17656	0.0524758
1748	426.149	17748	0.0527492
1749	426.393	17726	0.0526838
1750	426.637	17708	0.0526303
1751	426.880	17665	0.0525025
1752	427.124	17929	0.0532872
1753	427.368	17673	0.0525263
1754	427.612	17843	0.0530316
1755	427.856	17515	0.0520567
1756	428.100	17636	0.0524163
1757	428.344	17800	0.0529038
1758	428.588	17888	0.0531653
1759	428.831	17695	0.0525917
1760	429.075	17872	0.0531178
1761	429.319	18068	0.0537003
1762	429.563	17691	0.0525798
1763	429.807	17655	0.0524728
1764	430.051	17543	0.0521399
1765	430.295	17662	0.0524936
1766	430.538	17610	0.0523391
1767	430.782	17817	0.0529543
1768	431.026	17548	0.0521548
1769	431.270	17486	0.0519705
1770	431.514	17836	0.0530108
1771	431.758	17578	0.052244
1772	432.002	17681	0.0525501
1773	432.245	17873	0.0531207
1774	432.489	17590	0.0522796
1775	432.733	17548	0.0521548
1776	432.977	17601	0.0523123
1777	433.221	17683	0.052556
1778	433.465	17488	0.0519765
1779	433.709	17656	0.0524758
1780	433.953	17560	0.0521905
1781	434.196	17780	0.0528443
1782	434.440	17621	0.0523718
1783	434.684	17868	0.0531059
1784	434.928	17583	0.0522588
1785	435.172	17687	0.0525679
1786	435.416	18046	0.0536349
1787	435.660	17754	0.052767
1788	435.903	18020	0.0535576
1789	436.147	18322	0.0544552
1790	436.391	18433	0.0547851
1791	436.635	19323	0.0574303
1792	436.879	20200	0.0600369
1793	437.123	21395	0.0635885
1794	437.367	22417	0.066626
1795	437.610	22405	0.0665904
1796	437.854	22142	0.0658087
1797	438.098	21263	0.0631962
1798	438.342	19855	0.0590115
1799	438.586	19058	0.0566427
1800	438.830	18367	0.054589
1801	439.074	18103	0.0538043
1802	439.318	17660	0.0524877
1803	439.561	17725	0.0526809
1804	439.805	17685	0.052562
1805	440.049	17657	0.0524787
1806	440.293	17875	0.0531267
1807	440.537	17635	0.0524134
1808	440.781	17786	0.0528622
1809	441.025	17771	0.0528176
1810	441.268	17708	0.0526303
1811	441.512	17941	0.0533228
1812	441.756	17878	0.0531356
1813	442.000	17886	0.0531594
1814	442.244	18049	0.0536438
1815	442.488	17802	0.0529097
1816	442.732	17778	0.0528384
1817	442.976	17825	0.0529781
1818	443.219	17839	0.0530197
1819	443.463	17788	0.0528681
1820	443.707	17906	0.0532188
1821	443.951	17883	0.0531504
1822	444.195	17955	0.0533644
1823	444.439	17897	0.0531921
1824	444.683	17964	0.0533912
1825	444.926	17992	0.0534744
1826	445.170	17813	0.0529424
1827	445.414	17896	0.0531891
1828	445.658	17831	0.0529959
1829	445.902	17853	0.0530613
1830	446.146	18001	0.0535012
1831	446.390	17749	0.0527522
1832	446.633	17901	0.0532039
1833	446.877	18149	0.053941
1834	447.121	17865	0.053097
1835	447.365	17900	0.053201
1836	447.609	17907	0.0532218
1837	447.853	17851	0.0530553
1838	448.097	17934	0.053302
1839	448.341	17867	0.0531029
1840	448.584	18012	0.0535339
1841	448.828	18137	0.0539054
1842	449.072	17853	0.0530613
1843	449.316	17926	0.0532783
1844	449.560	17896	0.0531891
1845	449.804	17861	0.0530851
1846	450.048	18042	0.053623
1847	450.291	18099	0.0537924
1848	450.535	17973	0.0534179
1849	450.779	18325	0.0544641
1850	451.023	17878	0.0531356
1851	451.267	18115	0.05384
1852	451.511	18181	0.0540361
1853	451.755	18260	0.0542709
1854	451.998	17980	0.0534387
1855	452.242	18112	0.0538311
1856	452.486	18034	0.0535992
1857	452.730	18094	0.0537776
1858	452.974	17948	0.0533436
1859	453.218	18043	0.053626
1860	453.462	18399	0.0546841
1861	453.706	18081	0.0537389
1862	453.949	18438	0.0548
1863	454.193	18310	0.0544195
1864	454.437	18100	0.0537954
1865	454.681	18114	0.053837
1866	454.925	18118	0.0538489
1867	455.169	18216	0.0541402
1868	455.413	18170	0.0540034
1869	455.656	18382	0.0546335
1870	455.900	18238	0.0542056
1871	456.144	18144	0.0539262
1872	456.388	18204	0.0541045
1873	456.632	18224	0.0541639
1874	456.876	18423	0.0547554
1875	457.120	18200	0.0540926
1876	457.364	18268	0.0542947
1877	457.607	18285	0.0543452
1878	457.851	18153	0.0539529
1879	458.095	18088	0.0537597
1880	458.339	18266	0.0542888
1881	458.583	18358	0.0545622
1882	458.827	18314	0.0544314
1883	459.071	18256	0.0542591
1884	459.314	18232	0.0541877
1885	459.558	18308	0.0544136
1886	459.802	18192	0.0540688
1887	460.046	18067	0.0536973
1888	460.290	18015	0.0535428
1889	460.534	18078	0.05373
1890	460.778	18197	0.0540837
1891	461.021	18184	0.0540451
1892	461.265	18327	0.0544701
1893	461.509	18277	0.0543215
1894	461.753	18292	0.054366
1895	461.997	18188	0.0540569
1896	462.241	18493	0.0549634
1897	462.485	18205	0.0541075
1898	462.729	18398	0.0546811
1899	462.972	18410	0.0547168
1900	463.216	18288	0.0543542
1901	463.460	18352	0.0545444
1902	463.704	18522	0.0550496
1903	463.948	18316	0.0544374
1904	464.192	18073	0.0537152
1905	464.436	18467	0.0548862
1906	464.679	18308	0.0544136
1907	464.923	18555	0.0551477
1908	465.167	18297	0.0543809
1909	465.411	18067	0.0536973
1910	465.655	18286	0.0543482
1911	465.899	18230	0.0541818
1912	466.143	18629	0.0553677
1913	466.386	18024	0.0535695
1914	466.630	18366	0.054586
1915	466.874	18369	0.0545949
1916	467.118	18712	0.0556143
1917	467.362	18602	0.0552874
1918	467.606	18302	0.0543958
1919	467.850	18308	0.0544136
1920	468.094	18560	0.0551626
1921	468.337	18415	0.0547316
1922	468.581	18376	0.0546157
1923	468.825	18434	0.0547881
1924	469.069	18602	0.0552874
1925	469.313	18187	0.054054
1926	469.557	18285	0.0543452
1927	469.801	18341	0.0545117
1928	470.044	18194	0.0540748
1929	470.288	18505	0.0549991
1930	470.532	18328	0.054473
1931	470.776	18383	0.0546365
1932	471.020	18413	0.0547257
1933	471.264	18393	0.0546662
1934	471.508	17997	0.0534893
1935	471.752	18278	0.0543244
1936	471.995	18118	0.0538489
1937	472.239	18449	0.0548327
1938	472.483	18386	0.0546454
1939	472.727	18215	0.0541372
1940	472.971	18033	0.0535963
1941	473.215	18053	0.0536557
1942	473.459	18219	0.0541491
1943	473.702	18330	0.054479
1944	473.946	18019	0.0535547
1945	474.190	18059	0.0536735
1946	474.434	17808	0.0529275
1947	474.678	18080	0.053736
1948	474.922	17906	0.0532188
1949	475.166	17823	0.0529721
1950	475.409	17933	0.0532991
1951	475.653	17787	0.0528651
1952	475.897	17634	0.0524104
1953	476.141	17574	0.0522321
1954	476.385	17680	0.0525471
1955	476.629	17495	0.0519973
1956	476.873	17568	0.0522142
1957	477.117	17314	0.0514593
1958	477.360	17084	0.0507757
1959	477.604	17370	0.0516258
1960	477.848	17023	0.0505944
1961	478.092	17073	0.050743
1962	478.336	16845	0.0500654
1963	478.580	16919	0.0502853
1964	478.824	16775	0.0498573
1965	479.067	16740	0.0497533
1966	479.311	16594	0.0493194
1967	479.555	16652	0.0494918
1968	479.799	16625	0.0494115
1969	480.043	16471	0.0489538
1970	480.287	16224	0.0482197
1971	480.531	16188	0.0481127
1972	480.775	16258	0.0483208
1973	481.018	16207	0.0481692
1974	481.262	16085	0.0478066
1975	481.506	16073	0.0477709
1976	481.750	16078	0.0477858
1977	481.994	15985	0.0475094
1978	482.238	15887	0.0472181
1979	482.482	15972	0.0474707
1980	482.725	15571	0.0462789
1981	482.969	15865	0.0471527
1982	483.213	15648	0.0465078
1983	483.457	15703	0.0466712
1984	483.701	15758	0.0468347
1985	483.945	15742	0.0467871
1986	484.189	15678	0.0465969
1987	484.432	15713	0.0467009
1988	484.676	15556	0.0462343
1989	484.920	15465	0.0459639
1990	485.164	15532	0.046163
1991	485.408	15427	0.0458509
1992	485.652	15264	0.0453665
1993	485.896	15417	0.0458212
1994	486.140	15468	0.0459728
1995	486.383	15395	0.0457558
1996	486.627	15263	0.0453635
1997	486.871	15240	0.0452951
1998	487.115	15286	0.0454318
1999	487.359	15349	0.0456191
2000	487.603	15321	0.0455359
2001	487.847	15388	0.045735
2002	488.090	15123	0.0449474
2003	488.334	15075	0.0448047
2004	488.578	15246	0.045313
2005	488.822	15379	0.0457083
2006	489.066	15183	0.0451257
2007	489.310	15185	0.0451317
2008	489.554	15005	0.0445967
2009	489.797	15103	0.044888
2010	490.041	15095	0.0448642
2011	490.285	15112	0.0449147
2012	490.529	15020	0.0446413
2013	490.773	15375	0.0456964
2014	491.017	15174	0.045099
2015	491.261	15156	0.0450455
2016	491.505	15239	0.0452922
2017	491.748	14978	0.0445164
2018	491.992	14974	0.0445045
2019	492.236	15094	0.0448612
2020	492.480	15177	0.0451079
2021	492.724	14922	0.04435
2022	492.968	14888	0.0442489
2023	493.212	15141	0.0450009
2024	493.455	15142	0.0450039
2025	493.699	15022	0.0446472
2026	493.943	15065	0.044775
2027	494.187	14842	0.0441122
2028	494.431	14958	0.044457
2029	494.675	14792	0.0439636
2030	494.919	15077	0.0448107
2031	495.163	14954	0.0444451
2032	495.406	14917	0.0443351
2033	495.650	14842	0.0441122
2034	495.894	15117	0.0449296
2035	496.138	14987	0.0445432
2036	496.382	15098	0.0448731
2037	496.626	14865	0.0441806
2038	496.870	14810	0.0440171
2039	497.113	14799	0.0439844
2040	497.357	15046	0.0447185
2041	497.601	14853	0.0441449
2042	497.845	15069	0.0447869
2043	498.089	14839	0.0441033
2044	498.333	14756	0.0438566
2045	498.577	15034	0.0446829
2046	498.820	14947	0.0444243
2047	499.064	14795	0.0439725
2048	499.308	15049	0.0447275
2049	499.552	14911	0.0443173
2050	499.796	14796	0.0439755
2051	500.040	14738	0.0438031
2052	500.284	14982	0.0445283
2053	500.528	14963	0.0444719
2054	500.771	14836	0.0440944
2055	501.015	14889	0.0442519
2056	501.259	14892	0.0442608
2057	501.503	14818	0.0440409
2058	501.747	14686	0.0436486
2059	501.991	14695	0.0436753
2060	502.235	14646	0.0435297
2061	502.478	14834	0.0440885
2062	502.722	14818	0.0440409
2063	502.966	14552	0.0432503
2064	503.210	14734	0.0437912
2065	503.454	14857	0.0441568
2066	503.698	14683	0.0436397
2067	503.942	14944	0.0444154
2068	504.185	14832	0.0440825
2069	504.429	14867	0.0441865
2070	504.673	14989	0.0445491
2071	504.917	14696	0.0436783
2072	505.161	14888	0.0442489
2073	505.405	14634	0.043494
2074	505.649	14608	0.0434168
2075	505.893	14720	0.0437496
2076	506.136	14487	0.0430571
2077	506.380	14529	0.043182
2078	506.624	14629	0.0434792
2079	506.868	14490	0.043066
2080	507.112	14701	0.0436932
2081	507.356	14897	0.0442757
2082	507.600	14760	0.0438685
2083	507.843	14807	0.0440082
2084	508.087	14944	0.0444154
2085	508.331	15082	0.0448255
2086	508.575	15085	0.0448345
2087	508.819	15359	0.0456488
2088	509.063	15433	0.0458688
2089	509.307	16003	0.0475629
2090	509.551	16219	0.0482048
2091	509.794	17498	0.0520062
2092	510.038	18715	0.0556233
2093	510.282	20136	0.0598466
2094	510.526	21386	0.0635618
2095	510.770	23029	0.068445
2096	511.014	24045	0.0714647
2097	511.258	25188	0.0748618
2098	511.501	26007	0.077296
2099	511.745	26309	0.0781935
2100	511.989	26186	0.077828
2101	512.233	25763	0.0765708
2102	512.477	26618	0.0791119
2103	512.721	30121	0.0895233
2104	512.965	42340	0.12584
2105	513.208	72268	0.214789
2106	513.452	133924	0.398038
2107	513.696	238497	0.708842
2108	513.940	386455	1.14859
2109	514.184	553270	1.64439
2110	514.428	691541	2.05534
2111	514.672	753153	2.23846
2112	514.916	715115	2.12541
2113	515.159	589582	1.75231
2114	515.403	422570	1.25593
2115	515.647	265468	0.789003
2116	515.891	147552	0.438542
2117	516.135	75454	0.224258
2118	516.379	38677	0.114953
2119	516.623	22942	0.0681864
2120	516.866	17132	0.0509184
2121	517.110	15386	0.0457291
2122	517.354	14660	0.0435713
2123	517.598	14508	0.0431195
2124	517.842	14480	0.0430363
2125	518.086	14545	0.0432295
2126	518.330	14575	0.0433187
2127	518.573	14446	0.0429353
2128	518.817	14124	0.0419782
2129	519.061	14289	0.0424686
2130	519.305	14265	0.0423973
2131	519.549	14229	0.0422903
2132	519.793	14198	0.0421982
2133	520.037	14032	0.0417048
2134	520.281	14145	0.0420407
2135	520.524	13912	0.0413482
2136	520.768	13882	0.041259
2137	521.012	13944	0.0414433
2138	521.256	14044	0.0417405
2139	521.500	13983	0.0415592
2140	521.744	13931	0.0414046
2141	521.988	13938	0.0414254
2142	522.231	14135	0.0420109
2143	522.475	14072	0.0418237
2144	522.719	13810	0.041045
2145	522.963	14258	0.0423765
2146	523.207	14094	0.0418891
2147	523.451	14004	0.0416216
2148	523.695	14155	0.0420704
2149	523.939	14277	0.042433
2150	524.182	14245	0.0423379
2151	524.426	14331	0.0425935
2152	524.670	14335	0.0426054
2153	524.914	14347	0.042641
2154	525.158	14546	0.0432325
2155	525.402	14489	0.0430631
2156	525.646	14763	0.0438774
2157	525.889	14774	0.0439101
2158	526.133	14823	0.0440558
2159	526.377	14971	0.0444956
2160	526.621	14849	0.044133
2161	526.865	15057	0.0447512
2162	527.109	15399	0.0457677
2163	527.353	15587	0.0463265
2164	527.596	15985	0.0475094
2165	527.840	16131	0.0479433
2166	528.084	15831	0.0470517
2167	528.328	15619	0.0464216
2168	528.572	15360	0.0456518
2169	528.816	14704	0.0437021
2170	529.060	14650	0.0435416
2171	529.304	14437	0.0429085
2172	529.547	14329	0.0425875
2173	529.791	14021	0.0416721
2174	530.035	14121	0.0419693
2175	530.279	13921	0.0413749
2176	530.523	13494	0.0401058
2177	530.767	13592	0.0403971
2178	531.011	13563	0.0403109
2179	531.254	13436	0.0399334
2180	531.498	13529	0.0402098
2181	531.742	13683	0.0406675
2182	531.986	13468	0.0400285
2183	532.230	13659	0.0405962
2184	532.474	13418	0.0398799
2185	532.718	13381	0.03977
2186	532.962	13379	0.039764
2187	533.205	13637	0.0405308
2188	533.449	13313	0.0395679
2189	533.693	13476	0.0400523
2190	533.937	13442	0.0399513
2191	534.181	13539	0.0402396
2192	534.425	13444	0.0399572
2193	534.669	13443	0.0399542
2194	534.912	13459	0.0400018
2195	535.156	13211	0.0392647
2196	535.400	13372	0.0397432
2197	535.644	13466	0.0400226
2198	535.888	13328	0.0396124
2199	536.132	13380	0.039767
2200	536.376	13201	0.039235
2201	536.619	13580	0.0403614
2202	536.863	13437	0.0399364
2203	537.107	13382	0.0397729
2204	537.351	13552	0.0402782
2205	537.595	13518	0.0401771
2206	537.839	13208	0.0392558
2207	538.083	13096	0.0389229
2208	538.327	13354	0.0396897
2209	538.570	13081	0.0388783
2210	538.814	13108	0.0389586
2211	539.058	13311	0.0395619
2212	539.302	13289	0.0394965
2213	539.546	13232	0.0393271
2214	539.790	13188	0.0391963
2215	540.034	13193	0.0392112
2216	540.277	13153	0.0390923
2217	540.521	13058	0.03881
2218	540.765	13233	0.0393301
2219	541.009	12989	0.0386049
2220	541.253	13192	0.0392082
2221	541.497	13137	0.0390448
2222	541.741	12987	0.0385989
2223	541.984	13330	0.0396184
2224	542.228	13150	0.0390834
2225	542.472	13009	0.0386643
2226	542.716	13086	0.0388932
2227	542.960	13173	0.0391518
2228	543.204	12975	0.0385633
2229	543.448	13253	0.0393895
2230	543.692	13082	0.0388813
2231	543.935	13052	0.0387921
2232	544.179	13049	0.0387832
2233	544.423	12992	0.0386138
2234	544.667	12979	0.0385752
2235	544.911	12924	0.0384117
2236	545.155	12969	0.0385454
2237	545.399	13090	0.0389051
2238	545.642	13119	0.0389913
2239	545.886	13066	0.0388337
2240	546.130	12924	0.0384117
2241	546.374	13059	0.0388129
2242	546.618	13090	0.0389051
2243	546.862	13103	0.0389437
2244	547.106	13097	0.0389259
2245	547.350	13336	0.0396362
2246	547.593	13006	0.0386554
2247	547.837	12938	0.0384533
2248	548.081	12944	0.0384711
2249	548.325	12897	0.0383315
2250	548.569	13110	0.0389645
2251	548.813	12985	0.038593
2252	549.057	12769	0.037951
2253	549.300	12925	0.0384147
2254	549.544	12966	0.0385365
2255	549.788	13112	0.0389705
2256	550.032	12999	0.0386346
2257	550.276	13052	0.0387921
2258	550.520	13048	0.0387802
2259	550.764	13065	0.0388308
2260	551.007	13010	0.0386673
2261	551.251	12821	0.0381056
2262	551.495	13081	0.0388783
2263	551.739	13048	0.0387802
2264	551.983	13112	0.0389705
2265	552.227	12899	0.0383374
2266	552.471	12925	0.0384147
2267	552.715	13032	0.0387327
2268	552.958	13063	0.0388248
2269	553.202	12928	0.0384236
2270	553.446	12978	0.0385722
2271	553.690	13065	0.0388308
2272	553.934	12929	0.0384266
2273	554.178	13129	0.039021
2274	554.422	13017	0.0386881
2275	554.665	12825	0.0381175
2276	554.909	12887	0.0383017
2277	555.153	13015	0.0386822
2278	555.397	12960	0.0385187
2279	555.641	12840	0.038162
2280	555.885	12878	0.038275
2281	556.129	13007	0.0386584
2282	556.372	12852	0.0381977
2283	556.616	12700	0.0377459
2284	556.860	12949	0.038486
2285	557.104	12826	0.0381204
2286	557.348	12919	0.0383968
2287	557.592	12939	0.0384563
2288	557.836	12842	0.038168
2289	558.080	12879	0.038278
2290	558.323	13119	0.0389913
2291	558.567	13016	0.0386851
2292	558.811	12764	0.0379362
2293	559.055	12921	0.0384028
2294	559.299	13042	0.0387624
2295	559.543	12828	0.0381264
2296	559.787	12836	0.0381502
2297	560.030	12972	0.0385544
2298	560.274	13084	0.0388872
2299	560.518	12998	0.0386316
2300	560.762	13047	0.0387773
2301	561.006	13049	0.0387832
2302	561.250	12807	0.038064
2303	561.494	13085	0.0388902
2304	561.738	12637	0.0375587
2305	561.981	12997	0.0386287
2306	562.225	12866	0.0382393
2307	562.469	12857	0.0382126
2308	562.713	13123	0.0390032
2309	562.957	13043	0.0387654
2310	563.201	12782	0.0379897
2311	563.445	13002	0.0386435
2312	563.688	12788	0.0380075
2313	563.932	13122	0.0390002
2314	564.176	12833	0.0381412
2315	564.420	12994	0.0386197
2316	564.664	12766	0.0379421
2317	564.908	12908	0.0383641
2318	565.152	12744	0.0378767
2319	565.395	12898	0.0383344
2320	565.639	13016	0.0386851
2321	565.883	12772	0.0379599
2322	566.127	12959	0.0385157
2323	566.371	12873	0.0382601
2324	566.615	12701	0.0377489
2325	566.859	12826	0.0381204
2326	567.103	12731	0.0378381
2327	567.346	12797	0.0380342
2328	567.590	12812	0.0380788
2329	567.834	12773	0.0379629
2330	568.078	12762	0.0379302
2331	568.322	12901	0.0383433
2332	568.566	13073	0.0388545
2333	568.810	12969	0.0385454
2334	569.053	12964	0.0385306
2335	569.297	13066	0.0388337
2336	569.541	12790	0.0380134
2337	569.785	12853	0.0382007
2338	570.029	13018	0.0386911
2339	570.273	12989	0.0386049
2340	570.517	13086	0.0388932
2341	570.761	12962	0.0385246
2342	571.004	12711	0.0377786
2343	571.248	12843	0.038171
2344	571.492	13035	0.0387416
2345	571.736	12923	0.0384087
2346	571.980	12894	0.0383225
2347	572.224	12827	0.0381234
2348	572.468	12967	0.0385395
2349	572.711	12932	0.0384355
2350	572.955	13001	0.0386406
2351	573.199	12856	0.0382096
2352	573.443	13000	0.0386376
2353	573.687	12975	0.0385633
2354	573.931	13060	0.0388159
2355	574.175	12845	0.0381769
2356	574.418	12711	0.0377786
2357	574.662	12951	0.0384919
2358	574.906	12880	0.0382809
2359	575.150	12973	0.0385573
2360	575.394	12846	0.0381799
2361	575.638	13012	0.0386732
2362	575.882	12693	0.0377251
2363	576.126	13140	0.0390537
2364	576.369	12913	0.038379
2365	576.613	13029	0.0387238
2366	576.857	13023	0.0387059
2367	577.101	13041	0.0387594
2368	577.345	12980	0.0385781
2369	577.589	12937	0.0384503
2370	577.833	12998	0.0386316
2371	578.076	12923	0.0384087
2372	578.320	12810	0.0380729
2373	578.564	12886	0.0382988
2374	578.808	13127	0.039015
2375	579.052	12937	0.0384503
2376	579.296	13136	0.0390418
2377	579.540	13191	0.0392053
2378	579.783	13203	0.0392409
2379	580.027	12934	0.0384414
2380	580.271	12936	0.0384474
2381	580.515	13052	0.0387921
2382	580.759	13011	0.0386703
2383	581.003	13167	0.0391339
2384	581.247	13080	0.0388753
2385	581.491	13100	0.0389348
2386	581.734	13168	0.0391369
2387	581.978	13183	0.0391815
2388	582.222	12918	0.0383939
2389	582.466	12956	0.0385068
2390	582.710	13106	0.0389526
2391	582.954	13030	0.0387267
2392	583.198	13153	0.0390923
2393	583.441	12863	0.0382304
2394	583.685	13104	0.0389467
2395	583.929	12964	0.0385306
2396	584.173	13041	0.0387594
2397	584.417	13105	0.0389497
2398	584.661	13119	0.0389913
2399	584.905	13296	0.0395173
2400	585.149	13115	0.0389794
2401	585.392	13036	0.0387446
2402	585.636	13213	0.0392706
2403	585.880	13095	0.0389199
2404	586.124	12938	0.0384533
2405	586.368	13269	0.0394371
2406	586.612	12895	0.0383255
2407	586.856	13154	0.0390953
2408	587.099	13051	0.0387892
2409	587.343	13120	0.0389942
2410	587.587	13190	0.0392023
2411	587.831	13165	0.039128
2412	588.075	13197	0.0392231
2413	588.319	12970	0.0385484
2414	588.563	13015	0.0386822
2415	588.806	13313	0.0395679
2416	589.050	13333	0.0396273
2417	589.294	13207	0.0392528
2418	589.538	13351	0.0396808
2419	589.782	13105	0.0389497
2420	590.026	13057	0.038807
2421	590.270	13270	0.0394401
2422	590.514	13221	0.0392944
2423	590.757	13452	0.039981
2424	591.001	13210	0.0392617
2425	591.245	13146	0.0390715
2426	591.489	13292	0.0395054
2427	591.733	13347	0.0396689
2428	591.977	13298	0.0395233
2429	592.221	13211	0.0392647
2430	592.464	13272	0.039446
2431	592.708	13413	0.0398651
2432	592.952	13290	0.0394995
2433	593.196	13254	0.0393925
2434	593.440	13417	0.039877
2435	593.684	13188	0.0391963
2436	593.928	13404	0.0398383
2437	594.171	13279	0.0394668
2438	594.415	13272	0.039446
2439	594.659	13417	0.039877
2440	594.903	13198	0.0392261
2441	595.147	13062	0.0388219
2442	595.391	13391	0.0397997
2443	595.635	13270	0.0394401
2444	595.879	13328	0.0396124
2445	596.122	13345	0.039663
2446	596.366	13361	0.0397105
2447	596.610	13446	0.0399631
2448	596.854	13445	0.0399602
2449	597.098	13328	0.0396124
2450	597.342	13212	0.0392677
2451	597.586	13307	0.03955
2452	597.829	13393	0.0398056
2453	598.073	13368	0.0397313
2454	598.317	13561	0.0403049
2455	598.561	13431	0.0399186
2456	598.805	13238	0.0393449
2457	599.049	13417	0.039877
2458	599.293	13377	0.0397581
2459	599.537	13497	0.0401147
2460	599.780	13467	0.0400256
2461	600.024	13620	0.0404803
2462	600.268	13458	0.0399988
2463	600.512	13528	0.0402069
2464	600.756	13407	0.0398472
2465	601.000	13339	0.0396451
2466	601.244	13610	0.0404506
2467	601.487	13602	0.0404268
2468	601.731	13544	0.0402544
2469	601.975	13549	0.0402693
2470	602.219	13358	0.0397016
2471	602.463	13460	0.0400048
2472	602.707	13494	0.0401058
2473	602.951	13521	0.0401861
2474	603.194	13439	0.0399423
2475	603.438	13767	0.0409172
2476	603.682	13515	0.0401682
2477	603.926	13652	0.0405754
2478	604.170	13427	0.0399067
2479	604.414	13487	0.040085
2480	604.658	13650	0.0405695
2481	604.902	13771	0.0409291
2482	605.145	13663	0.0406081
2483	605.389	13435	0.0399305
2484	605.633	13740	0.0408369
2485	605.877	13794	0.0409974
2486	606.121	13889	0.0412798
2487	606.365	13775	0.040941
2488	606.609	13703	0.040727
2489	606.852	13886	0.0412709
2490	607.096	13712	0.0407537
2491	607.340	13989	0.041577
2492	607.584	13903	0.0413214
2493	607.828	13610	0.0404506
2494	608.072	13816	0.0410628
2495	608.316	13714	0.0407597
2496	608.559	13588	0.0403852
2497	608.803	13816	0.0410628
2498	609.047	13545	0.0402574
2499	609.291	13920	0.0413719
2500	609.535	13569	0.0403287
2501	609.779	14007	0.0416305
2502	610.023	13968	0.0415146
2503	610.267	13811	0.041048
2504	610.510	13878	0.0412471
2505	610.754	13753	0.0408756
2506	610.998	14104	0.0419188
2507	611.242	13847	0.041155
2508	611.486	13832	0.0411104
2509	611.730	13955	0.041476
2510	611.974	13944	0.0414433
2511	612.217	13898	0.0413065
2512	612.461	13783	0.0409648
2513	612.705	13883	0.041262
2514	612.949	13798	0.0410093
2515	613.193	13758	0.0408904
2516	613.437	14052	0.0417643
2517	613.681	14092	0.0418831
2518	613.925	13803	0.0410242
2519	614.168	13892	0.0412887
2520	614.412	13865	0.0412085
2521	614.656	13816	0.0410628
2522	614.900	13853	0.0411728
2523	615.144	14028	0.0416929
2524	615.388	14059	0.0417851
2525	615.632	13950	0.0414611
2526	615.875	14297	0.0424924
2527	616.119	13924	0.0413838
2528	616.363	14100	0.0419069
2529	616.607	13886	0.0412709
2530	616.851	14089	0.0418742
2531	617.095	14207	0.0422249
2532	617.339	14026	0.041687
2533	617.582	14156	0.0420734
2534	617.826	13898	0.0413065
2535	618.070	14292	0.0424776
2536	618.314	14311	0.042534
2537	618.558	14173	0.0421239
2538	618.802	14019	0.0416662
2539	619.046	14132	0.042002
2540	619.290	14376	0.0427272
2541	619.533	14251	0.0423557
2542	619.777	14220	0.0422636
2543	620.021	14355	0.0426648
2544	620.265	14347	0.042641
2545	620.509	14259	0.0423795
2546	620.753	14151	0.0420585
2547	620.997	14438	0.0429115
2548	621.240	14413	0.0428372
2549	621.484	14253	0.0423616
2550	621.728	14140	0.0420258
2551	621.972	14421	0.042861
2552	622.216	14219	0.0422606
2553	622.460	14465	0.0429917
2554	622.704	14231	0.0422963
2555	622.948	14211	0.0422368
2556	623.191	14265	0.0423973
2557	623.435	14350	0.0426499
2558	623.679	14395	0.0427837
2559	623.923	14385	0.042754
2560	624.167	14293	0.0424805
2561	624.411	14691	0.0436634
2562	624.655	14448	0.0429412
2563	624.898	14235	0.0423081
2564	625.142	14421	0.042861
2565	625.386	14689	0.0436575
2566	625.630	14497	0.0430868
2567	625.874	14486	0.0430542
2568	626.118	14499	0.0430928
2569	626.362	14515	0.0431403
2570	626.605	14426	0.0428758
2571	626.849	14592	0.0433692
2572	627.093	14511	0.0431285
2573	627.337	14265	0.0423973
2574	627.581	14622	0.0434584
2575	627.825	14425	0.0428729
2576	628.069	14592	0.0433692
2577	628.313	14539	0.0432117
2578	628.556	14520	0.0431552
2579	628.800	14766	0.0438863
2580	629.044	14666	0.0435891
2581	629.288	14616	0.0434405
2582	629.532	14693	0.0436694
2583	629.776	14593	0.0433722
2584	630.020	14610	0.0434227
2585	630.263	14650	0.0435416
2586	630.507	14791	0.0439606
2587	630.751	14797	0.0439785
2588	630.995	14657	0.0435624
2589	631.239	14810	0.0440171
2590	631.483	14735	0.0437942
2591	631.727	14787	0.0439488
2592	631.970	14725	0.0437645
2593	632.214	14929	0.0443708
2594	632.458	14951	0.0444362
2595	632.702	14992	0.044558
2596	632.946	14812	0.0440231
2597	633.190	14827	0.0440676
2598	633.434	14640	0.0435119
2599	633.678	15084	0.0448315
2600	633.921	14882	0.0442311
2601	634.165	14824	0.0440587
2602	634.409	15016	0.0446294
2603	634.653	14808	0.0440112
2604	634.897	15076	0.0448077
2605	635.141	14949	0.0444302
2606	635.385	15120	0.0449385
2607	635.628	15108	0.0449028
2608	635.872	15073	0.0447988
2609	636.116	15254	0.0453367
2610	636.360	14811	0.0440201
2611	636.604	15170	0.0450871
2612	636.848	15373	0.0456904
2613	637.092	14955	0.0444481
2614	637.336	15141	0.0450009
2615	637.579	15114	0.0449206
2616	637.823	15068	0.0447839
2617	638.067	15208	0.0452
2618	638.311	15079	0.0448166
2619	638.555	14960	0.0444629
2620	638.799	15057	0.0447512
2621	639.043	15070	0.0447899
2622	639.286	15039	0.0446977
2623	639.530	15301	0.0454764
2624	639.774	15353	0.045631
2625	640.018	15185	0.0451317
2626	640.262	15181	0.0451198
2627	640.506	15263	0.0453635
2628	640.750	15237	0.0452862
2629	640.993	15143	0.0450068
2630	641.237	15244	0.045307
2631	641.481	15207	0.0451971
2632	641.725	15203	0.0451852
2633	641.969	15403	0.0457796
2634	642.213	15307	0.0454943
2635	642.457	15244	0.045307
2636	642.701	15300	0.0454735
2637	642.944	15525	0.0461422
2638	643.188	15513	0.0461065
2639	643.432	15530	0.046157
2640	643.676	15575	0.0462908
2641	643.920	15387	0.045732
2642	644.164	15561	0.0462492
2643	644.408	15787	0.0469209
2644	644.651	15528	0.0461511
2645	644.895	15574	0.0462878
2646	645.139	15539	0.0461838
2647	645.383	15806	0.0469774
2648	645.627	15571	0.0462789
2649	645.871	15431	0.0458628
2650	646.115	15621	0.0464275
2651	646.358	15654	0.0465256
2652	646.602	15630	0.0464543
2653	646.846	15774	0.0468822
2654	647.090	15478	0.0460025
2655	647.334	15714	0.0467039
2656	647.578	15486	0.0460263
2657	647.822	15691	0.0466356
2658	648.066	15719	0.0467188
2659	648.309	15691	0.0466356
2660	648.553	15849	0.0471052
2661	648.797	15871	0.0471705
2662	649.041	15567	0.046267
2663	649.285	15969	0.0474618
2664	649.529	15646	0.0465018
2665	649.773	15810	0.0469892
2666	650.016	15903	0.0472656
2667	650.260	15967	0.0474559
2668	650.504	15913	0.0472954
2669	650.748	16152	0.0480057
2670	650.992	15986	0.0475123
2671	651.236	16014	0.0475956
2672	651.480	16002	0.0475599
2673	651.724	16160	0.0480295
2674	651.967	16090	0.0478214
2675	652.211	16136	0.0479582
2676	652.455	16083	0.0478006
2677	652.699	16063	0.0477412
2678	652.943	16131	0.0479433
2679	653.187	15938	0.0473697
2680	653.431	16212	0.048184
2681	653.674	16245	0.0482821
2682	653.918	15995	0.0475391
2683	654.162	15966	0.0474529
2684	654.406	16035	0.047658
2685	654.650	16163	0.0480384
2686	654.894	16057	0.0477234
2687	655.138	16520	0.0490994
2688	655.381	16437	0.0488528
2689	655.625	16101	0.0478541
2690	655.869	16259	0.0483237
2691	656.113	16391	0.048716
2692	656.357	16359	0.0486209
2693	656.601	16268	0.0483505
2694	656.845	16276	0.0483742
2695	657.089	16532	0.0491351
2696	657.332	16493	0.0490192
2697	657.576	16457	0.0489122
2698	657.820	16550	0.0491886
2699	658.064	16468	0.0489449
2700	658.308	16746	0.0497711
2701	658.552	16301	0.0484486
2702	658.796	16498	0.0490341
2703	659.039	16559	0.0492154
2704	659.283	16644	0.049468
2705	659.527	16845	0.0500654
2706	659.771	17179	0.0510581
2707	660.015	17656	0.0524758
2708	660.259	19297	0.057353
2709	660.503	23472	0.0697616
2710	660.746	32824	0.0975569
2711	660.990	52855	0.157091
2712	661.234	89229	0.265199
2713	661.478	147340	0.437912
2714	661.722	222259	0.660581
2715	661.966	306365	0.910554
2716	662.210	374835	1.11406
2717	662.454	406345	1.20771
2718	662.697	390800	1.16151
2719	662.941	331777	0.986082
2720	663.185	250209	0.743652
2721	663.429	168989	0.502256
2722	663.673	103348	0.307163
2723	663.917	59875	0.177956
2724	664.161	35424	0.105284
2725	664.404	24205	0.0719402
2726	664.648	18911	0.0562058
2727	664.892	17748	0.0527492
2728	665.136	16888	0.0501932
2729	665.380	16623	0.0494056
2730	665.624	16623	0.0494056
2731	665.868	16840	0.0500505
2732	666.112	16776	0.0498603
2733	666.355	16624	0.0494085
2734	666.599	16774	0.0498544
2735	666.843	17004	0.050538
2736	667.087	16685	0.0495898
2737	667.331	16535	0.049144
2738	667.575	16690	0.0496047
2739	667.819	16971	0.0504399
2740	668.062	16778	0.0498663
2741	668.306	16821	0.0499941
2742	668.550	16699	0.0496315
2743	668.794	16961	0.0504102
2744	669.038	16895	0.050214
2745	669.282	16604	0.0493491
2746	669.526	16900	0.0502289
2747	669.769	16826	0.0500089
2748	670.013	16901	0.0502318
2749	670.257	16896	0.050217
2750	670.501	16872	0.0501456
2751	670.745	17047	0.0506658
2752	670.989	16948	0.0503715
2753	671.233	17124	0.0508946
2754	671.477	17177	0.0510521
2755	671.720	17126	0.0509006
2756	671.964	17077	0.0507549
2757	672.208	16946	0.0503656
2758	672.452	17080	0.0507638
2759	672.696	17155	0.0509867
2760	672.940	17163	0.0510105
2761	673.184	17233	0.0512186
2762	673.427	17289	0.051385
2763	673.671	17294	0.0513999
2764	673.915	16838	0.0500446
2765	674.159	17441	0.0518368
2766	674.403	17313	0.0514563
2767	674.647	17308	0.0514415
2768	674.891	17344	0.0515485
2769	675.135	17375	0.0516406
2770	675.378	17257	0.0512899
2771	675.622	17206	0.0511383
2772	675.866	17331	0.0515098
2773	676.110	17406	0.0517327
2774	676.354	17472	0.0519289
2775	676.598	17313	0.0514563
2776	676.842	17136	0.0509303
2777	677.085	17206	0.0511383
2778	677.329	17326	0.051495
2779	677.573	17564	0.0522023
2780	677.817	17505	0.052027
2781	678.061	17444	0.0518457
2782	678.305	17542	0.052137
2783	678.549	17384	0.0516674
2784	678.792	17615	0.0523539
2785	679.036	17433	0.051813
2786	679.280	17585	0.0522648
2787	679.524	17541	0.052134
2788	679.768	17707	0.0526274
2789	680.012	17523	0.0520805
2790	680.256	17597	0.0523004
2791	680.500	17626	0.0523866
2792	680.743	17617	0.0523599
2793	680.987	17550	0.0521607
2794	681.231	17566	0.0522083
2795	681.475	17732	0.0527017
2796	681.719	17560	0.0521905
2797	681.963	17504	0.052024
2798	682.207	17557	0.0521815
2799	682.450	17783	0.0528532
2800	682.694	17534	0.0521132
2801	682.938	17870	0.0531118
2802	683.182	17668	0.0525114
2803	683.426	17754	0.052767
2804	683.670	17668	0.0525114
2805	683.914	17863	0.053091
2806	684.157	17655	0.0524728
2807	684.401	17804	0.0529157
2808	684.645	18105	0.0538103
2809	684.889	17619	0.0523658
2810	685.133	17812	0.0529394
2811	685.377	17714	0.0526482
2812	685.621	17691	0.0525798
2813	685.865	17725	0.0526809
2814	686.108	17734	0.0527076
2815	686.352	17716	0.0526541
2816	686.596	17485	0.0519675
2817	686.840	17879	0.0531386
2818	687.084	17714	0.0526482
2819	687.328	17933	0.0532991
2820	687.572	17677	0.0525382
2821	687.815	17641	0.0524312
2822	688.059	17898	0.053195
2823	688.303	17699	0.0526036
2824	688.547	17677	0.0525382
2825	688.791	17757	0.052776
2826	689.035	17874	0.0531237
2827	689.279	17523	0.0520805
2828	689.523	17701	0.0526095
2829	689.766	17678	0.0525412
2830	690.010	17884	0.0531534
2831	690.254	17918	0.0532545
2832	690.498	17660	0.0524877
2833	690.742	17704	0.0526184
2834	690.986	17708	0.0526303
2835	691.230	17942	0.0533258
2836	691.473	17897	0.0531921
2837	691.717	17954	0.0533615
2838	691.961	17980	0.0534387
2839	692.205	17955	0.0533644
2840	692.449	18255	0.0542561
2841	692.693	18135	0.0538994
2842	692.937	18073	0.0537152
2843	693.180	18112	0.0538311
2844	693.424	18168	0.0539975
2845	693.668	17774	0.0528265
2846	693.912	17573	0.0522291
2847	694.156	17396	0.051703
2848	694.400	17456	0.0518814
2849	694.644	17416	0.0517625
2850	694.888	17293	0.0513969
2851	695.131	17334	0.0515188
2852	695.375	17302	0.0514236
2853	695.619	17355	0.0515812
2854	695.863	17403	0.0517238
2855	696.107	16944	0.0503596
2856	696.351	17241	0.0512423
2857	696.595	17045	0.0506598
2858	696.838	16917	0.0502794
2859	697.082	16892	0.0502051
2860	697.326	16586	0.0492956
2861	697.570	16731	0.0497266
2862	697.814	16472	0.0489568
2863	698.058	16444	0.0488736
2864	698.302	16364	0.0486358
2865	698.545	16205	0.0481632
2866	698.789	16504	0.0490519
2867	699.033	15924	0.0473281
2868	699.277	15980	0.0474945
2869	699.521	15802	0.0469655
2870	699.765	15376	0.0456993
2871	700.009	15414	0.0458123
2872	700.253	15164	0.0450693
2873	700.496	14713	0.0437288
2874	700.740	14833	0.0440855
2875	700.984	14604	0.0434049
2876	701.228	14584	0.0433454
2877	701.472	14721	0.0437526
2878	701.716	14302	0.0425073
2879	701.960	14299	0.0424984
2880	702.203	13972	0.0415265
2881	702.447	13972	0.0415265
2882	702.691	13988	0.041574
2883	702.935	13727	0.0407983
2884	703.179	13813	0.0410539
2885	703.423	13735	0.0408221
2886	703.667	13538	0.0402366
2887	703.911	13389	0.0397937
2888	704.154	13379	0.039764
2889	704.398	13273	0.039449
2890	704.642	13237	0.039342
2891	704.886	13193	0.0392112
2892	705.130	13220	0.0392914
2893	705.374	13158	0.0391072
2894	705.618	12884	0.0382928
2895	705.861	13018	0.0386911
2896	706.105	12698	0.03774
2897	706.349	12878	0.038275
2898	706.593	12775	0.0379689
2899	706.837	12820	0.0381026
2900	707.081	12932	0.0384355
2901	707.325	12855	0.0382066
2902	707.568	12505	0.0371664
2903	707.812	12790	0.0380134
2904	708.056	12555	0.037315
2905	708.300	12589	0.037416
2906	708.544	12484	0.037104
2907	708.788	12518	0.037205
2908	709.032	12461	0.0370356
2909	709.276	12462	0.0370386
2910	709.519	12428	0.0369375
2911	709.763	12298	0.0365512
2912	710.007	12494	0.0371337
2913	710.251	12249	0.0364055
2914	710.495	12373	0.0367741
2915	710.739	12519	0.037208
2916	710.983	12260	0.0364382
2917	711.226	12283	0.0365066
2918	711.470	12223	0.0363282
2919	711.714	12379	0.0367919
2920	711.958	12095	0.0359478
2921	712.202	12164	0.0361529
2922	712.446	12044	0.0357962
2923	712.690	12276	0.0364858
2924	712.933	12299	0.0365541
2925	713.177	12225	0.0363342
2926	713.421	12063	0.0358527
2927	713.665	12119	0.0360191
2928	713.909	11927	0.0354485
2929	714.153	12028	0.0357487
2930	714.397	11895	0.0353534
2931	714.641	12131	0.0360548
2932	714.884	11900	0.0353682
2933	715.128	12151	0.0361142
2934	715.372	12063	0.0358527
2935	715.616	11718	0.0348273
2936	715.860	11901	0.0353712
2937	716.104	11860	0.0352494
2938	716.348	11756	0.0349403
2939	716.591	12062	0.0358497
2940	716.835	11845	0.0352048
2941	717.079	11814	0.0351126
2942	717.323	11883	0.0353177
2943	717.567	11704	0.0347857
2944	717.811	11737	0.0348838
2945	718.055	11878	0.0353029
2946	718.299	11642	0.0346014
2947	718.542	11665	0.0346698
2948	718.786	11551	0.034331
2949	719.030	11690	0.0347441
2950	719.274	11588	0.0344409
2951	719.518	11757	0.0349432
2952	719.762	11627	0.0345569
2953	720.006	11711	0.0348065
2954	720.249	11549	0.034325
2955	720.493	11519	0.0342359
2956	720.737	11709	0.0348006
2957	720.981	11731	0.034866
2958	721.225	11750	0.0349224
2959	721.469	11675	0.0346995
2960	721.713	11514	0.034221
2961	721.956	11718	0.0348273
2962	722.200	11756	0.0349403
2963	722.444	11628	0.0345598
2964	722.688	11487	0.0341408
2965	722.932	11456	0.0340486
2966	723.176	11428	0.0339654
2967	723.420	11544	0.0343102
2968	723.664	11304	0.0335969
2969	723.907	11431	0.0339743
2970	724.151	11427	0.0339624
2971	724.395	11357	0.0337544
2972	724.639	11509	0.0342061
2973	724.883	11310	0.0336147
2974	725.127	11325	0.0336593
2975	725.371	11330	0.0336741
2976	725.614	11529	0.0342656
2977	725.858	11201	0.0332907
2978	726.102	11324	0.0336563
2979	726.346	11438	0.0339951
2980	726.590	11312	0.0336206
2981	726.834	11190	0.033258
2982	727.078	11340	0.0337039
2983	727.322	11206	0.0333056
2984	727.565	11240	0.0334066
2985	727.809	11226	0.033365
2986	728.053	11179	0.0332253
2987	728.297	11279	0.0335226
2988	728.541	11422	0.0339476
2989	728.785	11100	0.0329905
2990	729.029	11144	0.0331213
2991	729.272	11136	0.0330975
2992	729.516	11215	0.0333323
2993	729.760	11127	0.0330708
2994	730.004	11203	0.0332967
2995	730.248	11081	0.0329341
2996	730.492	11008	0.0327171
2997	730.736	10860	0.0322772
2998	730.979	10987	0.0326547
2999	731.223	10949	0.0325418
3000	731.467	11223	0.0333561
3001	731.711	11124	0.0330619
3002	731.955	11025	0.0327676
3003	732.199	10879	0.0323337
3004	732.443	11105	0.0330054
3005	732.687	10892	0.0323723
3006	732.930	10995	0.0326785
3007	733.174	11010	0.0327231
3008	733.418	10852	0.0322535
3009	733.662	10834	0.0322
3010	733.906	11118	0.033044
3011	734.150	11003	0.0327023
3012	734.394	10968	0.0325982
3013	734.637	10726	0.031879
3014	734.881	10912	0.0324318
3015	735.125	10924	0.0324675
3016	735.369	10776	0.0320276
3017	735.613	10958	0.0325685
3018	735.857	10612	0.0315402
3019	736.101	10997	0.0326844
3020	736.344	10931	0.0324883
3021	736.588	10762	0.031986
3022	736.832	10711	0.0318344
3023	737.076	10751	0.0319533
3024	737.320	10710	0.0318314
3025	737.564	10764	0.0319919
3026	737.808	10724	0.031873
3027	738.052	10691	0.031775
3028	738.295	10944	0.0325269
3029	738.539	10722	0.0318671
3030	738.783	10494	0.0311894
3031	739.027	10581	0.031448
3032	739.271	10755	0.0319652
3033	739.515	10763	0.0319889
3034	739.759	10543	0.0313351
3035	740.002	10590	0.0314748
3036	740.246	10608	0.0315283
3037	740.490	10637	0.0316145
3038	740.734	10615	0.0315491
3039	740.978	10659	0.0316798
3040	741.222	10673	0.0317215
3041	741.466	10567	0.0314064
3042	741.710	10585	0.0314599
3043	741.953	10496	0.0311954
3044	742.197	10619	0.031561
3045	742.441	10571	0.0314183
3046	742.685	10420	0.0309695
3047	742.929	10448	0.0310527
3048	743.173	10309	0.0306396
3049	743.417	10310	0.0306426
3050	743.660	10537	0.0313172
3051	743.904	10385	0.0308655
3052	744.148	10524	0.0312786
3053	744.392	10321	0.0306753
3054	744.636	10322	0.0306782
3055	744.880	10425	0.0309844
3056	745.124	10392	0.0308863
3057	745.367	10232	0.0304107
3058	745.611	10344	0.0307436
3059	745.855	10237	0.0304256
3060	746.099	10409	0.0309368
3061	746.343	10236	0.0304226
3062	746.587	10238	0.0304286
3063	746.831	10417	0.0309606
3064	747.075	10205	0.0303305
3065	747.318	10219	0.0303721
3066	747.562	10246	0.0304524
3067	747.806	10242	0.0304405
3068	748.050	10333	0.0307109
3069	748.294	10151	0.03017
3070	748.538	10317	0.0306634
3071	748.782	10296	0.030601
3072	749.025	10125	0.0300927
3073	749.269	10292	0.0305891
3074	749.513	10076	0.0299471
3075	749.757	10221	0.0303781
3076	750.001	10211	0.0303483
3077	750.245	9884	0.0293764
3078	750.489	9955	0.0295875
3079	750.732	10121	0.0300808
3080	750.976	10010	0.0297509
3081	751.220	9978	0.0296558
3082	751.464	10261	0.0304969
3083	751.708	10040	0.0298401
3084	751.952	10085	0.0299738
3085	752.196	9924	0.0294953
3086	752.440	10082	0.0299649
3087	752.683	10040	0.0298401
3088	752.927	10060	0.0298995
3089	753.171	9890	0.0293943
3090	753.415	10044	0.029852
3091	753.659	9931	0.0295161
3092	753.903	9839	0.0292427
3093	754.147	9785	0.0290822
3094	754.390	9780	0.0290673
3095	754.634	9854	0.0292873
3096	754.878	9858	0.0292992
3097	755.122	10036	0.0298282
3098	755.366	9901	0.029427
3099	755.610	9960	0.0296023
3100	755.854	9811	0.0291595
3101	756.098	9699	0.0288266
3102	756.341	9949	0.0295696
3103	756.585	9676	0.0287582
3104	756.829	9699	0.0288266
3105	757.073	9738	0.0289425
3106	757.317	9919	0.0294805
3107	757.561	9769	0.0290347
3108	757.805	9843	0.0292546
3109	758.048	9783	0.0290763
3110	758.292	9656	0.0286988
3111	758.536	9621	0.0285948
3112	758.780	9680	0.0287701
3113	759.024	9543	0.028363
3114	759.268	9726	0.0289069
3115	759.512	9616	0.0285799
3116	759.755	9726	0.0289069
3117	759.999	9733	0.0289277
3118	760.243	9582	0.0284789
3119	760.487	9638	0.0286453
3120	760.731	9553	0.0283927
3121	760.975	9653	0.0286899
3122	761.219	9564	0.0284254
3123	761.463	9554	0.0283956
3124	761.706	9575	0.0284581
3125	761.950	9600	0.0285324
3126	762.194	9330	0.0277299
3127	762.438	9520	0.0282946
3128	762.682	9390	0.0279082
3129	762.926	9400	0.0279379
3130	763.170	9423	0.0280063
3131	763.413	9312	0.0276764
3132	763.657	9547	0.0283748
3133	763.901	9386	0.0278963
3134	764.145	9455	0.0281014
3135	764.389	9448	0.0280806
3136	764.633	9391	0.0279112
3137	764.877	9445	0.0280717
3138	765.121	9185	0.0272989
3139	765.364	9318	0.0276942
3140	765.608	9370	0.0278488
3141	765.852	9467	0.0281371
3142	766.096	9357	0.0278101
3143	766.340	9350	0.0277893
3144	766.584	9275	0.0275664
3145	766.828	9104	0.0270582
3146	767.071	9279	0.0275783
3147	767.315	9276	0.0275694
3148	767.559	9119	0.0271028
3149	767.803	9140	0.0271652
3150	768.047	9131	0.0271384
3151	768.291	9101	0.0270493
3152	768.535	9118	0.0270998
3153	768.778	9267	0.0275426
3154	769.022	9135	0.0271503
3155	769.266	9012	0.0267848
3156	769.510	8870	0.0263627
3157	769.754	9051	0.0269007
3158	769.998	9006	0.0267669
3159	770.242	9147	0.027186
3160	770.486	9143	0.0271741
3161	770.729	8967	0.026651
3162	770.973	8914	0.0264935
3163	771.217	9083	0.0269958
3164	771.461	8875	0.0263776
3165	771.705	8981	0.0266926
3166	771.949	8870	0.0263627
3167	772.193	8839	0.0262706
3168	772.436	8842	0.0262795
3169	772.680	8873	0.0263716
3170	772.924	8925	0.0265262
3171	773.168	8861	0.026336
3172	773.412	8801	0.0261576
3173	773.656	8971	0.0266629
3174	773.900	8834	0.0262557
3175	774.143	8964	0.0266421
3176	774.387	8884	0.0264043
3177	774.631	8833	0.0262527
3178	774.875	8829	0.0262409
3179	775.119	8906	0.0264697
3180	775.363	8694	0.0258396
3181	775.607	8800	0.0261547
3182	775.851	8824	0.026226
3183	776.094	8766	0.0260536
3184	776.338	8719	0.0259139
3185	776.582	8811	0.0261874
3186	776.826	8742	0.0259823
3187	777.070	8491	0.0252363
3188	777.314	8758	0.0260298
3189	777.558	8594	0.0255424
3190	777.801	8666	0.0257564
3191	778.045	8651	0.0257118
3192	778.289	8606	0.0255781
3193	778.533	8464	0.025156
3194	778.777	8740	0.0259763
3195	779.021	8567	0.0254622
3196	779.265	8633	0.0256583
3197	779.509	8538	0.025376
3198	779.752	8378	0.0249004
3199	779.996	8641	0.0256821
3200	780.240	8664	0.0257505
3201	780.484	8590	0.0255305
3202	780.728	8561	0.0254443
3203	780.972	8356	0.024835
3204	781.216	8609	0.025587
3205	781.459	8449	0.0251115
3206	781.703	8378	0.0249004
3207	781.947	8580	0.0255008
3208	782.191	8344	0.0247994
3209	782.435	8473	0.0251828
3210	782.679	8338	0.0247815
3211	782.923	8398	0.0249599
3212	783.166	8403	0.0249747
3213	783.410	8340	0.0247875
3214	783.654	8383	0.0249153
3215	783.898	8490	0.0252333
3216	784.142	8317	0.0247191
3217	784.386	8464	0.025156
3218	784.630	8265	0.0245646
3219	784.874	8241	0.0244933
3220	785.117	8181	0.0243149
3221	785.361	8289	0.0246359
3222	785.605	8248	0.0245141
3223	785.849	8254	0.0245319
3224	786.093	8231	0.0244635
3225	786.337	8156	0.0242406
3226	786.581	8173	0.0242911
3227	786.824	8245	0.0245051
3228	787.068	8256	0.0245378
3229	787.312	8056	0.0239434
3230	787.556	8304	0.0246805
3231	787.800	8190	0.0243417
3232	788.044	8198	0.0243655
3233	788.288	8135	0.0241782
3234	788.531	8214	0.024413
3235	788.775	8203	0.0243803
3236	789.019	8076	0.0240029
3237	789.263	8040	0.0238959
3238	789.507	8083	0.0240237
3239	789.751	7999	0.023774
3240	789.995	8087	0.0240355
3241	790.239	8086	0.0240326
3242	790.482	7978	0.0237116
3243	790.726	8088	0.0240385
3244	790.970	7961	0.0236611
3245	791.214	7948	0.0236224
3246	791.458	7965	0.0236729
3247	791.702	7961	0.0236611
3248	791.946	8047	0.0239167
3249	792.189	7943	0.0236076
3250	792.433	7973	0.0236967
3251	792.677	7794	0.0231647
3252	792.921	8025	0.0238513
3253	793.165	8051	0.0239286
3254	793.409	8038	0.0238899
3255	793.653	7927	0.02356
3256	793.897	8036	0.023884
3257	794.140	8012	0.0238126
3258	794.384	8043	0.0239048
3259	794.628	7920	0.0235392
3260	794.872	7993	0.0237562
3261	795.116	7728	0.0229686
3262	795.360	7948	0.0236224
3263	795.604	7973	0.0236967
3264	795.847	7977	0.0237086
3265	796.091	7959	0.0236551
3266	796.335	7815	0.0232271
3267	796.579	7868	0.0233847
3268	796.823	7866	0.0233787
3269	797.067	7959	0.0236551
3270	797.311	8166	0.0242703
3271	797.554	7874	0.0234025
3272	797.798	8055	0.0239404
3273	798.042	7772	0.0230993
3274	798.286	7837	0.0232925
3275	798.530	7915	0.0235243
3276	798.774	7828	0.0232658
3277	799.018	7913	0.0235184
3278	799.262	7951	0.0236313
3279	799.505	7836	0.0232895
3280	799.749	7743	0.0230131
3281	799.993	7958	0.0236521
3282	800.237	7591	0.0225614
3283	800.481	7719	0.0229418
3284	800.725	7886	0.0234382
3285	800.969	7768	0.0230874
3286	801.212	7873	0.0233995
3287	801.456	7891	0.023453
3288	801.700	7813	0.0232212
3289	801.944	7654	0.0227486
3290	802.188	7679	0.0228229
3291	802.432	7643	0.0227159
3292	802.676	7775	0.0231082
3293	802.919	7834	0.0232836
3294	803.163	7726	0.0229626
3295	803.407	7775	0.0231082
3296	803.651	7767	0.0230845
3297	803.895	7865	0.0233757
3298	804.139	7619	0.0226446
3299	804.383	7840	0.0233014
3300	804.627	7708	0.0229091
3301	804.870	7751	0.0230369
3302	805.114	7700	0.0228853
3303	805.358	7719	0.0229418
3304	805.602	7726	0.0229626
3305	805.846	7865	0.0233757
3306	806.090	7814	0.0232242
3307	806.334	7733	0.0229834
3308	806.577	7833	0.0232806
3309	806.821	7653	0.0227456
3310	807.065	7645	0.0227219
3311	807.309	7523	0.0223593
3312	807.553	7560	0.0224692
3313	807.797	7696	0.0228734
3314	808.041	7725	0.0229596
3315	808.285	7792	0.0231588
3316	808.528	7571	0.0225019
3317	808.772	7597	0.0225792
3318	809.016	7694	0.0228675
3319	809.260	7679	0.0228229
3320	809.504	7686	0.0228437
3321	809.748	7697	0.0228764
3322	809.992	7749	0.023031
3323	810.235	7486	0.0222493
3324	810.479	7712	0.022921
3325	810.723	7762	0.0230696
3326	810.967	7632	0.0226832
3327	811.211	7723	0.0229537
3328	811.455	7846	0.0233193
3329	811.699	7829	0.0232687
3330	811.942	7690	0.0228556
3331	812.186	7814	0.0232242
3332	812.430	7654	0.0227486
3333	812.674	7937	0.0235897
3334	812.918	8276	0.0245973
3335	813.162	8948	0.0265945
3336	813.406	9873	0.0293438
3337	813.650	11381	0.0338257
3338	813.893	13422	0.0398918
3339	814.137	16372	0.0486596
3340	814.381	18951	0.0563247
3341	814.625	20634	0.0613268
3342	814.869	21946	0.0652262
3343	815.113	21082	0.0626583
3344	815.357	19577	0.0581852
3345	815.600	16739	0.0497503
3346	815.844	14139	0.0420228
3347	816.088	11739	0.0348897
3348	816.332	9781	0.0290703
3349	816.576	8793	0.0261339
3350	816.820	8087	0.0240355
3351	817.064	7942	0.0236046
3352	817.308	7735	0.0229894
3353	817.551	7717	0.0229359
3354	817.795	7852	0.0233371
3355	818.039	7773	0.0231023
3356	818.283	7798	0.0231766
3357	818.527	7866	0.0233787
3358	818.771	7786	0.0231409
3359	819.015	7725	0.0229596
3360	819.258	7792	0.0231588
3361	819.502	7656	0.0227546
3362	819.746	7853	0.0233401
3363	819.990	7844	0.0233133
3364	820.234	7756	0.0230518
3365	820.478	7849	0.0233282
3366	820.722	7914	0.0235214
3367	820.965	7908	0.0235035
3368	821.209	8023	0.0238453
3369	821.453	8122	0.0241396
3370	821.697	8311	0.0247013
3371	821.941	8362	0.0248529
3372	822.185	8428	0.025049
3373	822.429	8496	0.0252511
3374	822.673	8524	0.0253344
3375	822.916	8567	0.0254622
3376	823.160	8172	0.0242882
3377	823.404	8282	0.0246151
3378	823.648	8049	0.0239226
3379	823.892	8095	0.0240593
3380	824.136	8067	0.0239761
3381	824.380	8014	0.0238186
3382	824.623	8051	0.0239286
3383	824.867	7938	0.0235927
3384	825.111	7678	0.0228199
3385	825.355	8081	0.0240177
3386	825.599	7783	0.023132
3387	825.843	7696	0.0228734
3388	826.087	7850	0.0233312
3389	826.330	7761	0.0230666
3390	826.574	7917	0.0235303
3391	826.818	7776	0.0231112
3392	827.062	7661	0.0227694
3393	827.306	7902	0.0234857
3394	827.550	7828	0.0232658
3395	827.794	7750	0.0230339
3396	828.038	7912	0.0235154
3397	828.281	7772	0.0230993
3398	828.525	7816	0.0232301
3399	828.769	7864	0.0233728
3400	829.013	7911	0.0235125
3401	829.257	7820	0.023242
3402	829.501	7990	0.0237473
3403	829.745	7779	0.0231201
3404	829.988	7822	0.0232479
3405	830.232	7822	0.0232479
3406	830.476	8037	0.0238869
3407	830.720	7765	0.0230785
3408	830.964	7748	0.023028
3409	831.208	7969	0.0236848
3410	831.452	7889	0.0234471
3411	831.696	7797	0.0231736
3412	831.939	7681	0.0228289
3413	832.183	7713	0.022924
3414	832.427	7725	0.0229596
3415	832.671	7650	0.0227367
3416	832.915	7848	0.0233252
3417	833.159	7944	0.0236105
3418	833.403	7929	0.023566
3419	833.646	8093	0.0240534
3420	833.890	7944	0.0236105
3421	834.134	7939	0.0235957
3422	834.378	7834	0.0232836
3423	834.622	7956	0.0236462
3424	834.866	7745	0.0230191
3425	835.110	7973	0.0236967
3426	835.353	7785	0.023138
3427	835.597	7915	0.0235243
3428	835.841	7828	0.0232658
3429	836.085	7911	0.0235125
3430	836.329	7968	0.0236819
3431	836.573	7753	0.0230429
3432	836.817	7944	0.0236105
3433	837.061	7794	0.0231647
3434	837.304	7772	0.0230993
3435	837.548	7946	0.0236165
3436	837.792	7675	0.022811
3437	838.036	7915	0.0235243
3438	838.280	7790	0.0231528
3439	838.524	7892	0.023456
3440	838.768	7926	0.023557
3441	839.011	8016	0.0238245
3442	839.255	7808	0.0232063
3443	839.499	7946	0.0236165
3444	839.743	7999	0.023774
3445	839.987	7919	0.0235362
3446	840.231	7895	0.0234649
3447	840.475	7937	0.0235897
3448	840.718	7944	0.0236105
3449	840.962	8161	0.0242555
3450	841.206	7919	0.0235362
3451	841.450	7758	0.0230577
3452	841.694	7904	0.0234916
3453	841.938	8000	0.023777
3454	842.182	7957	0.0236492
3455	842.426	7903	0.0234887
3456	842.669	7883	0.0234292
3457	842.913	7865	0.0233757
3458	843.157	7985	0.0237324
3459	843.401	7905	0.0234946
3460	843.645	8030	0.0238661
3461	843.889	7867	0.0233817
3462	844.133	7932	0.0235749
3463	844.376	8028	0.0238602
3464	844.620	8072	0.023991
3465	844.864	7995	0.0237621
3466	845.108	7941	0.0236016
3467	845.352	7846	0.0233193
3468	845.596	8095	0.0240593
3469	845.840	8119	0.0241307
3470	846.084	7992	0.0237532
3471	846.327	8304	0.0246805
3472	846.571	8004	0.0237889
3473	846.815	8098	0.0240682
3474	847.059	7998	0.023771
3475	847.303	7904	0.0234916
3476	847.547	8138	0.0241871
3477	847.791	8119	0.0241307
3478	848.034	8067	0.0239761
3479	848.278	8000	0.023777
3480	848.522	7997	0.0237681
3481	848.766	7963	0.023667
3482	849.010	8110	0.0241039
3483	849.254	7939	0.0235957
3484	849.498	8005	0.0237918
3485	849.741	8012	0.0238126
3486	849.985	8135	0.0241782
3487	850.229	8107	0.024095
3488	850.473	8315	0.0247132
3489	850.717	8134	0.0241752
3490	850.961	8134	0.0241752
3491	851.205	8306	0.0246864
3492	851.449	8495	0.0252482
3493	851.692	8447	0.0251055
3494	851.936	8339	0.0247845
3495	852.180	8267	0.0245705
3496	852.424	8259	0.0245468
3497	852.668	8295	0.0246537
3498	852.912	8206	0.0243892
3499	853.156	8293	0.0246478
3500	853.399	8104	0.0240861
3501	853.643	7924	0.0235511
3502	853.887	8221	0.0244338
3503	854.131	8073	0.0239939
3504	854.375	8083	0.0240237
3505	854.619	8182	0.0243179
3506	854.863	8080	0.0240147
3507	855.106	8150	0.0242228
3508	855.350	7879	0.0234173
3509	855.594	7991	0.0237502
3510	855.838	8074	0.0239969
3511	856.082	8243	0.0244992
3512	856.326	8049	0.0239226
3513	856.570	8133	0.0241723
3514	856.814	8072	0.023991
3515	857.057	8013	0.0238156
3516	857.301	8219	0.0244279
3517	857.545	8262	0.0245557
3518	857.789	8109	0.0241009
3519	858.033	8105	0.024089
3520	858.277	8312	0.0247043
3521	858.521	8159	0.0242495
3522	858.764	8150	0.0242228
3523	859.008	8002	0.0237829
3524	859.252	8247	0.0245111
3525	859.496	8050	0.0239256
3526	859.740	8199	0.0243684
3527	859.984	8050	0.0239256
3528	860.228	8247	0.0245111
3529	860.472	8090	0.0240445
3530	860.715	8203	0.0243803
3531	860.959	8261	0.0245527
3532	861.203	8343	0.0247964
3533	861.447	8253	0.0245289
3534	861.691	8250	0.02452
3535	861.935	8109	0.0241009
3536	862.179	8287	0.02463
3537	862.422	8334	0.0247697
3538	862.666	8047	0.0239167
3539	862.910	8236	0.0244784
3540	863.154	8075	0.0239999
3541	863.398	8447	0.0251055
3542	863.642	8164	0.0242644
3543	863.886	8116	0.0241217
3544	864.129	8160	0.0242525
3545	864.373	8298	0.0246627
3546	864.617	8164	0.0242644
3547	864.861	8302	0.0246746
3548	865.105	8371	0.0248796
3549	865.349	8430	0.025055
3550	865.593	8431	0.025058
3551	865.837	8459	0.0251412
3552	866.080	8329	0.0247548
3553	866.324	8343	0.0247964
3554	866.568	8317	0.0247191
3555	866.812	8326	0.0247459
3556	867.056	8280	0.0246092
3557	867.300	8327	0.0247489
3558	867.544	8383	0.0249153
3559	867.787	8175	0.0242971
3560	868.031	8255	0.0245349
3561	868.275	8425	0.0250401
3562	868.519	8378	0.0249004
3563	868.763	8376	0.0248945
3564	869.007	8418	0.0250193
3565	869.251	8446	0.0251025
3566	869.495	8383	0.0249153
3567	869.738	8402	0.0249718
3568	869.982	8504	0.0252749
3569	870.226	8364	0.0248588
3570	870.470	8392	0.024942
3571	870.714	8554	0.0254235
3572	870.958	8364	0.0248588
3573	871.202	8473	0.0251828
3574	871.445	8474	0.0251858
3575	871.689	8404	0.0249777
3576	871.933	8286	0.024627
3577	872.177	8420	0.0250253
3578	872.421	8558	0.0254354
3579	872.665	8561	0.0254443
3580	872.909	8472	0.0251798
3581	873.152	8504	0.0252749
3582	873.396	8465	0.025159
3583	873.640	8582	0.0255067
3584	873.884	8614	0.0256019
3585	874.128	8432	0.0250609
3586	874.372	8531	0.0253552
3587	874.616	8485	0.0252185
3588	874.860	8441	0.0250877
3589	875.103	8705	0.0258723
3590	875.347	8598	0.0255543
3591	875.591	8693	0.0258367
3592	875.835	8734	0.0259585
3593	876.079	8419	0.0250223
3594	876.323	8477	0.0251947
3595	876.567	8494	0.0252452
3596	876.810	8514	0.0253046
3597	877.054	8518	0.0253165
3598	877.298	8638	0.0256732
3599	877.542	8527	0.0253433
3600	877.786	8527	0.0253433
3601	878.030	8456	0.0251323
3602	878.274	8520	0.0253225
3603	878.517	8622	0.0256256
3604	878.761	8463	0.0251531
3605	879.005	8541	0.0253849
3606	879.249	8418	0.0250193
3607	879.493	8693	0.0258367
3608	879.737	8746	0.0259942
3609	879.981	8601	0.0255632
3610	880.225	8558	0.0254354
3611	880.468	8621	0.0256227
3612	880.712	8565	0.0254562
3613	880.956	8721	0.0259199
3614	881.200	8577	0.0254919
3615	881.444	8515	0.0253076
3616	881.688	8688	0.0258218
3617	881.932	8538	0.025376
3618	882.175	8695	0.0258426
3619	882.419	8780	0.0260952
3620	882.663	8689	0.0258248
3621	882.907	8705	0.0258723
3622	883.151	8533	0.0253611
3623	883.395	8714	0.0258991
3624	883.639	8820	0.0262141
3625	883.883	8919	0.0265084
3626	884.126	8760	0.0260358
3627	884.370	8712	0.0258931
3628	884.614	8709	0.0258842
3629	884.858	8771	0.0260685
3630	885.102	8564	0.0254532
3631	885.346	8798	0.0261487
3632	885.590	8664	0.0257505
3633	885.833	8668	0.0257623
3634	886.077	8815	0.0261993
3635	886.321	8655	0.0257237
3636	886.565	8759	0.0260328
3637	886.809	8683	0.0258069
3638	887.053	8928	0.0265351
3639	887.297	8957	0.0266213
3640	887.540	8864	0.0263449
3641	887.784	8901	0.0264549
3642	888.028	9084	0.0269988
3643	888.272	9125	0.0271206
3644	888.516	9095	0.0270314
3645	888.760	9045	0.0268828
3646	889.004	9144	0.0271771
3647	889.248	8973	0.0266688
3648	889.491	9017	0.0267996
3649	889.735	9192	0.0273197
3650	889.979	9024	0.0268204
3651	890.223	8949	0.0265975
3652	890.467	9148	0.027189
3653	890.711	8779	0.0260923
3654	890.955	8971	0.0266629
3655	891.198	9017	0.0267996
3656	891.442	8942	0.0265767
3657	891.686	9007	0.0267699
3658	891.930	9046	0.0268858
3659	892.174	9188	0.0273079
3660	892.418	8935	0.0265559
3661	892.662	9022	0.0268145
3662	892.905	9018	0.0268026
3663	893.149	8980	0.0266897
3664	893.393	9266	0.0275397
3665	893.637	9141	0.0271682
3666	893.881	9267	0.0275426
3667	894.125	9096	0.0270344
3668	894.369	9121	0.0271087
3669	894.613	9441	0.0280598
3670	894.856	9416	0.0279855
3671	895.100	9115	0.0270909
3672	895.344	9418	0.0279914
3673	895.588	9525	0.0283095
3674	895.832	9684	0.028782
3675	896.076	10327	0.0306931
3676	896.320	11151	0.0331421
3677	896.563	13881	0.041256
3678	896.807	20337	0.060444
3679	897.051	33327	0.0990519
3680	897.295	60187	0.178883
3681	897.539	107198	0.318605
3682	897.783	182810	0.543334
3683	898.027	288880	0.858586
3684	898.271	417005	1.23939
3685	898.514	547362	1.62683
3686	898.758	645869	1.9196
3687	899.002	687134	2.04225
3688	899.246	654556	1.94542
3689	899.490	560567	1.66607
3690	899.734	429665	1.27702
3691	899.978	298239	0.886403
3692	900.221	185279	0.550672
3693	900.465	105801	0.314453
3694	900.709	56355	0.167494
3695	900.953	29842	0.088694
3696	901.197	16815	0.0499762
3697	901.441	11860	0.0352494
3698	901.685	10001	0.0297242
3699	901.928	9417	0.0279885
3700	902.172	9407	0.0279587
3701	902.416	9546	0.0283719
3702	902.660	9509	0.0282619
3703	902.904	9472	0.0281519
3704	903.148	9830	0.029216
3705	903.392	9663	0.0287196
3706	903.636	9384	0.0278904
3707	903.879	9364	0.0278309
3708	904.123	9503	0.0282441
3709	904.367	9196	0.0273316
3710	904.611	9103	0.0270552
3711	904.855	9112	0.027082
3712	905.099	8990	0.0267194
3713	905.343	9062	0.0269334
3714	905.586	9184	0.027296
3715	905.830	8980	0.0266897
3716	906.074	9105	0.0270612
3717	906.318	9152	0.0272009
3718	906.562	9185	0.0272989
3719	906.806	8936	0.0265589
3720	907.050	8963	0.0266391
3721	907.293	8914	0.0264935
3722	907.537	9218	0.027397
3723	907.781	8921	0.0265143
3724	908.025	9150	0.0271949
3725	908.269	9025	0.0268234
3726	908.513	9012	0.0267848
3727	908.757	9169	0.0272514
3728	909.001	9110	0.027076
3729	909.244	9213	0.0273822
3730	909.488	9058	0.0269215
3731	909.732	9186	0.0273019
3732	909.976	9124	0.0271176
3733	910.220	9213	0.0273822
3734	910.464	9184	0.027296
3735	910.708	9371	0.0278518
3736	910.951	9189	0.0273108
3737	911.195	9643	0.0286602
3738	911.439	9706	0.0288474
3739	911.683	10065	0.0299144
3740	911.927	10916	0.0324437
3741	912.171	11668	0.0346787
3742	912.415	12666	0.0376449
3743	912.659	13587	0.0403822
3744	912.902	14221	0.0422665
3745	913.146	14366	0.0426975
3746	913.390	14473	0.0430155
3747	913.634	13501	0.0401266
3748	913.878	12698	0.03774
3749	914.122	12087	0.035924
3750	914.366	11514	0.034221
3751	914.609	11037	0.0328033
3752	914.853	10687	0.0317631
3753	915.097	10582	0.031451
3754	915.341	10219	0.0303721
3755	915.585	9886	0.0293824
3756	915.829	9643	0.0286602
3757	916.073	9773	0.0290465
3758	916.316	9627	0.0286126
3759	916.560	9374	0.0278607
3760	916.804	9339	0.0277566
3761	917.048	9379	0.0278755
3762	917.292	9422	0.0280033
3763	917.536	9380	0.0278785
3764	917.780	9352	0.0277953
3765	918.024	9241	0.0274654
3766	918.267	9214	0.0273851
3767	918.511	9510	0.0282649
3768	918.755	9410	0.0279677
3769	918.999	9302	0.0276467
3770	919.243	9235	0.0274475
3771	919.487	9397	0.027929
3772	919.731	9239	0.0274594
3773	919.974	9507	0.028256
3774	920.218	9577	0.028464
3775	920.462	9616	0.0285799
3776	920.706	9478	0.0281698
3777	920.950	9589	0.0284997
3778	921.194	9469	0.028143
3779	921.438	9588	0.0284967
3780	921.682	9393	0.0279171
3781	921.925	9527	0.0283154
3782	922.169	9391	0.0279112
3783	922.413	9354	0.0278012
3784	922.657	9217	0.027394
3785	922.901	9676	0.0287582
3786	923.145	9433	0.028036
3787	923.389	9375	0.0278636
3788	923.632	9509	0.0282619
3789	923.876	9350	0.0277893
3790	924.120	9387	0.0278993
3791	924.364	9539	0.0283511
3792	924.608	9322	0.0277061
3793	924.852	9582	0.0284789
3794	925.096	9235	0.0274475
3795	925.339	9349	0.0277864
3796	925.583	9401	0.0279409
3797	925.827	9501	0.0282381
3798	926.071	9343	0.0277685
3799	926.315	9322	0.0277061
3800	926.559	9368	0.0278428
3801	926.803	9317	0.0276913
3802	927.047	9481	0.0281787
3803	927.290	9573	0.0284521
3804	927.534	9374	0.0278607
3805	927.778	9696	0.0288177
3806	928.022	9398	0.027932
3807	928.266	9639	0.0286483
3808	928.510	9459	0.0281133
3809	928.754	9569	0.0284402
3810	928.997	9574	0.0284551
3811	929.241	9515	0.0282797
3812	929.485	9421	0.0280004
3813	929.729	9512	0.0282708
3814	929.973	9409	0.0279647
3815	930.217	9341	0.0277626
3816	930.461	9520	0.0282946
3817	930.704	9394	0.0279201
3818	930.948	9567	0.0284343
3819	931.192	9734	0.0289306
3820	931.436	9615	0.0285769
3821	931.680	9573	0.0284521
3822	931.924	9550	0.0283838
3823	932.168	9495	0.0282203
3824	932.412	9642	0.0286572
3825	932.655	9711	0.0288623
3826	932.899	9698	0.0288236
3827	933.143	9727	0.0289098
3828	933.387	9622	0.0285978
3829	933.631	9665	0.0287256
3830	933.875	9665	0.0287256
3831	934.119	9663	0.0287196
3832	934.362	9804	0.0291387
3833	934.606	9752	0.0289841
3834	934.850	9622	0.0285978
3835	935.094	9718	0.0288831
3836	935.338	9708	0.0288534
3837	935.582	9404	0.0279498
3838	935.826	9674	0.0287523
3839	936.070	9621	0.0285948
3840	936.313	9752	0.0289841
3841	936.557	9690	0.0287999
3842	936.801	9640	0.0286513
3843	937.045	9700	0.0288296
3844	937.289	9786	0.0290852
3845	937.533	9813	0.0291654
3846	937.777	9823	0.0291951
3847	938.020	9872	0.0293408
3848	938.264	9841	0.0292486
3849	938.508	9868	0.0293289
3850	938.752	9961	0.0296053
3851	938.996	9789	0.0290941
3852	939.240	9786	0.0290852
3853	939.484	9658	0.0287047
3854	939.727	9935	0.029528
3855	939.971	9827	0.029207
3856	940.215	9732	0.0289247
3857	940.459	9924	0.0294953
3858	940.703	9975	0.0296469
3859	940.947	9666	0.0287285
3860	941.191	9726	0.0289069
3861	941.435	10032	0.0298163
3862	941.678	9913	0.0294626
3863	941.922	9944	0.0295548
3864	942.166	9738	0.0289425
3865	942.410	9865	0.02932
3866	942.654	9866	0.029323
3867	942.898	9917	0.0294745
3868	943.142	9866	0.029323
3869	943.385	9864	0.029317
3870	943.629	9847	0.0292665
3871	943.873	9933	0.0295221
3872	944.117	9950	0.0295726
3873	944.361	9957	0.0295934
3874	944.605	9849	0.0292724
3875	944.849	10026	0.0297985
3876	945.092	9958	0.0295964
3877	945.336	10089	0.0299857
3878	945.580	9924	0.0294953
3879	945.824	10058	0.0298936
3880	946.068	9991	0.0296945
3881	946.312	10028	0.0298044
3882	946.556	10139	0.0301343
3883	946.800	9896	0.0294121
3884	947.043	10016	0.0297688
3885	947.287	10101	0.0300214
3886	947.531	10030	0.0298104
3887	947.775	9890	0.0293943
3888	948.019	9879	0.0293616
3889	948.263	10110	0.0300481
3890	948.507	10013	0.0297599
3891	948.750	10015	0.0297658
3892	948.994	10203	0.0303246
3893	949.238	10116	0.030066
3894	949.482	9978	0.0296558
3895	949.726	9976	0.0296499
3896	949.970	9953	0.0295815
3897	950.214	9955	0.0295875
3898	950.458	10194	0.0302978
3899	950.701	10239	0.0304316
3900	950.945	9960	0.0296023
3901	951.189	10089	0.0299857
3902	951.433	9982	0.0296677
3903	951.677	10237	0.0304256
3904	951.921	10160	0.0301968
3905	952.165	10219	0.0303721
3906	952.408	10230	0.0304048
3907	952.652	9980	0.0296618
3908	952.896	10149	0.0301641
3909	953.140	10001	0.0297242
3910	953.384	10032	0.0298163
3911	953.628	10012	0.0297569
3912	953.872	10104	0.0300303
3913	954.115	10052	0.0298758
3914	954.359	10096	0.0300065
3915	954.603	10167	0.0302176
3916	954.847	9861	0.0293081
3917	955.091	10177	0.0302473
3918	955.335	10109	0.0300452
3919	955.579	10026	0.0297985
3920	955.823	10165	0.0302116
3921	956.066	10085	0.0299738
3922	956.310	10006	0.029739
3923	956.554	9898	0.0294181
3924	956.798	10106	0.0300363
3925	957.042	9973	0.029641
3926	957.286	10030	0.0298104
3927	957.530	9984	0.0296737
3928	957.773	10119	0.0300749
3929	958.017	10107	0.0300392
3930	958.261	10161	0.0301997
3931	958.505	10062	0.0299055
3932	958.749	9910	0.0294537
3933	958.993	10068	0.0299233
3934	959.237	9848	0.0292695
3935	959.481	9964	0.0296142
3936	959.724	10052	0.0298758
3937	959.968	9740	0.0289485
3938	960.212	9826	0.0292041
3939	960.456	9836	0.0292338
3940	960.700	9928	0.0295072
3941	960.944	9913	0.0294626
3942	961.188	9714	0.0288712
3943	961.431	9880	0.0293646
3944	961.675	9608	0.0285561
3945	961.919	9655	0.0286958
3946	962.163	9807	0.0291476
3947	962.407	9516	0.0282827
3948	962.651	9590	0.0285026
3949	962.895	9423	0.0280063
3950	963.138	9495	0.0282203
3951	963.382	9292	0.027617
3952	963.626	9223	0.0274119
3953	963.870	9173	0.0272633
3954	964.114	9248	0.0274862
3955	964.358	9149	0.0271919
3956	964.602	9018	0.0268026
3957	964.846	8918	0.0265054
3958	965.089	8722	0.0259228
3959	965.333	8952	0.0266064
3960	965.577	8782	0.0261012
3961	965.821	8714	0.0258991
3962	966.065	8806	0.0261725
3963	966.309	8611	0.0255929
3964	966.553	8703	0.0258664
3965	966.796	8657	0.0257297
3966	967.040	8567	0.0254622
3967	967.284	8738	0.0259704
3968	967.528	8456	0.0251323
3969	967.772	8512	0.0252987
3970	968.016	8360	0.0248469
3971	968.260	8534	0.0253641
3972	968.503	8221	0.0244338
3973	968.747	8229	0.0244576
3974	968.991	8124	0.0241455
3975	969.235	8198	0.0243655
3976	969.479	8367	0.0248677
3977	969.723	8241	0.0244933
3978	969.967	8137	0.0241842
3979	970.211	8216	0.024419
3980	970.454	8200	0.0243714
3981	970.698	7993	0.0237562
3982	970.942	8027	0.0238572
3983	971.186	8153	0.0242317
3984	971.430	8091	0.0240474
3985	971.674	7957	0.0236492
3986	971.918	7985	0.0237324
3987	972.161	7960	0.0236581
3988	972.405	7908	0.0235035
3989	972.649	8109	0.0241009
3990	972.893	7814	0.0232242
3991	973.137	8044	0.0239077
3992	973.381	8029	0.0238632
3993	973.625	7982	0.0237235
3994	973.869	7988	0.0237413
3995	974.112	7830	0.0232717
3996	974.356	7887	0.0234411
3997	974.600	7778	0.0231172
3998	974.844	7827	0.0232628
3999	975.088	7912	0.0235154
4000	975.332	7775	0.0231082
4001	975.576	7804	0.0231944
4002	975.819	7925	0.0235541
4003	976.063	7769	0.0230904
4004	976.307	7778	0.0231172
4005	976.551	7859	0.0233579
4006	976.795	7777	0.0231142
4007	977.039	7772	0.0230993
4008	977.283	7612	0.0226238
4009	977.526	7892	0.023456
4010	977.770	7684	0.0228378
4011	978.014	7896	0.0234679
4012	978.258	7927	0.02356
4013	978.502	7701	0.0228883
4014	978.746	7778	0.0231172
4015	978.990	7740	0.0230042
4016	979.234	7663	0.0227754
4017	979.477	7722	0.0229507
4018	979.721	7771	0.0230964
4019	979.965	7891	0.023453
4020	980.209	7851	0.0233341
4021	980.453	7723	0.0229537
4022	980.697	7816	0.0232301
4023	980.941	7784	0.023135
4024	981.184	7633	0.0226862
4025	981.428	7745	0.0230191
4026	981.672	7676	0.022814
4027	981.916	7749	0.023031
4028	982.160	7973	0.0236967
4029	982.404	7913	0.0235184
4030	982.648	7523	0.0223593
4031	982.891	7698	0.0228794
4032	983.135	7658	0.0227605
4033	983.379	7888	0.0234441
4034	983.623	7660	0.0227665
4035	983.867	7735	0.0229894
4036	984.111	7797	0.0231736
4037	984.355	7754	0.0230458
4038	984.599	7576	0.0225168
4039	984.842	7650	0.0227367
4040	985.086	7565	0.0224841
4041	985.330	7599	0.0225852
4042	985.574	7638	0.0227011
4043	985.818	7538	0.0224039
4044	986.062	7778	0.0231172
4045	986.306	7643	0.0227159
4046	986.549	7683	0.0228348
4047	986.793	7753	0.0230429
4048	987.037	7695	0.0228705
4049	987.281	7674	0.0228081
4050	987.525	7728	0.0229686
4051	987.769	7705	0.0229002
4052	988.013	7601	0.0225911
4053	988.257	7677	0.022817
4054	988.500	7797	0.0231736
4055	988.744	7655	0.0227516
4056	988.988	7613	0.0226268
4057	989.232	7787	0.0231439
4058	989.476	7588	0.0225525
4059	989.720	7566	0.0224871
4060	989.964	7573	0.0225079
4061	990.207	7455	0.0221572
4062	990.451	7612	0.0226238
4063	990.695	7544	0.0224217
4064	990.939	7704	0.0228972
4065	991.183	7706	0.0229032
4066	991.427	7699	0.0228824
4067	991.671	7679	0.0228229
4068	991.914	7629	0.0226743
4069	992.158	7557	0.0224603
4070	992.402	7638	0.0227011
4071	992.646	7609	0.0226149
4072	992.890	7581	0.0225317
4073	993.134	7700	0.0228853
4074	993.378	7618	0.0226416
4075	993.622	7518	0.0223444
4076	993.865	7662	0.0227724
4077	994.109	7726	0.0229626
4078	994.353	7599	0.0225852
4079	994.597	7647	0.0227278
4080	994.841	7494	0.0222731
4081	995.085	7557	0.0224603
4082	995.329	7614	0.0226297
4083	995.572	7468	0.0221958
4084	995.816	7520	0.0223504
4085	996.060	7669	0.0227932
4086	996.304	7490	0.0222612
4087	996.548	7650	0.0227367
4088	996.792	7589	0.0225554
4089	997.036	7573	0.0225079
4090	997.279	7557	0.0224603
4091	997.523	7497	0.022282
4092	997.767	7612	0.0226238
4093	998.011	7491	0.0222642
4094	998.255	7545	0.0224247
4095	998.499	7418	0.0220472
4096	998.743	7513	0.0223295
4097	998.987	7690	0.0228556
4098	999.230	7535	0.0223949
4099	999.474	7463	0.0221809
4100	999.718	7586	0.0225465
4101	999.962	7564	0.0224811
4102	1000.206	7538	0.0224039
4103	1000.450	7538	0.0224039
4104	1000.694	7466	0.0221899
4105	1000.937	7364	0.0218867
4106	1001.181	7536	0.0223979
4107	1001.425	7553	0.0224484
4108	1001.669	7657	0.0227575
4109	1001.913	7583	0.0225376
4110	1002.157	7502	0.0222969
4111	1002.401	7633	0.0226862
4112	1002.645	7372	0.0219105
4113	1002.888	7637	0.0226981
4114	1003.132	7514	0.0223325
4115	1003.376	7621	0.0226505
4116	1003.620	7332	0.0217916
4117	1003.864	7448	0.0221364
4118	1004.108	7365	0.0218897
4119	1004.352	7448	0.0221364
4120	1004.595	7435	0.0220977
4121	1004.839	7573	0.0225079
4122	1005.083	7488	0.0222552
4123	1005.327	7283	0.021646
4124	1005.571	7442	0.0221185
4125	1005.815	7699	0.0228824
4126	1006.059	7442	0.0221185
4127	1006.302	7395	0.0219788
4128	1006.546	7455	0.0221572
4129	1006.790	7449	0.0221393
4130	1007.034	7425	0.022068
4131	1007.278	7478	0.0222255
4132	1007.522	7373	0.0219135
4133	1007.766	7534	0.022392
4134	1008.010	7520	0.0223504
4135	1008.253	7482	0.0222374
4136	1008.497	7454	0.0221542
4137	1008.741	7289	0.0216638
4138	1008.985	7449	0.0221393
4139	1009.229	7460	0.022172
4140	1009.473	7497	0.022282
4141	1009.717	7434	0.0220948
4142	1009.960	7396	0.0219818
4143	1010.204	7451	0.0221453
4144	1010.448	7390	0.021964
4145	1010.692	7361	0.0218778
4146	1010.936	7219	0.0214557
4147	1011.180	7362	0.0218808
4148	1011.424	7457	0.0221631
4149	1011.668	7460	0.022172
4150	1011.911	7274	0.0216192
4151	1012.155	7498	0.022285
4152	1012.399	7380	0.0219343
4153	1012.643	7395	0.0219788
4154	1012.887	7462	0.022178
4155	1013.131	7449	0.0221393
4156	1013.375	7394	0.0219759
4157	1013.618	7303	0.0217054
4158	1013.862	7405	0.0220086
4159	1014.106	7417	0.0220442
4160	1014.350	7446	0.0221304
4161	1014.594	7251	0.0215509
4162	1014.838	7386	0.0219521
4163	1015.082	7246	0.021536
4164	1015.325	7364	0.0218867
4165	1015.569	7269	0.0216044
4166	1015.813	7384	0.0219461
4167	1016.057	7319	0.021753
4168	1016.301	7428	0.0220769
4169	1016.545	7341	0.0218183
4170	1016.789	7273	0.0216162
4171	1017.033	7359	0.0218718
4172	1017.276	7355	0.02186
4173	1017.520	7437	0.0221037
4174	1017.764	7441	0.0221156
4175	1018.008	7442	0.0221185
4176	1018.252	7223	0.0214676
4177	1018.496	7343	0.0218243
4178	1018.740	7381	0.0219372
4179	1018.983	7328	0.0217797
4180	1019.227	7338	0.0218094
4181	1019.471	7366	0.0218926
4182	1019.715	7272	0.0216133
4183	1019.959	7296	0.0216846
4184	1020.203	7392	0.0219699
4185	1020.447	7134	0.0212031
4186	1020.690	7275	0.0216222
4187	1020.934	7434	0.0220948
4188	1021.178	7340	0.0218154
4189	1021.422	7160	0.0212804
4190	1021.666	7395	0.0219788
4191	1021.910	7327	0.0217767
4192	1022.154	7198	0.0213933
4193	1022.398	7472	0.0222077
4194	1022.641	7401	0.0219967
4195	1022.885	7131	0.0211942
4196	1023.129	7212	0.0214349
4197	1023.373	7377	0.0219253
4198	1023.617	7202	0.0214052
4199	1023.861	7411	0.0220264
4200	1024.105	7259	0.0215746
4201	1024.348	7299	0.0216935
4202	1024.592	7280	0.021637
4203	1024.836	7272	0.0216133
4204	1025.080	7075	0.0210278
4205	1025.324	7206	0.0214171
4206	1025.568	7488	0.0222552
4207	1025.812	7119	0.0211585
4208	1026.056	7110	0.0211318
4209	1026.299	7085	0.0210575
4210	1026.543	7230	0.0214884
4211	1026.787	7241	0.0215211
4212	1027.031	7280	0.021637
4213	1027.275	7516	0.0223385
4214	1027.519	7291	0.0216697
4215	1027.763	7311	0.0217292
4216	1028.006	7239	0.0215152
4217	1028.250	7139	0.021218
4218	1028.494	7310	0.0217262
4219	1028.738	7314	0.0217381
4220	1028.982	7250	0.0215479
4221	1029.226	7241	0.0215211
4222	1029.470	7189	0.0213666
4223	1029.713	7282	0.021643
4224	1029.957	7388	0.021958
4225	1030.201	7309	0.0217232
4226	1030.445	6990	0.0207751
4227	1030.689	7326	0.0217738
4228	1030.933	7174	0.021322
4229	1031.177	7240	0.0215182
4230	1031.421	7340	0.0218154
4231	1031.664	7094	0.0210842
4232	1031.908	7429	0.0220799
4233	1032.152	6965	0.0207008
4234	1032.396	7193	0.0213785
4235	1032.640	7202	0.0214052
4236	1032.884	7253	0.0215568
4237	1033.128	7205	0.0214141
4238	1033.371	7265	0.0215925
4239	1033.615	7178	0.0213339
4240	1033.859	7304	0.0217084
4241	1034.103	7152	0.0212566
4242	1034.347	7239	0.0215152
4243	1034.591	7178	0.0213339
4244	1034.835	7187	0.0213606
4245	1035.078	7278	0.0216311
4246	1035.322	7203	0.0214082
4247	1035.566	7085	0.0210575
4248	1035.810	7135	0.0212061
4249	1036.054	7110	0.0211318
4250	1036.298	7218	0.0214528
4251	1036.542	7112	0.0211377
4252	1036.786	7138	0.021215
4253	1037.029	7200	0.0213993
4254	1037.273	7152	0.0212566
4255	1037.517	7355	0.02186
4256	1037.761	7059	0.0209802
4257	1038.005	7189	0.0213666
4258	1038.249	7187	0.0213606
4259	1038.493	7258	0.0215717
4260	1038.736	7211	0.021432
4261	1038.980	7213	0.0214379
4262	1039.224	6999	0.0208019
4263	1039.468	7093	0.0210813
4264	1039.712	7169	0.0213071
4265	1039.956	7252	0.0215538
4266	1040.200	7120	0.0211615
4267	1040.444	7164	0.0212923
4268	1040.687	7057	0.0209743
4269	1040.931	7321	0.0217589
4270	1041.175	7086	0.0210605
4271	1041.419	7083	0.0210515
4272	1041.663	7153	0.0212596
4273	1041.907	7128	0.0211853
4274	1042.151	7272	0.0216133
4275	1042.394	6911	0.0205403
4276	1042.638	7110	0.0211318
4277	1042.882	7210	0.021429
4278	1043.126	7106	0.0211199
4279	1043.370	7128	0.0211853
4280	1043.614	7088	0.0210664
4281	1043.858	7051	0.0209564
4282	1044.101	7039	0.0209208
4283	1044.345	7063	0.0209921
4284	1044.589	7021	0.0208673
4285	1044.833	6925	0.0205819
4286	1045.077	7130	0.0211912
4287	1045.321	6983	0.0207543
4288	1045.565	7233	0.0214974
4289	1045.809	7140	0.0212209
4290	1046.052	7111	0.0211348
4291	1046.296	7152	0.0212566
4292	1046.540	7196	0.0213874
4293	1046.784	7014	0.0208465
4294	1047.028	7057	0.0209743
4295	1047.272	7031	0.020897
4296	1047.516	6994	0.020787
4297	1047.759	7138	0.021215
4298	1048.003	7124	0.0211734
4299	1048.247	7004	0.0208167
4300	1048.491	7032	0.0209
4301	1048.735	7142	0.0212269
4302	1048.979	7265	0.0215925
4303	1049.223	7033	0.0209029
4304	1049.466	7058	0.0209772
4305	1049.710	7228	0.0214825
4306	1049.954	7057	0.0209743
4307	1050.198	7031	0.020897
4308	1050.442	7080	0.0210426
4309	1050.686	7013	0.0208435
4310	1050.930	7075	0.0210278
4311	1051.174	7105	0.0211169
4312	1051.417	7019	0.0208613
4313	1051.661	7071	0.0210159
4314	1051.905	7029	0.020891
4315	1052.149	6950	0.0206562
4316	1052.393	7148	0.0212447
4317	1052.637	7015	0.0208494
4318	1052.881	7019	0.0208613
4319	1053.124	7070	0.0210129
4320	1053.368	6979	0.0207424
4321	1053.612	7008	0.0208286
4322	1053.856	6957	0.020677
4323	1054.100	7070	0.0210129
4324	1054.344	6955	0.0206711
4325	1054.588	6932	0.0206027
4326	1054.832	7087	0.0210634
4327	1055.075	7052	0.0209594
4328	1055.319	6942	0.0206325
4329	1055.563	6879	0.0204452
4330	1055.807	7041	0.0209267
4331	1056.051	7129	0.0211883
4332	1056.295	7025	0.0208792
4333	1056.539	7019	0.0208613
4334	1056.782	7112	0.0211377
4335	1057.026	6954	0.0206681
4336	1057.270	7086	0.0210605
4337	1057.514	7077	0.0210337
4338	1057.758	6969	0.0207127
4339	1058.002	6803	0.0202193
4340	1058.246	7089	0.0210694
4341	1058.489	6959	0.020683
4342	1058.733	7027	0.0208851
4343	1058.977	6914	0.0205492
4344	1059.221	7172	0.0213161
4345	1059.465	7015	0.0208494
4346	1059.709	7028	0.0208881
4347	1059.953	6975	0.0207305
4348	1060.197	7089	0.0210694
4349	1060.440	6901	0.0205106
4350	1060.684	6859	0.0203858
4351	1060.928	6941	0.0206295
4352	1061.172	6947	0.0206473
4353	1061.416	7175	0.021325
4354	1061.660	7207	0.0214201
4355	1061.904	7092	0.0210783
4356	1062.147	6962	0.0206919
4357	1062.391	7055	0.0209683
4358	1062.635	7095	0.0210872
4359	1062.879	6917	0.0205582
4360	1063.123	7004	0.0208167
4361	1063.367	7064	0.0209951
4362	1063.611	7148	0.0212447
4363	1063.855	7133	0.0212001
4364	1064.098	7038	0.0209178
4365	1064.342	6958	0.02068
4366	1064.586	6957	0.020677
4367	1064.830	6995	0.02079
4368	1065.074	7031	0.020897
4369	1065.318	7042	0.0209297
4370	1065.562	6900	0.0205076
4371	1065.805	6992	0.0207811
4372	1066.049	6936	0.0206146
4373	1066.293	6996	0.020793
4374	1066.537	6973	0.0207246
4375	1066.781	7113	0.0211407
4376	1067.025	6780	0.020151
4377	1067.269	6966	0.0207038
4378	1067.512	7058	0.0209772
4379	1067.756	6987	0.0207662
4380	1068.000	7129	0.0211883
4381	1068.244	6975	0.0207305
4382	1068.488	7070	0.0210129
4383	1068.732	7050	0.0209535
4384	1068.976	6903	0.0205166
4385	1069.220	7030	0.020894
4386	1069.463	7112	0.0211377
4387	1069.707	6955	0.0206711
4388	1069.951	7018	0.0208583
4389	1070.195	7209	0.021426
4390	1070.439	6878	0.0204423
4391	1070.683	6888	0.020472
4392	1070.927	7048	0.0209475
4393	1071.170	6942	0.0206325
4394	1071.414	7011	0.0208375
4395	1071.658	7034	0.0209059
4396	1071.902	7119	0.0211585
4397	1072.146	7112	0.0211377
4398	1072.390	7090	0.0210723
4399	1072.634	7120	0.0211615
4400	1072.877	6866	0.0204066
4401	1073.121	7003	0.0208138
4402	1073.365	6996	0.020793
4403	1073.609	6921	0.0205701
4404	1073.853	6942	0.0206325
4405	1074.097	7117	0.0211526
4406	1074.341	6907	0.0205284
4407	1074.585	7231	0.0214914
4408	1074.828	7030	0.020894
4409	1075.072	7138	0.021215
4410	1075.316	7108	0.0211258
4411	1075.560	7074	0.0210248
4412	1075.804	7067	0.021004
4413	1076.048	6894	0.0204898
4414	1076.292	7228	0.0214825
4415	1076.535	7227	0.0214795
4416	1076.779	7161	0.0212834
4417	1077.023	7118	0.0211556
4418	1077.267	6925	0.0205819
4419	1077.511	7231	0.0214914
4420	1077.755	7248	0.0215419
4421	1077.999	6995	0.02079
4422	1078.243	7087	0.0210634
4423	1078.486	7129	0.0211883
4424	1078.730	7081	0.0210456
4425	1078.974	7238	0.0215122
4426	1079.218	7124	0.0211734
4427	1079.462	7144	0.0212328
4428	1079.706	7097	0.0210931
4429	1079.950	7120	0.0211615
4430	1080.193	7141	0.0212239
4431	1080.437	7197	0.0213904
4432	1080.681	7135	0.0212061
4433	1080.925	7172	0.0213161
4434	1081.169	7153	0.0212596
4435	1081.413	7085	0.0210575
4436	1081.657	7069	0.0210099
4437	1081.900	7196	0.0213874
4438	1082.144	7212	0.0214349
4439	1082.388	7215	0.0214439
4440	1082.632	7253	0.0215568
4441	1082.876	7121	0.0211645
4442	1083.120	7114	0.0211437
4443	1083.364	7025	0.0208792
4444	1083.608	7228	0.0214825
4445	1083.851	7085	0.0210575
4446	1084.095	7111	0.0211348
4447	1084.339	7099	0.0210991
4448	1084.583	7200	0.0213993
4449	1084.827	7072	0.0210188
4450	1085.071	7296	0.0216846
4451	1085.315	7093	0.0210813
4452	1085.558	7287	0.0216578
4453	1085.802	7137	0.021212
4454	1086.046	7156	0.0212685
4455	1086.290	7100	0.0211021
4456	1086.534	7202	0.0214052
4457	1086.778	7133	0.0212001
4458	1087.022	7285	0.0216519
4459	1087.265	7152	0.0212566
4460	1087.509	7227	0.0214795
4461	1087.753	7319	0.021753
4462	1087.997	7069	0.0210099
4463	1088.241	7121	0.0211645
4464	1088.485	7254	0.0215598
4465	1088.729	7259	0.0215746
4466	1088.973	7167	0.0213012
4467	1089.216	7251	0.0215509
4468	1089.460	7240	0.0215182
4469	1089.704	7220	0.0214587
4470	1089.948	7215	0.0214439
4471	1090.192	7298	0.0216905
4472	1090.436	7315	0.0217411
4473	1090.680	7166	0.0212982
4474	1090.923	7253	0.0215568
4475	1091.167	7241	0.0215211
4476	1091.411	7319	0.021753
4477	1091.655	7139	0.021218
4478	1091.899	7319	0.021753
4479	1092.143	7285	0.0216519
4480	1092.387	7390	0.021964
4481	1092.631	7250	0.0215479
4482	1092.874	7304	0.0217084
4483	1093.118	7239	0.0215152
4484	1093.362	7399	0.0219907
4485	1093.606	7437	0.0221037
4486	1093.850	7250	0.0215479
4487	1094.094	7254	0.0215598
4488	1094.338	7302	0.0217024
4489	1094.581	7491	0.0222642
4490	1094.825	7231	0.0214914
4491	1095.069	7357	0.0218659
4492	1095.313	7385	0.0219491
4493	1095.557	7327	0.0217767
4494	1095.801	7418	0.0220472
4495	1096.045	7298	0.0216905
4496	1096.288	7284	0.0216489
4497	1096.532	7344	0.0218273
4498	1096.776	7265	0.0215925
4499	1097.020	7346	0.0218332
4500	1097.264	7260	0.0215776
4501	1097.508	7195	0.0213844
4502	1097.752	7351	0.0218481
4503	1097.996	7039	0.0209208
4504	1098.239	7231	0.0214914
4505	1098.483	7263	0.0215865
4506	1098.727	7258	0.0215717
4507	1098.971	7296	0.0216846
4508	1099.215	7409	0.0220204
4509	1099.459	7403	0.0220026
4510	1099.703	7497	0.022282
4511	1099.946	7364	0.0218867
4512	1100.190	7364	0.0218867
4513	1100.434	7295	0.0216816
4514	1100.678	7458	0.0221661
4515	1100.922	7473	0.0222107
4516	1101.166	7221	0.0214617
4517	1101.410	7412	0.0220294
4518	1101.653	7391	0.021967
4519	1101.897	7482	0.0222374
4520	1102.141	7439	0.0221096
4521	1102.385	7408	0.0220175
4522	1102.629	7530	0.0223801
4523	1102.873	7411	0.0220264
4524	1103.117	7428	0.0220769
4525	1103.361	7318	0.02175
4526	1103.604	7455	0.0221572
4527	1103.848	7509	0.0223177
4528	1104.092	7465	0.0221869
4529	1104.336	7381	0.0219372
4530	1104.580	7349	0.0218421
4531	1104.824	7520	0.0223504
4532	1105.068	7468	0.0221958
4533	1105.311	7359	0.0218718
4534	1105.555	7346	0.0218332
4535	1105.799	7508	0.0223147
4536	1106.043	7420	0.0220531
4537	1106.287	7574	0.0225108
4538	1106.531	7446	0.0221304
4539	1106.775	7393	0.0219729
4540	1107.019	7398	0.0219878
4541	1107.262	7523	0.0223593
4542	1107.506	7594	0.0225703
4543	1107.750	7362	0.0218808
4544	1107.994	7459	0.0221691
4545	1108.238	7428	0.0220769
4546	1108.482	7560	0.0224692
4547	1108.726	7531	0.022383
4548	1108.969	7482	0.0222374
4549	1109.213	7505	0.0223058
4550	1109.457	7344	0.0218273
4551	1109.701	7535	0.0223949
4552	1109.945	7350	0.0218451
4553	1110.189	7354	0.021857
4554	1110.433	7516	0.0223385
4555	1110.676	7556	0.0224574
4556	1110.920	7461	0.022175
4557	1111.164	7277	0.0216281
4558	1111.408	7538	0.0224039
4559	1111.652	7491	0.0222642
4560	1111.896	7342	0.0218213
4561	1112.140	7350	0.0218451
4562	1112.384	7420	0.0220531
4563	1112.627	7282	0.021643
4564	1112.871	7358	0.0218689
4565	1113.115	7379	0.0219313
4566	1113.359	7375	0.0219194
4567	1113.603	7481	0.0222344
4568	1113.847	7345	0.0218302
4569	1114.091	7419	0.0220502
4570	1114.334	7361	0.0218778
4571	1114.578	7224	0.0214706
4572	1114.822	7199	0.0213963
4573	1115.066	7303	0.0217054
4574	1115.310	7116	0.0211496
4575	1115.554	7239	0.0215152
4576	1115.798	7160	0.0212804
4577	1116.042	7227	0.0214795
4578	1116.285	7153	0.0212596
4579	1116.529	7073	0.0210218
4580	1116.773	7093	0.0210813
4581	1117.017	6866	0.0204066
4582	1117.261	7064	0.0209951
4583	1117.505	6896	0.0204957
4584	1117.749	6794	0.0201926
4585	1117.992	6886	0.020466
4586	1118.236	6834	0.0203115
4587	1118.480	6700	0.0199132
4588	1118.724	6711	0.0199459
4589	1118.968	6547	0.0194585
4590	1119.212	6505	0.0193337
4591	1119.456	6618	0.0196695
4592	1119.699	6212	0.0184628
4593	1119.943	6496	0.0193069
4594	1120.187	6144	0.0182607
4595	1120.431	6287	0.0186857
4596	1120.675	6192	0.0184034
4597	1120.919	6151	0.0182815
4598	1121.163	6149	0.0182756
4599	1121.407	6106	0.0181478
4600	1121.650	6024	0.0179041
4601	1121.894	6085	0.0180854
4602	1122.138	6012	0.0178684
4603	1122.382	5947	0.0176752
4604	1122.626	5843	0.0173661
4605	1122.870	5779	0.0171759
4606	1123.114	5869	0.0174434
4607	1123.357	5812	0.017274
4608	1123.601	5744	0.0170719
4609	1123.845	5755	0.0171046
4610	1124.089	5683	0.0168906
4611	1124.333	5802	0.0172442
4612	1124.577	5587	0.0166052
4613	1124.821	5737	0.0170511
4614	1125.064	5649	0.0167895
4615	1125.308	5631	0.016736
4616	1125.552	5624	0.0167152
4617	1125.796	5709	0.0169678
4618	1126.040	5655	0.0168073
4619	1126.284	5620	0.0167033
4620	1126.528	5546	0.0164834
4621	1126.772	5530	0.0164358
4622	1127.015	5503	0.0163556
4623	1127.259	5480	0.0162872
4624	1127.503	5574	0.0165666
4625	1127.747	5710	0.0169708
4626	1127.991	5550	0.0164953
4627	1128.235	5512	0.0163823
4628	1128.479	5450	0.0161981
4629	1128.722	5530	0.0164358
4630	1128.966	5438	0.0161624
4631	1129.210	5530	0.0164358
4632	1129.454	5432	0.0161446
4633	1129.698	5467	0.0162486
4634	1129.942	5389	0.0160168
4635	1130.186	5420	0.0161089
4636	1130.430	5438	0.0161624
4637	1130.673	5402	0.0160554
4638	1130.917	5395	0.0160346
4639	1131.161	5214	0.0154966
4640	1131.405	5415	0.016094
4641	1131.649	5397	0.0160405
4642	1131.893	5325	0.0158265
4643	1132.137	5397	0.0160405
4644	1132.380	5408	0.0160732
4645	1132.624	5321	0.0158147
4646	1132.868	5278	0.0156869
4647	1133.112	5333	0.0158503
4648	1133.356	5253	0.0156126
4649	1133.600	5298	0.0157463
4650	1133.844	5286	0.0157106
4651	1134.087	5227	0.0155353
4652	1134.331	5377	0.0159811
4653	1134.575	5321	0.0158147
4654	1134.819	5075	0.0150835
4655	1135.063	5386	0.0160078
4656	1135.307	5291	0.0157255
4657	1135.551	5370	0.0159603
4658	1135.795	5239	0.0155709
4659	1136.038	5275	0.0156779
4660	1136.282	5262	0.0156393
4661	1136.526	5115	0.0152024
4662	1136.770	5204	0.0154669
4663	1137.014	5275	0.0156779
4664	1137.258	5276	0.0156809
4665	1137.502	5193	0.0154342
4666	1137.745	5282	0.0156987
4667	1137.989	5207	0.0154758
4668	1138.233	5216	0.0155026
4669	1138.477	5196	0.0154431
4670	1138.721	5176	0.0153837
4671	1138.965	5166	0.015354
4672	1139.209	5263	0.0156423
4673	1139.452	5203	0.0154639
4674	1139.696	5186	0.0154134
4675	1139.940	5268	0.0156571
4676	1140.184	5019	0.0149171
4677	1140.428	5102	0.0151638
4678	1140.672	5229	0.0155412
4679	1140.916	5154	0.0153183
4680	1141.160	5107	0.0151786
4681	1141.403	5194	0.0154372
4682	1141.647	5265	0.0156482
4683	1141.891	5228	0.0155383
4684	1142.135	5271	0.0156661
4685	1142.379	5250	0.0156036
4686	1142.623	5056	0.015027
4687	1142.867	5110	0.0151875
4688	1143.110	5219	0.0155115
4689	1143.354	5156	0.0153243
4690	1143.598	5183	0.0154045
4691	1143.842	5198	0.0154491
4692	1144.086	5077	0.0150895
4693	1144.330	5053	0.0150181
4694	1144.574	5053	0.0150181
4695	1144.818	5066	0.0150568
4696	1145.061	4962	0.0147477
4697	1145.305	5020	0.01492
4698	1145.549	5184	0.0154075
4699	1145.793	4992	0.0148368
4700	1146.037	5154	0.0153183
4701	1146.281	5022	0.014926
4702	1146.525	5094	0.01514
4703	1146.768	5175	0.0153807
4704	1147.012	5135	0.0152618
4705	1147.256	4967	0.0147625
4706	1147.500	5046	0.0149973
4707	1147.744	5010	0.0148903
4708	1147.988	4848	0.0144088
4709	1148.232	5168	0.0153599
4710	1148.475	4975	0.0147863
4711	1148.719	5016	0.0149082
4712	1148.963	5036	0.0149676
4713	1149.207	5018	0.0149141
4714	1149.451	5071	0.0150716
4715	1149.695	4918	0.0146169
4716	1149.939	5072	0.0150746
4717	1150.183	4987	0.014822
4718	1150.426	5114	0.0151994
4719	1150.670	4984	0.0148131
4720	1150.914	4924	0.0146347
4721	1151.158	4841	0.014388
4722	1151.402	4907	0.0145842
4723	1151.646	5011	0.0148933
4724	1151.890	4958	0.0147358
4725	1152.133	4963	0.0147506
4726	1152.377	4969	0.0147685
4727	1152.621	4983	0.0148101
4728	1152.865	4899	0.0145604
4729	1153.109	4925	0.0146377
4730	1153.353	4924	0.0146347
4731	1153.597	4810	0.0142959
4732	1153.841	4828	0.0143494
4733	1154.084	4957	0.0147328
4734	1154.328	4853	0.0144237
4735	1154.572	4811	0.0142989
4736	1154.816	4981	0.0148041
4737	1155.060	4888	0.0145277
4738	1155.304	5022	0.014926
4739	1155.548	5030	0.0149498
4740	1155.791	4913	0.014602
4741	1156.035	4856	0.0144326
4742	1156.279	4899	0.0145604
4743	1156.523	4904	0.0145753
4744	1156.767	4936	0.0146704
4745	1157.011	4886	0.0145218
4746	1157.255	4830	0.0143553
4747	1157.498	4850	0.0144148
4748	1157.742	4767	0.0141681
4749	1157.986	4848	0.0144088
4750	1158.230	4863	0.0144534
4751	1158.474	4952	0.0147179
4752	1158.718	4871	0.0144772
4753	1158.962	4674	0.0138917
4754	1159.206	4753	0.0141265
4755	1159.449	4761	0.0141503
4756	1159.693	4983	0.0148101
4757	1159.937	4752	0.0141235
4758	1160.181	4949	0.014709
4759	1160.425	4857	0.0144356
4760	1160.669	4863	0.0144534
4761	1160.913	4677	0.0139006
4762	1161.156	4885	0.0145188
4763	1161.400	4819	0.0143227
4764	1161.644	4682	0.0139155
4765	1161.888	4792	0.0142424
4766	1162.132	4801	0.0142692
4767	1162.376	4835	0.0143702
4768	1162.620	4803	0.0142751
4769	1162.863	4796	0.0142543
4770	1163.107	4855	0.0144296
4771	1163.351	4779	0.0142038
4772	1163.595	4763	0.0141562
4773	1163.839	4855	0.0144296
4774	1164.083	4837	0.0143762
4775	1164.327	4805	0.014281
4776	1164.571	4822	0.0143316
4777	1164.814	4846	0.0144029
4778	1165.058	4662	0.013856
4779	1165.302	4735	0.014073
4780	1165.546	4703	0.0139779
4781	1165.790	4834	0.0143672
4782	1166.034	4866	0.0144623
4783	1166.278	4857	0.0144356
4784	1166.521	4595	0.0136569
4785	1166.765	4736	0.014076
4786	1167.009	4774	0.0141889
4787	1167.253	4708	0.0139927
4788	1167.497	4738	0.0140819
4789	1167.741	4791	0.0142394
4790	1167.985	4680	0.0139095
4791	1168.229	4694	0.0139511
4792	1168.472	4804	0.0142781
4793	1168.716	4652	0.0138263
4794	1168.960	4747	0.0141087
4795	1169.204	4693	0.0139482
4796	1169.448	4758	0.0141414
4797	1169.692	4843	0.014394
4798	1169.936	4608	0.0136955
4799	1170.179	4851	0.0144178
4800	1170.423	4731	0.0140611
4801	1170.667	4895	0.0145485
4802	1170.911	5123	0.0152262
4803	1171.155	5244	0.0155858
4804	1171.399	5839	0.0173542
4805	1171.643	6795	0.0201956
4806	1171.886	8967	0.026651
4807	1172.130	13258	0.0394044
4808	1172.374	21641	0.0643197
4809	1172.618	36339	0.108004
4810	1172.862	59789	0.1777
4811	1173.106	93658	0.278363
4812	1173.350	138256	0.410914
4813	1173.594	188583	0.560492
4814	1173.837	236255	0.702179
4815	1174.081	273214	0.812025
4816	1174.325	287961	0.855855
4817	1174.569	278502	0.827742
4818	1174.813	243356	0.723284
4819	1175.057	195613	0.581386
4820	1175.301	144012	0.428021
4821	1175.544	95997	0.285315
4822	1175.788	59483	0.176791
4823	1176.032	34432	0.102336
4824	1176.276	19073	0.0566873
4825	1176.520	11018	0.0327468
4826	1176.764	7200	0.0213993
4827	1177.008	5408	0.0160732
4828	1177.251	4618	0.0137253
4829	1177.495	4403	0.0130863
4830	1177.739	4364	0.0129703
4831	1177.983	4272	0.0126969
4832	1178.227	4430	0.0131665
4833	1178.471	4345	0.0129139
4834	1178.715	4165	0.0123789
4835	1178.959	4414	0.0131189
4836	1179.202	4277	0.0127118
4837	1179.446	4340	0.012899
4838	1179.690	4260	0.0126612
4839	1179.934	4308	0.0128039
4840	1180.178	4309	0.0128069
4841	1180.422	4279	0.0127177
4842	1180.666	4422	0.0131427
4843	1180.909	4223	0.0125513
4844	1181.153	4262	0.0126672
4845	1181.397	4342	0.012905
4846	1181.641	4137	0.0122957
4847	1181.885	4281	0.0127237
4848	1182.129	4182	0.0124294
4849	1182.373	4140	0.0123046
4850	1182.617	4230	0.0125721
4851	1182.860	4078	0.0121203
4852	1183.104	4157	0.0123551
4853	1183.348	4171	0.0123967
4854	1183.592	4203	0.0124918
4855	1183.836	4150	0.0123343
4856	1184.080	4195	0.012468
4857	1184.324	4288	0.0127445
4858	1184.567	4221	0.0125453
4859	1184.811	4183	0.0124324
4860	1185.055	4129	0.0122719
4861	1185.299	4205	0.0124978
4862	1185.543	4124	0.012257
4863	1185.787	4222	0.0125483
4864	1186.031	4082	0.0121322
4865	1186.274	4129	0.0122719
4866	1186.518	4260	0.0126612
4867	1186.762	4237	0.0125929
4868	1187.006	4191	0.0124562
4869	1187.250	4068	0.0120906
4870	1187.494	4073	0.0121055
4871	1187.738	4227	0.0125632
4872	1187.982	4120	0.0122451
4873	1188.225	4121	0.0122481
4874	1188.469	3967	0.0117904
4875	1188.713	4032	0.0119836
4876	1188.957	4172	0.0123997
4877	1189.201	4045	0.0120222
4878	1189.445	4187	0.0124443
4879	1189.689	4144	0.0123165
4880	1189.932	4040	0.0120074
4881	1190.176	4158	0.0123581
4882	1190.420	4107	0.0122065
4883	1190.664	4098	0.0121798
4884	1190.908	4041	0.0120103
4885	1191.152	4032	0.0119836
4886	1191.396	4116	0.0122333
4887	1191.639	3997	0.0118796
4888	1191.883	3997	0.0118796
4889	1192.127	4048	0.0120311
4890	1192.371	4032	0.0119836
4891	1192.615	4014	0.0119301
4892	1192.859	3968	0.0117934
4893	1193.103	4021	0.0119509
4894	1193.347	3984	0.0118409
4895	1193.590	3873	0.011511
4896	1193.834	4015	0.0119331
4897	1194.078	3989	0.0118558
4898	1194.322	3996	0.0118766
4899	1194.566	3867	0.0114932
4900	1194.810	3896	0.0115794
4901	1195.054	3934	0.0116923
4902	1195.297	3988	0.0118528
4903	1195.541	3912	0.0116269
4904	1195.785	3942	0.0117161
4905	1196.029	3921	0.0116537
4906	1196.273	4051	0.0120401
4907	1196.517	3976	0.0118172
4908	1196.761	3910	0.011621
4909	1197.005	3948	0.0117339
4910	1197.248	3760	0.0111752
4911	1197.492	3843	0.0114219
4912	1197.736	3824	0.0113654
4913	1197.980	3903	0.0116002
4914	1198.224	3874	0.011514
4915	1198.468	3861	0.0114754
4916	1198.712	3906	0.0116091
4917	1198.955	3949	0.0117369
4918	1199.199	3804	0.011306
4919	1199.443	3789	0.0112614
4920	1199.687	3762	0.0111811
4921	1199.931	3814	0.0113357
4922	1200.175	3730	0.011086
4923	1200.419	3796	0.0112822
4924	1200.662	3822	0.0113594
4925	1200.906	3700	0.0109968
4926	1201.150	3777	0.0112257
4927	1201.394	3702	0.0110028
4928	1201.638	3795	0.0112792
4929	1201.882	3734	0.0110979
4930	1202.126	3748	0.0111395
4931	1202.370	3758	0.0111692
4932	1202.613	3582	0.0106461
4933	1202.857	3635	0.0108037
4934	1203.101	3743	0.0111247
4935	1203.345	3562	0.0105867
4936	1203.589	3652	0.0108542
4937	1203.833	3742	0.0111217
4938	1204.077	3691	0.0109701
4939	1204.320	3625	0.0107739
4940	1204.564	3604	0.0107115
4941	1204.808	3733	0.0110949
4942	1205.052	3663	0.0108869
4943	1205.296	3523	0.0104708
4944	1205.540	3634	0.0108007
4945	1205.784	3694	0.010979
4946	1206.028	3671	0.0109107
4947	1206.271	3584	0.0106521
4948	1206.515	3658	0.010872
4949	1206.759	3720	0.0110563
4950	1207.003	3639	0.0108156
4951	1207.247	3602	0.0107056
4952	1207.491	3570	0.0106105
4953	1207.735	3526	0.0104797
4954	1207.978	3650	0.0108482
4955	1208.222	3652	0.0108542
4956	1208.466	3540	0.0105213
4957	1208.710	3601	0.0107026
4958	1208.954	3562	0.0105867
4959	1209.198	3473	0.0103222
4960	1209.442	3523	0.0104708
4961	1209.685	3605	0.0107145
4962	1209.929	3390	0.0100755
4963	1210.173	3475	0.0103281
4964	1210.417	3565	0.0105956
4965	1210.661	3506	0.0104203
4966	1210.905	3559	0.0105778
4967	1211.149	3416	0.0101528
4968	1211.393	3431	0.0101973
4969	1211.636	3401	0.0101082
4970	1211.880	3478	0.010337
4971	1212.124	3471	0.0103162
4972	1212.368	3486	0.0103608
4973	1212.612	3445	0.010239
4974	1212.856	3442	0.01023
4975	1213.100	3444	0.010236
4976	1213.343	3440	0.0102241
4977	1213.587	3439	0.0102211
4978	1213.831	3332	0.00990311
4979	1214.075	3432	0.0102003
4980	1214.319	3394	0.0100874
4981	1214.563	3515	0.010447
4982	1214.807	3400	0.0101052
4983	1215.050	3319	0.00986447
4984	1215.294	3409	0.010132
4985	1215.538	3391	0.0100785
4986	1215.782	3421	0.0101676
4987	1216.026	3405	0.0101201
4988	1216.270	3341	0.00992986
4989	1216.514	3285	0.00976342
4990	1216.758	3236	0.00961779
4991	1217.001	3268	0.00971289
4992	1217.245	3332	0.00990311
4993	1217.489	3337	0.00991797
4994	1217.733	3378	0.0100398
4995	1217.977	3417	0.0101557
4996	1218.221	3340	0.00992689
4997	1218.465	3344	0.00993877
4998	1218.708	3364	0.00999822
4999	1218.952	3423	0.0101736
5000	1219.196	3226	0.00958806
5001	1219.440	3341	0.00992986
5002	1219.684	3302	0.00981395
5003	1219.928	3351	0.00995958
5004	1220.172	3318	0.0098615
5005	1220.416	3318	0.0098615
5006	1220.659	3150	0.00936218
5007	1220.903	3352	0.00996255
5008	1221.147	3248	0.00965345
5009	1221.391	3297	0.00979908
5010	1221.635	3319	0.00986447
5011	1221.879	3347	0.00994769
5012	1222.123	3395	0.0100904
5013	1222.366	3290	0.00977828
5014	1222.610	3181	0.00945432
5015	1222.854	3250	0.00965939
5016	1223.098	3206	0.00952862
5017	1223.342	3161	0.00939488
5018	1223.586	3156	0.00938002
5019	1223.830	3171	0.0094246
5020	1224.073	3223	0.00957915
5021	1224.317	3138	0.00932652
5022	1224.561	3132	0.00930868
5023	1224.805	3222	0.00957618
5024	1225.049	3241	0.00963265
5025	1225.293	3281	0.00975153
5026	1225.537	3111	0.00924627
5027	1225.781	3183	0.00946026
5028	1226.024	3186	0.00946918
5029	1226.268	3173	0.00943054
5030	1226.512	3180	0.00945135
5031	1226.756	3252	0.00966534
5032	1227.000	3141	0.00933543
5033	1227.244	3157	0.00938299
5034	1227.488	3155	0.00937704
5035	1227.731	3161	0.00939488
5036	1227.975	3202	0.00951673
5037	1228.219	3108	0.00923735
5038	1228.463	3189	0.0094781
5039	1228.707	3119	0.00927005
5040	1228.951	3227	0.00959104
5041	1229.195	3202	0.00951673
5042	1229.438	3140	0.00933246
5043	1229.682	3153	0.0093711
5044	1229.926	3166	0.00940974
5045	1230.170	3120	0.00927302
5046	1230.414	3053	0.00907389
5047	1230.658	3175	0.00943649
5048	1230.902	3140	0.00933246
5049	1231.146	3014	0.00895797
5050	1231.389	3096	0.00920169
5051	1231.633	3161	0.00939488
5052	1231.877	3133	0.00931166
5053	1232.121	3141	0.00933543
5054	1232.365	3160	0.0093919
5055	1232.609	3173	0.00943054
5056	1232.853	3144	0.00934435
5057	1233.096	3089	0.00918088
5058	1233.340	3246	0.00964751
5059	1233.584	3030	0.00900553
5060	1233.828	3052	0.00907091
5061	1234.072	3082	0.00916008
5062	1234.316	3030	0.00900553
5063	1234.560	3143	0.00934138
5064	1234.804	3053	0.00907389
5065	1235.047	3037	0.00902633
5066	1235.291	3080	0.00915413
5067	1235.535	3066	0.00911252
5068	1235.779	3107	0.00923438
5069	1236.023	3215	0.00955537
5070	1236.267	2986	0.00887475
5071	1236.511	3101	0.00921655
5072	1236.754	2957	0.00878856
5073	1236.998	3087	0.00917494
5074	1237.242	3066	0.00911252
5075	1237.486	2958	0.00879154
5076	1237.730	3018	0.00896986
5077	1237.974	3084	0.00916602
5078	1238.218	3116	0.00926113
5079	1238.461	3000	0.00891636
5080	1238.705	3099	0.0092106
5081	1238.949	3004	0.00892825
5082	1239.193	3095	0.00919872
5083	1239.437	3022	0.00898175
5084	1239.681	3109	0.00924033
5085	1239.925	3059	0.00909172
5086	1240.169	2994	0.00889853
5087	1240.412	3020	0.00897581
5088	1240.656	2939	0.00873507
5089	1240.900	3001	0.00891934
5090	1241.144	3001	0.00891934
5091	1241.388	3006	0.0089342
5092	1241.632	2933	0.00871723
5093	1241.876	3015	0.00896095
5094	1242.119	2985	0.00887178
5095	1242.363	2985	0.00887178
5096	1242.607	3052	0.00907091
5097	1242.851	2944	0.00874993
5098	1243.095	2946	0.00875587
5099	1243.339	3058	0.00908875
5100	1243.583	2935	0.00872318
5101	1243.826	2991	0.00888962
5102	1244.070	2967	0.00881828
5103	1244.314	2983	0.00886584
5104	1244.558	3023	0.00898472
5105	1244.802	3054	0.00907686
5106	1245.046	2994	0.00889853
5107	1245.290	2894	0.00860132
5108	1245.534	2987	0.00887773
5109	1245.777	2956	0.00878559
5110	1246.021	2986	0.00887475
5111	1246.265	3059	0.00909172
5112	1246.509	3015	0.00896095
5113	1246.753	3000	0.00891636
5114	1246.997	2962	0.00880342
5115	1247.241	3008	0.00894014
5116	1247.484	3084	0.00916602
5117	1247.728	2886	0.00857754
5118	1247.972	3058	0.00908875
5119	1248.216	3016	0.00896392
5120	1248.460	3009	0.00894311
5121	1248.704	2925	0.00869346
5122	1248.948	3004	0.00892825
5123	1249.192	2951	0.00877073
5124	1249.435	2975	0.00884206
5125	1249.679	3057	0.00908578
5126	1249.923	3067	0.0091155
5127	1250.167	2956	0.00878559
5128	1250.411	2995	0.0089015
5129	1250.655	2979	0.00885395
5130	1250.899	3016	0.00896392
5131	1251.142	2971	0.00883017
5132	1251.386	2998	0.00891042
5133	1251.630	2932	0.00871426
5134	1251.874	3049	0.009062
5135	1252.118	2988	0.0088807
5136	1252.362	2968	0.00882126
5137	1252.606	3001	0.00891934
5138	1252.849	2922	0.00868454
5139	1253.093	2896	0.00860726
5140	1253.337	2963	0.0088064
5141	1253.581	2971	0.00883017
5142	1253.825	2948	0.00876181
5143	1254.069	3007	0.00893717
5144	1254.313	2954	0.00877965
5145	1254.557	2967	0.00881828
5146	1254.800	3111	0.00924627
5147	1255.044	3019	0.00897283
5148	1255.288	2939	0.00873507
5149	1255.532	3002	0.00892231
5150	1255.776	2996	0.00890448
5151	1256.020	3000	0.00891636
5152	1256.264	2942	0.00874398
5153	1256.507	3001	0.00891934
5154	1256.751	3055	0.00907983
5155	1256.995	2949	0.00876479
5156	1257.239	2993	0.00889556
5157	1257.483	2920	0.00867859
5158	1257.727	2953	0.00877667
5159	1257.971	3007	0.00893717
5160	1258.215	2987	0.00887773
5161	1258.458	2974	0.00883909
5162	1258.702	3003	0.00892528
5163	1258.946	3020	0.00897581
5164	1259.190	3008	0.00894014
5165	1259.434	3041	0.00903822
5166	1259.678	2906	0.00863699
5167	1259.922	2958	0.00879154
5168	1260.165	3019	0.00897283
5169	1260.409	3050	0.00906497
5170	1260.653	2960	0.00879748
5171	1260.897	2985	0.00887178
5172	1261.141	3024	0.0089877
5173	1261.385	2987	0.00887773
5174	1261.629	2923	0.00868751
5175	1261.872	3037	0.00902633
5176	1262.116	2973	0.00883612
5177	1262.360	2954	0.00877965
5178	1262.604	3012	0.00895203
5179	1262.848	2951	0.00877073
5180	1263.092	2965	0.00881234
5181	1263.336	2897	0.00861024
5182	1263.580	3016	0.00896392
5183	1263.823	2968	0.00882126
5184	1264.067	3060	0.00909469
5185	1264.311	2954	0.00877965
5186	1264.555	2882	0.00856565
5187	1264.799	3038	0.00902931
5188	1265.043	2906	0.00863699
5189	1265.287	3052	0.00907091
5190	1265.530	2975	0.00884206
5191	1265.774	2963	0.0088064
5192	1266.018	2939	0.00873507
5193	1266.262	2945	0.0087529
5194	1266.506	3004	0.00892825
5195	1266.750	2985	0.00887178
5196	1266.994	2943	0.00874695
5197	1267.237	2902	0.0086251
5198	1267.481	2998	0.00891042
5199	1267.725	3096	0.00920169
5200	1267.969	2965	0.00881234
5201	1268.213	3000	0.00891636
5202	1268.457	3021	0.00897878
5203	1268.701	3061	0.00909766
5204	1268.945	3010	0.00894609
5205	1269.188	3034	0.00901742
5206	1269.432	2959	0.00879451
5207	1269.676	2997	0.00890745
5208	1269.920	3082	0.00916008
5209	1270.164	2996	0.00890448
5210	1270.408	2964	0.00880937
5211	1270.652	3038	0.00902931
5212	1270.895	3030	0.00900553
5213	1271.139	2928	0.00870237
5214	1271.383	2922	0.00868454
5215	1271.627	3018	0.00896986
5216	1271.871	3027	0.00899661
5217	1272.115	2947	0.00875884
5218	1272.359	2951	0.00877073
5219	1272.603	2990	0.00888664
5220	1272.846	2923	0.00868751
5221	1273.090	2947	0.00875884
5222	1273.334	3019	0.00897283
5223	1273.578	3155	0.00937704
5224	1273.822	3095	0.00919872
5225	1274.066	3036	0.00902336
5226	1274.310	2969	0.00882423
5227	1274.553	2881	0.00856268
5228	1274.797	3069	0.00912144
5229	1275.041	3021	0.00897878
5230	1275.285	2892	0.00859538
5231	1275.529	3014	0.00895797
5232	1275.773	2850	0.00847055
5233	1276.017	2951	0.00877073
5234	1276.260	2993	0.00889556
5235	1276.504	3041	0.00903822
5236	1276.748	2968	0.00882126
5237	1276.992	3026	0.00899364
5238	1277.236	3046	0.00905308
5239	1277.480	2944	0.00874993
5240	1277.724	3021	0.00897878
5241	1277.968	3011	0.00894906
5242	1278.211	2930	0.00870832
5243	1278.455	3076	0.00914225
5244	1278.699	3039	0.00903228
5245	1278.943	3024	0.0089877
5246	1279.187	2936	0.00872615
5247	1279.431	3071	0.00912739
5248	1279.675	3113	0.00925221
5249	1279.918	3004	0.00892825
5250	1280.162	3040	0.00903525
5251	1280.406	2980	0.00885692
5252	1280.650	3069	0.00912144
5253	1280.894	3080	0.00915413
5254	1281.138	3118	0.00926707
5255	1281.382	2984	0.00886881
5256	1281.625	2964	0.00880937
5257	1281.869	3138	0.00932652
5258	1282.113	2988	0.0088807
5259	1282.357	3078	0.00914819
5260	1282.601	3068	0.00911847
5261	1282.845	2951	0.00877073
5262	1283.089	3077	0.00914522
5263	1283.333	3126	0.00929085
5264	1283.576	3048	0.00905903
5265	1283.820	3054	0.00907686
5266	1284.064	3008	0.00894014
5267	1284.308	3126	0.00929085
5268	1284.552	3053	0.00907389
5269	1284.796	3052	0.00907091
5270	1285.040	3048	0.00905903
5271	1285.283	2993	0.00889556
5272	1285.527	3064	0.00910658
5273	1285.771	3030	0.00900553
5274	1286.015	3034	0.00901742
5275	1286.259	2965	0.00881234
5276	1286.503	2940	0.00873804
5277	1286.747	2971	0.00883017
5278	1286.991	3020	0.00897581
5279	1287.234	3076	0.00914225
5280	1287.478	3068	0.00911847
5281	1287.722	3104	0.00922547
5282	1287.966	2952	0.0087737
5283	1288.210	3084	0.00916602
5284	1288.454	2864	0.00851216
5285	1288.698	3011	0.00894906
5286	1288.941	3019	0.00897283
5287	1289.185	3040	0.00903525
5288	1289.429	3121	0.00927599
5289	1289.673	3020	0.00897581
5290	1289.917	3114	0.00925519
5291	1290.161	3124	0.00928491
5292	1290.405	3013	0.008955
5293	1290.648	3051	0.00906794
5294	1290.892	3067	0.0091155
5295	1291.136	3051	0.00906794
5296	1291.380	3028	0.00899958
5297	1291.624	3028	0.00899958
5298	1291.868	3034	0.00901742
5299	1292.112	3098	0.00920763
5300	1292.356	2986	0.00887475
5301	1292.599	3064	0.00910658
5302	1292.843	3071	0.00912739
5303	1293.087	3035	0.00902039
5304	1293.331	3010	0.00894609
5305	1293.575	3121	0.00927599
5306	1293.819	3187	0.00947215
5307	1294.063	3044	0.00904714
5308	1294.306	3103	0.00922249
5309	1294.550	3127	0.00929382
5310	1294.794	3135	0.0093176
5311	1295.038	3050	0.00906497
5312	1295.282	3072	0.00913036
5313	1295.526	3111	0.00924627
5314	1295.770	3063	0.00910361
5315	1296.013	3131	0.00930571
5316	1296.257	3046	0.00905308
5317	1296.501	3162	0.00939785
5318	1296.745	3199	0.00950782
5319	1296.989	3123	0.00928194
5320	1297.233	3192	0.00948701
5321	1297.477	3055	0.00907983
5322	1297.721	3130	0.00930274
5323	1297.964	3058	0.00908875
5324	1298.208	3006	0.0089342
5325	1298.452	3089	0.00918088
5326	1298.696	3122	0.00927896
5327	1298.940	3032	0.00901147
5328	1299.184	3050	0.00906497
5329	1299.428	3055	0.00907983
5330	1299.671	3142	0.00933841
5331	1299.915	3100	0.00921358
5332	1300.159	3111	0.00924627
5333	1300.403	3150	0.00936218
5334	1300.647	3110	0.0092433
5335	1300.891	3076	0.00914225
5336	1301.135	3093	0.00919277
5337	1301.379	3044	0.00904714
5338	1301.622	3162	0.00939785
5339	1301.866	3090	0.00918386
5340	1302.110	3146	0.00935029
5341	1302.354	3150	0.00936218
5342	1302.598	3121	0.00927599
5343	1302.842	3097	0.00920466
5344	1303.086	3135	0.0093176
5345	1303.329	3050	0.00906497
5346	1303.573	3113	0.00925221
5347	1303.817	3135	0.0093176
5348	1304.061	3061	0.00909766
5349	1304.305	3179	0.00944837
5350	1304.549	3065	0.00910955
5351	1304.793	3087	0.00917494
5352	1305.036	3206	0.00952862
5353	1305.280	3073	0.00913333
5354	1305.524	3113	0.00925221
5355	1305.768	3002	0.00892231
5356	1306.012	3186	0.00946918
5357	1306.256	3046	0.00905308
5358	1306.500	3149	0.00935921
5359	1306.744	3094	0.00919574
5360	1306.987	3184	0.00946323
5361	1307.231	3130	0.00930274
5362	1307.475	3201	0.00951376
5363	1307.719	3111	0.00924627
5364	1307.963	3090	0.00918386
5365	1308.207	3132	0.00930868
5366	1308.451	3140	0.00933246
5367	1308.694	3210	0.00954051
5368	1308.938	3311	0.00984069
5369	1309.182	3164	0.00940379
5370	1309.426	3105	0.00922844
5371	1309.670	3188	0.00947512
5372	1309.914	3106	0.00923141
5373	1310.158	3026	0.00899364
5374	1310.402	3202	0.00951673
5375	1310.645	3234	0.00961184
5376	1310.889	3098	0.00920763
5377	1311.133	3198	0.00950484
5378	1311.377	3055	0.00907983
5379	1311.621	3113	0.00925221
5380	1311.865	3134	0.00931463
5381	1312.109	3007	0.00893717
5382	1312.352	3136	0.00932057
5383	1312.596	3168	0.00941568
5384	1312.840	3104	0.00922547
5385	1313.084	3125	0.00928788
5386	1313.328	3185	0.00946621
5387	1313.572	3100	0.00921358
5388	1313.816	3092	0.0091898
5389	1314.059	3119	0.00927005
5390	1314.303	3102	0.00921952
5391	1314.547	3232	0.0096059
5392	1314.791	3128	0.0092968
5393	1315.035	3077	0.00914522
5394	1315.279	3168	0.00941568
5395	1315.523	3133	0.00931166
5396	1315.767	3136	0.00932057
5397	1316.010	3147	0.00935327
5398	1316.254	3181	0.00945432
5399	1316.498	3176	0.00943946
5400	1316.742	3215	0.00955537
5401	1316.986	3254	0.00967128
5402	1317.230	3223	0.00957915
5403	1317.474	3212	0.00954645
5404	1317.717	3196	0.0094989
5405	1317.961	3162	0.00939785
5406	1318.205	3224	0.00958212
5407	1318.449	3150	0.00936218
5408	1318.693	3144	0.00934435
5409	1318.937	3144	0.00934435
5410	1319.181	3276	0.00973667
5411	1319.424	3227	0.00959104
5412	1319.668	3184	0.00946323
5413	1319.912	3348	0.00995066
5414	1320.156	3295	0.00979314
5415	1320.400	3287	0.00976936
5416	1320.644	3211	0.00954348
5417	1320.888	3229	0.00959698
5418	1321.132	3272	0.00972478
5419	1321.375	3175	0.00943649
5420	1321.619	3395	0.0100904
5421	1321.863	3241	0.00963265
5422	1322.107	3405	0.0101201
5423	1322.351	3485	0.0103578
5424	1322.595	3523	0.0104708
5425	1322.839	3737	0.0111068
5426	1323.082	3799	0.0112911
5427	1323.326	3996	0.0118766
5428	1323.570	4361	0.0129614
5429	1323.814	4819	0.0143227
5430	1324.058	5523	0.016415
5431	1324.302	6146	0.0182667
5432	1324.546	7021	0.0208673
5433	1324.790	7962	0.023664
5434	1325.033	9064	0.0269393
5435	1325.277	9824	0.0291981
5436	1325.521	10727	0.0318819
5437	1325.765	11186	0.0332462
5438	1326.009	11560	0.0343577
5439	1326.253	11616	0.0345242
5440	1326.497	11413	0.0339208
5441	1326.740	10642	0.0316293
5442	1326.984	10191	0.0302889
5443	1327.228	9107	0.0270671
5444	1327.472	8160	0.0242525
5445	1327.716	7385	0.0219491
5446	1327.960	6399	0.0190186
5447	1328.204	5678	0.0168757
5448	1328.447	5001	0.0148636
5449	1328.691	4495	0.0133597
5450	1328.935	4309	0.0128069
5451	1329.179	4070	0.0120965
5452	1329.423	3752	0.0111514
5453	1329.667	3690	0.0109671
5454	1329.911	3926	0.0116685
5455	1330.155	3976	0.0118172
5456	1330.398	4225	0.0125572
5457	1330.642	4635	0.0137758
5458	1330.886	5517	0.0163972
5459	1331.130	7637	0.0226981
5460	1331.374	11459	0.0340575
5461	1331.618	18179	0.0540302
5462	1331.862	30147	0.0896005
5463	1332.105	48372	0.143767
5464	1332.349	74788	0.222279
5465	1332.593	110062	0.327118
5466	1332.837	150572	0.447518
5467	1333.081	191626	0.569536
5468	1333.325	225048	0.66887
5469	1333.569	242527	0.72082
5470	1333.812	241774	0.718582
5471	1334.056	222930	0.662575
5472	1334.300	187166	0.55628
5473	1334.544	144598	0.429763
5474	1334.788	103475	0.30754
5475	1335.032	67761	0.201394
5476	1335.276	41304	0.122761
5477	1335.520	23693	0.0704185
5478	1335.763	13321	0.0395916
5479	1336.007	8032	0.0238721
5480	1336.251	5143	0.0152856
5481	1336.495	4005	0.0119033
5482	1336.739	3375	0.0100309
5483	1336.983	3327	0.00988825
5484	1337.227	3366	0.0100042
5485	1337.470	3289	0.00977531
5486	1337.714	3129	0.00929977
5487	1337.958	3255	0.00967426
5488	1338.202	3265	0.00970398
5489	1338.446	3070	0.00912441
5490	1338.690	3288	0.00977234
5491	1338.934	3251	0.00966237
5492	1339.178	3295	0.00979314
5493	1339.421	3280	0.00974856
5494	1339.665	3188	0.00947512
5495	1339.909	3237	0.00962076
5496	1340.153	3260	0.00968912
5497	1340.397	3244	0.00964156
5498	1340.641	3245	0.00964453
5499	1340.885	3202	0.00951673
5500	1341.128	3192	0.00948701
5501	1341.372	3300	0.009808
5502	1341.616	3146	0.00935029
5503	1341.860	3272	0.00972478
5504	1342.104	3185	0.00946621
5505	1342.348	3145	0.00934732
5506	1342.592	3224	0.00958212
5507	1342.835	3216	0.00955834
5508	1343.079	3232	0.0096059
5509	1343.323	3230	0.00959995
5510	1343.567	3209	0.00953754
5511	1343.811	3145	0.00934732
5512	1344.055	3227	0.00959104
5513	1344.299	3212	0.00954645
5514	1344.543	3162	0.00939785
5515	1344.786	3149	0.00935921
5516	1345.030	3188	0.00947512
5517	1345.274	3225	0.00958509
5518	1345.518	3198	0.00950484
5519	1345.762	3281	0.00975153
5520	1346.006	3277	0.00973964
5521	1346.250	3268	0.00971289
5522	1346.493	3132	0.00930868
5523	1346.737	3238	0.00962373
5524	1346.981	3152	0.00936813
5525	1347.225	3329	0.00989419
5526	1347.469	3165	0.00940676
5527	1347.713	3224	0.00958212
5528	1347.957	3203	0.00951971
5529	1348.200	3165	0.00940676
5530	1348.444	3228	0.00959401
5531	1348.688	3241	0.00963265
5532	1348.932	3270	0.00971884
5533	1349.176	3171	0.0094246
5534	1349.420	3140	0.00933246
5535	1349.664	3206	0.00952862
5536	1349.908	3155	0.00937704
5537	1350.151	3265	0.00970398
5538	1350.395	3262	0.00969506
5539	1350.639	3310	0.00983772
5540	1350.883	3262	0.00969506
5541	1351.127	3213	0.00954943
5542	1351.371	3201	0.00951376
5543	1351.615	3249	0.00965642
5544	1351.858	3193	0.00948998
5545	1352.102	3174	0.00943351
5546	1352.346	3269	0.00971587
5547	1352.590	3283	0.00975747
5548	1352.834	3304	0.00981989
5549	1353.078	3246	0.00964751
5550	1353.322	3233	0.00960887
5551	1353.566	3238	0.00962373
5552	1353.809	3314	0.00984961
5553	1354.053	3229	0.00959698
5554	1354.297	3155	0.00937704
5555	1354.541	3173	0.00943054
5556	1354.785	3165	0.00940676
5557	1355.029	3280	0.00974856
5558	1355.273	3355	0.00997147
5559	1355.516	3351	0.00995958
5560	1355.760	3172	0.00942757
5561	1356.004	3323	0.00987636
5562	1356.248	3309	0.00983475
5563	1356.492	3251	0.00966237
5564	1356.736	3249	0.00965642
5565	1356.980	3260	0.00968912
5566	1357.223	3296	0.00979611
5567	1357.467	3339	0.00992391
5568	1357.711	3266	0.00970695
5569	1357.955	3207	0.00953159
5570	1358.199	3111	0.00924627
5571	1358.443	3183	0.00946026
5572	1358.687	3287	0.00976936
5573	1358.931	3249	0.00965642
5574	1359.174	3344	0.00993877
5575	1359.418	3209	0.00953754
5576	1359.662	3266	0.00970695
5577	1359.906	3238	0.00962373
5578	1360.150	3181	0.00945432
5579	1360.394	3215	0.00955537
5580	1360.638	3307	0.00982881
5581	1360.881	3157	0.00938299
5582	1361.125	3225	0.00958509
5583	1361.369	3235	0.00961481
5584	1361.613	3189	0.0094781
5585	1361.857	3244	0.00964156
5586	1362.101	3254	0.00967128
5587	1362.345	3289	0.00977531
5588	1362.589	3237	0.00962076
5589	1362.832	3279	0.00974559
5590	1363.076	3164	0.00940379
5591	1363.320	3221	0.0095732
5592	1363.564	3317	0.00985853
5593	1363.808	3265	0.00970398
5594	1364.052	3143	0.00934138
5595	1364.296	3242	0.00963562
5596	1364.539	3270	0.00971884
5597	1364.783	3235	0.00961481
5598	1365.027	3260	0.00968912
5599	1365.271	3331	0.00990014
5600	1365.515	3281	0.00975153
5601	1365.759	3303	0.00981692
5602	1366.003	3165	0.00940676
5603	1366.246	3261	0.00969209
5604	1366.490	3261	0.00969209
5605	1366.734	3236	0.00961779
5606	1366.978	3258	0.00968317
5607	1367.222	3248	0.00965345
5608	1367.466	3264	0.009701
5609	1367.710	3210	0.00954051
5610	1367.954	3191	0.00948404
5611	1368.197	3345	0.00994175
5612	1368.441	3246	0.00964751
5613	1368.685	3241	0.00963265
5614	1368.929	3225	0.00958509
5615	1369.173	3247	0.00965048
5616	1369.417	3328	0.00989122
5617	1369.661	3396	0.0100933
5618	1369.904	3280	0.00974856
5619	1370.148	3321	0.00987042
5620	1370.392	3342	0.00993283
5621	1370.636	3167	0.00941271
5622	1370.880	3193	0.00948998
5623	1371.124	3360	0.00998633
5624	1371.368	3210	0.00954051
5625	1371.611	3237	0.00962076
5626	1371.855	3372	0.010022
5627	1372.099	3352	0.00996255
5628	1372.343	3281	0.00975153
5629	1372.587	3421	0.0101676
5630	1372.831	3296	0.00979611
5631	1373.075	3242	0.00963562
5632	1373.319	3310	0.00983772
5633	1373.562	3258	0.00968317
5634	1373.806	3224	0.00958212
5635	1374.050	3381	0.0100487
5636	1374.294	3334	0.00990905
5637	1374.538	3361	0.0099893
5638	1374.782	3345	0.00994175
5639	1375.026	3234	0.00961184
5640	1375.269	3280	0.00974856
5641	1375.513	3294	0.00979017
5642	1375.757	3115	0.00925816
5643	1376.001	3259	0.00968614
5644	1376.245	3239	0.0096267
5645	1376.489	3275	0.0097337
5646	1376.733	3423	0.0101736
5647	1376.977	3322	0.00987339
5648	1377.220	3272	0.00972478
5649	1377.464	3332	0.00990311
5650	1377.708	3254	0.00967128
5651	1377.952	3368	0.0100101
5652	1378.196	3420	0.0101647
5653	1378.440	3328	0.00989122
5654	1378.684	3315	0.00985258
5655	1378.927	3264	0.009701
5656	1379.171	3318	0.0098615
5657	1379.415	3328	0.00989122
5658	1379.659	3379	0.0100428
5659	1379.903	3324	0.00987933
5660	1380.147	3363	0.00999524
5661	1380.391	3351	0.00995958
5662	1380.634	3260	0.00968912
5663	1380.878	3312	0.00984367
5664	1381.122	3248	0.00965345
5665	1381.366	3358	0.00998038
5666	1381.610	3314	0.00984961
5667	1381.854	3431	0.0101973
5668	1382.098	3388	0.0100695
5669	1382.342	3311	0.00984069
5670	1382.585	3393	0.0100844
5671	1382.829	3326	0.00988528
5672	1383.073	3289	0.00977531
5673	1383.317	3343	0.0099358
5674	1383.561	3402	0.0101112
5675	1383.805	3341	0.00992986
5676	1384.049	3409	0.010132
5677	1384.292	3405	0.0101201
5678	1384.536	3427	0.0101855
5679	1384.780	3361	0.0099893
5680	1385.024	3383	0.0100547
5681	1385.268	3321	0.00987042
5682	1385.512	3415	0.0101498
5683	1385.756	3444	0.010236
5684	1385.999	3450	0.0102538
5685	1386.243	3434	0.0102063
5686	1386.487	3394	0.0100874
5687	1386.731	3141	0.00933543
5688	1386.975	3300	0.009808
5689	1387.219	3458	0.0102776
5690	1387.463	3455	0.0102687
5691	1387.707	3395	0.0100904
5692	1387.950	3301	0.00981097
5693	1388.194	3454	0.0102657
5694	1388.438	3410	0.0101349
5695	1388.682	3453	0.0102627
5696	1388.926	3320	0.00986744
5697	1389.170	3396	0.0100933
5698	1389.414	3258	0.00968317
5699	1389.657	3380	0.0100458
5700	1389.901	3321	0.00987042
5701	1390.145	3372	0.010022
5702	1390.389	3320	0.00986744
5703	1390.633	3389	0.0100725
5704	1390.877	3356	0.00997444
5705	1391.121	3402	0.0101112
5706	1391.365	3326	0.00988528
5707	1391.608	3392	0.0100814
5708	1391.852	3402	0.0101112
5709	1392.096	3317	0.00985853
5710	1392.340	3412	0.0101409
5711	1392.584	3452	0.0102598
5712	1392.828	3355	0.00997147
5713	1393.072	3308	0.00983178
5714	1393.315	3407	0.010126
5715	1393.559	3457	0.0102746
5716	1393.803	3392	0.0100814
5717	1394.047	3308	0.00983178
5718	1394.291	3418	0.0101587
5719	1394.535	3440	0.0102241
5720	1394.779	3451	0.0102568
5721	1395.022	3453	0.0102627
5722	1395.266	3411	0.0101379
5723	1395.510	3521	0.0104648
5724	1395.754	3457	0.0102746
5725	1395.998	3441	0.0102271
5726	1396.242	3410	0.0101349
5727	1396.486	3503	0.0104113
5728	1396.730	3341	0.00992986
5729	1396.973	3468	0.0103073
5730	1397.217	3404	0.0101171
5731	1397.461	3357	0.00997741
5732	1397.705	3495	0.0103876
5733	1397.949	3453	0.0102627
5734	1398.193	3448	0.0102479
5735	1398.437	3466	0.0103014
5736	1398.680	3457	0.0102746
5737	1398.924	3347	0.00994769
5738	1399.168	3392	0.0100814
5739	1399.412	3333	0.00990608
5740	1399.656	3451	0.0102568
5741	1399.900	3462	0.0102895
5742	1400.144	3389	0.0100725
5743	1400.388	3441	0.0102271
5744	1400.631	3449	0.0102508
5745	1400.875	3406	0.010123
5746	1401.119	3434	0.0102063
5747	1401.363	3526	0.0104797
5748	1401.607	3495	0.0103876
5749	1401.851	3580	0.0106402
5750	1402.095	3563	0.0105897
5751	1402.338	3488	0.0103668
5752	1402.582	3635	0.0108037
5753	1402.826	3528	0.0104856
5754	1403.070	3385	0.0100606
5755	1403.314	3338	0.00992094
5756	1403.558	3478	0.010337
5757	1403.802	3486	0.0103608
5758	1404.045	3420	0.0101647
5759	1404.289	3449	0.0102508
5760	1404.533	3448	0.0102479
5761	1404.777	3479	0.01034
5762	1405.021	3598	0.0106937
5763	1405.265	3459	0.0102806
5764	1405.509	3502	0.0104084
5765	1405.753	3452	0.0102598
5766	1405.996	3573	0.0106194
5767	1406.240	3480	0.010343
5768	1406.484	3457	0.0102746
5769	1406.728	3534	0.0105035
5770	1406.972	3455	0.0102687
5771	1407.216	3478	0.010337
5772	1407.460	3459	0.0102806
5773	1407.703	3456	0.0102717
5774	1407.947	3370	0.010016
5775	1408.191	3417	0.0101557
5776	1408.435	3450	0.0102538
5777	1408.679	3559	0.0105778
5778	1408.923	3581	0.0106432
5779	1409.167	3584	0.0106521
5780	1409.410	3469	0.0103103
5781	1409.654	3450	0.0102538
5782	1409.898	3545	0.0105362
5783	1410.142	3647	0.0108393
5784	1410.386	3467	0.0103043
5785	1410.630	3606	0.0107175
5786	1410.874	3592	0.0106759
5787	1411.118	3514	0.010444
5788	1411.361	3515	0.010447
5789	1411.605	3527	0.0104827
5790	1411.849	3560	0.0105808
5791	1412.093	3494	0.0103846
5792	1412.337	3608	0.0107234
5793	1412.581	3483	0.0103519
5794	1412.825	3534	0.0105035
5795	1413.068	3643	0.0108274
5796	1413.312	3567	0.0106016
5797	1413.556	3555	0.0105659
5798	1413.800	3530	0.0104916
5799	1414.044	3556	0.0105689
5800	1414.288	3609	0.0107264
5801	1414.532	3494	0.0103846
5802	1414.776	3570	0.0106105
5803	1415.019	3589	0.0106669
5804	1415.263	3527	0.0104827
5805	1415.507	3567	0.0106016
5806	1415.751	3531	0.0104946
5807	1415.995	3579	0.0106372
5808	1416.239	3553	0.0105599
5809	1416.483	3584	0.0106521
5810	1416.726	3637	0.0108096
5811	1416.970	3464	0.0102954
5812	1417.214	3526	0.0104797
5813	1417.458	3537	0.0105124
5814	1417.702	3575	0.0106253
5815	1417.946	3405	0.0101201
5816	1418.190	3621	0.0107621
5817	1418.433	3540	0.0105213
5818	1418.677	3612	0.0107353
5819	1418.921	3578	0.0106343
5820	1419.165	3598	0.0106937
5821	1419.409	3652	0.0108542
5822	1419.653	3663	0.0108869
5823	1419.897	3620	0.0107591
5824	1420.141	3586	0.010658
5825	1420.384	3647	0.0108393
5826	1420.628	3595	0.0106848
5827	1420.872	3629	0.0107858
5828	1421.116	3587	0.010661
5829	1421.360	3607	0.0107204
5830	1421.604	3581	0.0106432
5831	1421.848	3772	0.0112108
5832	1422.091	3559	0.0105778
5833	1422.335	3694	0.010979
5834	1422.579	3684	0.0109493
5835	1422.823	3654	0.0108601
5836	1423.067	3673	0.0109166
5837	1423.311	3623	0.010768
5838	1423.555	3467	0.0103043
5839	1423.798	3564	0.0105926
5840	1424.042	3586	0.010658
5841	1424.286	3656	0.0108661
5842	1424.530	3658	0.010872
5843	1424.774	3628	0.0107829
5844	1425.018	3527	0.0104827
5845	1425.262	3587	0.010661
5846	1425.506	3584	0.0106521
5847	1425.749	3625	0.0107739
5848	1425.993	3670	0.0109077
5849	1426.237	3663	0.0108869
5850	1426.481	3506	0.0104203
5851	1426.725	3639	0.0108156
5852	1426.969	3608	0.0107234
5853	1427.213	3685	0.0109523
5854	1427.456	3742	0.0111217
5855	1427.700	3744	0.0111276
5856	1427.944	3566	0.0105986
5857	1428.188	3647	0.0108393
5858	1428.432	3715	0.0110414
5859	1428.676	3612	0.0107353
5860	1428.920	3672	0.0109136
5861	1429.164	3744	0.0111276
5862	1429.407	3642	0.0108245
5863	1429.651	3668	0.0109017
5864	1429.895	3651	0.0108512
5865	1430.139	3637	0.0108096
5866	1430.383	3602	0.0107056
5867	1430.627	3640	0.0108185
5868	1430.871	3627	0.0107799
5869	1431.114	3620	0.0107591
5870	1431.358	3609	0.0107264
5871	1431.602	3667	0.0108988
5872	1431.846	3629	0.0107858
5873	1432.090	3696	0.010985
5874	1432.334	3714	0.0110385
5875	1432.578	3735	0.0111009
5876	1432.821	3683	0.0109463
5877	1433.065	3690	0.0109671
5878	1433.309	3734	0.0110979
5879	1433.553	3717	0.0110474
5880	1433.797	3619	0.0107561
5881	1434.041	3706	0.0110147
5882	1434.285	3724	0.0110682
5883	1434.529	3733	0.0110949
5884	1434.772	3612	0.0107353
5885	1435.016	3672	0.0109136
5886	1435.260	3787	0.0112554
5887	1435.504	3671	0.0109107
5888	1435.748	3706	0.0110147
5889	1435.992	3679	0.0109344
5890	1436.236	3726	0.0110741
5891	1436.479	3689	0.0109642
5892	1436.723	3822	0.0113594
5893	1436.967	3664	0.0108899
5894	1437.211	3710	0.0110266
5895	1437.455	3733	0.0110949
5896	1437.699	3645	0.0108334
5897	1437.943	3781	0.0112376
5898	1438.186	3716	0.0110444
5899	1438.430	3626	0.0107769
5900	1438.674	3797	0.0112851
5901	1438.918	3736	0.0111038
5902	1439.162	3669	0.0109047
5903	1439.406	3651	0.0108512
5904	1439.650	3788	0.0112584
5905	1439.894	3661	0.0108809
5906	1440.137	3688	0.0109612
5907	1440.381	3726	0.0110741
5908	1440.625	3817	0.0113446
5909	1440.869	3626	0.0107769
5910	1441.113	3773	0.0112138
5911	1441.357	3844	0.0114248
5912	1441.601	3729	0.011083
5913	1441.844	3822	0.0113594
5914	1442.088	3773	0.0112138
5915	1442.332	3686	0.0109552
5916	1442.576	3814	0.0113357
5917	1442.820	3820	0.0113535
5918	1443.064	3843	0.0114219
5919	1443.308	3821	0.0113565
5920	1443.552	3743	0.0111247
5921	1443.795	3789	0.0112614
5922	1444.039	3822	0.0113594
5923	1444.283	3908	0.0116151
5924	1444.527	3771	0.0112079
5925	1444.771	3790	0.0112643
5926	1445.015	3763	0.0111841
5927	1445.259	3867	0.0114932
5928	1445.502	3797	0.0112851
5929	1445.746	3711	0.0110295
5930	1445.990	3767	0.011196
5931	1446.234	3843	0.0114219
5932	1446.478	3929	0.0116775
5933	1446.722	3781	0.0112376
5934	1446.966	3782	0.0112406
5935	1447.209	3832	0.0113892
5936	1447.453	3851	0.0114456
5937	1447.697	3825	0.0113684
5938	1447.941	3851	0.0114456
5939	1448.185	3815	0.0113386
5940	1448.429	3755	0.0111603
5941	1448.673	3816	0.0113416
5942	1448.917	3823	0.0113624
5943	1449.160	3865	0.0114872
5944	1449.404	3830	0.0113832
5945	1449.648	3774	0.0112168
5946	1449.892	3773	0.0112138
5947	1450.136	3849	0.0114397
5948	1450.380	3859	0.0114694
5949	1450.624	3857	0.0114635
5950	1450.867	3756	0.0111633
5951	1451.111	3851	0.0114456
5952	1451.355	3812	0.0113297
5953	1451.599	3828	0.0113773
5954	1451.843	3827	0.0113743
5955	1452.087	3905	0.0116061
5956	1452.331	3897	0.0115824
5957	1452.575	3836	0.0114011
5958	1452.818	3862	0.0114783
5959	1453.062	3944	0.011722
5960	1453.306	3894	0.0115734
5961	1453.550	3875	0.011517
5962	1453.794	3883	0.0115407
5963	1454.038	3741	0.0111187
5964	1454.282	3823	0.0113624
5965	1454.525	3823	0.0113624
5966	1454.769	3721	0.0110593
5967	1455.013	3805	0.0113089
5968	1455.257	3930	0.0116804
5969	1455.501	3838	0.011407
5970	1455.745	3750	0.0111455
5971	1455.989	3867	0.0114932
5972	1456.232	3854	0.0114546
5973	1456.476	3888	0.0115556
5974	1456.720	3857	0.0114635
5975	1456.964	3970	0.0117993
5976	1457.208	3902	0.0115972
5977	1457.452	3855	0.0114575
5978	1457.696	3784	0.0112465
5979	1457.940	3783	0.0112435
5980	1458.183	3947	0.011731
5981	1458.427	3945	0.011725
5982	1458.671	3879	0.0115289
5983	1458.915	3905	0.0116061
5984	1459.159	3993	0.0118677
5985	1459.403	3884	0.0115437
5986	1459.647	3919	0.0116477
5987	1459.890	3951	0.0117429
5988	1460.134	3950	0.0117399
5989	1460.378	3850	0.0114427
5990	1460.622	3824	0.0113654
5991	1460.866	4006	0.0119063
5992	1461.110	4003	0.0118974
5993	1461.354	4051	0.0120401
5994	1461.597	3957	0.0117607
5995	1461.841	4073	0.0121055
5996	1462.085	4024	0.0119598
5997	1462.329	4002	0.0118944
5998	1462.573	3956	0.0117577
5999	1462.817	4006	0.0119063
6000	1463.061	4095	0.0121708
6001	1463.305	3887	0.0115526
6002	1463.548	4020	0.0119479
6003	1463.792	3923	0.0116596
6004	1464.036	3918	0.0116448
6005	1464.280	4115	0.0122303
6006	1464.524	3941	0.0117131
6007	1464.768	3972	0.0118053
6008	1465.012	3981	0.011832
6009	1465.255	4021	0.0119509
6010	1465.499	3940	0.0117102
6011	1465.743	3944	0.011722
6012	1465.987	3987	0.0118498
6013	1466.231	4077	0.0121173
6014	1466.475	4031	0.0119806
6015	1466.719	3979	0.0118261
6016	1466.963	4062	0.0120728
6017	1467.206	3971	0.0118023
6018	1467.450	4055	0.012052
6019	1467.694	4002	0.0118944
6020	1467.938	4044	0.0120193
6021	1468.182	4087	0.0121471
6022	1468.426	4119	0.0122422
6023	1468.670	4025	0.0119628
6024	1468.913	3931	0.0116834
6025	1469.157	3983	0.011838
6026	1469.401	4042	0.0120133
6027	1469.645	4000	0.0118885
6028	1469.889	4028	0.0119717
6029	1470.133	4009	0.0119152
6030	1470.377	4056	0.0120549
6031	1470.620	4045	0.0120222
6032	1470.864	3971	0.0118023
6033	1471.108	4017	0.011939
6034	1471.352	3963	0.0117785
6035	1471.596	4086	0.0121441
6036	1471.840	3981	0.011832
6037	1472.084	4149	0.0123313
6038	1472.328	4215	0.0125275
6039	1472.571	4082	0.0121322
6040	1472.815	4076	0.0121144
6041	1473.059	4072	0.0121025
6042	1473.303	3952	0.0117458
6043	1473.547	4004	0.0119004
6044	1473.791	4104	0.0121976
6045	1474.035	4055	0.012052
6046	1474.278	4055	0.012052
6047	1474.522	4109	0.0122124
6048	1474.766	4090	0.012156
6049	1475.010	4078	0.0121203
6050	1475.254	4075	0.0121114
6051	1475.498	4222	0.0125483
6052	1475.742	4056	0.0120549
6053	1475.985	3907	0.0116121
6054	1476.229	4160	0.012364
6055	1476.473	4082	0.0121322
6056	1476.717	4159	0.0123611
6057	1476.961	4112	0.0122214
6058	1477.205	4101	0.0121887
6059	1477.449	4109	0.0122124
6060	1477.693	4152	0.0123402
6061	1477.936	4150	0.0123343
6062	1478.180	4231	0.012575
6063	1478.424	4162	0.01237
6064	1478.668	4143	0.0123135
6065	1478.912	4166	0.0123819
6066	1479.156	4095	0.0121708
6067	1479.400	4152	0.0123402
6068	1479.643	4246	0.0126196
6069	1479.887	4083	0.0121352
6070	1480.131	4308	0.0128039
6071	1480.375	4087	0.0121471
6072	1480.619	4219	0.0125394
6073	1480.863	4102	0.0121916
6074	1481.107	4188	0.0124472
6075	1481.351	4089	0.012153
6076	1481.594	4170	0.0123937
6077	1481.838	4174	0.0124056
6078	1482.082	4135	0.0122897
6079	1482.326	4145	0.0123194
6080	1482.570	4255	0.0126464
6081	1482.814	4244	0.0126137
6082	1483.058	4363	0.0129674
6083	1483.301	4148	0.0123284
6084	1483.545	4221	0.0125453
6085	1483.789	4182	0.0124294
6086	1484.033	4171	0.0123967
6087	1484.277	4218	0.0125364
6088	1484.521	4102	0.0121916
6089	1484.765	4144	0.0123165
6090	1485.008	4196	0.012471
6091	1485.252	4254	0.0126434
6092	1485.496	4292	0.0127563
6093	1485.740	4116	0.0122333
6094	1485.984	4243	0.0126107
6095	1486.228	4151	0.0123373
6096	1486.472	4254	0.0126434
6097	1486.716	4268	0.012685
6098	1486.959	4263	0.0126702
6099	1487.203	4228	0.0125661
6100	1487.447	4197	0.012474
6101	1487.691	4275	0.0127058
6102	1487.935	4335	0.0128841
6103	1488.179	4293	0.0127593
6104	1488.423	4330	0.0128693
6105	1488.666	4291	0.0127534
6106	1488.910	4261	0.0126642
6107	1489.154	4331	0.0128723
6108	1489.398	4312	0.0128158
6109	1489.642	4259	0.0126583
6110	1489.886	4250	0.0126315
6111	1490.130	4352	0.0129347
6112	1490.373	4300	0.0127801
6113	1490.617	4261	0.0126642
6114	1490.861	4200	0.0124829
6115	1491.105	4354	0.0129406
6116	1491.349	4322	0.0128455
6117	1491.593	4281	0.0127237
6118	1491.837	4207	0.0125037
6119	1492.081	4311	0.0128128
6120	1492.324	4307	0.0128009
6121	1492.568	4360	0.0129584
6122	1492.812	4366	0.0129763
6123	1493.056	4366	0.0129763
6124	1493.300	4292	0.0127563
6125	1493.544	4362	0.0129644
6126	1493.788	4285	0.0127355
6127	1494.031	4407	0.0130981
6128	1494.275	4329	0.0128663
6129	1494.519	4428	0.0131606
6130	1494.763	4500	0.0133745
6131	1495.007	4273	0.0126999
6132	1495.251	4313	0.0128188
6133	1495.495	4434	0.0131784
6134	1495.739	4256	0.0126493
6135	1495.982	4345	0.0129139
6136	1496.226	4338	0.0128931
6137	1496.470	4398	0.0130714
6138	1496.714	4364	0.0129703
6139	1496.958	4418	0.0131308
6140	1497.202	4571	0.0135856
6141	1497.446	4255	0.0126464
6142	1497.689	4503	0.0133835
6143	1497.933	4344	0.0129109
6144	1498.177	4483	0.013324
6145	1498.421	4469	0.0132824
6146	1498.665	4497	0.0133656
6147	1498.909	4362	0.0129644
6148	1499.153	4475	0.0133002
6149	1499.396	4540	0.0134934
6150	1499.640	4432	0.0131724
6151	1499.884	4382	0.0130238
6152	1500.128	4602	0.0136777
6153	1500.372	4425	0.0131516
6154	1500.616	4506	0.0133924
6155	1500.860	4431	0.0131695
6156	1501.104	4482	0.013321
6157	1501.347	4647	0.0138114
6158	1501.591	4501	0.0133775
6159	1501.835	4547	0.0135142
6160	1502.079	4436	0.0131843
6161	1502.323	4471	0.0132884
6162	1502.567	4508	0.0133983
6163	1502.811	4548	0.0135172
6164	1503.054	4542	0.0134994
6165	1503.298	4571	0.0135856
6166	1503.542	4413	0.013116
6167	1503.786	4345	0.0129139
6168	1504.030	4517	0.0134251
6169	1504.274	4473	0.0132943
6170	1504.518	4611	0.0137045
6171	1504.762	4600	0.0136718
6172	1505.005	4600	0.0136718
6173	1505.249	4464	0.0132676
6174	1505.493	4379	0.0130149
6175	1505.737	4377	0.013009
6176	1505.981	4474	0.0132973
6177	1506.225	4526	0.0134518
6178	1506.469	4616	0.0137193
6179	1506.712	4569	0.0135796
6180	1506.956	4556	0.013541
6181	1507.200	4515	0.0134191
6182	1507.444	4511	0.0134072
6183	1507.688	4519	0.013431
6184	1507.932	4619	0.0137282
6185	1508.176	4504	0.0133864
6186	1508.419	4619	0.0137282
6187	1508.663	4501	0.0133775
6188	1508.907	4658	0.0138441
6189	1509.151	4525	0.0134488
6190	1509.395	4510	0.0134043
6191	1509.639	4533	0.0134726
6192	1509.883	4488	0.0133389
6193	1510.127	4538	0.0134875
6194	1510.370	4737	0.0140789
6195	1510.614	4644	0.0138025
6196	1510.858	4586	0.0136301
6197	1511.102	4637	0.0137817
6198	1511.346	4592	0.013648
6199	1511.590	4728	0.0140522
6200	1511.834	4570	0.0135826
6201	1512.077	4574	0.0135945
6202	1512.321	4677	0.0139006
6203	1512.565	4516	0.0134221
6204	1512.809	4572	0.0135885
6205	1513.053	4672	0.0138858
6206	1513.297	4679	0.0139066
6207	1513.541	4678	0.0139036
6208	1513.784	4648	0.0138144
6209	1514.028	4853	0.0144237
6210	1514.272	4579	0.0136093
6211	1514.516	4749	0.0141146
6212	1514.760	4674	0.0138917
6213	1515.004	4673	0.0138887
6214	1515.248	4569	0.0135796
6215	1515.492	4761	0.0141503
6216	1515.735	4817	0.0143167
6217	1515.979	4575	0.0135975
6218	1516.223	4763	0.0141562
6219	1516.467	4748	0.0141116
6220	1516.711	4761	0.0141503
6221	1516.955	4772	0.014183
6222	1517.199	4771	0.01418
6223	1517.442	4679	0.0139066
6224	1517.686	4652	0.0138263
6225	1517.930	4853	0.0144237
6226	1518.174	4894	0.0145456
6227	1518.418	4674	0.0138917
6228	1518.662	4837	0.0143762
6229	1518.906	4729	0.0140552
6230	1519.150	4690	0.0139392
6231	1519.393	4808	0.01429
6232	1519.637	4813	0.0143048
6233	1519.881	4629	0.013758
6234	1520.125	4608	0.0136955
6235	1520.369	4734	0.01407
6236	1520.613	4821	0.0143286
6237	1520.857	4688	0.0139333
6238	1521.100	4864	0.0144564
6239	1521.344	4888	0.0145277
6240	1521.588	4858	0.0144386
6241	1521.832	4808	0.01429
6242	1522.076	4877	0.014495
6243	1522.320	4791	0.0142394
6244	1522.564	4895	0.0145485
6245	1522.807	4884	0.0145158
6246	1523.051	4842	0.014391
6247	1523.295	4832	0.0143613
6248	1523.539	4880	0.014504
6249	1523.783	4799	0.0142632
6250	1524.027	5024	0.0149319
6251	1524.271	4971	0.0147744
6252	1524.515	4897	0.0145545
6253	1524.758	4995	0.0148457
6254	1525.002	4918	0.0146169
6255	1525.246	4849	0.0144118
6256	1525.490	4896	0.0145515
6257	1525.734	4848	0.0144088
6258	1525.978	4851	0.0144178
6259	1526.222	4882	0.0145099
6260	1526.465	4780	0.0142067
6261	1526.709	4882	0.0145099
6262	1526.953	4890	0.0145337
6263	1527.197	4913	0.014602
6264	1527.441	4821	0.0143286
6265	1527.685	4916	0.0146109
6266	1527.929	4967	0.0147625
6267	1528.172	4949	0.014709
6268	1528.416	4934	0.0146644
6269	1528.660	4879	0.014501
6270	1528.904	4849	0.0144118
6271	1529.148	4975	0.0147863
6272	1529.392	4939	0.0146793
6273	1529.636	4991	0.0148339
6274	1529.880	4974	0.0147833
6275	1530.123	4894	0.0145456
6276	1530.367	4985	0.014816
6277	1530.611	4984	0.0148131
6278	1530.855	4948	0.0147061
6279	1531.099	4996	0.0148487
6280	1531.343	5140	0.0152767
6281	1531.587	5157	0.0153272
6282	1531.830	5124	0.0152292
6283	1532.074	5092	0.015134
6284	1532.318	5064	0.0150508
6285	1532.562	4948	0.0147061
6286	1532.806	5019	0.0149171
6287	1533.050	5105	0.0151727
6288	1533.294	5012	0.0148963
6289	1533.538	5004	0.0148725
6290	1533.781	4959	0.0147388
6291	1534.025	5087	0.0151192
6292	1534.269	4964	0.0147536
6293	1534.513	5036	0.0149676
6294	1534.757	5074	0.0150805
6295	1535.001	5113	0.0151965
6296	1535.245	5174	0.0153778
6297	1535.488	5124	0.0152292
6298	1535.732	5093	0.015137
6299	1535.976	5203	0.0154639
6300	1536.220	5151	0.0153094
6301	1536.464	5172	0.0153718
6302	1536.708	4965	0.0147566
6303	1536.952	5147	0.0152975
6304	1537.195	5140	0.0152767
6305	1537.439	5086	0.0151162
6306	1537.683	5239	0.0155709
6307	1537.927	5420	0.0161089
6308	1538.171	5182	0.0154015
6309	1538.415	5236	0.015562
6310	1538.659	5135	0.0152618
6311	1538.903	5086	0.0151162
6312	1539.146	5268	0.0156571
6313	1539.390	5155	0.0153213
6314	1539.634	5110	0.0151875
6315	1539.878	5148	0.0153005
6316	1540.122	5148	0.0153005
6317	1540.366	5203	0.0154639
6318	1540.610	5212	0.0154907
6319	1540.853	5220	0.0155145
6320	1541.097	5258	0.0156274
6321	1541.341	5380	0.01599
6322	1541.585	5193	0.0154342
6323	1541.829	5244	0.0155858
6324	1542.073	5382	0.015996
6325	1542.317	5338	0.0158652
6326	1542.560	5185	0.0154104
6327	1542.804	5174	0.0153778
6328	1543.048	5328	0.0158355
6329	1543.292	5268	0.0156571
6330	1543.536	5246	0.0155917
6331	1543.780	5297	0.0157433
6332	1544.024	5351	0.0159038
6333	1544.268	5326	0.0158295
6334	1544.511	5333	0.0158503
6335	1544.755	5457	0.0162189
6336	1544.999	5314	0.0157939
6337	1545.243	5350	0.0159009
6338	1545.487	5372	0.0159662
6339	1545.731	5215	0.0154996
6340	1545.975	5377	0.0159811
6341	1546.218	5427	0.0161297
6342	1546.462	5331	0.0158444
6343	1546.706	5328	0.0158355
6344	1546.950	5437	0.0161594
6345	1547.194	5403	0.0160584
6346	1547.438	5298	0.0157463
6347	1547.682	5291	0.0157255
6348	1547.926	5448	0.0161921
6349	1548.169	5468	0.0162516
6350	1548.413	5355	0.0159157
6351	1548.657	5472	0.0162634
6352	1548.901	5411	0.0160821
6353	1549.145	5414	0.0160911
6354	1549.389	5399	0.0160465
6355	1549.633	5403	0.0160584
6356	1549.876	5382	0.015996
6357	1550.120	5491	0.0163199
6358	1550.364	5459	0.0162248
6359	1550.608	5605	0.0166587
6360	1550.852	5374	0.0159722
6361	1551.096	5570	0.0165547
6362	1551.340	5556	0.0165131
6363	1551.583	5568	0.0165488
6364	1551.827	5455	0.0162129
6365	1552.071	5523	0.016415
6366	1552.315	5472	0.0162634
6367	1552.559	5510	0.0163764
6368	1552.803	5590	0.0166142
6369	1553.047	5425	0.0161238
6370	1553.291	5643	0.0167717
6371	1553.534	5524	0.016418
6372	1553.778	5538	0.0164596
6373	1554.022	5653	0.0168014
6374	1554.266	5503	0.0163556
6375	1554.510	5406	0.0160673
6376	1554.754	5572	0.0165607
6377	1554.998	5493	0.0163259
6378	1555.241	5585	0.0165993
6379	1555.485	5552	0.0165012
6380	1555.729	5655	0.0168073
6381	1555.973	5554	0.0165072
6382	1556.217	5617	0.0166944
6383	1556.461	5679	0.0168787
6384	1556.705	5710	0.0169708
6385	1556.949	5600	0.0166439
6386	1557.192	5750	0.0170897
6387	1557.436	5634	0.0167449
6388	1557.680	5814	0.0172799
6389	1557.924	5622	0.0167093
6390	1558.168	5804	0.0172502
6391	1558.412	5688	0.0169054
6392	1558.656	5720	0.0170005
6393	1558.899	5581	0.0165874
6394	1559.143	5600	0.0166439
6395	1559.387	5701	0.0169441
6396	1559.631	5624	0.0167152
6397	1559.875	5700	0.0169411
6398	1560.119	5625	0.0167182
6399	1560.363	5717	0.0169916
6400	1560.606	5712	0.0169768
6401	1560.850	5671	0.0168549
6402	1561.094	5839	0.0173542
6403	1561.338	5872	0.0174523
6404	1561.582	5577	0.0165755
6405	1561.826	5719	0.0169976
6406	1562.070	5734	0.0170421
6407	1562.314	5719	0.0169976
6408	1562.557	5687	0.0169025
6409	1562.801	5742	0.0170659
6410	1563.045	5571	0.0165577
6411	1563.289	5737	0.0170511
6412	1563.533	5745	0.0170748
6413	1563.777	5790	0.0172086
6414	1564.021	5761	0.0171224
6415	1564.264	5659	0.0168192
6416	1564.508	5840	0.0173572
6417	1564.752	5863	0.0174255
6418	1564.996	5894	0.0175177
6419	1565.240	5769	0.0171462
6420	1565.484	5864	0.0174285
6421	1565.728	5847	0.017378
6422	1565.971	5793	0.0172175
6423	1566.215	5910	0.0175652
6424	1566.459	5918	0.017589
6425	1566.703	5792	0.0172145
6426	1566.947	5910	0.0175652
6427	1567.191	5877	0.0174672
6428	1567.435	5814	0.0172799
6429	1567.679	5870	0.0174464
6430	1567.922	5974	0.0177555
6431	1568.166	5849	0.0173839
6432	1568.410	5853	0.0173958
6433	1568.654	5895	0.0175207
6434	1568.898	5932	0.0176306
6435	1569.142	5826	0.0173156
6436	1569.386	5948	0.0176782
6437	1569.629	5839	0.0173542
6438	1569.873	5939	0.0176514
6439	1570.117	6013	0.0178714
6440	1570.361	5990	0.017803
6441	1570.605	5974	0.0177555
6442	1570.849	5943	0.0176633
6443	1571.093	6000	0.0178327
6444	1571.337	5920	0.017595
6445	1571.580	5972	0.0177495
6446	1571.824	5922	0.0176009
6447	1572.068	5931	0.0176277
6448	1572.312	6064	0.0180229
6449	1572.556	5964	0.0177257
6450	1572.800	5876	0.0174642
6451	1573.044	5887	0.0174969
6452	1573.287	6078	0.0180646
6453	1573.531	5829	0.0173245
6454	1573.775	6048	0.0179754
6455	1574.019	6102	0.0181359
6456	1574.263	6094	0.0181121
6457	1574.507	5982	0.0177792
6458	1574.751	6016	0.0178803
6459	1574.994	5990	0.017803
6460	1575.238	5862	0.0174226
6461	1575.482	5968	0.0177376
6462	1575.726	6109	0.0181567
6463	1575.970	6094	0.0181121
6464	1576.214	6132	0.018225
6465	1576.458	6256	0.0185936
6466	1576.702	6102	0.0181359
6467	1576.945	6165	0.0183231
6468	1577.189	6115	0.0181745
6469	1577.433	6059	0.0180081
6470	1577.677	6050	0.0179813
6471	1577.921	6074	0.0180527
6472	1578.165	6185	0.0183826
6473	1578.409	6173	0.0183469
6474	1578.652	6182	0.0183737
6475	1578.896	6108	0.0181537
6476	1579.140	6071	0.0180437
6477	1579.384	6124	0.0182013
6478	1579.628	6078	0.0180646
6479	1579.872	6201	0.0184301
6480	1580.116	6169	0.018335
6481	1580.359	6143	0.0182577
6482	1580.603	6326	0.0188016
6483	1580.847	6066	0.0180289
6484	1581.091	6105	0.0181448
6485	1581.335	6123	0.0181983
6486	1581.579	6099	0.018127
6487	1581.823	6221	0.0184896
6488	1582.067	6206	0.018445
6489	1582.310	6241	0.018549
6490	1582.554	6325	0.0187987
6491	1582.798	6289	0.0186917
6492	1583.042	6189	0.0183945
6493	1583.286	6134	0.018231
6494	1583.530	6098	0.018124
6495	1583.774	6349	0.01887
6496	1584.017	6258	0.0185995
6497	1584.261	6365	0.0189176
6498	1584.505	6346	0.0188611
6499	1584.749	6318	0.0187779
6500	1584.993	6285	0.0186798
6501	1585.237	6126	0.0182072
6502	1585.481	6280	0.0186649
6503	1585.725	6327	0.0188046
6504	1585.968	6337	0.0188343
6505	1586.212	6332	0.0188195
6506	1586.456	6279	0.018662
6507	1586.700	6285	0.0186798
6508	1586.944	6433	0.0191197
6509	1587.188	6232	0.0185223
6510	1587.432	6342	0.0188492
6511	1587.675	6354	0.0188849
6512	1587.919	6372	0.0189384
6513	1588.163	6262	0.0186114
6514	1588.407	6361	0.0189057
6515	1588.651	6333	0.0188224
6516	1588.895	6351	0.0188759
6517	1589.139	6403	0.0190305
6518	1589.382	6242	0.018552
6519	1589.626	6393	0.0190008
6520	1589.870	6403	0.0190305
6521	1590.114	6419	0.019078
6522	1590.358	6342	0.0188492
6523	1590.602	6277	0.018656
6524	1590.846	6317	0.0187749
6525	1591.090	6441	0.0191434
6526	1591.333	6252	0.0185817
6527	1591.577	6388	0.0189859
6528	1591.821	6386	0.01898
6529	1592.065	6519	0.0193753
6530	1592.309	6387	0.0189829
6531	1592.553	6423	0.0190899
6532	1592.797	6302	0.0187303
6533	1593.040	6372	0.0189384
6534	1593.284	6582	0.0195625
6535	1593.528	6511	0.0193515
6536	1593.772	6373	0.0189413
6537	1594.016	6586	0.0195744
6538	1594.260	6433	0.0191197
6539	1594.504	6519	0.0193753
6540	1594.748	6451	0.0191732
6541	1594.991	6573	0.0195358
6542	1595.235	6645	0.0197497
6543	1595.479	6546	0.0194555
6544	1595.723	6427	0.0191018
6545	1595.967	6589	0.0195833
6546	1596.211	6469	0.0192267
6547	1596.455	6431	0.0191137
6548	1596.698	6523	0.0193871
6549	1596.942	6517	0.0193693
6550	1597.186	6428	0.0191048
6551	1597.430	6494	0.019301
6552	1597.674	6597	0.0196071
6553	1597.918	6540	0.0194377
6554	1598.162	6497	0.0193099
6555	1598.405	6455	0.019185
6556	1598.649	6559	0.0194941
6557	1598.893	6455	0.019185
6558	1599.137	6670	0.0198241
6559	1599.381	6554	0.0194793
6560	1599.625	6588	0.0195803
6561	1599.869	6427	0.0191018
6562	1600.113	6353	0.0188819
6563	1600.356	6577	0.0195476
6564	1600.600	6502	0.0193247
6565	1600.844	6470	0.0192296
6566	1601.088	6555	0.0194823
6567	1601.332	6439	0.0191375
6568	1601.576	6621	0.0196784
6569	1601.820	6508	0.0193426
6570	1602.063	6615	0.0196606
6571	1602.307	6593	0.0195952
6572	1602.551	6538	0.0194317
6573	1602.795	6494	0.019301
6574	1603.039	6673	0.019833
6575	1603.283	6533	0.0194169
6576	1603.527	6335	0.0188284
6577	1603.770	6566	0.0195149
6578	1604.014	6385	0.018977
6579	1604.258	6517	0.0193693
6580	1604.502	6430	0.0191107
6581	1604.746	6479	0.0192564
6582	1604.990	6551	0.0194704
6583	1605.234	6406	0.0190394
6584	1605.478	6434	0.0191226
6585	1605.721	6336	0.0188314
6586	1605.965	6324	0.0187957
6587	1606.209	6407	0.0190424
6588	1606.453	6564	0.019509
6589	1606.697	6361	0.0189057
6590	1606.941	6351	0.0188759
6591	1607.185	6574	0.0195387
6592	1607.428	6306	0.0187422
6593	1607.672	6294	0.0187065
6594	1607.916	6300	0.0187244
6595	1608.160	6208	0.0184509
6596	1608.404	6226	0.0185044
6597	1608.648	6122	0.0181953
6598	1608.892	6286	0.0186828
6599	1609.136	6118	0.0181834
6600	1609.379	6053	0.0179903
6601	1609.623	5900	0.0175355
6602	1609.867	6078	0.0180646
6603	1610.111	6124	0.0182013
6604	1610.355	6076	0.0180586
6605	1610.599	5883	0.017485
6606	1610.843	5849	0.0173839
6607	1611.086	5717	0.0169916
6608	1611.330	5779	0.0171759
6609	1611.574	5741	0.0170629
6610	1611.818	5669	0.016849
6611	1612.062	5598	0.0166379
6612	1612.306	5514	0.0163883
6613	1612.550	5323	0.0158206
6614	1612.793	5407	0.0160703
6615	1613.037	5227	0.0155353
6616	1613.281	5341	0.0158741
6617	1613.525	5098	0.0151519
6618	1613.769	4976	0.0147893
6619	1614.013	4906	0.0145812
6620	1614.257	5001	0.0148636
6621	1614.501	4943	0.0146912
6622	1614.744	4775	0.0141919
6623	1614.988	4756	0.0141354
6624	1615.232	4711	0.0140017
6625	1615.476	4729	0.0140552
6626	1615.720	4604	0.0136836
6627	1615.964	4602	0.0136777
6628	1616.208	4579	0.0136093
6629	1616.451	4482	0.013321
6630	1616.695	4513	0.0134132
6631	1616.939	4436	0.0131843
6632	1617.183	4441	0.0131992
6633	1617.427	4349	0.0129258
6634	1617.671	4404	0.0130892
6635	1617.915	4369	0.0129852
6636	1618.158	4245	0.0126167
6637	1618.402	4243	0.0126107
6638	1618.646	4315	0.0128247
6639	1618.890	4275	0.0127058
6640	1619.134	4181	0.0124264
6641	1619.378	4138	0.0122986
6642	1619.622	4086	0.0121441
6643	1619.866	4173	0.0124027
6644	1620.109	4095	0.0121708
6645	1620.353	4097	0.0121768
6646	1620.597	4086	0.0121441
6647	1620.841	4139	0.0123016
6648	1621.085	4059	0.0120638
6649	1621.329	4031	0.0119806
6650	1621.573	3905	0.0116061
6651	1621.816	3977	0.0118201
6652	1622.060	4019	0.011945
6653	1622.304	4097	0.0121768
6654	1622.548	4085	0.0121411
6655	1622.792	3934	0.0116923
6656	1623.036	3952	0.0117458
6657	1623.280	4077	0.0121173
6658	1623.524	3880	0.0115318
6659	1623.767	3902	0.0115972
6660	1624.011	3932	0.0116864
6661	1624.255	3900	0.0115913
6662	1624.499	3830	0.0113832
6663	1624.743	3855	0.0114575
6664	1624.987	3941	0.0117131
6665	1625.231	3825	0.0113684
6666	1625.474	3738	0.0111098
6667	1625.718	3795	0.0112792
6668	1625.962	3808	0.0113178
6669	1626.206	3780	0.0112346
6670	1626.450	3837	0.011404
6671	1626.694	3885	0.0115467
6672	1626.938	3822	0.0113594
6673	1627.181	3837	0.011404
6674	1627.425	3728	0.0110801
6675	1627.669	3922	0.0116567
6676	1627.913	3752	0.0111514
6677	1628.157	3815	0.0113386
6678	1628.401	3619	0.0107561
6679	1628.645	3741	0.0111187
6680	1628.889	3676	0.0109255
6681	1629.132	3688	0.0109612
6682	1629.376	3656	0.0108661
6683	1629.620	3704	0.0110087
6684	1629.864	3652	0.0108542
6685	1630.108	3597	0.0106907
6686	1630.352	3598	0.0106937
6687	1630.596	3586	0.010658
6688	1630.839	3573	0.0106194
6689	1631.083	3629	0.0107858
6690	1631.327	3729	0.011083
6691	1631.571	3750	0.0111455
6692	1631.815	3637	0.0108096
6693	1632.059	3610	0.0107294
6694	1632.303	3618	0.0107531
6695	1632.546	3554	0.0105629
6696	1632.790	3680	0.0109374
6697	1633.034	3577	0.0106313
6698	1633.278	3621	0.0107621
6699	1633.522	3511	0.0104351
6700	1633.766	3580	0.0106402
6701	1634.010	3542	0.0105273
6702	1634.254	3488	0.0103668
6703	1634.497	3476	0.0103311
6704	1634.741	3456	0.0102717
6705	1634.985	3491	0.0103757
6706	1635.229	3327	0.00988825
6707	1635.473	3507	0.0104232
6708	1635.717	3509	0.0104292
6709	1635.961	3552	0.010557
6710	1636.204	3505	0.0104173
6711	1636.448	3474	0.0103252
6712	1636.692	3604	0.0107115
6713	1636.936	3507	0.0104232
6714	1637.180	3506	0.0104203
6715	1637.424	3501	0.0104054
6716	1637.668	3537	0.0105124
6717	1637.912	3322	0.00987339
6718	1638.155	3442	0.01023
6719	1638.399	3462	0.0102895
6720	1638.643	3603	0.0107086
6721	1638.887	3247	0.00965048
6722	1639.131	3402	0.0101112
6723	1639.375	3372	0.010022
6724	1639.619	3452	0.0102598
6725	1639.862	3361	0.0099893
6726	1640.106	3409	0.010132
6727	1640.350	3488	0.0103668
6728	1640.594	3476	0.0103311
6729	1640.838	3443	0.010233
6730	1641.082	3336	0.009915
6731	1641.326	3402	0.0101112
6732	1641.569	3399	0.0101022
6733	1641.813	3394	0.0100874
6734	1642.057	3458	0.0102776
6735	1642.301	3335	0.00991203
6736	1642.545	3399	0.0101022
6737	1642.789	3394	0.0100874
6738	1643.033	3355	0.00997147
6739	1643.277	3372	0.010022
6740	1643.520	3376	0.0100339
6741	1643.764	3383	0.0100547
6742	1644.008	3395	0.0100904
6743	1644.252	3259	0.00968614
6744	1644.496	3283	0.00975747
6745	1644.740	3351	0.00995958
6746	1644.984	3352	0.00996255
6747	1645.227	3256	0.00967723
6748	1645.471	3295	0.00979314
6749	1645.715	3277	0.00973964
6750	1645.959	3319	0.00986447
6751	1646.203	3315	0.00985258
6752	1646.447	3209	0.00953754
6753	1646.691	3349	0.00995363
6754	1646.935	3372	0.010022
6755	1647.178	3183	0.00946026
6756	1647.422	3292	0.00978422
6757	1647.666	3268	0.00971289
6758	1647.910	3220	0.00957023
6759	1648.154	3196	0.0094989
6760	1648.398	3265	0.00970398
6761	1648.642	3217	0.00956131
6762	1648.885	3218	0.00956429
6763	1649.129	3336	0.009915
6764	1649.373	3261	0.00969209
6765	1649.617	3198	0.00950484
6766	1649.861	3235	0.00961481
6767	1650.105	3290	0.00977828
6768	1650.349	3259	0.00968614
6769	1650.592	3118	0.00926707
6770	1650.836	3180	0.00945135
6771	1651.080	3168	0.00941568
6772	1651.324	3108	0.00923735
6773	1651.568	3204	0.00952268
6774	1651.812	3098	0.00920763
6775	1652.056	3153	0.0093711
6776	1652.300	3142	0.00933841
6777	1652.543	3183	0.00946026
6778	1652.787	3151	0.00936515
6779	1653.031	3184	0.00946323
6780	1653.275	3205	0.00952565
6781	1653.519	3083	0.00916305
6782	1653.763	3116	0.00926113
6783	1654.007	3142	0.00933841
6784	1654.250	3132	0.00930868
6785	1654.494	3059	0.00909172
6786	1654.738	2978	0.00885098
6787	1654.982	3203	0.00951971
6788	1655.226	3112	0.00924924
6789	1655.470	3089	0.00918088
6790	1655.714	3129	0.00929977
6791	1655.957	3164	0.00940379
6792	1656.201	3088	0.00917791
6793	1656.445	3079	0.00915116
6794	1656.689	3189	0.0094781
6795	1656.933	3047	0.00905605
6796	1657.177	3086	0.00917197
6797	1657.421	3085	0.00916899
6798	1657.665	3003	0.00892528
6799	1657.908	3089	0.00918088
6800	1658.152	3030	0.00900553
6801	1658.396	2950	0.00876776
6802	1658.640	3108	0.00923735
6803	1658.884	3093	0.00919277
6804	1659.128	2995	0.0089015
6805	1659.372	3035	0.00902039
6806	1659.615	2978	0.00885098
6807	1659.859	3015	0.00896095
6808	1660.103	3041	0.00903822
6809	1660.347	3034	0.00901742
6810	1660.591	2942	0.00874398
6811	1660.835	2934	0.0087202
6812	1661.079	3056	0.0090828
6813	1661.323	3020	0.00897581
6814	1661.566	2952	0.0087737
6815	1661.810	3019	0.00897283
6816	1662.054	2905	0.00863401
6817	1662.298	2920	0.00867859
6818	1662.542	2894	0.00860132
6819	1662.786	2913	0.00865779
6820	1663.030	2840	0.00844083
6821	1663.273	2910	0.00864887
6822	1663.517	2982	0.00886287
6823	1663.761	2836	0.00842894
6824	1664.005	2925	0.00869346
6825	1664.249	2919	0.00867562
6826	1664.493	2920	0.00867859
6827	1664.737	2813	0.00836058
6828	1664.980	2859	0.0084973
6829	1665.224	2872	0.00853593
6830	1665.468	2816	0.00836949
6831	1665.712	2836	0.00842894
6832	1665.956	2874	0.00854188
6833	1666.200	2916	0.00866671
6834	1666.444	2880	0.00855971
6835	1666.688	2832	0.00841705
6836	1666.931	2860	0.00850027
6837	1667.175	2820	0.00838138
6838	1667.419	2799	0.00831897
6839	1667.663	2856	0.00848838
6840	1667.907	2856	0.00848838
6841	1668.151	2809	0.00834869
6842	1668.395	2687	0.00798609
6843	1668.638	2768	0.00822683
6844	1668.882	2688	0.00798906
6845	1669.126	2773	0.00824169
6846	1669.370	2885	0.00857457
6847	1669.614	2762	0.008209
6848	1669.858	2729	0.00811092
6849	1670.102	2777	0.00825358
6850	1670.345	2794	0.00830411
6851	1670.589	2737	0.0081347
6852	1670.833	2784	0.00827439
6853	1671.077	2660	0.00790584
6854	1671.321	2808	0.00834572
6855	1671.565	2740	0.00814361
6856	1671.809	2737	0.0081347
6857	1672.053	2711	0.00805742
6858	1672.296	2664	0.00791773
6859	1672.540	2771	0.00823575
6860	1672.784	2666	0.00792368
6861	1673.028	2730	0.00811389
6862	1673.272	2608	0.00775129
6863	1673.516	2633	0.0078256
6864	1673.760	2640	0.0078464
6865	1674.003	2723	0.00809309
6866	1674.247	2694	0.0080069
6867	1674.491	2652	0.00788207
6868	1674.735	2661	0.00790882
6869	1674.979	2726	0.008102
6870	1675.223	2594	0.00770968
6871	1675.467	2596	0.00771563
6872	1675.711	2599	0.00772454
6873	1675.954	2583	0.00767699
6874	1676.198	2580	0.00766807
6875	1676.442	2518	0.0074838
6876	1676.686	2629	0.00781371
6877	1676.930	2595	0.00771266
6878	1677.174	2625	0.00780182
6879	1677.418	2635	0.00783154
6880	1677.661	2494	0.00741247
6881	1677.905	2502	0.00743625
6882	1678.149	2529	0.0075165
6883	1678.393	2454	0.00729359
6884	1678.637	2545	0.00756405
6885	1678.881	2541	0.00755216
6886	1679.125	2546	0.00756702
6887	1679.368	2473	0.00735006
6888	1679.612	2509	0.00745705
6889	1679.856	2453	0.00729061
6890	1680.100	2525	0.00750461
6891	1680.344	2440	0.00725198
6892	1680.588	2427	0.00721334
6893	1680.832	2518	0.0074838
6894	1681.076	2379	0.00707068
6895	1681.319	2419	0.00718956
6896	1681.563	2401	0.00713606
6897	1681.807	2469	0.00733817
6898	1682.051	2368	0.00703798
6899	1682.295	2340	0.00695476
6900	1682.539	2354	0.00699637
6901	1682.783	2364	0.0070261
6902	1683.026	2404	0.00714498
6903	1683.270	2381	0.00707662
6904	1683.514	2424	0.00720442
6905	1683.758	2397	0.00712418
6906	1684.002	2326	0.00691315
6907	1684.246	2303	0.0068448
6908	1684.490	2399	0.00713012
6909	1684.733	2327	0.00691613
6910	1684.977	2305	0.00685074
6911	1685.221	2358	0.00700826
6912	1685.465	2320	0.00689532
6913	1685.709	2318	0.00688938
6914	1685.953	2266	0.00673483
6915	1686.197	2334	0.00693693
6916	1686.441	2289	0.00680319
6917	1686.684	2222	0.00660405
6918	1686.928	2241	0.00666052
6919	1687.172	2312	0.00687154
6920	1687.416	2249	0.0066843
6921	1687.660	2255	0.00670213
6922	1687.904	2338	0.00694882
6923	1688.148	2341	0.00695774
6924	1688.391	2298	0.00682994
6925	1688.635	2187	0.00650003
6926	1688.879	2189	0.00650597
6927	1689.123	2198	0.00653272
6928	1689.367	2209	0.00656542
6929	1689.611	2147	0.00638114
6930	1689.855	2254	0.00669916
6931	1690.099	2219	0.00659514
6932	1690.342	2156	0.00640789
6933	1690.586	2126	0.00631873
6934	1690.830	2118	0.00629495
6935	1691.074	2182	0.00648517
6936	1691.318	2170	0.0064495
6937	1691.562	2109	0.0062682
6938	1691.806	2086	0.00619985
6939	1692.049	2150	0.00639006
6940	1692.293	2044	0.00607502
6941	1692.537	2113	0.00628009
6942	1692.781	2095	0.00622659
6943	1693.025	2115	0.00628604
6944	1693.269	2055	0.00610771
6945	1693.513	2086	0.00619985
6946	1693.756	1950	0.00579564
6947	1694.000	2072	0.00615824
6948	1694.244	2041	0.0060661
6949	1694.488	2087	0.00620282
6950	1694.732	2048	0.0060869
6951	1694.976	2073	0.00616121
6952	1695.220	1965	0.00584022
6953	1695.464	1982	0.00589074
6954	1695.707	1975	0.00586994
6955	1695.951	1966	0.00584319
6956	1696.195	1934	0.00574808
6957	1696.439	2028	0.00602746
6958	1696.683	1979	0.00588183
6959	1696.927	1929	0.00573322
6960	1697.171	1961	0.00582833
6961	1697.414	1934	0.00574808
6962	1697.658	1870	0.00555787
6963	1697.902	1965	0.00584022
6964	1698.146	1930	0.00573619
6965	1698.390	1913	0.00568567
6966	1698.634	1948	0.00578969
6967	1698.878	1894	0.0056292
6968	1699.122	1845	0.00548356
6969	1699.365	1847	0.00548951
6970	1699.609	1806	0.00536765
6971	1699.853	1844	0.00548059
6972	1700.097	1837	0.00545979
6973	1700.341	1827	0.00543007
6974	1700.585	1842	0.00547465
6975	1700.829	1789	0.00531713
6976	1701.072	1772	0.0052666
6977	1701.316	1767	0.00525174
6978	1701.560	1759	0.00522796
6979	1701.804	1772	0.0052666
6980	1702.048	1739	0.00516852
6981	1702.292	1750	0.00520121
6982	1702.536	1707	0.00507341
6983	1702.779	1780	0.00529038
6984	1703.023	1758	0.00522499
6985	1703.267	1693	0.0050318
6986	1703.511	1667	0.00495453
6987	1703.755	1746	0.00518932
6988	1703.999	1716	0.00510016
6989	1704.243	1696	0.00504072
6990	1704.487	1685	0.00500802
6991	1704.730	1683	0.00500208
6992	1704.974	1599	0.00475242
6993	1705.218	1654	0.00491589
6994	1705.462	1680	0.00499316
6995	1705.706	1630	0.00484456
6996	1705.950	1602	0.00476134
6997	1706.194	1629	0.00484159
6998	1706.437	1639	0.00487131
6999	1706.681	1613	0.00479403
7000	1706.925	1617	0.00480592
7001	1707.169	1632	0.0048505
7002	1707.413	1598	0.00474945
7003	1707.657	1510	0.0044879
7004	1707.901	1598	0.00474945
7005	1708.144	1545	0.00459193
7006	1708.388	1522	0.00452357
7007	1708.632	1446	0.00429769
7008	1708.876	1491	0.00443143
7009	1709.120	1518	0.00451168
7010	1709.364	1526	0.00453546
7011	1709.608	1525	0.00453249
7012	1709.852	1484	0.00441063
7013	1710.095	1535	0.00456221
7014	1710.339	1517	0.00450871
7015	1710.583	1507	0.00447899
7016	1710.827	1466	0.00435713
7017	1711.071	1431	0.00425311
7018	1711.315	1491	0.00443143
7019	1711.559	1479	0.00439577
7020	1711.802	1518	0.00451168
7021	1712.046	1489	0.00442549
7022	1712.290	1455	0.00432444
7023	1712.534	1592	0.00473162
7024	1712.778	1558	0.00463057
7025	1713.022	1597	0.00474648
7026	1713.266	1543	0.00458598
7027	1713.510	1541	0.00458004
7028	1713.753	1557	0.00462759
7029	1713.997	1522	0.00452357
7030	1714.241	1551	0.00460976
7031	1714.485	1460	0.0043393
7032	1714.729	1314	0.00390537
7033	1714.973	1288	0.00382809
7034	1715.217	1274	0.00378648
7035	1715.460	1253	0.00372407
7036	1715.704	1266	0.00376271
7037	1715.948	1335	0.00396778
7038	1716.192	1280	0.00380432
7039	1716.436	1274	0.00378648
7040	1716.680	1259	0.0037419
7041	1716.924	1228	0.00364977
7042	1717.167	1162	0.00345361
7043	1717.411	1208	0.00359032
7044	1717.655	1156	0.00343577
7045	1717.899	1195	0.00355169
7046	1718.143	1206	0.00358438
7047	1718.387	1138	0.00338227
7048	1718.631	1206	0.00358438
7049	1718.875	1241	0.0036884
7050	1719.118	1232	0.00366165
7051	1719.362	1156	0.00343577
7052	1719.606	1149	0.00341497
7053	1719.850	1179	0.00350413
7054	1720.094	1127	0.00334958
7055	1720.338	1132	0.00336444
7056	1720.582	1123	0.00333769
7057	1720.825	1154	0.00342983
7058	1721.069	1077	0.00320097
7059	1721.313	1082	0.00321584
7060	1721.557	1168	0.00347144
7061	1721.801	1097	0.00326042
7062	1722.045	1094	0.0032515
7063	1722.289	1075	0.00319503
7064	1722.532	1082	0.00321584
7065	1722.776	1078	0.00320395
7066	1723.020	1045	0.00310587
7067	1723.264	1147	0.00340902
7068	1723.508	1069	0.0031772
7069	1723.752	1040	0.00309101
7070	1723.996	1048	0.00311478
7071	1724.240	1040	0.00309101
7072	1724.483	1065	0.00316531
7073	1724.727	1007	0.00299293
7074	1724.971	1026	0.0030494
7075	1725.215	1025	0.00304642
7076	1725.459	995	0.00295726
7077	1725.703	999	0.00296915
7078	1725.947	994	0.00295429
7079	1726.190	931	0.00276705
7080	1726.434	977	0.00290376
7081	1726.678	967	0.00287404
7082	1726.922	945	0.00280865
7083	1727.166	961	0.00285621
7084	1727.410	955	0.00283838
7085	1727.654	951	0.00282649
7086	1727.898	944	0.00280568
7087	1728.141	929	0.0027611
7088	1728.385	901	0.00267788
7089	1728.629	903	0.00268383
7090	1728.873	875	0.00260061
7091	1729.117	950	0.00282352
7092	1729.361	890	0.00264519
7093	1729.605	887	0.00263627
7094	1729.848	929	0.0027611
7095	1730.092	933	0.00277299
7096	1730.336	863	0.00256494
7097	1730.580	870	0.00258575
7098	1730.824	836	0.00248469
7099	1731.068	864	0.00256791
7100	1731.312	847	0.00251739
7101	1731.555	880	0.00261547
7102	1731.799	839	0.00249361
7103	1732.043	790	0.00234798
7104	1732.287	837	0.00248767
7105	1732.531	863	0.00256494
7106	1732.775	843	0.0025055
7107	1733.019	786	0.00233609
7108	1733.263	828	0.00246092
7109	1733.506	786	0.00233609
7110	1733.750	770	0.00228853
7111	1733.994	759	0.00225584
7112	1734.238	782	0.0023242
7113	1734.482	788	0.00234203
7114	1734.726	750	0.00222909
7115	1734.970	763	0.00226773
7116	1735.213	740	0.00219937
7117	1735.457	759	0.00225584
7118	1735.701	767	0.00227962
7119	1735.945	740	0.00219937
7120	1736.189	768	0.00228259
7121	1736.433	738	0.00219343
7122	1736.677	671	0.00199429
7123	1736.920	676	0.00200915
7124	1737.164	703	0.0020894
7125	1737.408	719	0.00213696
7126	1737.652	695	0.00206562
7127	1737.896	684	0.00203293
7128	1738.140	675	0.00200618
7129	1738.384	674	0.00200321
7130	1738.628	682	0.00202699
7131	1738.871	642	0.0019081
7132	1739.115	679	0.00201807
7133	1739.359	681	0.00202401
7134	1739.603	720	0.00213993
7135	1739.847	659	0.00195863
7136	1740.091	634	0.00188433
7137	1740.335	627	0.00186352
7138	1740.578	627	0.00186352
7139	1740.822	659	0.00195863
7140	1741.066	663	0.00197052
7141	1741.310	661	0.00196457
7142	1741.554	661	0.00196457
7143	1741.798	653	0.0019408
7144	1742.042	617	0.0018338
7145	1742.286	627	0.00186352
7146	1742.529	597	0.00177436
7147	1742.773	645	0.00191702
7148	1743.017	637	0.00189324
7149	1743.261	628	0.00186649
7150	1743.505	590	0.00175355
7151	1743.749	603	0.00179219
7152	1743.993	611	0.00181597
7153	1744.236	583	0.00173275
7154	1744.480	587	0.00174464
7155	1744.724	598	0.00177733
7156	1744.968	562	0.00167033
7157	1745.212	570	0.00169411
7158	1745.456	533	0.00158414
7159	1745.700	580	0.00172383
7160	1745.943	569	0.00169114
7161	1746.187	538	0.001599
7162	1746.431	586	0.00174166
7163	1746.675	561	0.00166736
7164	1746.919	574	0.001706
7165	1747.163	539	0.00160197
7166	1747.407	558	0.00165844
7167	1747.651	545	0.00161981
7168	1747.894	531	0.0015782
7169	1748.138	566	0.00168222
7170	1748.382	552	0.00164061
7171	1748.626	522	0.00155145
7172	1748.870	538	0.001599
7173	1749.114	558	0.00165844
7174	1749.358	526	0.00156334
7175	1749.601	522	0.00155145
7176	1749.845	538	0.001599
7177	1750.089	534	0.00158711
7178	1750.333	531	0.0015782
7179	1750.577	499	0.00148309
7180	1750.821	472	0.00140284
7181	1751.065	482	0.00143256
7182	1751.309	494	0.00146823
7183	1751.552	521	0.00154848
7184	1751.796	522	0.00155145
7185	1752.040	468	0.00139095
7186	1752.284	501	0.00148903
7187	1752.528	481	0.00142959
7188	1752.772	494	0.00146823
7189	1753.016	510	0.00151578
7190	1753.259	507	0.00150687
7191	1753.503	505	0.00150092
7192	1753.747	460	0.00136718
7193	1753.991	453	0.00134637
7194	1754.235	502	0.001492
7195	1754.479	457	0.00135826
7196	1754.723	466	0.00138501
7197	1754.966	486	0.00144445
7198	1755.210	523	0.00155442
7199	1755.454	462	0.00137312
7200	1755.698	470	0.0013969
7201	1755.942	448	0.00133151
7202	1756.186	426	0.00126612
7203	1756.430	464	0.00137906
7204	1756.674	471	0.00139987
7205	1756.917	447	0.00132854
7206	1757.161	449	0.00133448
7207	1757.405	414	0.00123046
7208	1757.649	446	0.00132557
7209	1757.893	405	0.00120371
7210	1758.137	469	0.00139392
7211	1758.381	451	0.00134043
7212	1758.624	458	0.00136123
7213	1758.868	441	0.00131071
7214	1759.112	444	0.00131962
7215	1759.356	441	0.00131071
7216	1759.600	396	0.00117696
7217	1759.844	430	0.00127801
7218	1760.088	466	0.00138501
7219	1760.331	418	0.00124235
7220	1760.575	423	0.00125721
7221	1760.819	431	0.00128098
7222	1761.063	432	0.00128396
7223	1761.307	481	0.00142959
7224	1761.551	440	0.00130773
7225	1761.795	435	0.00129287
7226	1762.039	464	0.00137906
7227	1762.282	431	0.00128098
7228	1762.526	401	0.00119182
7229	1762.770	437	0.00129882
7230	1763.014	458	0.00136123
7231	1763.258	433	0.00128693
7232	1763.502	428	0.00127207
7233	1763.746	462	0.00137312
7234	1763.989	451	0.00134043
7235	1764.233	416	0.0012364
7236	1764.477	450	0.00133745
7237	1764.721	406	0.00120668
7238	1764.965	427	0.0012691
7239	1765.209	433	0.00128693
7240	1765.453	452	0.0013434
7241	1765.697	449	0.00133448
7242	1765.940	484	0.00143851
7243	1766.184	423	0.00125721
7244	1766.428	447	0.00132854
7245	1766.672	418	0.00124235
7246	1766.916	438	0.00130179
7247	1767.160	433	0.00128693
7248	1767.404	427	0.0012691
7249	1767.647	436	0.00129584
7250	1767.891	429	0.00127504
7251	1768.135	412	0.00122451
7252	1768.379	434	0.0012899
7253	1768.623	397	0.00117993
7254	1768.867	448	0.00133151
7255	1769.111	431	0.00128098
7256	1769.354	427	0.0012691
7257	1769.598	450	0.00133745
7258	1769.842	388	0.00115318
7259	1770.086	378	0.00112346
7260	1770.330	422	0.00125424
7261	1770.574	380	0.00112941
7262	1770.818	411	0.00122154
7263	1771.062	396	0.00117696
7264	1771.305	429	0.00127504
7265	1771.549	392	0.00116507
7266	1771.793	400	0.00118885
7267	1772.037	380	0.00112941
7268	1772.281	401	0.00119182
7269	1772.525	412	0.00122451
7270	1772.769	429	0.00127504
7271	1773.012	412	0.00122451
7272	1773.256	408	0.00121263
7273	1773.500	412	0.00122451
7274	1773.744	437	0.00129882
7275	1773.988	428	0.00127207
7276	1774.232	420	0.00124829
7277	1774.476	416	0.0012364
7278	1774.719	381	0.00113238
7279	1774.963	416	0.0012364
7280	1775.207	410	0.00121857
7281	1775.451	391	0.0011621
7282	1775.695	419	0.00124532
7283	1775.939	408	0.00121263
7284	1776.183	416	0.0012364
7285	1776.427	411	0.00122154
7286	1776.670	403	0.00119776
7287	1776.914	399	0.00118588
7288	1777.158	404	0.00120074
7289	1777.402	413	0.00122749
7290	1777.646	425	0.00126315
7291	1777.890	403	0.00119776
7292	1778.134	402	0.00119479
7293	1778.377	369	0.00109671
7294	1778.621	406	0.00120668
7295	1778.865	399	0.00118588
7296	1779.109	390	0.00115913
7297	1779.353	429	0.00127504
7298	1779.597	385	0.00114427
7299	1779.841	371	0.00110266
7300	1780.085	366	0.0010878
7301	1780.328	379	0.00112643
7302	1780.572	372	0.00110563
7303	1780.816	402	0.00119479
7304	1781.060	399	0.00118588
7305	1781.304	426	0.00126612
7306	1781.548	374	0.00111157
7307	1781.792	390	0.00115913
7308	1782.035	375	0.00111455
7309	1782.279	399	0.00118588
7310	1782.523	409	0.0012156
7311	1782.767	422	0.00125424
7312	1783.011	371	0.00110266
7313	1783.255	373	0.0011086
7314	1783.499	403	0.00119776
7315	1783.742	418	0.00124235
7316	1783.986	409	0.0012156
7317	1784.230	388	0.00115318
7318	1784.474	418	0.00124235
7319	1784.718	430	0.00127801
7320	1784.962	402	0.00119479
7321	1785.206	425	0.00126315
7322	1785.450	417	0.00123937
7323	1785.693	419	0.00124532
7324	1785.937	423	0.00125721
7325	1786.181	415	0.00123343
7326	1786.425	403	0.00119776
7327	1786.669	404	0.00120074
7328	1786.913	399	0.00118588
7329	1787.157	449	0.00133448
7330	1787.400	425	0.00126315
7331	1787.644	386	0.00114724
7332	1787.888	459	0.0013642
7333	1788.132	433	0.00128693
7334	1788.376	456	0.00135529
7335	1788.620	443	0.00131665
7336	1788.864	470	0.0013969
7337	1789.108	470	0.0013969
7338	1789.351	429	0.00127504
7339	1789.595	412	0.00122451
7340	1789.839	412	0.00122451
7341	1790.083	408	0.00121263
7342	1790.327	436	0.00129584
7343	1790.571	417	0.00123937
7344	1790.815	420	0.00124829
7345	1791.058	400	0.00118885
7346	1791.302	388	0.00115318
7347	1791.546	391	0.0011621
7348	1791.790	393	0.00116804
7349	1792.034	363	0.00107888
7350	1792.278	342	0.00101647
7351	1792.522	336	0.000998633
7352	1792.765	418	0.00124235
7353	1793.009	366	0.0010878
7354	1793.253	362	0.00107591
7355	1793.497	373	0.0011086
7356	1793.741	390	0.00115913
7357	1793.985	355	0.0010551
7358	1794.229	364	0.00108185
7359	1794.473	390	0.00115913
7360	1794.716	381	0.00113238
7361	1794.960	436	0.00129584
7362	1795.204	409	0.0012156
7363	1795.448	379	0.00112643
7364	1795.692	417	0.00123937
7365	1795.936	376	0.00111752
7366	1796.180	360	0.00106996
7367	1796.423	379	0.00112643
7368	1796.667	402	0.00119479
7369	1796.911	398	0.0011829
7370	1797.155	376	0.00111752
7371	1797.399	381	0.00113238
7372	1797.643	380	0.00112941
7373	1797.887	351	0.00104321
7374	1798.130	352	0.00104619
7375	1798.374	384	0.00114129
7376	1798.618	362	0.00107591
7377	1798.862	330	0.0009808
7378	1799.106	387	0.00115021
7379	1799.350	435	0.00129287
7380	1799.594	371	0.00110266
7381	1799.838	378	0.00112346
7382	1800.081	366	0.0010878
7383	1800.325	361	0.00107294
7384	1800.569	406	0.00120668
7385	1800.813	392	0.00116507
7386	1801.057	385	0.00114427
7387	1801.301	379	0.00112643
7388	1801.545	390	0.00115913
7389	1801.788	347	0.00103133
7390	1802.032	412	0.00122451
7391	1802.276	339	0.00100755
7392	1802.520	406	0.00120668
7393	1802.764	356	0.00105808
7394	1803.008	372	0.00110563
7395	1803.252	376	0.00111752
7396	1803.496	391	0.0011621
7397	1803.739	354	0.00105213
7398	1803.983	358	0.00106402
7399	1804.227	346	0.00102835
7400	1804.471	367	0.00109077
7401	1804.715	335	0.000995661
7402	1804.959	355	0.0010551
7403	1805.203	393	0.00116804
7404	1805.446	375	0.00111455
7405	1805.690	343	0.00101944
7406	1805.934	363	0.00107888
7407	1806.178	370	0.00109968
7408	1806.422	344	0.00102241
7409	1806.666	353	0.00104916
7410	1806.910	359	0.00106699
7411	1807.153	375	0.00111455
7412	1807.397	319	0.000948107
7413	1807.641	367	0.00109077
7414	1807.885	326	0.000968912
7415	1808.129	370	0.00109968
7416	1808.373	373	0.0011086
7417	1808.617	334	0.000992689
7418	1808.861	394	0.00117102
7419	1809.104	366	0.0010878
7420	1809.348	382	0.00113535
7421	1809.592	324	0.000962967
7422	1809.836	375	0.00111455
7423	1810.080	404	0.00120074
7424	1810.324	371	0.00110266
7425	1810.568	387	0.00115021
7426	1810.811	390	0.00115913
7427	1811.055	328	0.000974856
7428	1811.299	365	0.00108482
7429	1811.543	361	0.00107294
7430	1811.787	363	0.00107888
7431	1812.031	342	0.00101647
7432	1812.275	363	0.00107888
7433	1812.518	372	0.00110563
7434	1812.762	374	0.00111157
7435	1813.006	387	0.00115021
7436	1813.250	350	0.00104024
7437	1813.494	375	0.00111455
7438	1813.738	356	0.00105808
7439	1813.982	391	0.0011621
7440	1814.226	360	0.00106996
7441	1814.469	363	0.00107888
7442	1814.713	350	0.00104024
7443	1814.957	360	0.00106996
7444	1815.201	388	0.00115318
7445	1815.445	355	0.0010551
7446	1815.689	352	0.00104619
7447	1815.933	397	0.00117993
7448	1816.176	351	0.00104321
7449	1816.420	376	0.00111752
7450	1816.664	369	0.00109671
7451	1816.908	378	0.00112346
7452	1817.152	373	0.0011086
7453	1817.396	376	0.00111752
7454	1817.640	373	0.0011086
7455	1817.884	354	0.00105213
7456	1818.127	354	0.00105213
7457	1818.371	364	0.00108185
7458	1818.615	380	0.00112941
7459	1818.859	364	0.00108185
7460	1819.103	352	0.00104619
7461	1819.347	347	0.00103133
7462	1819.591	389	0.00115616
7463	1819.834	326	0.000968912
7464	1820.078	376	0.00111752
7465	1820.322	354	0.00105213
7466	1820.566	359	0.00106699
7467	1820.810	346	0.00102835
7468	1821.054	353	0.00104916
7469	1821.298	373	0.0011086
7470	1821.541	408	0.00121263
7471	1821.785	352	0.00104619
7472	1822.029	373	0.0011086
7473	1822.273	365	0.00108482
7474	1822.517	366	0.0010878
7475	1822.761	375	0.00111455
7476	1823.005	394	0.00117102
7477	1823.249	344	0.00102241
7478	1823.492	380	0.00112941
7479	1823.736	421	0.00125126
7480	1823.980	394	0.00117102
7481	1824.224	387	0.00115021
7482	1824.468	382	0.00113535
7483	1824.712	434	0.0012899
7484	1824.956	412	0.00122451
7485	1825.199	428	0.00127207
7486	1825.443	443	0.00131665
7487	1825.687	397	0.00117993
7488	1825.931	465	0.00138204
7489	1826.175	448	0.00133151
7490	1826.419	464	0.00137906
7491	1826.663	518	0.00153956
7492	1826.906	507	0.00150687
7493	1827.150	498	0.00148012
7494	1827.394	523	0.00155442
7495	1827.638	465	0.00138204
7496	1827.882	501	0.00148903
7497	1828.126	494	0.00146823
7498	1828.370	497	0.00147714
7499	1828.614	471	0.00139987
7500	1828.857	472	0.00140284
7501	1829.101	467	0.00138798
7502	1829.345	485	0.00144148
7503	1829.589	534	0.00158711
7504	1829.833	442	0.00131368
7505	1830.077	464	0.00137906
7506	1830.321	507	0.00150687
7507	1830.564	452	0.0013434
7508	1830.808	524	0.00155739
7509	1831.052	523	0.00155442
7510	1831.296	535	0.00159009
7511	1831.540	561	0.00166736
7512	1831.784	570	0.00169411
7513	1832.028	610	0.00181299
7514	1832.272	609	0.00181002
7515	1832.515	729	0.00216668
7516	1832.759	779	0.00231528
7517	1833.003	797	0.00236878
7518	1833.247	1016	0.00301968
7519	1833.491	1255	0.00373001
7520	1833.735	1754	0.0052131
7521	1833.979	2441	0.00725495
7522	1834.222	3593	0.0106788
7523	1834.466	5673	0.0168608
7524	1834.710	8821	0.0262171
7525	1834.954	14692	0.0436664
7526	1835.198	24317	0.0722731
7527	1835.442	38498	0.114421
7528	1835.686	59577	0.17707
7529	1835.929	89069	0.264724
7530	1836.173	124735	0.370728
7531	1836.417	166824	0.495821
7532	1836.661	210110	0.624472
7533	1836.905	249423	0.741315
7534	1837.149	278247	0.826984
7535	1837.393	290584	0.863651
7536	1837.637	283347	0.842142
7537	1837.880	258628	0.768674
7538	1838.124	220308	0.654782
7539	1838.368	174997	0.520112
7540	1838.612	130509	0.387889
7541	1838.856	89736	0.266706
7542	1839.100	57435	0.170704
7543	1839.344	35336	0.105023
7544	1839.587	19636	0.0583606
7545	1839.831	10480	0.0311478
7546	1840.075	5333	0.0158503
7547	1840.319	2635	0.00783154
7548	1840.563	1381	0.0041045
7549	1840.807	840	0.00249658
7550	1841.051	622	0.00184866
7551	1841.295	563	0.0016733
7552	1841.538	552	0.00164061
7553	1841.782	531	0.0015782
7554	1842.026	529	0.00157225
7555	1842.270	489	0.00145337
7556	1842.514	464	0.00137906
7557	1842.758	371	0.00110266
7558	1843.002	377	0.00112049
7559	1843.245	370	0.00109968
7560	1843.489	313	0.000930274
7561	1843.733	273	0.000811389
7562	1843.977	267	0.000793556
7563	1844.221	235	0.000698449
7564	1844.465	265	0.000787612
7565	1844.709	218	0.000647922
7566	1844.952	236	0.000701421
7567	1845.196	208	0.000618201
7568	1845.440	218	0.000647922
7569	1845.684	230	0.000683588
7570	1845.928	218	0.000647922
7571	1846.172	200	0.000594424
7572	1846.416	215	0.000639006
7573	1846.660	241	0.000716281
7574	1846.903	234	0.000695476
7575	1847.147	214	0.000636034
7576	1847.391	236	0.000701421
7577	1847.635	258	0.000766807
7578	1847.879	231	0.00068656
7579	1848.123	284	0.000844083
7580	1848.367	275	0.000817333
7581	1848.610	316	0.00093919
7582	1848.854	297	0.00088272
7583	1849.098	391	0.0011621
7584	1849.342	475	0.00141176
7585	1849.586	588	0.00174761
7586	1849.830	749	0.00222612
7587	1850.074	1025	0.00304642
7588	1850.317	1311	0.00389645
7589	1850.561	1651	0.00490697
7590	1850.805	1987	0.00590561
7591	1851.049	2228	0.00662189
7592	1851.293	2361	0.00701718
7593	1851.537	2513	0.00746894
7594	1851.781	2557	0.00759971
7595	1852.025	2369	0.00704096
7596	1852.268	2194	0.00652083
7597	1852.512	1844	0.00548059
7598	1852.756	1531	0.00455032
7599	1853.000	1286	0.00382215
7600	1853.244	1130	0.0033585
7601	1853.488	965	0.0028681
7602	1853.732	689	0.00204779
7603	1853.975	591	0.00175652
7604	1854.219	531	0.0015782
7605	1854.463	434	0.0012899
7606	1854.707	344	0.00102241
7607	1854.951	311	0.00092433
7608	1855.195	245	0.00072817
7609	1855.439	240	0.000713309
7610	1855.683	185	0.000549842
7611	1855.926	194	0.000576592
7612	1856.170	167	0.000496344
7613	1856.414	199	0.000591452
7614	1856.658	200	0.000594424
7615	1856.902	155	0.000460679
7616	1857.146	200	0.000594424
7617	1857.390	184	0.00054687
7618	1857.633	207	0.000615229
7619	1857.877	178	0.000529038
7620	1858.121	217	0.00064495
7621	1858.365	180	0.000534982
7622	1858.609	197	0.000585508
7623	1858.853	243	0.000722226
7624	1859.097	207	0.000615229
7625	1859.340	205	0.000609285
7626	1859.584	246	0.000731142
7627	1859.828	226	0.000671699
7628	1860.072	196	0.000582536
7629	1860.316	182	0.000540926
7630	1860.560	182	0.000540926
7631	1860.804	165	0.0004904
7632	1861.048	166	0.000493372
7633	1861.291	159	0.000472567
7634	1861.535	136	0.000404209
7635	1861.779	148	0.000439874
7636	1862.023	118	0.00035071
7637	1862.267	157	0.000466623
7638	1862.511	151	0.00044879
7639	1862.755	146	0.00043393
7640	1862.998	135	0.000401236
7641	1863.242	136	0.000404209
7642	1863.486	133	0.000395292
7643	1863.730	138	0.000410153
7644	1863.974	137	0.000407181
7645	1864.218	127	0.000377459
7646	1864.462	125	0.000371515
7647	1864.705	108	0.000320989
7648	1864.949	108	0.000320989
7649	1865.193	139	0.000413125
7650	1865.437	119	0.000353682
7651	1865.681	112	0.000332878
7652	1865.925	116	0.000344766
7653	1866.169	132	0.00039232
7654	1866.413	108	0.000320989
7655	1866.656	99	0.00029424
7656	1866.900	131	0.000389348
7657	1867.144	110	0.000326933
7658	1867.388	138	0.000410153
7659	1867.632	122	0.000362599
7660	1867.876	125	0.000371515
7661	1868.120	118	0.00035071
7662	1868.363	146	0.00043393
7663	1868.607	116	0.000344766
7664	1868.851	132	0.00039232
7665	1869.095	113	0.00033585
7666	1869.339	131	0.000389348
7667	1869.583	125	0.000371515
7668	1869.827	100	0.000297212
7669	1870.071	124	0.000368543
7670	1870.314	92	0.000273435
7671	1870.558	124	0.000368543
7672	1870.802	108	0.000320989
7673	1871.046	119	0.000353682
7674	1871.290	100	0.000297212
7675	1871.534	100	0.000297212
7676	1871.778	106	0.000315045
7677	1872.021	97	0.000288296
7678	1872.265	112	0.000332878
7679	1872.509	104	0.000309101
7680	1872.753	117	0.000347738
7681	1872.997	104	0.000309101
7682	1873.241	99	0.00029424
7683	1873.485	115	0.000341794
7684	1873.728	106	0.000315045
7685	1873.972	116	0.000344766
7686	1874.216	115	0.000341794
7687	1874.460	103	0.000306129
7688	1874.704	88	0.000261547
7689	1874.948	109	0.000323961
7690	1875.192	123	0.000365571
7691	1875.436	103	0.000306129
7692	1875.679	107	0.000318017
7693	1875.923	110	0.000326933
7694	1876.167	102	0.000303156
7695	1876.411	88	0.000261547
7696	1876.655	99	0.00029424
7697	1876.899	96	0.000285324
7698	1877.143	114	0.000338822
7699	1877.386	112	0.000332878
7700	1877.630	103	0.000306129
7701	1877.874	117	0.000347738
7702	1878.118	97	0.000288296
7703	1878.362	110	0.000326933
7704	1878.606	113	0.00033585
7705	1878.850	93	0.000276407
7706	1879.093	81	0.000240742
7707	1879.337	126	0.000374487
7708	1879.581	119	0.000353682
7709	1879.825	123	0.000365571
7710	1880.069	102	0.000303156
7711	1880.313	100	0.000297212
7712	1880.557	108	0.000320989
7713	1880.801	105	0.000312073
7714	1881.044	102	0.000303156
7715	1881.288	108	0.000320989
7716	1881.532	101	0.000300184
7717	1881.776	94	0.000279379
7718	1882.020	84	0.000249658
7719	1882.264	97	0.000288296
7720	1882.508	91	0.000270463
7721	1882.751	98	0.000291268
7722	1882.995	114	0.000338822
7723	1883.239	98	0.000291268
7724	1883.483	82	0.000243714
7725	1883.727	107	0.000318017
7726	1883.971	97	0.000288296
7727	1884.215	96	0.000285324
7728	1884.459	103	0.000306129
7729	1884.702	101	0.000300184
7730	1884.946	95	0.000282352
7731	1885.190	102	0.000303156
7732	1885.434	102	0.000303156
7733	1885.678	102	0.000303156
7734	1885.922	99	0.00029424
7735	1886.166	77	0.000228853
7736	1886.409	101	0.000300184
7737	1886.653	107	0.000318017
7738	1886.897	110	0.000326933
7739	1887.141	117	0.000347738
7740	1887.385	102	0.000303156
7741	1887.629	116	0.000344766
7742	1887.873	95	0.000282352
7743	1888.116	87	0.000258575
7744	1888.360	123	0.000365571
7745	1888.604	98	0.000291268
7746	1888.848	99	0.00029424
7747	1889.092	102	0.000303156
7748	1889.336	109	0.000323961
7749	1889.580	93	0.000276407
7750	1889.824	108	0.000320989
7751	1890.067	117	0.000347738
7752	1890.311	105	0.000312073
7753	1890.555	102	0.000303156
7754	1890.799	112	0.000332878
7755	1891.043	105	0.000312073
7756	1891.287	101	0.000300184
7757	1891.531	101	0.000300184
7758	1891.774	94	0.000279379
7759	1892.018	94	0.000279379
7760	1892.262	109	0.000323961
7761	1892.506	93	0.000276407
7762	1892.750	96	0.000285324
7763	1892.994	112	0.000332878
7764	1893.238	107	0.000318017
7765	1893.482	92	0.000273435
7766	1893.725	88	0.000261547
7767	1893.969	99	0.00029424
7768	1894.213	93	0.000276407
7769	1894.457	97	0.000288296
7770	1894.701	97	0.000288296
7771	1894.945	125	0.000371515
7772	1895.189	105	0.000312073
7773	1895.432	103	0.000306129
7774	1895.676	105	0.000312073
7775	1895.920	111	0.000329905
7776	1896.164	124	0.000368543
7777	1896.408	114	0.000338822
7778	1896.652	89	0.000264519
7779	1896.896	123	0.000365571
7780	1897.139	92	0.000273435
7781	1897.383	108	0.000320989
7782	1897.627	106	0.000315045
7783	1897.871	102	0.000303156
7784	1898.115	118	0.00035071
7785	1898.359	107	0.000318017
7786	1898.603	85	0.00025263
7787	1898.847	89	0.000264519
7788	1899.090	105	0.000312073
7789	1899.334	94	0.000279379
7790	1899.578	99	0.00029424
7791	1899.822	96	0.000285324
7792	1900.066	96	0.000285324
7793	1900.310	105	0.000312073
7794	1900.554	100	0.000297212
7795	1900.797	102	0.000303156
7796	1901.041	103	0.000306129
7797	1901.285	102	0.000303156
7798	1901.529	92	0.000273435
7799	1901.773	101	0.000300184
7800	1902.017	91	0.000270463
7801	1902.261	87	0.000258575
7802	1902.504	101	0.000300184
7803	1902.748	117	0.000347738
7804	1902.992	85	0.00025263
7805	1903.236	90	0.000267491
7806	1903.480	98	0.000291268
7807	1903.724	117	0.000347738
7808	1903.968	104	0.000309101
7809	1904.212	103	0.000306129
7810	1904.455	92	0.000273435
7811	1904.699	104	0.000309101
7812	1904.943	96	0.000285324
7813	1905.187	97	0.000288296
7814	1905.431	82	0.000243714
7815	1905.675	103	0.000306129
7816	1905.919	99	0.00029424
7817	1906.162	94	0.000279379
7818	1906.406	112	0.000332878
7819	1906.650	102	0.000303156
7820	1906.894	100	0.000297212
7821	1907.138	104	0.000309101
7822	1907.382	89	0.000264519
7823	1907.626	76	0.000225881
7824	1907.870	97	0.000288296
7825	1908.113	99	0.00029424
7826	1908.357	98	0.000291268
7827	1908.601	99	0.00029424
7828	1908.845	103	0.000306129
7829	1909.089	112	0.000332878
7830	1909.333	109	0.000323961
7831	1909.577	108	0.000320989
7832	1909.820	93	0.000276407
7833	1910.064	95	0.000282352
7834	1910.308	91	0.000270463
7835	1910.552	92	0.000273435
7836	1910.796	97	0.000288296
7837	1911.040	106	0.000315045
7838	1911.284	84	0.000249658
7839	1911.527	93	0.000276407
7840	1911.771	92	0.000273435
7841	1912.015	108	0.000320989
7842	1912.259	106	0.000315045
7843	1912.503	104	0.000309101
7844	1912.747	93	0.000276407
7845	1912.991	99	0.00029424
7846	1913.235	116	0.000344766
7847	1913.478	101	0.000300184
7848	1913.722	83	0.000246686
7849	1913.966	109	0.000323961
7850	1914.210	102	0.000303156
7851	1914.454	103	0.000306129
7852	1914.698	111	0.000329905
7853	1914.942	108	0.000320989
7854	1915.185	103	0.000306129
7855	1915.429	106	0.000315045
7856	1915.673	108	0.000320989
7857	1915.917	93	0.000276407
7858	1916.161	74	0.000219937
7859	1916.405	109	0.000323961
7860	1916.649	113	0.00033585
7861	1916.892	104	0.000309101
7862	1917.136	92	0.000273435
7863	1917.380	89	0.000264519
7864	1917.624	106	0.000315045
7865	1917.868	89	0.000264519
7866	1918.112	106	0.000315045
7867	1918.356	99	0.00029424
7868	1918.600	111	0.000329905
7869	1918.843	114	0.000338822
7870	1919.087	90	0.000267491
7871	1919.331	117	0.000347738
7872	1919.575	96	0.000285324
7873	1919.819	105	0.000312073
7874	1920.063	71	0.000211021
7875	1920.307	111	0.000329905
7876	1920.550	113	0.00033585
7877	1920.794	82	0.000243714
7878	1921.038	101	0.000300184
7879	1921.282	119	0.000353682
7880	1921.526	109	0.000323961
7881	1921.770	86	0.000255602
7882	1922.014	101	0.000300184
7883	1922.258	98	0.000291268
7884	1922.501	103	0.000306129
7885	1922.745	118	0.00035071
7886	1922.989	115	0.000341794
7887	1923.233	98	0.000291268
7888	1923.477	89	0.000264519
7889	1923.721	78	0.000231825
7890	1923.965	102	0.000303156
7891	1924.208	118	0.00035071
7892	1924.452	104	0.000309101
7893	1924.696	109	0.000323961
7894	1924.940	99	0.00029424
7895	1925.184	102	0.000303156
7896	1925.428	117	0.000347738
7897	1925.672	97	0.000288296
7898	1925.915	97	0.000288296
7899	1926.159	101	0.000300184
7900	1926.403	115	0.000341794
7901	1926.647	104	0.000309101
7902	1926.891	108	0.000320989
7903	1927.135	84	0.000249658
7904	1927.379	97	0.000288296
7905	1927.623	94	0.000279379
7906	1927.866	100	0.000297212
7907	1928.110	97	0.000288296
7908	1928.354	100	0.000297212
7909	1928.598	94	0.000279379
7910	1928.842	92	0.000273435
7911	1929.086	83	0.000246686
7912	1929.330	94	0.000279379
7913	1929.573	106	0.000315045
7914	1929.817	85	0.00025263
7915	1930.061	85	0.00025263
7916	1930.305	104	0.000309101
7917	1930.549	84	0.000249658
7918	1930.793	110	0.000326933
7919	1931.037	88	0.000261547
7920	1931.280	103	0.000306129
7921	1931.524	98	0.000291268
7922	1931.768	93	0.000276407
7923	1932.012	96	0.000285324
7924	1932.256	101	0.000300184
7925	1932.500	110	0.000326933
7926	1932.744	106	0.000315045
7927	1932.988	93	0.000276407
7928	1933.231	95	0.000282352
7929	1933.475	98	0.000291268
7930	1933.719	93	0.000276407
7931	1933.963	108	0.000320989
7932	1934.207	80	0.00023777
7933	1934.451	95	0.000282352
7934	1934.695	94	0.000279379
7935	1934.938	98	0.000291268
7936	1935.182	104	0.000309101
7937	1935.426	90	0.000267491
7938	1935.670	98	0.000291268
7939	1935.914	95	0.000282352
7940	1936.158	101	0.000300184
7941	1936.402	104	0.000309101
7942	1936.646	115	0.000341794
7943	1936.889	103	0.000306129
7944	1937.133	115	0.000341794
7945	1937.377	114	0.000338822
7946	1937.621	103	0.000306129
7947	1937.865	81	0.000240742
7948	1938.109	117	0.000347738
7949	1938.353	105	0.000312073
7950	1938.596	94	0.000279379
7951	1938.840	89	0.000264519
7952	1939.084	98	0.000291268
7953	1939.328	89	0.000264519
7954	1939.572	90	0.000267491
7955	1939.816	100	0.000297212
7956	1940.060	81	0.000240742
7957	1940.303	107	0.000318017
7958	1940.547	83	0.000246686
7959	1940.791	101	0.000300184
7960	1941.035	94	0.000279379
7961	1941.279	95	0.000282352
7962	1941.523	100	0.000297212
7963	1941.767	99	0.00029424
7964	1942.011	96	0.000285324
7965	1942.254	92	0.000273435
7966	1942.498	101	0.000300184
7967	1942.742	91	0.000270463
7968	1942.986	94	0.000279379
7969	1943.230	105	0.000312073
7970	1943.474	91	0.000270463
7971	1943.718	90	0.000267491
7972	1943.961	87	0.000258575
7973	1944.205	107	0.000318017
7974	1944.449	104	0.000309101
7975	1944.693	86	0.000255602
7976	1944.937	86	0.000255602
7977	1945.181	111	0.000329905
7978	1945.425	99	0.00029424
7979	1945.669	94	0.000279379
7980	1945.912	100	0.000297212
7981	1946.156	101	0.000300184
7982	1946.400	100	0.000297212
7983	1946.644	104	0.000309101
7984	1946.888	90	0.000267491
7985	1947.132	114	0.000338822
7986	1947.376	99	0.00029424
7987	1947.619	83	0.000246686
7988	1947.863	78	0.000231825
7989	1948.107	99	0.00029424
7990	1948.351	112	0.000332878
7991	1948.595	96	0.000285324
7992	1948.839	88	0.000261547
7993	1949.083	95	0.000282352
7994	1949.326	90	0.000267491
7995	1949.570	108	0.000320989
7996	1949.814	95	0.000282352
7997	1950.058	77	0.000228853
7998	1950.302	91	0.000270463
7999	1950.546	105	0.000312073
8000	1950.790	85	0.00025263
8001	1951.034	97	0.000288296
8002	1951.277	97	0.000288296
8003	1951.521	75	0.000222909
8004	1951.765	79	0.000234798
8005	1952.009	77	0.000228853
8006	1952.253	105	0.000312073
8007	1952.497	91	0.000270463
8008	1952.741	104	0.000309101
8009	1952.984	98	0.000291268
8010	1953.228	115	0.000341794
8011	1953.472	100	0.000297212
8012	1953.716	100	0.000297212
8013	1953.960	104	0.000309101
8014	1954.204	118	0.00035071
8015	1954.448	87	0.000258575
8016	1954.691	75	0.000222909
8017	1954.935	88	0.000261547
8018	1955.179	96	0.000285324
8019	1955.423	90	0.000267491
8020	1955.667	81	0.000240742
8021	1955.911	96	0.000285324
8022	1956.155	96	0.000285324
8023	1956.399	98	0.000291268
8024	1956.642	90	0.000267491
8025	1956.886	82	0.000243714
8026	1957.130	90	0.000267491
8027	1957.374	102	0.000303156
8028	1957.618	84	0.000249658
8029	1957.862	124	0.000368543
8030	1958.106	100	0.000297212
8031	1958.349	91	0.000270463
8032	1958.593	107	0.000318017
8033	1958.837	110	0.000326933
8034	1959.081	119	0.000353682
8035	1959.325	100	0.000297212
8036	1959.569	97	0.000288296
8037	1959.813	101	0.000300184
8038	1960.057	107	0.000318017
8039	1960.300	114	0.000338822
8040	1960.544	109	0.000323961
8041	1960.788	89	0.000264519
8042	1961.032	84	0.000249658
8043	1961.276	109	0.000323961
8044	1961.520	103	0.000306129
8045	1961.764	82	0.000243714
8046	1962.007	111	0.000329905
8047	1962.251	92	0.000273435
8048	1962.495	102	0.000303156
8049	1962.739	94	0.000279379
8050	1962.983	103	0.000306129
8051	1963.227	93	0.000276407
8052	1963.471	79	0.000234798
8053	1963.714	116	0.000344766
8054	1963.958	101	0.000300184
8055	1964.202	101	0.000300184
8056	1964.446	90	0.000267491
8057	1964.690	102	0.000303156
8058	1964.934	91	0.000270463
8059	1965.178	106	0.000315045
8060	1965.422	100	0.000297212
8061	1965.665	96	0.000285324
8062	1965.909	93	0.000276407
8063	1966.153	93	0.000276407
8064	1966.397	110	0.000326933
8065	1966.641	82	0.000243714
8066	1966.885	91	0.000270463
8067	1967.129	93	0.000276407
8068	1967.372	91	0.000270463
8069	1967.616	93	0.000276407
8070	1967.860	106	0.000315045
8071	1968.104	96	0.000285324
8072	1968.348	84	0.000249658
8073	1968.592	84	0.000249658
8074	1968.836	85	0.00025263
8075	1969.079	107	0.000318017
8076	1969.323	91	0.000270463
8077	1969.567	99	0.00029424
8078	1969.811	76	0.000225881
8079	1970.055	103	0.000306129
8080	1970.299	89	0.000264519
8081	1970.543	96	0.000285324
8082	1970.787	100	0.000297212
8083	1971.030	94	0.000279379
8084	1971.274	89	0.000264519
8085	1971.518	104	0.000309101
8086	1971.762	97	0.000288296
8087	1972.006	86	0.000255602
8088	1972.250	106	0.000315045
8089	1972.494	102	0.000303156
8090	1972.737	103	0.000306129
8091	1972.981	90	0.000267491
8092	1973.225	103	0.000306129
8093	1973.469	90	0.000267491
8094	1973.713	88	0.000261547
8095	1973.957	94	0.000279379
8096	1974.201	113	0.00033585
8097	1974.445	94	0.000279379
8098	1974.688	97	0.000288296
8099	1974.932	91	0.000270463
8100	1975.176	122	0.000362599
8101	1975.420	96	0.000285324
8102	1975.664	103	0.000306129
8103	1975.908	95	0.000282352
8104	1976.152	90	0.000267491
8105	1976.395	105	0.000312073
8106	1976.639	100	0.000297212
8107	1976.883	81	0.000240742
8108	1977.127	98	0.000291268
8109	1977.371	93	0.000276407
8110	1977.615	103	0.000306129
8111	1977.859	92	0.000273435
8112	1978.102	93	0.000276407
8113	1978.346	101	0.000300184
8114	1978.590	93	0.000276407
8115	1978.834	98	0.000291268
8116	1979.078	100	0.000297212
8117	1979.322	90	0.000267491
8118	1979.566	98	0.000291268
8119	1979.810	90	0.000267491
8120	1980.053	105	0.000312073
8121	1980.297	93	0.000276407
8122	1980.541	78	0.000231825
8123	1980.785	103	0.000306129
8124	1981.029	85	0.00025263
8125	1981.273	95	0.000282352
8126	1981.517	128	0.000380432
8127	1981.760	90	0.000267491
8128	1982.004	115	0.000341794
8129	1982.248	100	0.000297212
8130	1982.492	82	0.000243714
8131	1982.736	92	0.000273435
8132	1982.980	94	0.000279379
8133	1983.224	110	0.000326933
8134	1983.468	103	0.000306129
8135	1983.711	83	0.000246686
8136	1983.955	90	0.000267491
8137	1984.199	87	0.000258575
8138	1984.443	87	0.000258575
8139	1984.687	98	0.000291268
8140	1984.931	85	0.00025263
8141	1985.175	104	0.000309101
8142	1985.418	92	0.000273435
8143	1985.662	96	0.000285324
8144	1985.906	86	0.000255602
8145	1986.150	92	0.000273435
8146	1986.394	83	0.000246686
8147	1986.638	121	0.000359627
8148	1986.882	79	0.000234798
8149	1987.125	92	0.000273435
8150	1987.369	84	0.000249658
8151	1987.613	96	0.000285324
8152	1987.857	92	0.000273435
8153	1988.101	108	0.000320989
8154	1988.345	95	0.000282352
8155	1988.589	82	0.000243714
8156	1988.833	92	0.000273435
8157	1989.076	83	0.000246686
8158	1989.320	82	0.000243714
8159	1989.564	112	0.000332878
8160	1989.808	86	0.000255602
8161	1990.052	92	0.000273435
8162	1990.296	93	0.000276407
8163	1990.540	102	0.000303156
8164	1990.783	93	0.000276407
8165	1991.027	89	0.000264519
8166	1991.271	86	0.000255602
8167	1991.515	105	0.000312073
8168	1991.759	95	0.000282352
8169	1992.003	112	0.000332878
8170	1992.247	112	0.000332878
8171	1992.490	77	0.000228853
8172	1992.734	97	0.000288296
8173	1992.978	95	0.000282352
8174	1993.222	100	0.000297212
8175	1993.466	95	0.000282352
8176	1993.710	113	0.00033585
8177	1993.954	100	0.000297212
8178	1994.198	92	0.000273435
8179	1994.441	102	0.000303156
8180	1994.685	77	0.000228853
8181	1994.929	88	0.000261547
8182	1995.173	94	0.000279379
8183	1995.417	96	0.000285324
8184	1995.661	103	0.000306129
8185	1995.905	80	0.00023777
8186	1996.148	97	0.000288296
8187	1996.392	95	0.000282352
8188	1996.636	117	0.000347738
8189	1996.880	116	0.000344766
8190	1997.124	97	0.000288296
8191	1997.368	106	0.000315045
8192	1997.612	84	0.000249658
