#
# Sample name: Sample title.                                                   
# Sample id:   
# Sample type: 
# User name:   
# Sample description: 
#
# Start time:    2025-12-17, 09:57:09
# Real time (s): 3036.380
# Live time (s): 2930.450
#
# Total counts:  7939561
#
# Left marker:  20 (4.751 keV)
# Right marker: 50 (12.067 keV)
# Counts:       151851
#
# Energy calibration coefficients ( E = sum(Ai * n**i) )
#     A0: -0.126274
#     A1: 0.243864
#     A2: 0.000000
#     A3: 0.000000
# Energy unit: keV
#
# Channel data
# n	energy(keV)	counts	rate(1/s)
#-----------------------------------------------------------------------
1	0.118	2	0.000682489
2	0.361	0	0
3	0.605	0	0
4	0.849	3	0.00102373
5	1.093	1	0.000341245
6	1.337	1	0.000341245
7	1.581	0	0
8	1.825	0	0
9	2.069	2	0.000682489
10	2.312	1	0.000341245
11	2.556	1	0.000341245
12	2.800	0	0
13	3.044	1	0.000341245
14	3.288	0	0
15	3.532	2	0.000682489
16	3.776	2	0.000682489
17	4.019	2	0.000682489
18	4.263	2	0.000682489
19	4.507	4	0.00136498
20	4.751	0	0
21	4.995	1	0.000341245
22	5.239	3	0.00102373
23	5.483	4	0.00136498
24	5.726	1	0.000341245
25	5.970	6	0.00204747
26	6.214	16	0.00545991
27	6.458	125	0.0426556
28	6.702	652	0.222491
29	6.946	1610	0.549404
30	7.190	2286	0.780085
31	7.434	2834	0.967087
32	7.677	3133	1.06912
33	7.921	3259	1.11212
34	8.165	3182	1.08584
35	8.409	2968	1.01281
36	8.653	2832	0.966404
37	8.897	2649	0.903957
38	9.141	2733	0.932621
39	9.384	2907	0.991998
40	9.628	3299	1.12577
41	9.872	3742	1.27694
42	10.116	4561	1.55642
43	10.360	5695	1.94339
44	10.604	6958	2.37438
45	10.848	8821	3.01012
46	11.091	10748	3.6677
47	11.335	13445	4.58803
48	11.579	17154	5.85371
49	11.823	20980	7.15931
50	12.067	25247	8.6154
51	12.311	28331	9.6678
52	12.555	30330	10.3499
53	12.799	32977	11.2532
54	13.042	36570	12.4793
55	13.286	42818	14.6114
56	13.530	52032	17.7556
57	13.774	61355	20.9371
58	14.018	66577	22.719
59	14.262	66565	22.7149
60	14.506	59091	20.1645
61	14.749	49193	16.7868
62	14.993	37537	12.8093
63	15.237	28446	9.70704
64	15.481	22088	7.53741
65	15.725	18755	6.40004
66	15.969	16762	5.71994
67	16.213	14909	5.08761
68	16.457	13870	4.73306
69	16.700	12863	4.38943
70	16.944	13172	4.49487
71	17.188	14215	4.85079
72	17.432	16090	5.49062
73	17.676	16983	5.79536
74	17.920	17121	5.84245
75	18.164	15304	5.22241
76	18.407	12630	4.30992
77	18.651	9948	3.3947
78	18.895	8019	2.73644
79	19.139	7119	2.42932
80	19.383	7651	2.61086
81	19.627	9315	3.17869
82	19.871	12536	4.27784
83	20.114	17375	5.92912
84	20.358	24375	8.31784
85	20.602	34540	11.7866
86	20.846	51904	17.712
87	21.090	80719	27.5449
88	21.334	127097	43.3712
89	21.578	193005	65.8619
90	21.822	265219	90.5045
91	22.065	318641	108.734
92	22.309	331923	113.267
93	22.553	295599	100.872
94	22.797	225345	76.8977
95	23.041	147377	50.2916
96	23.285	84529	28.8451
97	23.529	45576	15.5526
98	23.772	27813	9.49103
99	24.016	25014	8.53589
100	24.260	32411	11.0601
101	24.504	45741	15.6089
102	24.748	60666	20.7019
103	24.992	70852	24.1779
104	25.236	72253	24.6559
105	25.479	64317	21.9478
106	25.723	49886	17.0233
107	25.967	34292	11.702
108	26.211	21813	7.44357
109	26.455	13554	4.62523
110	26.699	8745	2.98418
111	26.943	6098	2.08091
112	27.187	4811	1.64173
113	27.430	4183	1.42743
114	27.674	4030	1.37522
115	27.918	4328	1.47691
116	28.162	4727	1.61306
117	28.406	4936	1.68438
118	28.650	5265	1.79665
119	28.894	5743	1.95977
120	29.137	6265	2.1379
121	29.381	7129	2.43273
122	29.625	9165	3.12751
123	29.869	13297	4.53753
124	30.113	20263	6.91464
125	30.357	29502	10.0674
126	30.601	39065	13.3307
127	30.845	46076	15.7232
128	31.088	47790	16.3081
129	31.332	43149	14.7244
130	31.576	34861	11.8961
131	31.820	25855	8.82288
132	32.064	19299	6.58568
133	32.308	15770	5.38143
134	32.552	15971	5.45002
135	32.795	18763	6.40277
136	33.039	22727	7.75546
137	33.283	25304	8.63485
138	33.527	26169	8.93003
139	33.771	24055	8.20864
140	34.015	20018	6.83103
141	34.259	15666	5.34594
142	34.502	13340	4.5522
143	34.746	12334	4.20891
144	34.990	12154	4.14749
145	35.234	12095	4.12735
146	35.478	11074	3.77894
147	35.722	9511	3.24558
148	35.966	7694	2.62554
149	36.210	6304	2.15121
150	36.453	4915	1.67722
151	36.697	4265	1.45541
152	36.941	4010	1.36839
153	37.185	4513	1.54004
154	37.429	5274	1.79972
155	37.673	5992	2.04474
156	37.917	6417	2.18977
157	38.160	6435	2.19591
158	38.404	5894	2.0113
159	38.648	4841	1.65196
160	38.892	3898	1.33017
161	39.136	3243	1.10666
162	39.380	2497	0.852088
163	39.624	1932	0.659284
164	39.868	1648	0.562371
165	40.111	1457	0.497193
166	40.355	1281	0.437134
167	40.599	1265	0.431674
168	40.843	1294	0.44157
169	41.087	1185	0.404375
170	41.331	1258	0.429286
171	41.575	1233	0.420754
172	41.818	1297	0.442594
173	42.062	1265	0.431674
174	42.306	1290	0.440205
175	42.550	1270	0.433381
176	42.794	1359	0.463751
177	43.038	1414	0.48252
178	43.282	1366	0.46614
179	43.525	1469	0.501288
180	43.769	1421	0.484908
181	44.013	1465	0.499923
182	44.257	1405	0.479449
183	44.501	1396	0.476377
184	44.745	1423	0.485591
185	44.989	1364	0.465458
186	45.233	1306	0.445665
187	45.476	1196	0.408128
188	45.720	1343	0.458291
189	45.964	1268	0.432698
190	46.208	1333	0.454879
191	46.452	1301	0.443959
192	46.696	1376	0.469552
193	46.940	1310	0.44703
194	47.183	1416	0.483202
195	47.427	1451	0.495146
196	47.671	1451	0.495146
197	47.915	1642	0.560323
198	48.159	1725	0.588647
199	48.403	1752	0.59786
200	48.647	1878	0.640857
201	48.890	2029	0.692385
202	49.134	2139	0.729922
203	49.378	2347	0.800901
204	49.622	2458	0.838779
205	49.866	2411	0.822741
206	50.110	2510	0.856524
207	50.354	2467	0.84185
208	50.598	2576	0.879046
209	50.841	2507	0.8555
210	51.085	2446	0.834684
211	51.329	2490	0.849699
212	51.573	2476	0.844921
213	51.817	2578	0.879728
214	52.061	2521	0.860277
215	52.305	2564	0.874951
216	52.548	2890	0.986197
217	52.792	2952	1.00735
218	53.036	3275	1.11758
219	53.280	3456	1.17934
220	53.524	3228	1.10154
221	53.768	3095	1.05615
222	54.012	2693	0.918971
223	54.256	2461	0.839803
224	54.499	2359	0.804996
225	54.743	2161	0.737429
226	54.987	2156	0.735723
227	55.231	1990	0.679077
228	55.475	2079	0.709447
229	55.719	1985	0.67737
230	55.963	1933	0.659626
231	56.206	1929	0.658261
232	56.450	1877	0.640516
233	56.694	1830	0.624477
234	56.938	1874	0.639492
235	57.182	1833	0.625501
236	57.426	1878	0.640857
237	57.670	1951	0.665768
238	57.913	2360	0.805337
239	58.157	3339	1.13942
240	58.401	5873	2.00413
241	58.645	10961	3.74038
242	58.889	18899	6.44918
243	59.133	29213	9.96878
244	59.377	39114	13.3474
245	59.621	44262	15.1042
246	59.864	43209	14.7448
247	60.108	36239	12.3664
248	60.352	25525	8.71027
249	60.596	15810	5.39508
250	60.840	8557	2.92003
251	61.084	4646	1.58542
252	61.328	2738	0.934327
253	61.571	2163	0.738112
254	61.815	2024	0.690679
255	62.059	1898	0.647682
256	62.303	1856	0.63335
257	62.547	1694	0.578068
258	62.791	1591	0.54292
259	63.035	1444	0.492757
260	63.278	1431	0.488321
261	63.522	1415	0.482861
262	63.766	1365	0.465799
263	64.010	1387	0.473306
264	64.254	1415	0.482861
265	64.498	1419	0.484226
266	64.742	1416	0.483202
267	64.986	1492	0.509137
268	65.229	1575	0.53746
269	65.473	1627	0.555205
270	65.717	1823	0.622089
271	65.961	1809	0.617311
272	66.205	1774	0.605368
273	66.449	1778	0.606733
274	66.693	1838	0.627207
275	66.936	1770	0.604003
276	67.180	1687	0.57568
277	67.424	1614	0.550769
278	67.668	1574	0.537119
279	67.912	1602	0.546674
280	68.156	1526	0.520739
281	68.400	1501	0.512208
282	68.644	1519	0.51835
283	68.887	1484	0.506407
284	69.131	1438	0.49071
285	69.375	1465	0.499923
286	69.619	1481	0.505383
287	69.863	1508	0.514597
288	70.107	1481	0.505383
289	70.351	1484	0.506407
290	70.594	1578	0.538484
291	70.838	1548	0.528247
292	71.082	1551	0.52927
293	71.326	1544	0.526882
294	71.570	1550	0.528929
295	71.814	1502	0.512549
296	72.058	1493	0.509478
297	72.301	1382	0.4716
298	72.545	1476	0.503677
299	72.789	1452	0.495487
300	73.033	1415	0.482861
301	73.277	1396	0.476377
302	73.521	1366	0.46614
303	73.765	1398	0.47706
304	74.009	1362	0.464775
305	74.252	1322	0.451125
306	74.496	1360	0.464093
307	74.740	1281	0.437134
308	74.984	1361	0.464434
309	75.228	1353	0.461704
310	75.472	1369	0.467164
311	75.716	1283	0.437817
312	75.959	1320	0.450443
313	76.203	1292	0.440888
314	76.447	1328	0.453173
315	76.691	1281	0.437134
316	76.935	1302	0.4443
317	77.179	1273	0.434404
318	77.423	1405	0.479449
319	77.666	1225	0.418025
320	77.910	1293	0.441229
321	78.154	1284	0.438158
322	78.398	1327	0.452831
323	78.642	1495	0.510161
324	78.886	1602	0.546674
325	79.130	1862	0.635397
326	79.374	2374	0.810114
327	79.617	2967	1.01247
328	79.861	3724	1.27079
329	80.105	5546	1.89254
330	80.349	8301	2.83267
331	80.593	11827	4.0359
332	80.837	14718	5.02244
333	81.081	16646	5.68036
334	81.324	16277	5.55444
335	81.568	14039	4.79073
336	81.812	9999	3.4121
337	82.056	6471	2.20819
338	82.300	4062	1.38614
339	82.544	2426	0.827859
340	82.788	1624	0.554181
341	83.032	1345	0.458974
342	83.275	1248	0.425873
343	83.519	1219	0.415977
344	83.763	1374	0.46887
345	84.007	1274	0.434746
346	84.251	1395	0.476036
347	84.495	1319	0.450102
348	84.739	1286	0.43884
349	84.982	1316	0.449078
350	85.226	1310	0.44703
351	85.470	1300	0.443618
352	85.714	1327	0.452831
353	85.958	1244	0.424508
354	86.202	1285	0.438499
355	86.446	1511	0.51562
356	86.689	1946	0.664062
357	86.933	3030	1.03397
358	87.177	4752	1.62159
359	87.421	7641	2.60745
360	87.665	11216	3.8274
361	87.909	14530	4.95828
362	88.153	16329	5.57218
363	88.397	15672	5.34798
364	88.640	12811	4.37168
365	88.884	9347	3.18961
366	89.128	5916	2.0188
367	89.372	3735	1.27455
368	89.616	2143	0.731287
369	89.860	1629	0.555887
370	90.104	1440	0.491392
371	90.347	1243	0.424167
372	90.591	1212	0.413588
373	90.835	1240	0.423143
374	91.079	1255	0.428262
375	91.323	1185	0.404375
376	91.567	1238	0.422461
377	91.811	1226	0.418366
378	92.055	1234	0.421096
379	92.298	1158	0.395161
380	92.542	1226	0.418366
381	92.786	1242	0.423826
382	93.030	1224	0.417683
383	93.274	1235	0.421437
384	93.518	1264	0.431333
385	93.762	1225	0.418025
386	94.005	1206	0.411541
387	94.249	1236	0.421778
388	94.493	1253	0.427579
389	94.737	1191	0.406422
390	94.981	1258	0.429286
391	95.225	1206	0.411541
392	95.469	1224	0.417683
393	95.712	1219	0.415977
394	95.956	1208	0.412223
395	96.200	1192	0.406763
396	96.444	1176	0.401304
397	96.688	1213	0.41393
398	96.932	1159	0.395502
399	97.176	1213	0.41393
400	97.420	1177	0.401645
401	97.663	1164	0.397209
402	97.907	1170	0.399256
403	98.151	1202	0.410176
404	98.395	1099	0.375028
405	98.639	1171	0.399597
406	98.883	1253	0.427579
407	99.127	1256	0.428603
408	99.370	1218	0.415636
409	99.614	1258	0.429286
410	99.858	1303	0.444642
411	100.102	1230	0.419731
412	100.346	1247	0.425532
413	100.590	1146	0.391066
414	100.834	1246	0.425191
415	101.077	1172	0.399939
416	101.321	1260	0.429968
417	101.565	1229	0.41939
418	101.809	1264	0.431333
419	102.053	1242	0.423826
420	102.297	1284	0.438158
421	102.541	1326	0.45249
422	102.785	1272	0.434063
423	103.028	1287	0.439182
424	103.272	1246	0.425191
425	103.516	1165	0.39755
426	103.760	1254	0.427921
427	104.004	1255	0.428262
428	104.248	1249	0.426214
429	104.492	1192	0.406763
430	104.735	1184	0.404034
431	104.979	1214	0.414271
432	105.223	1188	0.405398
433	105.467	1205	0.4112
434	105.711	1206	0.411541
435	105.955	1181	0.40301
436	106.199	1146	0.391066
437	106.443	1163	0.396867
438	106.686	1091	0.372298
439	106.930	1175	0.400962
440	107.174	1163	0.396867
441	107.418	1147	0.391407
442	107.662	1167	0.398232
443	107.906	1144	0.390384
444	108.150	1195	0.407787
445	108.393	1064	0.363084
446	108.637	1134	0.386971
447	108.881	1146	0.391066
448	109.125	1159	0.395502
449	109.369	1170	0.399256
450	109.613	1173	0.40028
451	109.857	1234	0.421096
452	110.100	1196	0.408128
453	110.344	1281	0.437134
454	110.588	1291	0.440547
455	110.832	1302	0.4443
456	111.076	1353	0.461704
457	111.320	1461	0.498558
458	111.564	1618	0.552134
459	111.808	1721	0.587282
460	112.051	1722	0.587623
461	112.295	1647	0.56203
462	112.539	1464	0.499582
463	112.783	1361	0.464434
464	113.027	1262	0.430651
465	113.271	1163	0.396867
466	113.515	1128	0.384924
467	113.758	1159	0.395502
468	114.002	1147	0.391407
469	114.246	1120	0.382194
470	114.490	1064	0.363084
471	114.734	1098	0.374686
472	114.978	1090	0.371957
473	115.222	1176	0.401304
474	115.465	1112	0.379464
475	115.709	1154	0.393796
476	115.953	1197	0.40847
477	116.197	1176	0.401304
478	116.441	1205	0.4112
479	116.685	1172	0.399939
480	116.929	1148	0.391749
481	117.173	1149	0.39209
482	117.416	1104	0.376734
483	117.660	1124	0.383559
484	117.904	1100	0.375369
485	118.148	1078	0.367862
486	118.392	1119	0.381853
487	118.636	1060	0.361719
488	118.880	1088	0.371274
489	119.123	1082	0.369227
490	119.367	1056	0.360354
491	119.611	1053	0.35933
492	119.855	1073	0.366155
493	120.099	1094	0.373322
494	120.343	1317	0.449419
495	120.587	1785	0.609121
496	120.831	3227	1.1012
497	121.074	5805	1.98092
498	121.318	10556	3.60218
499	121.562	17441	5.95165
500	121.806	25318	8.63963
501	122.050	31130	10.6229
502	122.294	33238	11.3423
503	122.538	30051	10.2547
504	122.781	23686	8.08272
505	123.025	16018	5.46605
506	123.269	9667	3.29881
507	123.513	5221	1.78164
508	123.757	2546	0.868809
509	124.001	1490	0.508454
510	124.245	1138	0.388336
511	124.488	965	0.329301
512	124.732	943	0.321794
513	124.976	904	0.308485
514	125.220	938	0.320087
515	125.464	954	0.325547
516	125.708	955	0.325889
517	125.952	931	0.317699
518	126.196	886	0.302343
519	126.439	937	0.319746
520	126.683	933	0.318381
521	126.927	912	0.311215
522	127.171	888	0.303025
523	127.415	980	0.33442
524	127.659	886	0.302343
525	127.903	910	0.310533
526	128.146	909	0.310191
527	128.390	912	0.311215
528	128.634	938	0.320087
529	128.878	935	0.319064
530	129.122	929	0.317016
531	129.366	950	0.324182
532	129.610	919	0.313604
533	129.853	910	0.310533
534	130.097	911	0.310874
535	130.341	932	0.31804
536	130.585	926	0.315992
537	130.829	963	0.328618
538	131.073	863	0.294494
539	131.317	863	0.294494
540	131.561	910	0.310533
541	131.804	939	0.320429
542	132.048	920	0.313945
543	132.292	888	0.303025
544	132.536	884	0.30166
545	132.780	862	0.294153
546	133.024	886	0.302343
547	133.268	887	0.302684
548	133.511	911	0.310874
549	133.755	906	0.309168
550	133.999	887	0.302684
551	134.243	890	0.303708
552	134.487	961	0.327936
553	134.731	989	0.337491
554	134.975	1013	0.345681
555	135.219	1135	0.387313
556	135.462	1408	0.480472
557	135.706	1995	0.680783
558	135.950	2754	0.939787
559	136.194	3735	1.27455
560	136.438	4433	1.51274
561	136.682	4658	1.58952
562	136.926	4481	1.52912
563	137.169	3733	1.27387
564	137.413	2875	0.981078
565	137.657	2059	0.702622
566	137.901	1476	0.503677
567	138.145	1170	0.399256
568	138.389	926	0.315992
569	138.633	903	0.308144
570	138.876	901	0.307461
571	139.120	869	0.296541
572	139.364	861	0.293812
573	139.608	848	0.289375
574	139.852	872	0.297565
575	140.096	829	0.282892
576	140.340	925	0.315651
577	140.584	871	0.297224
578	140.827	887	0.302684
579	141.071	879	0.299954
580	141.315	953	0.325206
581	141.559	873	0.297906
582	141.803	905	0.308826
583	142.047	924	0.31531
584	142.291	893	0.304731
585	142.534	949	0.323841
586	142.778	913	0.311556
587	143.022	920	0.313945
588	143.266	926	0.315992
589	143.510	883	0.301319
590	143.754	948	0.3235
591	143.998	878	0.299613
592	144.242	950	0.324182
593	144.485	929	0.317016
594	144.729	947	0.323159
595	144.973	897	0.306096
596	145.217	919	0.313604
597	145.461	925	0.315651
598	145.705	896	0.305755
599	145.949	910	0.310533
600	146.192	891	0.304049
601	146.436	908	0.30985
602	146.680	953	0.325206
603	146.924	846	0.288693
604	147.168	889	0.303366
605	147.412	917	0.312921
606	147.656	875	0.298589
607	147.899	918	0.313262
608	148.143	952	0.324865
609	148.387	918	0.313262
610	148.631	917	0.312921
611	148.875	915	0.312239
612	149.119	971	0.331348
613	149.363	937	0.319746
614	149.607	922	0.314627
615	149.850	907	0.309509
616	150.094	908	0.30985
617	150.338	903	0.308144
618	150.582	833	0.284257
619	150.826	957	0.326571
620	151.070	973	0.332031
621	151.314	996	0.33988
622	151.557	916	0.31258
623	151.801	889	0.303366
624	152.045	902	0.307803
625	152.289	896	0.305755
626	152.533	922	0.314627
627	152.777	1014	0.346022
628	153.021	957	0.326571
629	153.264	934	0.318722
630	153.508	923	0.314969
631	153.752	938	0.320087
632	153.996	899	0.306779
633	154.240	928	0.316675
634	154.484	942	0.321452
635	154.728	917	0.312921
636	154.972	926	0.315992
637	155.215	991	0.338173
638	155.459	922	0.314627
639	155.703	920	0.313945
640	155.947	923	0.314969
641	156.191	915	0.312239
642	156.435	924	0.31531
643	156.679	1014	0.346022
644	156.922	901	0.307461
645	157.166	928	0.316675
646	157.410	970	0.331007
647	157.654	818	0.279138
648	157.898	932	0.31804
649	158.142	917	0.312921
650	158.386	945	0.322476
651	158.630	897	0.306096
652	158.873	888	0.303025
653	159.117	924	0.31531
654	159.361	934	0.318722
655	159.605	919	0.313604
656	159.849	966	0.329642
657	160.093	998	0.340562
658	160.337	1119	0.381853
659	160.580	1135	0.387313
660	160.824	1119	0.381853
661	161.068	1164	0.397209
662	161.312	1103	0.376393
663	161.556	1085	0.37025
664	161.800	977	0.333396
665	162.044	967	0.329983
666	162.287	969	0.330666
667	162.531	944	0.322135
668	162.775	920	0.313945
669	163.019	971	0.331348
670	163.263	967	0.329983
671	163.507	905	0.308826
672	163.751	941	0.321111
673	163.995	974	0.332372
674	164.238	1176	0.401304
675	164.482	1544	0.526882
676	164.726	2682	0.915218
677	164.970	4792	1.63524
678	165.214	8212	2.8023
679	165.458	12585	4.29456
680	165.702	17009	5.80423
681	165.945	20122	6.86652
682	166.189	21048	7.18251
683	166.433	18552	6.33077
684	166.677	14063	4.79892
685	166.921	9581	3.26946
686	167.165	5832	1.99014
687	167.409	3315	1.13123
688	167.652	1816	0.6197
689	167.896	1216	0.414953
690	168.140	929	0.317016
691	168.384	933	0.318381
692	168.628	843	0.287669
693	168.872	919	0.313604
694	169.116	866	0.295518
695	169.360	925	0.315651
696	169.603	929	0.317016
697	169.847	900	0.30712
698	170.091	929	0.317016
699	170.335	858	0.292788
700	170.579	882	0.300978
701	170.823	890	0.303708
702	171.067	861	0.293812
703	171.310	885	0.302001
704	171.554	873	0.297906
705	171.798	912	0.311215
706	172.042	933	0.318381
707	172.286	889	0.303366
708	172.530	883	0.301319
709	172.774	926	0.315992
710	173.018	839	0.286304
711	173.261	909	0.310191
712	173.505	908	0.30985
713	173.749	845	0.288352
714	173.993	878	0.299613
715	174.237	957	0.326571
716	174.481	918	0.313262
717	174.725	908	0.30985
718	174.968	967	0.329983
719	175.212	913	0.311556
720	175.456	918	0.313262
721	175.700	955	0.325889
722	175.944	924	0.31531
723	176.188	922	0.314627
724	176.432	936	0.319405
725	176.675	886	0.302343
726	176.919	895	0.305414
727	177.163	936	0.319405
728	177.407	924	0.31531
729	177.651	875	0.298589
730	177.895	888	0.303025
731	178.139	940	0.32077
732	178.383	887	0.302684
733	178.626	873	0.297906
734	178.870	902	0.307803
735	179.114	931	0.317699
736	179.358	885	0.302001
737	179.602	838	0.285963
738	179.846	862	0.294153
739	180.090	829	0.282892
740	180.333	858	0.292788
741	180.577	898	0.306438
742	180.821	859	0.293129
743	181.065	835	0.284939
744	181.309	845	0.288352
745	181.553	873	0.297906
746	181.797	871	0.297224
747	182.041	846	0.288693
748	182.284	851	0.290399
749	182.528	807	0.275384
750	182.772	850	0.290058
751	183.016	823	0.280844
752	183.260	858	0.292788
753	183.504	826	0.281868
754	183.748	884	0.30166
755	183.991	868	0.2962
756	184.235	858	0.292788
757	184.479	807	0.275384
758	184.723	811	0.276749
759	184.967	832	0.283915
760	185.211	838	0.285963
761	185.455	827	0.282209
762	185.698	883	0.301319
763	185.942	859	0.293129
764	186.186	802	0.273678
765	186.430	799	0.272654
766	186.674	863	0.294494
767	186.918	871	0.297224
768	187.162	838	0.285963
769	187.406	866	0.295518
770	187.649	862	0.294153
771	187.893	901	0.307461
772	188.137	845	0.288352
773	188.381	881	0.300636
774	188.625	835	0.284939
775	188.869	920	0.313945
776	189.113	842	0.287328
777	189.356	825	0.281527
778	189.600	839	0.286304
779	189.844	846	0.288693
780	190.088	872	0.297565
781	190.332	912	0.311215
782	190.576	852	0.29074
783	190.820	858	0.292788
784	191.063	892	0.30439
785	191.307	880	0.300295
786	191.551	842	0.287328
787	191.795	797	0.271972
788	192.039	804	0.274361
789	192.283	842	0.287328
790	192.527	841	0.286987
791	192.771	805	0.274702
792	193.014	865	0.295177
793	193.258	883	0.301319
794	193.502	808	0.275726
795	193.746	837	0.285622
796	193.990	855	0.291764
797	194.234	817	0.278797
798	194.478	879	0.299954
799	194.721	804	0.274361
800	194.965	889	0.303366
801	195.209	849	0.289717
802	195.453	847	0.289034
803	195.697	874	0.298248
804	195.941	852	0.29074
805	196.185	835	0.284939
806	196.429	903	0.308144
807	196.672	864	0.294835
808	196.916	843	0.287669
809	197.160	904	0.308485
810	197.404	904	0.308485
811	197.648	946	0.322817
812	197.892	951	0.324524
813	198.136	1000	0.341245
814	198.379	1065	0.363425
815	198.623	1163	0.396867
816	198.867	1251	0.426897
817	199.111	1423	0.485591
818	199.355	1457	0.497193
819	199.599	1439	0.491051
820	199.843	1352	0.461363
821	200.086	1205	0.4112
822	200.330	1091	0.372298
823	200.574	1007	0.343633
824	200.818	871	0.297224
825	201.062	933	0.318381
826	201.306	854	0.291423
827	201.550	871	0.297224
828	201.794	894	0.305073
829	202.037	848	0.289375
830	202.281	865	0.295177
831	202.525	894	0.305073
832	202.769	858	0.292788
833	203.013	940	0.32077
834	203.257	956	0.32623
835	203.501	948	0.3235
836	203.744	997	0.340221
837	203.988	910	0.310533
838	204.232	929	0.317016
839	204.476	955	0.325889
840	204.720	912	0.311215
841	204.964	936	0.319405
842	205.208	870	0.296883
843	205.451	831	0.283574
844	205.695	829	0.282892
845	205.939	856	0.292105
846	206.183	871	0.297224
847	206.427	855	0.291764
848	206.671	772	0.263441
849	206.915	835	0.284939
850	207.159	810	0.276408
851	207.402	818	0.279138
852	207.646	870	0.296883
853	207.890	786	0.268218
854	208.134	751	0.256275
855	208.378	851	0.290399
856	208.622	783	0.267194
857	208.866	848	0.289375
858	209.109	827	0.282209
859	209.353	826	0.281868
860	209.597	794	0.270948
861	209.841	740	0.252521
862	210.085	774	0.264123
863	210.329	763	0.26037
864	210.573	816	0.278456
865	210.817	818	0.279138
866	211.060	767	0.261735
867	211.304	773	0.263782
868	211.548	800	0.272996
869	211.792	835	0.284939
870	212.036	750	0.255933
871	212.280	820	0.279821
872	212.524	817	0.278797
873	212.767	812	0.277091
874	213.011	762	0.260028
875	213.255	735	0.250815
876	213.499	835	0.284939
877	213.743	794	0.270948
878	213.987	790	0.269583
879	214.231	714	0.243649
880	214.474	772	0.263441
881	214.718	790	0.269583
882	214.962	777	0.265147
883	215.206	727	0.248085
884	215.450	764	0.260711
885	215.694	719	0.245355
886	215.938	708	0.241601
887	216.182	725	0.247402
888	216.425	726	0.247744
889	216.669	715	0.24399
890	216.913	786	0.268218
891	217.157	733	0.250132
892	217.401	731	0.24945
893	217.645	731	0.24945
894	217.889	785	0.267877
895	218.132	761	0.259687
896	218.376	718	0.245014
897	218.620	750	0.255933
898	218.864	758	0.258663
899	219.108	712	0.242966
900	219.352	780	0.266171
901	219.596	751	0.256275
902	219.839	735	0.250815
903	220.083	728	0.248426
904	220.327	786	0.268218
905	220.571	729	0.248767
906	220.815	704	0.240236
907	221.059	719	0.245355
908	221.303	760	0.259346
909	221.547	709	0.241942
910	221.790	734	0.250473
911	222.034	760	0.259346
912	222.278	728	0.248426
913	222.522	763	0.26037
914	222.766	757	0.258322
915	223.010	799	0.272654
916	223.254	816	0.278456
917	223.497	840	0.286645
918	223.741	822	0.280503
919	223.985	819	0.279479
920	224.229	755	0.25764
921	224.473	737	0.251497
922	224.717	716	0.244331
923	224.961	749	0.255592
924	225.205	683	0.23307
925	225.448	721	0.246037
926	225.692	697	0.237847
927	225.936	740	0.252521
928	226.180	733	0.250132
929	226.424	727	0.248085
930	226.668	731	0.24945
931	226.912	718	0.245014
932	227.155	723	0.24672
933	227.399	736	0.251156
934	227.643	744	0.253886
935	227.887	760	0.259346
936	228.131	749	0.255592
937	228.375	714	0.243649
938	228.619	713	0.243307
939	228.862	704	0.240236
940	229.106	685	0.233752
941	229.350	707	0.24126
942	229.594	710	0.242284
943	229.838	719	0.245355
944	230.082	702	0.239554
945	230.326	704	0.240236
946	230.570	728	0.248426
947	230.813	703	0.239895
948	231.057	680	0.232046
949	231.301	713	0.243307
950	231.545	685	0.233752
951	231.789	675	0.23034
952	232.033	662	0.225904
953	232.277	661	0.225563
954	232.520	678	0.231364
955	232.764	721	0.246037
956	233.008	692	0.236141
957	233.252	668	0.227951
958	233.496	631	0.215325
959	233.740	726	0.247744
960	233.984	669	0.228293
961	234.228	722	0.246379
962	234.471	712	0.242966
963	234.715	677	0.231023
964	234.959	682	0.232729
965	235.203	711	0.242625
966	235.447	672	0.229316
967	235.691	655	0.223515
968	235.935	692	0.236141
969	236.178	646	0.220444
970	236.422	651	0.22215
971	236.666	645	0.220103
972	236.910	651	0.22215
973	237.154	674	0.229999
974	237.398	700	0.238871
975	237.642	672	0.229316
976	237.885	665	0.226928
977	238.129	646	0.220444
978	238.373	660	0.225221
979	238.617	650	0.221809
980	238.861	704	0.240236
981	239.105	651	0.22215
982	239.349	661	0.225563
983	239.593	625	0.213278
984	239.836	614	0.209524
985	240.080	635	0.21669
986	240.324	656	0.223856
987	240.568	644	0.219761
988	240.812	707	0.24126
989	241.056	598	0.204064
990	241.300	664	0.226586
991	241.543	587	0.200311
992	241.787	652	0.222491
993	242.031	669	0.228293
994	242.275	706	0.240919
995	242.519	680	0.232046
996	242.763	633	0.216008
997	243.007	647	0.220785
998	243.250	606	0.206794
999	243.494	662	0.225904
1000	243.738	651	0.22215
1001	243.982	626	0.213619
1002	244.226	622	0.212254
1003	244.470	643	0.21942
1004	244.714	624	0.212937
1005	244.958	630	0.214984
1006	245.201	631	0.215325
1007	245.445	624	0.212937
1008	245.689	658	0.224539
1009	245.933	662	0.225904
1010	246.177	665	0.226928
1011	246.421	629	0.214643
1012	246.665	648	0.221126
1013	246.908	581	0.198263
1014	247.152	583	0.198946
1015	247.396	638	0.217714
1016	247.640	632	0.215667
1017	247.884	606	0.206794
1018	248.128	618	0.210889
1019	248.372	552	0.188367
1020	248.616	602	0.205429
1021	248.859	576	0.196557
1022	249.103	621	0.211913
1023	249.347	624	0.212937
1024	249.591	599	0.204405
1025	249.835	635	0.21669
1026	250.079	583	0.198946
1027	250.323	613	0.209183
1028	250.566	584	0.199287
1029	250.810	615	0.209865
1030	251.054	640	0.218396
1031	251.298	602	0.205429
1032	251.542	634	0.216349
1033	251.786	603	0.20577
1034	252.030	611	0.2085
1035	252.273	573	0.195533
1036	252.517	613	0.209183
1037	252.761	594	0.202699
1038	253.005	615	0.209865
1039	253.249	611	0.2085
1040	253.493	609	0.207818
1041	253.737	604	0.206112
1042	253.981	600	0.204747
1043	254.224	594	0.202699
1044	254.468	617	0.210548
1045	254.712	576	0.196557
1046	254.956	594	0.202699
1047	255.200	580	0.197922
1048	255.444	595	0.20304
1049	255.688	600	0.204747
1050	255.931	608	0.207477
1051	256.175	596	0.203382
1052	256.419	607	0.207135
1053	256.663	596	0.203382
1054	256.907	551	0.188026
1055	257.151	582	0.198604
1056	257.395	574	0.195874
1057	257.638	567	0.193486
1058	257.882	551	0.188026
1059	258.126	600	0.204747
1060	258.370	592	0.202017
1061	258.614	576	0.196557
1062	258.858	623	0.212595
1063	259.102	546	0.18632
1064	259.346	579	0.197581
1065	259.589	571	0.194851
1066	259.833	589	0.200993
1067	260.077	566	0.193144
1068	260.321	573	0.195533
1069	260.565	561	0.191438
1070	260.809	606	0.206794
1071	261.053	658	0.224539
1072	261.296	591	0.201676
1073	261.540	547	0.186661
1074	261.784	555	0.189391
1075	262.028	562	0.191779
1076	262.272	560	0.191097
1077	262.516	577	0.196898
1078	262.760	625	0.213278
1079	263.004	579	0.197581
1080	263.247	582	0.198604
1081	263.491	586	0.199969
1082	263.735	581	0.198263
1083	263.979	576	0.196557
1084	264.223	620	0.211572
1085	264.467	568	0.193827
1086	264.711	582	0.198604
1087	264.954	550	0.187684
1088	265.198	583	0.198946
1089	265.442	633	0.216008
1090	265.686	600	0.204747
1091	265.930	551	0.188026
1092	266.174	567	0.193486
1093	266.418	582	0.198604
1094	266.661	552	0.188367
1095	266.905	566	0.193144
1096	267.149	583	0.198946
1097	267.393	553	0.188708
1098	267.637	565	0.192803
1099	267.881	554	0.189049
1100	268.125	532	0.181542
1101	268.369	537	0.183248
1102	268.612	535	0.182566
1103	268.856	563	0.192121
1104	269.100	540	0.184272
1105	269.344	541	0.184613
1106	269.588	576	0.196557
1107	269.832	532	0.181542
1108	270.076	570	0.194509
1109	270.319	584	0.199287
1110	270.563	507	0.173011
1111	270.807	567	0.193486
1112	271.051	557	0.190073
1113	271.295	571	0.194851
1114	271.539	581	0.198263
1115	271.783	563	0.192121
1116	272.026	585	0.199628
1117	272.270	552	0.188367
1118	272.514	640	0.218396
1119	272.758	566	0.193144
1120	273.002	532	0.181542
1121	273.246	554	0.189049
1122	273.490	554	0.189049
1123	273.734	520	0.177447
1124	273.977	595	0.20304
1125	274.221	573	0.195533
1126	274.465	549	0.187343
1127	274.709	591	0.201676
1128	274.953	603	0.20577
1129	275.197	609	0.207818
1130	275.441	681	0.232388
1131	275.684	862	0.294153
1132	275.928	1112	0.379464
1133	276.172	1304	0.444983
1134	276.416	1590	0.542579
1135	276.660	1772	0.604685
1136	276.904	1778	0.606733
1137	277.148	1672	0.570561
1138	277.392	1412	0.481837
1139	277.635	1170	0.399256
1140	277.879	891	0.304049
1141	278.123	700	0.238871
1142	278.367	640	0.218396
1143	278.611	583	0.198946
1144	278.855	562	0.191779
1145	279.099	570	0.194509
1146	279.342	539	0.183931
1147	279.586	533	0.181883
1148	279.830	581	0.198263
1149	280.074	552	0.188367
1150	280.318	543	0.185296
1151	280.562	549	0.187343
1152	280.806	543	0.185296
1153	281.049	539	0.183931
1154	281.293	538	0.18359
1155	281.537	563	0.192121
1156	281.781	567	0.193486
1157	282.025	566	0.193144
1158	282.269	541	0.184613
1159	282.513	547	0.186661
1160	282.757	548	0.187002
1161	283.000	530	0.18086
1162	283.244	542	0.184955
1163	283.488	569	0.194168
1164	283.732	548	0.187002
1165	283.976	544	0.185637
1166	284.220	582	0.198604
1167	284.464	591	0.201676
1168	284.707	539	0.183931
1169	284.951	562	0.191779
1170	285.195	525	0.179153
1171	285.439	566	0.193144
1172	285.683	546	0.18632
1173	285.927	557	0.190073
1174	286.171	501	0.170964
1175	286.415	551	0.188026
1176	286.658	571	0.194851
1177	286.902	567	0.193486
1178	287.146	547	0.186661
1179	287.390	567	0.193486
1180	287.634	564	0.192462
1181	287.878	563	0.192121
1182	288.122	509	0.173693
1183	288.365	514	0.1754
1184	288.609	570	0.194509
1185	288.853	547	0.186661
1186	289.097	529	0.180518
1187	289.341	581	0.198263
1188	289.585	552	0.188367
1189	289.829	547	0.186661
1190	290.072	514	0.1754
1191	290.316	524	0.178812
1192	290.560	556	0.189732
1193	290.804	521	0.177788
1194	291.048	527	0.179836
1195	291.292	558	0.190414
1196	291.536	560	0.191097
1197	291.780	549	0.187343
1198	292.023	576	0.196557
1199	292.267	591	0.201676
1200	292.511	549	0.187343
1201	292.755	554	0.189049
1202	292.999	569	0.194168
1203	293.243	568	0.193827
1204	293.487	521	0.177788
1205	293.730	543	0.185296
1206	293.974	582	0.198604
1207	294.218	534	0.182225
1208	294.462	547	0.186661
1209	294.706	531	0.181201
1210	294.950	574	0.195874
1211	295.194	552	0.188367
1212	295.437	545	0.185978
1213	295.681	517	0.176423
1214	295.925	582	0.198604
1215	296.169	530	0.18086
1216	296.413	539	0.183931
1217	296.657	561	0.191438
1218	296.901	512	0.174717
1219	297.145	515	0.175741
1220	297.388	526	0.179495
1221	297.632	536	0.182907
1222	297.876	577	0.196898
1223	298.120	544	0.185637
1224	298.364	534	0.182225
1225	298.608	550	0.187684
1226	298.852	506	0.17267
1227	299.095	583	0.198946
1228	299.339	547	0.186661
1229	299.583	527	0.179836
1230	299.827	544	0.185637
1231	300.071	537	0.183248
1232	300.315	559	0.190756
1233	300.559	570	0.194509
1234	300.803	548	0.187002
1235	301.046	560	0.191097
1236	301.290	573	0.195533
1237	301.534	637	0.217373
1238	301.778	752	0.256616
1239	302.022	969	0.330666
1240	302.266	1394	0.475695
1241	302.510	1972	0.672934
1242	302.753	2716	0.92682
1243	302.997	3301	1.12645
1244	303.241	3537	1.20698
1245	303.485	3381	1.15375
1246	303.729	3012	1.02783
1247	303.973	2297	0.783839
1248	304.217	1630	0.556229
1249	304.460	1244	0.424508
1250	304.704	842	0.287328
1251	304.948	637	0.217373
1252	305.192	584	0.199287
1253	305.436	580	0.197922
1254	305.680	516	0.176082
1255	305.924	516	0.176082
1256	306.168	586	0.199969
1257	306.411	535	0.182566
1258	306.655	587	0.200311
1259	306.899	571	0.194851
1260	307.143	587	0.200311
1261	307.387	634	0.216349
1262	307.631	629	0.214643
1263	307.875	604	0.206112
1264	308.118	588	0.200652
1265	308.362	607	0.207135
1266	308.606	545	0.185978
1267	308.850	558	0.190414
1268	309.094	603	0.20577
1269	309.338	572	0.195192
1270	309.582	540	0.184272
1271	309.825	591	0.201676
1272	310.069	525	0.179153
1273	310.313	588	0.200652
1274	310.557	608	0.207477
1275	310.801	585	0.199628
1276	311.045	600	0.204747
1277	311.289	568	0.193827
1278	311.533	594	0.202699
1279	311.776	554	0.189049
1280	312.020	569	0.194168
1281	312.264	572	0.195192
1282	312.508	545	0.185978
1283	312.752	554	0.189049
1284	312.996	531	0.181201
1285	313.240	511	0.174376
1286	313.483	566	0.193144
1287	313.727	542	0.184955
1288	313.971	567	0.193486
1289	314.215	551	0.188026
1290	314.459	503	0.171646
1291	314.703	510	0.174035
1292	314.947	563	0.192121
1293	315.191	595	0.20304
1294	315.434	528	0.180177
1295	315.678	539	0.183931
1296	315.922	550	0.187684
1297	316.166	575	0.196216
1298	316.410	532	0.181542
1299	316.654	552	0.188367
1300	316.898	580	0.197922
1301	317.141	533	0.181883
1302	317.385	565	0.192803
1303	317.629	549	0.187343
1304	317.873	529	0.180518
1305	318.117	603	0.20577
1306	318.361	615	0.209865
1307	318.605	642	0.219079
1308	318.848	813	0.277432
1309	319.092	1267	0.432357
1310	319.336	2043	0.697163
1311	319.580	3148	1.07424
1312	319.824	4660	1.5902
1313	320.068	6416	2.18942
1314	320.312	7677	2.61973
1315	320.556	8231	2.80878
1316	320.799	7584	2.588
1317	321.043	6231	2.12629
1318	321.287	4560	1.55608
1319	321.531	3073	1.04864
1320	321.775	1894	0.646317
1321	322.019	1227	0.418707
1322	322.263	774	0.264123
1323	322.506	645	0.220103
1324	322.750	619	0.21123
1325	322.994	546	0.18632
1326	323.238	578	0.197239
1327	323.482	558	0.190414
1328	323.726	546	0.18632
1329	323.970	554	0.189049
1330	324.213	593	0.202358
1331	324.457	569	0.194168
1332	324.701	545	0.185978
1333	324.945	546	0.18632
1334	325.189	552	0.188367
1335	325.433	530	0.18086
1336	325.677	550	0.187684
1337	325.921	601	0.205088
1338	326.164	521	0.177788
1339	326.408	556	0.189732
1340	326.652	537	0.183248
1341	326.896	581	0.198263
1342	327.140	595	0.20304
1343	327.384	546	0.18632
1344	327.628	555	0.189391
1345	327.871	525	0.179153
1346	328.115	573	0.195533
1347	328.359	583	0.198946
1348	328.603	541	0.184613
1349	328.847	530	0.18086
1350	329.091	535	0.182566
1351	329.335	531	0.181201
1352	329.579	550	0.187684
1353	329.822	570	0.194509
1354	330.066	568	0.193827
1355	330.310	575	0.196216
1356	330.554	564	0.192462
1357	330.798	562	0.191779
1358	331.042	599	0.204405
1359	331.286	545	0.185978
1360	331.529	552	0.188367
1361	331.773	568	0.193827
1362	332.017	622	0.212254
1363	332.261	558	0.190414
1364	332.505	570	0.194509
1365	332.749	606	0.206794
1366	332.993	541	0.184613
1367	333.236	646	0.220444
1368	333.480	673	0.229658
1369	333.724	719	0.245355
1370	333.968	764	0.260711
1371	334.212	703	0.239895
1372	334.456	729	0.248767
1373	334.700	679	0.231705
1374	334.944	627	0.21396
1375	335.187	671	0.228975
1376	335.431	587	0.200311
1377	335.675	609	0.207818
1378	335.919	585	0.199628
1379	336.163	559	0.190756
1380	336.407	564	0.192462
1381	336.651	574	0.195874
1382	336.894	569	0.194168
1383	337.138	579	0.197581
1384	337.382	563	0.192121
1385	337.626	548	0.187002
1386	337.870	603	0.20577
1387	338.114	607	0.207135
1388	338.358	620	0.211572
1389	338.602	637	0.217373
1390	338.845	595	0.20304
1391	339.089	576	0.196557
1392	339.333	556	0.189732
1393	339.577	554	0.189049
1394	339.821	539	0.183931
1395	340.065	557	0.190073
1396	340.309	526	0.179495
1397	340.552	511	0.174376
1398	340.796	540	0.184272
1399	341.040	534	0.182225
1400	341.284	543	0.185296
1401	341.528	579	0.197581
1402	341.772	514	0.1754
1403	342.016	527	0.179836
1404	342.259	519	0.177106
1405	342.503	518	0.176765
1406	342.747	555	0.189391
1407	342.991	532	0.181542
1408	343.235	543	0.185296
1409	343.479	495	0.168916
1410	343.723	562	0.191779
1411	343.967	500	0.170622
1412	344.210	483	0.164821
1413	344.454	486	0.165845
1414	344.698	503	0.171646
1415	344.942	502	0.171305
1416	345.186	475	0.162091
1417	345.430	487	0.166186
1418	345.674	474	0.16175
1419	345.917	481	0.164139
1420	346.161	481	0.164139
1421	346.405	454	0.154925
1422	346.649	444	0.151513
1423	346.893	466	0.15902
1424	347.137	468	0.159702
1425	347.381	487	0.166186
1426	347.624	464	0.158337
1427	347.868	455	0.155266
1428	348.112	459	0.156631
1429	348.356	446	0.152195
1430	348.600	469	0.160044
1431	348.844	419	0.142981
1432	349.088	425	0.145029
1433	349.332	445	0.151854
1434	349.575	468	0.159702
1435	349.819	434	0.1481
1436	350.063	436	0.148783
1437	350.307	444	0.151513
1438	350.551	445	0.151854
1439	350.795	451	0.153901
1440	351.039	422	0.144005
1441	351.282	411	0.140251
1442	351.526	430	0.146735
1443	351.770	419	0.142981
1444	352.014	407	0.138887
1445	352.258	417	0.142299
1446	352.502	399	0.136157
1447	352.746	445	0.151854
1448	352.990	385	0.131379
1449	353.233	430	0.146735
1450	353.477	421	0.143664
1451	353.721	394	0.13445
1452	353.965	452	0.154243
1453	354.209	433	0.147759
1454	354.453	512	0.174717
1455	354.697	648	0.221126
1456	354.940	949	0.323841
1457	355.184	1574	0.537119
1458	355.428	2717	0.927161
1459	355.672	4275	1.45882
1460	355.916	6100	2.08159
1461	356.160	7787	2.65727
1462	356.404	9018	3.07734
1463	356.647	8820	3.00978
1464	356.891	7917	2.70163
1465	357.135	6106	2.08364
1466	357.379	4301	1.46769
1467	357.623	2760	0.941835
1468	357.867	1656	0.565101
1469	358.111	997	0.340221
1470	358.355	678	0.231364
1471	358.598	477	0.162774
1472	358.842	414	0.141275
1473	359.086	403	0.137522
1474	359.330	421	0.143664
1475	359.574	410	0.13991
1476	359.818	390	0.133085
1477	360.062	411	0.140251
1478	360.305	441	0.150489
1479	360.549	419	0.142981
1480	360.793	388	0.132403
1481	361.037	417	0.142299
1482	361.281	418	0.14264
1483	361.525	393	0.134109
1484	361.769	413	0.140934
1485	362.012	412	0.140593
1486	362.256	393	0.134109
1487	362.500	383	0.130697
1488	362.744	408	0.139228
1489	362.988	385	0.131379
1490	363.232	366	0.124895
1491	363.476	395	0.134792
1492	363.720	389	0.132744
1493	363.963	414	0.141275
1494	364.207	393	0.134109
1495	364.451	365	0.124554
1496	364.695	414	0.141275
1497	364.939	400	0.136498
1498	365.183	408	0.139228
1499	365.427	379	0.129332
1500	365.670	386	0.13172
1501	365.914	379	0.129332
1502	366.158	410	0.13991
1503	366.402	385	0.131379
1504	366.646	388	0.132403
1505	366.890	405	0.138204
1506	367.134	438	0.149465
1507	367.378	381	0.130014
1508	367.621	393	0.134109
1509	367.865	372	0.126943
1510	368.109	365	0.124554
1511	368.353	375	0.127967
1512	368.597	389	0.132744
1513	368.841	395	0.134792
1514	369.085	360	0.122848
1515	369.328	369	0.125919
1516	369.572	396	0.135133
1517	369.816	382	0.130355
1518	370.060	382	0.130355
1519	370.304	410	0.13991
1520	370.548	365	0.124554
1521	370.792	414	0.141275
1522	371.035	413	0.140934
1523	371.279	378	0.12899
1524	371.523	413	0.140934
1525	371.767	374	0.127625
1526	372.011	337	0.114999
1527	372.255	392	0.133768
1528	372.499	442	0.15083
1529	372.743	354	0.120801
1530	372.986	363	0.123872
1531	373.230	384	0.131038
1532	373.474	378	0.12899
1533	373.718	408	0.139228
1534	373.962	370	0.12626
1535	374.206	411	0.140251
1536	374.450	362	0.123531
1537	374.693	387	0.132062
1538	374.937	402	0.13718
1539	375.181	378	0.12899
1540	375.425	373	0.127284
1541	375.669	359	0.122507
1542	375.913	372	0.126943
1543	376.157	395	0.134792
1544	376.401	410	0.13991
1545	376.644	409	0.139569
1546	376.888	355	0.121142
1547	377.132	369	0.125919
1548	377.376	339	0.115682
1549	377.620	392	0.133768
1550	377.864	389	0.132744
1551	378.108	407	0.138887
1552	378.351	367	0.125237
1553	378.595	406	0.138545
1554	378.839	388	0.132403
1555	379.083	371	0.126602
1556	379.327	359	0.122507
1557	379.571	397	0.135474
1558	379.815	378	0.12899
1559	380.058	360	0.122848
1560	380.302	350	0.119436
1561	380.546	355	0.121142
1562	380.790	372	0.126943
1563	381.034	358	0.122166
1564	381.278	373	0.127284
1565	381.522	342	0.116706
1566	381.766	385	0.131379
1567	382.009	398	0.135815
1568	382.253	398	0.135815
1569	382.497	394	0.13445
1570	382.741	403	0.137522
1571	382.985	496	0.169257
1572	383.229	674	0.229999
1573	383.473	875	0.298589
1574	383.716	1147	0.391407
1575	383.960	1351	0.461021
1576	384.204	1530	0.522104
1577	384.448	1618	0.552134
1578	384.692	1529	0.521763
1579	384.936	1261	0.430309
1580	385.180	1021	0.348411
1581	385.423	819	0.279479
1582	385.667	636	0.217032
1583	385.911	563	0.192121
1584	386.155	550	0.187684
1585	386.399	493	0.168234
1586	386.643	638	0.217714
1587	386.887	704	0.240236
1588	387.131	762	0.260028
1589	387.374	808	0.275726
1590	387.618	746	0.254568
1591	387.862	683	0.23307
1592	388.106	592	0.202017
1593	388.350	539	0.183931
1594	388.594	462	0.157655
1595	388.838	410	0.13991
1596	389.081	379	0.129332
1597	389.325	403	0.137522
1598	389.569	393	0.134109
1599	389.813	392	0.133768
1600	390.057	381	0.130014
1601	390.301	365	0.124554
1602	390.545	385	0.131379
1603	390.789	380	0.129673
1604	391.032	447	0.152536
1605	391.276	401	0.136839
1606	391.520	477	0.162774
1607	391.764	446	0.152195
1608	392.008	438	0.149465
1609	392.252	401	0.136839
1610	392.496	400	0.136498
1611	392.739	394	0.13445
1612	392.983	372	0.126943
1613	393.227	385	0.131379
1614	393.471	359	0.122507
1615	393.715	361	0.123189
1616	393.959	331	0.112952
1617	394.203	341	0.116364
1618	394.446	340	0.116023
1619	394.690	356	0.121483
1620	394.934	328	0.111928
1621	395.178	371	0.126602
1622	395.422	360	0.122848
1623	395.666	331	0.112952
1624	395.910	316	0.107833
1625	396.154	336	0.114658
1626	396.397	328	0.111928
1627	396.641	336	0.114658
1628	396.885	336	0.114658
1629	397.129	348	0.118753
1630	397.373	344	0.117388
1631	397.617	323	0.110222
1632	397.861	321	0.109539
1633	398.104	335	0.114317
1634	398.348	333	0.113634
1635	398.592	354	0.120801
1636	398.836	335	0.114317
1637	399.080	352	0.120118
1638	399.324	349	0.119094
1639	399.568	353	0.120459
1640	399.811	363	0.123872
1641	400.055	342	0.116706
1642	400.299	360	0.122848
1643	400.543	346	0.118071
1644	400.787	353	0.120459
1645	401.031	335	0.114317
1646	401.275	369	0.125919
1647	401.519	335	0.114317
1648	401.762	379	0.129332
1649	402.006	321	0.109539
1650	402.250	319	0.108857
1651	402.494	332	0.113293
1652	402.738	326	0.111246
1653	402.982	338	0.115341
1654	403.226	366	0.124895
1655	403.469	361	0.123189
1656	403.713	313	0.10681
1657	403.957	330	0.112611
1658	404.201	349	0.119094
1659	404.445	306	0.104421
1660	404.689	312	0.106468
1661	404.933	402	0.13718
1662	405.177	315	0.107492
1663	405.420	342	0.116706
1664	405.664	342	0.116706
1665	405.908	317	0.108175
1666	406.152	324	0.110563
1667	406.396	333	0.113634
1668	406.640	316	0.107833
1669	406.884	334	0.113976
1670	407.127	337	0.114999
1671	407.371	377	0.128649
1672	407.615	375	0.127967
1673	407.859	351	0.119777
1674	408.103	365	0.124554
1675	408.347	348	0.118753
1676	408.591	342	0.116706
1677	408.834	325	0.110904
1678	409.078	332	0.113293
1679	409.322	314	0.107151
1680	409.566	310	0.105786
1681	409.810	397	0.135474
1682	410.054	359	0.122507
1683	410.298	345	0.117729
1684	410.542	321	0.109539
1685	410.785	305	0.10408
1686	411.029	351	0.119777
1687	411.273	306	0.104421
1688	411.517	330	0.112611
1689	411.761	324	0.110563
1690	412.005	319	0.108857
1691	412.249	349	0.119094
1692	412.492	362	0.123531
1693	412.736	310	0.105786
1694	412.980	354	0.120801
1695	413.224	352	0.120118
1696	413.468	315	0.107492
1697	413.712	338	0.115341
1698	413.956	356	0.121483
1699	414.199	336	0.114658
1700	414.443	382	0.130355
1701	414.687	398	0.135815
1702	414.931	394	0.13445
1703	415.175	406	0.138545
1704	415.419	358	0.122166
1705	415.663	398	0.135815
1706	415.907	348	0.118753
1707	416.150	322	0.109881
1708	416.394	335	0.114317
1709	416.638	307	0.104762
1710	416.882	358	0.122166
1711	417.126	305	0.10408
1712	417.370	344	0.117388
1713	417.614	345	0.117729
1714	417.857	340	0.116023
1715	418.101	298	0.101691
1716	418.345	344	0.117388
1717	418.589	366	0.124895
1718	418.833	327	0.111587
1719	419.077	349	0.119094
1720	419.321	366	0.124895
1721	419.565	365	0.124554
1722	419.808	351	0.119777
1723	420.052	295	0.100667
1724	420.296	340	0.116023
1725	420.540	326	0.111246
1726	420.784	359	0.122507
1727	421.028	332	0.113293
1728	421.272	347	0.118412
1729	421.515	312	0.106468
1730	421.759	309	0.105445
1731	422.003	338	0.115341
1732	422.247	344	0.117388
1733	422.491	350	0.119436
1734	422.735	323	0.110222
1735	422.979	345	0.117729
1736	423.222	302	0.103056
1737	423.466	320	0.109198
1738	423.710	327	0.111587
1739	423.954	320	0.109198
1740	424.198	300	0.102373
1741	424.442	351	0.119777
1742	424.686	350	0.119436
1743	424.930	320	0.109198
1744	425.173	339	0.115682
1745	425.417	311	0.106127
1746	425.661	351	0.119777
1747	425.905	339	0.115682
1748	426.149	364	0.124213
1749	426.393	352	0.120118
1750	426.637	315	0.107492
1751	426.880	353	0.120459
1752	427.124	344	0.117388
1753	427.368	313	0.10681
1754	427.612	324	0.110563
1755	427.856	314	0.107151
1756	428.100	315	0.107492
1757	428.344	358	0.122166
1758	428.588	333	0.113634
1759	428.831	329	0.112269
1760	429.075	333	0.113634
1761	429.319	320	0.109198
1762	429.563	324	0.110563
1763	429.807	306	0.104421
1764	430.051	318	0.108516
1765	430.295	333	0.113634
1766	430.538	311	0.106127
1767	430.782	330	0.112611
1768	431.026	336	0.114658
1769	431.270	382	0.130355
1770	431.514	348	0.118753
1771	431.758	330	0.112611
1772	432.002	286	0.0975959
1773	432.245	358	0.122166
1774	432.489	327	0.111587
1775	432.733	319	0.108857
1776	432.977	346	0.118071
1777	433.221	374	0.127625
1778	433.465	333	0.113634
1779	433.709	299	0.102032
1780	433.953	310	0.105786
1781	434.196	326	0.111246
1782	434.440	345	0.117729
1783	434.684	335	0.114317
1784	434.928	326	0.111246
1785	435.172	339	0.115682
1786	435.416	308	0.105103
1787	435.660	324	0.110563
1788	435.903	377	0.128649
1789	436.147	355	0.121142
1790	436.391	377	0.128649
1791	436.635	403	0.137522
1792	436.879	475	0.162091
1793	437.123	455	0.155266
1794	437.367	544	0.185637
1795	437.610	517	0.176423
1796	437.854	483	0.164821
1797	438.098	466	0.15902
1798	438.342	435	0.148441
1799	438.586	369	0.125919
1800	438.830	362	0.123531
1801	439.074	362	0.123531
1802	439.318	331	0.112952
1803	439.561	348	0.118753
1804	439.805	346	0.118071
1805	440.049	351	0.119777
1806	440.293	311	0.106127
1807	440.537	337	0.114999
1808	440.781	342	0.116706
1809	441.025	310	0.105786
1810	441.268	345	0.117729
1811	441.512	331	0.112952
1812	441.756	327	0.111587
1813	442.000	291	0.0993022
1814	442.244	326	0.111246
1815	442.488	334	0.113976
1816	442.732	299	0.102032
1817	442.976	302	0.103056
1818	443.219	331	0.112952
1819	443.463	322	0.109881
1820	443.707	330	0.112611
1821	443.951	329	0.112269
1822	444.195	336	0.114658
1823	444.439	351	0.119777
1824	444.683	330	0.112611
1825	444.926	293	0.0999846
1826	445.170	341	0.116364
1827	445.414	328	0.111928
1828	445.658	361	0.123189
1829	445.902	328	0.111928
1830	446.146	337	0.114999
1831	446.390	340	0.116023
1832	446.633	335	0.114317
1833	446.877	346	0.118071
1834	447.121	330	0.112611
1835	447.365	346	0.118071
1836	447.609	334	0.113976
1837	447.853	349	0.119094
1838	448.097	337	0.114999
1839	448.341	336	0.114658
1840	448.584	298	0.101691
1841	448.828	338	0.115341
1842	449.072	309	0.105445
1843	449.316	301	0.102715
1844	449.560	348	0.118753
1845	449.804	305	0.10408
1846	450.048	323	0.110222
1847	450.291	308	0.105103
1848	450.535	360	0.122848
1849	450.779	350	0.119436
1850	451.023	367	0.125237
1851	451.267	327	0.111587
1852	451.511	319	0.108857
1853	451.755	338	0.115341
1854	451.998	346	0.118071
1855	452.242	322	0.109881
1856	452.486	314	0.107151
1857	452.730	360	0.122848
1858	452.974	353	0.120459
1859	453.218	343	0.117047
1860	453.462	323	0.110222
1861	453.706	378	0.12899
1862	453.949	347	0.118412
1863	454.193	320	0.109198
1864	454.437	330	0.112611
1865	454.681	365	0.124554
1866	454.925	354	0.120801
1867	455.169	356	0.121483
1868	455.413	372	0.126943
1869	455.656	355	0.121142
1870	455.900	308	0.105103
1871	456.144	329	0.112269
1872	456.388	368	0.125578
1873	456.632	323	0.110222
1874	456.876	297	0.10135
1875	457.120	351	0.119777
1876	457.364	315	0.107492
1877	457.607	313	0.10681
1878	457.851	339	0.115682
1879	458.095	330	0.112611
1880	458.339	320	0.109198
1881	458.583	316	0.107833
1882	458.827	351	0.119777
1883	459.071	343	0.117047
1884	459.314	309	0.105445
1885	459.558	339	0.115682
1886	459.802	363	0.123872
1887	460.046	334	0.113976
1888	460.290	327	0.111587
1889	460.534	355	0.121142
1890	460.778	329	0.112269
1891	461.021	305	0.10408
1892	461.265	345	0.117729
1893	461.509	303	0.103397
1894	461.753	361	0.123189
1895	461.997	347	0.118412
1896	462.241	315	0.107492
1897	462.485	346	0.118071
1898	462.729	341	0.116364
1899	462.972	336	0.114658
1900	463.216	368	0.125578
1901	463.460	337	0.114999
1902	463.704	343	0.117047
1903	463.948	326	0.111246
1904	464.192	354	0.120801
1905	464.436	346	0.118071
1906	464.679	367	0.125237
1907	464.923	334	0.113976
1908	465.167	348	0.118753
1909	465.411	350	0.119436
1910	465.655	334	0.113976
1911	465.899	348	0.118753
1912	466.143	340	0.116023
1913	466.386	321	0.109539
1914	466.630	350	0.119436
1915	466.874	327	0.111587
1916	467.118	309	0.105445
1917	467.362	323	0.110222
1918	467.606	349	0.119094
1919	467.850	351	0.119777
1920	468.094	367	0.125237
1921	468.337	392	0.133768
1922	468.581	334	0.113976
1923	468.825	362	0.123531
1924	469.069	360	0.122848
1925	469.313	322	0.109881
1926	469.557	354	0.120801
1927	469.801	385	0.131379
1928	470.044	333	0.113634
1929	470.288	373	0.127284
1930	470.532	339	0.115682
1931	470.776	373	0.127284
1932	471.020	370	0.12626
1933	471.264	341	0.116364
1934	471.508	356	0.121483
1935	471.752	356	0.121483
1936	471.995	348	0.118753
1937	472.239	303	0.103397
1938	472.483	320	0.109198
1939	472.727	374	0.127625
1940	472.971	339	0.115682
1941	473.215	333	0.113634
1942	473.459	369	0.125919
1943	473.702	351	0.119777
1944	473.946	353	0.120459
1945	474.190	360	0.122848
1946	474.434	334	0.113976
1947	474.678	335	0.114317
1948	474.922	337	0.114999
1949	475.166	309	0.105445
1950	475.409	330	0.112611
1951	475.653	320	0.109198
1952	475.897	303	0.103397
1953	476.141	340	0.116023
1954	476.385	358	0.122166
1955	476.629	317	0.108175
1956	476.873	333	0.113634
1957	477.117	322	0.109881
1958	477.360	328	0.111928
1959	477.604	331	0.112952
1960	477.848	322	0.109881
1961	478.092	321	0.109539
1962	478.336	317	0.108175
1963	478.580	286	0.0975959
1964	478.824	311	0.106127
1965	479.067	303	0.103397
1966	479.311	305	0.10408
1967	479.555	301	0.102715
1968	479.799	332	0.113293
1969	480.043	328	0.111928
1970	480.287	313	0.10681
1971	480.531	301	0.102715
1972	480.775	290	0.0989609
1973	481.018	302	0.103056
1974	481.262	292	0.0996434
1975	481.506	279	0.0952072
1976	481.750	296	0.101008
1977	481.994	322	0.109881
1978	482.238	310	0.105786
1979	482.482	288	0.0982784
1980	482.725	279	0.0952072
1981	482.969	273	0.0931598
1982	483.213	315	0.107492
1983	483.457	279	0.0952072
1984	483.701	302	0.103056
1985	483.945	294	0.100326
1986	484.189	285	0.0972547
1987	484.432	312	0.106468
1988	484.676	278	0.094866
1989	484.920	307	0.104762
1990	485.164	287	0.0979372
1991	485.408	272	0.0928185
1992	485.652	308	0.105103
1993	485.896	287	0.0979372
1994	486.140	302	0.103056
1995	486.383	298	0.101691
1996	486.627	297	0.10135
1997	486.871	285	0.0972547
1998	487.115	294	0.100326
1999	487.359	295	0.100667
2000	487.603	290	0.0989609
2001	487.847	299	0.102032
2002	488.090	298	0.101691
2003	488.334	275	0.0938422
2004	488.578	263	0.0897473
2005	488.822	296	0.101008
2006	489.066	297	0.10135
2007	489.310	280	0.0955485
2008	489.554	304	0.103738
2009	489.797	303	0.103397
2010	490.041	291	0.0993022
2011	490.285	289	0.0986197
2012	490.529	313	0.10681
2013	490.773	309	0.105445
2014	491.017	266	0.090771
2015	491.261	281	0.0958897
2016	491.505	291	0.0993022
2017	491.748	310	0.105786
2018	491.992	327	0.111587
2019	492.236	258	0.0880411
2020	492.480	284	0.0969134
2021	492.724	286	0.0975959
2022	492.968	285	0.0972547
2023	493.212	276	0.0941835
2024	493.455	273	0.0931598
2025	493.699	289	0.0986197
2026	493.943	278	0.094866
2027	494.187	293	0.0999846
2028	494.431	291	0.0993022
2029	494.675	260	0.0887236
2030	494.919	276	0.0941835
2031	495.163	314	0.107151
2032	495.406	284	0.0969134
2033	495.650	303	0.103397
2034	495.894	307	0.104762
2035	496.138	298	0.101691
2036	496.382	302	0.103056
2037	496.626	235	0.0801925
2038	496.870	251	0.0856524
2039	497.113	289	0.0986197
2040	497.357	269	0.0917948
2041	497.601	301	0.102715
2042	497.845	272	0.0928185
2043	498.089	292	0.0996434
2044	498.333	274	0.093501
2045	498.577	267	0.0911123
2046	498.820	268	0.0914535
2047	499.064	291	0.0993022
2048	499.308	256	0.0873586
2049	499.552	251	0.0856524
2050	499.796	264	0.0900886
2051	500.040	270	0.092136
2052	500.284	299	0.102032
2053	500.528	264	0.0900886
2054	500.771	283	0.0965722
2055	501.015	246	0.0839462
2056	501.259	313	0.10681
2057	501.503	321	0.109539
2058	501.747	301	0.102715
2059	501.991	278	0.094866
2060	502.235	293	0.0999846
2061	502.478	291	0.0993022
2062	502.722	263	0.0897473
2063	502.966	278	0.094866
2064	503.210	306	0.104421
2065	503.454	284	0.0969134
2066	503.698	252	0.0859936
2067	503.942	280	0.0955485
2068	504.185	273	0.0931598
2069	504.429	329	0.112269
2070	504.673	296	0.101008
2071	504.917	269	0.0917948
2072	505.161	277	0.0945247
2073	505.405	276	0.0941835
2074	505.649	317	0.108175
2075	505.893	260	0.0887236
2076	506.136	309	0.105445
2077	506.380	271	0.0924773
2078	506.624	266	0.090771
2079	506.868	252	0.0859936
2080	507.112	256	0.0873586
2081	507.356	262	0.0894061
2082	507.600	289	0.0986197
2083	507.843	292	0.0996434
2084	508.087	264	0.0900886
2085	508.331	253	0.0863349
2086	508.575	272	0.0928185
2087	508.819	228	0.0778038
2088	509.063	272	0.0928185
2089	509.307	284	0.0969134
2090	509.551	301	0.102715
2091	509.794	329	0.112269
2092	510.038	324	0.110563
2093	510.282	350	0.119436
2094	510.526	358	0.122166
2095	510.770	399	0.136157
2096	511.014	392	0.133768
2097	511.258	368	0.125578
2098	511.501	391	0.133427
2099	511.745	419	0.142981
2100	511.989	411	0.140251
2101	512.233	441	0.150489
2102	512.477	509	0.173693
2103	512.721	692	0.236141
2104	512.965	1094	0.373322
2105	513.208	1827	0.623454
2106	513.452	3141	1.07185
2107	513.696	5210	1.77788
2108	513.940	7760	2.64806
2109	514.184	10618	3.62333
2110	514.428	12603	4.3007
2111	514.672	13468	4.59588
2112	514.916	12920	4.40888
2113	515.159	11002	3.75437
2114	515.403	8572	2.92515
2115	515.647	5774	1.97035
2116	515.891	3501	1.1947
2117	516.135	1978	0.674982
2118	516.379	1117	0.38117
2119	516.623	604	0.206112
2120	516.866	416	0.141958
2121	517.110	358	0.122166
2122	517.354	357	0.121824
2123	517.598	297	0.10135
2124	517.842	282	0.096231
2125	518.086	312	0.106468
2126	518.330	310	0.105786
2127	518.573	300	0.102373
2128	518.817	273	0.0931598
2129	519.061	274	0.093501
2130	519.305	272	0.0928185
2131	519.549	289	0.0986197
2132	519.793	312	0.106468
2133	520.037	281	0.0958897
2134	520.281	267	0.0911123
2135	520.524	275	0.0938422
2136	520.768	289	0.0986197
2137	521.012	286	0.0975959
2138	521.256	293	0.0999846
2139	521.500	303	0.103397
2140	521.744	268	0.0914535
2141	521.988	275	0.0938422
2142	522.231	266	0.090771
2143	522.475	284	0.0969134
2144	522.719	298	0.101691
2145	522.963	289	0.0986197
2146	523.207	309	0.105445
2147	523.451	297	0.10135
2148	523.695	295	0.100667
2149	523.939	291	0.0993022
2150	524.182	326	0.111246
2151	524.426	311	0.106127
2152	524.670	288	0.0982784
2153	524.914	305	0.10408
2154	525.158	308	0.105103
2155	525.402	318	0.108516
2156	525.646	303	0.103397
2157	525.889	329	0.112269
2158	526.133	320	0.109198
2159	526.377	325	0.110904
2160	526.621	334	0.113976
2161	526.865	323	0.110222
2162	527.109	367	0.125237
2163	527.353	401	0.136839
2164	527.596	392	0.133768
2165	527.840	379	0.129332
2166	528.084	382	0.130355
2167	528.328	340	0.116023
2168	528.572	337	0.114999
2169	528.816	313	0.10681
2170	529.060	325	0.110904
2171	529.304	302	0.103056
2172	529.547	290	0.0989609
2173	529.791	304	0.103738
2174	530.035	264	0.0900886
2175	530.279	260	0.0887236
2176	530.523	270	0.092136
2177	530.767	260	0.0887236
2178	531.011	250	0.0853111
2179	531.254	273	0.0931598
2180	531.498	272	0.0928185
2181	531.742	265	0.0904298
2182	531.986	252	0.0859936
2183	532.230	250	0.0853111
2184	532.474	273	0.0931598
2185	532.718	252	0.0859936
2186	532.962	270	0.092136
2187	533.205	269	0.0917948
2188	533.449	245	0.0836049
2189	533.693	244	0.0832637
2190	533.937	234	0.0798512
2191	534.181	248	0.0846286
2192	534.425	250	0.0853111
2193	534.669	300	0.102373
2194	534.912	291	0.0993022
2195	535.156	239	0.0815574
2196	535.400	262	0.0894061
2197	535.644	257	0.0876998
2198	535.888	268	0.0914535
2199	536.132	231	0.0788275
2200	536.376	278	0.094866
2201	536.619	268	0.0914535
2202	536.863	238	0.0812162
2203	537.107	267	0.0911123
2204	537.351	263	0.0897473
2205	537.595	264	0.0900886
2206	537.839	251	0.0856524
2207	538.083	226	0.0771213
2208	538.327	257	0.0876998
2209	538.570	263	0.0897473
2210	538.814	239	0.0815574
2211	539.058	242	0.0825812
2212	539.302	253	0.0863349
2213	539.546	232	0.0791687
2214	539.790	263	0.0897473
2215	540.034	233	0.07951
2216	540.277	284	0.0969134
2217	540.521	253	0.0863349
2218	540.765	230	0.0784862
2219	541.009	234	0.0798512
2220	541.253	262	0.0894061
2221	541.497	266	0.090771
2222	541.741	228	0.0778038
2223	541.984	267	0.0911123
2224	542.228	238	0.0812162
2225	542.472	246	0.0839462
2226	542.716	265	0.0904298
2227	542.960	228	0.0778038
2228	543.204	233	0.07951
2229	543.448	239	0.0815574
2230	543.692	236	0.0805337
2231	543.935	259	0.0883823
2232	544.179	254	0.0866761
2233	544.423	222	0.0757563
2234	544.667	241	0.0822399
2235	544.911	228	0.0778038
2236	545.155	284	0.0969134
2237	545.399	254	0.0866761
2238	545.642	256	0.0873586
2239	545.886	245	0.0836049
2240	546.130	238	0.0812162
2241	546.374	271	0.0924773
2242	546.618	234	0.0798512
2243	546.862	272	0.0928185
2244	547.106	252	0.0859936
2245	547.350	221	0.075415
2246	547.593	262	0.0894061
2247	547.837	242	0.0825812
2248	548.081	251	0.0856524
2249	548.325	269	0.0917948
2250	548.569	244	0.0832637
2251	548.813	252	0.0859936
2252	549.057	266	0.090771
2253	549.300	236	0.0805337
2254	549.544	248	0.0846286
2255	549.788	250	0.0853111
2256	550.032	284	0.0969134
2257	550.276	252	0.0859936
2258	550.520	244	0.0832637
2259	550.764	252	0.0859936
2260	551.007	261	0.0890648
2261	551.251	246	0.0839462
2262	551.495	252	0.0859936
2263	551.739	264	0.0900886
2264	551.983	255	0.0870174
2265	552.227	232	0.0791687
2266	552.471	238	0.0812162
2267	552.715	235	0.0801925
2268	552.958	239	0.0815574
2269	553.202	234	0.0798512
2270	553.446	252	0.0859936
2271	553.690	247	0.0842874
2272	553.934	250	0.0853111
2273	554.178	250	0.0853111
2274	554.422	271	0.0924773
2275	554.665	231	0.0788275
2276	554.909	223	0.0760975
2277	555.153	257	0.0876998
2278	555.397	250	0.0853111
2279	555.641	233	0.07951
2280	555.885	211	0.0720026
2281	556.129	234	0.0798512
2282	556.372	245	0.0836049
2283	556.616	237	0.080875
2284	556.860	247	0.0842874
2285	557.104	257	0.0876998
2286	557.348	272	0.0928185
2287	557.592	274	0.093501
2288	557.836	251	0.0856524
2289	558.080	248	0.0846286
2290	558.323	246	0.0839462
2291	558.567	236	0.0805337
2292	558.811	278	0.094866
2293	559.055	249	0.0849699
2294	559.299	270	0.092136
2295	559.543	245	0.0836049
2296	559.787	263	0.0897473
2297	560.030	257	0.0876998
2298	560.274	237	0.080875
2299	560.518	238	0.0812162
2300	560.762	208	0.0709789
2301	561.006	254	0.0866761
2302	561.250	234	0.0798512
2303	561.494	231	0.0788275
2304	561.738	233	0.07951
2305	561.981	245	0.0836049
2306	562.225	241	0.0822399
2307	562.469	274	0.093501
2308	562.713	229	0.078145
2309	562.957	228	0.0778038
2310	563.201	239	0.0815574
2311	563.445	238	0.0812162
2312	563.688	273	0.0931598
2313	563.932	251	0.0856524
2314	564.176	228	0.0778038
2315	564.420	229	0.078145
2316	564.664	249	0.0849699
2317	564.908	243	0.0829224
2318	565.152	227	0.0774625
2319	565.395	251	0.0856524
2320	565.639	241	0.0822399
2321	565.883	242	0.0825812
2322	566.127	263	0.0897473
2323	566.371	252	0.0859936
2324	566.615	254	0.0866761
2325	566.859	257	0.0876998
2326	567.103	260	0.0887236
2327	567.346	247	0.0842874
2328	567.590	241	0.0822399
2329	567.834	240	0.0818987
2330	568.078	268	0.0914535
2331	568.322	241	0.0822399
2332	568.566	258	0.0880411
2333	568.810	239	0.0815574
2334	569.053	240	0.0818987
2335	569.297	281	0.0958897
2336	569.541	237	0.080875
2337	569.785	248	0.0846286
2338	570.029	230	0.0784862
2339	570.273	238	0.0812162
2340	570.517	237	0.080875
2341	570.761	251	0.0856524
2342	571.004	265	0.0904298
2343	571.248	213	0.0726851
2344	571.492	278	0.094866
2345	571.736	252	0.0859936
2346	571.980	254	0.0866761
2347	572.224	238	0.0812162
2348	572.468	227	0.0774625
2349	572.711	253	0.0863349
2350	572.955	249	0.0849699
2351	573.199	238	0.0812162
2352	573.443	236	0.0805337
2353	573.687	238	0.0812162
2354	573.931	233	0.07951
2355	574.175	261	0.0890648
2356	574.418	227	0.0774625
2357	574.662	248	0.0846286
2358	574.906	237	0.080875
2359	575.150	273	0.0931598
2360	575.394	269	0.0917948
2361	575.638	235	0.0801925
2362	575.882	238	0.0812162
2363	576.126	239	0.0815574
2364	576.369	246	0.0839462
2365	576.613	218	0.0743913
2366	576.857	253	0.0863349
2367	577.101	223	0.0760975
2368	577.345	267	0.0911123
2369	577.589	245	0.0836049
2370	577.833	223	0.0760975
2371	578.076	255	0.0870174
2372	578.320	275	0.0938422
2373	578.564	254	0.0866761
2374	578.808	247	0.0842874
2375	579.052	247	0.0842874
2376	579.296	238	0.0812162
2377	579.540	247	0.0842874
2378	579.783	228	0.0778038
2379	580.027	278	0.094866
2380	580.271	277	0.0945247
2381	580.515	254	0.0866761
2382	580.759	239	0.0815574
2383	581.003	235	0.0801925
2384	581.247	237	0.080875
2385	581.491	235	0.0801925
2386	581.734	237	0.080875
2387	581.978	248	0.0846286
2388	582.222	228	0.0778038
2389	582.466	254	0.0866761
2390	582.710	247	0.0842874
2391	582.954	236	0.0805337
2392	583.198	245	0.0836049
2393	583.441	268	0.0914535
2394	583.685	244	0.0832637
2395	583.929	253	0.0863349
2396	584.173	254	0.0866761
2397	584.417	262	0.0894061
2398	584.661	239	0.0815574
2399	584.905	235	0.0801925
2400	585.149	237	0.080875
2401	585.392	228	0.0778038
2402	585.636	227	0.0774625
2403	585.880	258	0.0880411
2404	586.124	258	0.0880411
2405	586.368	230	0.0784862
2406	586.612	246	0.0839462
2407	586.856	200	0.0682489
2408	587.099	267	0.0911123
2409	587.343	275	0.0938422
2410	587.587	232	0.0791687
2411	587.831	236	0.0805337
2412	588.075	249	0.0849699
2413	588.319	257	0.0876998
2414	588.563	244	0.0832637
2415	588.806	249	0.0849699
2416	589.050	275	0.0938422
2417	589.294	263	0.0897473
2418	589.538	246	0.0839462
2419	589.782	275	0.0938422
2420	590.026	257	0.0876998
2421	590.270	223	0.0760975
2422	590.514	251	0.0856524
2423	590.757	260	0.0887236
2424	591.001	237	0.080875
2425	591.245	212	0.0723438
2426	591.489	260	0.0887236
2427	591.733	244	0.0832637
2428	591.977	247	0.0842874
2429	592.221	234	0.0798512
2430	592.464	248	0.0846286
2431	592.708	256	0.0873586
2432	592.952	246	0.0839462
2433	593.196	273	0.0931598
2434	593.440	249	0.0849699
2435	593.684	225	0.07678
2436	593.928	250	0.0853111
2437	594.171	281	0.0958897
2438	594.415	249	0.0849699
2439	594.659	283	0.0965722
2440	594.903	278	0.094866
2441	595.147	274	0.093501
2442	595.391	254	0.0866761
2443	595.635	264	0.0900886
2444	595.879	263	0.0897473
2445	596.122	247	0.0842874
2446	596.366	246	0.0839462
2447	596.610	249	0.0849699
2448	596.854	251	0.0856524
2449	597.098	242	0.0825812
2450	597.342	269	0.0917948
2451	597.586	221	0.075415
2452	597.829	258	0.0880411
2453	598.073	253	0.0863349
2454	598.317	262	0.0894061
2455	598.561	238	0.0812162
2456	598.805	269	0.0917948
2457	599.049	281	0.0958897
2458	599.293	261	0.0890648
2459	599.537	275	0.0938422
2460	599.780	228	0.0778038
2461	600.024	252	0.0859936
2462	600.268	246	0.0839462
2463	600.512	233	0.07951
2464	600.756	277	0.0945247
2465	601.000	276	0.0941835
2466	601.244	245	0.0836049
2467	601.487	257	0.0876998
2468	601.731	254	0.0866761
2469	601.975	250	0.0853111
2470	602.219	242	0.0825812
2471	602.463	265	0.0904298
2472	602.707	255	0.0870174
2473	602.951	253	0.0863349
2474	603.194	245	0.0836049
2475	603.438	257	0.0876998
2476	603.682	247	0.0842874
2477	603.926	251	0.0856524
2478	604.170	261	0.0890648
2479	604.414	286	0.0975959
2480	604.658	264	0.0900886
2481	604.902	275	0.0938422
2482	605.145	277	0.0945247
2483	605.389	290	0.0989609
2484	605.633	254	0.0866761
2485	605.877	267	0.0911123
2486	606.121	244	0.0832637
2487	606.365	263	0.0897473
2488	606.609	285	0.0972547
2489	606.852	271	0.0924773
2490	607.096	252	0.0859936
2491	607.340	256	0.0873586
2492	607.584	267	0.0911123
2493	607.828	263	0.0897473
2494	608.072	288	0.0982784
2495	608.316	235	0.0801925
2496	608.559	265	0.0904298
2497	608.803	262	0.0894061
2498	609.047	264	0.0900886
2499	609.291	290	0.0989609
2500	609.535	261	0.0890648
2501	609.779	254	0.0866761
2502	610.023	294	0.100326
2503	610.267	265	0.0904298
2504	610.510	259	0.0883823
2505	610.754	289	0.0986197
2506	610.998	263	0.0897473
2507	611.242	247	0.0842874
2508	611.486	284	0.0969134
2509	611.730	259	0.0883823
2510	611.974	254	0.0866761
2511	612.217	251	0.0856524
2512	612.461	272	0.0928185
2513	612.705	242	0.0825812
2514	612.949	278	0.094866
2515	613.193	245	0.0836049
2516	613.437	253	0.0863349
2517	613.681	275	0.0938422
2518	613.925	271	0.0924773
2519	614.168	285	0.0972547
2520	614.412	229	0.078145
2521	614.656	269	0.0917948
2522	614.900	266	0.090771
2523	615.144	261	0.0890648
2524	615.388	262	0.0894061
2525	615.632	277	0.0945247
2526	615.875	263	0.0897473
2527	616.119	254	0.0866761
2528	616.363	262	0.0894061
2529	616.607	281	0.0958897
2530	616.851	279	0.0952072
2531	617.095	260	0.0887236
2532	617.339	283	0.0965722
2533	617.582	274	0.093501
2534	617.826	234	0.0798512
2535	618.070	271	0.0924773
2536	618.314	287	0.0979372
2537	618.558	280	0.0955485
2538	618.802	275	0.0938422
2539	619.046	237	0.080875
2540	619.290	246	0.0839462
2541	619.533	258	0.0880411
2542	619.777	273	0.0931598
2543	620.021	268	0.0914535
2544	620.265	280	0.0955485
2545	620.509	257	0.0876998
2546	620.753	276	0.0941835
2547	620.997	276	0.0941835
2548	621.240	289	0.0986197
2549	621.484	271	0.0924773
2550	621.728	264	0.0900886
2551	621.972	285	0.0972547
2552	622.216	284	0.0969134
2553	622.460	268	0.0914535
2554	622.704	253	0.0863349
2555	622.948	292	0.0996434
2556	623.191	268	0.0914535
2557	623.435	263	0.0897473
2558	623.679	218	0.0743913
2559	623.923	277	0.0945247
2560	624.167	252	0.0859936
2561	624.411	288	0.0982784
2562	624.655	296	0.101008
2563	624.898	288	0.0982784
2564	625.142	273	0.0931598
2565	625.386	276	0.0941835
2566	625.630	295	0.100667
2567	625.874	271	0.0924773
2568	626.118	278	0.094866
2569	626.362	275	0.0938422
2570	626.605	302	0.103056
2571	626.849	281	0.0958897
2572	627.093	281	0.0958897
2573	627.337	262	0.0894061
2574	627.581	251	0.0856524
2575	627.825	270	0.092136
2576	628.069	268	0.0914535
2577	628.313	255	0.0870174
2578	628.556	285	0.0972547
2579	628.800	240	0.0818987
2580	629.044	252	0.0859936
2581	629.288	247	0.0842874
2582	629.532	243	0.0829224
2583	629.776	271	0.0924773
2584	630.020	285	0.0972547
2585	630.263	284	0.0969134
2586	630.507	306	0.104421
2587	630.751	282	0.096231
2588	630.995	260	0.0887236
2589	631.239	287	0.0979372
2590	631.483	259	0.0883823
2591	631.727	293	0.0999846
2592	631.970	284	0.0969134
2593	632.214	310	0.105786
2594	632.458	260	0.0887236
2595	632.702	275	0.0938422
2596	632.946	270	0.092136
2597	633.190	310	0.105786
2598	633.434	317	0.108175
2599	633.678	272	0.0928185
2600	633.921	273	0.0931598
2601	634.165	280	0.0955485
2602	634.409	287	0.0979372
2603	634.653	293	0.0999846
2604	634.897	256	0.0873586
2605	635.141	270	0.092136
2606	635.385	250	0.0853111
2607	635.628	290	0.0989609
2608	635.872	283	0.0965722
2609	636.116	291	0.0993022
2610	636.360	278	0.094866
2611	636.604	290	0.0989609
2612	636.848	269	0.0917948
2613	637.092	279	0.0952072
2614	637.336	276	0.0941835
2615	637.579	278	0.094866
2616	637.823	247	0.0842874
2617	638.067	290	0.0989609
2618	638.311	334	0.113976
2619	638.555	280	0.0955485
2620	638.799	285	0.0972547
2621	639.043	254	0.0866761
2622	639.286	285	0.0972547
2623	639.530	273	0.0931598
2624	639.774	299	0.102032
2625	640.018	263	0.0897473
2626	640.262	275	0.0938422
2627	640.506	293	0.0999846
2628	640.750	297	0.10135
2629	640.993	283	0.0965722
2630	641.237	288	0.0982784
2631	641.481	296	0.101008
2632	641.725	292	0.0996434
2633	641.969	298	0.101691
2634	642.213	267	0.0911123
2635	642.457	297	0.10135
2636	642.701	271	0.0924773
2637	642.944	287	0.0979372
2638	643.188	290	0.0989609
2639	643.432	269	0.0917948
2640	643.676	306	0.104421
2641	643.920	325	0.110904
2642	644.164	261	0.0890648
2643	644.408	259	0.0883823
2644	644.651	307	0.104762
2645	644.895	287	0.0979372
2646	645.139	306	0.104421
2647	645.383	238	0.0812162
2648	645.627	300	0.102373
2649	645.871	306	0.104421
2650	646.115	315	0.107492
2651	646.358	281	0.0958897
2652	646.602	286	0.0975959
2653	646.846	294	0.100326
2654	647.090	284	0.0969134
2655	647.334	318	0.108516
2656	647.578	274	0.093501
2657	647.822	301	0.102715
2658	648.066	331	0.112952
2659	648.309	312	0.106468
2660	648.553	303	0.103397
2661	648.797	289	0.0986197
2662	649.041	277	0.0945247
2663	649.285	324	0.110563
2664	649.529	277	0.0945247
2665	649.773	336	0.114658
2666	650.016	314	0.107151
2667	650.260	272	0.0928185
2668	650.504	305	0.10408
2669	650.748	313	0.10681
2670	650.992	313	0.10681
2671	651.236	289	0.0986197
2672	651.480	289	0.0986197
2673	651.724	309	0.105445
2674	651.967	310	0.105786
2675	652.211	323	0.110222
2676	652.455	274	0.093501
2677	652.699	317	0.108175
2678	652.943	329	0.112269
2679	653.187	300	0.102373
2680	653.431	322	0.109881
2681	653.674	312	0.106468
2682	653.918	321	0.109539
2683	654.162	261	0.0890648
2684	654.406	299	0.102032
2685	654.650	296	0.101008
2686	654.894	305	0.10408
2687	655.138	318	0.108516
2688	655.381	310	0.105786
2689	655.625	314	0.107151
2690	655.869	290	0.0989609
2691	656.113	288	0.0982784
2692	656.357	296	0.101008
2693	656.601	311	0.106127
2694	656.845	295	0.100667
2695	657.089	302	0.103056
2696	657.332	316	0.107833
2697	657.576	347	0.118412
2698	657.820	308	0.105103
2699	658.064	333	0.113634
2700	658.308	318	0.108516
2701	658.552	305	0.10408
2702	658.796	290	0.0989609
2703	659.039	300	0.102373
2704	659.283	301	0.102715
2705	659.527	302	0.103056
2706	659.771	331	0.112952
2707	660.015	379	0.129332
2708	660.259	412	0.140593
2709	660.503	567	0.193486
2710	660.746	756	0.257981
2711	660.990	1212	0.413588
2712	661.234	2003	0.683513
2713	661.478	3088	1.05376
2714	661.722	4332	1.47827
2715	661.966	5686	1.94032
2716	662.210	6699	2.286
2717	662.454	7071	2.41294
2718	662.697	7051	2.40612
2719	662.941	6057	2.06692
2720	663.185	4743	1.61852
2721	663.429	3522	1.20186
2722	663.673	2271	0.774966
2723	663.917	1438	0.49071
2724	664.161	840	0.286645
2725	664.404	572	0.195192
2726	664.648	448	0.152878
2727	664.892	348	0.118753
2728	665.136	301	0.102715
2729	665.380	332	0.113293
2730	665.624	318	0.108516
2731	665.868	316	0.107833
2732	666.112	307	0.104762
2733	666.355	336	0.114658
2734	666.599	314	0.107151
2735	666.843	312	0.106468
2736	667.087	318	0.108516
2737	667.331	337	0.114999
2738	667.575	352	0.120118
2739	667.819	333	0.113634
2740	668.062	296	0.101008
2741	668.306	343	0.117047
2742	668.550	309	0.105445
2743	668.794	354	0.120801
2744	669.038	313	0.10681
2745	669.282	344	0.117388
2746	669.526	343	0.117047
2747	669.769	340	0.116023
2748	670.013	305	0.10408
2749	670.257	312	0.106468
2750	670.501	346	0.118071
2751	670.745	343	0.117047
2752	670.989	327	0.111587
2753	671.233	327	0.111587
2754	671.477	308	0.105103
2755	671.720	330	0.112611
2756	671.964	315	0.107492
2757	672.208	307	0.104762
2758	672.452	330	0.112611
2759	672.696	334	0.113976
2760	672.940	335	0.114317
2761	673.184	335	0.114317
2762	673.427	322	0.109881
2763	673.671	319	0.108857
2764	673.915	348	0.118753
2765	674.159	323	0.110222
2766	674.403	372	0.126943
2767	674.647	345	0.117729
2768	674.891	343	0.117047
2769	675.135	328	0.111928
2770	675.378	325	0.110904
2771	675.622	324	0.110563
2772	675.866	350	0.119436
2773	676.110	320	0.109198
2774	676.354	340	0.116023
2775	676.598	310	0.105786
2776	676.842	337	0.114999
2777	677.085	312	0.106468
2778	677.329	355	0.121142
2779	677.573	313	0.10681
2780	677.817	310	0.105786
2781	678.061	328	0.111928
2782	678.305	329	0.112269
2783	678.549	320	0.109198
2784	678.792	365	0.124554
2785	679.036	315	0.107492
2786	679.280	341	0.116364
2787	679.524	327	0.111587
2788	679.768	325	0.110904
2789	680.012	342	0.116706
2790	680.256	354	0.120801
2791	680.500	343	0.117047
2792	680.743	330	0.112611
2793	680.987	308	0.105103
2794	681.231	344	0.117388
2795	681.475	352	0.120118
2796	681.719	379	0.129332
2797	681.963	374	0.127625
2798	682.207	328	0.111928
2799	682.450	355	0.121142
2800	682.694	343	0.117047
2801	682.938	349	0.119094
2802	683.182	325	0.110904
2803	683.426	352	0.120118
2804	683.670	365	0.124554
2805	683.914	355	0.121142
2806	684.157	363	0.123872
2807	684.401	330	0.112611
2808	684.645	369	0.125919
2809	684.889	381	0.130014
2810	685.133	317	0.108175
2811	685.377	357	0.121824
2812	685.621	359	0.122507
2813	685.865	330	0.112611
2814	686.108	345	0.117729
2815	686.352	342	0.116706
2816	686.596	296	0.101008
2817	686.840	341	0.116364
2818	687.084	337	0.114999
2819	687.328	337	0.114999
2820	687.572	332	0.113293
2821	687.815	365	0.124554
2822	688.059	323	0.110222
2823	688.303	353	0.120459
2824	688.547	332	0.113293
2825	688.791	331	0.112952
2826	689.035	348	0.118753
2827	689.279	326	0.111246
2828	689.523	357	0.121824
2829	689.766	376	0.128308
2830	690.010	362	0.123531
2831	690.254	359	0.122507
2832	690.498	364	0.124213
2833	690.742	352	0.120118
2834	690.986	347	0.118412
2835	691.230	346	0.118071
2836	691.473	356	0.121483
2837	691.717	349	0.119094
2838	691.961	342	0.116706
2839	692.205	338	0.115341
2840	692.449	329	0.112269
2841	692.693	368	0.125578
2842	692.937	348	0.118753
2843	693.180	340	0.116023
2844	693.424	364	0.124213
2845	693.668	331	0.112952
2846	693.912	355	0.121142
2847	694.156	308	0.105103
2848	694.400	331	0.112952
2849	694.644	352	0.120118
2850	694.888	375	0.127967
2851	695.131	359	0.122507
2852	695.375	341	0.116364
2853	695.619	335	0.114317
2854	695.863	357	0.121824
2855	696.107	322	0.109881
2856	696.351	380	0.129673
2857	696.595	313	0.10681
2858	696.838	310	0.105786
2859	697.082	357	0.121824
2860	697.326	332	0.113293
2861	697.570	328	0.111928
2862	697.814	317	0.108175
2863	698.058	302	0.103056
2864	698.302	302	0.103056
2865	698.545	330	0.112611
2866	698.789	331	0.112952
2867	699.033	297	0.10135
2868	699.277	339	0.115682
2869	699.521	345	0.117729
2870	699.765	289	0.0986197
2871	700.009	283	0.0965722
2872	700.253	267	0.0911123
2873	700.496	277	0.0945247
2874	700.740	319	0.108857
2875	700.984	299	0.102032
2876	701.228	297	0.10135
2877	701.472	247	0.0842874
2878	701.716	295	0.100667
2879	701.960	281	0.0958897
2880	702.203	298	0.101691
2881	702.447	265	0.0904298
2882	702.691	286	0.0975959
2883	702.935	262	0.0894061
2884	703.179	271	0.0924773
2885	703.423	237	0.080875
2886	703.667	261	0.0890648
2887	703.911	245	0.0836049
2888	704.154	271	0.0924773
2889	704.398	239	0.0815574
2890	704.642	254	0.0866761
2891	704.886	250	0.0853111
2892	705.130	246	0.0839462
2893	705.374	235	0.0801925
2894	705.618	262	0.0894061
2895	705.861	217	0.0740501
2896	706.105	246	0.0839462
2897	706.349	243	0.0829224
2898	706.593	259	0.0883823
2899	706.837	273	0.0931598
2900	707.081	257	0.0876998
2901	707.325	241	0.0822399
2902	707.568	267	0.0911123
2903	707.812	249	0.0849699
2904	708.056	250	0.0853111
2905	708.300	230	0.0784862
2906	708.544	239	0.0815574
2907	708.788	243	0.0829224
2908	709.032	245	0.0836049
2909	709.276	242	0.0825812
2910	709.519	224	0.0764388
2911	709.763	244	0.0832637
2912	710.007	220	0.0750738
2913	710.251	226	0.0771213
2914	710.495	211	0.0720026
2915	710.739	237	0.080875
2916	710.983	242	0.0825812
2917	711.226	244	0.0832637
2918	711.470	225	0.07678
2919	711.714	220	0.0750738
2920	711.958	233	0.07951
2921	712.202	233	0.07951
2922	712.446	230	0.0784862
2923	712.690	222	0.0757563
2924	712.933	238	0.0812162
2925	713.177	241	0.0822399
2926	713.421	210	0.0716613
2927	713.665	233	0.07951
2928	713.909	223	0.0760975
2929	714.153	209	0.0713201
2930	714.397	217	0.0740501
2931	714.641	221	0.075415
2932	714.884	219	0.0747325
2933	715.128	205	0.0699551
2934	715.372	233	0.07951
2935	715.616	236	0.0805337
2936	715.860	223	0.0760975
2937	716.104	215	0.0733676
2938	716.348	230	0.0784862
2939	716.591	262	0.0894061
2940	716.835	235	0.0801925
2941	717.079	249	0.0849699
2942	717.323	229	0.078145
2943	717.567	229	0.078145
2944	717.811	235	0.0801925
2945	718.055	253	0.0863349
2946	718.299	221	0.075415
2947	718.542	219	0.0747325
2948	718.786	195	0.0665427
2949	719.030	216	0.0737088
2950	719.274	232	0.0791687
2951	719.518	226	0.0771213
2952	719.762	232	0.0791687
2953	720.006	232	0.0791687
2954	720.249	203	0.0692726
2955	720.493	220	0.0750738
2956	720.737	221	0.075415
2957	720.981	199	0.0679077
2958	721.225	222	0.0757563
2959	721.469	204	0.0696139
2960	721.713	227	0.0774625
2961	721.956	200	0.0682489
2962	722.200	236	0.0805337
2963	722.444	237	0.080875
2964	722.688	227	0.0774625
2965	722.932	260	0.0887236
2966	723.176	227	0.0774625
2967	723.420	247	0.0842874
2968	723.664	208	0.0709789
2969	723.907	207	0.0706376
2970	724.151	238	0.0812162
2971	724.395	202	0.0689314
2972	724.639	202	0.0689314
2973	724.883	226	0.0771213
2974	725.127	225	0.07678
2975	725.371	209	0.0713201
2976	725.614	227	0.0774625
2977	725.858	219	0.0747325
2978	726.102	216	0.0737088
2979	726.346	239	0.0815574
2980	726.590	202	0.0689314
2981	726.834	209	0.0713201
2982	727.078	214	0.0730263
2983	727.322	218	0.0743913
2984	727.565	204	0.0696139
2985	727.809	230	0.0784862
2986	728.053	180	0.061424
2987	728.297	217	0.0740501
2988	728.541	207	0.0706376
2989	728.785	195	0.0665427
2990	729.029	220	0.0750738
2991	729.272	202	0.0689314
2992	729.516	220	0.0750738
2993	729.760	201	0.0685901
2994	730.004	200	0.0682489
2995	730.248	217	0.0740501
2996	730.492	253	0.0863349
2997	730.736	207	0.0706376
2998	730.979	219	0.0747325
2999	731.223	210	0.0716613
3000	731.467	188	0.064154
3001	731.711	220	0.0750738
3002	731.955	229	0.078145
3003	732.199	227	0.0774625
3004	732.443	194	0.0662014
3005	732.687	212	0.0723438
3006	732.930	204	0.0696139
3007	733.174	224	0.0764388
3008	733.418	215	0.0733676
3009	733.662	210	0.0716613
3010	733.906	222	0.0757563
3011	734.150	196	0.0668839
3012	734.394	206	0.0702964
3013	734.637	215	0.0733676
3014	734.881	206	0.0702964
3015	735.125	212	0.0723438
3016	735.369	221	0.075415
3017	735.613	220	0.0750738
3018	735.857	195	0.0665427
3019	736.101	194	0.0662014
3020	736.344	231	0.0788275
3021	736.588	214	0.0730263
3022	736.832	214	0.0730263
3023	737.076	214	0.0730263
3024	737.320	232	0.0791687
3025	737.564	231	0.0788275
3026	737.808	214	0.0730263
3027	738.052	205	0.0699551
3028	738.295	200	0.0682489
3029	738.539	179	0.0610828
3030	738.783	191	0.0651777
3031	739.027	210	0.0716613
3032	739.271	181	0.0617653
3033	739.515	213	0.0726851
3034	739.759	195	0.0665427
3035	740.002	215	0.0733676
3036	740.246	178	0.0607415
3037	740.490	227	0.0774625
3038	740.734	203	0.0692726
3039	740.978	215	0.0733676
3040	741.222	208	0.0709789
3041	741.466	191	0.0651777
3042	741.710	217	0.0740501
3043	741.953	200	0.0682489
3044	742.197	194	0.0662014
3045	742.441	202	0.0689314
3046	742.685	189	0.0644952
3047	742.929	185	0.0631302
3048	743.173	182	0.0621065
3049	743.417	193	0.0658602
3050	743.660	191	0.0651777
3051	743.904	227	0.0774625
3052	744.148	197	0.0672252
3053	744.392	178	0.0607415
3054	744.636	160	0.0545991
3055	744.880	206	0.0702964
3056	745.124	193	0.0658602
3057	745.367	185	0.0631302
3058	745.611	208	0.0709789
3059	745.855	192	0.0655189
3060	746.099	215	0.0733676
3061	746.343	187	0.0638127
3062	746.587	220	0.0750738
3063	746.831	195	0.0665427
3064	747.075	178	0.0607415
3065	747.318	201	0.0685901
3066	747.562	210	0.0716613
3067	747.806	171	0.0583528
3068	748.050	207	0.0706376
3069	748.294	185	0.0631302
3070	748.538	202	0.0689314
3071	748.782	195	0.0665427
3072	749.025	180	0.061424
3073	749.269	188	0.064154
3074	749.513	216	0.0737088
3075	749.757	200	0.0682489
3076	750.001	209	0.0713201
3077	750.245	182	0.0621065
3078	750.489	178	0.0607415
3079	750.732	195	0.0665427
3080	750.976	193	0.0658602
3081	751.220	208	0.0709789
3082	751.464	198	0.0675664
3083	751.708	221	0.075415
3084	751.952	194	0.0662014
3085	752.196	170	0.0580116
3086	752.440	194	0.0662014
3087	752.683	214	0.0730263
3088	752.927	188	0.064154
3089	753.171	214	0.0730263
3090	753.415	188	0.064154
3091	753.659	171	0.0583528
3092	753.903	175	0.0597178
3093	754.147	172	0.0586941
3094	754.390	179	0.0610828
3095	754.634	214	0.0730263
3096	754.878	198	0.0675664
3097	755.122	202	0.0689314
3098	755.366	183	0.0624477
3099	755.610	213	0.0726851
3100	755.854	181	0.0617653
3101	756.098	186	0.0634715
3102	756.341	217	0.0740501
3103	756.585	197	0.0672252
3104	756.829	210	0.0716613
3105	757.073	154	0.0525517
3106	757.317	168	0.0573291
3107	757.561	182	0.0621065
3108	757.805	189	0.0644952
3109	758.048	179	0.0610828
3110	758.292	195	0.0665427
3111	758.536	200	0.0682489
3112	758.780	172	0.0586941
3113	759.024	176	0.060059
3114	759.268	161	0.0549404
3115	759.512	179	0.0610828
3116	759.755	173	0.0590353
3117	759.999	192	0.0655189
3118	760.243	188	0.064154
3119	760.487	175	0.0597178
3120	760.731	157	0.0535754
3121	760.975	175	0.0597178
3122	761.219	196	0.0668839
3123	761.463	167	0.0569878
3124	761.706	189	0.0644952
3125	761.950	174	0.0593765
3126	762.194	165	0.0563053
3127	762.438	198	0.0675664
3128	762.682	206	0.0702964
3129	762.926	183	0.0624477
3130	763.170	175	0.0597178
3131	763.413	172	0.0586941
3132	763.657	168	0.0573291
3133	763.901	195	0.0665427
3134	764.145	191	0.0651777
3135	764.389	180	0.061424
3136	764.633	185	0.0631302
3137	764.877	209	0.0713201
3138	765.121	163	0.0556229
3139	765.364	202	0.0689314
3140	765.608	159	0.0542579
3141	765.852	173	0.0590353
3142	766.096	181	0.0617653
3143	766.340	138	0.0470917
3144	766.584	190	0.0648365
3145	766.828	181	0.0617653
3146	767.071	170	0.0580116
3147	767.315	175	0.0597178
3148	767.559	167	0.0569878
3149	767.803	174	0.0593765
3150	768.047	186	0.0634715
3151	768.291	172	0.0586941
3152	768.535	170	0.0580116
3153	768.778	168	0.0573291
3154	769.022	174	0.0593765
3155	769.266	184	0.062789
3156	769.510	153	0.0522104
3157	769.754	168	0.0573291
3158	769.998	157	0.0535754
3159	770.242	147	0.0501629
3160	770.486	152	0.0518692
3161	770.729	165	0.0563053
3162	770.973	170	0.0580116
3163	771.217	153	0.0522104
3164	771.461	166	0.0566466
3165	771.705	165	0.0563053
3166	771.949	171	0.0583528
3167	772.193	216	0.0737088
3168	772.436	170	0.0580116
3169	772.680	165	0.0563053
3170	772.924	201	0.0685901
3171	773.168	169	0.0576703
3172	773.412	148	0.0505042
3173	773.656	170	0.0580116
3174	773.900	194	0.0662014
3175	774.143	177	0.0604003
3176	774.387	173	0.0590353
3177	774.631	169	0.0576703
3178	774.875	178	0.0607415
3179	775.119	157	0.0535754
3180	775.363	163	0.0556229
3181	775.607	161	0.0549404
3182	775.851	185	0.0631302
3183	776.094	164	0.0559641
3184	776.338	181	0.0617653
3185	776.582	162	0.0552816
3186	776.826	182	0.0621065
3187	777.070	156	0.0532341
3188	777.314	165	0.0563053
3189	777.558	171	0.0583528
3190	777.801	158	0.0539166
3191	778.045	161	0.0549404
3192	778.289	140	0.0477742
3193	778.533	164	0.0559641
3194	778.777	152	0.0518692
3195	779.021	154	0.0525517
3196	779.265	160	0.0545991
3197	779.509	165	0.0563053
3198	779.752	184	0.062789
3199	779.996	166	0.0566466
3200	780.240	192	0.0655189
3201	780.484	147	0.0501629
3202	780.728	163	0.0556229
3203	780.972	164	0.0559641
3204	781.216	161	0.0549404
3205	781.459	173	0.0590353
3206	781.703	154	0.0525517
3207	781.947	179	0.0610828
3208	782.191	143	0.048798
3209	782.435	171	0.0583528
3210	782.679	148	0.0505042
3211	782.923	173	0.0590353
3212	783.166	146	0.0498217
3213	783.410	166	0.0566466
3214	783.654	166	0.0566466
3215	783.898	162	0.0552816
3216	784.142	140	0.0477742
3217	784.386	163	0.0556229
3218	784.630	157	0.0535754
3219	784.874	152	0.0518692
3220	785.117	160	0.0545991
3221	785.361	155	0.0528929
3222	785.605	169	0.0576703
3223	785.849	192	0.0655189
3224	786.093	147	0.0501629
3225	786.337	157	0.0535754
3226	786.581	135	0.046068
3227	786.824	162	0.0552816
3228	787.068	146	0.0498217
3229	787.312	175	0.0597178
3230	787.556	159	0.0542579
3231	787.800	185	0.0631302
3232	788.044	177	0.0604003
3233	788.288	156	0.0532341
3234	788.531	156	0.0532341
3235	788.775	166	0.0566466
3236	789.019	151	0.0515279
3237	789.263	151	0.0515279
3238	789.507	165	0.0563053
3239	789.751	145	0.0494805
3240	789.995	153	0.0522104
3241	790.239	144	0.0491392
3242	790.482	155	0.0528929
3243	790.726	172	0.0586941
3244	790.970	164	0.0559641
3245	791.214	162	0.0552816
3246	791.458	160	0.0545991
3247	791.702	164	0.0559641
3248	791.946	154	0.0525517
3249	792.189	176	0.060059
3250	792.433	140	0.0477742
3251	792.677	172	0.0586941
3252	792.921	167	0.0569878
3253	793.165	160	0.0545991
3254	793.409	144	0.0491392
3255	793.653	151	0.0515279
3256	793.897	150	0.0511867
3257	794.140	150	0.0511867
3258	794.384	146	0.0498217
3259	794.628	166	0.0566466
3260	794.872	142	0.0484567
3261	795.116	179	0.0610828
3262	795.360	148	0.0505042
3263	795.604	155	0.0528929
3264	795.847	153	0.0522104
3265	796.091	135	0.046068
3266	796.335	159	0.0542579
3267	796.579	146	0.0498217
3268	796.823	139	0.047433
3269	797.067	141	0.0481155
3270	797.311	155	0.0528929
3271	797.554	132	0.0450443
3272	797.798	149	0.0508454
3273	798.042	143	0.048798
3274	798.286	154	0.0525517
3275	798.530	146	0.0498217
3276	798.774	129	0.0440205
3277	799.018	130	0.0443618
3278	799.262	146	0.0498217
3279	799.505	157	0.0535754
3280	799.749	147	0.0501629
3281	799.993	157	0.0535754
3282	800.237	173	0.0590353
3283	800.481	132	0.0450443
3284	800.725	153	0.0522104
3285	800.969	145	0.0494805
3286	801.212	135	0.046068
3287	801.456	145	0.0494805
3288	801.700	149	0.0508454
3289	801.944	148	0.0505042
3290	802.188	131	0.044703
3291	802.432	163	0.0556229
3292	802.676	138	0.0470917
3293	802.919	159	0.0542579
3294	803.163	130	0.0443618
3295	803.407	147	0.0501629
3296	803.651	134	0.0457268
3297	803.895	125	0.0426556
3298	804.139	157	0.0535754
3299	804.383	145	0.0494805
3300	804.627	140	0.0477742
3301	804.870	157	0.0535754
3302	805.114	160	0.0545991
3303	805.358	158	0.0539166
3304	805.602	137	0.0467505
3305	805.846	155	0.0528929
3306	806.090	156	0.0532341
3307	806.334	133	0.0453855
3308	806.577	122	0.0416318
3309	806.821	136	0.0464093
3310	807.065	123	0.0419731
3311	807.309	142	0.0484567
3312	807.553	143	0.048798
3313	807.797	163	0.0556229
3314	808.041	129	0.0440205
3315	808.285	164	0.0559641
3316	808.528	148	0.0505042
3317	808.772	159	0.0542579
3318	809.016	126	0.0429968
3319	809.260	141	0.0481155
3320	809.504	162	0.0552816
3321	809.748	129	0.0440205
3322	809.992	145	0.0494805
3323	810.235	144	0.0491392
3324	810.479	132	0.0450443
3325	810.723	160	0.0545991
3326	810.967	175	0.0597178
3327	811.211	157	0.0535754
3328	811.455	155	0.0528929
3329	811.699	136	0.0464093
3330	811.942	125	0.0426556
3331	812.186	171	0.0583528
3332	812.430	163	0.0556229
3333	812.674	129	0.0440205
3334	812.918	152	0.0518692
3335	813.162	185	0.0631302
3336	813.406	217	0.0740501
3337	813.650	216	0.0737088
3338	813.893	267	0.0911123
3339	814.137	295	0.100667
3340	814.381	374	0.127625
3341	814.625	386	0.13172
3342	814.869	440	0.150148
3343	815.113	376	0.128308
3344	815.357	376	0.128308
3345	815.600	291	0.0993022
3346	815.844	239	0.0815574
3347	816.088	233	0.07951
3348	816.332	216	0.0737088
3349	816.576	168	0.0573291
3350	816.820	156	0.0532341
3351	817.064	146	0.0498217
3352	817.308	156	0.0532341
3353	817.551	133	0.0453855
3354	817.795	144	0.0491392
3355	818.039	147	0.0501629
3356	818.283	160	0.0545991
3357	818.527	149	0.0508454
3358	818.771	148	0.0505042
3359	819.015	170	0.0580116
3360	819.258	143	0.048798
3361	819.502	133	0.0453855
3362	819.746	151	0.0515279
3363	819.990	172	0.0586941
3364	820.234	155	0.0528929
3365	820.478	172	0.0586941
3366	820.722	129	0.0440205
3367	820.965	149	0.0508454
3368	821.209	152	0.0518692
3369	821.453	169	0.0576703
3370	821.697	153	0.0522104
3371	821.941	145	0.0494805
3372	822.185	156	0.0532341
3373	822.429	147	0.0501629
3374	822.673	181	0.0617653
3375	822.916	172	0.0586941
3376	823.160	165	0.0563053
3377	823.404	159	0.0542579
3378	823.648	146	0.0498217
3379	823.892	148	0.0505042
3380	824.136	167	0.0569878
3381	824.380	148	0.0505042
3382	824.623	139	0.047433
3383	824.867	179	0.0610828
3384	825.111	148	0.0505042
3385	825.355	157	0.0535754
3386	825.599	150	0.0511867
3387	825.843	161	0.0549404
3388	826.087	155	0.0528929
3389	826.330	139	0.047433
3390	826.574	164	0.0559641
3391	826.818	141	0.0481155
3392	827.062	130	0.0443618
3393	827.306	150	0.0511867
3394	827.550	147	0.0501629
3395	827.794	136	0.0464093
3396	828.038	143	0.048798
3397	828.281	173	0.0590353
3398	828.525	156	0.0532341
3399	828.769	143	0.048798
3400	829.013	133	0.0453855
3401	829.257	156	0.0532341
3402	829.501	145	0.0494805
3403	829.745	199	0.0679077
3404	829.988	146	0.0498217
3405	830.232	162	0.0552816
3406	830.476	149	0.0508454
3407	830.720	146	0.0498217
3408	830.964	135	0.046068
3409	831.208	137	0.0467505
3410	831.452	164	0.0559641
3411	831.696	148	0.0505042
3412	831.939	170	0.0580116
3413	832.183	134	0.0457268
3414	832.427	159	0.0542579
3415	832.671	136	0.0464093
3416	832.915	143	0.048798
3417	833.159	154	0.0525517
3418	833.403	135	0.046068
3419	833.646	158	0.0539166
3420	833.890	149	0.0508454
3421	834.134	171	0.0583528
3422	834.378	138	0.0470917
3423	834.622	157	0.0535754
3424	834.866	127	0.0433381
3425	835.110	164	0.0559641
3426	835.353	139	0.047433
3427	835.597	162	0.0552816
3428	835.841	156	0.0532341
3429	836.085	145	0.0494805
3430	836.329	155	0.0528929
3431	836.573	140	0.0477742
3432	836.817	156	0.0532341
3433	837.061	157	0.0535754
3434	837.304	164	0.0559641
3435	837.548	141	0.0481155
3436	837.792	122	0.0416318
3437	838.036	146	0.0498217
3438	838.280	150	0.0511867
3439	838.524	145	0.0494805
3440	838.768	147	0.0501629
3441	839.011	147	0.0501629
3442	839.255	148	0.0505042
3443	839.499	168	0.0573291
3444	839.743	171	0.0583528
3445	839.987	151	0.0515279
3446	840.231	167	0.0569878
3447	840.475	135	0.046068
3448	840.718	162	0.0552816
3449	840.962	137	0.0467505
3450	841.206	138	0.0470917
3451	841.450	139	0.047433
3452	841.694	149	0.0508454
3453	841.938	155	0.0528929
3454	842.182	154	0.0525517
3455	842.426	167	0.0569878
3456	842.669	156	0.0532341
3457	842.913	173	0.0590353
3458	843.157	168	0.0573291
3459	843.401	145	0.0494805
3460	843.645	127	0.0433381
3461	843.889	158	0.0539166
3462	844.133	151	0.0515279
3463	844.376	161	0.0549404
3464	844.620	146	0.0498217
3465	844.864	161	0.0549404
3466	845.108	121	0.0412906
3467	845.352	165	0.0563053
3468	845.596	145	0.0494805
3469	845.840	139	0.047433
3470	846.084	153	0.0522104
3471	846.327	155	0.0528929
3472	846.571	131	0.044703
3473	846.815	146	0.0498217
3474	847.059	169	0.0576703
3475	847.303	146	0.0498217
3476	847.547	151	0.0515279
3477	847.791	137	0.0467505
3478	848.034	178	0.0607415
3479	848.278	138	0.0470917
3480	848.522	145	0.0494805
3481	848.766	160	0.0545991
3482	849.010	156	0.0532341
3483	849.254	164	0.0559641
3484	849.498	148	0.0505042
3485	849.741	145	0.0494805
3486	849.985	162	0.0552816
3487	850.229	146	0.0498217
3488	850.473	169	0.0576703
3489	850.717	149	0.0508454
3490	850.961	153	0.0522104
3491	851.205	168	0.0573291
3492	851.449	150	0.0511867
3493	851.692	165	0.0563053
3494	851.936	158	0.0539166
3495	852.180	155	0.0528929
3496	852.424	153	0.0522104
3497	852.668	143	0.048798
3498	852.912	132	0.0450443
3499	853.156	171	0.0583528
3500	853.399	142	0.0484567
3501	853.643	160	0.0545991
3502	853.887	171	0.0583528
3503	854.131	158	0.0539166
3504	854.375	163	0.0556229
3505	854.619	142	0.0484567
3506	854.863	181	0.0617653
3507	855.106	162	0.0552816
3508	855.350	167	0.0569878
3509	855.594	152	0.0518692
3510	855.838	149	0.0508454
3511	856.082	150	0.0511867
3512	856.326	153	0.0522104
3513	856.570	156	0.0532341
3514	856.814	161	0.0549404
3515	857.057	162	0.0552816
3516	857.301	133	0.0453855
3517	857.545	162	0.0552816
3518	857.789	145	0.0494805
3519	858.033	171	0.0583528
3520	858.277	152	0.0518692
3521	858.521	133	0.0453855
3522	858.764	158	0.0539166
3523	859.008	133	0.0453855
3524	859.252	142	0.0484567
3525	859.496	174	0.0593765
3526	859.740	180	0.061424
3527	859.984	161	0.0549404
3528	860.228	147	0.0501629
3529	860.472	148	0.0505042
3530	860.715	167	0.0569878
3531	860.959	154	0.0525517
3532	861.203	150	0.0511867
3533	861.447	157	0.0535754
3534	861.691	143	0.048798
3535	861.935	150	0.0511867
3536	862.179	140	0.0477742
3537	862.422	144	0.0491392
3538	862.666	149	0.0508454
3539	862.910	151	0.0515279
3540	863.154	146	0.0498217
3541	863.398	148	0.0505042
3542	863.642	157	0.0535754
3543	863.886	151	0.0515279
3544	864.129	155	0.0528929
3545	864.373	184	0.062789
3546	864.617	144	0.0491392
3547	864.861	146	0.0498217
3548	865.105	137	0.0467505
3549	865.349	174	0.0593765
3550	865.593	141	0.0481155
3551	865.837	141	0.0481155
3552	866.080	155	0.0528929
3553	866.324	149	0.0508454
3554	866.568	136	0.0464093
3555	866.812	170	0.0580116
3556	867.056	152	0.0518692
3557	867.300	132	0.0450443
3558	867.544	153	0.0522104
3559	867.787	163	0.0556229
3560	868.031	149	0.0508454
3561	868.275	173	0.0590353
3562	868.519	158	0.0539166
3563	868.763	165	0.0563053
3564	869.007	151	0.0515279
3565	869.251	155	0.0528929
3566	869.495	154	0.0525517
3567	869.738	162	0.0552816
3568	869.982	168	0.0573291
3569	870.226	136	0.0464093
3570	870.470	170	0.0580116
3571	870.714	159	0.0542579
3572	870.958	159	0.0542579
3573	871.202	164	0.0559641
3574	871.445	182	0.0621065
3575	871.689	162	0.0552816
3576	871.933	140	0.0477742
3577	872.177	169	0.0576703
3578	872.421	167	0.0569878
3579	872.665	155	0.0528929
3580	872.909	135	0.046068
3581	873.152	173	0.0590353
3582	873.396	146	0.0498217
3583	873.640	165	0.0563053
3584	873.884	156	0.0532341
3585	874.128	157	0.0535754
3586	874.372	166	0.0566466
3587	874.616	150	0.0511867
3588	874.860	167	0.0569878
3589	875.103	169	0.0576703
3590	875.347	143	0.048798
3591	875.591	141	0.0481155
3592	875.835	151	0.0515279
3593	876.079	160	0.0545991
3594	876.323	173	0.0590353
3595	876.567	160	0.0545991
3596	876.810	176	0.060059
3597	877.054	157	0.0535754
3598	877.298	155	0.0528929
3599	877.542	164	0.0559641
3600	877.786	149	0.0508454
3601	878.030	142	0.0484567
3602	878.274	175	0.0597178
3603	878.517	173	0.0590353
3604	878.761	157	0.0535754
3605	879.005	153	0.0522104
3606	879.249	173	0.0590353
3607	879.493	167	0.0569878
3608	879.737	154	0.0525517
3609	879.981	155	0.0528929
3610	880.225	167	0.0569878
3611	880.468	154	0.0525517
3612	880.712	165	0.0563053
3613	880.956	170	0.0580116
3614	881.200	172	0.0586941
3615	881.444	171	0.0583528
3616	881.688	163	0.0556229
3617	881.932	147	0.0501629
3618	882.175	167	0.0569878
3619	882.419	145	0.0494805
3620	882.663	143	0.048798
3621	882.907	158	0.0539166
3622	883.151	158	0.0539166
3623	883.395	162	0.0552816
3624	883.639	157	0.0535754
3625	883.883	153	0.0522104
3626	884.126	161	0.0549404
3627	884.370	168	0.0573291
3628	884.614	177	0.0604003
3629	884.858	159	0.0542579
3630	885.102	165	0.0563053
3631	885.346	162	0.0552816
3632	885.590	169	0.0576703
3633	885.833	167	0.0569878
3634	886.077	161	0.0549404
3635	886.321	173	0.0590353
3636	886.565	173	0.0590353
3637	886.809	177	0.0604003
3638	887.053	155	0.0528929
3639	887.297	143	0.048798
3640	887.540	169	0.0576703
3641	887.784	175	0.0597178
3642	888.028	172	0.0586941
3643	888.272	166	0.0566466
3644	888.516	169	0.0576703
3645	888.760	170	0.0580116
3646	889.004	148	0.0505042
3647	889.248	166	0.0566466
3648	889.491	191	0.0651777
3649	889.735	173	0.0590353
3650	889.979	170	0.0580116
3651	890.223	167	0.0569878
3652	890.467	179	0.0610828
3653	890.711	160	0.0545991
3654	890.955	188	0.064154
3655	891.198	160	0.0545991
3656	891.442	155	0.0528929
3657	891.686	151	0.0515279
3658	891.930	156	0.0532341
3659	892.174	167	0.0569878
3660	892.418	166	0.0566466
3661	892.662	145	0.0494805
3662	892.905	172	0.0586941
3663	893.149	161	0.0549404
3664	893.393	153	0.0522104
3665	893.637	151	0.0515279
3666	893.881	173	0.0590353
3667	894.125	175	0.0597178
3668	894.369	180	0.061424
3669	894.613	161	0.0549404
3670	894.856	172	0.0586941
3671	895.100	177	0.0604003
3672	895.344	167	0.0569878
3673	895.588	187	0.0638127
3674	895.832	174	0.0593765
3675	896.076	188	0.064154
3676	896.320	236	0.0805337
3677	896.563	334	0.113976
3678	896.807	492	0.167892
3679	897.051	920	0.313945
3680	897.295	1446	0.49344
3681	897.539	2479	0.845945
3682	897.783	3859	1.31686
3683	898.027	5772	1.96966
3684	898.271	7984	2.7245
3685	898.514	9933	3.38958
3686	898.758	11308	3.85879
3687	899.002	12000	4.09493
3688	899.246	11459	3.91032
3689	899.490	9968	3.40153
3690	899.734	7989	2.7262
3691	899.978	5682	1.93895
3692	900.221	3926	1.33973
3693	900.465	2290	0.78145
3694	900.709	1376	0.469552
3695	900.953	752	0.256616
3696	901.197	441	0.150489
3697	901.441	260	0.0887236
3698	901.685	190	0.0648365
3699	901.928	221	0.075415
3700	902.172	193	0.0658602
3701	902.416	205	0.0699551
3702	902.660	215	0.0733676
3703	902.904	173	0.0590353
3704	903.148	216	0.0737088
3705	903.392	196	0.0668839
3706	903.636	222	0.0757563
3707	903.879	201	0.0685901
3708	904.123	208	0.0709789
3709	904.367	205	0.0699551
3710	904.611	205	0.0699551
3711	904.855	193	0.0658602
3712	905.099	170	0.0580116
3713	905.343	185	0.0631302
3714	905.586	203	0.0692726
3715	905.830	182	0.0621065
3716	906.074	197	0.0672252
3717	906.318	193	0.0658602
3718	906.562	178	0.0607415
3719	906.806	168	0.0573291
3720	907.050	177	0.0604003
3721	907.293	187	0.0638127
3722	907.537	179	0.0610828
3723	907.781	182	0.0621065
3724	908.025	170	0.0580116
3725	908.269	194	0.0662014
3726	908.513	193	0.0658602
3727	908.757	195	0.0665427
3728	909.001	179	0.0610828
3729	909.244	187	0.0638127
3730	909.488	188	0.064154
3731	909.732	179	0.0610828
3732	909.976	209	0.0713201
3733	910.220	197	0.0672252
3734	910.464	198	0.0675664
3735	910.708	202	0.0689314
3736	910.951	169	0.0576703
3737	911.195	207	0.0706376
3738	911.439	245	0.0836049
3739	911.683	217	0.0740501
3740	911.927	271	0.0924773
3741	912.171	266	0.090771
3742	912.415	327	0.111587
3743	912.659	359	0.122507
3744	912.902	425	0.145029
3745	913.146	396	0.135133
3746	913.390	404	0.137863
3747	913.634	373	0.127284
3748	913.878	350	0.119436
3749	914.122	284	0.0969134
3750	914.366	279	0.0952072
3751	914.609	280	0.0955485
3752	914.853	252	0.0859936
3753	915.097	264	0.0900886
3754	915.341	230	0.0784862
3755	915.585	209	0.0713201
3756	915.829	230	0.0784862
3757	916.073	191	0.0651777
3758	916.316	173	0.0590353
3759	916.560	191	0.0651777
3760	916.804	162	0.0552816
3761	917.048	183	0.0624477
3762	917.292	198	0.0675664
3763	917.536	200	0.0682489
3764	917.780	178	0.0607415
3765	918.024	203	0.0692726
3766	918.267	213	0.0726851
3767	918.511	209	0.0713201
3768	918.755	163	0.0556229
3769	918.999	187	0.0638127
3770	919.243	168	0.0573291
3771	919.487	178	0.0607415
3772	919.731	171	0.0583528
3773	919.974	200	0.0682489
3774	920.218	157	0.0535754
3775	920.462	181	0.0617653
3776	920.706	186	0.0634715
3777	920.950	201	0.0685901
3778	921.194	191	0.0651777
3779	921.438	194	0.0662014
3780	921.682	181	0.0617653
3781	921.925	182	0.0621065
3782	922.169	191	0.0651777
3783	922.413	172	0.0586941
3784	922.657	176	0.060059
3785	922.901	173	0.0590353
3786	923.145	172	0.0586941
3787	923.389	180	0.061424
3788	923.632	184	0.062789
3789	923.876	178	0.0607415
3790	924.120	163	0.0556229
3791	924.364	154	0.0525517
3792	924.608	193	0.0658602
3793	924.852	184	0.062789
3794	925.096	190	0.0648365
3795	925.339	191	0.0651777
3796	925.583	195	0.0665427
3797	925.827	168	0.0573291
3798	926.071	190	0.0648365
3799	926.315	168	0.0573291
3800	926.559	185	0.0631302
3801	926.803	167	0.0569878
3802	927.047	188	0.064154
3803	927.290	169	0.0576703
3804	927.534	172	0.0586941
3805	927.778	199	0.0679077
3806	928.022	190	0.0648365
3807	928.266	199	0.0679077
3808	928.510	140	0.0477742
3809	928.754	192	0.0655189
3810	928.997	177	0.0604003
3811	929.241	193	0.0658602
3812	929.485	173	0.0590353
3813	929.729	204	0.0696139
3814	929.973	192	0.0655189
3815	930.217	192	0.0655189
3816	930.461	172	0.0586941
3817	930.704	175	0.0597178
3818	930.948	176	0.060059
3819	931.192	173	0.0590353
3820	931.436	190	0.0648365
3821	931.680	194	0.0662014
3822	931.924	198	0.0675664
3823	932.168	175	0.0597178
3824	932.412	193	0.0658602
3825	932.655	180	0.061424
3826	932.899	171	0.0583528
3827	933.143	195	0.0665427
3828	933.387	206	0.0702964
3829	933.631	185	0.0631302
3830	933.875	173	0.0590353
3831	934.119	167	0.0569878
3832	934.362	184	0.062789
3833	934.606	183	0.0624477
3834	934.850	166	0.0566466
3835	935.094	189	0.0644952
3836	935.338	184	0.062789
3837	935.582	195	0.0665427
3838	935.826	174	0.0593765
3839	936.070	176	0.060059
3840	936.313	178	0.0607415
3841	936.557	170	0.0580116
3842	936.801	187	0.0638127
3843	937.045	191	0.0651777
3844	937.289	210	0.0716613
3845	937.533	194	0.0662014
3846	937.777	162	0.0552816
3847	938.020	184	0.062789
3848	938.264	201	0.0685901
3849	938.508	216	0.0737088
3850	938.752	176	0.060059
3851	938.996	169	0.0576703
3852	939.240	169	0.0576703
3853	939.484	176	0.060059
3854	939.727	178	0.0607415
3855	939.971	171	0.0583528
3856	940.215	181	0.0617653
3857	940.459	199	0.0679077
3858	940.703	175	0.0597178
3859	940.947	158	0.0539166
3860	941.191	182	0.0621065
3861	941.435	186	0.0634715
3862	941.678	199	0.0679077
3863	941.922	156	0.0532341
3864	942.166	161	0.0549404
3865	942.410	182	0.0621065
3866	942.654	187	0.0638127
3867	942.898	204	0.0696139
3868	943.142	177	0.0604003
3869	943.385	193	0.0658602
3870	943.629	184	0.062789
3871	943.873	181	0.0617653
3872	944.117	187	0.0638127
3873	944.361	161	0.0549404
3874	944.605	197	0.0672252
3875	944.849	202	0.0689314
3876	945.092	191	0.0651777
3877	945.336	180	0.061424
3878	945.580	194	0.0662014
3879	945.824	200	0.0682489
3880	946.068	203	0.0692726
3881	946.312	176	0.060059
3882	946.556	191	0.0651777
3883	946.800	197	0.0672252
3884	947.043	200	0.0682489
3885	947.287	195	0.0665427
3886	947.531	182	0.0621065
3887	947.775	182	0.0621065
3888	948.019	193	0.0658602
3889	948.263	195	0.0665427
3890	948.507	167	0.0569878
3891	948.750	186	0.0634715
3892	948.994	171	0.0583528
3893	949.238	196	0.0668839
3894	949.482	176	0.060059
3895	949.726	200	0.0682489
3896	949.970	193	0.0658602
3897	950.214	209	0.0713201
3898	950.458	199	0.0679077
3899	950.701	185	0.0631302
3900	950.945	196	0.0668839
3901	951.189	201	0.0685901
3902	951.433	209	0.0713201
3903	951.677	210	0.0716613
3904	951.921	190	0.0648365
3905	952.165	179	0.0610828
3906	952.408	207	0.0706376
3907	952.652	193	0.0658602
3908	952.896	193	0.0658602
3909	953.140	192	0.0655189
3910	953.384	202	0.0689314
3911	953.628	200	0.0682489
3912	953.872	216	0.0737088
3913	954.115	185	0.0631302
3914	954.359	189	0.0644952
3915	954.603	194	0.0662014
3916	954.847	190	0.0648365
3917	955.091	196	0.0668839
3918	955.335	205	0.0699551
3919	955.579	176	0.060059
3920	955.823	198	0.0675664
3921	956.066	207	0.0706376
3922	956.310	179	0.0610828
3923	956.554	192	0.0655189
3924	956.798	204	0.0696139
3925	957.042	169	0.0576703
3926	957.286	215	0.0733676
3927	957.530	190	0.0648365
3928	957.773	178	0.0607415
3929	958.017	202	0.0689314
3930	958.261	174	0.0593765
3931	958.505	200	0.0682489
3932	958.749	188	0.064154
3933	958.993	208	0.0709789
3934	959.237	184	0.062789
3935	959.481	190	0.0648365
3936	959.724	173	0.0590353
3937	959.968	163	0.0556229
3938	960.212	175	0.0597178
3939	960.456	172	0.0586941
3940	960.700	160	0.0545991
3941	960.944	181	0.0617653
3942	961.188	213	0.0726851
3943	961.431	200	0.0682489
3944	961.675	179	0.0610828
3945	961.919	180	0.061424
3946	962.163	186	0.0634715
3947	962.407	191	0.0651777
3948	962.651	190	0.0648365
3949	962.895	167	0.0569878
3950	963.138	179	0.0610828
3951	963.382	169	0.0576703
3952	963.626	185	0.0631302
3953	963.870	185	0.0631302
3954	964.114	185	0.0631302
3955	964.358	171	0.0583528
3956	964.602	176	0.060059
3957	964.846	168	0.0573291
3958	965.089	189	0.0644952
3959	965.333	174	0.0593765
3960	965.577	193	0.0658602
3961	965.821	169	0.0576703
3962	966.065	163	0.0556229
3963	966.309	171	0.0583528
3964	966.553	174	0.0593765
3965	966.796	172	0.0586941
3966	967.040	158	0.0539166
3967	967.284	149	0.0508454
3968	967.528	171	0.0583528
3969	967.772	174	0.0593765
3970	968.016	155	0.0528929
3971	968.260	167	0.0569878
3972	968.503	156	0.0532341
3973	968.747	156	0.0532341
3974	968.991	175	0.0597178
3975	969.235	146	0.0498217
3976	969.479	150	0.0511867
3977	969.723	155	0.0528929
3978	969.967	130	0.0443618
3979	970.211	147	0.0501629
3980	970.454	179	0.0610828
3981	970.698	167	0.0569878
3982	970.942	160	0.0545991
3983	971.186	168	0.0573291
3984	971.430	147	0.0501629
3985	971.674	140	0.0477742
3986	971.918	168	0.0573291
3987	972.161	136	0.0464093
3988	972.405	138	0.0470917
3989	972.649	127	0.0433381
3990	972.893	156	0.0532341
3991	973.137	149	0.0508454
3992	973.381	139	0.047433
3993	973.625	140	0.0477742
3994	973.869	156	0.0532341
3995	974.112	158	0.0539166
3996	974.356	138	0.0470917
3997	974.600	151	0.0515279
3998	974.844	171	0.0583528
3999	975.088	146	0.0498217
4000	975.332	151	0.0515279
4001	975.576	159	0.0542579
4002	975.819	145	0.0494805
4003	976.063	158	0.0539166
4004	976.307	149	0.0508454
4005	976.551	135	0.046068
4006	976.795	169	0.0576703
4007	977.039	176	0.060059
4008	977.283	145	0.0494805
4009	977.526	165	0.0563053
4010	977.770	146	0.0498217
4011	978.014	152	0.0518692
4012	978.258	159	0.0542579
4013	978.502	159	0.0542579
4014	978.746	142	0.0484567
4015	978.990	162	0.0552816
4016	979.234	145	0.0494805
4017	979.477	159	0.0542579
4018	979.721	133	0.0453855
4019	979.965	147	0.0501629
4020	980.209	154	0.0525517
4021	980.453	142	0.0484567
4022	980.697	138	0.0470917
4023	980.941	150	0.0511867
4024	981.184	131	0.044703
4025	981.428	179	0.0610828
4026	981.672	157	0.0535754
4027	981.916	146	0.0498217
4028	982.160	146	0.0498217
4029	982.404	145	0.0494805
4030	982.648	122	0.0416318
4031	982.891	162	0.0552816
4032	983.135	140	0.0477742
4033	983.379	139	0.047433
4034	983.623	144	0.0491392
4035	983.867	139	0.047433
4036	984.111	144	0.0491392
4037	984.355	141	0.0481155
4038	984.599	161	0.0549404
4039	984.842	152	0.0518692
4040	985.086	148	0.0505042
4041	985.330	145	0.0494805
4042	985.574	147	0.0501629
4043	985.818	138	0.0470917
4044	986.062	153	0.0522104
4045	986.306	149	0.0508454
4046	986.549	165	0.0563053
4047	986.793	158	0.0539166
4048	987.037	154	0.0525517
4049	987.281	152	0.0518692
4050	987.525	184	0.062789
4051	987.769	144	0.0491392
4052	988.013	128	0.0436793
4053	988.257	163	0.0556229
4054	988.500	148	0.0505042
4055	988.744	140	0.0477742
4056	988.988	144	0.0491392
4057	989.232	126	0.0429968
4058	989.476	142	0.0484567
4059	989.720	135	0.046068
4060	989.964	172	0.0586941
4061	990.207	145	0.0494805
4062	990.451	146	0.0498217
4063	990.695	153	0.0522104
4064	990.939	155	0.0528929
4065	991.183	143	0.048798
4066	991.427	168	0.0573291
4067	991.671	138	0.0470917
4068	991.914	140	0.0477742
4069	992.158	136	0.0464093
4070	992.402	151	0.0515279
4071	992.646	127	0.0433381
4072	992.890	153	0.0522104
4073	993.134	150	0.0511867
4074	993.378	157	0.0535754
4075	993.622	158	0.0539166
4076	993.865	136	0.0464093
4077	994.109	156	0.0532341
4078	994.353	134	0.0457268
4079	994.597	143	0.048798
4080	994.841	130	0.0443618
4081	995.085	173	0.0590353
4082	995.329	128	0.0436793
4083	995.572	124	0.0423143
4084	995.816	130	0.0443618
4085	996.060	142	0.0484567
4086	996.304	145	0.0494805
4087	996.548	152	0.0518692
4088	996.792	157	0.0535754
4089	997.036	134	0.0457268
4090	997.279	138	0.0470917
4091	997.523	148	0.0505042
4092	997.767	149	0.0508454
4093	998.011	148	0.0505042
4094	998.255	129	0.0440205
4095	998.499	136	0.0464093
4096	998.743	135	0.046068
4097	998.987	137	0.0467505
4098	999.230	133	0.0453855
4099	999.474	142	0.0484567
4100	999.718	134	0.0457268
4101	999.962	142	0.0484567
4102	1000.206	133	0.0453855
4103	1000.450	122	0.0416318
4104	1000.694	167	0.0569878
4105	1000.937	132	0.0450443
4106	1001.181	153	0.0522104
4107	1001.425	125	0.0426556
4108	1001.669	169	0.0576703
4109	1001.913	123	0.0419731
4110	1002.157	123	0.0419731
4111	1002.401	143	0.048798
4112	1002.645	143	0.048798
4113	1002.888	143	0.048798
4114	1003.132	131	0.044703
4115	1003.376	134	0.0457268
4116	1003.620	132	0.0450443
4117	1003.864	167	0.0569878
4118	1004.108	129	0.0440205
4119	1004.352	131	0.044703
4120	1004.595	148	0.0505042
4121	1004.839	140	0.0477742
4122	1005.083	148	0.0505042
4123	1005.327	148	0.0505042
4124	1005.571	177	0.0604003
4125	1005.815	165	0.0563053
4126	1006.059	133	0.0453855
4127	1006.302	132	0.0450443
4128	1006.546	161	0.0549404
4129	1006.790	149	0.0508454
4130	1007.034	150	0.0511867
4131	1007.278	163	0.0556229
4132	1007.522	140	0.0477742
4133	1007.766	149	0.0508454
4134	1008.010	156	0.0532341
4135	1008.253	139	0.047433
4136	1008.497	160	0.0545991
4137	1008.741	137	0.0467505
4138	1008.985	121	0.0412906
4139	1009.229	128	0.0436793
4140	1009.473	128	0.0436793
4141	1009.717	139	0.047433
4142	1009.960	133	0.0453855
4143	1010.204	141	0.0481155
4144	1010.448	127	0.0433381
4145	1010.692	164	0.0559641
4146	1010.936	146	0.0498217
4147	1011.180	130	0.0443618
4148	1011.424	147	0.0501629
4149	1011.668	148	0.0505042
4150	1011.911	156	0.0532341
4151	1012.155	132	0.0450443
4152	1012.399	138	0.0470917
4153	1012.643	137	0.0467505
4154	1012.887	126	0.0429968
4155	1013.131	146	0.0498217
4156	1013.375	136	0.0464093
4157	1013.618	128	0.0436793
4158	1013.862	140	0.0477742
4159	1014.106	138	0.0470917
4160	1014.350	142	0.0484567
4161	1014.594	136	0.0464093
4162	1014.838	142	0.0484567
4163	1015.082	124	0.0423143
4164	1015.325	129	0.0440205
4165	1015.569	142	0.0484567
4166	1015.813	140	0.0477742
4167	1016.057	129	0.0440205
4168	1016.301	131	0.044703
4169	1016.545	132	0.0450443
4170	1016.789	130	0.0443618
4171	1017.033	103	0.0351482
4172	1017.276	134	0.0457268
4173	1017.520	162	0.0552816
4174	1017.764	151	0.0515279
4175	1018.008	136	0.0464093
4176	1018.252	123	0.0419731
4177	1018.496	146	0.0498217
4178	1018.740	151	0.0515279
4179	1018.983	116	0.0395844
4180	1019.227	146	0.0498217
4181	1019.471	127	0.0433381
4182	1019.715	155	0.0528929
4183	1019.959	135	0.046068
4184	1020.203	137	0.0467505
4185	1020.447	122	0.0416318
4186	1020.690	132	0.0450443
4187	1020.934	148	0.0505042
4188	1021.178	115	0.0392431
4189	1021.422	163	0.0556229
4190	1021.666	143	0.048798
4191	1021.910	156	0.0532341
4192	1022.154	139	0.047433
4193	1022.398	161	0.0549404
4194	1022.641	127	0.0433381
4195	1022.885	144	0.0491392
4196	1023.129	158	0.0539166
4197	1023.373	150	0.0511867
4198	1023.617	120	0.0409493
4199	1023.861	137	0.0467505
4200	1024.105	147	0.0501629
4201	1024.348	139	0.047433
4202	1024.592	126	0.0429968
4203	1024.836	147	0.0501629
4204	1025.080	127	0.0433381
4205	1025.324	144	0.0491392
4206	1025.568	145	0.0494805
4207	1025.812	157	0.0535754
4208	1026.056	147	0.0501629
4209	1026.299	119	0.0406081
4210	1026.543	126	0.0429968
4211	1026.787	137	0.0467505
4212	1027.031	165	0.0563053
4213	1027.275	115	0.0392431
4214	1027.519	130	0.0443618
4215	1027.763	143	0.048798
4216	1028.006	114	0.0389019
4217	1028.250	138	0.0470917
4218	1028.494	114	0.0389019
4219	1028.738	139	0.047433
4220	1028.982	133	0.0453855
4221	1029.226	153	0.0522104
4222	1029.470	135	0.046068
4223	1029.713	142	0.0484567
4224	1029.957	125	0.0426556
4225	1030.201	127	0.0433381
4226	1030.445	132	0.0450443
4227	1030.689	145	0.0494805
4228	1030.933	153	0.0522104
4229	1031.177	129	0.0440205
4230	1031.421	127	0.0433381
4231	1031.664	130	0.0443618
4232	1031.908	135	0.046068
4233	1032.152	153	0.0522104
4234	1032.396	152	0.0518692
4235	1032.640	139	0.047433
4236	1032.884	135	0.046068
4237	1033.128	141	0.0481155
4238	1033.371	109	0.0371957
4239	1033.615	134	0.0457268
4240	1033.859	143	0.048798
4241	1034.103	131	0.044703
4242	1034.347	120	0.0409493
4243	1034.591	130	0.0443618
4244	1034.835	134	0.0457268
4245	1035.078	158	0.0539166
4246	1035.322	140	0.0477742
4247	1035.566	138	0.0470917
4248	1035.810	137	0.0467505
4249	1036.054	134	0.0457268
4250	1036.298	116	0.0395844
4251	1036.542	152	0.0518692
4252	1036.786	151	0.0515279
4253	1037.029	128	0.0436793
4254	1037.273	123	0.0419731
4255	1037.517	136	0.0464093
4256	1037.761	122	0.0416318
4257	1038.005	128	0.0436793
4258	1038.249	138	0.0470917
4259	1038.493	132	0.0450443
4260	1038.736	158	0.0539166
4261	1038.980	149	0.0508454
4262	1039.224	132	0.0450443
4263	1039.468	152	0.0518692
4264	1039.712	109	0.0371957
4265	1039.956	122	0.0416318
4266	1040.200	133	0.0453855
4267	1040.444	129	0.0440205
4268	1040.687	142	0.0484567
4269	1040.931	130	0.0443618
4270	1041.175	130	0.0443618
4271	1041.419	152	0.0518692
4272	1041.663	135	0.046068
4273	1041.907	129	0.0440205
4274	1042.151	138	0.0470917
4275	1042.394	139	0.047433
4276	1042.638	164	0.0559641
4277	1042.882	125	0.0426556
4278	1043.126	130	0.0443618
4279	1043.370	150	0.0511867
4280	1043.614	150	0.0511867
4281	1043.858	124	0.0423143
4282	1044.101	127	0.0433381
4283	1044.345	147	0.0501629
4284	1044.589	144	0.0491392
4285	1044.833	124	0.0423143
4286	1045.077	155	0.0528929
4287	1045.321	140	0.0477742
4288	1045.565	142	0.0484567
4289	1045.809	138	0.0470917
4290	1046.052	126	0.0429968
4291	1046.296	129	0.0440205
4292	1046.540	124	0.0423143
4293	1046.784	117	0.0399256
4294	1047.028	152	0.0518692
4295	1047.272	149	0.0508454
4296	1047.516	138	0.0470917
4297	1047.759	144	0.0491392
4298	1048.003	134	0.0457268
4299	1048.247	167	0.0569878
4300	1048.491	118	0.0402669
4301	1048.735	117	0.0399256
4302	1048.979	147	0.0501629
4303	1049.223	124	0.0423143
4304	1049.466	131	0.044703
4305	1049.710	131	0.044703
4306	1049.954	156	0.0532341
4307	1050.198	128	0.0436793
4308	1050.442	139	0.047433
4309	1050.686	126	0.0429968
4310	1050.930	140	0.0477742
4311	1051.174	119	0.0406081
4312	1051.417	149	0.0508454
4313	1051.661	133	0.0453855
4314	1051.905	130	0.0443618
4315	1052.149	153	0.0522104
4316	1052.393	127	0.0433381
4317	1052.637	135	0.046068
4318	1052.881	132	0.0450443
4319	1053.124	130	0.0443618
4320	1053.368	133	0.0453855
4321	1053.612	141	0.0481155
4322	1053.856	120	0.0409493
4323	1054.100	132	0.0450443
4324	1054.344	121	0.0412906
4325	1054.588	124	0.0423143
4326	1054.832	135	0.046068
4327	1055.075	131	0.044703
4328	1055.319	139	0.047433
4329	1055.563	116	0.0395844
4330	1055.807	124	0.0423143
4331	1056.051	157	0.0535754
4332	1056.295	144	0.0491392
4333	1056.539	135	0.046068
4334	1056.782	132	0.0450443
4335	1057.026	121	0.0412906
4336	1057.270	125	0.0426556
4337	1057.514	130	0.0443618
4338	1057.758	124	0.0423143
4339	1058.002	141	0.0481155
4340	1058.246	119	0.0406081
4341	1058.489	112	0.0382194
4342	1058.733	132	0.0450443
4343	1058.977	125	0.0426556
4344	1059.221	138	0.0470917
4345	1059.465	117	0.0399256
4346	1059.709	156	0.0532341
4347	1059.953	138	0.0470917
4348	1060.197	133	0.0453855
4349	1060.440	139	0.047433
4350	1060.684	133	0.0453855
4351	1060.928	133	0.0453855
4352	1061.172	126	0.0429968
4353	1061.416	112	0.0382194
4354	1061.660	146	0.0498217
4355	1061.904	142	0.0484567
4356	1062.147	141	0.0481155
4357	1062.391	128	0.0436793
4358	1062.635	129	0.0440205
4359	1062.879	128	0.0436793
4360	1063.123	126	0.0429968
4361	1063.367	124	0.0423143
4362	1063.611	142	0.0484567
4363	1063.855	138	0.0470917
4364	1064.098	126	0.0429968
4365	1064.342	128	0.0436793
4366	1064.586	138	0.0470917
4367	1064.830	143	0.048798
4368	1065.074	143	0.048798
4369	1065.318	107	0.0365132
4370	1065.562	135	0.046068
4371	1065.805	134	0.0457268
4372	1066.049	136	0.0464093
4373	1066.293	150	0.0511867
4374	1066.537	125	0.0426556
4375	1066.781	125	0.0426556
4376	1067.025	155	0.0528929
4377	1067.269	122	0.0416318
4378	1067.512	131	0.044703
4379	1067.756	151	0.0515279
4380	1068.000	153	0.0522104
4381	1068.244	145	0.0494805
4382	1068.488	146	0.0498217
4383	1068.732	136	0.0464093
4384	1068.976	114	0.0389019
4385	1069.220	126	0.0429968
4386	1069.463	139	0.047433
4387	1069.707	141	0.0481155
4388	1069.951	155	0.0528929
4389	1070.195	123	0.0419731
4390	1070.439	149	0.0508454
4391	1070.683	127	0.0433381
4392	1070.927	115	0.0392431
4393	1071.170	132	0.0450443
4394	1071.414	146	0.0498217
4395	1071.658	116	0.0395844
4396	1071.902	141	0.0481155
4397	1072.146	116	0.0395844
4398	1072.390	117	0.0399256
4399	1072.634	110	0.0375369
4400	1072.877	137	0.0467505
4401	1073.121	144	0.0491392
4402	1073.365	130	0.0443618
4403	1073.609	139	0.047433
4404	1073.853	130	0.0443618
4405	1074.097	123	0.0419731
4406	1074.341	140	0.0477742
4407	1074.585	129	0.0440205
4408	1074.828	122	0.0416318
4409	1075.072	135	0.046068
4410	1075.316	134	0.0457268
4411	1075.560	141	0.0481155
4412	1075.804	145	0.0494805
4413	1076.048	155	0.0528929
4414	1076.292	135	0.046068
4415	1076.535	142	0.0484567
4416	1076.779	161	0.0549404
4417	1077.023	138	0.0470917
4418	1077.267	155	0.0528929
4419	1077.511	124	0.0423143
4420	1077.755	144	0.0491392
4421	1077.999	178	0.0607415
4422	1078.243	139	0.047433
4423	1078.486	117	0.0399256
4424	1078.730	121	0.0412906
4425	1078.974	139	0.047433
4426	1079.218	129	0.0440205
4427	1079.462	118	0.0402669
4428	1079.706	108	0.0368544
4429	1079.950	124	0.0423143
4430	1080.193	138	0.0470917
4431	1080.437	130	0.0443618
4432	1080.681	119	0.0406081
4433	1080.925	135	0.046068
4434	1081.169	124	0.0423143
4435	1081.413	133	0.0453855
4436	1081.657	142	0.0484567
4437	1081.900	116	0.0395844
4438	1082.144	140	0.0477742
4439	1082.388	147	0.0501629
4440	1082.632	133	0.0453855
4441	1082.876	131	0.044703
4442	1083.120	154	0.0525517
4443	1083.364	127	0.0433381
4444	1083.608	138	0.0470917
4445	1083.851	143	0.048798
4446	1084.095	143	0.048798
4447	1084.339	137	0.0467505
4448	1084.583	119	0.0406081
4449	1084.827	143	0.048798
4450	1085.071	131	0.044703
4451	1085.315	144	0.0491392
4452	1085.558	137	0.0467505
4453	1085.802	126	0.0429968
4454	1086.046	154	0.0525517
4455	1086.290	155	0.0528929
4456	1086.534	138	0.0470917
4457	1086.778	140	0.0477742
4458	1087.022	134	0.0457268
4459	1087.265	141	0.0481155
4460	1087.509	142	0.0484567
4461	1087.753	135	0.046068
4462	1087.997	129	0.0440205
4463	1088.241	125	0.0426556
4464	1088.485	150	0.0511867
4465	1088.729	152	0.0518692
4466	1088.973	124	0.0423143
4467	1089.216	136	0.0464093
4468	1089.460	148	0.0505042
4469	1089.704	134	0.0457268
4470	1089.948	134	0.0457268
4471	1090.192	147	0.0501629
4472	1090.436	133	0.0453855
4473	1090.680	119	0.0406081
4474	1090.923	141	0.0481155
4475	1091.167	123	0.0419731
4476	1091.411	122	0.0416318
4477	1091.655	135	0.046068
4478	1091.899	126	0.0429968
4479	1092.143	142	0.0484567
4480	1092.387	144	0.0491392
4481	1092.631	153	0.0522104
4482	1092.874	163	0.0556229
4483	1093.118	130	0.0443618
4484	1093.362	155	0.0528929
4485	1093.606	142	0.0484567
4486	1093.850	138	0.0470917
4487	1094.094	147	0.0501629
4488	1094.338	115	0.0392431
4489	1094.581	149	0.0508454
4490	1094.825	139	0.047433
4491	1095.069	144	0.0491392
4492	1095.313	142	0.0484567
4493	1095.557	150	0.0511867
4494	1095.801	119	0.0406081
4495	1096.045	149	0.0508454
4496	1096.288	143	0.048798
4497	1096.532	138	0.0470917
4498	1096.776	128	0.0436793
4499	1097.020	125	0.0426556
4500	1097.264	128	0.0436793
4501	1097.508	114	0.0389019
4502	1097.752	120	0.0409493
4503	1097.996	150	0.0511867
4504	1098.239	134	0.0457268
4505	1098.483	141	0.0481155
4506	1098.727	129	0.0440205
4507	1098.971	162	0.0552816
4508	1099.215	138	0.0470917
4509	1099.459	145	0.0494805
4510	1099.703	157	0.0535754
4511	1099.946	158	0.0539166
4512	1100.190	142	0.0484567
4513	1100.434	155	0.0528929
4514	1100.678	176	0.060059
4515	1100.922	138	0.0470917
4516	1101.166	123	0.0419731
4517	1101.410	143	0.048798
4518	1101.653	138	0.0470917
4519	1101.897	134	0.0457268
4520	1102.141	154	0.0525517
4521	1102.385	136	0.0464093
4522	1102.629	146	0.0498217
4523	1102.873	136	0.0464093
4524	1103.117	143	0.048798
4525	1103.361	141	0.0481155
4526	1103.604	165	0.0563053
4527	1103.848	134	0.0457268
4528	1104.092	145	0.0494805
4529	1104.336	158	0.0539166
4530	1104.580	134	0.0457268
4531	1104.824	149	0.0508454
4532	1105.068	148	0.0505042
4533	1105.311	151	0.0515279
4534	1105.555	148	0.0505042
4535	1105.799	137	0.0467505
4536	1106.043	138	0.0470917
4537	1106.287	138	0.0470917
4538	1106.531	131	0.044703
4539	1106.775	150	0.0511867
4540	1107.019	135	0.046068
4541	1107.262	128	0.0436793
4542	1107.506	154	0.0525517
4543	1107.750	137	0.0467505
4544	1107.994	126	0.0429968
4545	1108.238	120	0.0409493
4546	1108.482	148	0.0505042
4547	1108.726	158	0.0539166
4548	1108.969	133	0.0453855
4549	1109.213	135	0.046068
4550	1109.457	154	0.0525517
4551	1109.701	137	0.0467505
4552	1109.945	151	0.0515279
4553	1110.189	130	0.0443618
4554	1110.433	161	0.0549404
4555	1110.676	141	0.0481155
4556	1110.920	152	0.0518692
4557	1111.164	146	0.0498217
4558	1111.408	147	0.0501629
4559	1111.652	142	0.0484567
4560	1111.896	157	0.0535754
4561	1112.140	144	0.0491392
4562	1112.384	151	0.0515279
4563	1112.627	134	0.0457268
4564	1112.871	137	0.0467505
4565	1113.115	153	0.0522104
4566	1113.359	159	0.0542579
4567	1113.603	123	0.0419731
4568	1113.847	128	0.0436793
4569	1114.091	112	0.0382194
4570	1114.334	155	0.0528929
4571	1114.578	150	0.0511867
4572	1114.822	146	0.0498217
4573	1115.066	134	0.0457268
4574	1115.310	141	0.0481155
4575	1115.554	136	0.0464093
4576	1115.798	145	0.0494805
4577	1116.042	139	0.047433
4578	1116.285	147	0.0501629
4579	1116.529	136	0.0464093
4580	1116.773	124	0.0423143
4581	1117.017	148	0.0505042
4582	1117.261	120	0.0409493
4583	1117.505	126	0.0429968
4584	1117.749	139	0.047433
4585	1117.992	115	0.0392431
4586	1118.236	148	0.0505042
4587	1118.480	126	0.0429968
4588	1118.724	134	0.0457268
4589	1118.968	122	0.0416318
4590	1119.212	108	0.0368544
4591	1119.456	147	0.0501629
4592	1119.699	133	0.0453855
4593	1119.943	125	0.0426556
4594	1120.187	112	0.0382194
4595	1120.431	133	0.0453855
4596	1120.675	124	0.0423143
4597	1120.919	96	0.0327595
4598	1121.163	117	0.0399256
4599	1121.407	136	0.0464093
4600	1121.650	139	0.047433
4601	1121.894	105	0.0358307
4602	1122.138	135	0.046068
4603	1122.382	116	0.0395844
4604	1122.626	105	0.0358307
4605	1122.870	98	0.033442
4606	1123.114	113	0.0385606
4607	1123.357	104	0.0354894
4608	1123.601	130	0.0443618
4609	1123.845	118	0.0402669
4610	1124.089	112	0.0382194
4611	1124.333	132	0.0450443
4612	1124.577	110	0.0375369
4613	1124.821	103	0.0351482
4614	1125.064	116	0.0395844
4615	1125.308	103	0.0351482
4616	1125.552	111	0.0378781
4617	1125.796	84	0.0286645
4618	1126.040	101	0.0344657
4619	1126.284	114	0.0389019
4620	1126.528	130	0.0443618
4621	1126.772	116	0.0395844
4622	1127.015	120	0.0409493
4623	1127.259	115	0.0392431
4624	1127.503	116	0.0395844
4625	1127.747	93	0.0317357
4626	1127.991	101	0.0344657
4627	1128.235	103	0.0351482
4628	1128.479	114	0.0389019
4629	1128.722	111	0.0378781
4630	1128.966	115	0.0392431
4631	1129.210	99	0.0337832
4632	1129.454	97	0.0331007
4633	1129.698	103	0.0351482
4634	1129.942	89	0.0303708
4635	1130.186	106	0.0361719
4636	1130.430	96	0.0327595
4637	1130.673	99	0.0337832
4638	1130.917	114	0.0389019
4639	1131.161	112	0.0382194
4640	1131.405	112	0.0382194
4641	1131.649	95	0.0324182
4642	1131.893	111	0.0378781
4643	1132.137	117	0.0399256
4644	1132.380	104	0.0354894
4645	1132.624	106	0.0361719
4646	1132.868	106	0.0361719
4647	1133.112	115	0.0392431
4648	1133.356	104	0.0354894
4649	1133.600	93	0.0317357
4650	1133.844	106	0.0361719
4651	1134.087	109	0.0371957
4652	1134.331	92	0.0313945
4653	1134.575	103	0.0351482
4654	1134.819	111	0.0378781
4655	1135.063	110	0.0375369
4656	1135.307	90	0.030712
4657	1135.551	106	0.0361719
4658	1135.795	102	0.0348069
4659	1136.038	88	0.0300295
4660	1136.282	100	0.0341245
4661	1136.526	92	0.0313945
4662	1136.770	112	0.0382194
4663	1137.014	107	0.0365132
4664	1137.258	96	0.0327595
4665	1137.502	105	0.0358307
4666	1137.745	110	0.0375369
4667	1137.989	90	0.030712
4668	1138.233	107	0.0365132
4669	1138.477	121	0.0412906
4670	1138.721	95	0.0324182
4671	1138.965	103	0.0351482
4672	1139.209	113	0.0385606
4673	1139.452	100	0.0341245
4674	1139.696	107	0.0365132
4675	1139.940	111	0.0378781
4676	1140.184	100	0.0341245
4677	1140.428	71	0.0242284
4678	1140.672	91	0.0310533
4679	1140.916	97	0.0331007
4680	1141.160	80	0.0272996
4681	1141.403	114	0.0389019
4682	1141.647	83	0.0283233
4683	1141.891	102	0.0348069
4684	1142.135	97	0.0331007
4685	1142.379	107	0.0365132
4686	1142.623	113	0.0385606
4687	1142.867	88	0.0300295
4688	1143.110	124	0.0423143
4689	1143.354	94	0.032077
4690	1143.598	106	0.0361719
4691	1143.842	102	0.0348069
4692	1144.086	95	0.0324182
4693	1144.330	102	0.0348069
4694	1144.574	83	0.0283233
4695	1144.818	94	0.032077
4696	1145.061	96	0.0327595
4697	1145.305	92	0.0313945
4698	1145.549	97	0.0331007
4699	1145.793	90	0.030712
4700	1146.037	96	0.0327595
4701	1146.281	98	0.033442
4702	1146.525	97	0.0331007
4703	1146.768	94	0.032077
4704	1147.012	91	0.0310533
4705	1147.256	108	0.0368544
4706	1147.500	88	0.0300295
4707	1147.744	99	0.0337832
4708	1147.988	96	0.0327595
4709	1148.232	89	0.0303708
4710	1148.475	114	0.0389019
4711	1148.719	96	0.0327595
4712	1148.963	95	0.0324182
4713	1149.207	97	0.0331007
4714	1149.451	96	0.0327595
4715	1149.695	94	0.032077
4716	1149.939	116	0.0395844
4717	1150.183	89	0.0303708
4718	1150.426	86	0.029347
4719	1150.670	98	0.033442
4720	1150.914	93	0.0317357
4721	1151.158	103	0.0351482
4722	1151.402	91	0.0310533
4723	1151.646	100	0.0341245
4724	1151.890	94	0.032077
4725	1152.133	95	0.0324182
4726	1152.377	102	0.0348069
4727	1152.621	93	0.0317357
4728	1152.865	95	0.0324182
4729	1153.109	111	0.0378781
4730	1153.353	99	0.0337832
4731	1153.597	78	0.0266171
4732	1153.841	98	0.033442
4733	1154.084	84	0.0286645
4734	1154.328	96	0.0327595
4735	1154.572	122	0.0416318
4736	1154.816	85	0.0290058
4737	1155.060	79	0.0269583
4738	1155.304	94	0.032077
4739	1155.548	94	0.032077
4740	1155.791	98	0.033442
4741	1156.035	86	0.029347
4742	1156.279	83	0.0283233
4743	1156.523	96	0.0327595
4744	1156.767	95	0.0324182
4745	1157.011	86	0.029347
4746	1157.255	99	0.0337832
4747	1157.498	100	0.0341245
4748	1157.742	96	0.0327595
4749	1157.986	89	0.0303708
4750	1158.230	94	0.032077
4751	1158.474	92	0.0313945
4752	1158.718	94	0.032077
4753	1158.962	92	0.0313945
4754	1159.206	76	0.0259346
4755	1159.449	86	0.029347
4756	1159.693	98	0.033442
4757	1159.937	84	0.0286645
4758	1160.181	92	0.0313945
4759	1160.425	101	0.0344657
4760	1160.669	71	0.0242284
4761	1160.913	103	0.0351482
4762	1161.156	100	0.0341245
4763	1161.400	85	0.0290058
4764	1161.644	97	0.0331007
4765	1161.888	99	0.0337832
4766	1162.132	98	0.033442
4767	1162.376	91	0.0310533
4768	1162.620	100	0.0341245
4769	1162.863	99	0.0337832
4770	1163.107	80	0.0272996
4771	1163.351	100	0.0341245
4772	1163.595	90	0.030712
4773	1163.839	85	0.0290058
4774	1164.083	77	0.0262758
4775	1164.327	90	0.030712
4776	1164.571	80	0.0272996
4777	1164.814	80	0.0272996
4778	1165.058	95	0.0324182
4779	1165.302	102	0.0348069
4780	1165.546	102	0.0348069
4781	1165.790	91	0.0310533
4782	1166.034	75	0.0255933
4783	1166.278	83	0.0283233
4784	1166.521	89	0.0303708
4785	1166.765	84	0.0286645
4786	1167.009	106	0.0361719
4787	1167.253	93	0.0317357
4788	1167.497	80	0.0272996
4789	1167.741	106	0.0361719
4790	1167.985	84	0.0286645
4791	1168.229	97	0.0331007
4792	1168.472	91	0.0310533
4793	1168.716	87	0.0296883
4794	1168.960	82	0.0279821
4795	1169.204	101	0.0344657
4796	1169.448	95	0.0324182
4797	1169.692	93	0.0317357
4798	1169.936	82	0.0279821
4799	1170.179	113	0.0385606
4800	1170.423	81	0.0276408
4801	1170.667	117	0.0399256
4802	1170.911	87	0.0296883
4803	1171.155	104	0.0354894
4804	1171.399	124	0.0423143
4805	1171.643	133	0.0453855
4806	1171.886	206	0.0702964
4807	1172.130	331	0.112952
4808	1172.374	562	0.191779
4809	1172.618	844	0.28801
4810	1172.862	1279	0.436452
4811	1173.106	1996	0.681124
4812	1173.350	2780	0.94866
4813	1173.594	3563	1.21585
4814	1173.837	4189	1.42947
4815	1174.081	4738	1.61682
4816	1174.325	4814	1.64275
4817	1174.569	4824	1.64616
4818	1174.813	4210	1.43664
4819	1175.057	3505	1.19606
4820	1175.301	2704	0.922725
4821	1175.544	1875	0.639833
4822	1175.788	1207	0.411882
4823	1176.032	806	0.275043
4824	1176.276	450	0.15356
4825	1176.520	277	0.0945247
4826	1176.764	149	0.0508454
4827	1177.008	117	0.0399256
4828	1177.251	84	0.0286645
4829	1177.495	68	0.0232046
4830	1177.739	97	0.0331007
4831	1177.983	94	0.032077
4832	1178.227	89	0.0303708
4833	1178.471	99	0.0337832
4834	1178.715	78	0.0266171
4835	1178.959	68	0.0232046
4836	1179.202	80	0.0272996
4837	1179.446	86	0.029347
4838	1179.690	75	0.0255933
4839	1179.934	90	0.030712
4840	1180.178	79	0.0269583
4841	1180.422	97	0.0331007
4842	1180.666	96	0.0327595
4843	1180.909	75	0.0255933
4844	1181.153	93	0.0317357
4845	1181.397	84	0.0286645
4846	1181.641	72	0.0245696
4847	1181.885	74	0.0252521
4848	1182.129	90	0.030712
4849	1182.373	96	0.0327595
4850	1182.617	77	0.0262758
4851	1182.860	85	0.0290058
4852	1183.104	83	0.0283233
4853	1183.348	89	0.0303708
4854	1183.592	89	0.0303708
4855	1183.836	78	0.0266171
4856	1184.080	83	0.0283233
4857	1184.324	78	0.0266171
4858	1184.567	91	0.0310533
4859	1184.811	72	0.0245696
4860	1185.055	92	0.0313945
4861	1185.299	82	0.0279821
4862	1185.543	72	0.0245696
4863	1185.787	99	0.0337832
4864	1186.031	80	0.0272996
4865	1186.274	103	0.0351482
4866	1186.518	80	0.0272996
4867	1186.762	74	0.0252521
4868	1187.006	96	0.0327595
4869	1187.250	85	0.0290058
4870	1187.494	92	0.0313945
4871	1187.738	77	0.0262758
4872	1187.982	80	0.0272996
4873	1188.225	71	0.0242284
4874	1188.469	61	0.0208159
4875	1188.713	69	0.0235459
4876	1188.957	66	0.0225221
4877	1189.201	73	0.0249108
4878	1189.445	94	0.032077
4879	1189.689	95	0.0324182
4880	1189.932	79	0.0269583
4881	1190.176	74	0.0252521
4882	1190.420	93	0.0317357
4883	1190.664	78	0.0266171
4884	1190.908	84	0.0286645
4885	1191.152	64	0.0218396
4886	1191.396	61	0.0208159
4887	1191.639	74	0.0252521
4888	1191.883	69	0.0235459
4889	1192.127	76	0.0259346
4890	1192.371	81	0.0276408
4891	1192.615	83	0.0283233
4892	1192.859	76	0.0259346
4893	1193.103	86	0.029347
4894	1193.347	76	0.0259346
4895	1193.590	83	0.0283233
4896	1193.834	76	0.0259346
4897	1194.078	85	0.0290058
4898	1194.322	71	0.0242284
4899	1194.566	61	0.0208159
4900	1194.810	78	0.0266171
4901	1195.054	66	0.0225221
4902	1195.297	78	0.0266171
4903	1195.541	92	0.0313945
4904	1195.785	95	0.0324182
4905	1196.029	85	0.0290058
4906	1196.273	74	0.0252521
4907	1196.517	90	0.030712
4908	1196.761	87	0.0296883
4909	1197.005	77	0.0262758
4910	1197.248	69	0.0235459
4911	1197.492	73	0.0249108
4912	1197.736	64	0.0218396
4913	1197.980	68	0.0232046
4914	1198.224	74	0.0252521
4915	1198.468	55	0.0187684
4916	1198.712	71	0.0242284
4917	1198.955	83	0.0283233
4918	1199.199	69	0.0235459
4919	1199.443	77	0.0262758
4920	1199.687	79	0.0269583
4921	1199.931	61	0.0208159
4922	1200.175	71	0.0242284
4923	1200.419	73	0.0249108
4924	1200.662	73	0.0249108
4925	1200.906	63	0.0214984
4926	1201.150	68	0.0232046
4927	1201.394	65	0.0221809
4928	1201.638	76	0.0259346
4929	1201.882	80	0.0272996
4930	1202.126	80	0.0272996
4931	1202.370	80	0.0272996
4932	1202.613	74	0.0252521
4933	1202.857	65	0.0221809
4934	1203.101	74	0.0252521
4935	1203.345	63	0.0214984
4936	1203.589	77	0.0262758
4937	1203.833	60	0.0204747
4938	1204.077	77	0.0262758
4939	1204.320	72	0.0245696
4940	1204.564	68	0.0232046
4941	1204.808	57	0.0194509
4942	1205.052	80	0.0272996
4943	1205.296	65	0.0221809
4944	1205.540	76	0.0259346
4945	1205.784	74	0.0252521
4946	1206.028	71	0.0242284
4947	1206.271	68	0.0232046
4948	1206.515	67	0.0228634
4949	1206.759	79	0.0269583
4950	1207.003	60	0.0204747
4951	1207.247	57	0.0194509
4952	1207.491	78	0.0266171
4953	1207.735	70	0.0238871
4954	1207.978	66	0.0225221
4955	1208.222	58	0.0197922
4956	1208.466	66	0.0225221
4957	1208.710	66	0.0225221
4958	1208.954	71	0.0242284
4959	1209.198	87	0.0296883
4960	1209.442	74	0.0252521
4961	1209.685	73	0.0249108
4962	1209.929	47	0.0160385
4963	1210.173	83	0.0283233
4964	1210.417	48	0.0163797
4965	1210.661	68	0.0232046
4966	1210.905	69	0.0235459
4967	1211.149	75	0.0255933
4968	1211.393	64	0.0218396
4969	1211.636	67	0.0228634
4970	1211.880	60	0.0204747
4971	1212.124	78	0.0266171
4972	1212.368	61	0.0208159
4973	1212.612	65	0.0221809
4974	1212.856	57	0.0194509
4975	1213.100	62	0.0211572
4976	1213.343	52	0.0177447
4977	1213.587	72	0.0245696
4978	1213.831	68	0.0232046
4979	1214.075	61	0.0208159
4980	1214.319	77	0.0262758
4981	1214.563	74	0.0252521
4982	1214.807	68	0.0232046
4983	1215.050	57	0.0194509
4984	1215.294	57	0.0194509
4985	1215.538	90	0.030712
4986	1215.782	69	0.0235459
4987	1216.026	70	0.0238871
4988	1216.270	75	0.0255933
4989	1216.514	69	0.0235459
4990	1216.758	70	0.0238871
4991	1217.001	65	0.0221809
4992	1217.245	46	0.0156972
4993	1217.489	65	0.0221809
4994	1217.733	72	0.0245696
4995	1217.977	69	0.0235459
4996	1218.221	66	0.0225221
4997	1218.465	50	0.0170622
4998	1218.708	71	0.0242284
4999	1218.952	66	0.0225221
5000	1219.196	68	0.0232046
5001	1219.440	54	0.0184272
5002	1219.684	65	0.0221809
5003	1219.928	56	0.0191097
5004	1220.172	73	0.0249108
5005	1220.416	56	0.0191097
5006	1220.659	67	0.0228634
5007	1220.903	58	0.0197922
5008	1221.147	66	0.0225221
5009	1221.391	66	0.0225221
5010	1221.635	62	0.0211572
5011	1221.879	66	0.0225221
5012	1222.123	68	0.0232046
5013	1222.366	67	0.0228634
5014	1222.610	61	0.0208159
5015	1222.854	55	0.0187684
5016	1223.098	54	0.0184272
5017	1223.342	67	0.0228634
5018	1223.586	50	0.0170622
5019	1223.830	56	0.0191097
5020	1224.073	78	0.0266171
5021	1224.317	60	0.0204747
5022	1224.561	62	0.0211572
5023	1224.805	70	0.0238871
5024	1225.049	62	0.0211572
5025	1225.293	64	0.0218396
5026	1225.537	57	0.0194509
5027	1225.781	59	0.0201334
5028	1226.024	62	0.0211572
5029	1226.268	50	0.0170622
5030	1226.512	81	0.0276408
5031	1226.756	51	0.0174035
5032	1227.000	77	0.0262758
5033	1227.244	59	0.0201334
5034	1227.488	76	0.0259346
5035	1227.731	65	0.0221809
5036	1227.975	59	0.0201334
5037	1228.219	56	0.0191097
5038	1228.463	70	0.0238871
5039	1228.707	60	0.0204747
5040	1228.951	61	0.0208159
5041	1229.195	64	0.0218396
5042	1229.438	74	0.0252521
5043	1229.682	73	0.0249108
5044	1229.926	62	0.0211572
5045	1230.170	62	0.0211572
5046	1230.414	57	0.0194509
5047	1230.658	62	0.0211572
5048	1230.902	73	0.0249108
5049	1231.146	61	0.0208159
5050	1231.389	51	0.0174035
5051	1231.633	57	0.0194509
5052	1231.877	59	0.0201334
5053	1232.121	46	0.0156972
5054	1232.365	68	0.0232046
5055	1232.609	62	0.0211572
5056	1232.853	54	0.0184272
5057	1233.096	62	0.0211572
5058	1233.340	68	0.0232046
5059	1233.584	55	0.0187684
5060	1233.828	62	0.0211572
5061	1234.072	63	0.0214984
5062	1234.316	60	0.0204747
5063	1234.560	61	0.0208159
5064	1234.804	47	0.0160385
5065	1235.047	67	0.0228634
5066	1235.291	49	0.016721
5067	1235.535	65	0.0221809
5068	1235.779	57	0.0194509
5069	1236.023	64	0.0218396
5070	1236.267	53	0.018086
5071	1236.511	47	0.0160385
5072	1236.754	75	0.0255933
5073	1236.998	61	0.0208159
5074	1237.242	59	0.0201334
5075	1237.486	53	0.018086
5076	1237.730	60	0.0204747
5077	1237.974	72	0.0245696
5078	1238.218	49	0.016721
5079	1238.461	60	0.0204747
5080	1238.705	58	0.0197922
5081	1238.949	73	0.0249108
5082	1239.193	67	0.0228634
5083	1239.437	66	0.0225221
5084	1239.681	55	0.0187684
5085	1239.925	47	0.0160385
5086	1240.169	59	0.0201334
5087	1240.412	72	0.0245696
5088	1240.656	59	0.0201334
5089	1240.900	57	0.0194509
5090	1241.144	61	0.0208159
5091	1241.388	44	0.0150148
5092	1241.632	53	0.018086
5093	1241.876	52	0.0177447
5094	1242.119	64	0.0218396
5095	1242.363	63	0.0214984
5096	1242.607	67	0.0228634
5097	1242.851	59	0.0201334
5098	1243.095	53	0.018086
5099	1243.339	61	0.0208159
5100	1243.583	57	0.0194509
5101	1243.826	67	0.0228634
5102	1244.070	56	0.0191097
5103	1244.314	54	0.0184272
5104	1244.558	46	0.0156972
5105	1244.802	53	0.018086
5106	1245.046	76	0.0259346
5107	1245.290	70	0.0238871
5108	1245.534	55	0.0187684
5109	1245.777	63	0.0214984
5110	1246.021	56	0.0191097
5111	1246.265	49	0.016721
5112	1246.509	53	0.018086
5113	1246.753	55	0.0187684
5114	1246.997	52	0.0177447
5115	1247.241	59	0.0201334
5116	1247.484	55	0.0187684
5117	1247.728	58	0.0197922
5118	1247.972	62	0.0211572
5119	1248.216	63	0.0214984
5120	1248.460	68	0.0232046
5121	1248.704	52	0.0177447
5122	1248.948	48	0.0163797
5123	1249.192	43	0.0146735
5124	1249.435	60	0.0204747
5125	1249.679	62	0.0211572
5126	1249.923	63	0.0214984
5127	1250.167	47	0.0160385
5128	1250.411	61	0.0208159
5129	1250.655	61	0.0208159
5130	1250.899	57	0.0194509
5131	1251.142	53	0.018086
5132	1251.386	54	0.0184272
5133	1251.630	60	0.0204747
5134	1251.874	63	0.0214984
5135	1252.118	54	0.0184272
5136	1252.362	73	0.0249108
5137	1252.606	46	0.0156972
5138	1252.849	56	0.0191097
5139	1253.093	47	0.0160385
5140	1253.337	71	0.0242284
5141	1253.581	61	0.0208159
5142	1253.825	61	0.0208159
5143	1254.069	47	0.0160385
5144	1254.313	59	0.0201334
5145	1254.557	64	0.0218396
5146	1254.800	58	0.0197922
5147	1255.044	56	0.0191097
5148	1255.288	69	0.0235459
5149	1255.532	58	0.0197922
5150	1255.776	62	0.0211572
5151	1256.020	58	0.0197922
5152	1256.264	59	0.0201334
5153	1256.507	63	0.0214984
5154	1256.751	50	0.0170622
5155	1256.995	76	0.0259346
5156	1257.239	52	0.0177447
5157	1257.483	52	0.0177447
5158	1257.727	62	0.0211572
5159	1257.971	69	0.0235459
5160	1258.215	51	0.0174035
5161	1258.458	48	0.0163797
5162	1258.702	62	0.0211572
5163	1258.946	63	0.0214984
5164	1259.190	50	0.0170622
5165	1259.434	44	0.0150148
5166	1259.678	61	0.0208159
5167	1259.922	52	0.0177447
5168	1260.165	59	0.0201334
5169	1260.409	60	0.0204747
5170	1260.653	58	0.0197922
5171	1260.897	62	0.0211572
5172	1261.141	54	0.0184272
5173	1261.385	53	0.018086
5174	1261.629	63	0.0214984
5175	1261.872	60	0.0204747
5176	1262.116	63	0.0214984
5177	1262.360	38	0.0129673
5178	1262.604	65	0.0221809
5179	1262.848	50	0.0170622
5180	1263.092	60	0.0204747
5181	1263.336	58	0.0197922
5182	1263.580	68	0.0232046
5183	1263.823	64	0.0218396
5184	1264.067	54	0.0184272
5185	1264.311	57	0.0194509
5186	1264.555	57	0.0194509
5187	1264.799	58	0.0197922
5188	1265.043	69	0.0235459
5189	1265.287	47	0.0160385
5190	1265.530	62	0.0211572
5191	1265.774	61	0.0208159
5192	1266.018	57	0.0194509
5193	1266.262	66	0.0225221
5194	1266.506	38	0.0129673
5195	1266.750	61	0.0208159
5196	1266.994	61	0.0208159
5197	1267.237	69	0.0235459
5198	1267.481	54	0.0184272
5199	1267.725	59	0.0201334
5200	1267.969	59	0.0201334
5201	1268.213	56	0.0191097
5202	1268.457	47	0.0160385
5203	1268.701	52	0.0177447
5204	1268.945	76	0.0259346
5205	1269.188	50	0.0170622
5206	1269.432	57	0.0194509
5207	1269.676	50	0.0170622
5208	1269.920	59	0.0201334
5209	1270.164	64	0.0218396
5210	1270.408	62	0.0211572
5211	1270.652	48	0.0163797
5212	1270.895	61	0.0208159
5213	1271.139	68	0.0232046
5214	1271.383	66	0.0225221
5215	1271.627	56	0.0191097
5216	1271.871	64	0.0218396
5217	1272.115	72	0.0245696
5218	1272.359	64	0.0218396
5219	1272.603	51	0.0174035
5220	1272.846	62	0.0211572
5221	1273.090	70	0.0238871
5222	1273.334	61	0.0208159
5223	1273.578	58	0.0197922
5224	1273.822	54	0.0184272
5225	1274.066	58	0.0197922
5226	1274.310	46	0.0156972
5227	1274.553	51	0.0174035
5228	1274.797	48	0.0163797
5229	1275.041	71	0.0242284
5230	1275.285	68	0.0232046
5231	1275.529	61	0.0208159
5232	1275.773	57	0.0194509
5233	1276.017	59	0.0201334
5234	1276.260	55	0.0187684
5235	1276.504	54	0.0184272
5236	1276.748	58	0.0197922
5237	1276.992	53	0.018086
5238	1277.236	62	0.0211572
5239	1277.480	57	0.0194509
5240	1277.724	63	0.0214984
5241	1277.968	72	0.0245696
5242	1278.211	63	0.0214984
5243	1278.455	60	0.0204747
5244	1278.699	65	0.0221809
5245	1278.943	52	0.0177447
5246	1279.187	73	0.0249108
5247	1279.431	68	0.0232046
5248	1279.675	57	0.0194509
5249	1279.918	61	0.0208159
5250	1280.162	61	0.0208159
5251	1280.406	69	0.0235459
5252	1280.650	55	0.0187684
5253	1280.894	58	0.0197922
5254	1281.138	53	0.018086
5255	1281.382	61	0.0208159
5256	1281.625	63	0.0214984
5257	1281.869	62	0.0211572
5258	1282.113	61	0.0208159
5259	1282.357	57	0.0194509
5260	1282.601	71	0.0242284
5261	1282.845	56	0.0191097
5262	1283.089	65	0.0221809
5263	1283.333	65	0.0221809
5264	1283.576	62	0.0211572
5265	1283.820	42	0.0143323
5266	1284.064	59	0.0201334
5267	1284.308	66	0.0225221
5268	1284.552	48	0.0163797
5269	1284.796	65	0.0221809
5270	1285.040	58	0.0197922
5271	1285.283	67	0.0228634
5272	1285.527	55	0.0187684
5273	1285.771	65	0.0221809
5274	1286.015	75	0.0255933
5275	1286.259	75	0.0255933
5276	1286.503	62	0.0211572
5277	1286.747	57	0.0194509
5278	1286.991	56	0.0191097
5279	1287.234	57	0.0194509
5280	1287.478	46	0.0156972
5281	1287.722	51	0.0174035
5282	1287.966	63	0.0214984
5283	1288.210	63	0.0214984
5284	1288.454	44	0.0150148
5285	1288.698	59	0.0201334
5286	1288.941	54	0.0184272
5287	1289.185	45	0.015356
5288	1289.429	59	0.0201334
5289	1289.673	72	0.0245696
5290	1289.917	69	0.0235459
5291	1290.161	68	0.0232046
5292	1290.405	43	0.0146735
5293	1290.648	59	0.0201334
5294	1290.892	64	0.0218396
5295	1291.136	63	0.0214984
5296	1291.380	53	0.018086
5297	1291.624	51	0.0174035
5298	1291.868	74	0.0252521
5299	1292.112	63	0.0214984
5300	1292.356	73	0.0249108
5301	1292.599	52	0.0177447
5302	1292.843	55	0.0187684
5303	1293.087	67	0.0228634
5304	1293.331	64	0.0218396
5305	1293.575	46	0.0156972
5306	1293.819	56	0.0191097
5307	1294.063	59	0.0201334
5308	1294.306	64	0.0218396
5309	1294.550	45	0.015356
5310	1294.794	48	0.0163797
5311	1295.038	63	0.0214984
5312	1295.282	55	0.0187684
5313	1295.526	52	0.0177447
5314	1295.770	68	0.0232046
5315	1296.013	66	0.0225221
5316	1296.257	67	0.0228634
5317	1296.501	56	0.0191097
5318	1296.745	61	0.0208159
5319	1296.989	62	0.0211572
5320	1297.233	55	0.0187684
5321	1297.477	53	0.018086
5322	1297.721	55	0.0187684
5323	1297.964	73	0.0249108
5324	1298.208	66	0.0225221
5325	1298.452	63	0.0214984
5326	1298.696	58	0.0197922
5327	1298.940	71	0.0242284
5328	1299.184	48	0.0163797
5329	1299.428	56	0.0191097
5330	1299.671	63	0.0214984
5331	1299.915	55	0.0187684
5332	1300.159	48	0.0163797
5333	1300.403	66	0.0225221
5334	1300.647	61	0.0208159
5335	1300.891	60	0.0204747
5336	1301.135	57	0.0194509
5337	1301.379	59	0.0201334
5338	1301.622	57	0.0194509
5339	1301.866	53	0.018086
5340	1302.110	59	0.0201334
5341	1302.354	40	0.0136498
5342	1302.598	60	0.0204747
5343	1302.842	53	0.018086
5344	1303.086	56	0.0191097
5345	1303.329	54	0.0184272
5346	1303.573	77	0.0262758
5347	1303.817	51	0.0174035
5348	1304.061	73	0.0249108
5349	1304.305	65	0.0221809
5350	1304.549	49	0.016721
5351	1304.793	79	0.0269583
5352	1305.036	55	0.0187684
5353	1305.280	62	0.0211572
5354	1305.524	63	0.0214984
5355	1305.768	64	0.0218396
5356	1306.012	70	0.0238871
5357	1306.256	84	0.0286645
5358	1306.500	62	0.0211572
5359	1306.744	71	0.0242284
5360	1306.987	63	0.0214984
5361	1307.231	67	0.0228634
5362	1307.475	72	0.0245696
5363	1307.719	63	0.0214984
5364	1307.963	53	0.018086
5365	1308.207	71	0.0242284
5366	1308.451	61	0.0208159
5367	1308.694	74	0.0252521
5368	1308.938	56	0.0191097
5369	1309.182	57	0.0194509
5370	1309.426	58	0.0197922
5371	1309.670	69	0.0235459
5372	1309.914	63	0.0214984
5373	1310.158	58	0.0197922
5374	1310.402	68	0.0232046
5375	1310.645	60	0.0204747
5376	1310.889	68	0.0232046
5377	1311.133	56	0.0191097
5378	1311.377	49	0.016721
5379	1311.621	74	0.0252521
5380	1311.865	54	0.0184272
5381	1312.109	68	0.0232046
5382	1312.352	64	0.0218396
5383	1312.596	62	0.0211572
5384	1312.840	59	0.0201334
5385	1313.084	67	0.0228634
5386	1313.328	55	0.0187684
5387	1313.572	64	0.0218396
5388	1313.816	61	0.0208159
5389	1314.059	64	0.0218396
5390	1314.303	59	0.0201334
5391	1314.547	50	0.0170622
5392	1314.791	65	0.0221809
5393	1315.035	76	0.0259346
5394	1315.279	56	0.0191097
5395	1315.523	71	0.0242284
5396	1315.767	59	0.0201334
5397	1316.010	67	0.0228634
5398	1316.254	64	0.0218396
5399	1316.498	60	0.0204747
5400	1316.742	67	0.0228634
5401	1316.986	54	0.0184272
5402	1317.230	73	0.0249108
5403	1317.474	80	0.0272996
5404	1317.717	54	0.0184272
5405	1317.961	74	0.0252521
5406	1318.205	57	0.0194509
5407	1318.449	53	0.018086
5408	1318.693	59	0.0201334
5409	1318.937	65	0.0221809
5410	1319.181	70	0.0238871
5411	1319.424	66	0.0225221
5412	1319.668	61	0.0208159
5413	1319.912	60	0.0204747
5414	1320.156	45	0.015356
5415	1320.400	66	0.0225221
5416	1320.644	58	0.0197922
5417	1320.888	67	0.0228634
5418	1321.132	67	0.0228634
5419	1321.375	63	0.0214984
5420	1321.619	52	0.0177447
5421	1321.863	61	0.0208159
5422	1322.107	87	0.0296883
5423	1322.351	59	0.0201334
5424	1322.595	59	0.0201334
5425	1322.839	74	0.0252521
5426	1323.082	76	0.0259346
5427	1323.326	63	0.0214984
5428	1323.570	82	0.0279821
5429	1323.814	96	0.0327595
5430	1324.058	111	0.0378781
5431	1324.302	131	0.044703
5432	1324.546	152	0.0518692
5433	1324.790	148	0.0505042
5434	1325.033	191	0.0651777
5435	1325.277	188	0.064154
5436	1325.521	215	0.0733676
5437	1325.765	190	0.0648365
5438	1326.009	181	0.0617653
5439	1326.253	221	0.075415
5440	1326.497	215	0.0733676
5441	1326.740	193	0.0658602
5442	1326.984	174	0.0593765
5443	1327.228	225	0.07678
5444	1327.472	166	0.0566466
5445	1327.716	145	0.0494805
5446	1327.960	128	0.0436793
5447	1328.204	117	0.0399256
5448	1328.447	99	0.0337832
5449	1328.691	91	0.0310533
5450	1328.935	86	0.029347
5451	1329.179	74	0.0252521
5452	1329.423	78	0.0266171
5453	1329.667	80	0.0272996
5454	1329.911	74	0.0252521
5455	1330.155	94	0.032077
5456	1330.398	96	0.0327595
5457	1330.642	106	0.0361719
5458	1330.886	125	0.0426556
5459	1331.130	186	0.0634715
5460	1331.374	295	0.100667
5461	1331.618	425	0.145029
5462	1331.862	656	0.223856
5463	1332.105	1061	0.36206
5464	1332.349	1529	0.521763
5465	1332.593	2262	0.771895
5466	1332.837	2861	0.976301
5467	1333.081	3529	1.20425
5468	1333.325	4079	1.39194
5469	1333.569	4219	1.43971
5470	1333.812	4103	1.40013
5471	1334.056	3858	1.31652
5472	1334.300	3335	1.13805
5473	1334.544	2555	0.87188
5474	1334.788	1905	0.650071
5475	1335.032	1344	0.458633
5476	1335.276	880	0.300295
5477	1335.520	502	0.171305
5478	1335.763	317	0.108175
5479	1336.007	181	0.0617653
5480	1336.251	124	0.0423143
5481	1336.495	88	0.0300295
5482	1336.739	74	0.0252521
5483	1336.983	59	0.0201334
5484	1337.227	71	0.0242284
5485	1337.470	61	0.0208159
5486	1337.714	70	0.0238871
5487	1337.958	74	0.0252521
5488	1338.202	75	0.0255933
5489	1338.446	72	0.0245696
5490	1338.690	72	0.0245696
5491	1338.934	68	0.0232046
5492	1339.178	68	0.0232046
5493	1339.421	76	0.0259346
5494	1339.665	71	0.0242284
5495	1339.909	69	0.0235459
5496	1340.153	62	0.0211572
5497	1340.397	85	0.0290058
5498	1340.641	58	0.0197922
5499	1340.885	55	0.0187684
5500	1341.128	80	0.0272996
5501	1341.372	56	0.0191097
5502	1341.616	63	0.0214984
5503	1341.860	62	0.0211572
5504	1342.104	60	0.0204747
5505	1342.348	62	0.0211572
5506	1342.592	65	0.0221809
5507	1342.835	72	0.0245696
5508	1343.079	72	0.0245696
5509	1343.323	63	0.0214984
5510	1343.567	73	0.0249108
5511	1343.811	64	0.0218396
5512	1344.055	65	0.0221809
5513	1344.299	62	0.0211572
5514	1344.543	67	0.0228634
5515	1344.786	76	0.0259346
5516	1345.030	87	0.0296883
5517	1345.274	61	0.0208159
5518	1345.518	66	0.0225221
5519	1345.762	62	0.0211572
5520	1346.006	54	0.0184272
5521	1346.250	61	0.0208159
5522	1346.493	71	0.0242284
5523	1346.737	63	0.0214984
5524	1346.981	74	0.0252521
5525	1347.225	56	0.0191097
5526	1347.469	57	0.0194509
5527	1347.713	64	0.0218396
5528	1347.957	69	0.0235459
5529	1348.200	71	0.0242284
5530	1348.444	71	0.0242284
5531	1348.688	73	0.0249108
5532	1348.932	55	0.0187684
5533	1349.176	60	0.0204747
5534	1349.420	73	0.0249108
5535	1349.664	58	0.0197922
5536	1349.908	60	0.0204747
5537	1350.151	71	0.0242284
5538	1350.395	78	0.0266171
5539	1350.639	78	0.0266171
5540	1350.883	59	0.0201334
5541	1351.127	62	0.0211572
5542	1351.371	71	0.0242284
5543	1351.615	65	0.0221809
5544	1351.858	63	0.0214984
5545	1352.102	63	0.0214984
5546	1352.346	58	0.0197922
5547	1352.590	61	0.0208159
5548	1352.834	73	0.0249108
5549	1353.078	68	0.0232046
5550	1353.322	66	0.0225221
5551	1353.566	60	0.0204747
5552	1353.809	49	0.016721
5553	1354.053	60	0.0204747
5554	1354.297	57	0.0194509
5555	1354.541	64	0.0218396
5556	1354.785	65	0.0221809
5557	1355.029	63	0.0214984
5558	1355.273	88	0.0300295
5559	1355.516	62	0.0211572
5560	1355.760	80	0.0272996
5561	1356.004	73	0.0249108
5562	1356.248	67	0.0228634
5563	1356.492	76	0.0259346
5564	1356.736	65	0.0221809
5565	1356.980	64	0.0218396
5566	1357.223	55	0.0187684
5567	1357.467	58	0.0197922
5568	1357.711	68	0.0232046
5569	1357.955	51	0.0174035
5570	1358.199	58	0.0197922
5571	1358.443	67	0.0228634
5572	1358.687	69	0.0235459
5573	1358.931	56	0.0191097
5574	1359.174	53	0.018086
5575	1359.418	76	0.0259346
5576	1359.662	49	0.016721
5577	1359.906	65	0.0221809
5578	1360.150	70	0.0238871
5579	1360.394	51	0.0174035
5580	1360.638	65	0.0221809
5581	1360.881	69	0.0235459
5582	1361.125	58	0.0197922
5583	1361.369	55	0.0187684
5584	1361.613	66	0.0225221
5585	1361.857	63	0.0214984
5586	1362.101	66	0.0225221
5587	1362.345	59	0.0201334
5588	1362.589	72	0.0245696
5589	1362.832	66	0.0225221
5590	1363.076	63	0.0214984
5591	1363.320	78	0.0266171
5592	1363.564	62	0.0211572
5593	1363.808	43	0.0146735
5594	1364.052	54	0.0184272
5595	1364.296	65	0.0221809
5596	1364.539	60	0.0204747
5597	1364.783	59	0.0201334
5598	1365.027	71	0.0242284
5599	1365.271	61	0.0208159
5600	1365.515	62	0.0211572
5601	1365.759	69	0.0235459
5602	1366.003	72	0.0245696
5603	1366.246	56	0.0191097
5604	1366.490	66	0.0225221
5605	1366.734	68	0.0232046
5606	1366.978	78	0.0266171
5607	1367.222	80	0.0272996
5608	1367.466	83	0.0283233
5609	1367.710	68	0.0232046
5610	1367.954	66	0.0225221
5611	1368.197	64	0.0218396
5612	1368.441	59	0.0201334
5613	1368.685	66	0.0225221
5614	1368.929	59	0.0201334
5615	1369.173	60	0.0204747
5616	1369.417	69	0.0235459
5617	1369.661	56	0.0191097
5618	1369.904	67	0.0228634
5619	1370.148	47	0.0160385
5620	1370.392	69	0.0235459
5621	1370.636	64	0.0218396
5622	1370.880	51	0.0174035
5623	1371.124	60	0.0204747
5624	1371.368	54	0.0184272
5625	1371.611	59	0.0201334
5626	1371.855	63	0.0214984
5627	1372.099	64	0.0218396
5628	1372.343	67	0.0228634
5629	1372.587	61	0.0208159
5630	1372.831	65	0.0221809
5631	1373.075	67	0.0228634
5632	1373.319	64	0.0218396
5633	1373.562	63	0.0214984
5634	1373.806	57	0.0194509
5635	1374.050	50	0.0170622
5636	1374.294	47	0.0160385
5637	1374.538	61	0.0208159
5638	1374.782	56	0.0191097
5639	1375.026	63	0.0214984
5640	1375.269	68	0.0232046
5641	1375.513	56	0.0191097
5642	1375.757	58	0.0197922
5643	1376.001	82	0.0279821
5644	1376.245	64	0.0218396
5645	1376.489	55	0.0187684
5646	1376.733	51	0.0174035
5647	1376.977	67	0.0228634
5648	1377.220	71	0.0242284
5649	1377.464	68	0.0232046
5650	1377.708	64	0.0218396
5651	1377.952	82	0.0279821
5652	1378.196	63	0.0214984
5653	1378.440	67	0.0228634
5654	1378.684	64	0.0218396
5655	1378.927	50	0.0170622
5656	1379.171	77	0.0262758
5657	1379.415	52	0.0177447
5658	1379.659	77	0.0262758
5659	1379.903	61	0.0208159
5660	1380.147	67	0.0228634
5661	1380.391	58	0.0197922
5662	1380.634	56	0.0191097
5663	1380.878	83	0.0283233
5664	1381.122	71	0.0242284
5665	1381.366	72	0.0245696
5666	1381.610	76	0.0259346
5667	1381.854	61	0.0208159
5668	1382.098	74	0.0252521
5669	1382.342	60	0.0204747
5670	1382.585	59	0.0201334
5671	1382.829	57	0.0194509
5672	1383.073	63	0.0214984
5673	1383.317	68	0.0232046
5674	1383.561	61	0.0208159
5675	1383.805	65	0.0221809
5676	1384.049	73	0.0249108
5677	1384.292	57	0.0194509
5678	1384.536	54	0.0184272
5679	1384.780	55	0.0187684
5680	1385.024	77	0.0262758
5681	1385.268	58	0.0197922
5682	1385.512	58	0.0197922
5683	1385.756	47	0.0160385
5684	1385.999	59	0.0201334
5685	1386.243	67	0.0228634
5686	1386.487	47	0.0160385
5687	1386.731	58	0.0197922
5688	1386.975	67	0.0228634
5689	1387.219	67	0.0228634
5690	1387.463	75	0.0255933
5691	1387.707	67	0.0228634
5692	1387.950	66	0.0225221
5693	1388.194	69	0.0235459
5694	1388.438	51	0.0174035
5695	1388.682	78	0.0266171
5696	1388.926	65	0.0221809
5697	1389.170	62	0.0211572
5698	1389.414	71	0.0242284
5699	1389.657	59	0.0201334
5700	1389.901	79	0.0269583
5701	1390.145	79	0.0269583
5702	1390.389	86	0.029347
5703	1390.633	61	0.0208159
5704	1390.877	51	0.0174035
5705	1391.121	65	0.0221809
5706	1391.365	75	0.0255933
5707	1391.608	75	0.0255933
5708	1391.852	73	0.0249108
5709	1392.096	63	0.0214984
5710	1392.340	50	0.0170622
5711	1392.584	66	0.0225221
5712	1392.828	66	0.0225221
5713	1393.072	70	0.0238871
5714	1393.315	63	0.0214984
5715	1393.559	73	0.0249108
5716	1393.803	65	0.0221809
5717	1394.047	66	0.0225221
5718	1394.291	68	0.0232046
5719	1394.535	64	0.0218396
5720	1394.779	68	0.0232046
5721	1395.022	62	0.0211572
5722	1395.266	71	0.0242284
5723	1395.510	63	0.0214984
5724	1395.754	78	0.0266171
5725	1395.998	64	0.0218396
5726	1396.242	58	0.0197922
5727	1396.486	75	0.0255933
5728	1396.730	62	0.0211572
5729	1396.973	54	0.0184272
5730	1397.217	70	0.0238871
5731	1397.461	74	0.0252521
5732	1397.705	69	0.0235459
5733	1397.949	88	0.0300295
5734	1398.193	73	0.0249108
5735	1398.437	76	0.0259346
5736	1398.680	64	0.0218396
5737	1398.924	63	0.0214984
5738	1399.168	90	0.030712
5739	1399.412	74	0.0252521
5740	1399.656	83	0.0283233
5741	1399.900	72	0.0245696
5742	1400.144	68	0.0232046
5743	1400.388	56	0.0191097
5744	1400.631	67	0.0228634
5745	1400.875	62	0.0211572
5746	1401.119	60	0.0204747
5747	1401.363	76	0.0259346
5748	1401.607	73	0.0249108
5749	1401.851	79	0.0269583
5750	1402.095	66	0.0225221
5751	1402.338	68	0.0232046
5752	1402.582	73	0.0249108
5753	1402.826	67	0.0228634
5754	1403.070	64	0.0218396
5755	1403.314	52	0.0177447
5756	1403.558	55	0.0187684
5757	1403.802	78	0.0266171
5758	1404.045	61	0.0208159
5759	1404.289	66	0.0225221
5760	1404.533	58	0.0197922
5761	1404.777	66	0.0225221
5762	1405.021	59	0.0201334
5763	1405.265	62	0.0211572
5764	1405.509	80	0.0272996
5765	1405.753	55	0.0187684
5766	1405.996	63	0.0214984
5767	1406.240	71	0.0242284
5768	1406.484	58	0.0197922
5769	1406.728	61	0.0208159
5770	1406.972	89	0.0303708
5771	1407.216	58	0.0197922
5772	1407.460	70	0.0238871
5773	1407.703	80	0.0272996
5774	1407.947	54	0.0184272
5775	1408.191	67	0.0228634
5776	1408.435	62	0.0211572
5777	1408.679	82	0.0279821
5778	1408.923	62	0.0211572
5779	1409.167	79	0.0269583
5780	1409.410	74	0.0252521
5781	1409.654	72	0.0245696
5782	1409.898	76	0.0259346
5783	1410.142	79	0.0269583
5784	1410.386	56	0.0191097
5785	1410.630	74	0.0252521
5786	1410.874	77	0.0262758
5787	1411.118	75	0.0255933
5788	1411.361	60	0.0204747
5789	1411.605	64	0.0218396
5790	1411.849	65	0.0221809
5791	1412.093	59	0.0201334
5792	1412.337	71	0.0242284
5793	1412.581	61	0.0208159
5794	1412.825	72	0.0245696
5795	1413.068	60	0.0204747
5796	1413.312	70	0.0238871
5797	1413.556	61	0.0208159
5798	1413.800	68	0.0232046
5799	1414.044	52	0.0177447
5800	1414.288	81	0.0276408
5801	1414.532	79	0.0269583
5802	1414.776	67	0.0228634
5803	1415.019	72	0.0245696
5804	1415.263	68	0.0232046
5805	1415.507	78	0.0266171
5806	1415.751	80	0.0272996
5807	1415.995	64	0.0218396
5808	1416.239	69	0.0235459
5809	1416.483	80	0.0272996
5810	1416.726	68	0.0232046
5811	1416.970	68	0.0232046
5812	1417.214	75	0.0255933
5813	1417.458	69	0.0235459
5814	1417.702	82	0.0279821
5815	1417.946	67	0.0228634
5816	1418.190	72	0.0245696
5817	1418.433	61	0.0208159
5818	1418.677	51	0.0174035
5819	1418.921	75	0.0255933
5820	1419.165	81	0.0276408
5821	1419.409	86	0.029347
5822	1419.653	70	0.0238871
5823	1419.897	63	0.0214984
5824	1420.141	67	0.0228634
5825	1420.384	80	0.0272996
5826	1420.628	68	0.0232046
5827	1420.872	77	0.0262758
5828	1421.116	63	0.0214984
5829	1421.360	77	0.0262758
5830	1421.604	61	0.0208159
5831	1421.848	74	0.0252521
5832	1422.091	67	0.0228634
5833	1422.335	67	0.0228634
5834	1422.579	64	0.0218396
5835	1422.823	69	0.0235459
5836	1423.067	66	0.0225221
5837	1423.311	84	0.0286645
5838	1423.555	71	0.0242284
5839	1423.798	69	0.0235459
5840	1424.042	93	0.0317357
5841	1424.286	84	0.0286645
5842	1424.530	73	0.0249108
5843	1424.774	81	0.0276408
5844	1425.018	68	0.0232046
5845	1425.262	66	0.0225221
5846	1425.506	84	0.0286645
5847	1425.749	72	0.0245696
5848	1425.993	63	0.0214984
5849	1426.237	67	0.0228634
5850	1426.481	67	0.0228634
5851	1426.725	69	0.0235459
5852	1426.969	79	0.0269583
5853	1427.213	70	0.0238871
5854	1427.456	96	0.0327595
5855	1427.700	62	0.0211572
5856	1427.944	67	0.0228634
5857	1428.188	68	0.0232046
5858	1428.432	74	0.0252521
5859	1428.676	68	0.0232046
5860	1428.920	72	0.0245696
5861	1429.164	64	0.0218396
5862	1429.407	80	0.0272996
5863	1429.651	82	0.0279821
5864	1429.895	78	0.0266171
5865	1430.139	76	0.0259346
5866	1430.383	76	0.0259346
5867	1430.627	71	0.0242284
5868	1430.871	49	0.016721
5869	1431.114	69	0.0235459
5870	1431.358	71	0.0242284
5871	1431.602	69	0.0235459
5872	1431.846	71	0.0242284
5873	1432.090	77	0.0262758
5874	1432.334	75	0.0255933
5875	1432.578	80	0.0272996
5876	1432.821	66	0.0225221
5877	1433.065	76	0.0259346
5878	1433.309	68	0.0232046
5879	1433.553	73	0.0249108
5880	1433.797	81	0.0276408
5881	1434.041	69	0.0235459
5882	1434.285	64	0.0218396
5883	1434.529	85	0.0290058
5884	1434.772	70	0.0238871
5885	1435.016	73	0.0249108
5886	1435.260	94	0.032077
5887	1435.504	74	0.0252521
5888	1435.748	62	0.0211572
5889	1435.992	84	0.0286645
5890	1436.236	53	0.018086
5891	1436.479	62	0.0211572
5892	1436.723	73	0.0249108
5893	1436.967	83	0.0283233
5894	1437.211	72	0.0245696
5895	1437.455	82	0.0279821
5896	1437.699	69	0.0235459
5897	1437.943	86	0.029347
5898	1438.186	72	0.0245696
5899	1438.430	81	0.0276408
5900	1438.674	64	0.0218396
5901	1438.918	84	0.0286645
5902	1439.162	91	0.0310533
5903	1439.406	78	0.0266171
5904	1439.650	73	0.0249108
5905	1439.894	72	0.0245696
5906	1440.137	81	0.0276408
5907	1440.381	79	0.0269583
5908	1440.625	68	0.0232046
5909	1440.869	74	0.0252521
5910	1441.113	85	0.0290058
5911	1441.357	71	0.0242284
5912	1441.601	72	0.0245696
5913	1441.844	70	0.0238871
5914	1442.088	77	0.0262758
5915	1442.332	73	0.0249108
5916	1442.576	74	0.0252521
5917	1442.820	68	0.0232046
5918	1443.064	89	0.0303708
5919	1443.308	79	0.0269583
5920	1443.552	67	0.0228634
5921	1443.795	83	0.0283233
5922	1444.039	68	0.0232046
5923	1444.283	82	0.0279821
5924	1444.527	67	0.0228634
5925	1444.771	82	0.0279821
5926	1445.015	65	0.0221809
5927	1445.259	72	0.0245696
5928	1445.502	75	0.0255933
5929	1445.746	78	0.0266171
5930	1445.990	66	0.0225221
5931	1446.234	77	0.0262758
5932	1446.478	87	0.0296883
5933	1446.722	73	0.0249108
5934	1446.966	53	0.018086
5935	1447.209	85	0.0290058
5936	1447.453	82	0.0279821
5937	1447.697	80	0.0272996
5938	1447.941	83	0.0283233
5939	1448.185	67	0.0228634
5940	1448.429	70	0.0238871
5941	1448.673	74	0.0252521
5942	1448.917	69	0.0235459
5943	1449.160	69	0.0235459
5944	1449.404	76	0.0259346
5945	1449.648	74	0.0252521
5946	1449.892	79	0.0269583
5947	1450.136	68	0.0232046
5948	1450.380	75	0.0255933
5949	1450.624	81	0.0276408
5950	1450.867	72	0.0245696
5951	1451.111	83	0.0283233
5952	1451.355	66	0.0225221
5953	1451.599	70	0.0238871
5954	1451.843	93	0.0317357
5955	1452.087	75	0.0255933
5956	1452.331	65	0.0221809
5957	1452.575	87	0.0296883
5958	1452.818	73	0.0249108
5959	1453.062	89	0.0303708
5960	1453.306	76	0.0259346
5961	1453.550	82	0.0279821
5962	1453.794	77	0.0262758
5963	1454.038	91	0.0310533
5964	1454.282	68	0.0232046
5965	1454.525	78	0.0266171
5966	1454.769	85	0.0290058
5967	1455.013	71	0.0242284
5968	1455.257	77	0.0262758
5969	1455.501	70	0.0238871
5970	1455.745	73	0.0249108
5971	1455.989	74	0.0252521
5972	1456.232	72	0.0245696
5973	1456.476	58	0.0197922
5974	1456.720	78	0.0266171
5975	1456.964	71	0.0242284
5976	1457.208	79	0.0269583
5977	1457.452	68	0.0232046
5978	1457.696	79	0.0269583
5979	1457.940	82	0.0279821
5980	1458.183	73	0.0249108
5981	1458.427	90	0.030712
5982	1458.671	84	0.0286645
5983	1458.915	72	0.0245696
5984	1459.159	84	0.0286645
5985	1459.403	78	0.0266171
5986	1459.647	83	0.0283233
5987	1459.890	69	0.0235459
5988	1460.134	89	0.0303708
5989	1460.378	57	0.0194509
5990	1460.622	65	0.0221809
5991	1460.866	88	0.0300295
5992	1461.110	91	0.0310533
5993	1461.354	78	0.0266171
5994	1461.597	67	0.0228634
5995	1461.841	80	0.0272996
5996	1462.085	86	0.029347
5997	1462.329	78	0.0266171
5998	1462.573	80	0.0272996
5999	1462.817	80	0.0272996
6000	1463.061	83	0.0283233
6001	1463.305	89	0.0303708
6002	1463.548	92	0.0313945
6003	1463.792	67	0.0228634
6004	1464.036	86	0.029347
6005	1464.280	62	0.0211572
6006	1464.524	79	0.0269583
6007	1464.768	82	0.0279821
6008	1465.012	90	0.030712
6009	1465.255	72	0.0245696
6010	1465.499	68	0.0232046
6011	1465.743	87	0.0296883
6012	1465.987	74	0.0252521
6013	1466.231	66	0.0225221
6014	1466.475	46	0.0156972
6015	1466.719	81	0.0276408
6016	1466.963	67	0.0228634
6017	1467.206	78	0.0266171
6018	1467.450	66	0.0225221
6019	1467.694	97	0.0331007
6020	1467.938	90	0.030712
6021	1468.182	89	0.0303708
6022	1468.426	68	0.0232046
6023	1468.670	76	0.0259346
6024	1468.913	86	0.029347
6025	1469.157	66	0.0225221
6026	1469.401	91	0.0310533
6027	1469.645	80	0.0272996
6028	1469.889	82	0.0279821
6029	1470.133	83	0.0283233
6030	1470.377	82	0.0279821
6031	1470.620	77	0.0262758
6032	1470.864	83	0.0283233
6033	1471.108	79	0.0269583
6034	1471.352	84	0.0286645
6035	1471.596	78	0.0266171
6036	1471.840	68	0.0232046
6037	1472.084	83	0.0283233
6038	1472.328	79	0.0269583
6039	1472.571	80	0.0272996
6040	1472.815	92	0.0313945
6041	1473.059	77	0.0262758
6042	1473.303	77	0.0262758
6043	1473.547	84	0.0286645
6044	1473.791	77	0.0262758
6045	1474.035	78	0.0266171
6046	1474.278	81	0.0276408
6047	1474.522	87	0.0296883
6048	1474.766	101	0.0344657
6049	1475.010	84	0.0286645
6050	1475.254	90	0.030712
6051	1475.498	88	0.0300295
6052	1475.742	89	0.0303708
6053	1475.985	71	0.0242284
6054	1476.229	90	0.030712
6055	1476.473	79	0.0269583
6056	1476.717	79	0.0269583
6057	1476.961	76	0.0259346
6058	1477.205	80	0.0272996
6059	1477.449	85	0.0290058
6060	1477.693	64	0.0218396
6061	1477.936	86	0.029347
6062	1478.180	88	0.0300295
6063	1478.424	90	0.030712
6064	1478.668	80	0.0272996
6065	1478.912	69	0.0235459
6066	1479.156	79	0.0269583
6067	1479.400	73	0.0249108
6068	1479.643	89	0.0303708
6069	1479.887	68	0.0232046
6070	1480.131	84	0.0286645
6071	1480.375	64	0.0218396
6072	1480.619	85	0.0290058
6073	1480.863	77	0.0262758
6074	1481.107	79	0.0269583
6075	1481.351	87	0.0296883
6076	1481.594	70	0.0238871
6077	1481.838	77	0.0262758
6078	1482.082	68	0.0232046
6079	1482.326	71	0.0242284
6080	1482.570	81	0.0276408
6081	1482.814	77	0.0262758
6082	1483.058	95	0.0324182
6083	1483.301	71	0.0242284
6084	1483.545	84	0.0286645
6085	1483.789	75	0.0255933
6086	1484.033	78	0.0266171
6087	1484.277	80	0.0272996
6088	1484.521	88	0.0300295
6089	1484.765	86	0.029347
6090	1485.008	82	0.0279821
6091	1485.252	83	0.0283233
6092	1485.496	88	0.0300295
6093	1485.740	77	0.0262758
6094	1485.984	71	0.0242284
6095	1486.228	88	0.0300295
6096	1486.472	73	0.0249108
6097	1486.716	75	0.0255933
6098	1486.959	75	0.0255933
6099	1487.203	82	0.0279821
6100	1487.447	80	0.0272996
6101	1487.691	75	0.0255933
6102	1487.935	73	0.0249108
6103	1488.179	81	0.0276408
6104	1488.423	88	0.0300295
6105	1488.666	72	0.0245696
6106	1488.910	85	0.0290058
6107	1489.154	85	0.0290058
6108	1489.398	81	0.0276408
6109	1489.642	89	0.0303708
6110	1489.886	64	0.0218396
6111	1490.130	73	0.0249108
6112	1490.373	85	0.0290058
6113	1490.617	78	0.0266171
6114	1490.861	79	0.0269583
6115	1491.105	75	0.0255933
6116	1491.349	72	0.0245696
6117	1491.593	78	0.0266171
6118	1491.837	82	0.0279821
6119	1492.081	72	0.0245696
6120	1492.324	83	0.0283233
6121	1492.568	90	0.030712
6122	1492.812	89	0.0303708
6123	1493.056	74	0.0252521
6124	1493.300	85	0.0290058
6125	1493.544	80	0.0272996
6126	1493.788	97	0.0331007
6127	1494.031	102	0.0348069
6128	1494.275	73	0.0249108
6129	1494.519	80	0.0272996
6130	1494.763	66	0.0225221
6131	1495.007	90	0.030712
6132	1495.251	77	0.0262758
6133	1495.495	92	0.0313945
6134	1495.739	84	0.0286645
6135	1495.982	81	0.0276408
6136	1496.226	88	0.0300295
6137	1496.470	69	0.0235459
6138	1496.714	85	0.0290058
6139	1496.958	88	0.0300295
6140	1497.202	78	0.0266171
6141	1497.446	76	0.0259346
6142	1497.689	95	0.0324182
6143	1497.933	97	0.0331007
6144	1498.177	82	0.0279821
6145	1498.421	78	0.0266171
6146	1498.665	90	0.030712
6147	1498.909	86	0.029347
6148	1499.153	87	0.0296883
6149	1499.396	76	0.0259346
6150	1499.640	83	0.0283233
6151	1499.884	93	0.0317357
6152	1500.128	76	0.0259346
6153	1500.372	99	0.0337832
6154	1500.616	75	0.0255933
6155	1500.860	90	0.030712
6156	1501.104	79	0.0269583
6157	1501.347	94	0.032077
6158	1501.591	88	0.0300295
6159	1501.835	83	0.0283233
6160	1502.079	92	0.0313945
6161	1502.323	75	0.0255933
6162	1502.567	87	0.0296883
6163	1502.811	84	0.0286645
6164	1503.054	69	0.0235459
6165	1503.298	78	0.0266171
6166	1503.542	101	0.0344657
6167	1503.786	86	0.029347
6168	1504.030	77	0.0262758
6169	1504.274	92	0.0313945
6170	1504.518	78	0.0266171
6171	1504.762	73	0.0249108
6172	1505.005	114	0.0389019
6173	1505.249	76	0.0259346
6174	1505.493	101	0.0344657
6175	1505.737	102	0.0348069
6176	1505.981	89	0.0303708
6177	1506.225	95	0.0324182
6178	1506.469	83	0.0283233
6179	1506.712	82	0.0279821
6180	1506.956	88	0.0300295
6181	1507.200	74	0.0252521
6182	1507.444	99	0.0337832
6183	1507.688	88	0.0300295
6184	1507.932	87	0.0296883
6185	1508.176	98	0.033442
6186	1508.419	80	0.0272996
6187	1508.663	101	0.0344657
6188	1508.907	96	0.0327595
6189	1509.151	80	0.0272996
6190	1509.395	86	0.029347
6191	1509.639	85	0.0290058
6192	1509.883	82	0.0279821
6193	1510.127	93	0.0317357
6194	1510.370	69	0.0235459
6195	1510.614	75	0.0255933
6196	1510.858	87	0.0296883
6197	1511.102	95	0.0324182
6198	1511.346	101	0.0344657
6199	1511.590	69	0.0235459
6200	1511.834	96	0.0327595
6201	1512.077	91	0.0310533
6202	1512.321	85	0.0290058
6203	1512.565	79	0.0269583
6204	1512.809	86	0.029347
6205	1513.053	89	0.0303708
6206	1513.297	80	0.0272996
6207	1513.541	93	0.0317357
6208	1513.784	98	0.033442
6209	1514.028	113	0.0385606
6210	1514.272	87	0.0296883
6211	1514.516	73	0.0249108
6212	1514.760	100	0.0341245
6213	1515.004	92	0.0313945
6214	1515.248	94	0.032077
6215	1515.492	83	0.0283233
6216	1515.735	79	0.0269583
6217	1515.979	97	0.0331007
6218	1516.223	94	0.032077
6219	1516.467	64	0.0218396
6220	1516.711	86	0.029347
6221	1516.955	102	0.0348069
6222	1517.199	89	0.0303708
6223	1517.442	89	0.0303708
6224	1517.686	103	0.0351482
6225	1517.930	80	0.0272996
6226	1518.174	82	0.0279821
6227	1518.418	81	0.0276408
6228	1518.662	99	0.0337832
6229	1518.906	79	0.0269583
6230	1519.150	91	0.0310533
6231	1519.393	88	0.0300295
6232	1519.637	85	0.0290058
6233	1519.881	93	0.0317357
6234	1520.125	92	0.0313945
6235	1520.369	96	0.0327595
6236	1520.613	90	0.030712
6237	1520.857	77	0.0262758
6238	1521.100	103	0.0351482
6239	1521.344	73	0.0249108
6240	1521.588	99	0.0337832
6241	1521.832	99	0.0337832
6242	1522.076	112	0.0382194
6243	1522.320	90	0.030712
6244	1522.564	98	0.033442
6245	1522.807	92	0.0313945
6246	1523.051	92	0.0313945
6247	1523.295	94	0.032077
6248	1523.539	98	0.033442
6249	1523.783	77	0.0262758
6250	1524.027	75	0.0255933
6251	1524.271	99	0.0337832
6252	1524.515	86	0.029347
6253	1524.758	77	0.0262758
6254	1525.002	74	0.0252521
6255	1525.246	102	0.0348069
6256	1525.490	109	0.0371957
6257	1525.734	107	0.0365132
6258	1525.978	87	0.0296883
6259	1526.222	85	0.0290058
6260	1526.465	86	0.029347
6261	1526.709	84	0.0286645
6262	1526.953	94	0.032077
6263	1527.197	84	0.0286645
6264	1527.441	95	0.0324182
6265	1527.685	90	0.030712
6266	1527.929	96	0.0327595
6267	1528.172	100	0.0341245
6268	1528.416	92	0.0313945
6269	1528.660	103	0.0351482
6270	1528.904	90	0.030712
6271	1529.148	87	0.0296883
6272	1529.392	85	0.0290058
6273	1529.636	89	0.0303708
6274	1529.880	83	0.0283233
6275	1530.123	98	0.033442
6276	1530.367	98	0.033442
6277	1530.611	87	0.0296883
6278	1530.855	93	0.0317357
6279	1531.099	108	0.0368544
6280	1531.343	94	0.032077
6281	1531.587	90	0.030712
6282	1531.830	87	0.0296883
6283	1532.074	111	0.0378781
6284	1532.318	92	0.0313945
6285	1532.562	119	0.0406081
6286	1532.806	98	0.033442
6287	1533.050	83	0.0283233
6288	1533.294	94	0.032077
6289	1533.538	96	0.0327595
6290	1533.781	88	0.0300295
6291	1534.025	84	0.0286645
6292	1534.269	96	0.0327595
6293	1534.513	96	0.0327595
6294	1534.757	108	0.0368544
6295	1535.001	103	0.0351482
6296	1535.245	102	0.0348069
6297	1535.488	106	0.0361719
6298	1535.732	94	0.032077
6299	1535.976	91	0.0310533
6300	1536.220	89	0.0303708
6301	1536.464	90	0.030712
6302	1536.708	97	0.0331007
6303	1536.952	85	0.0290058
6304	1537.195	112	0.0382194
6305	1537.439	97	0.0331007
6306	1537.683	110	0.0375369
6307	1537.927	86	0.029347
6308	1538.171	102	0.0348069
6309	1538.415	99	0.0337832
6310	1538.659	77	0.0262758
6311	1538.903	105	0.0358307
6312	1539.146	95	0.0324182
6313	1539.390	108	0.0368544
6314	1539.634	114	0.0389019
6315	1539.878	91	0.0310533
6316	1540.122	94	0.032077
6317	1540.366	105	0.0358307
6318	1540.610	109	0.0371957
6319	1540.853	89	0.0303708
6320	1541.097	114	0.0389019
6321	1541.341	107	0.0365132
6322	1541.585	92	0.0313945
6323	1541.829	106	0.0361719
6324	1542.073	124	0.0423143
6325	1542.317	99	0.0337832
6326	1542.560	95	0.0324182
6327	1542.804	101	0.0344657
6328	1543.048	109	0.0371957
6329	1543.292	120	0.0409493
6330	1543.536	106	0.0361719
6331	1543.780	96	0.0327595
6332	1544.024	100	0.0341245
6333	1544.268	100	0.0341245
6334	1544.511	104	0.0354894
6335	1544.755	95	0.0324182
6336	1544.999	114	0.0389019
6337	1545.243	132	0.0450443
6338	1545.487	87	0.0296883
6339	1545.731	109	0.0371957
6340	1545.975	100	0.0341245
6341	1546.218	107	0.0365132
6342	1546.462	91	0.0310533
6343	1546.706	123	0.0419731
6344	1546.950	125	0.0426556
6345	1547.194	94	0.032077
6346	1547.438	93	0.0317357
6347	1547.682	110	0.0375369
6348	1547.926	103	0.0351482
6349	1548.169	103	0.0351482
6350	1548.413	97	0.0331007
6351	1548.657	106	0.0361719
6352	1548.901	103	0.0351482
6353	1549.145	106	0.0361719
6354	1549.389	96	0.0327595
6355	1549.633	98	0.033442
6356	1549.876	103	0.0351482
6357	1550.120	116	0.0395844
6358	1550.364	108	0.0368544
6359	1550.608	118	0.0402669
6360	1550.852	97	0.0331007
6361	1551.096	101	0.0344657
6362	1551.340	98	0.033442
6363	1551.583	112	0.0382194
6364	1551.827	76	0.0259346
6365	1552.071	107	0.0365132
6366	1552.315	91	0.0310533
6367	1552.559	116	0.0395844
6368	1552.803	104	0.0354894
6369	1553.047	125	0.0426556
6370	1553.291	105	0.0358307
6371	1553.534	104	0.0354894
6372	1553.778	108	0.0368544
6373	1554.022	83	0.0283233
6374	1554.266	109	0.0371957
6375	1554.510	100	0.0341245
6376	1554.754	102	0.0348069
6377	1554.998	101	0.0344657
6378	1555.241	106	0.0361719
6379	1555.485	101	0.0344657
6380	1555.729	106	0.0361719
6381	1555.973	94	0.032077
6382	1556.217	122	0.0416318
6383	1556.461	99	0.0337832
6384	1556.705	115	0.0392431
6385	1556.949	112	0.0382194
6386	1557.192	115	0.0392431
6387	1557.436	115	0.0392431
6388	1557.680	102	0.0348069
6389	1557.924	126	0.0429968
6390	1558.168	108	0.0368544
6391	1558.412	115	0.0392431
6392	1558.656	97	0.0331007
6393	1558.899	114	0.0389019
6394	1559.143	105	0.0358307
6395	1559.387	117	0.0399256
6396	1559.631	110	0.0375369
6397	1559.875	105	0.0358307
6398	1560.119	92	0.0313945
6399	1560.363	106	0.0361719
6400	1560.606	90	0.030712
6401	1560.850	108	0.0368544
6402	1561.094	107	0.0365132
6403	1561.338	114	0.0389019
6404	1561.582	89	0.0303708
6405	1561.826	123	0.0419731
6406	1562.070	106	0.0361719
6407	1562.314	112	0.0382194
6408	1562.557	118	0.0402669
6409	1562.801	115	0.0392431
6410	1563.045	109	0.0371957
6411	1563.289	102	0.0348069
6412	1563.533	105	0.0358307
6413	1563.777	115	0.0392431
6414	1564.021	106	0.0361719
6415	1564.264	108	0.0368544
6416	1564.508	129	0.0440205
6417	1564.752	114	0.0389019
6418	1564.996	98	0.033442
6419	1565.240	116	0.0395844
6420	1565.484	92	0.0313945
6421	1565.728	123	0.0419731
6422	1565.971	116	0.0395844
6423	1566.215	115	0.0392431
6424	1566.459	118	0.0402669
6425	1566.703	104	0.0354894
6426	1566.947	124	0.0423143
6427	1567.191	107	0.0365132
6428	1567.435	115	0.0392431
6429	1567.679	104	0.0354894
6430	1567.922	83	0.0283233
6431	1568.166	130	0.0443618
6432	1568.410	119	0.0406081
6433	1568.654	113	0.0385606
6434	1568.898	116	0.0395844
6435	1569.142	122	0.0416318
6436	1569.386	121	0.0412906
6437	1569.629	123	0.0419731
6438	1569.873	116	0.0395844
6439	1570.117	120	0.0409493
6440	1570.361	103	0.0351482
6441	1570.605	127	0.0433381
6442	1570.849	113	0.0385606
6443	1571.093	113	0.0385606
6444	1571.337	127	0.0433381
6445	1571.580	121	0.0412906
6446	1571.824	111	0.0378781
6447	1572.068	137	0.0467505
6448	1572.312	112	0.0382194
6449	1572.556	118	0.0402669
6450	1572.800	130	0.0443618
6451	1573.044	128	0.0436793
6452	1573.287	112	0.0382194
6453	1573.531	117	0.0399256
6454	1573.775	129	0.0440205
6455	1574.019	125	0.0426556
6456	1574.263	135	0.046068
6457	1574.507	108	0.0368544
6458	1574.751	119	0.0406081
6459	1574.994	125	0.0426556
6460	1575.238	116	0.0395844
6461	1575.482	119	0.0406081
6462	1575.726	120	0.0409493
6463	1575.970	102	0.0348069
6464	1576.214	115	0.0392431
6465	1576.458	111	0.0378781
6466	1576.702	95	0.0324182
6467	1576.945	116	0.0395844
6468	1577.189	137	0.0467505
6469	1577.433	102	0.0348069
6470	1577.677	120	0.0409493
6471	1577.921	125	0.0426556
6472	1578.165	118	0.0402669
6473	1578.409	123	0.0419731
6474	1578.652	116	0.0395844
6475	1578.896	128	0.0436793
6476	1579.140	111	0.0378781
6477	1579.384	131	0.044703
6478	1579.628	115	0.0392431
6479	1579.872	87	0.0296883
6480	1580.116	122	0.0416318
6481	1580.359	114	0.0389019
6482	1580.603	103	0.0351482
6483	1580.847	127	0.0433381
6484	1581.091	113	0.0385606
6485	1581.335	103	0.0351482
6486	1581.579	119	0.0406081
6487	1581.823	123	0.0419731
6488	1582.067	112	0.0382194
6489	1582.310	123	0.0419731
6490	1582.554	129	0.0440205
6491	1582.798	114	0.0389019
6492	1583.042	132	0.0450443
6493	1583.286	127	0.0433381
6494	1583.530	107	0.0365132
6495	1583.774	115	0.0392431
6496	1584.017	115	0.0392431
6497	1584.261	118	0.0402669
6498	1584.505	121	0.0412906
6499	1584.749	130	0.0443618
6500	1584.993	136	0.0464093
6501	1585.237	127	0.0433381
6502	1585.481	132	0.0450443
6503	1585.725	114	0.0389019
6504	1585.968	129	0.0440205
6505	1586.212	99	0.0337832
6506	1586.456	113	0.0385606
6507	1586.700	133	0.0453855
6508	1586.944	104	0.0354894
6509	1587.188	119	0.0406081
6510	1587.432	104	0.0354894
6511	1587.675	102	0.0348069
6512	1587.919	127	0.0433381
6513	1588.163	103	0.0351482
6514	1588.407	125	0.0426556
6515	1588.651	117	0.0399256
6516	1588.895	113	0.0385606
6517	1589.139	126	0.0429968
6518	1589.382	124	0.0423143
6519	1589.626	111	0.0378781
6520	1589.870	99	0.0337832
6521	1590.114	130	0.0443618
6522	1590.358	116	0.0395844
6523	1590.602	128	0.0436793
6524	1590.846	114	0.0389019
6525	1591.090	115	0.0392431
6526	1591.333	136	0.0464093
6527	1591.577	138	0.0470917
6528	1591.821	130	0.0443618
6529	1592.065	114	0.0389019
6530	1592.309	129	0.0440205
6531	1592.553	124	0.0423143
6532	1592.797	97	0.0331007
6533	1593.040	109	0.0371957
6534	1593.284	121	0.0412906
6535	1593.528	121	0.0412906
6536	1593.772	122	0.0416318
6537	1594.016	139	0.047433
6538	1594.260	133	0.0453855
6539	1594.504	134	0.0457268
6540	1594.748	149	0.0508454
6541	1594.991	124	0.0423143
6542	1595.235	116	0.0395844
6543	1595.479	115	0.0392431
6544	1595.723	146	0.0498217
6545	1595.967	129	0.0440205
6546	1596.211	140	0.0477742
6547	1596.455	123	0.0419731
6548	1596.698	111	0.0378781
6549	1596.942	116	0.0395844
6550	1597.186	129	0.0440205
6551	1597.430	131	0.044703
6552	1597.674	138	0.0470917
6553	1597.918	122	0.0416318
6554	1598.162	129	0.0440205
6555	1598.405	127	0.0433381
6556	1598.649	128	0.0436793
6557	1598.893	117	0.0399256
6558	1599.137	132	0.0450443
6559	1599.381	117	0.0399256
6560	1599.625	135	0.046068
6561	1599.869	131	0.044703
6562	1600.113	117	0.0399256
6563	1600.356	129	0.0440205
6564	1600.600	134	0.0457268
6565	1600.844	146	0.0498217
6566	1601.088	129	0.0440205
6567	1601.332	131	0.044703
6568	1601.576	143	0.048798
6569	1601.820	137	0.0467505
6570	1602.063	148	0.0505042
6571	1602.307	124	0.0423143
6572	1602.551	117	0.0399256
6573	1602.795	130	0.0443618
6574	1603.039	139	0.047433
6575	1603.283	119	0.0406081
6576	1603.527	144	0.0491392
6577	1603.770	118	0.0402669
6578	1604.014	152	0.0518692
6579	1604.258	130	0.0443618
6580	1604.502	144	0.0491392
6581	1604.746	127	0.0433381
6582	1604.990	105	0.0358307
6583	1605.234	127	0.0433381
6584	1605.478	132	0.0450443
6585	1605.721	131	0.044703
6586	1605.965	114	0.0389019
6587	1606.209	116	0.0395844
6588	1606.453	107	0.0365132
6589	1606.697	125	0.0426556
6590	1606.941	110	0.0375369
6591	1607.185	106	0.0361719
6592	1607.428	126	0.0429968
6593	1607.672	139	0.047433
6594	1607.916	138	0.0470917
6595	1608.160	126	0.0429968
6596	1608.404	105	0.0358307
6597	1608.648	126	0.0429968
6598	1608.892	128	0.0436793
6599	1609.136	129	0.0440205
6600	1609.379	123	0.0419731
6601	1609.623	114	0.0389019
6602	1609.867	131	0.044703
6603	1610.111	120	0.0409493
6604	1610.355	125	0.0426556
6605	1610.599	118	0.0402669
6606	1610.843	116	0.0395844
6607	1611.086	109	0.0371957
6608	1611.330	112	0.0382194
6609	1611.574	113	0.0385606
6610	1611.818	101	0.0344657
6611	1612.062	110	0.0375369
6612	1612.306	114	0.0389019
6613	1612.550	120	0.0409493
6614	1612.793	106	0.0361719
6615	1613.037	99	0.0337832
6616	1613.281	103	0.0351482
6617	1613.525	103	0.0351482
6618	1613.769	114	0.0389019
6619	1614.013	113	0.0385606
6620	1614.257	94	0.032077
6621	1614.501	120	0.0409493
6622	1614.744	98	0.033442
6623	1614.988	100	0.0341245
6624	1615.232	80	0.0272996
6625	1615.476	93	0.0317357
6626	1615.720	77	0.0262758
6627	1615.964	81	0.0276408
6628	1616.208	104	0.0354894
6629	1616.451	112	0.0382194
6630	1616.695	75	0.0255933
6631	1616.939	87	0.0296883
6632	1617.183	92	0.0313945
6633	1617.427	100	0.0341245
6634	1617.671	82	0.0279821
6635	1617.915	94	0.032077
6636	1618.158	83	0.0283233
6637	1618.402	81	0.0276408
6638	1618.646	74	0.0252521
6639	1618.890	68	0.0232046
6640	1619.134	101	0.0344657
6641	1619.378	68	0.0232046
6642	1619.622	68	0.0232046
6643	1619.866	77	0.0262758
6644	1620.109	81	0.0276408
6645	1620.353	83	0.0283233
6646	1620.597	76	0.0259346
6647	1620.841	75	0.0255933
6648	1621.085	65	0.0221809
6649	1621.329	81	0.0276408
6650	1621.573	63	0.0214984
6651	1621.816	83	0.0283233
6652	1622.060	83	0.0283233
6653	1622.304	73	0.0249108
6654	1622.548	74	0.0252521
6655	1622.792	80	0.0272996
6656	1623.036	86	0.029347
6657	1623.280	92	0.0313945
6658	1623.524	73	0.0249108
6659	1623.767	86	0.029347
6660	1624.011	67	0.0228634
6661	1624.255	99	0.0337832
6662	1624.499	63	0.0214984
6663	1624.743	63	0.0214984
6664	1624.987	63	0.0214984
6665	1625.231	83	0.0283233
6666	1625.474	90	0.030712
6667	1625.718	79	0.0269583
6668	1625.962	75	0.0255933
6669	1626.206	74	0.0252521
6670	1626.450	73	0.0249108
6671	1626.694	65	0.0221809
6672	1626.938	71	0.0242284
6673	1627.181	68	0.0232046
6674	1627.425	77	0.0262758
6675	1627.669	77	0.0262758
6676	1627.913	60	0.0204747
6677	1628.157	75	0.0255933
6678	1628.401	73	0.0249108
6679	1628.645	64	0.0218396
6680	1628.889	87	0.0296883
6681	1629.132	74	0.0252521
6682	1629.376	72	0.0245696
6683	1629.620	92	0.0313945
6684	1629.864	76	0.0259346
6685	1630.108	79	0.0269583
6686	1630.352	86	0.029347
6687	1630.596	70	0.0238871
6688	1630.839	63	0.0214984
6689	1631.083	74	0.0252521
6690	1631.327	77	0.0262758
6691	1631.571	76	0.0259346
6692	1631.815	113	0.0385606
6693	1632.059	59	0.0201334
6694	1632.303	87	0.0296883
6695	1632.546	74	0.0252521
6696	1632.790	60	0.0204747
6697	1633.034	81	0.0276408
6698	1633.278	68	0.0232046
6699	1633.522	60	0.0204747
6700	1633.766	61	0.0208159
6701	1634.010	77	0.0262758
6702	1634.254	63	0.0214984
6703	1634.497	69	0.0235459
6704	1634.741	64	0.0218396
6705	1634.985	75	0.0255933
6706	1635.229	65	0.0221809
6707	1635.473	74	0.0252521
6708	1635.717	63	0.0214984
6709	1635.961	67	0.0228634
6710	1636.204	62	0.0211572
6711	1636.448	82	0.0279821
6712	1636.692	80	0.0272996
6713	1636.936	62	0.0211572
6714	1637.180	73	0.0249108
6715	1637.424	74	0.0252521
6716	1637.668	72	0.0245696
6717	1637.912	66	0.0225221
6718	1638.155	65	0.0221809
6719	1638.399	68	0.0232046
6720	1638.643	55	0.0187684
6721	1638.887	75	0.0255933
6722	1639.131	53	0.018086
6723	1639.375	65	0.0221809
6724	1639.619	61	0.0208159
6725	1639.862	75	0.0255933
6726	1640.106	59	0.0201334
6727	1640.350	69	0.0235459
6728	1640.594	64	0.0218396
6729	1640.838	55	0.0187684
6730	1641.082	66	0.0225221
6731	1641.326	66	0.0225221
6732	1641.569	58	0.0197922
6733	1641.813	71	0.0242284
6734	1642.057	70	0.0238871
6735	1642.301	58	0.0197922
6736	1642.545	74	0.0252521
6737	1642.789	62	0.0211572
6738	1643.033	62	0.0211572
6739	1643.277	77	0.0262758
6740	1643.520	71	0.0242284
6741	1643.764	75	0.0255933
6742	1644.008	71	0.0242284
6743	1644.252	67	0.0228634
6744	1644.496	64	0.0218396
6745	1644.740	69	0.0235459
6746	1644.984	55	0.0187684
6747	1645.227	58	0.0197922
6748	1645.471	66	0.0225221
6749	1645.715	69	0.0235459
6750	1645.959	58	0.0197922
6751	1646.203	62	0.0211572
6752	1646.447	71	0.0242284
6753	1646.691	69	0.0235459
6754	1646.935	67	0.0228634
6755	1647.178	60	0.0204747
6756	1647.422	65	0.0221809
6757	1647.666	74	0.0252521
6758	1647.910	57	0.0194509
6759	1648.154	70	0.0238871
6760	1648.398	67	0.0228634
6761	1648.642	60	0.0204747
6762	1648.885	70	0.0238871
6763	1649.129	63	0.0214984
6764	1649.373	56	0.0191097
6765	1649.617	66	0.0225221
6766	1649.861	62	0.0211572
6767	1650.105	57	0.0194509
6768	1650.349	62	0.0211572
6769	1650.592	69	0.0235459
6770	1650.836	67	0.0228634
6771	1651.080	66	0.0225221
6772	1651.324	66	0.0225221
6773	1651.568	60	0.0204747
6774	1651.812	59	0.0201334
6775	1652.056	71	0.0242284
6776	1652.300	48	0.0163797
6777	1652.543	64	0.0218396
6778	1652.787	80	0.0272996
6779	1653.031	58	0.0197922
6780	1653.275	72	0.0245696
6781	1653.519	60	0.0204747
6782	1653.763	65	0.0221809
6783	1654.007	56	0.0191097
6784	1654.250	79	0.0269583
6785	1654.494	54	0.0184272
6786	1654.738	54	0.0184272
6787	1654.982	68	0.0232046
6788	1655.226	47	0.0160385
6789	1655.470	67	0.0228634
6790	1655.714	62	0.0211572
6791	1655.957	67	0.0228634
6792	1656.201	68	0.0232046
6793	1656.445	71	0.0242284
6794	1656.689	72	0.0245696
6795	1656.933	57	0.0194509
6796	1657.177	56	0.0191097
6797	1657.421	57	0.0194509
6798	1657.665	55	0.0187684
6799	1657.908	55	0.0187684
6800	1658.152	75	0.0255933
6801	1658.396	44	0.0150148
6802	1658.640	60	0.0204747
6803	1658.884	53	0.018086
6804	1659.128	67	0.0228634
6805	1659.372	56	0.0191097
6806	1659.615	66	0.0225221
6807	1659.859	58	0.0197922
6808	1660.103	50	0.0170622
6809	1660.347	61	0.0208159
6810	1660.591	60	0.0204747
6811	1660.835	47	0.0160385
6812	1661.079	66	0.0225221
6813	1661.323	60	0.0204747
6814	1661.566	49	0.016721
6815	1661.810	66	0.0225221
6816	1662.054	45	0.015356
6817	1662.298	63	0.0214984
6818	1662.542	63	0.0214984
6819	1662.786	61	0.0208159
6820	1663.030	52	0.0177447
6821	1663.273	52	0.0177447
6822	1663.517	57	0.0194509
6823	1663.761	66	0.0225221
6824	1664.005	69	0.0235459
6825	1664.249	57	0.0194509
6826	1664.493	63	0.0214984
6827	1664.737	64	0.0218396
6828	1664.980	53	0.018086
6829	1665.224	53	0.018086
6830	1665.468	70	0.0238871
6831	1665.712	55	0.0187684
6832	1665.956	49	0.016721
6833	1666.200	57	0.0194509
6834	1666.444	49	0.016721
6835	1666.688	56	0.0191097
6836	1666.931	55	0.0187684
6837	1667.175	51	0.0174035
6838	1667.419	59	0.0201334
6839	1667.663	53	0.018086
6840	1667.907	53	0.018086
6841	1668.151	63	0.0214984
6842	1668.395	68	0.0232046
6843	1668.638	60	0.0204747
6844	1668.882	50	0.0170622
6845	1669.126	39	0.0133085
6846	1669.370	59	0.0201334
6847	1669.614	51	0.0174035
6848	1669.858	55	0.0187684
6849	1670.102	50	0.0170622
6850	1670.345	50	0.0170622
6851	1670.589	41	0.013991
6852	1670.833	58	0.0197922
6853	1671.077	39	0.0133085
6854	1671.321	54	0.0184272
6855	1671.565	55	0.0187684
6856	1671.809	55	0.0187684
6857	1672.053	65	0.0221809
6858	1672.296	47	0.0160385
6859	1672.540	59	0.0201334
6860	1672.784	44	0.0150148
6861	1673.028	58	0.0197922
6862	1673.272	42	0.0143323
6863	1673.516	46	0.0156972
6864	1673.760	54	0.0184272
6865	1674.003	57	0.0194509
6866	1674.247	49	0.016721
6867	1674.491	59	0.0201334
6868	1674.735	57	0.0194509
6869	1674.979	45	0.015356
6870	1675.223	59	0.0201334
6871	1675.467	62	0.0211572
6872	1675.711	45	0.015356
6873	1675.954	41	0.013991
6874	1676.198	53	0.018086
6875	1676.442	63	0.0214984
6876	1676.686	41	0.013991
6877	1676.930	38	0.0129673
6878	1677.174	63	0.0214984
6879	1677.418	53	0.018086
6880	1677.661	41	0.013991
6881	1677.905	47	0.0160385
6882	1678.149	50	0.0170622
6883	1678.393	62	0.0211572
6884	1678.637	54	0.0184272
6885	1678.881	60	0.0204747
6886	1679.125	63	0.0214984
6887	1679.368	46	0.0156972
6888	1679.612	58	0.0197922
6889	1679.856	41	0.013991
6890	1680.100	47	0.0160385
6891	1680.344	48	0.0163797
6892	1680.588	63	0.0214984
6893	1680.832	57	0.0194509
6894	1681.076	52	0.0177447
6895	1681.319	51	0.0174035
6896	1681.563	47	0.0160385
6897	1681.807	46	0.0156972
6898	1682.051	44	0.0150148
6899	1682.295	51	0.0174035
6900	1682.539	45	0.015356
6901	1682.783	49	0.016721
6902	1683.026	54	0.0184272
6903	1683.270	46	0.0156972
6904	1683.514	44	0.0150148
6905	1683.758	36	0.0122848
6906	1684.002	44	0.0150148
6907	1684.246	53	0.018086
6908	1684.490	53	0.018086
6909	1684.733	40	0.0136498
6910	1684.977	59	0.0201334
6911	1685.221	42	0.0143323
6912	1685.465	44	0.0150148
6913	1685.709	47	0.0160385
6914	1685.953	45	0.015356
6915	1686.197	31	0.0105786
6916	1686.441	41	0.013991
6917	1686.684	46	0.0156972
6918	1686.928	31	0.0105786
6919	1687.172	49	0.016721
6920	1687.416	37	0.012626
6921	1687.660	44	0.0150148
6922	1687.904	47	0.0160385
6923	1688.148	38	0.0129673
6924	1688.391	45	0.015356
6925	1688.635	37	0.012626
6926	1688.879	57	0.0194509
6927	1689.123	47	0.0160385
6928	1689.367	39	0.0133085
6929	1689.611	38	0.0129673
6930	1689.855	37	0.012626
6931	1690.099	44	0.0150148
6932	1690.342	51	0.0174035
6933	1690.586	42	0.0143323
6934	1690.830	43	0.0146735
6935	1691.074	49	0.016721
6936	1691.318	44	0.0150148
6937	1691.562	42	0.0143323
6938	1691.806	39	0.0133085
6939	1692.049	33	0.0112611
6940	1692.293	44	0.0150148
6941	1692.537	47	0.0160385
6942	1692.781	36	0.0122848
6943	1693.025	33	0.0112611
6944	1693.269	32	0.0109198
6945	1693.513	47	0.0160385
6946	1693.756	48	0.0163797
6947	1694.000	48	0.0163797
6948	1694.244	43	0.0146735
6949	1694.488	35	0.0119436
6950	1694.732	46	0.0156972
6951	1694.976	50	0.0170622
6952	1695.220	35	0.0119436
6953	1695.464	39	0.0133085
6954	1695.707	33	0.0112611
6955	1695.951	33	0.0112611
6956	1696.195	44	0.0150148
6957	1696.439	31	0.0105786
6958	1696.683	44	0.0150148
6959	1696.927	37	0.012626
6960	1697.171	26	0.00887236
6961	1697.414	35	0.0119436
6962	1697.658	29	0.00989609
6963	1697.902	37	0.012626
6964	1698.146	28	0.00955485
6965	1698.390	28	0.00955485
6966	1698.634	41	0.013991
6967	1698.878	36	0.0122848
6968	1699.122	35	0.0119436
6969	1699.365	46	0.0156972
6970	1699.609	34	0.0116023
6971	1699.853	49	0.016721
6972	1700.097	34	0.0116023
6973	1700.341	36	0.0122848
6974	1700.585	39	0.0133085
6975	1700.829	38	0.0129673
6976	1701.072	33	0.0112611
6977	1701.316	41	0.013991
6978	1701.560	28	0.00955485
6979	1701.804	30	0.0102373
6980	1702.048	40	0.0136498
6981	1702.292	31	0.0105786
6982	1702.536	40	0.0136498
6983	1702.779	34	0.0116023
6984	1703.023	30	0.0102373
6985	1703.267	41	0.013991
6986	1703.511	37	0.012626
6987	1703.755	30	0.0102373
6988	1703.999	36	0.0122848
6989	1704.243	35	0.0119436
6990	1704.487	38	0.0129673
6991	1704.730	34	0.0116023
6992	1704.974	26	0.00887236
6993	1705.218	37	0.012626
6994	1705.462	31	0.0105786
6995	1705.706	29	0.00989609
6996	1705.950	29	0.00989609
6997	1706.194	30	0.0102373
6998	1706.437	35	0.0119436
6999	1706.681	45	0.015356
7000	1706.925	37	0.012626
7001	1707.169	28	0.00955485
7002	1707.413	30	0.0102373
7003	1707.657	32	0.0109198
7004	1707.901	29	0.00989609
7005	1708.144	22	0.00750738
7006	1708.388	34	0.0116023
7007	1708.632	33	0.0112611
7008	1708.876	39	0.0133085
7009	1709.120	24	0.00818987
7010	1709.364	21	0.00716613
7011	1709.608	30	0.0102373
7012	1709.852	30	0.0102373
7013	1710.095	24	0.00818987
7014	1710.339	33	0.0112611
7015	1710.583	23	0.00784862
7016	1710.827	18	0.0061424
7017	1711.071	23	0.00784862
7018	1711.315	35	0.0119436
7019	1711.559	23	0.00784862
7020	1711.802	24	0.00818987
7021	1712.046	35	0.0119436
7022	1712.290	23	0.00784862
7023	1712.534	32	0.0109198
7024	1712.778	35	0.0119436
7025	1713.022	44	0.0150148
7026	1713.266	38	0.0129673
7027	1713.510	32	0.0109198
7028	1713.753	32	0.0109198
7029	1713.997	35	0.0119436
7030	1714.241	25	0.00853111
7031	1714.485	28	0.00955485
7032	1714.729	17	0.00580116
7033	1714.973	25	0.00853111
7034	1715.217	21	0.00716613
7035	1715.460	19	0.00648365
7036	1715.704	29	0.00989609
7037	1715.948	25	0.00853111
7038	1716.192	25	0.00853111
7039	1716.436	29	0.00989609
7040	1716.680	16	0.00545991
7041	1716.924	23	0.00784862
7042	1717.167	26	0.00887236
7043	1717.411	25	0.00853111
7044	1717.655	29	0.00989609
7045	1717.899	21	0.00716613
7046	1718.143	31	0.0105786
7047	1718.387	15	0.00511867
7048	1718.631	26	0.00887236
7049	1718.875	30	0.0102373
7050	1719.118	35	0.0119436
7051	1719.362	22	0.00750738
7052	1719.606	22	0.00750738
7053	1719.850	24	0.00818987
7054	1720.094	19	0.00648365
7055	1720.338	30	0.0102373
7056	1720.582	31	0.0105786
7057	1720.825	21	0.00716613
7058	1721.069	20	0.00682489
7059	1721.313	18	0.0061424
7060	1721.557	20	0.00682489
7061	1721.801	16	0.00545991
7062	1722.045	18	0.0061424
7063	1722.289	27	0.0092136
7064	1722.532	25	0.00853111
7065	1722.776	30	0.0102373
7066	1723.020	24	0.00818987
7067	1723.264	23	0.00784862
7068	1723.508	20	0.00682489
7069	1723.752	19	0.00648365
7070	1723.996	21	0.00716613
7071	1724.240	21	0.00716613
7072	1724.483	18	0.0061424
7073	1724.727	24	0.00818987
7074	1724.971	22	0.00750738
7075	1725.215	23	0.00784862
7076	1725.459	34	0.0116023
7077	1725.703	17	0.00580116
7078	1725.947	26	0.00887236
7079	1726.190	19	0.00648365
7080	1726.434	22	0.00750738
7081	1726.678	15	0.00511867
7082	1726.922	13	0.00443618
7083	1727.166	10	0.00341245
7084	1727.410	27	0.0092136
7085	1727.654	18	0.0061424
7086	1727.898	21	0.00716613
7087	1728.141	24	0.00818987
7088	1728.385	20	0.00682489
7089	1728.629	20	0.00682489
7090	1728.873	22	0.00750738
7091	1729.117	17	0.00580116
7092	1729.361	22	0.00750738
7093	1729.605	25	0.00853111
7094	1729.848	19	0.00648365
7095	1730.092	19	0.00648365
7096	1730.336	19	0.00648365
7097	1730.580	15	0.00511867
7098	1730.824	20	0.00682489
7099	1731.068	27	0.0092136
7100	1731.312	13	0.00443618
7101	1731.555	24	0.00818987
7102	1731.799	16	0.00545991
7103	1732.043	16	0.00545991
7104	1732.287	21	0.00716613
7105	1732.531	18	0.0061424
7106	1732.775	17	0.00580116
7107	1733.019	15	0.00511867
7108	1733.263	17	0.00580116
7109	1733.506	20	0.00682489
7110	1733.750	19	0.00648365
7111	1733.994	16	0.00545991
7112	1734.238	14	0.00477742
7113	1734.482	19	0.00648365
7114	1734.726	16	0.00545991
7115	1734.970	12	0.00409493
7116	1735.213	17	0.00580116
7117	1735.457	18	0.0061424
7118	1735.701	23	0.00784862
7119	1735.945	11	0.00375369
7120	1736.189	17	0.00580116
7121	1736.433	15	0.00511867
7122	1736.677	17	0.00580116
7123	1736.920	13	0.00443618
7124	1737.164	15	0.00511867
7125	1737.408	16	0.00545991
7126	1737.652	21	0.00716613
7127	1737.896	12	0.00409493
7128	1738.140	12	0.00409493
7129	1738.384	18	0.0061424
7130	1738.628	13	0.00443618
7131	1738.871	12	0.00409493
7132	1739.115	11	0.00375369
7133	1739.359	9	0.0030712
7134	1739.603	9	0.0030712
7135	1739.847	14	0.00477742
7136	1740.091	18	0.0061424
7137	1740.335	15	0.00511867
7138	1740.578	11	0.00375369
7139	1740.822	22	0.00750738
7140	1741.066	14	0.00477742
7141	1741.310	16	0.00545991
7142	1741.554	21	0.00716613
7143	1741.798	15	0.00511867
7144	1742.042	7	0.00238871
7145	1742.286	15	0.00511867
7146	1742.529	15	0.00511867
7147	1742.773	9	0.0030712
7148	1743.017	13	0.00443618
7149	1743.261	15	0.00511867
7150	1743.505	10	0.00341245
7151	1743.749	19	0.00648365
7152	1743.993	17	0.00580116
7153	1744.236	10	0.00341245
7154	1744.480	15	0.00511867
7155	1744.724	20	0.00682489
7156	1744.968	16	0.00545991
7157	1745.212	12	0.00409493
7158	1745.456	8	0.00272996
7159	1745.700	11	0.00375369
7160	1745.943	9	0.0030712
7161	1746.187	16	0.00545991
7162	1746.431	14	0.00477742
7163	1746.675	9	0.0030712
7164	1746.919	13	0.00443618
7165	1747.163	8	0.00272996
7166	1747.407	12	0.00409493
7167	1747.651	9	0.0030712
7168	1747.894	10	0.00341245
7169	1748.138	15	0.00511867
7170	1748.382	13	0.00443618
7171	1748.626	10	0.00341245
7172	1748.870	16	0.00545991
7173	1749.114	14	0.00477742
7174	1749.358	10	0.00341245
7175	1749.601	14	0.00477742
7176	1749.845	10	0.00341245
7177	1750.089	14	0.00477742
7178	1750.333	11	0.00375369
7179	1750.577	7	0.00238871
7180	1750.821	14	0.00477742
7181	1751.065	15	0.00511867
7182	1751.309	10	0.00341245
7183	1751.552	15	0.00511867
7184	1751.796	15	0.00511867
7185	1752.040	11	0.00375369
7186	1752.284	6	0.00204747
7187	1752.528	11	0.00375369
7188	1752.772	10	0.00341245
7189	1753.016	8	0.00272996
7190	1753.259	14	0.00477742
7191	1753.503	9	0.0030712
7192	1753.747	12	0.00409493
7193	1753.991	11	0.00375369
7194	1754.235	14	0.00477742
7195	1754.479	15	0.00511867
7196	1754.723	9	0.0030712
7197	1754.966	13	0.00443618
7198	1755.210	7	0.00238871
7199	1755.454	17	0.00580116
7200	1755.698	6	0.00204747
7201	1755.942	15	0.00511867
7202	1756.186	11	0.00375369
7203	1756.430	10	0.00341245
7204	1756.674	7	0.00238871
7205	1756.917	13	0.00443618
7206	1757.161	5	0.00170622
7207	1757.405	5	0.00170622
7208	1757.649	10	0.00341245
7209	1757.893	17	0.00580116
7210	1758.137	9	0.0030712
7211	1758.381	10	0.00341245
7212	1758.624	11	0.00375369
7213	1758.868	11	0.00375369
7214	1759.112	9	0.0030712
7215	1759.356	10	0.00341245
7216	1759.600	11	0.00375369
7217	1759.844	8	0.00272996
7218	1760.088	10	0.00341245
7219	1760.331	15	0.00511867
7220	1760.575	12	0.00409493
7221	1760.819	11	0.00375369
7222	1761.063	7	0.00238871
7223	1761.307	10	0.00341245
7224	1761.551	7	0.00238871
7225	1761.795	12	0.00409493
7226	1762.039	11	0.00375369
7227	1762.282	7	0.00238871
7228	1762.526	6	0.00204747
7229	1762.770	10	0.00341245
7230	1763.014	11	0.00375369
7231	1763.258	10	0.00341245
7232	1763.502	7	0.00238871
7233	1763.746	12	0.00409493
7234	1763.989	6	0.00204747
7235	1764.233	7	0.00238871
7236	1764.477	10	0.00341245
7237	1764.721	11	0.00375369
7238	1764.965	7	0.00238871
7239	1765.209	9	0.0030712
7240	1765.453	5	0.00170622
7241	1765.697	9	0.0030712
7242	1765.940	14	0.00477742
7243	1766.184	8	0.00272996
7244	1766.428	15	0.00511867
7245	1766.672	11	0.00375369
7246	1766.916	11	0.00375369
7247	1767.160	10	0.00341245
7248	1767.404	10	0.00341245
7249	1767.647	9	0.0030712
7250	1767.891	10	0.00341245
7251	1768.135	5	0.00170622
7252	1768.379	6	0.00204747
7253	1768.623	9	0.0030712
7254	1768.867	18	0.0061424
7255	1769.111	11	0.00375369
7256	1769.354	16	0.00545991
7257	1769.598	11	0.00375369
7258	1769.842	15	0.00511867
7259	1770.086	4	0.00136498
7260	1770.330	8	0.00272996
7261	1770.574	8	0.00272996
7262	1770.818	8	0.00272996
7263	1771.062	9	0.0030712
7264	1771.305	8	0.00272996
7265	1771.549	8	0.00272996
7266	1771.793	7	0.00238871
7267	1772.037	7	0.00238871
7268	1772.281	11	0.00375369
7269	1772.525	10	0.00341245
7270	1772.769	11	0.00375369
7271	1773.012	6	0.00204747
7272	1773.256	8	0.00272996
7273	1773.500	6	0.00204747
7274	1773.744	6	0.00204747
7275	1773.988	7	0.00238871
7276	1774.232	7	0.00238871
7277	1774.476	9	0.0030712
7278	1774.719	11	0.00375369
7279	1774.963	8	0.00272996
7280	1775.207	6	0.00204747
7281	1775.451	6	0.00204747
7282	1775.695	11	0.00375369
7283	1775.939	6	0.00204747
7284	1776.183	10	0.00341245
7285	1776.427	9	0.0030712
7286	1776.670	16	0.00545991
7287	1776.914	12	0.00409493
7288	1777.158	9	0.0030712
7289	1777.402	11	0.00375369
7290	1777.646	11	0.00375369
7291	1777.890	13	0.00443618
7292	1778.134	12	0.00409493
7293	1778.377	8	0.00272996
7294	1778.621	9	0.0030712
7295	1778.865	6	0.00204747
7296	1779.109	9	0.0030712
7297	1779.353	10	0.00341245
7298	1779.597	9	0.0030712
7299	1779.841	7	0.00238871
7300	1780.085	10	0.00341245
7301	1780.328	13	0.00443618
7302	1780.572	15	0.00511867
7303	1780.816	13	0.00443618
7304	1781.060	6	0.00204747
7305	1781.304	16	0.00545991
7306	1781.548	9	0.0030712
7307	1781.792	15	0.00511867
7308	1782.035	9	0.0030712
7309	1782.279	6	0.00204747
7310	1782.523	10	0.00341245
7311	1782.767	7	0.00238871
7312	1783.011	10	0.00341245
7313	1783.255	12	0.00409493
7314	1783.499	9	0.0030712
7315	1783.742	9	0.0030712
7316	1783.986	7	0.00238871
7317	1784.230	7	0.00238871
7318	1784.474	9	0.0030712
7319	1784.718	9	0.0030712
7320	1784.962	11	0.00375369
7321	1785.206	9	0.0030712
7322	1785.450	5	0.00170622
7323	1785.693	11	0.00375369
7324	1785.937	7	0.00238871
7325	1786.181	9	0.0030712
7326	1786.425	6	0.00204747
7327	1786.669	10	0.00341245
7328	1786.913	10	0.00341245
7329	1787.157	9	0.0030712
7330	1787.400	11	0.00375369
7331	1787.644	9	0.0030712
7332	1787.888	10	0.00341245
7333	1788.132	7	0.00238871
7334	1788.376	8	0.00272996
7335	1788.620	9	0.0030712
7336	1788.864	8	0.00272996
7337	1789.108	13	0.00443618
7338	1789.351	10	0.00341245
7339	1789.595	11	0.00375369
7340	1789.839	11	0.00375369
7341	1790.083	5	0.00170622
7342	1790.327	9	0.0030712
7343	1790.571	13	0.00443618
7344	1790.815	7	0.00238871
7345	1791.058	11	0.00375369
7346	1791.302	12	0.00409493
7347	1791.546	15	0.00511867
7348	1791.790	10	0.00341245
7349	1792.034	9	0.0030712
7350	1792.278	14	0.00477742
7351	1792.522	10	0.00341245
7352	1792.765	11	0.00375369
7353	1793.009	8	0.00272996
7354	1793.253	9	0.0030712
7355	1793.497	10	0.00341245
7356	1793.741	11	0.00375369
7357	1793.985	6	0.00204747
7358	1794.229	8	0.00272996
7359	1794.473	7	0.00238871
7360	1794.716	6	0.00204747
7361	1794.960	7	0.00238871
7362	1795.204	9	0.0030712
7363	1795.448	6	0.00204747
7364	1795.692	9	0.0030712
7365	1795.936	6	0.00204747
7366	1796.180	6	0.00204747
7367	1796.423	6	0.00204747
7368	1796.667	8	0.00272996
7369	1796.911	7	0.00238871
7370	1797.155	9	0.0030712
7371	1797.399	19	0.00648365
7372	1797.643	8	0.00272996
7373	1797.887	10	0.00341245
7374	1798.130	5	0.00170622
7375	1798.374	13	0.00443618
7376	1798.618	7	0.00238871
7377	1798.862	10	0.00341245
7378	1799.106	7	0.00238871
7379	1799.350	8	0.00272996
7380	1799.594	10	0.00341245
7381	1799.838	12	0.00409493
7382	1800.081	11	0.00375369
7383	1800.325	7	0.00238871
7384	1800.569	8	0.00272996
7385	1800.813	8	0.00272996
7386	1801.057	7	0.00238871
7387	1801.301	15	0.00511867
7388	1801.545	7	0.00238871
7389	1801.788	8	0.00272996
7390	1802.032	13	0.00443618
7391	1802.276	7	0.00238871
7392	1802.520	12	0.00409493
7393	1802.764	14	0.00477742
7394	1803.008	5	0.00170622
7395	1803.252	8	0.00272996
7396	1803.496	7	0.00238871
7397	1803.739	6	0.00204747
7398	1803.983	13	0.00443618
7399	1804.227	13	0.00443618
7400	1804.471	11	0.00375369
7401	1804.715	6	0.00204747
7402	1804.959	11	0.00375369
7403	1805.203	9	0.0030712
7404	1805.446	11	0.00375369
7405	1805.690	20	0.00682489
7406	1805.934	8	0.00272996
7407	1806.178	0	0
7408	1806.422	9	0.0030712
7409	1806.666	11	0.00375369
7410	1806.910	8	0.00272996
7411	1807.153	5	0.00170622
7412	1807.397	12	0.00409493
7413	1807.641	6	0.00204747
7414	1807.885	6	0.00204747
7415	1808.129	9	0.0030712
7416	1808.373	12	0.00409493
7417	1808.617	5	0.00170622
7418	1808.861	6	0.00204747
7419	1809.104	7	0.00238871
7420	1809.348	10	0.00341245
7421	1809.592	5	0.00170622
7422	1809.836	4	0.00136498
7423	1810.080	11	0.00375369
7424	1810.324	7	0.00238871
7425	1810.568	11	0.00375369
7426	1810.811	12	0.00409493
7427	1811.055	10	0.00341245
7428	1811.299	8	0.00272996
7429	1811.543	8	0.00272996
7430	1811.787	8	0.00272996
7431	1812.031	8	0.00272996
7432	1812.275	6	0.00204747
7433	1812.518	7	0.00238871
7434	1812.762	9	0.0030712
7435	1813.006	8	0.00272996
7436	1813.250	6	0.00204747
7437	1813.494	8	0.00272996
7438	1813.738	9	0.0030712
7439	1813.982	7	0.00238871
7440	1814.226	6	0.00204747
7441	1814.469	11	0.00375369
7442	1814.713	7	0.00238871
7443	1814.957	9	0.0030712
7444	1815.201	5	0.00170622
7445	1815.445	13	0.00443618
7446	1815.689	8	0.00272996
7447	1815.933	6	0.00204747
7448	1816.176	9	0.0030712
7449	1816.420	7	0.00238871
7450	1816.664	4	0.00136498
7451	1816.908	10	0.00341245
7452	1817.152	10	0.00341245
7453	1817.396	8	0.00272996
7454	1817.640	8	0.00272996
7455	1817.884	5	0.00170622
7456	1818.127	6	0.00204747
7457	1818.371	10	0.00341245
7458	1818.615	5	0.00170622
7459	1818.859	12	0.00409493
7460	1819.103	6	0.00204747
7461	1819.347	16	0.00545991
7462	1819.591	7	0.00238871
7463	1819.834	9	0.0030712
7464	1820.078	8	0.00272996
7465	1820.322	5	0.00170622
7466	1820.566	9	0.0030712
7467	1820.810	5	0.00170622
7468	1821.054	16	0.00545991
7469	1821.298	11	0.00375369
7470	1821.541	16	0.00545991
7471	1821.785	6	0.00204747
7472	1822.029	6	0.00204747
7473	1822.273	3	0.00102373
7474	1822.517	6	0.00204747
7475	1822.761	12	0.00409493
7476	1823.005	15	0.00511867
7477	1823.249	6	0.00204747
7478	1823.492	9	0.0030712
7479	1823.736	11	0.00375369
7480	1823.980	14	0.00477742
7481	1824.224	7	0.00238871
7482	1824.468	7	0.00238871
7483	1824.712	13	0.00443618
7484	1824.956	8	0.00272996
7485	1825.199	11	0.00375369
7486	1825.443	11	0.00375369
7487	1825.687	10	0.00341245
7488	1825.931	7	0.00238871
7489	1826.175	12	0.00409493
7490	1826.419	10	0.00341245
7491	1826.663	6	0.00204747
7492	1826.906	12	0.00409493
7493	1827.150	17	0.00580116
7494	1827.394	12	0.00409493
7495	1827.638	16	0.00545991
7496	1827.882	12	0.00409493
7497	1828.126	7	0.00238871
7498	1828.370	5	0.00170622
7499	1828.614	9	0.0030712
7500	1828.857	14	0.00477742
7501	1829.101	11	0.00375369
7502	1829.345	8	0.00272996
7503	1829.589	9	0.0030712
7504	1829.833	21	0.00716613
7505	1830.077	9	0.0030712
7506	1830.321	14	0.00477742
7507	1830.564	11	0.00375369
7508	1830.808	6	0.00204747
7509	1831.052	8	0.00272996
7510	1831.296	14	0.00477742
7511	1831.540	15	0.00511867
7512	1831.784	16	0.00545991
7513	1832.028	16	0.00545991
7514	1832.272	11	0.00375369
7515	1832.515	23	0.00784862
7516	1832.759	19	0.00648365
7517	1833.003	20	0.00682489
7518	1833.247	18	0.0061424
7519	1833.491	16	0.00545991
7520	1833.735	46	0.0156972
7521	1833.979	53	0.018086
7522	1834.222	95	0.0324182
7523	1834.466	120	0.0409493
7524	1834.710	185	0.0631302
7525	1834.954	388	0.132403
7526	1835.198	582	0.198604
7527	1835.442	883	0.301319
7528	1835.686	1278	0.43611
7529	1835.929	1905	0.650071
7530	1836.173	2567	0.875975
7531	1836.417	3218	1.09812
7532	1836.661	4030	1.37522
7533	1836.905	4585	1.56461
7534	1837.149	4931	1.68268
7535	1837.393	5067	1.72909
7536	1837.637	5076	1.73216
7537	1837.880	4461	1.52229
7538	1838.124	3950	1.34792
7539	1838.368	3203	1.09301
7540	1838.612	2390	0.815574
7541	1838.856	1765	0.602297
7542	1839.100	1099	0.375028
7543	1839.344	746	0.254568
7544	1839.587	453	0.154584
7545	1839.831	230	0.0784862
7546	1840.075	143	0.048798
7547	1840.319	85	0.0290058
7548	1840.563	39	0.0133085
7549	1840.807	53	0.018086
7550	1841.051	33	0.0112611
7551	1841.295	34	0.0116023
7552	1841.538	26	0.00887236
7553	1841.782	23	0.00784862
7554	1842.026	21	0.00716613
7555	1842.270	29	0.00989609
7556	1842.514	19	0.00648365
7557	1842.758	11	0.00375369
7558	1843.002	17	0.00580116
7559	1843.245	14	0.00477742
7560	1843.489	20	0.00682489
7561	1843.733	12	0.00409493
7562	1843.977	16	0.00545991
7563	1844.221	21	0.00716613
7564	1844.465	9	0.0030712
7565	1844.709	16	0.00545991
7566	1844.952	12	0.00409493
7567	1845.196	7	0.00238871
7568	1845.440	6	0.00204747
7569	1845.684	12	0.00409493
7570	1845.928	17	0.00580116
7571	1846.172	5	0.00170622
7572	1846.416	12	0.00409493
7573	1846.660	7	0.00238871
7574	1846.903	11	0.00375369
7575	1847.147	12	0.00409493
7576	1847.391	14	0.00477742
7577	1847.635	9	0.0030712
7578	1847.879	11	0.00375369
7579	1848.123	26	0.00887236
7580	1848.367	11	0.00375369
7581	1848.610	5	0.00170622
7582	1848.854	21	0.00716613
7583	1849.098	18	0.0061424
7584	1849.342	25	0.00853111
7585	1849.586	43	0.0146735
7586	1849.830	40	0.0136498
7587	1850.074	47	0.0160385
7588	1850.317	70	0.0238871
7589	1850.561	72	0.0245696
7590	1850.805	96	0.0327595
7591	1851.049	107	0.0365132
7592	1851.293	96	0.0327595
7593	1851.537	114	0.0389019
7594	1851.781	101	0.0344657
7595	1852.025	94	0.032077
7596	1852.268	91	0.0310533
7597	1852.512	84	0.0286645
7598	1852.756	80	0.0272996
7599	1853.000	75	0.0255933
7600	1853.244	47	0.0160385
7601	1853.488	49	0.016721
7602	1853.732	46	0.0156972
7603	1853.975	28	0.00955485
7604	1854.219	25	0.00853111
7605	1854.463	13	0.00443618
7606	1854.707	13	0.00443618
7607	1854.951	16	0.00545991
7608	1855.195	13	0.00443618
7609	1855.439	4	0.00136498
7610	1855.683	9	0.0030712
7611	1855.926	10	0.00341245
7612	1856.170	17	0.00580116
7613	1856.414	7	0.00238871
7614	1856.658	6	0.00204747
7615	1856.902	6	0.00204747
7616	1857.146	5	0.00170622
7617	1857.390	10	0.00341245
7618	1857.633	12	0.00409493
7619	1857.877	8	0.00272996
7620	1858.121	5	0.00170622
7621	1858.365	10	0.00341245
7622	1858.609	10	0.00341245
7623	1858.853	9	0.0030712
7624	1859.097	10	0.00341245
7625	1859.340	12	0.00409493
7626	1859.584	14	0.00477742
7627	1859.828	7	0.00238871
7628	1860.072	5	0.00170622
7629	1860.316	5	0.00170622
7630	1860.560	6	0.00204747
7631	1860.804	7	0.00238871
7632	1861.048	9	0.0030712
7633	1861.291	5	0.00170622
7634	1861.535	7	0.00238871
7635	1861.779	9	0.0030712
7636	1862.023	2	0.000682489
7637	1862.267	12	0.00409493
7638	1862.511	6	0.00204747
7639	1862.755	5	0.00170622
7640	1862.998	7	0.00238871
7641	1863.242	7	0.00238871
7642	1863.486	3	0.00102373
7643	1863.730	3	0.00102373
7644	1863.974	3	0.00102373
7645	1864.218	7	0.00238871
7646	1864.462	3	0.00102373
7647	1864.705	1	0.000341245
7648	1864.949	3	0.00102373
7649	1865.193	5	0.00170622
7650	1865.437	2	0.000682489
7651	1865.681	1	0.000341245
7652	1865.925	8	0.00272996
7653	1866.169	4	0.00136498
7654	1866.413	4	0.00136498
7655	1866.656	6	0.00204747
7656	1866.900	4	0.00136498
7657	1867.144	5	0.00170622
7658	1867.388	9	0.0030712
7659	1867.632	8	0.00272996
7660	1867.876	9	0.0030712
7661	1868.120	5	0.00170622
7662	1868.363	2	0.000682489
7663	1868.607	2	0.000682489
7664	1868.851	3	0.00102373
7665	1869.095	1	0.000341245
7666	1869.339	5	0.00170622
7667	1869.583	4	0.00136498
7668	1869.827	5	0.00170622
7669	1870.071	1	0.000341245
7670	1870.314	6	0.00204747
7671	1870.558	4	0.00136498
7672	1870.802	3	0.00102373
7673	1871.046	7	0.00238871
7674	1871.290	2	0.000682489
7675	1871.534	6	0.00204747
7676	1871.778	4	0.00136498
7677	1872.021	5	0.00170622
7678	1872.265	2	0.000682489
7679	1872.509	6	0.00204747
7680	1872.753	7	0.00238871
7681	1872.997	4	0.00136498
7682	1873.241	6	0.00204747
7683	1873.485	3	0.00102373
7684	1873.728	3	0.00102373
7685	1873.972	5	0.00170622
7686	1874.216	5	0.00170622
7687	1874.460	5	0.00170622
7688	1874.704	6	0.00204747
7689	1874.948	6	0.00204747
7690	1875.192	7	0.00238871
7691	1875.436	4	0.00136498
7692	1875.679	7	0.00238871
7693	1875.923	5	0.00170622
7694	1876.167	3	0.00102373
7695	1876.411	4	0.00136498
7696	1876.655	1	0.000341245
7697	1876.899	3	0.00102373
7698	1877.143	2	0.000682489
7699	1877.386	3	0.00102373
7700	1877.630	3	0.00102373
7701	1877.874	5	0.00170622
7702	1878.118	5	0.00170622
7703	1878.362	2	0.000682489
7704	1878.606	2	0.000682489
7705	1878.850	4	0.00136498
7706	1879.093	3	0.00102373
7707	1879.337	3	0.00102373
7708	1879.581	4	0.00136498
7709	1879.825	3	0.00102373
7710	1880.069	3	0.00102373
7711	1880.313	3	0.00102373
7712	1880.557	5	0.00170622
7713	1880.801	6	0.00204747
7714	1881.044	4	0.00136498
7715	1881.288	6	0.00204747
7716	1881.532	3	0.00102373
7717	1881.776	4	0.00136498
7718	1882.020	3	0.00102373
7719	1882.264	6	0.00204747
7720	1882.508	4	0.00136498
7721	1882.751	4	0.00136498
7722	1882.995	3	0.00102373
7723	1883.239	6	0.00204747
7724	1883.483	2	0.000682489
7725	1883.727	3	0.00102373
7726	1883.971	2	0.000682489
7727	1884.215	7	0.00238871
7728	1884.459	4	0.00136498
7729	1884.702	1	0.000341245
7730	1884.946	1	0.000341245
7731	1885.190	5	0.00170622
7732	1885.434	2	0.000682489
7733	1885.678	7	0.00238871
7734	1885.922	4	0.00136498
7735	1886.166	10	0.00341245
7736	1886.409	1	0.000341245
7737	1886.653	6	0.00204747
7738	1886.897	1	0.000341245
7739	1887.141	2	0.000682489
7740	1887.385	10	0.00341245
7741	1887.629	1	0.000341245
7742	1887.873	2	0.000682489
7743	1888.116	2	0.000682489
7744	1888.360	6	0.00204747
7745	1888.604	2	0.000682489
7746	1888.848	5	0.00170622
7747	1889.092	5	0.00170622
7748	1889.336	6	0.00204747
7749	1889.580	1	0.000341245
7750	1889.824	7	0.00238871
7751	1890.067	5	0.00170622
7752	1890.311	1	0.000341245
7753	1890.555	1	0.000341245
7754	1890.799	5	0.00170622
7755	1891.043	7	0.00238871
7756	1891.287	3	0.00102373
7757	1891.531	2	0.000682489
7758	1891.774	3	0.00102373
7759	1892.018	5	0.00170622
7760	1892.262	5	0.00170622
7761	1892.506	1	0.000341245
7762	1892.750	5	0.00170622
7763	1892.994	5	0.00170622
7764	1893.238	7	0.00238871
7765	1893.482	4	0.00136498
7766	1893.725	6	0.00204747
7767	1893.969	3	0.00102373
7768	1894.213	1	0.000341245
7769	1894.457	3	0.00102373
7770	1894.701	3	0.00102373
7771	1894.945	5	0.00170622
7772	1895.189	2	0.000682489
7773	1895.432	7	0.00238871
7774	1895.676	3	0.00102373
7775	1895.920	3	0.00102373
7776	1896.164	6	0.00204747
7777	1896.408	7	0.00238871
7778	1896.652	4	0.00136498
7779	1896.896	3	0.00102373
7780	1897.139	6	0.00204747
7781	1897.383	4	0.00136498
7782	1897.627	6	0.00204747
7783	1897.871	2	0.000682489
7784	1898.115	6	0.00204747
7785	1898.359	5	0.00170622
7786	1898.603	3	0.00102373
7787	1898.847	4	0.00136498
7788	1899.090	4	0.00136498
7789	1899.334	5	0.00170622
7790	1899.578	8	0.00272996
7791	1899.822	0	0
7792	1900.066	2	0.000682489
7793	1900.310	5	0.00170622
7794	1900.554	5	0.00170622
7795	1900.797	3	0.00102373
7796	1901.041	4	0.00136498
7797	1901.285	4	0.00136498
7798	1901.529	9	0.0030712
7799	1901.773	6	0.00204747
7800	1902.017	3	0.00102373
7801	1902.261	7	0.00238871
7802	1902.504	3	0.00102373
7803	1902.748	2	0.000682489
7804	1902.992	2	0.000682489
7805	1903.236	4	0.00136498
7806	1903.480	4	0.00136498
7807	1903.724	5	0.00170622
7808	1903.968	5	0.00170622
7809	1904.212	3	0.00102373
7810	1904.455	4	0.00136498
7811	1904.699	1	0.000341245
7812	1904.943	4	0.00136498
7813	1905.187	4	0.00136498
7814	1905.431	4	0.00136498
7815	1905.675	3	0.00102373
7816	1905.919	4	0.00136498
7817	1906.162	6	0.00204747
7818	1906.406	2	0.000682489
7819	1906.650	2	0.000682489
7820	1906.894	6	0.00204747
7821	1907.138	3	0.00102373
7822	1907.382	2	0.000682489
7823	1907.626	1	0.000341245
7824	1907.870	6	0.00204747
7825	1908.113	6	0.00204747
7826	1908.357	3	0.00102373
7827	1908.601	2	0.000682489
7828	1908.845	4	0.00136498
7829	1909.089	2	0.000682489
7830	1909.333	3	0.00102373
7831	1909.577	2	0.000682489
7832	1909.820	1	0.000341245
7833	1910.064	1	0.000341245
7834	1910.308	7	0.00238871
7835	1910.552	5	0.00170622
7836	1910.796	3	0.00102373
7837	1911.040	4	0.00136498
7838	1911.284	2	0.000682489
7839	1911.527	1	0.000341245
7840	1911.771	4	0.00136498
7841	1912.015	4	0.00136498
7842	1912.259	4	0.00136498
7843	1912.503	6	0.00204747
7844	1912.747	2	0.000682489
7845	1912.991	6	0.00204747
7846	1913.235	4	0.00136498
7847	1913.478	4	0.00136498
7848	1913.722	2	0.000682489
7849	1913.966	6	0.00204747
7850	1914.210	3	0.00102373
7851	1914.454	4	0.00136498
7852	1914.698	2	0.000682489
7853	1914.942	4	0.00136498
7854	1915.185	7	0.00238871
7855	1915.429	4	0.00136498
7856	1915.673	7	0.00238871
7857	1915.917	2	0.000682489
7858	1916.161	5	0.00170622
7859	1916.405	2	0.000682489
7860	1916.649	6	0.00204747
7861	1916.892	5	0.00170622
7862	1917.136	3	0.00102373
7863	1917.380	1	0.000341245
7864	1917.624	3	0.00102373
7865	1917.868	5	0.00170622
7866	1918.112	2	0.000682489
7867	1918.356	4	0.00136498
7868	1918.600	3	0.00102373
7869	1918.843	9	0.0030712
7870	1919.087	4	0.00136498
7871	1919.331	4	0.00136498
7872	1919.575	1	0.000341245
7873	1919.819	3	0.00102373
7874	1920.063	5	0.00170622
7875	1920.307	6	0.00204747
7876	1920.550	1	0.000341245
7877	1920.794	2	0.000682489
7878	1921.038	5	0.00170622
7879	1921.282	2	0.000682489
7880	1921.526	3	0.00102373
7881	1921.770	6	0.00204747
7882	1922.014	6	0.00204747
7883	1922.258	5	0.00170622
7884	1922.501	3	0.00102373
7885	1922.745	6	0.00204747
7886	1922.989	5	0.00170622
7887	1923.233	3	0.00102373
7888	1923.477	4	0.00136498
7889	1923.721	5	0.00170622
7890	1923.965	3	0.00102373
7891	1924.208	4	0.00136498
7892	1924.452	10	0.00341245
7893	1924.696	4	0.00136498
7894	1924.940	3	0.00102373
7895	1925.184	6	0.00204747
7896	1925.428	5	0.00170622
7897	1925.672	5	0.00170622
7898	1925.915	1	0.000341245
7899	1926.159	3	0.00102373
7900	1926.403	2	0.000682489
7901	1926.647	2	0.000682489
7902	1926.891	7	0.00238871
7903	1927.135	4	0.00136498
7904	1927.379	6	0.00204747
7905	1927.623	3	0.00102373
7906	1927.866	5	0.00170622
7907	1928.110	6	0.00204747
7908	1928.354	2	0.000682489
7909	1928.598	5	0.00170622
7910	1928.842	8	0.00272996
7911	1929.086	6	0.00204747
7912	1929.330	2	0.000682489
7913	1929.573	5	0.00170622
7914	1929.817	6	0.00204747
7915	1930.061	2	0.000682489
7916	1930.305	5	0.00170622
7917	1930.549	6	0.00204747
7918	1930.793	4	0.00136498
7919	1931.037	2	0.000682489
7920	1931.280	5	0.00170622
7921	1931.524	2	0.000682489
7922	1931.768	6	0.00204747
7923	1932.012	5	0.00170622
7924	1932.256	6	0.00204747
7925	1932.500	3	0.00102373
7926	1932.744	7	0.00238871
7927	1932.988	3	0.00102373
7928	1933.231	12	0.00409493
7929	1933.475	1	0.000341245
7930	1933.719	2	0.000682489
7931	1933.963	5	0.00170622
7932	1934.207	4	0.00136498
7933	1934.451	7	0.00238871
7934	1934.695	5	0.00170622
7935	1934.938	1	0.000341245
7936	1935.182	5	0.00170622
7937	1935.426	2	0.000682489
7938	1935.670	8	0.00272996
7939	1935.914	4	0.00136498
7940	1936.158	5	0.00170622
7941	1936.402	6	0.00204747
7942	1936.646	4	0.00136498
7943	1936.889	4	0.00136498
7944	1937.133	4	0.00136498
7945	1937.377	3	0.00102373
7946	1937.621	4	0.00136498
7947	1937.865	5	0.00170622
7948	1938.109	1	0.000341245
7949	1938.353	6	0.00204747
7950	1938.596	2	0.000682489
7951	1938.840	4	0.00136498
7952	1939.084	0	0
7953	1939.328	2	0.000682489
7954	1939.572	2	0.000682489
7955	1939.816	3	0.00102373
7956	1940.060	5	0.00170622
7957	1940.303	2	0.000682489
7958	1940.547	2	0.000682489
7959	1940.791	6	0.00204747
7960	1941.035	5	0.00170622
7961	1941.279	3	0.00102373
7962	1941.523	5	0.00170622
7963	1941.767	5	0.00170622
7964	1942.011	3	0.00102373
7965	1942.254	6	0.00204747
7966	1942.498	4	0.00136498
7967	1942.742	2	0.000682489
7968	1942.986	4	0.00136498
7969	1943.230	1	0.000341245
7970	1943.474	2	0.000682489
7971	1943.718	5	0.00170622
7972	1943.961	5	0.00170622
7973	1944.205	4	0.00136498
7974	1944.449	2	0.000682489
7975	1944.693	3	0.00102373
7976	1944.937	7	0.00238871
7977	1945.181	2	0.000682489
7978	1945.425	6	0.00204747
7979	1945.669	1	0.000341245
7980	1945.912	0	0
7981	1946.156	4	0.00136498
7982	1946.400	2	0.000682489
7983	1946.644	7	0.00238871
7984	1946.888	6	0.00204747
7985	1947.132	4	0.00136498
7986	1947.376	1	0.000341245
7987	1947.619	7	0.00238871
7988	1947.863	3	0.00102373
7989	1948.107	4	0.00136498
7990	1948.351	4	0.00136498
7991	1948.595	4	0.00136498
7992	1948.839	5	0.00170622
7993	1949.083	1	0.000341245
7994	1949.326	4	0.00136498
7995	1949.570	4	0.00136498
7996	1949.814	1	0.000341245
7997	1950.058	2	0.000682489
7998	1950.302	6	0.00204747
7999	1950.546	3	0.00102373
8000	1950.790	0	0
8001	1951.034	2	0.000682489
8002	1951.277	4	0.00136498
8003	1951.521	4	0.00136498
8004	1951.765	6	0.00204747
8005	1952.009	2	0.000682489
8006	1952.253	3	0.00102373
8007	1952.497	8	0.00272996
8008	1952.741	4	0.00136498
8009	1952.984	2	0.000682489
8010	1953.228	3	0.00102373
8011	1953.472	6	0.00204747
8012	1953.716	6	0.00204747
8013	1953.960	6	0.00204747
8014	1954.204	6	0.00204747
8015	1954.448	7	0.00238871
8016	1954.691	3	0.00102373
8017	1954.935	1	0.000341245
8018	1955.179	8	0.00272996
8019	1955.423	3	0.00102373
8020	1955.667	6	0.00204747
8021	1955.911	3	0.00102373
8022	1956.155	6	0.00204747
8023	1956.399	2	0.000682489
8024	1956.642	6	0.00204747
8025	1956.886	4	0.00136498
8026	1957.130	3	0.00102373
8027	1957.374	3	0.00102373
8028	1957.618	4	0.00136498
8029	1957.862	7	0.00238871
8030	1958.106	4	0.00136498
8031	1958.349	5	0.00170622
8032	1958.593	3	0.00102373
8033	1958.837	5	0.00170622
8034	1959.081	5	0.00170622
8035	1959.325	3	0.00102373
8036	1959.569	1	0.000341245
8037	1959.813	4	0.00136498
8038	1960.057	7	0.00238871
8039	1960.300	5	0.00170622
8040	1960.544	3	0.00102373
8041	1960.788	4	0.00136498
8042	1961.032	1	0.000341245
8043	1961.276	3	0.00102373
8044	1961.520	2	0.000682489
8045	1961.764	3	0.00102373
8046	1962.007	5	0.00170622
8047	1962.251	5	0.00170622
8048	1962.495	0	0
8049	1962.739	2	0.000682489
8050	1962.983	5	0.00170622
8051	1963.227	7	0.00238871
8052	1963.471	4	0.00136498
8053	1963.714	4	0.00136498
8054	1963.958	2	0.000682489
8055	1964.202	4	0.00136498
8056	1964.446	6	0.00204747
8057	1964.690	1	0.000341245
8058	1964.934	1	0.000341245
8059	1965.178	3	0.00102373
8060	1965.422	2	0.000682489
8061	1965.665	6	0.00204747
8062	1965.909	6	0.00204747
8063	1966.153	3	0.00102373
8064	1966.397	3	0.00102373
8065	1966.641	2	0.000682489
8066	1966.885	3	0.00102373
8067	1967.129	3	0.00102373
8068	1967.372	6	0.00204747
8069	1967.616	6	0.00204747
8070	1967.860	4	0.00136498
8071	1968.104	4	0.00136498
8072	1968.348	4	0.00136498
8073	1968.592	3	0.00102373
8074	1968.836	2	0.000682489
8075	1969.079	3	0.00102373
8076	1969.323	2	0.000682489
8077	1969.567	2	0.000682489
8078	1969.811	3	0.00102373
8079	1970.055	4	0.00136498
8080	1970.299	2	0.000682489
8081	1970.543	1	0.000341245
8082	1970.787	3	0.00102373
8083	1971.030	1	0.000341245
8084	1971.274	4	0.00136498
8085	1971.518	4	0.00136498
8086	1971.762	2	0.000682489
8087	1972.006	7	0.00238871
8088	1972.250	3	0.00102373
8089	1972.494	3	0.00102373
8090	1972.737	3	0.00102373
8091	1972.981	2	0.000682489
8092	1973.225	4	0.00136498
8093	1973.469	7	0.00238871
8094	1973.713	2	0.000682489
8095	1973.957	4	0.00136498
8096	1974.201	4	0.00136498
8097	1974.445	4	0.00136498
8098	1974.688	5	0.00170622
8099	1974.932	6	0.00204747
8100	1975.176	2	0.000682489
8101	1975.420	1	0.000341245
8102	1975.664	4	0.00136498
8103	1975.908	7	0.00238871
8104	1976.152	5	0.00170622
8105	1976.395	3	0.00102373
8106	1976.639	2	0.000682489
8107	1976.883	2	0.000682489
8108	1977.127	4	0.00136498
8109	1977.371	4	0.00136498
8110	1977.615	5	0.00170622
8111	1977.859	3	0.00102373
8112	1978.102	6	0.00204747
8113	1978.346	4	0.00136498
8114	1978.590	3	0.00102373
8115	1978.834	5	0.00170622
8116	1979.078	3	0.00102373
8117	1979.322	2	0.000682489
8118	1979.566	4	0.00136498
8119	1979.810	7	0.00238871
8120	1980.053	1	0.000341245
8121	1980.297	3	0.00102373
8122	1980.541	2	0.000682489
8123	1980.785	6	0.00204747
8124	1981.029	2	0.000682489
8125	1981.273	3	0.00102373
8126	1981.517	4	0.00136498
8127	1981.760	2	0.000682489
8128	1982.004	5	0.00170622
8129	1982.248	0	0
8130	1982.492	5	0.00170622
8131	1982.736	4	0.00136498
8132	1982.980	4	0.00136498
8133	1983.224	1	0.000341245
8134	1983.468	3	0.00102373
8135	1983.711	8	0.00272996
8136	1983.955	3	0.00102373
8137	1984.199	4	0.00136498
8138	1984.443	4	0.00136498
8139	1984.687	5	0.00170622
8140	1984.931	4	0.00136498
8141	1985.175	4	0.00136498
8142	1985.418	1	0.000341245
8143	1985.662	6	0.00204747
8144	1985.906	4	0.00136498
8145	1986.150	3	0.00102373
8146	1986.394	6	0.00204747
8147	1986.638	3	0.00102373
8148	1986.882	3	0.00102373
8149	1987.125	0	0
8150	1987.369	3	0.00102373
8151	1987.613	3	0.00102373
8152	1987.857	8	0.00272996
8153	1988.101	8	0.00272996
8154	1988.345	7	0.00238871
8155	1988.589	3	0.00102373
8156	1988.833	4	0.00136498
8157	1989.076	4	0.00136498
8158	1989.320	5	0.00170622
8159	1989.564	5	0.00170622
8160	1989.808	7	0.00238871
8161	1990.052	2	0.000682489
8162	1990.296	5	0.00170622
8163	1990.540	2	0.000682489
8164	1990.783	6	0.00204747
8165	1991.027	5	0.00170622
8166	1991.271	3	0.00102373
8167	1991.515	3	0.00102373
8168	1991.759	4	0.00136498
8169	1992.003	4	0.00136498
8170	1992.247	1	0.000341245
8171	1992.490	9	0.0030712
8172	1992.734	3	0.00102373
8173	1992.978	6	0.00204747
8174	1993.222	2	0.000682489
8175	1993.466	3	0.00102373
8176	1993.710	3	0.00102373
8177	1993.954	2	0.000682489
8178	1994.198	6	0.00204747
8179	1994.441	3	0.00102373
8180	1994.685	3	0.00102373
8181	1994.929	2	0.000682489
8182	1995.173	2	0.000682489
8183	1995.417	1	0.000341245
8184	1995.661	0	0
8185	1995.905	3	0.00102373
8186	1996.148	4	0.00136498
8187	1996.392	3	0.00102373
8188	1996.636	4	0.00136498
8189	1996.880	2	0.000682489
8190	1997.124	4	0.00136498
8191	1997.368	1	0.000341245
8192	1997.612	3	0.00102373
