#
# Sample name: Sample title.                                                   
# Sample id:   
# Sample type: 
# User name:   
# Sample description: 
#
# Start time:    2025-12-16, 12:10:26
# Real time (s): 78177.920
# Live time (s): 77461.720
#
# Total counts:  51566419
#
# Left marker:  20 (4.751 keV)
# Right marker: 50 (12.067 keV)
# Counts:       980968
#
# Energy calibration coefficients ( E = sum(Ai * n**i) )
#     A0: -0.126274
#     A1: 0.243864
#     A2: 0.000000
#     A3: 0.000000
# Energy unit: keV
#
# Channel data
# n	energy(keV)	counts	rate(1/s)
#-----------------------------------------------------------------------
1	0.118	6	7.74576e-05
2	0.361	5	6.4548e-05
3	0.605	7	9.03672e-05
4	0.849	3	3.87288e-05
5	1.093	6	7.74576e-05
6	1.337	8	0.000103277
7	1.581	9	0.000116186
8	1.825	7	9.03672e-05
9	2.069	15	0.000193644
10	2.312	8	0.000103277
11	2.556	6	7.74576e-05
12	2.800	9	0.000116186
13	3.044	9	0.000116186
14	3.288	13	0.000167825
15	3.532	9	0.000116186
16	3.776	8	0.000103277
17	4.019	16	0.000206554
18	4.263	17	0.000219463
19	4.507	9	0.000116186
20	4.751	7	9.03672e-05
21	4.995	9	0.000116186
22	5.239	13	0.000167825
23	5.483	10	0.000129096
24	5.726	22	0.000284011
25	5.970	128	0.00165243
26	6.214	1439	0.0185769
27	6.458	6909	0.0891924
28	6.702	13975	0.180412
29	6.946	18169	0.234555
30	7.190	20337	0.262543
31	7.434	22215	0.286787
32	7.677	24091	0.311005
33	7.921	25206	0.325399
34	8.165	25401	0.327917
35	8.409	23924	0.308849
36	8.653	21919	0.282966
37	8.897	20106	0.25956
38	9.141	19446	0.25104
39	9.384	19987	0.258024
40	9.628	21138	0.272883
41	9.872	24152	0.311793
42	10.116	28131	0.36316
43	10.360	34293	0.442709
44	10.604	42230	0.545173
45	10.848	52059	0.672061
46	11.091	64924	0.838143
47	11.335	80368	1.03752
48	11.579	100344	1.2954
49	11.823	123006	1.58796
50	12.067	147017	1.89793
51	12.311	163968	2.11676
52	12.555	176956	2.28443
53	12.799	191434	2.47134
54	13.042	215749	2.78523
55	13.286	257626	3.32585
56	13.530	314467	4.05964
57	13.774	369507	4.77019
58	14.018	404439	5.22115
59	14.262	404513	5.2221
60	14.506	363562	4.69344
61	14.749	298059	3.84782
62	14.993	225865	2.91583
63	15.237	169569	2.18907
64	15.481	133416	1.72235
65	15.725	112686	1.45473
66	15.969	100791	1.30117
67	16.213	90673	1.17055
68	16.457	81889	1.05715
69	16.700	76769	0.991057
70	16.944	78446	1.01271
71	17.188	85699	1.10634
72	17.432	94827	1.22418
73	17.676	102025	1.3171
74	17.920	100732	1.30041
75	18.164	90753	1.17159
76	18.407	75320	0.972351
77	18.651	59380	0.766572
78	18.895	47952	0.619041
79	19.139	42966	0.554674
80	19.383	45920	0.592809
81	19.627	55630	0.718161
82	19.871	73314	0.946455
83	20.114	101402	1.30906
84	20.358	142321	1.83731
85	20.602	207188	2.67471
86	20.846	311743	4.02448
87	21.090	486055	6.27478
88	21.334	760517	9.81797
89	21.578	1138758	14.7009
90	21.822	1554501	20.068
91	22.065	1864495	24.0699
92	22.309	1931763	24.9383
93	22.553	1714126	22.1287
94	22.797	1296301	16.7347
95	23.041	842318	10.874
96	23.285	482266	6.22586
97	23.529	261276	3.37297
98	23.772	163481	2.11047
99	24.016	152286	1.96595
100	24.260	195149	2.5193
101	24.504	271303	3.50241
102	24.748	354356	4.5746
103	24.992	412467	5.32478
104	25.236	419631	5.41727
105	25.479	369477	4.7698
106	25.723	286205	3.69479
107	25.967	197927	2.55516
108	26.211	125415	1.61906
109	26.455	78367	1.01169
110	26.699	50270	0.648966
111	26.943	35255	0.455128
112	27.187	27733	0.358022
113	27.430	24299	0.31369
114	27.674	24079	0.31085
115	27.918	25715	0.33197
116	28.162	28631	0.369615
117	28.406	32495	0.419498
118	28.650	36314	0.468799
119	28.894	40383	0.521328
120	29.137	44691	0.576943
121	29.381	51605	0.6662
122	29.625	65105	0.84048
123	29.869	88775	1.14605
124	30.113	130180	1.68057
125	30.357	186340	2.40558
126	30.601	247308	3.19265
127	30.845	291922	3.7686
128	31.088	301673	3.89448
129	31.332	274674	3.54593
130	31.576	220276	2.84368
131	31.820	162793	2.10159
132	32.064	118470	1.5294
133	32.308	97750	1.26191
134	32.552	98438	1.2708
135	32.795	115631	1.49275
136	33.039	137753	1.77834
137	33.283	156217	2.0167
138	33.527	160419	2.07095
139	33.771	144866	1.87016
140	34.015	120409	1.55443
141	34.259	96124	1.24092
142	34.502	80897	1.04435
143	34.746	75918	0.980071
144	34.990	76930	0.993136
145	35.234	75284	0.971887
146	35.478	69066	0.891615
147	35.722	59086	0.762777
148	35.966	47842	0.617621
149	36.210	38107	0.491946
150	36.453	30884	0.3987
151	36.697	26301	0.339535
152	36.941	24909	0.321565
153	37.185	27565	0.355853
154	37.429	32078	0.414114
155	37.673	36677	0.473485
156	37.917	40039	0.516888
157	38.160	38661	0.499098
158	38.404	34340	0.443316
159	38.648	29293	0.378161
160	38.892	23290	0.300665
161	39.136	18785	0.242507
162	39.380	14928	0.192715
163	39.624	12339	0.159292
164	39.868	10203	0.131717
165	40.111	9164	0.118304
166	40.355	8549	0.110364
167	40.599	8378	0.108157
168	40.843	8134	0.105007
169	41.087	8206	0.105936
170	41.331	8209	0.105975
171	41.575	8295	0.107085
172	41.818	8372	0.108079
173	42.062	8374	0.108105
174	42.306	8496	0.10968
175	42.550	8583	0.110803
176	42.794	8931	0.115296
177	43.038	8990	0.116057
178	43.282	9471	0.122267
179	43.525	9554	0.123338
180	43.769	9545	0.123222
181	44.013	9450	0.121996
182	44.257	9354	0.120756
183	44.501	9432	0.121763
184	44.745	9266	0.11962
185	44.989	9297	0.120021
186	45.233	9202	0.118794
187	45.476	9196	0.118717
188	45.720	9226	0.119104
189	45.964	9409	0.121466
190	46.208	9544	0.123209
191	46.452	9681	0.124978
192	46.696	9675	0.1249
193	46.940	9713	0.125391
194	47.183	10244	0.132246
195	47.427	10110	0.130516
196	47.671	10779	0.139153
197	47.915	11182	0.144355
198	48.159	11459	0.147931
199	48.403	12019	0.155161
200	48.647	12951	0.167192
201	48.890	13715	0.177055
202	49.134	14476	0.186879
203	49.378	15333	0.197943
204	49.622	15754	0.203378
205	49.866	16245	0.209716
206	50.110	16417	0.211937
207	50.354	16304	0.210478
208	50.598	16264	0.209962
209	50.841	16500	0.213008
210	51.085	16696	0.215539
211	51.329	17127	0.221103
212	51.573	17697	0.228461
213	51.817	18300	0.236246
214	52.061	19500	0.251737
215	52.305	20853	0.269204
216	52.548	23176	0.299193
217	52.792	24743	0.319422
218	53.036	26417	0.341033
219	53.280	27349	0.353065
220	53.524	26630	0.343783
221	53.768	25729	0.332151
222	54.012	23884	0.308333
223	54.256	21987	0.283843
224	54.499	20657	0.266674
225	54.743	19887	0.256733
226	54.987	19046	0.245876
227	55.231	18578	0.239835
228	55.475	17930	0.231469
229	55.719	17811	0.229933
230	55.963	17190	0.221916
231	56.206	16647	0.214906
232	56.450	16095	0.20778
233	56.694	15664	0.202216
234	56.938	15190	0.196097
235	57.182	14960	0.193128
236	57.426	14688	0.189616
237	57.670	14634	0.188919
238	57.913	16337	0.210904
239	58.157	21809	0.281546
240	58.401	35536	0.458756
241	58.645	63649	0.821683
242	58.889	109085	1.40824
243	59.133	168813	2.17931
244	59.377	225957	2.91702
245	59.621	258162	3.33277
246	59.864	250721	3.23671
247	60.108	207822	2.6829
248	60.352	146788	1.89497
249	60.596	90193	1.16436
250	60.840	48754	0.629395
251	61.084	26150	0.337586
252	61.328	15590	0.201261
253	61.571	11725	0.151365
254	61.815	10527	0.135899
255	62.059	10172	0.131316
256	62.303	10350	0.133614
257	62.547	10244	0.132246
258	62.791	10327	0.133317
259	63.035	10028	0.129457
260	63.278	10189	0.131536
261	63.522	10285	0.132775
262	63.766	10304	0.133021
263	64.010	10316	0.133175
264	64.254	10536	0.136016
265	64.498	10356	0.133692
266	64.742	10445	0.134841
267	64.986	10599	0.136829
268	65.229	10903	0.140753
269	65.473	10931	0.141115
270	65.717	11168	0.144174
271	65.961	11212	0.144742
272	66.205	11624	0.150061
273	66.449	11673	0.150694
274	66.693	11598	0.149726
275	66.936	11964	0.15445
276	67.180	11658	0.1505
277	67.424	12208	0.1576
278	67.668	12195	0.157433
279	67.912	11942	0.154166
280	68.156	12224	0.157807
281	68.400	12114	0.156387
282	68.644	12182	0.157265
283	68.887	12310	0.158917
284	69.131	12289	0.158646
285	69.375	12175	0.157174
286	69.619	12262	0.158298
287	69.863	12571	0.162287
288	70.107	12377	0.159782
289	70.351	12580	0.162403
290	70.594	12647	0.163268
291	70.838	12805	0.165307
292	71.082	12343	0.159343
293	71.326	12523	0.161667
294	71.570	12468	0.160957
295	71.814	12754	0.164649
296	72.058	12755	0.164662
297	72.301	12732	0.164365
298	72.545	12874	0.166198
299	72.789	13069	0.168716
300	73.033	12914	0.166715
301	73.277	12771	0.164869
302	73.521	12823	0.16554
303	73.765	12549	0.162003
304	74.009	12627	0.16301
305	74.252	12384	0.159873
306	74.496	12608	0.162764
307	74.740	13011	0.167967
308	74.984	12915	0.166728
309	75.228	13009	0.167941
310	75.472	12610	0.16279
311	75.716	12506	0.161447
312	75.959	12230	0.157884
313	76.203	11597	0.149713
314	76.447	11328	0.14624
315	76.691	11283	0.145659
316	76.935	11223	0.144884
317	77.179	11297	0.14584
318	77.423	11123	0.143594
319	77.666	10902	0.14074
320	77.910	11014	0.142186
321	78.154	11111	0.143439
322	78.398	11396	0.147118
323	78.642	12024	0.155225
324	78.886	13224	0.170717
325	79.130	14888	0.192198
326	79.374	17350	0.223982
327	79.617	21167	0.273258
328	79.861	27002	0.348585
329	80.105	37234	0.480676
330	80.349	53214	0.686972
331	80.593	75190	0.970673
332	80.837	96566	1.24663
333	81.081	109631	1.41529
334	81.324	107180	1.38365
335	81.568	89660	1.15747
336	81.812	65977	0.851737
337	82.056	43516	0.561774
338	82.300	26763	0.3455
339	82.544	16924	0.218482
340	82.788	12595	0.162596
341	83.032	10782	0.139191
342	83.275	10614	0.137023
343	83.519	10598	0.136816
344	83.763	10812	0.139579
345	84.007	10899	0.140702
346	84.251	10980	0.141747
347	84.495	11471	0.148086
348	84.739	11373	0.146821
349	84.982	11405	0.147234
350	85.226	11593	0.149661
351	85.470	11349	0.146511
352	85.714	11028	0.142367
353	85.958	11015	0.142199
354	86.202	11128	0.143658
355	86.446	12014	0.155096
356	86.689	14385	0.185705
357	86.933	19958	0.25765
358	87.177	30826	0.397951
359	87.421	47921	0.618641
360	87.665	68537	0.884785
361	87.909	87569	1.13048
362	88.153	97804	1.26261
363	88.397	93696	1.20958
364	88.640	78372	1.01175
365	88.884	57003	0.735886
366	89.128	37102	0.478972
367	89.372	23171	0.299128
368	89.616	15316	0.197723
369	89.860	11861	0.153121
370	90.104	10231	0.132078
371	90.347	9739	0.125727
372	90.591	9752	0.125894
373	90.835	9659	0.124694
374	91.079	9572	0.123571
375	91.323	9737	0.125701
376	91.567	9666	0.124784
377	91.811	9822	0.126798
378	92.055	9768	0.126101
379	92.298	9920	0.128063
380	92.542	9979	0.128825
381	92.786	10154	0.131084
382	93.030	10209	0.131794
383	93.274	10374	0.133924
384	93.518	10146	0.130981
385	93.762	10225	0.132001
386	94.005	10139	0.13089
387	94.249	10263	0.132491
388	94.493	10086	0.130206
389	94.737	10294	0.132891
390	94.981	10233	0.132104
391	95.225	10443	0.134815
392	95.469	10322	0.133253
393	95.712	10756	0.138856
394	95.956	10442	0.134802
395	96.200	10671	0.137758
396	96.444	10649	0.137474
397	96.688	10528	0.135912
398	96.932	10793	0.139333
399	97.176	10736	0.138597
400	97.420	10973	0.141657
401	97.663	10817	0.139643
402	97.907	10736	0.138597
403	98.151	10822	0.139708
404	98.395	10781	0.139178
405	98.639	11003	0.142044
406	98.883	10995	0.141941
407	99.127	11051	0.142664
408	99.370	10997	0.141967
409	99.614	11029	0.14238
410	99.858	11174	0.144252
411	100.102	11189	0.144446
412	100.346	11170	0.1442
413	100.590	11081	0.143051
414	100.834	11274	0.145543
415	101.077	11215	0.144781
416	101.321	11289	0.145737
417	101.565	11131	0.143697
418	101.809	11266	0.14544
419	102.053	11243	0.145143
420	102.297	11607	0.149842
421	102.541	11496	0.148409
422	102.785	11566	0.149312
423	103.028	11456	0.147892
424	103.272	11557	0.149196
425	103.516	11546	0.149054
426	103.760	11500	0.14846
427	104.004	11334	0.146317
428	104.248	11171	0.144213
429	104.492	11301	0.145891
430	104.735	11216	0.144794
431	104.979	11268	0.145465
432	105.223	11099	0.143284
433	105.467	11080	0.143038
434	105.711	11127	0.143645
435	105.955	11137	0.143774
436	106.199	10904	0.140766
437	106.443	10890	0.140586
438	106.686	10717	0.138352
439	106.930	10771	0.139049
440	107.174	10580	0.136584
441	107.418	10872	0.140353
442	107.662	10542	0.136093
443	107.906	10745	0.138714
444	108.150	10283	0.132749
445	108.393	10355	0.133679
446	108.637	10191	0.131562
447	108.881	10255	0.132388
448	109.125	10345	0.13355
449	109.369	10244	0.132246
450	109.613	10254	0.132375
451	109.857	10077	0.13009
452	110.100	10032	0.129509
453	110.344	10190	0.131549
454	110.588	10104	0.130439
455	110.832	10211	0.13182
456	111.076	10257	0.132414
457	111.320	10117	0.130606
458	111.564	10402	0.134286
459	111.808	10568	0.136429
460	112.051	10413	0.134428
461	112.295	10433	0.134686
462	112.539	10197	0.131639
463	112.783	9998	0.12907
464	113.027	9657	0.124668
465	113.271	9433	0.121776
466	113.515	9471	0.122267
467	113.758	9405	0.121415
468	114.002	9251	0.119427
469	114.246	9273	0.119711
470	114.490	9204	0.11882
471	114.734	9109	0.117594
472	114.978	9272	0.119698
473	115.222	9175	0.118446
474	115.465	9017	0.116406
475	115.709	9238	0.119259
476	115.953	9274	0.119724
477	116.197	9392	0.121247
478	116.441	9160	0.118252
479	116.685	9164	0.118304
480	116.929	9191	0.118652
481	117.173	9026	0.116522
482	117.416	9358	0.120808
483	117.660	9085	0.117284
484	117.904	9003	0.116225
485	118.148	9126	0.117813
486	118.392	9126	0.117813
487	118.636	9156	0.1182
488	118.880	9013	0.116354
489	119.123	9102	0.117503
490	119.367	9161	0.118265
491	119.611	9166	0.118329
492	119.855	9188	0.118613
493	120.099	9518	0.122874
494	120.343	10303	0.133008
495	120.587	13641	0.1761
496	120.831	21036	0.271566
497	121.074	37818	0.488215
498	121.318	67004	0.864995
499	121.562	109635	1.41534
500	121.806	155592	2.00863
501	122.050	193059	2.49231
502	122.294	205541	2.65345
503	122.538	188055	2.42772
504	122.781	147653	1.90614
505	123.025	99919	1.28991
506	123.269	60279	0.778178
507	123.513	33367	0.430755
508	123.757	18419	0.237782
509	124.001	11792	0.15223
510	124.245	9322	0.120343
511	124.488	8644	0.111591
512	124.732	8431	0.108841
513	124.976	8440	0.108957
514	125.220	8421	0.108712
515	125.464	8519	0.109977
516	125.708	8373	0.108092
517	125.952	8345	0.107731
518	126.196	8468	0.109319
519	126.439	8113	0.104736
520	126.683	8389	0.108299
521	126.927	8405	0.108505
522	127.171	8207	0.105949
523	127.415	8274	0.106814
524	127.659	8376	0.108131
525	127.903	8305	0.107214
526	128.146	8229	0.106233
527	128.390	8135	0.10502
528	128.634	8381	0.108195
529	128.878	8069	0.104168
530	129.122	8303	0.107188
531	129.366	8274	0.106814
532	129.610	8224	0.106169
533	129.853	8084	0.104361
534	130.097	8135	0.10502
535	130.341	8097	0.104529
536	130.585	8070	0.10418
537	130.829	8096	0.104516
538	131.073	8277	0.106853
539	131.317	8194	0.105781
540	131.561	8080	0.10431
541	131.804	8169	0.105459
542	132.048	8038	0.103767
543	132.292	8063	0.10409
544	132.536	8125	0.104891
545	132.780	8073	0.104219
546	133.024	8020	0.103535
547	133.268	8147	0.105175
548	133.511	8156	0.105291
549	133.755	8110	0.104697
550	133.999	8102	0.104594
551	134.243	7866	0.101547
552	134.487	8207	0.105949
553	134.731	8350	0.107795
554	134.975	8696	0.112262
555	135.219	9142	0.11802
556	135.462	11062	0.142806
557	135.706	14507	0.18728
558	135.950	19138	0.247064
559	136.194	24566	0.317137
560	136.438	29251	0.377619
561	136.682	31381	0.405116
562	136.926	30154	0.389276
563	137.169	25578	0.330202
564	137.413	19918	0.257133
565	137.657	14785	0.190868
566	137.901	11444	0.147737
567	138.145	9354	0.120756
568	138.389	8381	0.108195
569	138.633	8169	0.105459
570	138.876	8118	0.1048
571	139.120	8140	0.105084
572	139.364	8076	0.104258
573	139.608	8018	0.103509
574	139.852	8084	0.104361
575	140.096	8128	0.104929
576	140.340	7987	0.103109
577	140.584	8068	0.104155
578	140.827	8139	0.105071
579	141.071	8201	0.105872
580	141.315	7999	0.103264
581	141.559	7971	0.102902
582	141.803	8091	0.104452
583	142.047	8083	0.104348
584	142.291	8171	0.105484
585	142.534	8109	0.104684
586	142.778	8035	0.103729
587	143.022	8002	0.103303
588	143.266	8159	0.105329
589	143.510	8062	0.104077
590	143.754	8106	0.104645
591	143.998	8183	0.105639
592	144.242	8332	0.107563
593	144.485	8069	0.104168
594	144.729	8230	0.106246
595	144.973	8037	0.103754
596	145.217	8075	0.104245
597	145.461	8335	0.107602
598	145.705	8129	0.104942
599	145.949	8252	0.10653
600	146.192	8219	0.106104
601	146.436	8204	0.10591
602	146.680	8086	0.104387
603	146.924	8412	0.108596
604	147.168	8061	0.104064
605	147.412	8242	0.106401
606	147.656	8185	0.105665
607	147.899	8367	0.108015
608	148.143	8068	0.104155
609	148.387	8326	0.107485
610	148.631	8160	0.105342
611	148.875	8263	0.106672
612	149.119	8312	0.107305
613	149.363	8227	0.106207
614	149.607	8295	0.107085
615	149.850	8281	0.106904
616	150.094	8335	0.107602
617	150.338	8167	0.105433
618	150.582	8280	0.106892
619	150.826	8142	0.10511
620	151.070	8497	0.109693
621	151.314	8363	0.107963
622	151.557	8280	0.106892
623	151.801	8234	0.106298
624	152.045	8376	0.108131
625	152.289	8278	0.106866
626	152.533	8426	0.108776
627	152.777	8340	0.107666
628	153.021	8192	0.105755
629	153.264	8351	0.107808
630	153.508	8252	0.10653
631	153.752	8296	0.107098
632	153.996	8219	0.106104
633	154.240	8069	0.104168
634	154.484	8213	0.106027
635	154.728	8219	0.106104
636	154.972	8302	0.107176
637	155.215	8303	0.107188
638	155.459	8245	0.10644
639	155.703	8209	0.105975
640	155.947	8412	0.108596
641	156.191	8235	0.106311
642	156.435	8161	0.105355
643	156.679	8090	0.104439
644	156.922	8109	0.104684
645	157.166	8336	0.107614
646	157.410	8206	0.105936
647	157.654	8087	0.1044
648	157.898	8170	0.105471
649	158.142	8099	0.104555
650	158.386	7912	0.102141
651	158.630	7997	0.103238
652	158.873	8139	0.105071
653	159.117	8159	0.105329
654	159.361	8112	0.104723
655	159.605	8211	0.106001
656	159.849	8345	0.107731
657	160.093	8608	0.111126
658	160.337	9007	0.116277
659	160.580	9298	0.120033
660	160.824	9399	0.121337
661	161.068	9315	0.120253
662	161.312	8944	0.115463
663	161.556	8695	0.112249
664	161.800	8289	0.107008
665	162.044	8231	0.106259
666	162.287	7879	0.101715
667	162.531	7842	0.101237
668	162.775	7743	0.0999591
669	163.019	8090	0.104439
670	163.263	7736	0.0998687
671	163.507	7785	0.100501
672	163.751	7901	0.101999
673	163.995	8302	0.107176
674	164.238	9209	0.118885
675	164.482	12209	0.157613
676	164.726	18674	0.241074
677	164.970	32310	0.417109
678	165.214	54425	0.702605
679	165.458	83672	1.08017
680	165.702	114316	1.47577
681	165.945	135902	1.75444
682	166.189	139180	1.79676
683	166.433	123876	1.59919
684	166.677	95655	1.23487
685	166.921	64086	0.827325
686	167.165	39074	0.50443
687	167.409	22348	0.288504
688	167.652	13298	0.171672
689	167.896	9567	0.123506
690	168.140	7956	0.102709
691	168.384	7510	0.0969511
692	168.628	7277	0.0939432
693	168.872	7261	0.0937366
694	169.116	7277	0.0939432
695	169.360	7202	0.092975
696	169.603	7195	0.0928846
697	169.847	7411	0.0956731
698	170.091	7342	0.0947823
699	170.335	7511	0.096964
700	170.579	7460	0.0963056
701	170.823	7467	0.096396
702	171.067	7449	0.0961636
703	171.310	7311	0.0943821
704	171.554	7667	0.0989779
705	171.798	7624	0.0984228
706	172.042	7664	0.0989392
707	172.286	7610	0.0982421
708	172.530	7670	0.0990166
709	172.774	7644	0.098681
710	173.018	7678	0.0991199
711	173.261	7541	0.0973513
712	173.505	7518	0.0970544
713	173.749	7517	0.0970415
714	173.993	7815	0.100889
715	174.237	7608	0.0982163
716	174.481	7510	0.0969511
717	174.725	7662	0.0989134
718	174.968	7831	0.101095
719	175.212	7632	0.0985261
720	175.456	7701	0.0994168
721	175.700	7603	0.0981517
722	175.944	7647	0.0987197
723	176.188	7814	0.100876
724	176.432	7656	0.0988359
725	176.675	7684	0.0991974
726	176.919	7468	0.0964089
727	177.163	7699	0.099391
728	177.407	7603	0.0981517
729	177.651	7559	0.0975837
730	177.895	7466	0.0963831
731	178.139	7556	0.097545
732	178.383	7606	0.0981904
733	178.626	7501	0.0968349
734	178.870	7609	0.0982292
735	179.114	7541	0.0973513
736	179.358	7533	0.097248
737	179.602	7482	0.0965896
738	179.846	7545	0.0974029
739	180.090	7366	0.0950921
740	180.333	7462	0.0963315
741	180.577	7437	0.0960087
742	180.821	7437	0.0960087
743	181.065	7406	0.0956085
744	181.309	7381	0.0952858
745	181.553	7426	0.0958667
746	181.797	7419	0.0957763
747	182.041	7300	0.0942401
748	182.284	7264	0.0937754
749	182.528	7455	0.0962411
750	182.772	7328	0.0946016
751	183.016	7312	0.094395
752	183.260	7503	0.0968607
753	183.504	7315	0.0944337
754	183.748	7300	0.0942401
755	183.991	7499	0.0968091
756	184.235	7373	0.0951825
757	184.479	7534	0.0972609
758	184.723	7404	0.0955827
759	184.967	7498	0.0967962
760	185.211	7437	0.0960087
761	185.455	7519	0.0970673
762	185.698	7421	0.0958022
763	185.942	7540	0.0973384
764	186.186	7655	0.098823
765	186.430	7558	0.0975708
766	186.674	7649	0.0987455
767	186.918	7638	0.0986035
768	187.162	7639	0.0986165
769	187.406	7481	0.0965767
770	187.649	7628	0.0984744
771	187.893	7501	0.0968349
772	188.137	7541	0.0973513
773	188.381	7376	0.0952212
774	188.625	7469	0.0964218
775	188.869	7383	0.0953116
776	189.113	7581	0.0978677
777	189.356	7573	0.0977644
778	189.600	7652	0.0987843
779	189.844	7477	0.0965251
780	190.088	7316	0.0944467
781	190.332	7599	0.0981001
782	190.576	7406	0.0956085
783	190.820	7366	0.0950921
784	191.063	7512	0.0969769
785	191.307	7471	0.0964476
786	191.551	7530	0.0972093
787	191.795	7496	0.0967704
788	192.039	7380	0.0952729
789	192.283	7333	0.0946661
790	192.527	7311	0.0943821
791	192.771	7351	0.0948985
792	193.014	7431	0.0959313
793	193.258	7335	0.0946919
794	193.502	7374	0.0951954
795	193.746	7278	0.0939561
796	193.990	7307	0.0943305
797	194.234	7241	0.0934784
798	194.478	7355	0.0949501
799	194.721	7326	0.0945757
800	194.965	7337	0.0947178
801	195.209	7261	0.0937366
802	195.453	7362	0.0950405
803	195.697	7442	0.0960733
804	195.941	7465	0.0963702
805	196.185	7268	0.093827
806	196.429	7339	0.0947436
807	196.672	7375	0.0952083
808	196.916	7458	0.0962798
809	197.160	7465	0.0963702
810	197.404	7322	0.0945241
811	197.648	7483	0.0966026
812	197.892	7320	0.0944983
813	198.136	7533	0.097248
814	198.379	7575	0.0977902
815	198.623	7763	0.100217
816	198.867	7880	0.101728
817	199.111	8282	0.106917
818	199.355	8163	0.105381
819	199.599	8200	0.105859
820	199.843	7986	0.103096
821	200.086	7895	0.101921
822	200.330	7743	0.0999591
823	200.574	7561	0.0976095
824	200.818	7418	0.0957634
825	201.062	7398	0.0955052
826	201.306	7512	0.0969769
827	201.550	7462	0.0963315
828	201.794	7362	0.0950405
829	202.037	7478	0.096538
830	202.281	7453	0.0962153
831	202.525	7471	0.0964476
832	202.769	7333	0.0946661
833	203.013	7506	0.0968995
834	203.257	7356	0.094963
835	203.501	7389	0.0953891
836	203.744	7526	0.0971577
837	203.988	7631	0.0985132
838	204.232	7532	0.0972351
839	204.476	7385	0.0953374
840	204.720	7473	0.0964735
841	204.964	7308	0.0943434
842	205.208	7391	0.0954149
843	205.451	7242	0.0934913
844	205.695	7204	0.0930008
845	205.939	7231	0.0933493
846	206.183	7062	0.0911676
847	206.427	6964	0.0899025
848	206.671	7165	0.0924973
849	206.915	7184	0.0927426
850	207.159	7057	0.0911031
851	207.402	7071	0.0912838
852	207.646	7077	0.0913613
853	207.890	6994	0.0902898
854	208.134	7041	0.0908965
855	208.378	6870	0.088689
856	208.622	6985	0.0901736
857	208.866	6963	0.0898896
858	209.109	6978	0.0900832
859	209.353	6905	0.0891408
860	209.597	6856	0.0885082
861	209.841	6778	0.0875013
862	210.085	7022	0.0906512
863	210.329	6970	0.0899799
864	210.573	6959	0.0898379
865	210.817	6987	0.0901994
866	211.060	6907	0.0891666
867	211.304	6839	0.0882888
868	211.548	6797	0.0877466
869	211.792	6786	0.0876046
870	212.036	6850	0.0884308
871	212.280	6771	0.0874109
872	212.524	6934	0.0895152
873	212.767	6752	0.0871656
874	213.011	6975	0.0900445
875	213.255	6925	0.089399
876	213.499	6982	0.0901348
877	213.743	6781	0.08754
878	213.987	6785	0.0875917
879	214.231	6845	0.0883662
880	214.474	6759	0.087256
881	214.718	6647	0.0858101
882	214.962	6738	0.0869849
883	215.206	6788	0.0876304
884	215.450	6700	0.0864943
885	215.694	6776	0.0874755
886	215.938	6688	0.0863394
887	216.182	6633	0.0856294
888	216.425	6816	0.0879918
889	216.669	6688	0.0863394
890	216.913	6810	0.0879144
891	217.157	6816	0.0879918
892	217.401	6632	0.0856165
893	217.645	6810	0.0879144
894	217.889	6847	0.088392
895	218.132	6710	0.0866234
896	218.376	6761	0.0872818
897	218.620	6762	0.0872947
898	218.864	6714	0.0866751
899	219.108	6821	0.0880564
900	219.352	6504	0.0839641
901	219.596	6604	0.085255
902	219.839	6711	0.0866363
903	220.083	6631	0.0856036
904	220.327	6547	0.0845192
905	220.571	6575	0.0848806
906	220.815	6668	0.0860812
907	221.059	6513	0.0840802
908	221.303	6717	0.0867138
909	221.547	6529	0.0842868
910	221.790	6644	0.0857714
911	222.034	6600	0.0852034
912	222.278	6540	0.0844288
913	222.522	6794	0.0877078
914	222.766	6849	0.0884179
915	223.010	7010	0.0904963
916	223.254	7349	0.0948727
917	223.497	7247	0.0935559
918	223.741	7327	0.0945887
919	223.985	7320	0.0944983
920	224.229	6868	0.0886631
921	224.473	6790	0.0876562
922	224.717	6615	0.085397
923	224.961	6612	0.0853583
924	225.205	6488	0.0837575
925	225.448	6458	0.0833702
926	225.692	6451	0.0832798
927	225.936	6413	0.0827893
928	226.180	6437	0.0830991
929	226.424	6471	0.083538
930	226.668	6471	0.083538
931	226.912	6419	0.0828667
932	227.155	6473	0.0835639
933	227.399	6619	0.0854487
934	227.643	6626	0.085539
935	227.887	6453	0.0833057
936	228.131	6327	0.0816791
937	228.375	6297	0.0812918
938	228.619	6329	0.0817049
939	228.862	6405	0.082686
940	229.106	6436	0.0830862
941	229.350	6375	0.0822987
942	229.594	6357	0.0820663
943	229.838	6343	0.0818856
944	230.082	6237	0.0805172
945	230.326	6326	0.0816661
946	230.570	6321	0.0816016
947	230.813	6259	0.0808012
948	231.057	6299	0.0813176
949	231.301	6203	0.0800783
950	231.545	6235	0.0804914
951	231.789	6150	0.0793941
952	232.033	6267	0.0809045
953	232.277	6185	0.0798459
954	232.520	6291	0.0812143
955	232.764	6216	0.0802461
956	233.008	6218	0.0802719
957	233.252	6237	0.0805172
958	233.496	6068	0.0783355
959	233.740	5947	0.0767734
960	233.984	6019	0.0777029
961	234.228	6055	0.0781676
962	234.471	6032	0.0778707
963	234.715	6067	0.0783226
964	234.959	5944	0.0767347
965	235.203	6098	0.0787228
966	235.447	6080	0.0784904
967	235.691	5916	0.0763732
968	235.935	6077	0.0784517
969	236.178	6075	0.0784258
970	236.422	5895	0.0761021
971	236.666	5893	0.0760763
972	236.910	5883	0.0759472
973	237.154	5815	0.0750693
974	237.398	5970	0.0770703
975	237.642	5865	0.0757148
976	237.885	5976	0.0771478
977	238.129	5929	0.076541
978	238.373	5887	0.0759988
979	238.617	5845	0.0754566
980	238.861	6043	0.0780127
981	239.105	5853	0.0755599
982	239.349	5866	0.0757277
983	239.593	5816	0.0750822
984	239.836	5729	0.0739591
985	240.080	5757	0.0743206
986	240.324	5674	0.0732491
987	240.568	5726	0.0739204
988	240.812	5693	0.0734944
989	241.056	5738	0.0740753
990	241.300	5747	0.0741915
991	241.543	5821	0.0751468
992	241.787	5712	0.0737396
993	242.031	5714	0.0737655
994	242.275	5592	0.0721905
995	242.519	5628	0.0726552
996	242.763	5613	0.0724616
997	243.007	5666	0.0731458
998	243.250	5637	0.0727714
999	243.494	5608	0.072397
1000	243.738	5460	0.0704864
1001	243.982	5572	0.0719323
1002	244.226	5463	0.0705252
1003	244.470	5480	0.0707446
1004	244.714	5605	0.0723583
1005	244.958	5511	0.0711448
1006	245.201	5491	0.0708866
1007	245.445	5504	0.0710545
1008	245.689	5583	0.0720743
1009	245.933	5502	0.0710286
1010	246.177	5502	0.0710286
1011	246.421	5542	0.071545
1012	246.665	5490	0.0708737
1013	246.908	5433	0.0701379
1014	247.152	5362	0.0692213
1015	247.396	5347	0.0690276
1016	247.640	5292	0.0683176
1017	247.884	5300	0.0684209
1018	248.128	5460	0.0704864
1019	248.372	5370	0.0693246
1020	248.616	5311	0.0685629
1021	248.859	5326	0.0687565
1022	249.103	5347	0.0690276
1023	249.347	5154	0.0665361
1024	249.591	5344	0.0689889
1025	249.835	5299	0.068408
1026	250.079	5217	0.0673494
1027	250.323	5307	0.0685113
1028	250.566	5283	0.0682014
1029	250.810	5364	0.0692471
1030	251.054	5236	0.0675947
1031	251.298	5278	0.0681369
1032	251.542	5223	0.0674269
1033	251.786	5116	0.0660455
1034	252.030	5240	0.0676463
1035	252.273	5177	0.066833
1036	252.517	5079	0.0655679
1037	252.761	5113	0.0660068
1038	253.005	5085	0.0656453
1039	253.249	5096	0.0657873
1040	253.493	5098	0.0658132
1041	253.737	5067	0.065413
1042	253.981	5185	0.0669363
1043	254.224	5118	0.0660713
1044	254.468	4985	0.0643544
1045	254.712	4996	0.0644964
1046	254.956	5008	0.0646513
1047	255.200	5020	0.0648062
1048	255.444	4951	0.0639154
1049	255.688	5107	0.0659293
1050	255.931	5020	0.0648062
1051	256.175	4959	0.0640187
1052	256.419	5021	0.0648191
1053	256.663	4880	0.0629989
1054	256.907	4763	0.0614884
1055	257.151	4952	0.0639284
1056	257.395	4973	0.0641995
1057	257.638	4965	0.0640962
1058	257.882	4968	0.0641349
1059	258.126	4838	0.0624567
1060	258.370	4820	0.0622243
1061	258.614	4871	0.0628827
1062	258.858	5005	0.0646126
1063	259.102	4791	0.0618499
1064	259.346	4920	0.0635152
1065	259.589	4812	0.062121
1066	259.833	4812	0.062121
1067	260.077	4849	0.0625987
1068	260.321	4800	0.0619661
1069	260.565	4785	0.0617724
1070	260.809	4887	0.0630892
1071	261.053	4770	0.0615788
1072	261.296	4682	0.0604428
1073	261.540	4689	0.0605331
1074	261.784	4766	0.0615272
1075	262.028	4814	0.0621468
1076	262.272	4783	0.0617466
1077	262.516	4821	0.0622372
1078	262.760	4690	0.060546
1079	263.004	4826	0.0623017
1080	263.247	4703	0.0607139
1081	263.491	4687	0.0605073
1082	263.735	4589	0.0592422
1083	263.979	4630	0.0597715
1084	264.223	4782	0.0617337
1085	264.467	4628	0.0597456
1086	264.711	4710	0.0608042
1087	264.954	4545	0.0586741
1088	265.198	4562	0.0588936
1089	265.442	4656	0.0601071
1090	265.686	4487	0.0579254
1091	265.930	4728	0.0610366
1092	266.174	4791	0.0618499
1093	266.418	4582	0.0591518
1094	266.661	4552	0.0587645
1095	266.905	4748	0.0612948
1096	267.149	4554	0.0587903
1097	267.393	4654	0.0600813
1098	267.637	4493	0.0580028
1099	267.881	4598	0.0593584
1100	268.125	4670	0.0602878
1101	268.369	4518	0.0583256
1102	268.612	4525	0.058416
1103	268.856	4491	0.057977
1104	269.100	4552	0.0587645
1105	269.344	4464	0.0576285
1106	269.588	4530	0.0584805
1107	269.832	4450	0.0574477
1108	270.076	4558	0.058842
1109	270.319	4532	0.0585063
1110	270.563	4603	0.0594229
1111	270.807	4569	0.058984
1112	271.051	4551	0.0587516
1113	271.295	4593	0.0592938
1114	271.539	4436	0.057267
1115	271.783	4485	0.0578996
1116	272.026	4516	0.0582998
1117	272.270	4545	0.0586741
1118	272.514	4422	0.0570863
1119	272.758	4593	0.0592938
1120	273.002	4480	0.057835
1121	273.246	4644	0.0599522
1122	273.490	4402	0.0568281
1123	273.734	4464	0.0576285
1124	273.977	4350	0.0561568
1125	274.221	4417	0.0570217
1126	274.465	4483	0.0578737
1127	274.709	4416	0.0570088
1128	274.953	4658	0.0601329
1129	275.197	4885	0.0630634
1130	275.441	5495	0.0709383
1131	275.684	6593	0.085113
1132	275.928	8220	0.106117
1133	276.172	10418	0.134492
1134	276.416	12090	0.156077
1135	276.660	13625	0.175893
1136	276.904	13934	0.179882
1137	277.148	12656	0.163384
1138	277.392	10563	0.136364
1139	277.635	8659	0.111784
1140	277.879	6934	0.0895152
1141	278.123	5473	0.0706543
1142	278.367	4756	0.0613981
1143	278.611	4487	0.0579254
1144	278.855	4449	0.0574348
1145	279.099	4357	0.0562471
1146	279.342	4398	0.0567764
1147	279.586	4366	0.0563633
1148	279.830	4306	0.0555887
1149	280.074	4448	0.0574219
1150	280.318	4322	0.0557953
1151	280.562	4233	0.0546463
1152	280.806	4374	0.0564666
1153	281.049	4254	0.0549174
1154	281.293	4387	0.0566344
1155	281.537	4352	0.0561826
1156	281.781	4294	0.0554338
1157	282.025	4351	0.0561697
1158	282.269	4351	0.0561697
1159	282.513	4265	0.0550595
1160	282.757	4407	0.0568926
1161	283.000	4267	0.0550853
1162	283.244	4241	0.0547496
1163	283.488	4302	0.0555371
1164	283.732	4324	0.0558211
1165	283.976	4248	0.05484
1166	284.220	4327	0.0558598
1167	284.464	4269	0.0551111
1168	284.707	4392	0.056699
1169	284.951	4352	0.0561826
1170	285.195	4252	0.0548916
1171	285.439	4318	0.0557437
1172	285.683	4223	0.0545173
1173	285.927	4193	0.05413
1174	286.171	4167	0.0537943
1175	286.415	4132	0.0533425
1176	286.658	4304	0.0555629
1177	286.902	4311	0.0556533
1178	287.146	4304	0.0555629
1179	287.390	4176	0.0539105
1180	287.634	4235	0.0546722
1181	287.878	4263	0.0550336
1182	288.122	4277	0.0552144
1183	288.365	4131	0.0533296
1184	288.609	4117	0.0531488
1185	288.853	4309	0.0556275
1186	289.097	4290	0.0553822
1187	289.341	4214	0.0544011
1188	289.585	4332	0.0559244
1189	289.829	4237	0.054698
1190	290.072	4262	0.0550207
1191	290.316	4335	0.0559631
1192	290.560	4507	0.0581836
1193	290.804	4251	0.0548787
1194	291.048	4267	0.0550853
1195	291.292	4249	0.0548529
1196	291.536	4344	0.0560793
1197	291.780	4179	0.0539492
1198	292.023	4126	0.053265
1199	292.267	4368	0.0563891
1200	292.511	4075	0.0526066
1201	292.755	4275	0.0551885
1202	292.999	4212	0.0543752
1203	293.243	4239	0.0547238
1204	293.487	4347	0.056118
1205	293.730	4288	0.0553564
1206	293.974	4172	0.0538589
1207	294.218	4091	0.0528132
1208	294.462	4232	0.0546334
1209	294.706	4302	0.0555371
1210	294.950	4275	0.0551885
1211	295.194	4248	0.05484
1212	295.437	4208	0.0543236
1213	295.681	4287	0.0553435
1214	295.925	4030	0.0520257
1215	296.169	4242	0.0547625
1216	296.413	4356	0.0562342
1217	296.657	4181	0.053975
1218	296.901	4155	0.0536394
1219	297.145	4223	0.0545173
1220	297.388	4203	0.0542591
1221	297.632	4326	0.0558469
1222	297.876	4168	0.0538072
1223	298.120	4253	0.0549045
1224	298.364	4270	0.055124
1225	298.608	4292	0.055408
1226	298.852	4251	0.0548787
1227	299.095	4220	0.0544785
1228	299.339	4190	0.0540912
1229	299.583	4233	0.0546463
1230	299.827	4233	0.0546463
1231	300.071	4166	0.0537814
1232	300.315	4266	0.0550724
1233	300.559	4246	0.0548142
1234	300.803	4165	0.0537685
1235	301.046	4389	0.0566602
1236	301.290	4454	0.0574994
1237	301.534	4927	0.0636056
1238	301.778	5988	0.0773027
1239	302.022	7579	0.0978419
1240	302.266	10507	0.135641
1241	302.510	14955	0.193063
1242	302.753	20149	0.260116
1243	302.997	24268	0.31329
1244	303.241	26092	0.336837
1245	303.485	25547	0.329802
1246	303.729	21929	0.283095
1247	303.973	16996	0.219412
1248	304.217	12722	0.164236
1249	304.460	8732	0.112727
1250	304.704	6530	0.0842997
1251	304.948	5183	0.0669105
1252	305.192	4568	0.0589711
1253	305.436	4407	0.0568926
1254	305.680	4265	0.0550595
1255	305.924	4160	0.0537039
1256	306.168	4107	0.0530197
1257	306.411	4224	0.0545302
1258	306.655	4284	0.0553047
1259	306.899	4183	0.0540009
1260	307.143	4367	0.0563762
1261	307.387	4282	0.0552789
1262	307.631	4257	0.0549562
1263	307.875	4357	0.0562471
1264	308.118	4249	0.0548529
1265	308.362	4243	0.0547754
1266	308.606	4240	0.0547367
1267	308.850	4226	0.054556
1268	309.094	4074	0.0525937
1269	309.338	4149	0.0535619
1270	309.582	4268	0.0550982
1271	309.825	4303	0.05555
1272	310.069	4280	0.0552531
1273	310.313	4419	0.0570475
1274	310.557	4276	0.0552015
1275	310.801	4340	0.0560277
1276	311.045	4536	0.058558
1277	311.289	4427	0.0571508
1278	311.533	4466	0.0576543
1279	311.776	4216	0.0544269
1280	312.020	4240	0.0547367
1281	312.264	4173	0.0538718
1282	312.508	4269	0.0551111
1283	312.752	4288	0.0553564
1284	312.996	4138	0.0534199
1285	313.240	4167	0.0537943
1286	313.483	4270	0.055124
1287	313.727	4335	0.0559631
1288	313.971	4244	0.0547884
1289	314.215	4206	0.0542978
1290	314.459	4171	0.053846
1291	314.703	4281	0.055266
1292	314.947	4324	0.0558211
1293	315.191	4171	0.053846
1294	315.434	4176	0.0539105
1295	315.678	4214	0.0544011
1296	315.922	4179	0.0539492
1297	316.166	4169	0.0538201
1298	316.410	4195	0.0541558
1299	316.654	4229	0.0545947
1300	316.898	4187	0.0540525
1301	317.141	4206	0.0542978
1302	317.385	4159	0.053691
1303	317.629	4176	0.0539105
1304	317.873	4427	0.0571508
1305	318.117	4297	0.0554726
1306	318.361	4494	0.0580158
1307	318.605	4981	0.0643027
1308	318.848	6074	0.0784129
1309	319.092	8782	0.113372
1310	319.336	13938	0.179934
1311	319.580	21503	0.277595
1312	319.824	32498	0.419536
1313	320.068	44123	0.56961
1314	320.312	52625	0.679368
1315	320.556	56125	0.724551
1316	320.799	52512	0.677909
1317	321.043	43543	0.562123
1318	321.287	31928	0.412178
1319	321.531	21105	0.272457
1320	321.775	13339	0.172201
1321	322.019	8607	0.111113
1322	322.263	6005	0.0775222
1323	322.506	4865	0.0628052
1324	322.750	4299	0.0554984
1325	322.994	4256	0.0549433
1326	323.238	4225	0.0545431
1327	323.482	4216	0.0544269
1328	323.726	4279	0.0552402
1329	323.970	4102	0.0529552
1330	324.213	4248	0.05484
1331	324.457	4232	0.0546334
1332	324.701	4142	0.0534716
1333	324.945	4288	0.0553564
1334	325.189	4096	0.0528777
1335	325.433	4145	0.0535103
1336	325.677	4122	0.0532134
1337	325.921	4028	0.0519999
1338	326.164	4249	0.0548529
1339	326.408	4217	0.0544398
1340	326.652	4226	0.054556
1341	326.896	4150	0.0535748
1342	327.140	4173	0.0538718
1343	327.384	4172	0.0538589
1344	327.628	4133	0.0533554
1345	327.871	4242	0.0547625
1346	328.115	4073	0.0525808
1347	328.359	4147	0.0535361
1348	328.603	4216	0.0544269
1349	328.847	4125	0.0532521
1350	329.091	4204	0.054272
1351	329.335	4196	0.0541687
1352	329.579	4209	0.0543365
1353	329.822	4202	0.0542461
1354	330.066	4290	0.0553822
1355	330.310	4229	0.0545947
1356	330.554	4202	0.0542461
1357	330.798	4189	0.0540783
1358	331.042	3968	0.0512253
1359	331.286	4119	0.0531747
1360	331.529	4258	0.0549691
1361	331.773	4190	0.0540912
1362	332.017	4188	0.0540654
1363	332.261	4225	0.0545431
1364	332.505	4248	0.05484
1365	332.749	4253	0.0549045
1366	332.993	4225	0.0545431
1367	333.236	4354	0.0562084
1368	333.480	4354	0.0562084
1369	333.724	4493	0.0580028
1370	333.968	4387	0.0566344
1371	334.212	4458	0.057551
1372	334.456	4463	0.0576156
1373	334.700	4516	0.0582998
1374	334.944	4311	0.0556533
1375	335.187	4351	0.0561697
1376	335.431	4138	0.0534199
1377	335.675	4220	0.0544785
1378	335.919	4140	0.0534458
1379	336.163	4180	0.0539621
1380	336.407	4122	0.0532134
1381	336.651	4034	0.0520773
1382	336.894	4259	0.054982
1383	337.138	4126	0.053265
1384	337.382	4210	0.0543494
1385	337.626	4105	0.0529939
1386	337.870	4111	0.0530714
1387	338.114	4017	0.0518579
1388	338.358	4322	0.0557953
1389	338.602	4111	0.0530714
1390	338.845	4076	0.0526195
1391	339.089	4089	0.0527874
1392	339.333	4001	0.0516513
1393	339.577	4044	0.0522064
1394	339.821	3919	0.0505927
1395	340.065	4094	0.0528519
1396	340.309	4078	0.0526454
1397	340.552	3992	0.0515351
1398	340.796	4016	0.051845
1399	341.040	3940	0.0508638
1400	341.284	3926	0.0506831
1401	341.528	3931	0.0507476
1402	341.772	3966	0.0511995
1403	342.016	3849	0.0496891
1404	342.259	3905	0.050412
1405	342.503	3909	0.0504636
1406	342.747	3793	0.0489661
1407	342.991	3915	0.0505411
1408	343.235	3866	0.0499085
1409	343.479	3855	0.0497665
1410	343.723	3775	0.0487337
1411	343.967	3749	0.0483981
1412	344.210	3611	0.0466166
1413	344.454	3669	0.0473653
1414	344.698	3578	0.0461906
1415	344.942	3559	0.0459453
1416	345.186	3703	0.0478043
1417	345.430	3693	0.0476752
1418	345.674	3584	0.046268
1419	345.917	3662	0.047275
1420	346.161	3629	0.0468489
1421	346.405	3532	0.0455967
1422	346.649	3552	0.0458549
1423	346.893	3603	0.0465133
1424	347.137	3435	0.0443445
1425	347.381	3604	0.0465262
1426	347.624	3574	0.0461389
1427	347.868	3536	0.0456484
1428	348.112	3330	0.042989
1429	348.356	3320	0.0428599
1430	348.600	3487	0.0450158
1431	348.844	3271	0.0422273
1432	349.088	3408	0.0439959
1433	349.332	3386	0.0437119
1434	349.575	3356	0.0433246
1435	349.819	3351	0.0432601
1436	350.063	3329	0.0429761
1437	350.307	3397	0.0438539
1438	350.551	3326	0.0429373
1439	350.795	3305	0.0426662
1440	351.039	3284	0.0423951
1441	351.282	3387	0.0437248
1442	351.526	3299	0.0425888
1443	351.770	3339	0.0431052
1444	352.014	3309	0.0427179
1445	352.258	3284	0.0423951
1446	352.502	3326	0.0429373
1447	352.746	3234	0.0417497
1448	352.990	3285	0.042408
1449	353.233	3172	0.0409493
1450	353.477	3300	0.0426017
1451	353.721	3281	0.0423564
1452	353.965	3414	0.0440734
1453	354.209	3476	0.0448738
1454	354.453	3808	0.0491598
1455	354.697	4877	0.0629601
1456	354.940	6945	0.0896572
1457	355.184	11507	0.148551
1458	355.428	19402	0.250472
1459	355.672	30639	0.395537
1460	355.916	44232	0.571018
1461	356.160	56686	0.731794
1462	356.404	64698	0.835225
1463	356.647	64980	0.838866
1464	356.891	57209	0.738545
1465	357.135	44923	0.579938
1466	357.379	31391	0.405245
1467	357.623	19856	0.256333
1468	357.867	11589	0.149609
1469	358.111	7016	0.0905738
1470	358.355	4844	0.0625341
1471	358.598	3728	0.048127
1472	358.842	3250	0.0419562
1473	359.086	3135	0.0404716
1474	359.330	3093	0.0399294
1475	359.574	3163	0.0408331
1476	359.818	3045	0.0393097
1477	360.062	3008	0.0388321
1478	360.305	3056	0.0394517
1479	360.549	3022	0.0390128
1480	360.793	3108	0.040123
1481	361.037	3121	0.0402909
1482	361.281	2979	0.0384577
1483	361.525	3024	0.0390386
1484	361.769	3138	0.0405103
1485	362.012	3022	0.0390128
1486	362.256	2997	0.0386901
1487	362.500	3013	0.0388966
1488	362.744	3011	0.0388708
1489	362.988	3035	0.0391806
1490	363.232	3094	0.0399423
1491	363.476	3123	0.0403167
1492	363.720	3112	0.0401747
1493	363.963	3067	0.0395938
1494	364.207	2999	0.0387159
1495	364.451	3016	0.0389354
1496	364.695	3072	0.0396583
1497	364.939	3029	0.0391032
1498	365.183	2967	0.0383028
1499	365.427	3067	0.0395938
1500	365.670	2842	0.0366891
1501	365.914	3008	0.0388321
1502	366.158	2948	0.0380575
1503	366.402	2969	0.0383286
1504	366.646	2999	0.0387159
1505	366.890	2871	0.0370635
1506	367.134	3038	0.0392194
1507	367.378	2813	0.0363147
1508	367.621	2999	0.0387159
1509	367.865	3075	0.039697
1510	368.109	2946	0.0380317
1511	368.353	2911	0.0375799
1512	368.597	2937	0.0379155
1513	368.841	2949	0.0380704
1514	369.085	2942	0.0379801
1515	369.328	2920	0.037696
1516	369.572	2916	0.0376444
1517	369.816	2932	0.037851
1518	370.060	2953	0.0381221
1519	370.304	2899	0.0374249
1520	370.548	2933	0.0378639
1521	370.792	3010	0.0388579
1522	371.035	2948	0.0380575
1523	371.279	2869	0.0370376
1524	371.523	2918	0.0376702
1525	371.767	2957	0.0381737
1526	372.011	2923	0.0377348
1527	372.255	2873	0.0370893
1528	372.499	2833	0.0365729
1529	372.743	2883	0.0372184
1530	372.986	2997	0.0386901
1531	373.230	2962	0.0382382
1532	373.474	2837	0.0366245
1533	373.718	2871	0.0370635
1534	373.962	2844	0.0367149
1535	374.206	2939	0.0379413
1536	374.450	2837	0.0366245
1537	374.693	3001	0.0387417
1538	374.937	2791	0.0360307
1539	375.181	2841	0.0366762
1540	375.425	2905	0.0375024
1541	375.669	2827	0.0364954
1542	375.913	2839	0.0366504
1543	376.157	2794	0.0360694
1544	376.401	2803	0.0361856
1545	376.644	2826	0.0364825
1546	376.888	2835	0.0365987
1547	377.132	2806	0.0362243
1548	377.376	2797	0.0361082
1549	377.620	2869	0.0370376
1550	377.864	2764	0.0356821
1551	378.108	2879	0.0371667
1552	378.351	2805	0.0362114
1553	378.595	2832	0.03656
1554	378.839	2831	0.0365471
1555	379.083	2883	0.0372184
1556	379.327	2827	0.0364954
1557	379.571	2746	0.0354498
1558	379.815	2792	0.0360436
1559	380.058	2863	0.0369602
1560	380.302	2769	0.0357467
1561	380.546	2844	0.0367149
1562	380.790	2725	0.0351787
1563	381.034	2724	0.0351658
1564	381.278	2796	0.0360952
1565	381.522	2801	0.0361598
1566	381.766	2729	0.0352303
1567	382.009	2744	0.0354239
1568	382.253	2707	0.0349463
1569	382.497	2899	0.0374249
1570	382.741	3196	0.0412591
1571	382.985	3741	0.0482948
1572	383.229	4629	0.0597585
1573	383.473	6022	0.0777416
1574	383.716	7809	0.100811
1575	383.960	9692	0.12512
1576	384.204	10713	0.138301
1577	384.448	11344	0.146447
1578	384.692	10612	0.136997
1579	384.936	8958	0.115644
1580	385.180	7276	0.0939303
1581	385.423	5508	0.0711061
1582	385.667	4357	0.0562471
1583	385.911	3569	0.0460744
1584	386.155	3093	0.0399294
1585	386.399	3006	0.0388063
1586	386.643	3189	0.0411687
1587	386.887	3243	0.0418658
1588	387.131	3328	0.0429632
1589	387.374	3331	0.0430019
1590	387.618	3279	0.0423306
1591	387.862	3248	0.0419304
1592	388.106	3008	0.0388321
1593	388.350	2970	0.0383415
1594	388.594	2879	0.0371667
1595	388.838	2763	0.0356692
1596	389.081	2669	0.0344557
1597	389.325	2700	0.0348559
1598	389.569	2700	0.0348559
1599	389.813	2530	0.0326613
1600	390.057	2743	0.035411
1601	390.301	2571	0.0331906
1602	390.545	2702	0.0348817
1603	390.789	2829	0.0365213
1604	391.032	2746	0.0354498
1605	391.276	2846	0.0367407
1606	391.520	2909	0.037554
1607	391.764	2859	0.0369086
1608	392.008	2800	0.0361469
1609	392.252	2659	0.0343266
1610	392.496	2778	0.0358629
1611	392.739	2587	0.0333971
1612	392.983	2603	0.0336037
1613	393.227	2687	0.0346881
1614	393.471	2636	0.0340297
1615	393.715	2577	0.033268
1616	393.959	2551	0.0329324
1617	394.203	2587	0.0333971
1618	394.446	2659	0.0343266
1619	394.690	2636	0.0340297
1620	394.934	2536	0.0327388
1621	395.178	2670	0.0344686
1622	395.422	2651	0.0342234
1623	395.666	2583	0.0333455
1624	395.910	2590	0.0334359
1625	396.154	2559	0.0330357
1626	396.397	2590	0.0334359
1627	396.641	2603	0.0336037
1628	396.885	2622	0.033849
1629	397.129	2531	0.0326742
1630	397.373	2648	0.0341846
1631	397.617	2634	0.0340039
1632	397.861	2674	0.0345203
1633	398.104	2527	0.0326226
1634	398.348	2581	0.0333197
1635	398.592	2538	0.0327646
1636	398.836	2619	0.0338102
1637	399.080	2588	0.0334101
1638	399.324	2523	0.0325709
1639	399.568	2492	0.0321707
1640	399.811	2577	0.033268
1641	400.055	2520	0.0325322
1642	400.299	2560	0.0330486
1643	400.543	2708	0.0349592
1644	400.787	2599	0.0335521
1645	401.031	2540	0.0327904
1646	401.275	2549	0.0329066
1647	401.519	2535	0.0327258
1648	401.762	2614	0.0337457
1649	402.006	2644	0.034133
1650	402.250	2575	0.0332422
1651	402.494	2505	0.0323386
1652	402.738	2538	0.0327646
1653	402.982	2491	0.0321578
1654	403.226	2611	0.033707
1655	403.469	2490	0.0321449
1656	403.713	2578	0.033281
1657	403.957	2557	0.0330099
1658	404.201	2553	0.0329582
1659	404.445	2501	0.0322869
1660	404.689	2607	0.0336553
1661	404.933	2581	0.0333197
1662	405.177	2444	0.0315511
1663	405.420	2546	0.0328678
1664	405.664	2488	0.0321191
1665	405.908	2503	0.0323127
1666	406.152	2546	0.0328678
1667	406.396	2447	0.0315898
1668	406.640	2536	0.0327388
1669	406.884	2456	0.031706
1670	407.127	2597	0.0335262
1671	407.371	2437	0.0314607
1672	407.615	2487	0.0321062
1673	407.859	2586	0.0333842
1674	408.103	2495	0.0322095
1675	408.347	2518	0.0325064
1676	408.591	2607	0.0336553
1677	408.834	2519	0.0325193
1678	409.078	2462	0.0317834
1679	409.322	2355	0.0304021
1680	409.566	2467	0.031848
1681	409.810	2444	0.0315511
1682	410.054	2541	0.0328033
1683	410.298	2551	0.0329324
1684	410.542	2561	0.0330615
1685	410.785	2557	0.0330099
1686	411.029	2510	0.0324031
1687	411.273	2515	0.0324676
1688	411.517	2521	0.0325451
1689	411.761	2521	0.0325451
1690	412.005	2453	0.0316673
1691	412.249	2485	0.0320804
1692	412.492	2482	0.0320416
1693	412.736	2485	0.0320804
1694	412.980	2482	0.0320416
1695	413.224	2450	0.0316285
1696	413.468	2578	0.033281
1697	413.712	2517	0.0324935
1698	413.956	2473	0.0319254
1699	414.199	2457	0.0317189
1700	414.443	2541	0.0328033
1701	414.687	2636	0.0340297
1702	414.931	2604	0.0336166
1703	415.175	2472	0.0319125
1704	415.419	2627	0.0339135
1705	415.663	2617	0.0337844
1706	415.907	2508	0.0323773
1707	416.150	2522	0.032558
1708	416.394	2449	0.0316156
1709	416.638	2501	0.0322869
1710	416.882	2533	0.0327
1711	417.126	2414	0.0311638
1712	417.370	2425	0.0313058
1713	417.614	2519	0.0325193
1714	417.857	2474	0.0319384
1715	418.101	2561	0.0330615
1716	418.345	2418	0.0312154
1717	418.589	2500	0.032274
1718	418.833	2545	0.0328549
1719	419.077	2541	0.0328033
1720	419.321	2364	0.0305183
1721	419.565	2487	0.0321062
1722	419.808	2495	0.0322095
1723	420.052	2553	0.0329582
1724	420.296	2491	0.0321578
1725	420.540	2482	0.0320416
1726	420.784	2513	0.0324418
1727	421.028	2430	0.0313703
1728	421.272	2464	0.0318093
1729	421.515	2461	0.0317705
1730	421.759	2558	0.0330228
1731	422.003	2509	0.0323902
1732	422.247	2474	0.0319384
1733	422.491	2457	0.0317189
1734	422.735	2570	0.0331777
1735	422.979	2528	0.0326355
1736	423.222	2454	0.0316802
1737	423.466	2497	0.0322353
1738	423.710	2486	0.0320933
1739	423.954	2466	0.0318351
1740	424.198	2387	0.0308152
1741	424.442	2485	0.0320804
1742	424.686	2505	0.0323386
1743	424.930	2528	0.0326355
1744	425.173	2488	0.0321191
1745	425.417	2505	0.0323386
1746	425.661	2506	0.0323515
1747	425.905	2424	0.0312929
1748	426.149	2453	0.0316673
1749	426.393	2532	0.0326871
1750	426.637	2482	0.0320416
1751	426.880	2517	0.0324935
1752	427.124	2459	0.0317447
1753	427.368	2547	0.0328808
1754	427.612	2443	0.0315382
1755	427.856	2430	0.0313703
1756	428.100	2468	0.0318609
1757	428.344	2439	0.0314865
1758	428.588	2482	0.0320416
1759	428.831	2391	0.0308669
1760	429.075	2509	0.0323902
1761	429.319	2509	0.0323902
1762	429.563	2401	0.030996
1763	429.807	2503	0.0323127
1764	430.051	2396	0.0309314
1765	430.295	2514	0.0324547
1766	430.538	2467	0.031848
1767	430.782	2476	0.0319642
1768	431.026	2441	0.0315123
1769	431.270	2412	0.031138
1770	431.514	2474	0.0319384
1771	431.758	2448	0.0316027
1772	432.002	2460	0.0317576
1773	432.245	2446	0.0315769
1774	432.489	2420	0.0312412
1775	432.733	2521	0.0325451
1776	432.977	2419	0.0312283
1777	433.221	2450	0.0316285
1778	433.465	2461	0.0317705
1779	433.709	2399	0.0309701
1780	433.953	2494	0.0321965
1781	434.196	2457	0.0317189
1782	434.440	2426	0.0313187
1783	434.684	2511	0.032416
1784	434.928	2439	0.0314865
1785	435.172	2446	0.0315769
1786	435.416	2430	0.0313703
1787	435.660	2407	0.0310734
1788	435.903	2350	0.0303376
1789	436.147	2506	0.0323515
1790	436.391	2504	0.0323256
1791	436.635	2663	0.0343783
1792	436.879	2664	0.0343912
1793	437.123	2596	0.0335133
1794	437.367	2733	0.0352819
1795	437.610	2759	0.0356176
1796	437.854	2640	0.0340814
1797	438.098	2684	0.0346494
1798	438.342	2671	0.0344815
1799	438.586	2528	0.0326355
1800	438.830	2493	0.0321836
1801	439.074	2464	0.0318093
1802	439.318	2519	0.0325193
1803	439.561	2475	0.0319513
1804	439.805	2549	0.0329066
1805	440.049	2467	0.031848
1806	440.293	2480	0.0320158
1807	440.537	2467	0.031848
1808	440.781	2482	0.0320416
1809	441.025	2427	0.0313316
1810	441.268	2401	0.030996
1811	441.512	2360	0.0304667
1812	441.756	2470	0.0318867
1813	442.000	2358	0.0304408
1814	442.244	2420	0.0312412
1815	442.488	2511	0.032416
1816	442.732	2366	0.0305441
1817	442.976	2417	0.0312025
1818	443.219	2411	0.0311251
1819	443.463	2530	0.0326613
1820	443.707	2436	0.0314478
1821	443.951	2494	0.0321965
1822	444.195	2409	0.0310992
1823	444.439	2536	0.0327388
1824	444.683	2555	0.032984
1825	444.926	2545	0.0328549
1826	445.170	2459	0.0317447
1827	445.414	2529	0.0326484
1828	445.658	2450	0.0316285
1829	445.902	2487	0.0321062
1830	446.146	2465	0.0318222
1831	446.390	2521	0.0325451
1832	446.633	2491	0.0321578
1833	446.877	2500	0.032274
1834	447.121	2578	0.033281
1835	447.365	2429	0.0313574
1836	447.609	2483	0.0320545
1837	447.853	2492	0.0321707
1838	448.097	2448	0.0316027
1839	448.341	2525	0.0325967
1840	448.584	2460	0.0317576
1841	448.828	2454	0.0316802
1842	449.072	2493	0.0321836
1843	449.316	2457	0.0317189
1844	449.560	2544	0.032842
1845	449.804	2563	0.0330873
1846	450.048	2428	0.0313445
1847	450.291	2431	0.0313832
1848	450.535	2586	0.0333842
1849	450.779	2502	0.0322998
1850	451.023	2453	0.0316673
1851	451.267	2522	0.032558
1852	451.511	2571	0.0331906
1853	451.755	2536	0.0327388
1854	451.998	2498	0.0322482
1855	452.242	2516	0.0324806
1856	452.486	2548	0.0328937
1857	452.730	2495	0.0322095
1858	452.974	2408	0.0310863
1859	453.218	2558	0.0330228
1860	453.462	2522	0.032558
1861	453.706	2537	0.0327517
1862	453.949	2438	0.0314736
1863	454.193	2466	0.0318351
1864	454.437	2545	0.0328549
1865	454.681	2527	0.0326226
1866	454.925	2460	0.0317576
1867	455.169	2440	0.0314994
1868	455.413	2489	0.032132
1869	455.656	2455	0.0316931
1870	455.900	2511	0.032416
1871	456.144	2487	0.0321062
1872	456.388	2558	0.0330228
1873	456.632	2578	0.033281
1874	456.876	2509	0.0323902
1875	457.120	2536	0.0327388
1876	457.364	2445	0.031564
1877	457.607	2606	0.0336424
1878	457.851	2555	0.032984
1879	458.095	2607	0.0336553
1880	458.339	2518	0.0325064
1881	458.583	2533	0.0327
1882	458.827	2582	0.0333326
1883	459.071	2476	0.0319642
1884	459.314	2573	0.0332164
1885	459.558	2433	0.0314091
1886	459.802	2525	0.0325967
1887	460.046	2547	0.0328808
1888	460.290	2568	0.0331519
1889	460.534	2558	0.0330228
1890	460.778	2510	0.0324031
1891	461.021	2536	0.0327388
1892	461.265	2408	0.0310863
1893	461.509	2525	0.0325967
1894	461.753	2531	0.0326742
1895	461.997	2577	0.033268
1896	462.241	2499	0.0322611
1897	462.485	2567	0.0331389
1898	462.729	2434	0.031422
1899	462.972	2562	0.0330744
1900	463.216	2507	0.0323644
1901	463.460	2537	0.0327517
1902	463.704	2517	0.0324935
1903	463.948	2491	0.0321578
1904	464.192	2471	0.0318996
1905	464.436	2596	0.0335133
1906	464.679	2449	0.0316156
1907	464.923	2565	0.0331131
1908	465.167	2501	0.0322869
1909	465.411	2538	0.0327646
1910	465.655	2551	0.0329324
1911	465.899	2496	0.0322224
1912	466.143	2475	0.0319513
1913	466.386	2562	0.0330744
1914	466.630	2575	0.0332422
1915	466.874	2498	0.0322482
1916	467.118	2499	0.0322611
1917	467.362	2455	0.0316931
1918	467.606	2551	0.0329324
1919	467.850	2512	0.0324289
1920	468.094	2562	0.0330744
1921	468.337	2421	0.0312541
1922	468.581	2577	0.033268
1923	468.825	2536	0.0327388
1924	469.069	2498	0.0322482
1925	469.313	2465	0.0318222
1926	469.557	2539	0.0327775
1927	469.801	2569	0.0331648
1928	470.044	2478	0.03199
1929	470.288	2441	0.0315123
1930	470.532	2433	0.0314091
1931	470.776	2486	0.0320933
1932	471.020	2481	0.0320287
1933	471.264	2490	0.0321449
1934	471.508	2470	0.0318867
1935	471.752	2526	0.0326097
1936	471.995	2498	0.0322482
1937	472.239	2477	0.0319771
1938	472.483	2519	0.0325193
1939	472.727	2438	0.0314736
1940	472.971	2440	0.0314994
1941	473.215	2440	0.0314994
1942	473.459	2490	0.0321449
1943	473.702	2530	0.0326613
1944	473.946	2434	0.031422
1945	474.190	2483	0.0320545
1946	474.434	2458	0.0317318
1947	474.678	2409	0.0310992
1948	474.922	2579	0.0332939
1949	475.166	2377	0.0306861
1950	475.409	2461	0.0317705
1951	475.653	2416	0.0311896
1952	475.897	2366	0.0305441
1953	476.141	2377	0.0306861
1954	476.385	2409	0.0310992
1955	476.629	2446	0.0315769
1956	476.873	2376	0.0306732
1957	477.117	2425	0.0313058
1958	477.360	2336	0.0301568
1959	477.604	2381	0.0307378
1960	477.848	2403	0.0310218
1961	478.092	2272	0.0293306
1962	478.336	2353	0.0303763
1963	478.580	2338	0.0301827
1964	478.824	2232	0.0288142
1965	479.067	2229	0.0287755
1966	479.311	2154	0.0278073
1967	479.555	2186	0.0282204
1968	479.799	2199	0.0283882
1969	480.043	2289	0.0295501
1970	480.287	2221	0.0286722
1971	480.531	2266	0.0292532
1972	480.775	2219	0.0286464
1973	481.018	2182	0.0281688
1974	481.262	2187	0.0282333
1975	481.506	2201	0.028414
1976	481.750	2228	0.0287626
1977	481.994	2202	0.0284269
1978	482.238	2247	0.0290079
1979	482.482	2096	0.0270585
1980	482.725	2242	0.0289433
1981	482.969	2228	0.0287626
1982	483.213	2137	0.0275878
1983	483.457	2126	0.0274458
1984	483.701	2153	0.0277944
1985	483.945	2168	0.027988
1986	484.189	2111	0.0272522
1987	484.432	2154	0.0278073
1988	484.676	2078	0.0268262
1989	484.920	2203	0.0284399
1990	485.164	2158	0.0278589
1991	485.408	2155	0.0278202
1992	485.652	2121	0.0273813
1993	485.896	2201	0.028414
1994	486.140	2133	0.0275362
1995	486.383	2149	0.0277427
1996	486.627	2075	0.0267874
1997	486.871	2144	0.0276782
1998	487.115	2099	0.0270973
1999	487.359	2054	0.0265163
2000	487.603	2152	0.0277815
2001	487.847	2154	0.0278073
2002	488.090	2101	0.0271231
2003	488.334	2108	0.0272134
2004	488.578	2145	0.0276911
2005	488.822	2058	0.026568
2006	489.066	2066	0.0266712
2007	489.310	2106	0.0271876
2008	489.554	2108	0.0272134
2009	489.797	1987	0.0256514
2010	490.041	2151	0.0277686
2011	490.285	2027	0.0261678
2012	490.529	2175	0.0280784
2013	490.773	2087	0.0269423
2014	491.017	2137	0.0275878
2015	491.261	2050	0.0264647
2016	491.505	2080	0.026852
2017	491.748	2103	0.0271489
2018	491.992	2094	0.0270327
2019	492.236	2082	0.0268778
2020	492.480	2115	0.0273038
2021	492.724	2060	0.0265938
2022	492.968	2049	0.0264518
2023	493.212	2102	0.027136
2024	493.455	2073	0.0267616
2025	493.699	2105	0.0271747
2026	493.943	2084	0.0269036
2027	494.187	2130	0.0274975
2028	494.431	2129	0.0274845
2029	494.675	2047	0.026426
2030	494.919	2074	0.0267745
2031	495.163	2035	0.026271
2032	495.406	2072	0.0267487
2033	495.650	2079	0.0268391
2034	495.894	2163	0.0279235
2035	496.138	2045	0.0264001
2036	496.382	2044	0.0263872
2037	496.626	2046	0.026413
2038	496.870	2089	0.0269682
2039	497.113	2075	0.0267874
2040	497.357	2109	0.0272264
2041	497.601	2000	0.0258192
2042	497.845	2071	0.0267358
2043	498.089	2070	0.0267229
2044	498.333	1974	0.0254836
2045	498.577	2052	0.0264905
2046	498.820	2093	0.0270198
2047	499.064	2026	0.0261549
2048	499.308	2066	0.0266712
2049	499.552	2031	0.0262194
2050	499.796	1995	0.0257547
2051	500.040	2046	0.026413
2052	500.284	1969	0.025419
2053	500.528	1960	0.0253028
2054	500.771	2048	0.0264389
2055	501.015	2091	0.026994
2056	501.259	2045	0.0264001
2057	501.503	2042	0.0263614
2058	501.747	2050	0.0264647
2059	501.991	2149	0.0277427
2060	502.235	2029	0.0261936
2061	502.478	2020	0.0260774
2062	502.722	2051	0.0264776
2063	502.966	1984	0.0256127
2064	503.210	2045	0.0264001
2065	503.454	2015	0.0260128
2066	503.698	2089	0.0269682
2067	503.942	2098	0.0270843
2068	504.185	2099	0.0270973
2069	504.429	2135	0.027562
2070	504.673	2063	0.0266325
2071	504.917	1988	0.0256643
2072	505.161	2092	0.0270069
2073	505.405	2091	0.026994
2074	505.649	1992	0.0257159
2075	505.893	2051	0.0264776
2076	506.136	1956	0.0252512
2077	506.380	2002	0.025845
2078	506.624	2030	0.0262065
2079	506.868	1899	0.0245153
2080	507.112	1982	0.0255868
2081	507.356	1936	0.024993
2082	507.600	1979	0.0255481
2083	507.843	2041	0.0263485
2084	508.087	2076	0.0268003
2085	508.331	2070	0.0267229
2086	508.575	2120	0.0273684
2087	508.819	2284	0.0294855
2088	509.063	2210	0.0285302
2089	509.307	2343	0.0302472
2090	509.551	2505	0.0323386
2091	509.794	2715	0.0350496
2092	510.038	2785	0.0359532
2093	510.282	3000	0.0387288
2094	510.526	3248	0.0419304
2095	510.770	3540	0.0457
2096	511.014	3782	0.0488241
2097	511.258	4009	0.0517546
2098	511.501	4088	0.0527745
2099	511.745	4208	0.0543236
2100	511.989	4068	0.0525163
2101	512.233	4324	0.0558211
2102	512.477	4406	0.0568797
2103	512.721	5396	0.0696602
2104	512.965	8029	0.103651
2105	513.208	13172	0.170045
2106	513.452	22071	0.284928
2107	513.696	36338	0.469109
2108	513.940	53979	0.696847
2109	514.184	72490	0.935817
2110	514.428	87866	1.13432
2111	514.672	94328	1.21774
2112	514.916	90782	1.17196
2113	515.159	77365	0.998751
2114	515.403	59711	0.770845
2115	515.647	40288	0.520102
2116	515.891	24519	0.316531
2117	516.135	14020	0.180993
2118	516.379	7699	0.099391
2119	516.623	4243	0.0547754
2120	516.866	2774	0.0358112
2121	517.110	2302	0.0297179
2122	517.354	2065	0.0266583
2123	517.598	1962	0.0253286
2124	517.842	2026	0.0261549
2125	518.086	1988	0.0256643
2126	518.330	1920	0.0247864
2127	518.573	1971	0.0254448
2128	518.817	1996	0.0257676
2129	519.061	1928	0.0248897
2130	519.305	1895	0.0244637
2131	519.549	1870	0.024141
2132	519.793	1992	0.0257159
2133	520.037	1923	0.0248252
2134	520.281	1888	0.0243733
2135	520.524	1970	0.0254319
2136	520.768	1994	0.0257417
2137	521.012	1900	0.0245282
2138	521.256	1868	0.0241151
2139	521.500	1837	0.0237149
2140	521.744	1882	0.0242959
2141	521.988	1928	0.0248897
2142	522.231	1916	0.0247348
2143	522.475	1920	0.0247864
2144	522.719	1944	0.0250963
2145	522.963	1910	0.0246573
2146	523.207	1890	0.0243991
2147	523.451	1912	0.0246832
2148	523.695	1902	0.0245541
2149	523.939	1987	0.0256514
2150	524.182	1952	0.0251995
2151	524.426	1883	0.0243088
2152	524.670	1962	0.0253286
2153	524.914	1919	0.0247735
2154	525.158	1936	0.024993
2155	525.402	1969	0.025419
2156	525.646	1896	0.0244766
2157	525.889	1982	0.0255868
2158	526.133	1943	0.0250834
2159	526.377	1960	0.0253028
2160	526.621	2000	0.0258192
2161	526.865	2058	0.026568
2162	527.109	1906	0.0246057
2163	527.353	1966	0.0253803
2164	527.596	2035	0.026271
2165	527.840	2015	0.0260128
2166	528.084	2016	0.0260258
2167	528.328	1972	0.0254577
2168	528.572	1917	0.0247477
2169	528.816	1974	0.0254836
2170	529.060	1934	0.0249672
2171	529.304	1930	0.0249155
2172	529.547	1842	0.0237795
2173	529.791	1882	0.0242959
2174	530.035	1892	0.024425
2175	530.279	1870	0.024141
2176	530.523	1836	0.023702
2177	530.767	1857	0.0239731
2178	531.011	1887	0.0243604
2179	531.254	1861	0.0240248
2180	531.498	1844	0.0238053
2181	531.742	1810	0.0233664
2182	531.986	1826	0.0235729
2183	532.230	1884	0.0243217
2184	532.474	1779	0.0229662
2185	532.718	1828	0.0235988
2186	532.962	1864	0.0240635
2187	533.205	1762	0.0227467
2188	533.449	1838	0.0237278
2189	533.693	1907	0.0246186
2190	533.937	1911	0.0246703
2191	534.181	1875	0.0242055
2192	534.425	1894	0.0244508
2193	534.669	1794	0.0231598
2194	534.912	1828	0.0235988
2195	535.156	1765	0.0227854
2196	535.400	1821	0.0235084
2197	535.644	1835	0.0236891
2198	535.888	1794	0.0231598
2199	536.132	1852	0.0239086
2200	536.376	1854	0.0239344
2201	536.619	1859	0.023999
2202	536.863	1740	0.0224627
2203	537.107	1786	0.0230565
2204	537.351	1765	0.0227854
2205	537.595	1821	0.0235084
2206	537.839	1833	0.0236633
2207	538.083	1780	0.0229791
2208	538.327	1770	0.02285
2209	538.570	1860	0.0240119
2210	538.814	1909	0.0246444
2211	539.058	1799	0.0232244
2212	539.302	1832	0.0236504
2213	539.546	1866	0.0240893
2214	539.790	1821	0.0235084
2215	540.034	1828	0.0235988
2216	540.277	1806	0.0233147
2217	540.521	1783	0.0230178
2218	540.765	1798	0.0232115
2219	541.009	1784	0.0230307
2220	541.253	1780	0.0229791
2221	541.497	1887	0.0243604
2222	541.741	1799	0.0232244
2223	541.984	1737	0.022424
2224	542.228	1806	0.0233147
2225	542.472	1904	0.0245799
2226	542.716	1839	0.0237408
2227	542.960	1835	0.0236891
2228	543.204	1777	0.0229404
2229	543.448	1820	0.0234955
2230	543.692	1798	0.0232115
2231	543.935	1717	0.0221658
2232	544.179	1759	0.022708
2233	544.423	1766	0.0227984
2234	544.667	1815	0.0234309
2235	544.911	1824	0.0235471
2236	545.155	1807	0.0233277
2237	545.399	1782	0.0230049
2238	545.642	1788	0.0230824
2239	545.886	1739	0.0224498
2240	546.130	1775	0.0229145
2241	546.374	1771	0.0228629
2242	546.618	1760	0.0227209
2243	546.862	1758	0.0226951
2244	547.106	1839	0.0237408
2245	547.350	1774	0.0229016
2246	547.593	1792	0.023134
2247	547.837	1744	0.0225143
2248	548.081	1713	0.0221141
2249	548.325	1701	0.0219592
2250	548.569	1790	0.0231082
2251	548.813	1806	0.0233147
2252	549.057	1798	0.0232115
2253	549.300	1737	0.022424
2254	549.544	1806	0.0233147
2255	549.788	1798	0.0232115
2256	550.032	1814	0.023418
2257	550.276	1799	0.0232244
2258	550.520	1727	0.0222949
2259	550.764	1782	0.0230049
2260	551.007	1692	0.021843
2261	551.251	1710	0.0220754
2262	551.495	1753	0.0226305
2263	551.739	1716	0.0221529
2264	551.983	1762	0.0227467
2265	552.227	1833	0.0236633
2266	552.471	1804	0.0232889
2267	552.715	1733	0.0223723
2268	552.958	1847	0.023844
2269	553.202	1739	0.0224498
2270	553.446	1702	0.0219721
2271	553.690	1784	0.0230307
2272	553.934	1750	0.0225918
2273	554.178	1730	0.0223336
2274	554.422	1773	0.0228887
2275	554.665	1769	0.0228371
2276	554.909	1793	0.0231469
2277	555.153	1772	0.0228758
2278	555.397	1749	0.0225789
2279	555.641	1786	0.0230565
2280	555.885	1792	0.023134
2281	556.129	1782	0.0230049
2282	556.372	1789	0.0230953
2283	556.616	1734	0.0223853
2284	556.860	1698	0.0219205
2285	557.104	1748	0.022566
2286	557.348	1746	0.0225402
2287	557.592	1774	0.0229016
2288	557.836	1814	0.023418
2289	558.080	1776	0.0229275
2290	558.323	1842	0.0237795
2291	558.567	1820	0.0234955
2292	558.811	1756	0.0226693
2293	559.055	1707	0.0220367
2294	559.299	1799	0.0232244
2295	559.543	1852	0.0239086
2296	559.787	1738	0.0224369
2297	560.030	1765	0.0227854
2298	560.274	1804	0.0232889
2299	560.518	1728	0.0223078
2300	560.762	1787	0.0230695
2301	561.006	1802	0.0232631
2302	561.250	1749	0.0225789
2303	561.494	1723	0.0222432
2304	561.738	1827	0.0235858
2305	561.981	1711	0.0220883
2306	562.225	1828	0.0235988
2307	562.469	1769	0.0228371
2308	562.713	1711	0.0220883
2309	562.957	1805	0.0233018
2310	563.201	1698	0.0219205
2311	563.445	1743	0.0225014
2312	563.688	1733	0.0223723
2313	563.932	1755	0.0226564
2314	564.176	1764	0.0227725
2315	564.420	1818	0.0234697
2316	564.664	1782	0.0230049
2317	564.908	1747	0.0225531
2318	565.152	1750	0.0225918
2319	565.395	1724	0.0222562
2320	565.639	1688	0.0217914
2321	565.883	1706	0.0220238
2322	566.127	1746	0.0225402
2323	566.371	1780	0.0229791
2324	566.615	1742	0.0224885
2325	566.859	1725	0.0222691
2326	567.103	1698	0.0219205
2327	567.346	1746	0.0225402
2328	567.590	1774	0.0229016
2329	567.834	1731	0.0223465
2330	568.078	1784	0.0230307
2331	568.322	1804	0.0232889
2332	568.566	1759	0.022708
2333	568.810	1725	0.0222691
2334	569.053	1805	0.0233018
2335	569.297	1729	0.0223207
2336	569.541	1752	0.0226176
2337	569.785	1767	0.0228113
2338	570.029	1770	0.02285
2339	570.273	1738	0.0224369
2340	570.517	1738	0.0224369
2341	570.761	1827	0.0235858
2342	571.004	1788	0.0230824
2343	571.248	1756	0.0226693
2344	571.492	1778	0.0229533
2345	571.736	1807	0.0233277
2346	571.980	1817	0.0234567
2347	572.224	1731	0.0223465
2348	572.468	1770	0.02285
2349	572.711	1806	0.0233147
2350	572.955	1701	0.0219592
2351	573.199	1726	0.022282
2352	573.443	1776	0.0229275
2353	573.687	1820	0.0234955
2354	573.931	1862	0.0240377
2355	574.175	1776	0.0229275
2356	574.418	1779	0.0229662
2357	574.662	1725	0.0222691
2358	574.906	1837	0.0237149
2359	575.150	1759	0.022708
2360	575.394	1757	0.0226822
2361	575.638	1727	0.0222949
2362	575.882	1845	0.0238182
2363	576.126	1700	0.0219463
2364	576.369	1804	0.0232889
2365	576.613	1838	0.0237278
2366	576.857	1826	0.0235729
2367	577.101	1762	0.0227467
2368	577.345	1701	0.0219592
2369	577.589	1762	0.0227467
2370	577.833	1826	0.0235729
2371	578.076	1759	0.022708
2372	578.320	1735	0.0223982
2373	578.564	1723	0.0222432
2374	578.808	1803	0.023276
2375	579.052	1810	0.0233664
2376	579.296	1784	0.0230307
2377	579.540	1741	0.0224756
2378	579.783	1757	0.0226822
2379	580.027	1742	0.0224885
2380	580.271	1880	0.0242701
2381	580.515	1703	0.0219851
2382	580.759	1841	0.0237666
2383	581.003	1833	0.0236633
2384	581.247	1786	0.0230565
2385	581.491	1791	0.0231211
2386	581.734	1814	0.023418
2387	581.978	1803	0.023276
2388	582.222	1839	0.0237408
2389	582.466	1827	0.0235858
2390	582.710	1823	0.0235342
2391	582.954	1796	0.0231856
2392	583.198	1827	0.0235858
2393	583.441	1819	0.0234826
2394	583.685	1823	0.0235342
2395	583.929	1834	0.0236762
2396	584.173	1810	0.0233664
2397	584.417	1782	0.0230049
2398	584.661	1778	0.0229533
2399	584.905	1830	0.0236246
2400	585.149	1772	0.0228758
2401	585.392	1729	0.0223207
2402	585.636	1752	0.0226176
2403	585.880	1783	0.0230178
2404	586.124	1814	0.023418
2405	586.368	1819	0.0234826
2406	586.612	1676	0.0216365
2407	586.856	1780	0.0229791
2408	587.099	1811	0.0233793
2409	587.343	1806	0.0233147
2410	587.587	1796	0.0231856
2411	587.831	1782	0.0230049
2412	588.075	1798	0.0232115
2413	588.319	1815	0.0234309
2414	588.563	1826	0.0235729
2415	588.806	1791	0.0231211
2416	589.050	1734	0.0223853
2417	589.294	1736	0.0224111
2418	589.538	1873	0.0241797
2419	589.782	1851	0.0238957
2420	590.026	1775	0.0229145
2421	590.270	1799	0.0232244
2422	590.514	1815	0.0234309
2423	590.757	1840	0.0237537
2424	591.001	1782	0.0230049
2425	591.245	1769	0.0228371
2426	591.489	1763	0.0227596
2427	591.733	1892	0.024425
2428	591.977	1753	0.0226305
2429	592.221	1831	0.0236375
2430	592.464	1742	0.0224885
2431	592.708	1882	0.0242959
2432	592.952	1810	0.0233664
2433	593.196	1860	0.0240119
2434	593.440	1757	0.0226822
2435	593.684	1805	0.0233018
2436	593.928	1832	0.0236504
2437	594.171	1859	0.023999
2438	594.415	1846	0.0238311
2439	594.659	1805	0.0233018
2440	594.903	1843	0.0237924
2441	595.147	1845	0.0238182
2442	595.391	1814	0.023418
2443	595.635	1856	0.0239602
2444	595.879	1829	0.0236117
2445	596.122	1749	0.0225789
2446	596.366	1823	0.0235342
2447	596.610	1806	0.0233147
2448	596.854	1892	0.024425
2449	597.098	1786	0.0230565
2450	597.342	1840	0.0237537
2451	597.586	1749	0.0225789
2452	597.829	1897	0.0244895
2453	598.073	1865	0.0240764
2454	598.317	1806	0.0233147
2455	598.561	1864	0.0240635
2456	598.805	1828	0.0235988
2457	599.049	1803	0.023276
2458	599.293	1833	0.0236633
2459	599.537	1853	0.0239215
2460	599.780	1832	0.0236504
2461	600.024	1854	0.0239344
2462	600.268	1855	0.0239473
2463	600.512	1840	0.0237537
2464	600.756	1889	0.0243862
2465	601.000	1884	0.0243217
2466	601.244	1799	0.0232244
2467	601.487	1833	0.0236633
2468	601.731	1876	0.0242184
2469	601.975	1809	0.0233535
2470	602.219	1908	0.0246315
2471	602.463	1874	0.0241926
2472	602.707	1807	0.0233277
2473	602.951	1865	0.0240764
2474	603.194	1865	0.0240764
2475	603.438	1833	0.0236633
2476	603.682	1892	0.024425
2477	603.926	1878	0.0242442
2478	604.170	1805	0.0233018
2479	604.414	1838	0.0237278
2480	604.658	1899	0.0245153
2481	604.902	1812	0.0233922
2482	605.145	1861	0.0240248
2483	605.389	1922	0.0248123
2484	605.633	1954	0.0252254
2485	605.877	1848	0.0238569
2486	606.121	1929	0.0249026
2487	606.365	1796	0.0231856
2488	606.609	1899	0.0245153
2489	606.852	1870	0.024141
2490	607.096	1913	0.0246961
2491	607.340	1929	0.0249026
2492	607.584	1843	0.0237924
2493	607.828	1895	0.0244637
2494	608.072	1941	0.0250575
2495	608.316	1848	0.0238569
2496	608.559	1890	0.0243991
2497	608.803	1846	0.0238311
2498	609.047	1796	0.0231856
2499	609.291	1908	0.0246315
2500	609.535	1918	0.0247606
2501	609.779	1947	0.025135
2502	610.023	1942	0.0250704
2503	610.267	1903	0.024567
2504	610.510	1913	0.0246961
2505	610.754	1853	0.0239215
2506	610.998	1844	0.0238053
2507	611.242	1856	0.0239602
2508	611.486	1916	0.0247348
2509	611.730	1946	0.0251221
2510	611.974	1878	0.0242442
2511	612.217	1912	0.0246832
2512	612.461	1901	0.0245412
2513	612.705	1873	0.0241797
2514	612.949	1969	0.025419
2515	613.193	1855	0.0239473
2516	613.437	1902	0.0245541
2517	613.681	1907	0.0246186
2518	613.925	1839	0.0237408
2519	614.168	1872	0.0241668
2520	614.412	1955	0.0252383
2521	614.656	1898	0.0245024
2522	614.900	1869	0.024128
2523	615.144	1894	0.0244508
2524	615.388	1875	0.0242055
2525	615.632	1979	0.0255481
2526	615.875	1965	0.0253674
2527	616.119	1965	0.0253674
2528	616.363	1961	0.0253157
2529	616.607	1868	0.0241151
2530	616.851	1983	0.0255997
2531	617.095	1935	0.0249801
2532	617.339	1876	0.0242184
2533	617.582	1971	0.0254448
2534	617.826	1992	0.0257159
2535	618.070	1960	0.0253028
2536	618.314	1911	0.0246703
2537	618.558	1979	0.0255481
2538	618.802	2020	0.0260774
2539	619.046	1945	0.0251092
2540	619.290	1899	0.0245153
2541	619.533	1902	0.0245541
2542	619.777	1913	0.0246961
2543	620.021	1997	0.0257805
2544	620.265	1977	0.0255223
2545	620.509	1945	0.0251092
2546	620.753	1887	0.0243604
2547	620.997	1982	0.0255868
2548	621.240	1921	0.0247993
2549	621.484	2010	0.0259483
2550	621.728	1860	0.0240119
2551	621.972	1964	0.0253545
2552	622.216	1955	0.0252383
2553	622.460	1927	0.0248768
2554	622.704	1943	0.0250834
2555	622.948	2016	0.0260258
2556	623.191	1864	0.0240635
2557	623.435	2004	0.0258708
2558	623.679	1978	0.0255352
2559	623.923	1954	0.0252254
2560	624.167	1995	0.0257547
2561	624.411	2002	0.025845
2562	624.655	1996	0.0257676
2563	624.898	1928	0.0248897
2564	625.142	1999	0.0258063
2565	625.386	1978	0.0255352
2566	625.630	1994	0.0257417
2567	625.874	1954	0.0252254
2568	626.118	2011	0.0259612
2569	626.362	1935	0.0249801
2570	626.605	2015	0.0260128
2571	626.849	1982	0.0255868
2572	627.093	1949	0.0251608
2573	627.337	1983	0.0255997
2574	627.581	2035	0.026271
2575	627.825	1936	0.024993
2576	628.069	2041	0.0263485
2577	628.313	1975	0.0254965
2578	628.556	2036	0.026284
2579	628.800	2052	0.0264905
2580	629.044	1977	0.0255223
2581	629.288	1955	0.0252383
2582	629.532	2060	0.0265938
2583	629.776	1938	0.0250188
2584	630.020	1976	0.0255094
2585	630.263	2029	0.0261936
2586	630.507	2046	0.026413
2587	630.751	2079	0.0268391
2588	630.995	1981	0.0255739
2589	631.239	2073	0.0267616
2590	631.483	2056	0.0265421
2591	631.727	1949	0.0251608
2592	631.970	2020	0.0260774
2593	632.214	2006	0.0258967
2594	632.458	2023	0.0261161
2595	632.702	1940	0.0250446
2596	632.946	2004	0.0258708
2597	633.190	2031	0.0262194
2598	633.434	1989	0.0256772
2599	633.678	2004	0.0258708
2600	633.921	1998	0.0257934
2601	634.165	2082	0.0268778
2602	634.409	1998	0.0257934
2603	634.653	2030	0.0262065
2604	634.897	2153	0.0277944
2605	635.141	2040	0.0263356
2606	635.385	2078	0.0268262
2607	635.628	2090	0.0269811
2608	635.872	2020	0.0260774
2609	636.116	2041	0.0263485
2610	636.360	2029	0.0261936
2611	636.604	2014	0.0259999
2612	636.848	2037	0.0262969
2613	637.092	2058	0.026568
2614	637.336	2044	0.0263872
2615	637.579	1928	0.0248897
2616	637.823	2125	0.0274329
2617	638.067	2065	0.0266583
2618	638.311	2047	0.026426
2619	638.555	2061	0.0266067
2620	638.799	1992	0.0257159
2621	639.043	1951	0.0251866
2622	639.286	2050	0.0264647
2623	639.530	2125	0.0274329
2624	639.774	2036	0.026284
2625	640.018	2028	0.0261807
2626	640.262	2065	0.0266583
2627	640.506	2013	0.025987
2628	640.750	2136	0.0275749
2629	640.993	2167	0.0279751
2630	641.237	2065	0.0266583
2631	641.481	2078	0.0268262
2632	641.725	2061	0.0266067
2633	641.969	2065	0.0266583
2634	642.213	2071	0.0267358
2635	642.457	2080	0.026852
2636	642.701	2006	0.0258967
2637	642.944	2128	0.0274716
2638	643.188	2183	0.0281817
2639	643.432	2094	0.0270327
2640	643.676	2175	0.0280784
2641	643.920	2133	0.0275362
2642	644.164	2089	0.0269682
2643	644.408	2167	0.0279751
2644	644.651	2049	0.0264518
2645	644.895	2063	0.0266325
2646	645.139	2045	0.0264001
2647	645.383	2114	0.0272909
2648	645.627	2073	0.0267616
2649	645.871	2130	0.0274975
2650	646.115	2152	0.0277815
2651	646.358	2070	0.0267229
2652	646.602	2179	0.02813
2653	646.846	2130	0.0274975
2654	647.090	2161	0.0278977
2655	647.334	2125	0.0274329
2656	647.578	2124	0.02742
2657	647.822	2065	0.0266583
2658	648.066	2155	0.0278202
2659	648.309	2122	0.0273942
2660	648.553	2131	0.0275104
2661	648.797	2195	0.0283366
2662	649.041	2171	0.0280267
2663	649.285	2205	0.0284657
2664	649.529	2078	0.0268262
2665	649.773	2182	0.0281688
2666	650.016	2090	0.0269811
2667	650.260	2142	0.0276524
2668	650.504	2109	0.0272264
2669	650.748	2164	0.0279364
2670	650.992	2256	0.0291241
2671	651.236	2196	0.0283495
2672	651.480	2131	0.0275104
2673	651.724	2133	0.0275362
2674	651.967	2250	0.0290466
2675	652.211	2210	0.0285302
2676	652.455	2215	0.0285948
2677	652.699	2138	0.0276007
2678	652.943	2217	0.0286206
2679	653.187	2138	0.0276007
2680	653.431	2112	0.0272651
2681	653.674	2270	0.0293048
2682	653.918	2226	0.0287368
2683	654.162	2166	0.0279622
2684	654.406	2188	0.0282462
2685	654.650	2193	0.0283108
2686	654.894	2211	0.0285431
2687	655.138	2246	0.028995
2688	655.381	2154	0.0278073
2689	655.625	2192	0.0282978
2690	655.869	2218	0.0286335
2691	656.113	2139	0.0276136
2692	656.357	2165	0.0279493
2693	656.601	2144	0.0276782
2694	656.845	2198	0.0283753
2695	657.089	2262	0.0292015
2696	657.332	2213	0.0285689
2697	657.576	2278	0.0294081
2698	657.820	2155	0.0278202
2699	658.064	2229	0.0287755
2700	658.308	2212	0.028556
2701	658.552	2210	0.0285302
2702	658.796	2238	0.0288917
2703	659.039	2205	0.0284657
2704	659.283	2234	0.0288401
2705	659.527	2316	0.0298986
2706	659.771	2376	0.0306732
2707	660.015	2483	0.0320545
2708	660.259	2897	0.0373991
2709	660.503	3761	0.048553
2710	660.746	5337	0.0688985
2711	660.990	8436	0.108905
2712	661.234	13513	0.174447
2713	661.478	20770	0.268132
2714	661.722	29593	0.382034
2715	661.966	39004	0.503526
2716	662.210	45349	0.585438
2717	662.454	49167	0.634726
2718	662.697	47493	0.613116
2719	662.941	41321	0.533438
2720	663.185	32465	0.41911
2721	663.429	23196	0.299451
2722	663.673	15525	0.200422
2723	663.917	9592	0.123829
2724	664.161	5835	0.0753275
2725	664.404	3763	0.0485788
2726	664.648	2980	0.0384706
2727	664.892	2491	0.0321578
2728	665.136	2284	0.0294855
2729	665.380	2274	0.0293564
2730	665.624	2275	0.0293693
2731	665.868	2228	0.0287626
2732	666.112	2257	0.029137
2733	666.355	2295	0.0296275
2734	666.599	2249	0.0290337
2735	666.843	2187	0.0282333
2736	667.087	2213	0.0285689
2737	667.331	2253	0.0290853
2738	667.575	2216	0.0286077
2739	667.819	2284	0.0294855
2740	668.062	2226	0.0287368
2741	668.306	2364	0.0305183
2742	668.550	2270	0.0293048
2743	668.794	2269	0.0292919
2744	669.038	2273	0.0293435
2745	669.282	2237	0.0288788
2746	669.526	2250	0.0290466
2747	669.769	2275	0.0293693
2748	670.013	2358	0.0304408
2749	670.257	2285	0.0294984
2750	670.501	2393	0.0308927
2751	670.745	2327	0.0300406
2752	670.989	2242	0.0289433
2753	671.233	2309	0.0298083
2754	671.477	2344	0.0302601
2755	671.720	2320	0.0299503
2756	671.964	2286	0.0295114
2757	672.208	2207	0.0284915
2758	672.452	2376	0.0306732
2759	672.696	2277	0.0293952
2760	672.940	2264	0.0292273
2761	673.184	2337	0.0301697
2762	673.427	2265	0.0292402
2763	673.671	2342	0.0302343
2764	673.915	2343	0.0302472
2765	674.159	2306	0.0297695
2766	674.403	2285	0.0294984
2767	674.647	2299	0.0296792
2768	674.891	2285	0.0294984
2769	675.135	2331	0.0300923
2770	675.378	2364	0.0305183
2771	675.622	2276	0.0293823
2772	675.866	2371	0.0306087
2773	676.110	2323	0.029989
2774	676.354	2268	0.029279
2775	676.598	2224	0.028711
2776	676.842	2314	0.0298728
2777	677.085	2308	0.0297954
2778	677.329	2292	0.0295888
2779	677.573	2405	0.0310476
2780	677.817	2331	0.0300923
2781	678.061	2409	0.0310992
2782	678.305	2276	0.0293823
2783	678.549	2309	0.0298083
2784	678.792	2345	0.030273
2785	679.036	2426	0.0313187
2786	679.280	2272	0.0293306
2787	679.524	2346	0.0302859
2788	679.768	2344	0.0302601
2789	680.012	2425	0.0313058
2790	680.256	2463	0.0317964
2791	680.500	2379	0.0307119
2792	680.743	2359	0.0304538
2793	680.987	2298	0.0296663
2794	681.231	2383	0.0307636
2795	681.475	2405	0.0310476
2796	681.719	2358	0.0304408
2797	681.963	2387	0.0308152
2798	682.207	2453	0.0316673
2799	682.450	2343	0.0302472
2800	682.694	2435	0.0314349
2801	682.938	2342	0.0302343
2802	683.182	2425	0.0313058
2803	683.426	2424	0.0312929
2804	683.670	2430	0.0313703
2805	683.914	2405	0.0310476
2806	684.157	2451	0.0316414
2807	684.401	2363	0.0305054
2808	684.645	2362	0.0304925
2809	684.889	2422	0.0312671
2810	685.133	2453	0.0316673
2811	685.377	2442	0.0315252
2812	685.621	2420	0.0312412
2813	685.865	2465	0.0318222
2814	686.108	2397	0.0309443
2815	686.352	2389	0.030841
2816	686.596	2360	0.0304667
2817	686.840	2308	0.0297954
2818	687.084	2436	0.0314478
2819	687.328	2401	0.030996
2820	687.572	2428	0.0313445
2821	687.815	2330	0.0300794
2822	688.059	2418	0.0312154
2823	688.303	2456	0.031706
2824	688.547	2391	0.0308669
2825	688.791	2343	0.0302472
2826	689.035	2405	0.0310476
2827	689.279	2429	0.0313574
2828	689.523	2462	0.0317834
2829	689.766	2467	0.031848
2830	690.010	2485	0.0320804
2831	690.254	2295	0.0296275
2832	690.498	2355	0.0304021
2833	690.742	2379	0.0307119
2834	690.986	2469	0.0318738
2835	691.230	2439	0.0314865
2836	691.473	2353	0.0303763
2837	691.717	2385	0.0307894
2838	691.961	2515	0.0324676
2839	692.205	2474	0.0319384
2840	692.449	2396	0.0309314
2841	692.693	2444	0.0315511
2842	692.937	2420	0.0312412
2843	693.180	2389	0.030841
2844	693.424	2436	0.0314478
2845	693.668	2391	0.0308669
2846	693.912	2448	0.0316027
2847	694.156	2352	0.0303634
2848	694.400	2315	0.0298857
2849	694.644	2317	0.0299115
2850	694.888	2352	0.0303634
2851	695.131	2290	0.029563
2852	695.375	2287	0.0295243
2853	695.619	2279	0.029421
2854	695.863	2289	0.0295501
2855	696.107	2352	0.0303634
2856	696.351	2232	0.0288142
2857	696.595	2249	0.0290337
2858	696.838	2252	0.0290724
2859	697.082	2324	0.0300019
2860	697.326	2183	0.0281817
2861	697.570	2316	0.0298986
2862	697.814	2204	0.0284528
2863	698.058	2206	0.0284786
2864	698.302	2240	0.0289175
2865	698.545	2195	0.0283366
2866	698.789	2110	0.0272393
2867	699.033	2074	0.0267745
2868	699.277	2195	0.0283366
2869	699.521	2128	0.0274716
2870	699.765	2064	0.0266454
2871	700.009	2034	0.0262581
2872	700.253	2108	0.0272134
2873	700.496	2014	0.0259999
2874	700.740	2090	0.0269811
2875	700.984	1964	0.0253545
2876	701.228	1934	0.0249672
2877	701.472	1989	0.0256772
2878	701.716	1900	0.0245282
2879	701.960	1876	0.0242184
2880	702.203	1776	0.0229275
2881	702.447	1870	0.024141
2882	702.691	1859	0.023999
2883	702.935	1890	0.0243991
2884	703.179	1861	0.0240248
2885	703.423	1872	0.0241668
2886	703.667	1830	0.0236246
2887	703.911	1865	0.0240764
2888	704.154	1815	0.0234309
2889	704.398	1732	0.0223594
2890	704.642	1852	0.0239086
2891	704.886	1777	0.0229404
2892	705.130	1733	0.0223723
2893	705.374	1750	0.0225918
2894	705.618	1800	0.0232373
2895	705.861	1742	0.0224885
2896	706.105	1766	0.0227984
2897	706.349	1756	0.0226693
2898	706.593	1733	0.0223723
2899	706.837	1741	0.0224756
2900	707.081	1662	0.0214558
2901	707.325	1687	0.0217785
2902	707.568	1738	0.0224369
2903	707.812	1719	0.0221916
2904	708.056	1702	0.0219721
2905	708.300	1618	0.0208877
2906	708.544	1685	0.0217527
2907	708.788	1711	0.0220883
2908	709.032	1668	0.0215332
2909	709.276	1690	0.0218172
2910	709.519	1667	0.0215203
2911	709.763	1701	0.0219592
2912	710.007	1637	0.021133
2913	710.251	1709	0.0220625
2914	710.495	1599	0.0206425
2915	710.739	1708	0.0220496
2916	710.983	1629	0.0210297
2917	711.226	1686	0.0217656
2918	711.470	1691	0.0218301
2919	711.714	1600	0.0206554
2920	711.958	1684	0.0217398
2921	712.202	1590	0.0205263
2922	712.446	1598	0.0206295
2923	712.690	1659	0.021417
2924	712.933	1586	0.0204746
2925	713.177	1696	0.0218947
2926	713.421	1589	0.0205134
2927	713.665	1621	0.0209265
2928	713.909	1618	0.0208877
2929	714.153	1659	0.021417
2930	714.397	1638	0.0211459
2931	714.641	1633	0.0210814
2932	714.884	1572	0.0202939
2933	715.128	1634	0.0210943
2934	715.372	1595	0.0205908
2935	715.616	1657	0.0213912
2936	715.860	1628	0.0210168
2937	716.104	1640	0.0211717
2938	716.348	1537	0.0198421
2939	716.591	1654	0.0213525
2940	716.835	1617	0.0208748
2941	717.079	1604	0.020707
2942	717.323	1632	0.0210685
2943	717.567	1592	0.0205521
2944	717.811	1603	0.0206941
2945	718.055	1574	0.0203197
2946	718.299	1613	0.0208232
2947	718.542	1560	0.020139
2948	718.786	1556	0.0200873
2949	719.030	1670	0.021559
2950	719.274	1568	0.0202423
2951	719.518	1633	0.0210814
2952	719.762	1624	0.0209652
2953	720.006	1542	0.0199066
2954	720.249	1608	0.0207586
2955	720.493	1563	0.0201777
2956	720.737	1621	0.0209265
2957	720.981	1492	0.0192611
2958	721.225	1559	0.0201261
2959	721.469	1555	0.0200744
2960	721.713	1495	0.0192999
2961	721.956	1540	0.0198808
2962	722.200	1579	0.0203843
2963	722.444	1563	0.0201777
2964	722.688	1493	0.019274
2965	722.932	1495	0.0192999
2966	723.176	1543	0.0199195
2967	723.420	1457	0.0188093
2968	723.664	1542	0.0199066
2969	723.907	1617	0.0208748
2970	724.151	1544	0.0199324
2971	724.395	1543	0.0199195
2972	724.639	1497	0.0193257
2973	724.883	1577	0.0203584
2974	725.127	1557	0.0201003
2975	725.371	1536	0.0198291
2976	725.614	1516	0.019571
2977	725.858	1551	0.0200228
2978	726.102	1515	0.019558
2979	726.346	1490	0.0192353
2980	726.590	1553	0.0200486
2981	726.834	1475	0.0190417
2982	727.078	1525	0.0196871
2983	727.322	1517	0.0195839
2984	727.565	1524	0.0196742
2985	727.809	1470	0.0189771
2986	728.053	1519	0.0196097
2987	728.297	1488	0.0192095
2988	728.541	1565	0.0202035
2989	728.785	1489	0.0192224
2990	729.029	1547	0.0199712
2991	729.272	1529	0.0197388
2992	729.516	1494	0.0192869
2993	729.760	1513	0.0195322
2994	730.004	1423	0.0183704
2995	730.248	1437	0.0185511
2996	730.492	1536	0.0198291
2997	730.736	1506	0.0194419
2998	730.979	1497	0.0193257
2999	731.223	1477	0.0190675
3000	731.467	1477	0.0190675
3001	731.711	1476	0.0190546
3002	731.955	1429	0.0184478
3003	732.199	1486	0.0191837
3004	732.443	1475	0.0190417
3005	732.687	1477	0.0190675
3006	732.930	1463	0.0188867
3007	733.174	1450	0.0187189
3008	733.418	1426	0.0184091
3009	733.662	1488	0.0192095
3010	733.906	1424	0.0183833
3011	734.150	1467	0.0189384
3012	734.394	1468	0.0189513
3013	734.637	1479	0.0190933
3014	734.881	1492	0.0192611
3015	735.125	1396	0.0180218
3016	735.369	1405	0.018138
3017	735.613	1438	0.018564
3018	735.857	1447	0.0186802
3019	736.101	1476	0.0190546
3020	736.344	1454	0.0187706
3021	736.588	1460	0.018848
3022	736.832	1464	0.0188997
3023	737.076	1476	0.0190546
3024	737.320	1413	0.0182413
3025	737.564	1414	0.0182542
3026	737.808	1512	0.0195193
3027	738.052	1451	0.0187318
3028	738.295	1467	0.0189384
3029	738.539	1487	0.0191966
3030	738.783	1400	0.0180734
3031	739.027	1507	0.0194548
3032	739.271	1418	0.0183058
3033	739.515	1434	0.0185124
3034	739.759	1480	0.0191062
3035	740.002	1456	0.0187964
3036	740.246	1375	0.0177507
3037	740.490	1431	0.0184736
3038	740.734	1395	0.0180089
3039	740.978	1421	0.0183445
3040	741.222	1354	0.0174796
3041	741.466	1413	0.0182413
3042	741.710	1482	0.019132
3043	741.953	1413	0.0182413
3044	742.197	1497	0.0193257
3045	742.441	1388	0.0179185
3046	742.685	1454	0.0187706
3047	742.929	1373	0.0177249
3048	743.173	1464	0.0188997
3049	743.417	1515	0.019558
3050	743.660	1424	0.0183833
3051	743.904	1356	0.0175054
3052	744.148	1396	0.0180218
3053	744.392	1376	0.0177636
3054	744.636	1447	0.0186802
3055	744.880	1390	0.0179443
3056	745.124	1395	0.0180089
3057	745.367	1441	0.0186027
3058	745.611	1451	0.0187318
3059	745.855	1363	0.0175958
3060	746.099	1391	0.0179573
3061	746.343	1424	0.0183833
3062	746.587	1411	0.0182154
3063	746.831	1465	0.0189126
3064	747.075	1311	0.0169245
3065	747.318	1369	0.0176732
3066	747.562	1389	0.0179314
3067	747.806	1419	0.0183187
3068	748.050	1390	0.0179443
3069	748.294	1340	0.0172989
3070	748.538	1396	0.0180218
3071	748.782	1333	0.0172085
3072	749.025	1357	0.0175183
3073	749.269	1329	0.0171569
3074	749.513	1274	0.0164468
3075	749.757	1443	0.0186286
3076	750.001	1410	0.0182025
3077	750.245	1382	0.0178411
3078	750.489	1392	0.0179702
3079	750.732	1299	0.0167696
3080	750.976	1347	0.0173892
3081	751.220	1350	0.017428
3082	751.464	1362	0.0175829
3083	751.708	1382	0.0178411
3084	751.952	1348	0.0174021
3085	752.196	1408	0.0181767
3086	752.440	1311	0.0169245
3087	752.683	1397	0.0180347
3088	752.927	1297	0.0167438
3089	753.171	1307	0.0168729
3090	753.415	1315	0.0169761
3091	753.659	1392	0.0179702
3092	753.903	1353	0.0174667
3093	754.147	1351	0.0174409
3094	754.390	1276	0.0164727
3095	754.634	1326	0.0171181
3096	754.878	1318	0.0170149
3097	755.122	1335	0.0172343
3098	755.366	1327	0.017131
3099	755.610	1340	0.0172989
3100	755.854	1323	0.0170794
3101	756.098	1311	0.0169245
3102	756.341	1353	0.0174667
3103	756.585	1286	0.0166017
3104	756.829	1362	0.0175829
3105	757.073	1323	0.0170794
3106	757.317	1282	0.0165501
3107	757.561	1242	0.0160337
3108	757.805	1329	0.0171569
3109	758.048	1296	0.0167308
3110	758.292	1286	0.0166017
3111	758.536	1339	0.017286
3112	758.780	1324	0.0170923
3113	759.024	1280	0.0165243
3114	759.268	1316	0.016989
3115	759.512	1334	0.0172214
3116	759.755	1272	0.016421
3117	759.999	1311	0.0169245
3118	760.243	1280	0.0165243
3119	760.487	1285	0.0165888
3120	760.731	1207	0.0155819
3121	760.975	1250	0.016137
3122	761.219	1256	0.0162145
3123	761.463	1196	0.0154399
3124	761.706	1272	0.016421
3125	761.950	1262	0.0162919
3126	762.194	1280	0.0165243
3127	762.438	1278	0.0164985
3128	762.682	1260	0.0162661
3129	762.926	1277	0.0164856
3130	763.170	1278	0.0164985
3131	763.413	1229	0.0158659
3132	763.657	1339	0.017286
3133	763.901	1285	0.0165888
3134	764.145	1219	0.0157368
3135	764.389	1311	0.0169245
3136	764.633	1239	0.015995
3137	764.877	1230	0.0158788
3138	765.121	1258	0.0162403
3139	765.364	1243	0.0160466
3140	765.608	1225	0.0158143
3141	765.852	1335	0.0172343
3142	766.096	1200	0.0154915
3143	766.340	1261	0.016279
3144	766.584	1281	0.0165372
3145	766.828	1265	0.0163306
3146	767.071	1254	0.0161886
3147	767.315	1240	0.0160079
3148	767.559	1283	0.016563
3149	767.803	1220	0.0157497
3150	768.047	1226	0.0158272
3151	768.291	1227	0.0158401
3152	768.535	1221	0.0157626
3153	768.778	1226	0.0158272
3154	769.022	1243	0.0160466
3155	769.266	1227	0.0158401
3156	769.510	1259	0.0162532
3157	769.754	1255	0.0162016
3158	769.998	1249	0.0161241
3159	770.242	1206	0.015569
3160	770.486	1219	0.0157368
3161	770.729	1215	0.0156852
3162	770.973	1237	0.0159692
3163	771.217	1227	0.0158401
3164	771.461	1215	0.0156852
3165	771.705	1197	0.0154528
3166	771.949	1263	0.0163048
3167	772.193	1252	0.0161628
3168	772.436	1163	0.0150139
3169	772.680	1193	0.0154012
3170	772.924	1172	0.0151301
3171	773.168	1215	0.0156852
3172	773.412	1254	0.0161886
3173	773.656	1232	0.0159046
3174	773.900	1204	0.0155432
3175	774.143	1234	0.0159304
3176	774.387	1160	0.0149751
3177	774.631	1209	0.0156077
3178	774.875	1183	0.0152721
3179	775.119	1175	0.0151688
3180	775.363	1150	0.014846
3181	775.607	1209	0.0156077
3182	775.851	1230	0.0158788
3183	776.094	1181	0.0152462
3184	776.338	1230	0.0158788
3185	776.582	1237	0.0159692
3186	776.826	1201	0.0155044
3187	777.070	1199	0.0154786
3188	777.314	1197	0.0154528
3189	777.558	1161	0.014988
3190	777.801	1094	0.0141231
3191	778.045	1217	0.015711
3192	778.289	1130	0.0145879
3193	778.533	1159	0.0149622
3194	778.777	1152	0.0148719
3195	779.021	1131	0.0146008
3196	779.265	1086	0.0140198
3197	779.509	1130	0.0145879
3198	779.752	1173	0.015143
3199	779.996	1034	0.0133485
3200	780.240	1112	0.0143555
3201	780.484	1117	0.01442
3202	780.728	1117	0.01442
3203	780.972	1159	0.0149622
3204	781.216	1119	0.0144458
3205	781.459	1051	0.013568
3206	781.703	1106	0.014278
3207	781.947	1176	0.0151817
3208	782.191	1135	0.0146524
3209	782.435	1113	0.0143684
3210	782.679	1196	0.0154399
3211	782.923	1146	0.0147944
3212	783.166	1152	0.0148719
3213	783.410	1163	0.0150139
3214	783.654	1128	0.014562
3215	783.898	1156	0.0149235
3216	784.142	1141	0.0147299
3217	784.386	1053	0.0135938
3218	784.630	1114	0.0143813
3219	784.874	1147	0.0148073
3220	785.117	1125	0.0145233
3221	785.361	1074	0.0138649
3222	785.605	1119	0.0144458
3223	785.849	1164	0.0150268
3224	786.093	1064	0.0137358
3225	786.337	1125	0.0145233
3226	786.581	1098	0.0141747
3227	786.824	1102	0.0142264
3228	787.068	1099	0.0141877
3229	787.312	1174	0.0151559
3230	787.556	1129	0.0145749
3231	787.800	1101	0.0142135
3232	788.044	1132	0.0146137
3233	788.288	1075	0.0138778
3234	788.531	1045	0.0134905
3235	788.775	1076	0.0138907
3236	789.019	1110	0.0143297
3237	789.263	1139	0.014704
3238	789.507	1091	0.0140844
3239	789.751	1095	0.014136
3240	789.995	1097	0.0141618
3241	790.239	1054	0.0136067
3242	790.482	1073	0.013852
3243	790.726	1130	0.0145879
3244	790.970	1087	0.0140327
3245	791.214	1069	0.0138004
3246	791.458	1097	0.0141618
3247	791.702	1041	0.0134389
3248	791.946	1133	0.0146266
3249	792.189	1094	0.0141231
3250	792.433	1092	0.0140973
3251	792.677	1076	0.0138907
3252	792.921	1124	0.0145104
3253	793.165	1122	0.0144846
3254	793.409	1055	0.0136196
3255	793.653	1106	0.014278
3256	793.897	1069	0.0138004
3257	794.140	1019	0.0131549
3258	794.384	1108	0.0143038
3259	794.628	1025	0.0132323
3260	794.872	1056	0.0136325
3261	795.116	1049	0.0135422
3262	795.360	1041	0.0134389
3263	795.604	1050	0.0135551
3264	795.847	1051	0.013568
3265	796.091	1113	0.0143684
3266	796.335	1077	0.0139036
3267	796.579	1065	0.0137487
3268	796.823	1038	0.0134002
3269	797.067	1056	0.0136325
3270	797.311	1077	0.0139036
3271	797.554	1103	0.0142393
3272	797.798	1038	0.0134002
3273	798.042	1083	0.0139811
3274	798.286	1022	0.0131936
3275	798.530	1022	0.0131936
3276	798.774	1070	0.0138133
3277	799.018	1097	0.0141618
3278	799.262	1068	0.0137875
3279	799.505	1091	0.0140844
3280	799.749	1111	0.0143426
3281	799.993	1079	0.0139295
3282	800.237	1059	0.0136713
3283	800.481	1080	0.0139424
3284	800.725	1037	0.0133873
3285	800.969	1044	0.0134776
3286	801.212	1047	0.0135164
3287	801.456	1056	0.0136325
3288	801.700	1020	0.0131678
3289	801.944	1047	0.0135164
3290	802.188	1015	0.0131032
3291	802.432	1023	0.0132065
3292	802.676	1059	0.0136713
3293	802.919	1020	0.0131678
3294	803.163	1045	0.0134905
3295	803.407	1023	0.0132065
3296	803.651	1003	0.0129483
3297	803.895	1009	0.0130258
3298	804.139	1046	0.0135034
3299	804.383	1073	0.013852
3300	804.627	1039	0.0134131
3301	804.870	1053	0.0135938
3302	805.114	1049	0.0135422
3303	805.358	1082	0.0139682
3304	805.602	1025	0.0132323
3305	805.846	1089	0.0140586
3306	806.090	1034	0.0133485
3307	806.334	1047	0.0135164
3308	806.577	1027	0.0132582
3309	806.821	1045	0.0134905
3310	807.065	1043	0.0134647
3311	807.309	1058	0.0136584
3312	807.553	1027	0.0132582
3313	807.797	1102	0.0142264
3314	808.041	1014	0.0130903
3315	808.285	1008	0.0130129
3316	808.528	1003	0.0129483
3317	808.772	1065	0.0137487
3318	809.016	1008	0.0130129
3319	809.260	998	0.0128838
3320	809.504	1020	0.0131678
3321	809.748	1021	0.0131807
3322	809.992	1035	0.0133614
3323	810.235	1053	0.0135938
3324	810.479	1000	0.0129096
3325	810.723	1031	0.0133098
3326	810.967	1015	0.0131032
3327	811.211	1077	0.0139036
3328	811.455	953	0.0123029
3329	811.699	1083	0.0139811
3330	811.942	1042	0.0134518
3331	812.186	1068	0.0137875
3332	812.430	1065	0.0137487
3333	812.674	1070	0.0138133
3334	812.918	1149	0.0148331
3335	813.162	1247	0.0160983
3336	813.406	1368	0.0176603
3337	813.650	1622	0.0209394
3338	813.893	1838	0.0237278
3339	814.137	2218	0.0286335
3340	814.381	2485	0.0320804
3341	814.625	2743	0.035411
3342	814.869	2843	0.036702
3343	815.113	2832	0.03656
3344	815.357	2572	0.0332035
3345	815.600	2113	0.027278
3346	815.844	1890	0.0243991
3347	816.088	1592	0.0205521
3348	816.332	1366	0.0176345
3349	816.576	1247	0.0160983
3350	816.820	1162	0.015001
3351	817.064	1020	0.0131678
3352	817.308	1006	0.0129871
3353	817.551	1049	0.0135422
3354	817.795	977	0.0126127
3355	818.039	948	0.0122383
3356	818.283	966	0.0124707
3357	818.527	1057	0.0136454
3358	818.771	1062	0.01371
3359	819.015	1077	0.0139036
3360	819.258	986	0.0127289
3361	819.502	1059	0.0136713
3362	819.746	1093	0.0141102
3363	819.990	1013	0.0130774
3364	820.234	949	0.0122512
3365	820.478	1088	0.0140456
3366	820.722	1068	0.0137875
3367	820.965	1043	0.0134647
3368	821.209	1085	0.0140069
3369	821.453	1120	0.0144588
3370	821.697	1119	0.0144458
3371	821.941	1117	0.01442
3372	822.185	1132	0.0146137
3373	822.429	1169	0.0150913
3374	822.673	1101	0.0142135
3375	822.916	1075	0.0138778
3376	823.160	1089	0.0140586
3377	823.404	1109	0.0143167
3378	823.648	1145	0.0147815
3379	823.892	1141	0.0147299
3380	824.136	1061	0.0136971
3381	824.380	1005	0.0129742
3382	824.623	1075	0.0138778
3383	824.867	1099	0.0141877
3384	825.111	1037	0.0133873
3385	825.355	971	0.0125352
3386	825.599	1038	0.0134002
3387	825.843	1066	0.0137616
3388	826.087	1016	0.0131162
3389	826.330	992	0.0128063
3390	826.574	1050	0.0135551
3391	826.818	1083	0.0139811
3392	827.062	1063	0.0137229
3393	827.306	1104	0.0142522
3394	827.550	1058	0.0136584
3395	827.794	1097	0.0141618
3396	828.038	1034	0.0133485
3397	828.281	1072	0.0138391
3398	828.525	1025	0.0132323
3399	828.769	1037	0.0133873
3400	829.013	1046	0.0135034
3401	829.257	1057	0.0136454
3402	829.501	1028	0.0132711
3403	829.745	1040	0.013426
3404	829.988	999	0.0128967
3405	830.232	1073	0.013852
3406	830.476	1109	0.0143167
3407	830.720	1084	0.013994
3408	830.964	1060	0.0136842
3409	831.208	1043	0.0134647
3410	831.452	1007	0.013
3411	831.696	1080	0.0139424
3412	831.939	1085	0.0140069
3413	832.183	1110	0.0143297
3414	832.427	1045	0.0134905
3415	832.671	1031	0.0133098
3416	832.915	1040	0.013426
3417	833.159	1067	0.0137745
3418	833.403	1033	0.0133356
3419	833.646	1045	0.0134905
3420	833.890	1027	0.0132582
3421	834.134	1043	0.0134647
3422	834.378	1044	0.0134776
3423	834.622	1102	0.0142264
3424	834.866	1102	0.0142264
3425	835.110	1040	0.013426
3426	835.353	988	0.0127547
3427	835.597	1024	0.0132194
3428	835.841	1086	0.0140198
3429	836.085	1031	0.0133098
3430	836.329	1055	0.0136196
3431	836.573	1110	0.0143297
3432	836.817	1055	0.0136196
3433	837.061	1030	0.0132969
3434	837.304	995	0.0128451
3435	837.548	1116	0.0144071
3436	837.792	1047	0.0135164
3437	838.036	1036	0.0133743
3438	838.280	1058	0.0136584
3439	838.524	1070	0.0138133
3440	838.768	1058	0.0136584
3441	839.011	1023	0.0132065
3442	839.255	1074	0.0138649
3443	839.499	1061	0.0136971
3444	839.743	1085	0.0140069
3445	839.987	1057	0.0136454
3446	840.231	1050	0.0135551
3447	840.475	1085	0.0140069
3448	840.718	1108	0.0143038
3449	840.962	1068	0.0137875
3450	841.206	1109	0.0143167
3451	841.450	1072	0.0138391
3452	841.694	1034	0.0133485
3453	841.938	1062	0.01371
3454	842.182	1066	0.0137616
3455	842.426	1067	0.0137745
3456	842.669	1013	0.0130774
3457	842.913	1062	0.01371
3458	843.157	1073	0.013852
3459	843.401	1080	0.0139424
3460	843.645	1107	0.0142909
3461	843.889	1082	0.0139682
3462	844.133	1070	0.0138133
3463	844.376	1089	0.0140586
3464	844.620	1070	0.0138133
3465	844.864	1055	0.0136196
3466	845.108	1126	0.0145362
3467	845.352	1069	0.0138004
3468	845.596	1079	0.0139295
3469	845.840	1068	0.0137875
3470	846.084	1125	0.0145233
3471	846.327	1064	0.0137358
3472	846.571	1142	0.0147428
3473	846.815	1063	0.0137229
3474	847.059	1077	0.0139036
3475	847.303	1059	0.0136713
3476	847.547	1118	0.0144329
3477	847.791	1116	0.0144071
3478	848.034	1083	0.0139811
3479	848.278	1143	0.0147557
3480	848.522	1141	0.0147299
3481	848.766	1083	0.0139811
3482	849.010	1090	0.0140715
3483	849.254	1108	0.0143038
3484	849.498	1086	0.0140198
3485	849.741	1048	0.0135293
3486	849.985	1050	0.0135551
3487	850.229	1083	0.0139811
3488	850.473	1193	0.0154012
3489	850.717	1071	0.0138262
3490	850.961	1065	0.0137487
3491	851.205	1075	0.0138778
3492	851.449	1130	0.0145879
3493	851.692	1176	0.0151817
3494	851.936	1109	0.0143167
3495	852.180	1053	0.0135938
3496	852.424	1103	0.0142393
3497	852.668	1131	0.0146008
3498	852.912	1103	0.0142393
3499	853.156	1109	0.0143167
3500	853.399	1107	0.0142909
3501	853.643	1086	0.0140198
3502	853.887	1060	0.0136842
3503	854.131	1087	0.0140327
3504	854.375	1125	0.0145233
3505	854.619	1054	0.0136067
3506	854.863	1047	0.0135164
3507	855.106	1063	0.0137229
3508	855.350	1034	0.0133485
3509	855.594	1044	0.0134776
3510	855.838	1149	0.0148331
3511	856.082	1058	0.0136584
3512	856.326	1124	0.0145104
3513	856.570	1094	0.0141231
3514	856.814	1100	0.0142006
3515	857.057	1132	0.0146137
3516	857.301	1082	0.0139682
3517	857.545	1108	0.0143038
3518	857.789	1022	0.0131936
3519	858.033	1070	0.0138133
3520	858.277	1049	0.0135422
3521	858.521	1103	0.0142393
3522	858.764	1119	0.0144458
3523	859.008	1139	0.014704
3524	859.252	1096	0.0141489
3525	859.496	1061	0.0136971
3526	859.740	1095	0.014136
3527	859.984	1119	0.0144458
3528	860.228	1141	0.0147299
3529	860.472	1081	0.0139553
3530	860.715	1074	0.0138649
3531	860.959	1090	0.0140715
3532	861.203	1039	0.0134131
3533	861.447	1125	0.0145233
3534	861.691	1146	0.0147944
3535	861.935	1143	0.0147557
3536	862.179	1137	0.0146782
3537	862.422	1135	0.0146524
3538	862.666	1049	0.0135422
3539	862.910	1153	0.0148848
3540	863.154	1062	0.01371
3541	863.398	1055	0.0136196
3542	863.642	1096	0.0141489
3543	863.886	1127	0.0145491
3544	864.129	1107	0.0142909
3545	864.373	1109	0.0143167
3546	864.617	1079	0.0139295
3547	864.861	1111	0.0143426
3548	865.105	1118	0.0144329
3549	865.349	1094	0.0141231
3550	865.593	1136	0.0146653
3551	865.837	1090	0.0140715
3552	866.080	1131	0.0146008
3553	866.324	1093	0.0141102
3554	866.568	1119	0.0144458
3555	866.812	1103	0.0142393
3556	867.056	1124	0.0145104
3557	867.300	1115	0.0143942
3558	867.544	1127	0.0145491
3559	867.787	1116	0.0144071
3560	868.031	1077	0.0139036
3561	868.275	1119	0.0144458
3562	868.519	1175	0.0151688
3563	868.763	1159	0.0149622
3564	869.007	1199	0.0154786
3565	869.251	1101	0.0142135
3566	869.495	1118	0.0144329
3567	869.738	1140	0.0147169
3568	869.982	1145	0.0147815
3569	870.226	1128	0.014562
3570	870.470	1118	0.0144329
3571	870.714	1176	0.0151817
3572	870.958	1119	0.0144458
3573	871.202	1198	0.0154657
3574	871.445	1116	0.0144071
3575	871.689	1129	0.0145749
3576	871.933	1073	0.013852
3577	872.177	1114	0.0143813
3578	872.421	1156	0.0149235
3579	872.665	1123	0.0144975
3580	872.909	1097	0.0141618
3581	873.152	1143	0.0147557
3582	873.396	1105	0.0142651
3583	873.640	1102	0.0142264
3584	873.884	1156	0.0149235
3585	874.128	1108	0.0143038
3586	874.372	1151	0.014859
3587	874.616	1125	0.0145233
3588	874.860	1016	0.0131162
3589	875.103	1123	0.0144975
3590	875.347	1089	0.0140586
3591	875.591	1172	0.0151301
3592	875.835	1170	0.0151042
3593	876.079	1157	0.0149364
3594	876.323	1134	0.0146395
3595	876.567	1140	0.0147169
3596	876.810	1118	0.0144329
3597	877.054	1159	0.0149622
3598	877.298	1179	0.0152204
3599	877.542	1172	0.0151301
3600	877.786	1163	0.0150139
3601	878.030	1131	0.0146008
3602	878.274	1167	0.0150655
3603	878.517	1158	0.0149493
3604	878.761	1163	0.0150139
3605	879.005	1087	0.0140327
3606	879.249	1193	0.0154012
3607	879.493	1151	0.014859
3608	879.737	1157	0.0149364
3609	879.981	1168	0.0150784
3610	880.225	1074	0.0138649
3611	880.468	1175	0.0151688
3612	880.712	1140	0.0147169
3613	880.956	1168	0.0150784
3614	881.200	1153	0.0148848
3615	881.444	1140	0.0147169
3616	881.688	1176	0.0151817
3617	881.932	1178	0.0152075
3618	882.175	1139	0.014704
3619	882.419	1212	0.0156464
3620	882.663	1137	0.0146782
3621	882.907	1156	0.0149235
3622	883.151	1201	0.0155044
3623	883.395	1229	0.0158659
3624	883.639	1206	0.015569
3625	883.883	1150	0.014846
3626	884.126	1111	0.0143426
3627	884.370	1169	0.0150913
3628	884.614	1121	0.0144717
3629	884.858	1210	0.0156206
3630	885.102	1189	0.0153495
3631	885.346	1147	0.0148073
3632	885.590	1175	0.0151688
3633	885.833	1192	0.0153882
3634	886.077	1205	0.0155561
3635	886.321	1163	0.0150139
3636	886.565	1189	0.0153495
3637	886.809	1195	0.015427
3638	887.053	1258	0.0162403
3639	887.297	1104	0.0142522
3640	887.540	1195	0.015427
3641	887.784	1187	0.0153237
3642	888.028	1186	0.0153108
3643	888.272	1145	0.0147815
3644	888.516	1222	0.0157755
3645	888.760	1236	0.0159563
3646	889.004	1215	0.0156852
3647	889.248	1226	0.0158272
3648	889.491	1202	0.0155173
3649	889.735	1189	0.0153495
3650	889.979	1220	0.0157497
3651	890.223	1266	0.0163436
3652	890.467	1163	0.0150139
3653	890.711	1211	0.0156335
3654	890.955	1191	0.0153753
3655	891.198	1218	0.0157239
3656	891.442	1197	0.0154528
3657	891.686	1227	0.0158401
3658	891.930	1276	0.0164727
3659	892.174	1188	0.0153366
3660	892.418	1229	0.0158659
3661	892.662	1185	0.0152979
3662	892.905	1217	0.015711
3663	893.149	1279	0.0165114
3664	893.393	1239	0.015995
3665	893.637	1200	0.0154915
3666	893.881	1239	0.015995
3667	894.125	1202	0.0155173
3668	894.369	1221	0.0157626
3669	894.613	1180	0.0152333
3670	894.856	1329	0.0171569
3671	895.100	1277	0.0164856
3672	895.344	1246	0.0160854
3673	895.588	1233	0.0159175
3674	895.832	1312	0.0169374
3675	896.076	1451	0.0187318
3676	896.320	1634	0.0210943
3677	896.563	2296	0.0296404
3678	896.807	3389	0.0437506
3679	897.051	5730	0.073972
3680	897.295	10280	0.132711
3681	897.539	17334	0.223775
3682	897.783	27812	0.359042
3683	898.027	41441	0.534987
3684	898.271	57035	0.736299
3685	898.514	72371	0.934281
3686	898.758	83154	1.07349
3687	899.002	86802	1.12058
3688	899.246	84219	1.08723
3689	899.490	72959	0.941872
3690	899.734	57814	0.746356
3691	899.978	42363	0.546889
3692	900.221	28143	0.363315
3693	900.465	17198	0.222019
3694	900.709	9540	0.123158
3695	900.953	5365	0.06926
3696	901.197	3128	0.0403812
3697	901.441	1926	0.0248639
3698	901.685	1466	0.0189255
3699	901.928	1261	0.016279
3700	902.172	1228	0.015853
3701	902.416	1240	0.0160079
3702	902.660	1217	0.015711
3703	902.904	1254	0.0161886
3704	903.148	1198	0.0154657
3705	903.392	1251	0.0161499
3706	903.636	1235	0.0159434
3707	903.879	1239	0.015995
3708	904.123	1187	0.0153237
3709	904.367	1153	0.0148848
3710	904.611	1200	0.0154915
3711	904.855	1218	0.0157239
3712	905.099	1238	0.0159821
3713	905.343	1197	0.0154528
3714	905.586	1219	0.0157368
3715	905.830	1200	0.0154915
3716	906.074	1185	0.0152979
3717	906.318	1148	0.0148202
3718	906.562	1216	0.0156981
3719	906.806	1154	0.0148977
3720	907.050	1239	0.015995
3721	907.293	1145	0.0147815
3722	907.537	1234	0.0159304
3723	907.781	1233	0.0159175
3724	908.025	1222	0.0157755
3725	908.269	1203	0.0155303
3726	908.513	1160	0.0149751
3727	908.757	1138	0.0146911
3728	909.001	1214	0.0156723
3729	909.244	1194	0.0154141
3730	909.488	1204	0.0155432
3731	909.732	1158	0.0149493
3732	909.976	1216	0.0156981
3733	910.220	1203	0.0155303
3734	910.464	1204	0.0155432
3735	910.708	1175	0.0151688
3736	910.951	1272	0.016421
3737	911.195	1285	0.0165888
3738	911.439	1255	0.0162016
3739	911.683	1264	0.0163177
3740	911.927	1378	0.0177894
3741	912.171	1414	0.0182542
3742	912.415	1467	0.0189384
3743	912.659	1508	0.0194677
3744	912.902	1518	0.0195968
3745	913.146	1566	0.0202164
3746	913.390	1577	0.0203584
3747	913.634	1543	0.0199195
3748	913.878	1483	0.0191449
3749	914.122	1425	0.0183962
3750	914.366	1368	0.0176603
3751	914.609	1370	0.0176862
3752	914.853	1268	0.0163694
3753	915.097	1300	0.0167825
3754	915.341	1289	0.0166405
3755	915.585	1254	0.0161886
3756	915.829	1220	0.0157497
3757	916.073	1192	0.0153882
3758	916.316	1228	0.015853
3759	916.560	1247	0.0160983
3760	916.804	1237	0.0159692
3761	917.048	1249	0.0161241
3762	917.292	1222	0.0157755
3763	917.536	1236	0.0159563
3764	917.780	1227	0.0158401
3765	918.024	1231	0.0158917
3766	918.267	1266	0.0163436
3767	918.511	1247	0.0160983
3768	918.755	1224	0.0158014
3769	918.999	1212	0.0156464
3770	919.243	1280	0.0165243
3771	919.487	1232	0.0159046
3772	919.731	1271	0.0164081
3773	919.974	1210	0.0156206
3774	920.218	1225	0.0158143
3775	920.462	1212	0.0156464
3776	920.706	1289	0.0166405
3777	920.950	1248	0.0161112
3778	921.194	1228	0.015853
3779	921.438	1292	0.0166792
3780	921.682	1254	0.0161886
3781	921.925	1232	0.0159046
3782	922.169	1306	0.0168599
3783	922.413	1220	0.0157497
3784	922.657	1250	0.016137
3785	922.901	1224	0.0158014
3786	923.145	1249	0.0161241
3787	923.389	1215	0.0156852
3788	923.632	1270	0.0163952
3789	923.876	1291	0.0166663
3790	924.120	1256	0.0162145
3791	924.364	1283	0.016563
3792	924.608	1189	0.0153495
3793	924.852	1219	0.0157368
3794	925.096	1230	0.0158788
3795	925.339	1210	0.0156206
3796	925.583	1210	0.0156206
3797	925.827	1260	0.0162661
3798	926.071	1284	0.0165759
3799	926.315	1180	0.0152333
3800	926.559	1270	0.0163952
3801	926.803	1247	0.0160983
3802	927.047	1291	0.0166663
3803	927.290	1314	0.0169632
3804	927.534	1280	0.0165243
3805	927.778	1321	0.0170536
3806	928.022	1260	0.0162661
3807	928.266	1288	0.0166276
3808	928.510	1223	0.0157884
3809	928.754	1256	0.0162145
3810	928.997	1253	0.0161757
3811	929.241	1221	0.0157626
3812	929.485	1259	0.0162532
3813	929.729	1278	0.0164985
3814	929.973	1201	0.0155044
3815	930.217	1283	0.016563
3816	930.461	1242	0.0160337
3817	930.704	1265	0.0163306
3818	930.948	1285	0.0165888
3819	931.192	1233	0.0159175
3820	931.436	1295	0.0167179
3821	931.680	1257	0.0162274
3822	931.924	1303	0.0168212
3823	932.168	1253	0.0161757
3824	932.412	1249	0.0161241
3825	932.655	1286	0.0166017
3826	932.899	1252	0.0161628
3827	933.143	1326	0.0171181
3828	933.387	1332	0.0171956
3829	933.631	1286	0.0166017
3830	933.875	1299	0.0167696
3831	934.119	1329	0.0171569
3832	934.362	1292	0.0166792
3833	934.606	1308	0.0168858
3834	934.850	1349	0.0174151
3835	935.094	1299	0.0167696
3836	935.338	1296	0.0167308
3837	935.582	1357	0.0175183
3838	935.826	1285	0.0165888
3839	936.070	1280	0.0165243
3840	936.313	1242	0.0160337
3841	936.557	1334	0.0172214
3842	936.801	1325	0.0171052
3843	937.045	1273	0.0164339
3844	937.289	1269	0.0163823
3845	937.533	1314	0.0169632
3846	937.777	1353	0.0174667
3847	938.020	1303	0.0168212
3848	938.264	1273	0.0164339
3849	938.508	1349	0.0174151
3850	938.752	1273	0.0164339
3851	938.996	1271	0.0164081
3852	939.240	1279	0.0165114
3853	939.484	1354	0.0174796
3854	939.727	1311	0.0169245
3855	939.971	1315	0.0169761
3856	940.215	1314	0.0169632
3857	940.459	1309	0.0168987
3858	940.703	1327	0.017131
3859	940.947	1304	0.0168341
3860	941.191	1347	0.0173892
3861	941.435	1332	0.0171956
3862	941.678	1299	0.0167696
3863	941.922	1205	0.0155561
3864	942.166	1310	0.0169116
3865	942.410	1321	0.0170536
3866	942.654	1325	0.0171052
3867	942.898	1339	0.017286
3868	943.142	1398	0.0180476
3869	943.385	1319	0.0170278
3870	943.629	1300	0.0167825
3871	943.873	1276	0.0164727
3872	944.117	1408	0.0181767
3873	944.361	1322	0.0170665
3874	944.605	1357	0.0175183
3875	944.849	1380	0.0178153
3876	945.092	1373	0.0177249
3877	945.336	1382	0.0178411
3878	945.580	1303	0.0168212
3879	945.824	1330	0.0171698
3880	946.068	1308	0.0168858
3881	946.312	1294	0.016705
3882	946.556	1362	0.0175829
3883	946.800	1337	0.0172601
3884	947.043	1339	0.017286
3885	947.287	1383	0.017854
3886	947.531	1268	0.0163694
3887	947.775	1293	0.0166921
3888	948.019	1293	0.0166921
3889	948.263	1334	0.0172214
3890	948.507	1335	0.0172343
3891	948.750	1296	0.0167308
3892	948.994	1326	0.0171181
3893	949.238	1330	0.0171698
3894	949.482	1313	0.0169503
3895	949.726	1299	0.0167696
3896	949.970	1337	0.0172601
3897	950.214	1364	0.0176087
3898	950.458	1367	0.0176474
3899	950.701	1340	0.0172989
3900	950.945	1372	0.017712
3901	951.189	1266	0.0163436
3902	951.433	1282	0.0165501
3903	951.677	1319	0.0170278
3904	951.921	1349	0.0174151
3905	952.165	1255	0.0162016
3906	952.408	1357	0.0175183
3907	952.652	1326	0.0171181
3908	952.896	1362	0.0175829
3909	953.140	1310	0.0169116
3910	953.384	1334	0.0172214
3911	953.628	1349	0.0174151
3912	953.872	1418	0.0183058
3913	954.115	1337	0.0172601
3914	954.359	1354	0.0174796
3915	954.603	1336	0.0172472
3916	954.847	1360	0.0175571
3917	955.091	1336	0.0172472
3918	955.335	1348	0.0174021
3919	955.579	1342	0.0173247
3920	955.823	1365	0.0176216
3921	956.066	1330	0.0171698
3922	956.310	1296	0.0167308
3923	956.554	1349	0.0174151
3924	956.798	1398	0.0180476
3925	957.042	1232	0.0159046
3926	957.286	1326	0.0171181
3927	957.530	1293	0.0166921
3928	957.773	1347	0.0173892
3929	958.017	1327	0.017131
3930	958.261	1343	0.0173376
3931	958.505	1328	0.017144
3932	958.749	1342	0.0173247
3933	958.993	1345	0.0173634
3934	959.237	1335	0.0172343
3935	959.481	1296	0.0167308
3936	959.724	1317	0.0170019
3937	959.968	1319	0.0170278
3938	960.212	1356	0.0175054
3939	960.456	1340	0.0172989
3940	960.700	1300	0.0167825
3941	960.944	1293	0.0166921
3942	961.188	1320	0.0170407
3943	961.431	1304	0.0168341
3944	961.675	1304	0.0168341
3945	961.919	1251	0.0161499
3946	962.163	1208	0.0155948
3947	962.407	1280	0.0165243
3948	962.651	1307	0.0168729
3949	962.895	1302	0.0168083
3950	963.138	1315	0.0169761
3951	963.382	1257	0.0162274
3952	963.626	1301	0.0167954
3953	963.870	1227	0.0158401
3954	964.114	1187	0.0153237
3955	964.358	1171	0.0151171
3956	964.602	1205	0.0155561
3957	964.846	1190	0.0153624
3958	965.089	1176	0.0151817
3959	965.333	1149	0.0148331
3960	965.577	1143	0.0147557
3961	965.821	1169	0.0150913
3962	966.065	1128	0.014562
3963	966.309	1129	0.0145749
3964	966.553	1176	0.0151817
3965	966.796	1161	0.014988
3966	967.040	1156	0.0149235
3967	967.284	1118	0.0144329
3968	967.528	1083	0.0139811
3969	967.772	1100	0.0142006
3970	968.016	1092	0.0140973
3971	968.260	1049	0.0135422
3972	968.503	1134	0.0146395
3973	968.747	1103	0.0142393
3974	968.991	1162	0.015001
3975	969.235	1096	0.0141489
3976	969.479	1047	0.0135164
3977	969.723	1109	0.0143167
3978	969.967	1096	0.0141489
3979	970.211	1076	0.0138907
3980	970.454	1141	0.0147299
3981	970.698	1079	0.0139295
3982	970.942	1076	0.0138907
3983	971.186	1067	0.0137745
3984	971.430	1044	0.0134776
3985	971.674	1079	0.0139295
3986	971.918	1087	0.0140327
3987	972.161	1117	0.01442
3988	972.405	1087	0.0140327
3989	972.649	1075	0.0138778
3990	972.893	1078	0.0139166
3991	973.137	1087	0.0140327
3992	973.381	1113	0.0143684
3993	973.625	1036	0.0133743
3994	973.869	1057	0.0136454
3995	974.112	1040	0.013426
3996	974.356	1084	0.013994
3997	974.600	1074	0.0138649
3998	974.844	1053	0.0135938
3999	975.088	1048	0.0135293
4000	975.332	1095	0.014136
4001	975.576	1051	0.013568
4002	975.819	1029	0.013284
4003	976.063	1058	0.0136584
4004	976.307	1005	0.0129742
4005	976.551	1031	0.0133098
4006	976.795	1038	0.0134002
4007	977.039	1041	0.0134389
4008	977.283	1036	0.0133743
4009	977.526	1001	0.0129225
4010	977.770	1029	0.013284
4011	978.014	1047	0.0135164
4012	978.258	1116	0.0144071
4013	978.502	1036	0.0133743
4014	978.746	1040	0.013426
4015	978.990	1035	0.0133614
4016	979.234	1044	0.0134776
4017	979.477	1017	0.0131291
4018	979.721	1032	0.0133227
4019	979.965	991	0.0127934
4020	980.209	986	0.0127289
4021	980.453	1003	0.0129483
4022	980.697	1079	0.0139295
4023	980.941	1049	0.0135422
4024	981.184	1037	0.0133873
4025	981.428	1048	0.0135293
4026	981.672	1054	0.0136067
4027	981.916	1013	0.0130774
4028	982.160	1001	0.0129225
4029	982.404	972	0.0125481
4030	982.648	1042	0.0134518
4031	982.891	1066	0.0137616
4032	983.135	1048	0.0135293
4033	983.379	1035	0.0133614
4034	983.623	1044	0.0134776
4035	983.867	1004	0.0129612
4036	984.111	1055	0.0136196
4037	984.355	1061	0.0136971
4038	984.599	1025	0.0132323
4039	984.842	983	0.0126901
4040	985.086	1037	0.0133873
4041	985.330	1007	0.013
4042	985.574	1013	0.0130774
4043	985.818	1060	0.0136842
4044	986.062	1046	0.0135034
4045	986.306	985	0.012716
4046	986.549	997	0.0128709
4047	986.793	1042	0.0134518
4048	987.037	1033	0.0133356
4049	987.281	1026	0.0132453
4050	987.525	1012	0.0130645
4051	987.769	992	0.0128063
4052	988.013	987	0.0127418
4053	988.257	981	0.0126643
4054	988.500	981	0.0126643
4055	988.744	969	0.0125094
4056	988.988	1029	0.013284
4057	989.232	951	0.012277
4058	989.476	1001	0.0129225
4059	989.720	988	0.0127547
4060	989.964	1040	0.013426
4061	990.207	970	0.0125223
4062	990.451	957	0.0123545
4063	990.695	1022	0.0131936
4064	990.939	997	0.0128709
4065	991.183	983	0.0126901
4066	991.427	944	0.0121867
4067	991.671	982	0.0126772
4068	991.914	1050	0.0135551
4069	992.158	993	0.0128192
4070	992.402	1036	0.0133743
4071	992.646	1012	0.0130645
4072	992.890	1064	0.0137358
4073	993.134	969	0.0125094
4074	993.378	998	0.0128838
4075	993.622	1038	0.0134002
4076	993.865	985	0.012716
4077	994.109	1043	0.0134647
4078	994.353	1008	0.0130129
4079	994.597	1048	0.0135293
4080	994.841	989	0.0127676
4081	995.085	965	0.0124578
4082	995.329	1002	0.0129354
4083	995.572	1025	0.0132323
4084	995.816	957	0.0123545
4085	996.060	1012	0.0130645
4086	996.304	1009	0.0130258
4087	996.548	1005	0.0129742
4088	996.792	1032	0.0133227
4089	997.036	1016	0.0131162
4090	997.279	967	0.0124836
4091	997.523	996	0.012858
4092	997.767	1022	0.0131936
4093	998.011	1047	0.0135164
4094	998.255	949	0.0122512
4095	998.499	1002	0.0129354
4096	998.743	1046	0.0135034
4097	998.987	1068	0.0137875
4098	999.230	976	0.0125998
4099	999.474	977	0.0126127
4100	999.718	974	0.012574
4101	999.962	940	0.012135
4102	1000.206	1016	0.0131162
4103	1000.450	987	0.0127418
4104	1000.694	1036	0.0133743
4105	1000.937	1027	0.0132582
4106	1001.181	995	0.0128451
4107	1001.425	1042	0.0134518
4108	1001.669	991	0.0127934
4109	1001.913	981	0.0126643
4110	1002.157	1033	0.0133356
4111	1002.401	973	0.012561
4112	1002.645	1007	0.013
4113	1002.888	1001	0.0129225
4114	1003.132	1031	0.0133098
4115	1003.376	984	0.012703
4116	1003.620	1009	0.0130258
4117	1003.864	1015	0.0131032
4118	1004.108	1032	0.0133227
4119	1004.352	1044	0.0134776
4120	1004.595	1049	0.0135422
4121	1004.839	1057	0.0136454
4122	1005.083	986	0.0127289
4123	1005.327	1027	0.0132582
4124	1005.571	971	0.0125352
4125	1005.815	1005	0.0129742
4126	1006.059	996	0.012858
4127	1006.302	986	0.0127289
4128	1006.546	1011	0.0130516
4129	1006.790	1023	0.0132065
4130	1007.034	1042	0.0134518
4131	1007.278	986	0.0127289
4132	1007.522	970	0.0125223
4133	1007.766	991	0.0127934
4134	1008.010	1021	0.0131807
4135	1008.253	1010	0.0130387
4136	1008.497	1045	0.0134905
4137	1008.741	988	0.0127547
4138	1008.985	1041	0.0134389
4139	1009.229	934	0.0120576
4140	1009.473	1037	0.0133873
4141	1009.717	997	0.0128709
4142	1009.960	1021	0.0131807
4143	1010.204	986	0.0127289
4144	1010.448	967	0.0124836
4145	1010.692	1006	0.0129871
4146	1010.936	983	0.0126901
4147	1011.180	997	0.0128709
4148	1011.424	953	0.0123029
4149	1011.668	990	0.0127805
4150	1011.911	922	0.0119027
4151	1012.155	984	0.012703
4152	1012.399	1018	0.013142
4153	1012.643	1035	0.0133614
4154	1012.887	962	0.012419
4155	1013.131	962	0.012419
4156	1013.375	1045	0.0134905
4157	1013.618	1035	0.0133614
4158	1013.862	981	0.0126643
4159	1014.106	1022	0.0131936
4160	1014.350	969	0.0125094
4161	1014.594	1006	0.0129871
4162	1014.838	961	0.0124061
4163	1015.082	979	0.0126385
4164	1015.325	967	0.0124836
4165	1015.569	971	0.0125352
4166	1015.813	1045	0.0134905
4167	1016.057	1002	0.0129354
4168	1016.301	982	0.0126772
4169	1016.545	974	0.012574
4170	1016.789	966	0.0124707
4171	1017.033	992	0.0128063
4172	1017.276	945	0.0121996
4173	1017.520	972	0.0125481
4174	1017.764	979	0.0126385
4175	1018.008	1029	0.013284
4176	1018.252	960	0.0123932
4177	1018.496	967	0.0124836
4178	1018.740	1016	0.0131162
4179	1018.983	974	0.012574
4180	1019.227	988	0.0127547
4181	1019.471	932	0.0120317
4182	1019.715	1010	0.0130387
4183	1019.959	933	0.0120447
4184	1020.203	942	0.0121608
4185	1020.447	943	0.0121738
4186	1020.690	963	0.0124319
4187	1020.934	983	0.0126901
4188	1021.178	988	0.0127547
4189	1021.422	991	0.0127934
4190	1021.666	960	0.0123932
4191	1021.910	964	0.0124449
4192	1022.154	990	0.0127805
4193	1022.398	970	0.0125223
4194	1022.641	919	0.0118639
4195	1022.885	1020	0.0131678
4196	1023.129	981	0.0126643
4197	1023.373	955	0.0123287
4198	1023.617	987	0.0127418
4199	1023.861	943	0.0121738
4200	1024.105	973	0.012561
4201	1024.348	954	0.0123158
4202	1024.592	961	0.0124061
4203	1024.836	979	0.0126385
4204	1025.080	1002	0.0129354
4205	1025.324	1054	0.0136067
4206	1025.568	950	0.0122641
4207	1025.812	966	0.0124707
4208	1026.056	931	0.0120188
4209	1026.299	946	0.0122125
4210	1026.543	992	0.0128063
4211	1026.787	966	0.0124707
4212	1027.031	985	0.012716
4213	1027.275	1016	0.0131162
4214	1027.519	958	0.0123674
4215	1027.763	1001	0.0129225
4216	1028.006	981	0.0126643
4217	1028.250	976	0.0125998
4218	1028.494	948	0.0122383
4219	1028.738	1014	0.0130903
4220	1028.982	1015	0.0131032
4221	1029.226	994	0.0128321
4222	1029.470	971	0.0125352
4223	1029.713	922	0.0119027
4224	1029.957	962	0.012419
4225	1030.201	970	0.0125223
4226	1030.445	991	0.0127934
4227	1030.689	1051	0.013568
4228	1030.933	996	0.012858
4229	1031.177	959	0.0123803
4230	1031.421	968	0.0124965
4231	1031.664	945	0.0121996
4232	1031.908	958	0.0123674
4233	1032.152	986	0.0127289
4234	1032.396	946	0.0122125
4235	1032.640	963	0.0124319
4236	1032.884	992	0.0128063
4237	1033.128	949	0.0122512
4238	1033.371	977	0.0126127
4239	1033.615	968	0.0124965
4240	1033.859	1014	0.0130903
4241	1034.103	986	0.0127289
4242	1034.347	999	0.0128967
4243	1034.591	965	0.0124578
4244	1034.835	982	0.0126772
4245	1035.078	949	0.0122512
4246	1035.322	944	0.0121867
4247	1035.566	938	0.0121092
4248	1035.810	979	0.0126385
4249	1036.054	975	0.0125869
4250	1036.298	925	0.0119414
4251	1036.542	965	0.0124578
4252	1036.786	920	0.0118768
4253	1037.029	962	0.012419
4254	1037.273	950	0.0122641
4255	1037.517	963	0.0124319
4256	1037.761	1022	0.0131936
4257	1038.005	992	0.0128063
4258	1038.249	962	0.012419
4259	1038.493	1000	0.0129096
4260	1038.736	988	0.0127547
4261	1038.980	964	0.0124449
4262	1039.224	966	0.0124707
4263	1039.468	940	0.012135
4264	1039.712	916	0.0118252
4265	1039.956	897	0.0115799
4266	1040.200	962	0.012419
4267	1040.444	1008	0.0130129
4268	1040.687	959	0.0123803
4269	1040.931	930	0.0120059
4270	1041.175	945	0.0121996
4271	1041.419	980	0.0126514
4272	1041.663	975	0.0125869
4273	1041.907	911	0.0117606
4274	1042.151	915	0.0118123
4275	1042.394	947	0.0122254
4276	1042.638	921	0.0118897
4277	1042.882	1024	0.0132194
4278	1043.126	954	0.0123158
4279	1043.370	918	0.011851
4280	1043.614	968	0.0124965
4281	1043.858	950	0.0122641
4282	1044.101	938	0.0121092
4283	1044.345	937	0.0120963
4284	1044.589	976	0.0125998
4285	1044.833	985	0.012716
4286	1045.077	962	0.012419
4287	1045.321	919	0.0118639
4288	1045.565	988	0.0127547
4289	1045.809	943	0.0121738
4290	1046.052	1000	0.0129096
4291	1046.296	977	0.0126127
4292	1046.540	948	0.0122383
4293	1046.784	897	0.0115799
4294	1047.028	938	0.0121092
4295	1047.272	896	0.011567
4296	1047.516	994	0.0128321
4297	1047.759	901	0.0116316
4298	1048.003	921	0.0118897
4299	1048.247	933	0.0120447
4300	1048.491	1025	0.0132323
4301	1048.735	955	0.0123287
4302	1048.979	952	0.0122899
4303	1049.223	942	0.0121608
4304	1049.466	1021	0.0131807
4305	1049.710	963	0.0124319
4306	1049.954	906	0.0116961
4307	1050.198	970	0.0125223
4308	1050.442	912	0.0117736
4309	1050.686	982	0.0126772
4310	1050.930	908	0.0117219
4311	1051.174	976	0.0125998
4312	1051.417	956	0.0123416
4313	1051.661	922	0.0119027
4314	1051.905	964	0.0124449
4315	1052.149	943	0.0121738
4316	1052.393	986	0.0127289
4317	1052.637	951	0.012277
4318	1052.881	997	0.0128709
4319	1053.124	950	0.0122641
4320	1053.368	926	0.0119543
4321	1053.612	962	0.012419
4322	1053.856	966	0.0124707
4323	1054.100	944	0.0121867
4324	1054.344	933	0.0120447
4325	1054.588	923	0.0119156
4326	1054.832	914	0.0117994
4327	1055.075	942	0.0121608
4328	1055.319	968	0.0124965
4329	1055.563	950	0.0122641
4330	1055.807	939	0.0121221
4331	1056.051	926	0.0119543
4332	1056.295	849	0.0109603
4333	1056.539	952	0.0122899
4334	1056.782	980	0.0126514
4335	1057.026	879	0.0113475
4336	1057.270	902	0.0116445
4337	1057.514	915	0.0118123
4338	1057.758	956	0.0123416
4339	1058.002	957	0.0123545
4340	1058.246	967	0.0124836
4341	1058.489	951	0.012277
4342	1058.733	901	0.0116316
4343	1058.977	947	0.0122254
4344	1059.221	895	0.0115541
4345	1059.465	923	0.0119156
4346	1059.709	897	0.0115799
4347	1059.953	923	0.0119156
4348	1060.197	933	0.0120447
4349	1060.440	928	0.0119801
4350	1060.684	913	0.0117865
4351	1060.928	962	0.012419
4352	1061.172	976	0.0125998
4353	1061.416	893	0.0115283
4354	1061.660	914	0.0117994
4355	1061.904	947	0.0122254
4356	1062.147	964	0.0124449
4357	1062.391	916	0.0118252
4358	1062.635	937	0.0120963
4359	1062.879	916	0.0118252
4360	1063.123	913	0.0117865
4361	1063.367	903	0.0116574
4362	1063.611	938	0.0121092
4363	1063.855	876	0.0113088
4364	1064.098	931	0.0120188
4365	1064.342	943	0.0121738
4366	1064.586	910	0.0117477
4367	1064.830	898	0.0115928
4368	1065.074	963	0.0124319
4369	1065.318	866	0.0111797
4370	1065.562	1005	0.0129742
4371	1065.805	915	0.0118123
4372	1066.049	987	0.0127418
4373	1066.293	931	0.0120188
4374	1066.537	951	0.012277
4375	1066.781	959	0.0123803
4376	1067.025	950	0.0122641
4377	1067.269	874	0.011283
4378	1067.512	921	0.0118897
4379	1067.756	913	0.0117865
4380	1068.000	914	0.0117994
4381	1068.244	966	0.0124707
4382	1068.488	854	0.0110248
4383	1068.732	912	0.0117736
4384	1068.976	906	0.0116961
4385	1069.220	934	0.0120576
4386	1069.463	948	0.0122383
4387	1069.707	971	0.0125352
4388	1069.951	876	0.0113088
4389	1070.195	961	0.0124061
4390	1070.439	864	0.0111539
4391	1070.683	1027	0.0132582
4392	1070.927	938	0.0121092
4393	1071.170	954	0.0123158
4394	1071.414	980	0.0126514
4395	1071.658	958	0.0123674
4396	1071.902	890	0.0114895
4397	1072.146	953	0.0123029
4398	1072.390	900	0.0116186
4399	1072.634	929	0.011993
4400	1072.877	969	0.0125094
4401	1073.121	974	0.012574
4402	1073.365	942	0.0121608
4403	1073.609	922	0.0119027
4404	1073.853	928	0.0119801
4405	1074.097	946	0.0122125
4406	1074.341	928	0.0119801
4407	1074.585	990	0.0127805
4408	1074.828	872	0.0112572
4409	1075.072	944	0.0121867
4410	1075.316	934	0.0120576
4411	1075.560	983	0.0126901
4412	1075.804	910	0.0117477
4413	1076.048	941	0.0121479
4414	1076.292	949	0.0122512
4415	1076.535	920	0.0118768
4416	1076.779	944	0.0121867
4417	1077.023	948	0.0122383
4418	1077.267	936	0.0120834
4419	1077.511	949	0.0122512
4420	1077.755	935	0.0120705
4421	1077.999	949	0.0122512
4422	1078.243	907	0.011709
4423	1078.486	903	0.0116574
4424	1078.730	911	0.0117606
4425	1078.974	906	0.0116961
4426	1079.218	947	0.0122254
4427	1079.462	934	0.0120576
4428	1079.706	968	0.0124965
4429	1079.950	942	0.0121608
4430	1080.193	996	0.012858
4431	1080.437	940	0.012135
4432	1080.681	981	0.0126643
4433	1080.925	913	0.0117865
4434	1081.169	891	0.0115025
4435	1081.413	950	0.0122641
4436	1081.657	897	0.0115799
4437	1081.900	1009	0.0130258
4438	1082.144	952	0.0122899
4439	1082.388	984	0.012703
4440	1082.632	984	0.012703
4441	1082.876	986	0.0127289
4442	1083.120	947	0.0122254
4443	1083.364	950	0.0122641
4444	1083.608	933	0.0120447
4445	1083.851	1006	0.0129871
4446	1084.095	953	0.0123029
4447	1084.339	934	0.0120576
4448	1084.583	1004	0.0129612
4449	1084.827	988	0.0127547
4450	1085.071	949	0.0122512
4451	1085.315	939	0.0121221
4452	1085.558	980	0.0126514
4453	1085.802	892	0.0115154
4454	1086.046	1009	0.0130258
4455	1086.290	917	0.0118381
4456	1086.534	971	0.0125352
4457	1086.778	1030	0.0132969
4458	1087.022	969	0.0125094
4459	1087.265	939	0.0121221
4460	1087.509	956	0.0123416
4461	1087.753	949	0.0122512
4462	1087.997	944	0.0121867
4463	1088.241	994	0.0128321
4464	1088.485	944	0.0121867
4465	1088.729	955	0.0123287
4466	1088.973	956	0.0123416
4467	1089.216	948	0.0122383
4468	1089.460	994	0.0128321
4469	1089.704	1002	0.0129354
4470	1089.948	985	0.012716
4471	1090.192	961	0.0124061
4472	1090.436	949	0.0122512
4473	1090.680	1038	0.0134002
4474	1090.923	946	0.0122125
4475	1091.167	915	0.0118123
4476	1091.411	977	0.0126127
4477	1091.655	974	0.012574
4478	1091.899	965	0.0124578
4479	1092.143	1005	0.0129742
4480	1092.387	997	0.0128709
4481	1092.631	950	0.0122641
4482	1092.874	944	0.0121867
4483	1093.118	994	0.0128321
4484	1093.362	927	0.0119672
4485	1093.606	920	0.0118768
4486	1093.850	899	0.0116057
4487	1094.094	1011	0.0130516
4488	1094.338	974	0.012574
4489	1094.581	997	0.0128709
4490	1094.825	973	0.012561
4491	1095.069	966	0.0124707
4492	1095.313	1034	0.0133485
4493	1095.557	961	0.0124061
4494	1095.801	975	0.0125869
4495	1096.045	965	0.0124578
4496	1096.288	1008	0.0130129
4497	1096.532	992	0.0128063
4498	1096.776	947	0.0122254
4499	1097.020	1038	0.0134002
4500	1097.264	953	0.0123029
4501	1097.508	1009	0.0130258
4502	1097.752	1021	0.0131807
4503	1097.996	930	0.0120059
4504	1098.239	967	0.0124836
4505	1098.483	957	0.0123545
4506	1098.727	1028	0.0132711
4507	1098.971	972	0.0125481
4508	1099.215	1028	0.0132711
4509	1099.459	1042	0.0134518
4510	1099.703	972	0.0125481
4511	1099.946	1007	0.013
4512	1100.190	945	0.0121996
4513	1100.434	957	0.0123545
4514	1100.678	1031	0.0133098
4515	1100.922	984	0.012703
4516	1101.166	997	0.0128709
4517	1101.410	977	0.0126127
4518	1101.653	1007	0.013
4519	1101.897	1000	0.0129096
4520	1102.141	1038	0.0134002
4521	1102.385	1024	0.0132194
4522	1102.629	997	0.0128709
4523	1102.873	952	0.0122899
4524	1103.117	987	0.0127418
4525	1103.361	968	0.0124965
4526	1103.604	962	0.012419
4527	1103.848	1018	0.013142
4528	1104.092	945	0.0121996
4529	1104.336	1004	0.0129612
4530	1104.580	924	0.0119285
4531	1104.824	974	0.012574
4532	1105.068	951	0.012277
4533	1105.311	983	0.0126901
4534	1105.555	931	0.0120188
4535	1105.799	934	0.0120576
4536	1106.043	957	0.0123545
4537	1106.287	975	0.0125869
4538	1106.531	992	0.0128063
4539	1106.775	972	0.0125481
4540	1107.019	963	0.0124319
4541	1107.262	992	0.0128063
4542	1107.506	963	0.0124319
4543	1107.750	973	0.012561
4544	1107.994	1002	0.0129354
4545	1108.238	972	0.0125481
4546	1108.482	1000	0.0129096
4547	1108.726	941	0.0121479
4548	1108.969	985	0.012716
4549	1109.213	984	0.012703
4550	1109.457	985	0.012716
4551	1109.701	964	0.0124449
4552	1109.945	1038	0.0134002
4553	1110.189	1019	0.0131549
4554	1110.433	989	0.0127676
4555	1110.676	959	0.0123803
4556	1110.920	1052	0.0135809
4557	1111.164	984	0.012703
4558	1111.408	996	0.012858
4559	1111.652	960	0.0123932
4560	1111.896	1040	0.013426
4561	1112.140	976	0.0125998
4562	1112.384	991	0.0127934
4563	1112.627	983	0.0126901
4564	1112.871	961	0.0124061
4565	1113.115	1009	0.0130258
4566	1113.359	968	0.0124965
4567	1113.603	949	0.0122512
4568	1113.847	975	0.0125869
4569	1114.091	947	0.0122254
4570	1114.334	934	0.0120576
4571	1114.578	982	0.0126772
4572	1114.822	921	0.0118897
4573	1115.066	921	0.0118897
4574	1115.310	977	0.0126127
4575	1115.554	944	0.0121867
4576	1115.798	967	0.0124836
4577	1116.042	904	0.0116703
4578	1116.285	957	0.0123545
4579	1116.529	907	0.011709
4580	1116.773	912	0.0117736
4581	1117.017	908	0.0117219
4582	1117.261	928	0.0119801
4583	1117.505	943	0.0121738
4584	1117.749	966	0.0124707
4585	1117.992	893	0.0115283
4586	1118.236	823	0.0106246
4587	1118.480	962	0.012419
4588	1118.724	898	0.0115928
4589	1118.968	894	0.0115412
4590	1119.212	928	0.0119801
4591	1119.456	845	0.0109086
4592	1119.699	887	0.0114508
4593	1119.943	884	0.0114121
4594	1120.187	834	0.0107666
4595	1120.431	817	0.0105471
4596	1120.675	826	0.0106633
4597	1120.919	817	0.0105471
4598	1121.163	817	0.0105471
4599	1121.407	800	0.0103277
4600	1121.650	794	0.0102502
4601	1121.894	804	0.0103793
4602	1122.138	810	0.0104568
4603	1122.382	769	0.00992748
4604	1122.626	770	0.00994039
4605	1122.870	793	0.0102373
4606	1123.114	780	0.0100695
4607	1123.357	741	0.00956602
4608	1123.601	768	0.00991457
4609	1123.845	799	0.0103148
4610	1124.089	740	0.00955311
4611	1124.333	801	0.0103406
4612	1124.577	759	0.00979839
4613	1124.821	789	0.0101857
4614	1125.064	771	0.0099533
4615	1125.308	775	0.0100049
4616	1125.552	760	0.0098113
4617	1125.796	770	0.00994039
4618	1126.040	777	0.0100308
4619	1126.284	724	0.00934655
4620	1126.528	757	0.00977257
4621	1126.772	824	0.0106375
4622	1127.015	732	0.00944983
4623	1127.259	768	0.00991457
4624	1127.503	732	0.00944983
4625	1127.747	711	0.00917873
4626	1127.991	740	0.00955311
4627	1128.235	734	0.00947565
4628	1128.479	741	0.00956602
4629	1128.722	719	0.009282
4630	1128.966	699	0.00902381
4631	1129.210	714	0.00921746
4632	1129.454	726	0.00937237
4633	1129.698	697	0.00899799
4634	1129.942	738	0.00952729
4635	1130.186	719	0.009282
4636	1130.430	698	0.0090109
4637	1130.673	714	0.00921746
4638	1130.917	682	0.00880435
4639	1131.161	758	0.00978548
4640	1131.405	765	0.00987585
4641	1131.649	705	0.00910127
4642	1131.893	714	0.00921746
4643	1132.137	704	0.00908836
4644	1132.380	722	0.00932073
4645	1132.624	735	0.00948856
4646	1132.868	716	0.00924328
4647	1133.112	653	0.00842997
4648	1133.356	709	0.00915291
4649	1133.600	685	0.00884308
4650	1133.844	686	0.00885599
4651	1134.087	703	0.00907545
4652	1134.331	746	0.00963056
4653	1134.575	695	0.00897217
4654	1134.819	715	0.00923037
4655	1135.063	682	0.00880435
4656	1135.307	708	0.00914
4657	1135.551	706	0.00911418
4658	1135.795	718	0.00926909
4659	1136.038	673	0.00868816
4660	1136.282	754	0.00973384
4661	1136.526	690	0.00890763
4662	1136.770	739	0.0095402
4663	1137.014	718	0.00926909
4664	1137.258	725	0.00935946
4665	1137.502	730	0.00942401
4666	1137.745	668	0.00862361
4667	1137.989	749	0.00966929
4668	1138.233	751	0.00969511
4669	1138.477	694	0.00895926
4670	1138.721	703	0.00907545
4671	1138.965	664	0.00857198
4672	1139.209	681	0.00879144
4673	1139.452	679	0.00876562
4674	1139.696	688	0.00888181
4675	1139.940	724	0.00934655
4676	1140.184	668	0.00862361
4677	1140.428	716	0.00924328
4678	1140.672	679	0.00876562
4679	1140.916	673	0.00868816
4680	1141.160	703	0.00907545
4681	1141.403	692	0.00893344
4682	1141.647	690	0.00890763
4683	1141.891	699	0.00902381
4684	1142.135	693	0.00894635
4685	1142.379	658	0.00849452
4686	1142.623	648	0.00836542
4687	1142.867	694	0.00895926
4688	1143.110	689	0.00889472
4689	1143.354	644	0.00831378
4690	1143.598	687	0.0088689
4691	1143.842	740	0.00955311
4692	1144.086	700	0.00903672
4693	1144.330	691	0.00892054
4694	1144.574	680	0.00877853
4695	1144.818	707	0.00912709
4696	1145.061	679	0.00876562
4697	1145.305	697	0.00899799
4698	1145.549	637	0.00822342
4699	1145.793	711	0.00917873
4700	1146.037	700	0.00903672
4701	1146.281	695	0.00897217
4702	1146.525	678	0.00875271
4703	1146.768	709	0.00915291
4704	1147.012	681	0.00879144
4705	1147.256	686	0.00885599
4706	1147.500	696	0.00898508
4707	1147.744	698	0.0090109
4708	1147.988	694	0.00895926
4709	1148.232	719	0.009282
4710	1148.475	634	0.00818469
4711	1148.719	684	0.00883017
4712	1148.963	686	0.00885599
4713	1149.207	618	0.00797813
4714	1149.451	650	0.00839124
4715	1149.695	647	0.00835251
4716	1149.939	646	0.0083396
4717	1150.183	686	0.00885599
4718	1150.426	655	0.00845579
4719	1150.670	701	0.00904963
4720	1150.914	651	0.00840415
4721	1151.158	633	0.00817178
4722	1151.402	651	0.00840415
4723	1151.646	676	0.00872689
4724	1151.890	665	0.00858489
4725	1152.133	689	0.00889472
4726	1152.377	679	0.00876562
4727	1152.621	631	0.00814596
4728	1152.865	634	0.00818469
4729	1153.109	675	0.00871398
4730	1153.353	615	0.00793941
4731	1153.597	665	0.00858489
4732	1153.841	687	0.0088689
4733	1154.084	672	0.00867525
4734	1154.328	611	0.00788777
4735	1154.572	664	0.00857198
4736	1154.816	695	0.00897217
4737	1155.060	628	0.00810723
4738	1155.304	625	0.0080685
4739	1155.548	637	0.00822342
4740	1155.791	624	0.00805559
4741	1156.035	611	0.00788777
4742	1156.279	643	0.00830087
4743	1156.523	600	0.00774576
4744	1156.767	639	0.00824924
4745	1157.011	660	0.00852034
4746	1157.255	620	0.00800395
4747	1157.498	691	0.00892054
4748	1157.742	640	0.00826215
4749	1157.986	649	0.00837833
4750	1158.230	630	0.00813305
4751	1158.474	632	0.00815887
4752	1158.718	688	0.00888181
4753	1158.962	658	0.00849452
4754	1159.206	624	0.00805559
4755	1159.449	659	0.00850743
4756	1159.693	656	0.0084687
4757	1159.937	635	0.0081976
4758	1160.181	630	0.00813305
4759	1160.425	637	0.00822342
4760	1160.669	653	0.00842997
4761	1160.913	602	0.00777158
4762	1161.156	666	0.0085978
4763	1161.400	647	0.00835251
4764	1161.644	668	0.00862361
4765	1161.888	666	0.0085978
4766	1162.132	648	0.00836542
4767	1162.376	618	0.00797813
4768	1162.620	640	0.00826215
4769	1162.863	651	0.00840415
4770	1163.107	675	0.00871398
4771	1163.351	646	0.0083396
4772	1163.595	652	0.00841706
4773	1163.839	635	0.0081976
4774	1164.083	638	0.00823633
4775	1164.327	651	0.00840415
4776	1164.571	612	0.00790068
4777	1164.814	655	0.00845579
4778	1165.058	629	0.00812014
4779	1165.302	665	0.00858489
4780	1165.546	630	0.00813305
4781	1165.790	672	0.00867525
4782	1166.034	632	0.00815887
4783	1166.278	631	0.00814596
4784	1166.521	623	0.00804268
4785	1166.765	632	0.00815887
4786	1167.009	606	0.00782322
4787	1167.253	643	0.00830087
4788	1167.497	637	0.00822342
4789	1167.741	615	0.00793941
4790	1167.985	596	0.00769412
4791	1168.229	626	0.00808141
4792	1168.472	642	0.00828796
4793	1168.716	621	0.00801686
4794	1168.960	640	0.00826215
4795	1169.204	642	0.00828796
4796	1169.448	654	0.00844288
4797	1169.692	641	0.00827506
4798	1169.936	655	0.00845579
4799	1170.179	641	0.00827506
4800	1170.423	595	0.00768121
4801	1170.667	721	0.00930782
4802	1170.911	678	0.00875271
4803	1171.155	729	0.0094111
4804	1171.399	890	0.0114895
4805	1171.643	1045	0.0134905
4806	1171.886	1434	0.0185124
4807	1172.130	2173	0.0280526
4808	1172.374	3546	0.0457774
4809	1172.618	5642	0.072836
4810	1172.862	8928	0.115257
4811	1173.106	13594	0.175493
4812	1173.350	18999	0.24527
4813	1173.594	25199	0.325309
4814	1173.837	30713	0.396493
4815	1174.081	34427	0.444439
4816	1174.325	35778	0.46188
4817	1174.569	34520	0.445639
4818	1174.813	30743	0.39688
4819	1175.057	25327	0.326961
4820	1175.301	19208	0.247968
4821	1175.544	13472	0.173918
4822	1175.788	8768	0.113191
4823	1176.032	5291	0.0683047
4824	1176.276	3045	0.0393097
4825	1176.520	1769	0.0228371
4826	1176.764	1160	0.0149751
4827	1177.008	833	0.0107537
4828	1177.251	663	0.00855907
4829	1177.495	628	0.00810723
4830	1177.739	636	0.00821051
4831	1177.983	590	0.00761667
4832	1178.227	597	0.00770703
4833	1178.471	596	0.00769412
4834	1178.715	579	0.00747466
4835	1178.959	565	0.00729393
4836	1179.202	594	0.0076683
4837	1179.446	551	0.00711319
4838	1179.690	555	0.00716483
4839	1179.934	590	0.00761667
4840	1180.178	560	0.00722938
4841	1180.422	513	0.00662263
4842	1180.666	601	0.00775867
4843	1180.909	559	0.00721647
4844	1181.153	564	0.00728102
4845	1181.397	560	0.00722938
4846	1181.641	589	0.00760376
4847	1181.885	607	0.00783613
4848	1182.129	535	0.00690664
4849	1182.373	556	0.00717774
4850	1182.617	566	0.00730683
4851	1182.860	552	0.0071261
4852	1183.104	538	0.00694537
4853	1183.348	578	0.00746175
4854	1183.592	512	0.00660972
4855	1183.836	601	0.00775867
4856	1184.080	597	0.00770703
4857	1184.324	562	0.0072552
4858	1184.567	547	0.00706155
4859	1184.811	503	0.00649353
4860	1185.055	575	0.00742302
4861	1185.299	540	0.00697119
4862	1185.543	569	0.00734556
4863	1185.787	544	0.00702282
4864	1186.031	587	0.00757794
4865	1186.274	559	0.00721647
4866	1186.518	574	0.00741011
4867	1186.762	542	0.006997
4868	1187.006	563	0.00726811
4869	1187.250	591	0.00762957
4870	1187.494	532	0.00686791
4871	1187.738	511	0.00659681
4872	1187.982	579	0.00747466
4873	1188.225	533	0.00688082
4874	1188.469	499	0.00644189
4875	1188.713	555	0.00716483
4876	1188.957	575	0.00742302
4877	1189.201	550	0.00710028
4878	1189.445	540	0.00697119
4879	1189.689	513	0.00662263
4880	1189.932	570	0.00735847
4881	1190.176	575	0.00742302
4882	1190.420	533	0.00688082
4883	1190.664	520	0.00671299
4884	1190.908	543	0.00700991
4885	1191.152	576	0.00743593
4886	1191.396	556	0.00717774
4887	1191.639	522	0.00673881
4888	1191.883	513	0.00662263
4889	1192.127	505	0.00651935
4890	1192.371	557	0.00719065
4891	1192.615	514	0.00663554
4892	1192.859	521	0.0067259
4893	1193.103	571	0.00737138
4894	1193.347	500	0.0064548
4895	1193.590	574	0.00741011
4896	1193.834	551	0.00711319
4897	1194.078	538	0.00694537
4898	1194.322	504	0.00650644
4899	1194.566	565	0.00729393
4900	1194.810	540	0.00697119
4901	1195.054	561	0.00724229
4902	1195.297	577	0.00744884
4903	1195.541	547	0.00706155
4904	1195.785	506	0.00653226
4905	1196.029	530	0.00684209
4906	1196.273	488	0.00629989
4907	1196.517	548	0.00707446
4908	1196.761	536	0.00691955
4909	1197.005	564	0.00728102
4910	1197.248	514	0.00663554
4911	1197.492	517	0.00667426
4912	1197.736	507	0.00654517
4913	1197.980	540	0.00697119
4914	1198.224	539	0.00695828
4915	1198.468	537	0.00693246
4916	1198.712	496	0.00640316
4917	1198.955	484	0.00624825
4918	1199.199	550	0.00710028
4919	1199.443	473	0.00610624
4920	1199.687	550	0.00710028
4921	1199.931	477	0.00615788
4922	1200.175	519	0.00670008
4923	1200.419	497	0.00641607
4924	1200.662	506	0.00653226
4925	1200.906	497	0.00641607
4926	1201.150	522	0.00673881
4927	1201.394	480	0.00619661
4928	1201.638	509	0.00657099
4929	1201.882	515	0.00664845
4930	1202.126	516	0.00666135
4931	1202.370	463	0.00597715
4932	1202.613	453	0.00584805
4933	1202.857	507	0.00654517
4934	1203.101	503	0.00649353
4935	1203.345	488	0.00629989
4936	1203.589	494	0.00637734
4937	1203.833	508	0.00655808
4938	1204.077	498	0.00642898
4939	1204.320	495	0.00639025
4940	1204.564	482	0.00622243
4941	1204.808	460	0.00593842
4942	1205.052	512	0.00660972
4943	1205.296	500	0.0064548
4944	1205.540	475	0.00613206
4945	1205.784	474	0.00611915
4946	1206.028	485	0.00626116
4947	1206.271	485	0.00626116
4948	1206.515	464	0.00599006
4949	1206.759	483	0.00623534
4950	1207.003	490	0.00632571
4951	1207.247	483	0.00623534
4952	1207.491	432	0.00557695
4953	1207.735	492	0.00635152
4954	1207.978	499	0.00644189
4955	1208.222	477	0.00615788
4956	1208.466	486	0.00627407
4957	1208.710	457	0.00589969
4958	1208.954	490	0.00632571
4959	1209.198	485	0.00626116
4960	1209.442	484	0.00624825
4961	1209.685	500	0.0064548
4962	1209.929	471	0.00608042
4963	1210.173	435	0.00561568
4964	1210.417	489	0.0063128
4965	1210.661	498	0.00642898
4966	1210.905	448	0.0057835
4967	1211.149	496	0.00640316
4968	1211.393	462	0.00596424
4969	1211.636	497	0.00641607
4970	1211.880	469	0.0060546
4971	1212.124	453	0.00584805
4972	1212.368	495	0.00639025
4973	1212.612	466	0.00601587
4974	1212.856	440	0.00568023
4975	1213.100	478	0.00617079
4976	1213.343	447	0.00577059
4977	1213.587	505	0.00651935
4978	1213.831	452	0.00583514
4979	1214.075	472	0.00609333
4980	1214.319	433	0.00558986
4981	1214.563	423	0.00546076
4982	1214.807	501	0.00646771
4983	1215.050	469	0.0060546
4984	1215.294	476	0.00614497
4985	1215.538	413	0.00533167
4986	1215.782	420	0.00542203
4987	1216.026	463	0.00597715
4988	1216.270	424	0.00547367
4989	1216.514	450	0.00580932
4990	1216.758	493	0.00636443
4991	1217.001	464	0.00599006
4992	1217.245	437	0.0056415
4993	1217.489	446	0.00575768
4994	1217.733	456	0.00588678
4995	1217.977	461	0.00595133
4996	1218.221	442	0.00570604
4997	1218.465	417	0.0053833
4998	1218.708	474	0.00611915
4999	1218.952	460	0.00593842
5000	1219.196	461	0.00595133
5001	1219.440	429	0.00553822
5002	1219.684	454	0.00586096
5003	1219.928	479	0.0061837
5004	1220.172	440	0.00568023
5005	1220.416	416	0.00537039
5006	1220.659	475	0.00613206
5007	1220.903	422	0.00544785
5008	1221.147	465	0.00600297
5009	1221.391	410	0.00529294
5010	1221.635	451	0.00582223
5011	1221.879	442	0.00570604
5012	1222.123	453	0.00584805
5013	1222.366	438	0.00565441
5014	1222.610	478	0.00617079
5015	1222.854	439	0.00566732
5016	1223.098	449	0.00579641
5017	1223.342	462	0.00596424
5018	1223.586	423	0.00546076
5019	1223.830	440	0.00568023
5020	1224.073	454	0.00586096
5021	1224.317	454	0.00586096
5022	1224.561	424	0.00547367
5023	1224.805	426	0.00549949
5024	1225.049	456	0.00588678
5025	1225.293	478	0.00617079
5026	1225.537	453	0.00584805
5027	1225.781	414	0.00534458
5028	1226.024	422	0.00544785
5029	1226.268	406	0.0052413
5030	1226.512	424	0.00547367
5031	1226.756	477	0.00615788
5032	1227.000	426	0.00549949
5033	1227.244	418	0.00539621
5034	1227.488	397	0.00512511
5035	1227.731	433	0.00558986
5036	1227.975	440	0.00568023
5037	1228.219	426	0.00549949
5038	1228.463	424	0.00547367
5039	1228.707	458	0.0059126
5040	1228.951	442	0.00570604
5041	1229.195	443	0.00571895
5042	1229.438	414	0.00534458
5043	1229.682	439	0.00566732
5044	1229.926	418	0.00539621
5045	1230.170	435	0.00561568
5046	1230.414	435	0.00561568
5047	1230.658	413	0.00533167
5048	1230.902	433	0.00558986
5049	1231.146	374	0.00482819
5050	1231.389	416	0.00537039
5051	1231.633	418	0.00539621
5052	1231.877	415	0.00535748
5053	1232.121	418	0.00539621
5054	1232.365	393	0.00507347
5055	1232.609	422	0.00544785
5056	1232.853	383	0.00494438
5057	1233.096	409	0.00528003
5058	1233.340	427	0.0055124
5059	1233.584	437	0.0056415
5060	1233.828	418	0.00539621
5061	1234.072	441	0.00569313
5062	1234.316	460	0.00593842
5063	1234.560	438	0.00565441
5064	1234.804	406	0.0052413
5065	1235.047	373	0.00481528
5066	1235.291	395	0.00509929
5067	1235.535	396	0.0051122
5068	1235.779	417	0.0053833
5069	1236.023	401	0.00517675
5070	1236.267	388	0.00500893
5071	1236.511	401	0.00517675
5072	1236.754	435	0.00561568
5073	1236.998	464	0.00599006
5074	1237.242	412	0.00531876
5075	1237.486	428	0.00552531
5076	1237.730	396	0.0051122
5077	1237.974	449	0.00579641
5078	1238.218	407	0.00525421
5079	1238.461	397	0.00512511
5080	1238.705	417	0.0053833
5081	1238.949	417	0.0053833
5082	1239.193	417	0.0053833
5083	1239.437	441	0.00569313
5084	1239.681	412	0.00531876
5085	1239.925	408	0.00526712
5086	1240.169	397	0.00512511
5087	1240.412	393	0.00507347
5088	1240.656	405	0.00522839
5089	1240.900	370	0.00477655
5090	1241.144	426	0.00549949
5091	1241.388	413	0.00533167
5092	1241.632	397	0.00512511
5093	1241.876	411	0.00530585
5094	1242.119	381	0.00491856
5095	1242.363	396	0.0051122
5096	1242.607	438	0.00565441
5097	1242.851	397	0.00512511
5098	1243.095	413	0.00533167
5099	1243.339	389	0.00502184
5100	1243.583	440	0.00568023
5101	1243.826	421	0.00543494
5102	1244.070	439	0.00566732
5103	1244.314	390	0.00503474
5104	1244.558	392	0.00506056
5105	1244.802	395	0.00509929
5106	1245.046	396	0.0051122
5107	1245.290	412	0.00531876
5108	1245.534	413	0.00533167
5109	1245.777	447	0.00577059
5110	1246.021	427	0.0055124
5111	1246.265	400	0.00516384
5112	1246.509	399	0.00515093
5113	1246.753	415	0.00535748
5114	1246.997	389	0.00502184
5115	1247.241	359	0.00463455
5116	1247.484	413	0.00533167
5117	1247.728	402	0.00518966
5118	1247.972	343	0.00442799
5119	1248.216	370	0.00477655
5120	1248.460	457	0.00589969
5121	1248.704	428	0.00552531
5122	1248.948	395	0.00509929
5123	1249.192	374	0.00482819
5124	1249.435	388	0.00500893
5125	1249.679	388	0.00500893
5126	1249.923	421	0.00543494
5127	1250.167	416	0.00537039
5128	1250.411	415	0.00535748
5129	1250.655	388	0.00500893
5130	1250.899	392	0.00506056
5131	1251.142	370	0.00477655
5132	1251.386	375	0.0048411
5133	1251.630	388	0.00500893
5134	1251.874	405	0.00522839
5135	1252.118	401	0.00517675
5136	1252.362	388	0.00500893
5137	1252.606	397	0.00512511
5138	1252.849	417	0.0053833
5139	1253.093	388	0.00500893
5140	1253.337	412	0.00531876
5141	1253.581	401	0.00517675
5142	1253.825	407	0.00525421
5143	1254.069	394	0.00508638
5144	1254.313	389	0.00502184
5145	1254.557	384	0.00495729
5146	1254.800	438	0.00565441
5147	1255.044	378	0.00487983
5148	1255.288	454	0.00586096
5149	1255.532	399	0.00515093
5150	1255.776	435	0.00561568
5151	1256.020	394	0.00508638
5152	1256.264	357	0.00460873
5153	1256.507	408	0.00526712
5154	1256.751	414	0.00534458
5155	1256.995	412	0.00531876
5156	1257.239	418	0.00539621
5157	1257.483	388	0.00500893
5158	1257.727	421	0.00543494
5159	1257.971	397	0.00512511
5160	1258.215	368	0.00475073
5161	1258.458	377	0.00486692
5162	1258.702	413	0.00533167
5163	1258.946	401	0.00517675
5164	1259.190	403	0.00520257
5165	1259.434	413	0.00533167
5166	1259.678	413	0.00533167
5167	1259.922	421	0.00543494
5168	1260.165	375	0.0048411
5169	1260.409	455	0.00587387
5170	1260.653	464	0.00599006
5171	1260.897	391	0.00504765
5172	1261.141	415	0.00535748
5173	1261.385	376	0.00485401
5174	1261.629	394	0.00508638
5175	1261.872	382	0.00493147
5176	1262.116	385	0.0049702
5177	1262.360	446	0.00575768
5178	1262.604	413	0.00533167
5179	1262.848	386	0.00498311
5180	1263.092	397	0.00512511
5181	1263.336	403	0.00520257
5182	1263.580	409	0.00528003
5183	1263.823	438	0.00565441
5184	1264.067	411	0.00530585
5185	1264.311	420	0.00542203
5186	1264.555	352	0.00454418
5187	1264.799	439	0.00566732
5188	1265.043	401	0.00517675
5189	1265.287	390	0.00503474
5190	1265.530	359	0.00463455
5191	1265.774	406	0.0052413
5192	1266.018	430	0.00555113
5193	1266.262	393	0.00507347
5194	1266.506	371	0.00478946
5195	1266.750	387	0.00499602
5196	1266.994	392	0.00506056
5197	1267.237	385	0.0049702
5198	1267.481	409	0.00528003
5199	1267.725	406	0.0052413
5200	1267.969	399	0.00515093
5201	1268.213	380	0.00490565
5202	1268.457	400	0.00516384
5203	1268.701	383	0.00494438
5204	1268.945	391	0.00504765
5205	1269.188	443	0.00571895
5206	1269.432	460	0.00593842
5207	1269.676	380	0.00490565
5208	1269.920	390	0.00503474
5209	1270.164	383	0.00494438
5210	1270.408	398	0.00513802
5211	1270.652	430	0.00555113
5212	1270.895	402	0.00518966
5213	1271.139	401	0.00517675
5214	1271.383	408	0.00526712
5215	1271.627	413	0.00533167
5216	1271.871	392	0.00506056
5217	1272.115	416	0.00537039
5218	1272.359	405	0.00522839
5219	1272.603	429	0.00553822
5220	1272.846	421	0.00543494
5221	1273.090	402	0.00518966
5222	1273.334	415	0.00535748
5223	1273.578	418	0.00539621
5224	1273.822	450	0.00580932
5225	1274.066	387	0.00499602
5226	1274.310	413	0.00533167
5227	1274.553	406	0.0052413
5228	1274.797	419	0.00540912
5229	1275.041	396	0.0051122
5230	1275.285	377	0.00486692
5231	1275.529	426	0.00549949
5232	1275.773	423	0.00546076
5233	1276.017	405	0.00522839
5234	1276.260	422	0.00544785
5235	1276.504	389	0.00502184
5236	1276.748	419	0.00540912
5237	1276.992	386	0.00498311
5238	1277.236	420	0.00542203
5239	1277.480	431	0.00556404
5240	1277.724	406	0.0052413
5241	1277.968	447	0.00577059
5242	1278.211	417	0.0053833
5243	1278.455	417	0.0053833
5244	1278.699	392	0.00506056
5245	1278.943	368	0.00475073
5246	1279.187	409	0.00528003
5247	1279.431	431	0.00556404
5248	1279.675	431	0.00556404
5249	1279.918	394	0.00508638
5250	1280.162	386	0.00498311
5251	1280.406	433	0.00558986
5252	1280.650	407	0.00525421
5253	1280.894	400	0.00516384
5254	1281.138	409	0.00528003
5255	1281.382	405	0.00522839
5256	1281.625	428	0.00552531
5257	1281.869	398	0.00513802
5258	1282.113	372	0.00480237
5259	1282.357	392	0.00506056
5260	1282.601	390	0.00503474
5261	1282.845	426	0.00549949
5262	1283.089	426	0.00549949
5263	1283.333	431	0.00556404
5264	1283.576	416	0.00537039
5265	1283.820	394	0.00508638
5266	1284.064	397	0.00512511
5267	1284.308	438	0.00565441
5268	1284.552	401	0.00517675
5269	1284.796	423	0.00546076
5270	1285.040	443	0.00571895
5271	1285.283	438	0.00565441
5272	1285.527	383	0.00494438
5273	1285.771	401	0.00517675
5274	1286.015	390	0.00503474
5275	1286.259	425	0.00548658
5276	1286.503	422	0.00544785
5277	1286.747	404	0.00521548
5278	1286.991	424	0.00547367
5279	1287.234	416	0.00537039
5280	1287.478	414	0.00534458
5281	1287.722	411	0.00530585
5282	1287.966	389	0.00502184
5283	1288.210	415	0.00535748
5284	1288.454	403	0.00520257
5285	1288.698	418	0.00539621
5286	1288.941	444	0.00573186
5287	1289.185	409	0.00528003
5288	1289.429	420	0.00542203
5289	1289.673	424	0.00547367
5290	1289.917	417	0.0053833
5291	1290.161	393	0.00507347
5292	1290.405	426	0.00549949
5293	1290.648	441	0.00569313
5294	1290.892	407	0.00525421
5295	1291.136	428	0.00552531
5296	1291.380	415	0.00535748
5297	1291.624	396	0.0051122
5298	1291.868	409	0.00528003
5299	1292.112	389	0.00502184
5300	1292.356	410	0.00529294
5301	1292.599	393	0.00507347
5302	1292.843	423	0.00546076
5303	1293.087	430	0.00555113
5304	1293.331	426	0.00549949
5305	1293.575	388	0.00500893
5306	1293.819	382	0.00493147
5307	1294.063	397	0.00512511
5308	1294.306	439	0.00566732
5309	1294.550	398	0.00513802
5310	1294.794	421	0.00543494
5311	1295.038	421	0.00543494
5312	1295.282	421	0.00543494
5313	1295.526	402	0.00518966
5314	1295.770	409	0.00528003
5315	1296.013	398	0.00513802
5316	1296.257	421	0.00543494
5317	1296.501	433	0.00558986
5318	1296.745	424	0.00547367
5319	1296.989	432	0.00557695
5320	1297.233	414	0.00534458
5321	1297.477	400	0.00516384
5322	1297.721	394	0.00508638
5323	1297.964	458	0.0059126
5324	1298.208	413	0.00533167
5325	1298.452	443	0.00571895
5326	1298.696	400	0.00516384
5327	1298.940	402	0.00518966
5328	1299.184	420	0.00542203
5329	1299.428	447	0.00577059
5330	1299.671	417	0.0053833
5331	1299.915	428	0.00552531
5332	1300.159	426	0.00549949
5333	1300.403	420	0.00542203
5334	1300.647	445	0.00574477
5335	1300.891	415	0.00535748
5336	1301.135	424	0.00547367
5337	1301.379	462	0.00596424
5338	1301.622	392	0.00506056
5339	1301.866	401	0.00517675
5340	1302.110	412	0.00531876
5341	1302.354	433	0.00558986
5342	1302.598	425	0.00548658
5343	1302.842	422	0.00544785
5344	1303.086	473	0.00610624
5345	1303.329	440	0.00568023
5346	1303.573	404	0.00521548
5347	1303.817	405	0.00522839
5348	1304.061	387	0.00499602
5349	1304.305	440	0.00568023
5350	1304.549	429	0.00553822
5351	1304.793	431	0.00556404
5352	1305.036	421	0.00543494
5353	1305.280	422	0.00544785
5354	1305.524	418	0.00539621
5355	1305.768	412	0.00531876
5356	1306.012	438	0.00565441
5357	1306.256	458	0.0059126
5358	1306.500	425	0.00548658
5359	1306.744	411	0.00530585
5360	1306.987	389	0.00502184
5361	1307.231	434	0.00560277
5362	1307.475	447	0.00577059
5363	1307.719	447	0.00577059
5364	1307.963	427	0.0055124
5365	1308.207	437	0.0056415
5366	1308.451	436	0.00562859
5367	1308.694	430	0.00555113
5368	1308.938	463	0.00597715
5369	1309.182	392	0.00506056
5370	1309.426	406	0.0052413
5371	1309.670	409	0.00528003
5372	1309.914	414	0.00534458
5373	1310.158	433	0.00558986
5374	1310.402	388	0.00500893
5375	1310.645	396	0.0051122
5376	1310.889	434	0.00560277
5377	1311.133	405	0.00522839
5378	1311.377	401	0.00517675
5379	1311.621	393	0.00507347
5380	1311.865	435	0.00561568
5381	1312.109	417	0.0053833
5382	1312.352	423	0.00546076
5383	1312.596	415	0.00535748
5384	1312.840	430	0.00555113
5385	1313.084	445	0.00574477
5386	1313.328	448	0.0057835
5387	1313.572	415	0.00535748
5388	1313.816	469	0.0060546
5389	1314.059	408	0.00526712
5390	1314.303	404	0.00521548
5391	1314.547	452	0.00583514
5392	1314.791	429	0.00553822
5393	1315.035	437	0.0056415
5394	1315.279	477	0.00615788
5395	1315.523	419	0.00540912
5396	1315.767	414	0.00534458
5397	1316.010	413	0.00533167
5398	1316.254	412	0.00531876
5399	1316.498	437	0.0056415
5400	1316.742	390	0.00503474
5401	1316.986	438	0.00565441
5402	1317.230	412	0.00531876
5403	1317.474	408	0.00526712
5404	1317.717	428	0.00552531
5405	1317.961	451	0.00582223
5406	1318.205	428	0.00552531
5407	1318.449	419	0.00540912
5408	1318.693	450	0.00580932
5409	1318.937	422	0.00544785
5410	1319.181	501	0.00646771
5411	1319.424	425	0.00548658
5412	1319.668	471	0.00608042
5413	1319.912	408	0.00526712
5414	1320.156	463	0.00597715
5415	1320.400	476	0.00614497
5416	1320.644	467	0.00602878
5417	1320.888	482	0.00622243
5418	1321.132	435	0.00561568
5419	1321.375	454	0.00586096
5420	1321.619	455	0.00587387
5421	1321.863	407	0.00525421
5422	1322.107	509	0.00657099
5423	1322.351	475	0.00613206
5424	1322.595	497	0.00641607
5425	1322.839	536	0.00691955
5426	1323.082	569	0.00734556
5427	1323.326	602	0.00777158
5428	1323.570	612	0.00790068
5429	1323.814	728	0.00939819
5430	1324.058	759	0.00979839
5431	1324.302	846	0.0109215
5432	1324.546	941	0.0121479
5433	1324.790	1086	0.0140198
5434	1325.033	1254	0.0161886
5435	1325.277	1312	0.0169374
5436	1325.521	1448	0.0186931
5437	1325.765	1487	0.0191966
5438	1326.009	1567	0.0202293
5439	1326.253	1525	0.0196871
5440	1326.497	1553	0.0200486
5441	1326.740	1521	0.0196355
5442	1326.984	1411	0.0182154
5443	1327.228	1284	0.0165759
5444	1327.472	1090	0.0140715
5445	1327.716	963	0.0124319
5446	1327.960	863	0.011141
5447	1328.204	803	0.0103664
5448	1328.447	718	0.00926909
5449	1328.691	672	0.00867525
5450	1328.935	574	0.00741011
5451	1329.179	491	0.00633861
5452	1329.423	544	0.00702282
5453	1329.667	544	0.00702282
5454	1329.911	536	0.00691955
5455	1330.155	537	0.00693246
5456	1330.398	601	0.00775867
5457	1330.642	749	0.00966929
5458	1330.886	925	0.0119414
5459	1331.130	1171	0.0151171
5460	1331.374	1814	0.023418
5461	1331.618	3016	0.0389354
5462	1331.862	4631	0.0597844
5463	1332.105	7323	0.094537
5464	1332.349	10903	0.140753
5465	1332.593	15386	0.198627
5466	1332.837	20220	0.261032
5467	1333.081	25078	0.323747
5468	1333.325	28608	0.369318
5469	1333.569	30982	0.399965
5470	1333.812	30683	0.396105
5471	1334.056	28074	0.362424
5472	1334.300	23999	0.309818
5473	1334.544	19026	0.245618
5474	1334.788	13986	0.180554
5475	1335.032	9489	0.122499
5476	1335.276	6182	0.0798072
5477	1335.520	3780	0.0487983
5478	1335.763	2182	0.0281688
5479	1336.007	1173	0.015143
5480	1336.251	846	0.0109215
5481	1336.495	595	0.00768121
5482	1336.739	480	0.00619661
5483	1336.983	450	0.00580932
5484	1337.227	443	0.00571895
5485	1337.470	439	0.00566732
5486	1337.714	436	0.00562859
5487	1337.958	435	0.00561568
5488	1338.202	383	0.00494438
5489	1338.446	443	0.00571895
5490	1338.690	429	0.00553822
5491	1338.934	413	0.00533167
5492	1339.178	434	0.00560277
5493	1339.421	444	0.00573186
5494	1339.665	439	0.00566732
5495	1339.909	445	0.00574477
5496	1340.153	416	0.00537039
5497	1340.397	437	0.0056415
5498	1340.641	411	0.00530585
5499	1340.885	454	0.00586096
5500	1341.128	425	0.00548658
5501	1341.372	421	0.00543494
5502	1341.616	419	0.00540912
5503	1341.860	499	0.00644189
5504	1342.104	426	0.00549949
5505	1342.348	432	0.00557695
5506	1342.592	444	0.00573186
5507	1342.835	439	0.00566732
5508	1343.079	433	0.00558986
5509	1343.323	474	0.00611915
5510	1343.567	415	0.00535748
5511	1343.811	395	0.00509929
5512	1344.055	406	0.0052413
5513	1344.299	426	0.00549949
5514	1344.543	403	0.00520257
5515	1344.786	412	0.00531876
5516	1345.030	455	0.00587387
5517	1345.274	458	0.0059126
5518	1345.518	426	0.00549949
5519	1345.762	449	0.00579641
5520	1346.006	434	0.00560277
5521	1346.250	438	0.00565441
5522	1346.493	402	0.00518966
5523	1346.737	448	0.0057835
5524	1346.981	460	0.00593842
5525	1347.225	411	0.00530585
5526	1347.469	445	0.00574477
5527	1347.713	489	0.0063128
5528	1347.957	443	0.00571895
5529	1348.200	438	0.00565441
5530	1348.444	458	0.0059126
5531	1348.688	430	0.00555113
5532	1348.932	395	0.00509929
5533	1349.176	433	0.00558986
5534	1349.420	432	0.00557695
5535	1349.664	410	0.00529294
5536	1349.908	438	0.00565441
5537	1350.151	466	0.00601587
5538	1350.395	421	0.00543494
5539	1350.639	445	0.00574477
5540	1350.883	413	0.00533167
5541	1351.127	451	0.00582223
5542	1351.371	445	0.00574477
5543	1351.615	441	0.00569313
5544	1351.858	444	0.00573186
5545	1352.102	423	0.00546076
5546	1352.346	430	0.00555113
5547	1352.590	445	0.00574477
5548	1352.834	416	0.00537039
5549	1353.078	448	0.0057835
5550	1353.322	399	0.00515093
5551	1353.566	462	0.00596424
5552	1353.809	378	0.00487983
5553	1354.053	435	0.00561568
5554	1354.297	432	0.00557695
5555	1354.541	428	0.00552531
5556	1354.785	449	0.00579641
5557	1355.029	426	0.00549949
5558	1355.273	403	0.00520257
5559	1355.516	421	0.00543494
5560	1355.760	451	0.00582223
5561	1356.004	437	0.0056415
5562	1356.248	402	0.00518966
5563	1356.492	401	0.00517675
5564	1356.736	428	0.00552531
5565	1356.980	449	0.00579641
5566	1357.223	474	0.00611915
5567	1357.467	428	0.00552531
5568	1357.711	407	0.00525421
5569	1357.955	464	0.00599006
5570	1358.199	406	0.0052413
5571	1358.443	427	0.0055124
5572	1358.687	464	0.00599006
5573	1358.931	408	0.00526712
5574	1359.174	439	0.00566732
5575	1359.418	458	0.0059126
5576	1359.662	446	0.00575768
5577	1359.906	423	0.00546076
5578	1360.150	421	0.00543494
5579	1360.394	418	0.00539621
5580	1360.638	420	0.00542203
5581	1360.881	438	0.00565441
5582	1361.125	464	0.00599006
5583	1361.369	443	0.00571895
5584	1361.613	454	0.00586096
5585	1361.857	445	0.00574477
5586	1362.101	456	0.00588678
5587	1362.345	435	0.00561568
5588	1362.589	419	0.00540912
5589	1362.832	415	0.00535748
5590	1363.076	439	0.00566732
5591	1363.320	419	0.00540912
5592	1363.564	469	0.0060546
5593	1363.808	441	0.00569313
5594	1364.052	419	0.00540912
5595	1364.296	446	0.00575768
5596	1364.539	464	0.00599006
5597	1364.783	418	0.00539621
5598	1365.027	441	0.00569313
5599	1365.271	426	0.00549949
5600	1365.515	441	0.00569313
5601	1365.759	436	0.00562859
5602	1366.003	410	0.00529294
5603	1366.246	451	0.00582223
5604	1366.490	421	0.00543494
5605	1366.734	449	0.00579641
5606	1366.978	447	0.00577059
5607	1367.222	449	0.00579641
5608	1367.466	453	0.00584805
5609	1367.710	473	0.00610624
5610	1367.954	443	0.00571895
5611	1368.197	431	0.00556404
5612	1368.441	442	0.00570604
5613	1368.685	452	0.00583514
5614	1368.929	429	0.00553822
5615	1369.173	450	0.00580932
5616	1369.417	449	0.00579641
5617	1369.661	433	0.00558986
5618	1369.904	462	0.00596424
5619	1370.148	464	0.00599006
5620	1370.392	451	0.00582223
5621	1370.636	447	0.00577059
5622	1370.880	476	0.00614497
5623	1371.124	440	0.00568023
5624	1371.368	448	0.0057835
5625	1371.611	408	0.00526712
5626	1371.855	441	0.00569313
5627	1372.099	435	0.00561568
5628	1372.343	453	0.00584805
5629	1372.587	463	0.00597715
5630	1372.831	426	0.00549949
5631	1373.075	467	0.00602878
5632	1373.319	454	0.00586096
5633	1373.562	451	0.00582223
5634	1373.806	435	0.00561568
5635	1374.050	442	0.00570604
5636	1374.294	444	0.00573186
5637	1374.538	411	0.00530585
5638	1374.782	428	0.00552531
5639	1375.026	455	0.00587387
5640	1375.269	435	0.00561568
5641	1375.513	460	0.00593842
5642	1375.757	432	0.00557695
5643	1376.001	451	0.00582223
5644	1376.245	469	0.0060546
5645	1376.489	464	0.00599006
5646	1376.733	447	0.00577059
5647	1376.977	447	0.00577059
5648	1377.220	450	0.00580932
5649	1377.464	448	0.0057835
5650	1377.708	448	0.0057835
5651	1377.952	478	0.00617079
5652	1378.196	458	0.0059126
5653	1378.440	456	0.00588678
5654	1378.684	454	0.00586096
5655	1378.927	450	0.00580932
5656	1379.171	458	0.0059126
5657	1379.415	481	0.00620952
5658	1379.659	478	0.00617079
5659	1379.903	478	0.00617079
5660	1380.147	450	0.00580932
5661	1380.391	458	0.0059126
5662	1380.634	448	0.0057835
5663	1380.878	440	0.00568023
5664	1381.122	427	0.0055124
5665	1381.366	464	0.00599006
5666	1381.610	502	0.00648062
5667	1381.854	456	0.00588678
5668	1382.098	475	0.00613206
5669	1382.342	446	0.00575768
5670	1382.585	454	0.00586096
5671	1382.829	455	0.00587387
5672	1383.073	476	0.00614497
5673	1383.317	460	0.00593842
5674	1383.561	437	0.0056415
5675	1383.805	459	0.00592551
5676	1384.049	485	0.00626116
5677	1384.292	438	0.00565441
5678	1384.536	449	0.00579641
5679	1384.780	462	0.00596424
5680	1385.024	445	0.00574477
5681	1385.268	434	0.00560277
5682	1385.512	436	0.00562859
5683	1385.756	468	0.00604169
5684	1385.999	442	0.00570604
5685	1386.243	429	0.00553822
5686	1386.487	444	0.00573186
5687	1386.731	436	0.00562859
5688	1386.975	453	0.00584805
5689	1387.219	464	0.00599006
5690	1387.463	462	0.00596424
5691	1387.707	466	0.00601587
5692	1387.950	511	0.00659681
5693	1388.194	445	0.00574477
5694	1388.438	433	0.00558986
5695	1388.682	447	0.00577059
5696	1388.926	416	0.00537039
5697	1389.170	473	0.00610624
5698	1389.414	476	0.00614497
5699	1389.657	480	0.00619661
5700	1389.901	495	0.00639025
5701	1390.145	471	0.00608042
5702	1390.389	437	0.0056415
5703	1390.633	433	0.00558986
5704	1390.877	486	0.00627407
5705	1391.121	461	0.00595133
5706	1391.365	420	0.00542203
5707	1391.608	441	0.00569313
5708	1391.852	466	0.00601587
5709	1392.096	420	0.00542203
5710	1392.340	414	0.00534458
5711	1392.584	476	0.00614497
5712	1392.828	469	0.0060546
5713	1393.072	442	0.00570604
5714	1393.315	435	0.00561568
5715	1393.559	463	0.00597715
5716	1393.803	460	0.00593842
5717	1394.047	465	0.00600297
5718	1394.291	471	0.00608042
5719	1394.535	443	0.00571895
5720	1394.779	445	0.00574477
5721	1395.022	433	0.00558986
5722	1395.266	469	0.0060546
5723	1395.510	486	0.00627407
5724	1395.754	436	0.00562859
5725	1395.998	428	0.00552531
5726	1396.242	477	0.00615788
5727	1396.486	459	0.00592551
5728	1396.730	472	0.00609333
5729	1396.973	454	0.00586096
5730	1397.217	452	0.00583514
5731	1397.461	437	0.0056415
5732	1397.705	494	0.00637734
5733	1397.949	447	0.00577059
5734	1398.193	469	0.0060546
5735	1398.437	449	0.00579641
5736	1398.680	454	0.00586096
5737	1398.924	434	0.00560277
5738	1399.168	478	0.00617079
5739	1399.412	462	0.00596424
5740	1399.656	466	0.00601587
5741	1399.900	497	0.00641607
5742	1400.144	443	0.00571895
5743	1400.388	492	0.00635152
5744	1400.631	465	0.00600297
5745	1400.875	475	0.00613206
5746	1401.119	449	0.00579641
5747	1401.363	435	0.00561568
5748	1401.607	492	0.00635152
5749	1401.851	462	0.00596424
5750	1402.095	449	0.00579641
5751	1402.338	502	0.00648062
5752	1402.582	445	0.00574477
5753	1402.826	465	0.00600297
5754	1403.070	447	0.00577059
5755	1403.314	486	0.00627407
5756	1403.558	467	0.00602878
5757	1403.802	476	0.00614497
5758	1404.045	443	0.00571895
5759	1404.289	442	0.00570604
5760	1404.533	452	0.00583514
5761	1404.777	445	0.00574477
5762	1405.021	444	0.00573186
5763	1405.265	491	0.00633861
5764	1405.509	468	0.00604169
5765	1405.753	459	0.00592551
5766	1405.996	465	0.00600297
5767	1406.240	463	0.00597715
5768	1406.484	466	0.00601587
5769	1406.728	474	0.00611915
5770	1406.972	460	0.00593842
5771	1407.216	470	0.00606751
5772	1407.460	469	0.0060546
5773	1407.703	473	0.00610624
5774	1407.947	498	0.00642898
5775	1408.191	471	0.00608042
5776	1408.435	468	0.00604169
5777	1408.679	493	0.00636443
5778	1408.923	496	0.00640316
5779	1409.167	505	0.00651935
5780	1409.410	484	0.00624825
5781	1409.654	492	0.00635152
5782	1409.898	454	0.00586096
5783	1410.142	466	0.00601587
5784	1410.386	491	0.00633861
5785	1410.630	520	0.00671299
5786	1410.874	494	0.00637734
5787	1411.118	471	0.00608042
5788	1411.361	474	0.00611915
5789	1411.605	486	0.00627407
5790	1411.849	470	0.00606751
5791	1412.093	471	0.00608042
5792	1412.337	479	0.0061837
5793	1412.581	463	0.00597715
5794	1412.825	463	0.00597715
5795	1413.068	469	0.0060546
5796	1413.312	493	0.00636443
5797	1413.556	515	0.00664845
5798	1413.800	532	0.00686791
5799	1414.044	489	0.0063128
5800	1414.288	467	0.00602878
5801	1414.532	520	0.00671299
5802	1414.776	487	0.00628698
5803	1415.019	544	0.00702282
5804	1415.263	484	0.00624825
5805	1415.507	493	0.00636443
5806	1415.751	451	0.00582223
5807	1415.995	489	0.0063128
5808	1416.239	503	0.00649353
5809	1416.483	451	0.00582223
5810	1416.726	472	0.00609333
5811	1416.970	481	0.00620952
5812	1417.214	481	0.00620952
5813	1417.458	476	0.00614497
5814	1417.702	468	0.00604169
5815	1417.946	460	0.00593842
5816	1418.190	530	0.00684209
5817	1418.433	528	0.00681627
5818	1418.677	494	0.00637734
5819	1418.921	478	0.00617079
5820	1419.165	495	0.00639025
5821	1419.409	461	0.00595133
5822	1419.653	469	0.0060546
5823	1419.897	488	0.00629989
5824	1420.141	477	0.00615788
5825	1420.384	487	0.00628698
5826	1420.628	480	0.00619661
5827	1420.872	485	0.00626116
5828	1421.116	496	0.00640316
5829	1421.360	460	0.00593842
5830	1421.604	462	0.00596424
5831	1421.848	497	0.00641607
5832	1422.091	494	0.00637734
5833	1422.335	484	0.00624825
5834	1422.579	488	0.00629989
5835	1422.823	490	0.00632571
5836	1423.067	490	0.00632571
5837	1423.311	502	0.00648062
5838	1423.555	459	0.00592551
5839	1423.798	456	0.00588678
5840	1424.042	481	0.00620952
5841	1424.286	536	0.00691955
5842	1424.530	498	0.00642898
5843	1424.774	457	0.00589969
5844	1425.018	506	0.00653226
5845	1425.262	463	0.00597715
5846	1425.506	529	0.00682918
5847	1425.749	484	0.00624825
5848	1425.993	477	0.00615788
5849	1426.237	488	0.00629989
5850	1426.481	500	0.0064548
5851	1426.725	525	0.00677754
5852	1426.969	436	0.00562859
5853	1427.213	495	0.00639025
5854	1427.456	473	0.00610624
5855	1427.700	499	0.00644189
5856	1427.944	477	0.00615788
5857	1428.188	498	0.00642898
5858	1428.432	489	0.0063128
5859	1428.676	518	0.00668717
5860	1428.920	493	0.00636443
5861	1429.164	496	0.00640316
5862	1429.407	512	0.00660972
5863	1429.651	515	0.00664845
5864	1429.895	465	0.00600297
5865	1430.139	521	0.0067259
5866	1430.383	480	0.00619661
5867	1430.627	517	0.00667426
5868	1430.871	475	0.00613206
5869	1431.114	521	0.0067259
5870	1431.358	483	0.00623534
5871	1431.602	492	0.00635152
5872	1431.846	513	0.00662263
5873	1432.090	489	0.0063128
5874	1432.334	514	0.00663554
5875	1432.578	489	0.0063128
5876	1432.821	477	0.00615788
5877	1433.065	502	0.00648062
5878	1433.309	494	0.00637734
5879	1433.553	515	0.00664845
5880	1433.797	536	0.00691955
5881	1434.041	517	0.00667426
5882	1434.285	500	0.0064548
5883	1434.529	516	0.00666135
5884	1434.772	486	0.00627407
5885	1435.016	496	0.00640316
5886	1435.260	470	0.00606751
5887	1435.504	478	0.00617079
5888	1435.748	490	0.00632571
5889	1435.992	502	0.00648062
5890	1436.236	532	0.00686791
5891	1436.479	479	0.0061837
5892	1436.723	488	0.00629989
5893	1436.967	500	0.0064548
5894	1437.211	494	0.00637734
5895	1437.455	485	0.00626116
5896	1437.699	509	0.00657099
5897	1437.943	503	0.00649353
5898	1438.186	517	0.00667426
5899	1438.430	516	0.00666135
5900	1438.674	527	0.00680336
5901	1438.918	518	0.00668717
5902	1439.162	507	0.00654517
5903	1439.406	510	0.0065839
5904	1439.650	487	0.00628698
5905	1439.894	522	0.00673881
5906	1440.137	540	0.00697119
5907	1440.381	495	0.00639025
5908	1440.625	494	0.00637734
5909	1440.869	505	0.00651935
5910	1441.113	488	0.00629989
5911	1441.357	539	0.00695828
5912	1441.601	529	0.00682918
5913	1441.844	490	0.00632571
5914	1442.088	501	0.00646771
5915	1442.332	512	0.00660972
5916	1442.576	535	0.00690664
5917	1442.820	501	0.00646771
5918	1443.064	480	0.00619661
5919	1443.308	515	0.00664845
5920	1443.552	509	0.00657099
5921	1443.795	504	0.00650644
5922	1444.039	524	0.00676463
5923	1444.283	544	0.00702282
5924	1444.527	534	0.00689373
5925	1444.771	489	0.0063128
5926	1445.015	520	0.00671299
5927	1445.259	531	0.006855
5928	1445.502	540	0.00697119
5929	1445.746	533	0.00688082
5930	1445.990	476	0.00614497
5931	1446.234	523	0.00675172
5932	1446.478	500	0.0064548
5933	1446.722	484	0.00624825
5934	1446.966	543	0.00700991
5935	1447.209	487	0.00628698
5936	1447.453	532	0.00686791
5937	1447.697	545	0.00703573
5938	1447.941	540	0.00697119
5939	1448.185	508	0.00655808
5940	1448.429	526	0.00679045
5941	1448.673	500	0.0064548
5942	1448.917	522	0.00673881
5943	1449.160	524	0.00676463
5944	1449.404	504	0.00650644
5945	1449.648	499	0.00644189
5946	1449.892	523	0.00675172
5947	1450.136	490	0.00632571
5948	1450.380	505	0.00651935
5949	1450.624	515	0.00664845
5950	1450.867	511	0.00659681
5951	1451.111	528	0.00681627
5952	1451.355	543	0.00700991
5953	1451.599	527	0.00680336
5954	1451.843	513	0.00662263
5955	1452.087	524	0.00676463
5956	1452.331	540	0.00697119
5957	1452.575	512	0.00660972
5958	1452.818	519	0.00670008
5959	1453.062	512	0.00660972
5960	1453.306	532	0.00686791
5961	1453.550	541	0.00698409
5962	1453.794	500	0.0064548
5963	1454.038	487	0.00628698
5964	1454.282	579	0.00747466
5965	1454.525	534	0.00689373
5966	1454.769	521	0.0067259
5967	1455.013	505	0.00651935
5968	1455.257	560	0.00722938
5969	1455.501	537	0.00693246
5970	1455.745	553	0.00713901
5971	1455.989	510	0.0065839
5972	1456.232	498	0.00642898
5973	1456.476	534	0.00689373
5974	1456.720	519	0.00670008
5975	1456.964	546	0.00704864
5976	1457.208	576	0.00743593
5977	1457.452	514	0.00663554
5978	1457.696	549	0.00708737
5979	1457.940	569	0.00734556
5980	1458.183	546	0.00704864
5981	1458.427	538	0.00694537
5982	1458.671	532	0.00686791
5983	1458.915	491	0.00633861
5984	1459.159	505	0.00651935
5985	1459.403	500	0.0064548
5986	1459.647	550	0.00710028
5987	1459.890	557	0.00719065
5988	1460.134	553	0.00713901
5989	1460.378	589	0.00760376
5990	1460.622	612	0.00790068
5991	1460.866	520	0.00671299
5992	1461.110	522	0.00673881
5993	1461.354	545	0.00703573
5994	1461.597	564	0.00728102
5995	1461.841	522	0.00673881
5996	1462.085	534	0.00689373
5997	1462.329	544	0.00702282
5998	1462.573	565	0.00729393
5999	1462.817	521	0.0067259
6000	1463.061	537	0.00693246
6001	1463.305	533	0.00688082
6002	1463.548	527	0.00680336
6003	1463.792	542	0.006997
6004	1464.036	558	0.00720356
6005	1464.280	540	0.00697119
6006	1464.524	570	0.00735847
6007	1464.768	546	0.00704864
6008	1465.012	532	0.00686791
6009	1465.255	514	0.00663554
6010	1465.499	585	0.00755212
6011	1465.743	544	0.00702282
6012	1465.987	567	0.00731974
6013	1466.231	551	0.00711319
6014	1466.475	566	0.00730683
6015	1466.719	551	0.00711319
6016	1466.963	544	0.00702282
6017	1467.206	538	0.00694537
6018	1467.450	533	0.00688082
6019	1467.694	543	0.00700991
6020	1467.938	551	0.00711319
6021	1468.182	527	0.00680336
6022	1468.426	570	0.00735847
6023	1468.670	492	0.00635152
6024	1468.913	564	0.00728102
6025	1469.157	577	0.00744884
6026	1469.401	504	0.00650644
6027	1469.645	555	0.00716483
6028	1469.889	542	0.006997
6029	1470.133	594	0.0076683
6030	1470.377	540	0.00697119
6031	1470.620	579	0.00747466
6032	1470.864	578	0.00746175
6033	1471.108	537	0.00693246
6034	1471.352	538	0.00694537
6035	1471.596	553	0.00713901
6036	1471.840	522	0.00673881
6037	1472.084	530	0.00684209
6038	1472.328	597	0.00770703
6039	1472.571	512	0.00660972
6040	1472.815	571	0.00737138
6041	1473.059	585	0.00755212
6042	1473.303	538	0.00694537
6043	1473.547	527	0.00680336
6044	1473.791	569	0.00734556
6045	1474.035	545	0.00703573
6046	1474.278	546	0.00704864
6047	1474.522	568	0.00733265
6048	1474.766	543	0.00700991
6049	1475.010	536	0.00691955
6050	1475.254	506	0.00653226
6051	1475.498	594	0.0076683
6052	1475.742	575	0.00742302
6053	1475.985	530	0.00684209
6054	1476.229	526	0.00679045
6055	1476.473	528	0.00681627
6056	1476.717	529	0.00682918
6057	1476.961	545	0.00703573
6058	1477.205	636	0.00821051
6059	1477.449	574	0.00741011
6060	1477.693	574	0.00741011
6061	1477.936	529	0.00682918
6062	1478.180	595	0.00768121
6063	1478.424	537	0.00693246
6064	1478.668	607	0.00783613
6065	1478.912	562	0.0072552
6066	1479.156	563	0.00726811
6067	1479.400	586	0.00756503
6068	1479.643	556	0.00717774
6069	1479.887	542	0.006997
6070	1480.131	553	0.00713901
6071	1480.375	561	0.00724229
6072	1480.619	542	0.006997
6073	1480.863	583	0.0075263
6074	1481.107	547	0.00706155
6075	1481.351	572	0.00738429
6076	1481.594	568	0.00733265
6077	1481.838	521	0.0067259
6078	1482.082	519	0.00670008
6079	1482.326	574	0.00741011
6080	1482.570	548	0.00707446
6081	1482.814	563	0.00726811
6082	1483.058	569	0.00734556
6083	1483.301	550	0.00710028
6084	1483.545	608	0.00784904
6085	1483.789	552	0.0071261
6086	1484.033	561	0.00724229
6087	1484.277	565	0.00729393
6088	1484.521	542	0.006997
6089	1484.765	556	0.00717774
6090	1485.008	553	0.00713901
6091	1485.252	587	0.00757794
6092	1485.496	571	0.00737138
6093	1485.740	557	0.00719065
6094	1485.984	593	0.00765539
6095	1486.228	574	0.00741011
6096	1486.472	574	0.00741011
6097	1486.716	608	0.00784904
6098	1486.959	538	0.00694537
6099	1487.203	568	0.00733265
6100	1487.447	572	0.00738429
6101	1487.691	562	0.0072552
6102	1487.935	588	0.00759085
6103	1488.179	608	0.00784904
6104	1488.423	556	0.00717774
6105	1488.666	578	0.00746175
6106	1488.910	560	0.00722938
6107	1489.154	599	0.00773285
6108	1489.398	602	0.00777158
6109	1489.642	557	0.00719065
6110	1489.886	599	0.00773285
6111	1490.130	591	0.00762957
6112	1490.373	587	0.00757794
6113	1490.617	545	0.00703573
6114	1490.861	597	0.00770703
6115	1491.105	601	0.00775867
6116	1491.349	553	0.00713901
6117	1491.593	597	0.00770703
6118	1491.837	526	0.00679045
6119	1492.081	566	0.00730683
6120	1492.324	593	0.00765539
6121	1492.568	567	0.00731974
6122	1492.812	606	0.00782322
6123	1493.056	596	0.00769412
6124	1493.300	566	0.00730683
6125	1493.544	585	0.00755212
6126	1493.788	597	0.00770703
6127	1494.031	569	0.00734556
6128	1494.275	584	0.00753921
6129	1494.519	581	0.00750048
6130	1494.763	569	0.00734556
6131	1495.007	606	0.00782322
6132	1495.251	590	0.00761667
6133	1495.495	628	0.00810723
6134	1495.739	596	0.00769412
6135	1495.982	587	0.00757794
6136	1496.226	599	0.00773285
6137	1496.470	607	0.00783613
6138	1496.714	608	0.00784904
6139	1496.958	591	0.00762957
6140	1497.202	585	0.00755212
6141	1497.446	632	0.00815887
6142	1497.689	609	0.00786195
6143	1497.933	623	0.00804268
6144	1498.177	602	0.00777158
6145	1498.421	655	0.00845579
6146	1498.665	578	0.00746175
6147	1498.909	644	0.00831378
6148	1499.153	596	0.00769412
6149	1499.396	581	0.00750048
6150	1499.640	578	0.00746175
6151	1499.884	620	0.00800395
6152	1500.128	618	0.00797813
6153	1500.372	621	0.00801686
6154	1500.616	585	0.00755212
6155	1500.860	613	0.00791359
6156	1501.104	575	0.00742302
6157	1501.347	589	0.00760376
6158	1501.591	655	0.00845579
6159	1501.835	594	0.0076683
6160	1502.079	645	0.00832669
6161	1502.323	621	0.00801686
6162	1502.567	584	0.00753921
6163	1502.811	575	0.00742302
6164	1503.054	635	0.0081976
6165	1503.298	632	0.00815887
6166	1503.542	602	0.00777158
6167	1503.786	643	0.00830087
6168	1504.030	583	0.0075263
6169	1504.274	623	0.00804268
6170	1504.518	647	0.00835251
6171	1504.762	595	0.00768121
6172	1505.005	639	0.00824924
6173	1505.249	627	0.00809432
6174	1505.493	618	0.00797813
6175	1505.737	636	0.00821051
6176	1505.981	602	0.00777158
6177	1506.225	624	0.00805559
6178	1506.469	587	0.00757794
6179	1506.712	593	0.00765539
6180	1506.956	621	0.00801686
6181	1507.200	634	0.00818469
6182	1507.444	630	0.00813305
6183	1507.688	610	0.00787486
6184	1507.932	646	0.0083396
6185	1508.176	567	0.00731974
6186	1508.419	634	0.00818469
6187	1508.663	637	0.00822342
6188	1508.907	605	0.00781031
6189	1509.151	575	0.00742302
6190	1509.395	656	0.0084687
6191	1509.639	678	0.00875271
6192	1509.883	668	0.00862361
6193	1510.127	616	0.00795232
6194	1510.370	620	0.00800395
6195	1510.614	625	0.0080685
6196	1510.858	603	0.00778449
6197	1511.102	625	0.0080685
6198	1511.346	633	0.00817178
6199	1511.590	643	0.00830087
6200	1511.834	634	0.00818469
6201	1512.077	617	0.00796522
6202	1512.321	660	0.00852034
6203	1512.565	627	0.00809432
6204	1512.809	616	0.00795232
6205	1513.053	653	0.00842997
6206	1513.297	630	0.00813305
6207	1513.541	657	0.00848161
6208	1513.784	655	0.00845579
6209	1514.028	687	0.0088689
6210	1514.272	636	0.00821051
6211	1514.516	612	0.00790068
6212	1514.760	647	0.00835251
6213	1515.004	670	0.00864943
6214	1515.248	624	0.00805559
6215	1515.492	649	0.00837833
6216	1515.735	594	0.0076683
6217	1515.979	632	0.00815887
6218	1516.223	634	0.00818469
6219	1516.467	665	0.00858489
6220	1516.711	638	0.00823633
6221	1516.955	625	0.0080685
6222	1517.199	637	0.00822342
6223	1517.442	643	0.00830087
6224	1517.686	607	0.00783613
6225	1517.930	678	0.00875271
6226	1518.174	581	0.00750048
6227	1518.418	663	0.00855907
6228	1518.662	670	0.00864943
6229	1518.906	634	0.00818469
6230	1519.150	653	0.00842997
6231	1519.393	664	0.00857198
6232	1519.637	656	0.0084687
6233	1519.881	690	0.00890763
6234	1520.125	604	0.0077974
6235	1520.369	640	0.00826215
6236	1520.613	684	0.00883017
6237	1520.857	637	0.00822342
6238	1521.100	653	0.00842997
6239	1521.344	657	0.00848161
6240	1521.588	645	0.00832669
6241	1521.832	661	0.00853325
6242	1522.076	679	0.00876562
6243	1522.320	661	0.00853325
6244	1522.564	637	0.00822342
6245	1522.807	680	0.00877853
6246	1523.051	688	0.00888181
6247	1523.295	632	0.00815887
6248	1523.539	653	0.00842997
6249	1523.783	662	0.00854616
6250	1524.027	641	0.00827506
6251	1524.271	684	0.00883017
6252	1524.515	710	0.00916582
6253	1524.758	645	0.00832669
6254	1525.002	653	0.00842997
6255	1525.246	677	0.0087398
6256	1525.490	697	0.00899799
6257	1525.734	701	0.00904963
6258	1525.978	652	0.00841706
6259	1526.222	649	0.00837833
6260	1526.465	671	0.00866234
6261	1526.709	686	0.00885599
6262	1526.953	687	0.0088689
6263	1527.197	687	0.0088689
6264	1527.441	650	0.00839124
6265	1527.685	645	0.00832669
6266	1527.929	679	0.00876562
6267	1528.172	614	0.0079265
6268	1528.416	688	0.00888181
6269	1528.660	660	0.00852034
6270	1528.904	653	0.00842997
6271	1529.148	718	0.00926909
6272	1529.392	675	0.00871398
6273	1529.636	662	0.00854616
6274	1529.880	708	0.00914
6275	1530.123	668	0.00862361
6276	1530.367	685	0.00884308
6277	1530.611	653	0.00842997
6278	1530.855	669	0.00863652
6279	1531.099	725	0.00935946
6280	1531.343	672	0.00867525
6281	1531.587	706	0.00911418
6282	1531.830	707	0.00912709
6283	1532.074	717	0.00925618
6284	1532.318	658	0.00849452
6285	1532.562	704	0.00908836
6286	1532.806	711	0.00917873
6287	1533.050	664	0.00857198
6288	1533.294	662	0.00854616
6289	1533.538	671	0.00866234
6290	1533.781	679	0.00876562
6291	1534.025	697	0.00899799
6292	1534.269	666	0.0085978
6293	1534.513	767	0.00990166
6294	1534.757	673	0.00868816
6295	1535.001	686	0.00885599
6296	1535.245	644	0.00831378
6297	1535.488	711	0.00917873
6298	1535.732	679	0.00876562
6299	1535.976	708	0.00914
6300	1536.220	679	0.00876562
6301	1536.464	718	0.00926909
6302	1536.708	723	0.00933364
6303	1536.952	716	0.00924328
6304	1537.195	693	0.00894635
6305	1537.439	719	0.009282
6306	1537.683	694	0.00895926
6307	1537.927	684	0.00883017
6308	1538.171	728	0.00939819
6309	1538.415	704	0.00908836
6310	1538.659	710	0.00916582
6311	1538.903	715	0.00923037
6312	1539.146	714	0.00921746
6313	1539.390	759	0.00979839
6314	1539.634	703	0.00907545
6315	1539.878	701	0.00904963
6316	1540.122	718	0.00926909
6317	1540.366	723	0.00933364
6318	1540.610	717	0.00925618
6319	1540.853	693	0.00894635
6320	1541.097	708	0.00914
6321	1541.341	738	0.00952729
6322	1541.585	703	0.00907545
6323	1541.829	697	0.00899799
6324	1542.073	661	0.00853325
6325	1542.317	716	0.00924328
6326	1542.560	720	0.00929491
6327	1542.804	757	0.00977257
6328	1543.048	729	0.0094111
6329	1543.292	672	0.00867525
6330	1543.536	749	0.00966929
6331	1543.780	702	0.00906254
6332	1544.024	690	0.00890763
6333	1544.268	728	0.00939819
6334	1544.511	765	0.00987585
6335	1544.755	707	0.00912709
6336	1544.999	698	0.0090109
6337	1545.243	773	0.00997912
6338	1545.487	740	0.00955311
6339	1545.731	736	0.00950147
6340	1545.975	737	0.00951438
6341	1546.218	738	0.00952729
6342	1546.462	738	0.00952729
6343	1546.706	743	0.00959183
6344	1546.950	786	0.0101469
6345	1547.194	767	0.00990166
6346	1547.438	747	0.00964347
6347	1547.682	740	0.00955311
6348	1547.926	717	0.00925618
6349	1548.169	699	0.00902381
6350	1548.413	747	0.00964347
6351	1548.657	690	0.00890763
6352	1548.901	760	0.0098113
6353	1549.145	700	0.00903672
6354	1549.389	713	0.00920455
6355	1549.633	704	0.00908836
6356	1549.876	675	0.00871398
6357	1550.120	713	0.00920455
6358	1550.364	760	0.0098113
6359	1550.608	752	0.00970802
6360	1550.852	728	0.00939819
6361	1551.096	753	0.00972093
6362	1551.340	718	0.00926909
6363	1551.583	764	0.00986294
6364	1551.827	754	0.00973384
6365	1552.071	787	0.0101599
6366	1552.315	713	0.00920455
6367	1552.559	755	0.00974675
6368	1552.803	676	0.00872689
6369	1553.047	751	0.00969511
6370	1553.291	740	0.00955311
6371	1553.534	689	0.00889472
6372	1553.778	792	0.0102244
6373	1554.022	777	0.0100308
6374	1554.266	791	0.0102115
6375	1554.510	787	0.0101599
6376	1554.754	739	0.0095402
6377	1554.998	733	0.00946274
6378	1555.241	748	0.00965638
6379	1555.485	718	0.00926909
6380	1555.729	723	0.00933364
6381	1555.973	789	0.0101857
6382	1556.217	769	0.00992748
6383	1556.461	734	0.00947565
6384	1556.705	765	0.00987585
6385	1556.949	778	0.0100437
6386	1557.192	731	0.00943692
6387	1557.436	778	0.0100437
6388	1557.680	761	0.00982421
6389	1557.924	795	0.0102631
6390	1558.168	722	0.00932073
6391	1558.412	734	0.00947565
6392	1558.656	781	0.0100824
6393	1558.899	712	0.00919164
6394	1559.143	767	0.00990166
6395	1559.387	777	0.0100308
6396	1559.631	763	0.00985003
6397	1559.875	749	0.00966929
6398	1560.119	767	0.00990166
6399	1560.363	771	0.0099533
6400	1560.606	783	0.0101082
6401	1560.850	772	0.00996621
6402	1561.094	749	0.00966929
6403	1561.338	805	0.0103922
6404	1561.582	742	0.00957892
6405	1561.826	781	0.0100824
6406	1562.070	802	0.0103535
6407	1562.314	789	0.0101857
6408	1562.557	779	0.0100566
6409	1562.801	762	0.00983712
6410	1563.045	820	0.0105859
6411	1563.289	786	0.0101469
6412	1563.533	764	0.00986294
6413	1563.777	759	0.00979839
6414	1564.021	772	0.00996621
6415	1564.264	776	0.0100179
6416	1564.508	789	0.0101857
6417	1564.752	774	0.00999203
6418	1564.996	818	0.0105601
6419	1565.240	793	0.0102373
6420	1565.484	778	0.0100437
6421	1565.728	776	0.0100179
6422	1565.971	797	0.010289
6423	1566.215	796	0.010276
6424	1566.459	772	0.00996621
6425	1566.703	757	0.00977257
6426	1566.947	819	0.010573
6427	1567.191	786	0.0101469
6428	1567.435	833	0.0107537
6429	1567.679	806	0.0104051
6430	1567.922	777	0.0100308
6431	1568.166	804	0.0103793
6432	1568.410	843	0.0108828
6433	1568.654	857	0.0110635
6434	1568.898	838	0.0108182
6435	1569.142	835	0.0107795
6436	1569.386	760	0.0098113
6437	1569.629	808	0.010431
6438	1569.873	821	0.0105988
6439	1570.117	783	0.0101082
6440	1570.361	777	0.0100308
6441	1570.605	808	0.010431
6442	1570.849	833	0.0107537
6443	1571.093	793	0.0102373
6444	1571.337	792	0.0102244
6445	1571.580	733	0.00946274
6446	1571.824	790	0.0101986
6447	1572.068	812	0.0104826
6448	1572.312	830	0.010715
6449	1572.556	798	0.0103019
6450	1572.800	825	0.0106504
6451	1573.044	863	0.011141
6452	1573.287	823	0.0106246
6453	1573.531	825	0.0106504
6454	1573.775	849	0.0109603
6455	1574.019	797	0.010289
6456	1574.263	783	0.0101082
6457	1574.507	812	0.0104826
6458	1574.751	850	0.0109732
6459	1574.994	810	0.0104568
6460	1575.238	820	0.0105859
6461	1575.482	791	0.0102115
6462	1575.726	776	0.0100179
6463	1575.970	829	0.0107021
6464	1576.214	838	0.0108182
6465	1576.458	843	0.0108828
6466	1576.702	834	0.0107666
6467	1576.945	787	0.0101599
6468	1577.189	842	0.0108699
6469	1577.433	825	0.0106504
6470	1577.677	815	0.0105213
6471	1577.921	827	0.0106762
6472	1578.165	774	0.00999203
6473	1578.409	832	0.0107408
6474	1578.652	810	0.0104568
6475	1578.896	846	0.0109215
6476	1579.140	829	0.0107021
6477	1579.384	841	0.010857
6478	1579.628	826	0.0106633
6479	1579.872	773	0.00997912
6480	1580.116	853	0.0110119
6481	1580.359	818	0.0105601
6482	1580.603	828	0.0106892
6483	1580.847	828	0.0106892
6484	1581.091	835	0.0107795
6485	1581.335	809	0.0104439
6486	1581.579	822	0.0106117
6487	1581.823	819	0.010573
6488	1582.067	859	0.0110893
6489	1582.310	830	0.010715
6490	1582.554	846	0.0109215
6491	1582.798	843	0.0108828
6492	1583.042	850	0.0109732
6493	1583.286	822	0.0106117
6494	1583.530	824	0.0106375
6495	1583.774	838	0.0108182
6496	1584.017	800	0.0103277
6497	1584.261	852	0.010999
6498	1584.505	826	0.0106633
6499	1584.749	805	0.0103922
6500	1584.993	807	0.010418
6501	1585.237	877	0.0113217
6502	1585.481	908	0.0117219
6503	1585.725	821	0.0105988
6504	1585.968	875	0.0112959
6505	1586.212	881	0.0113734
6506	1586.456	852	0.010999
6507	1586.700	826	0.0106633
6508	1586.944	872	0.0112572
6509	1587.188	844	0.0108957
6510	1587.432	917	0.0118381
6511	1587.675	840	0.0108441
6512	1587.919	871	0.0112443
6513	1588.163	841	0.010857
6514	1588.407	843	0.0108828
6515	1588.651	882	0.0113863
6516	1588.895	865	0.0111668
6517	1589.139	884	0.0114121
6518	1589.382	829	0.0107021
6519	1589.626	846	0.0109215
6520	1589.870	845	0.0109086
6521	1590.114	876	0.0113088
6522	1590.358	885	0.011425
6523	1590.602	892	0.0115154
6524	1590.846	848	0.0109473
6525	1591.090	888	0.0114637
6526	1591.333	817	0.0105471
6527	1591.577	837	0.0108053
6528	1591.821	836	0.0107924
6529	1592.065	876	0.0113088
6530	1592.309	842	0.0108699
6531	1592.553	925	0.0119414
6532	1592.797	860	0.0111023
6533	1593.040	808	0.010431
6534	1593.284	839	0.0108312
6535	1593.528	847	0.0109344
6536	1593.772	829	0.0107021
6537	1594.016	847	0.0109344
6538	1594.260	864	0.0111539
6539	1594.504	868	0.0112055
6540	1594.748	901	0.0116316
6541	1594.991	877	0.0113217
6542	1595.235	880	0.0113605
6543	1595.479	891	0.0115025
6544	1595.723	920	0.0118768
6545	1595.967	900	0.0116186
6546	1596.211	863	0.011141
6547	1596.455	896	0.011567
6548	1596.698	881	0.0113734
6549	1596.942	911	0.0117606
6550	1597.186	877	0.0113217
6551	1597.430	848	0.0109473
6552	1597.674	896	0.011567
6553	1597.918	881	0.0113734
6554	1598.162	882	0.0113863
6555	1598.405	894	0.0115412
6556	1598.649	888	0.0114637
6557	1598.893	895	0.0115541
6558	1599.137	846	0.0109215
6559	1599.381	855	0.0110377
6560	1599.625	898	0.0115928
6561	1599.869	849	0.0109603
6562	1600.113	911	0.0117606
6563	1600.356	874	0.011283
6564	1600.600	855	0.0110377
6565	1600.844	877	0.0113217
6566	1601.088	930	0.0120059
6567	1601.332	875	0.0112959
6568	1601.576	845	0.0109086
6569	1601.820	912	0.0117736
6570	1602.063	864	0.0111539
6571	1602.307	881	0.0113734
6572	1602.551	837	0.0108053
6573	1602.795	871	0.0112443
6574	1603.039	863	0.011141
6575	1603.283	867	0.0111926
6576	1603.527	883	0.0113992
6577	1603.770	893	0.0115283
6578	1604.014	851	0.0109861
6579	1604.258	863	0.011141
6580	1604.502	879	0.0113475
6581	1604.746	894	0.0115412
6582	1604.990	813	0.0104955
6583	1605.234	916	0.0118252
6584	1605.478	871	0.0112443
6585	1605.721	850	0.0109732
6586	1605.965	860	0.0111023
6587	1606.209	837	0.0108053
6588	1606.453	824	0.0106375
6589	1606.697	841	0.010857
6590	1606.941	843	0.0108828
6591	1607.185	851	0.0109861
6592	1607.428	793	0.0102373
6593	1607.672	812	0.0104826
6594	1607.916	865	0.0111668
6595	1608.160	840	0.0108441
6596	1608.404	868	0.0112055
6597	1608.648	883	0.0113992
6598	1608.892	835	0.0107795
6599	1609.136	806	0.0104051
6600	1609.379	804	0.0103793
6601	1609.623	825	0.0106504
6602	1609.867	808	0.010431
6603	1610.111	797	0.010289
6604	1610.355	813	0.0104955
6605	1610.599	806	0.0104051
6606	1610.843	840	0.0108441
6607	1611.086	800	0.0103277
6608	1611.330	709	0.00915291
6609	1611.574	775	0.0100049
6610	1611.818	760	0.0098113
6611	1612.062	726	0.00937237
6612	1612.306	755	0.00974675
6613	1612.550	776	0.0100179
6614	1612.793	731	0.00943692
6615	1613.037	737	0.00951438
6616	1613.281	689	0.00889472
6617	1613.525	692	0.00893344
6618	1613.769	699	0.00902381
6619	1614.013	674	0.00870107
6620	1614.257	662	0.00854616
6621	1614.501	678	0.00875271
6622	1614.744	644	0.00831378
6623	1614.988	603	0.00778449
6624	1615.232	582	0.00751339
6625	1615.476	663	0.00855907
6626	1615.720	649	0.00837833
6627	1615.964	619	0.00799104
6628	1616.208	591	0.00762957
6629	1616.451	584	0.00753921
6630	1616.695	578	0.00746175
6631	1616.939	584	0.00753921
6632	1617.183	600	0.00774576
6633	1617.427	599	0.00773285
6634	1617.671	574	0.00741011
6635	1617.915	559	0.00721647
6636	1618.158	573	0.0073972
6637	1618.402	557	0.00719065
6638	1618.646	581	0.00750048
6639	1618.890	588	0.00759085
6640	1619.134	582	0.00751339
6641	1619.378	588	0.00759085
6642	1619.622	534	0.00689373
6643	1619.866	536	0.00691955
6644	1620.109	544	0.00702282
6645	1620.353	534	0.00689373
6646	1620.597	538	0.00694537
6647	1620.841	540	0.00697119
6648	1621.085	514	0.00663554
6649	1621.329	530	0.00684209
6650	1621.573	543	0.00700991
6651	1621.816	574	0.00741011
6652	1622.060	554	0.00715192
6653	1622.304	552	0.0071261
6654	1622.548	508	0.00655808
6655	1622.792	504	0.00650644
6656	1623.036	496	0.00640316
6657	1623.280	550	0.00710028
6658	1623.524	536	0.00691955
6659	1623.767	511	0.00659681
6660	1624.011	490	0.00632571
6661	1624.255	510	0.0065839
6662	1624.499	509	0.00657099
6663	1624.743	545	0.00703573
6664	1624.987	526	0.00679045
6665	1625.231	495	0.00639025
6666	1625.474	562	0.0072552
6667	1625.718	528	0.00681627
6668	1625.962	449	0.00579641
6669	1626.206	511	0.00659681
6670	1626.450	527	0.00680336
6671	1626.694	502	0.00648062
6672	1626.938	472	0.00609333
6673	1627.181	497	0.00641607
6674	1627.425	496	0.00640316
6675	1627.669	493	0.00636443
6676	1627.913	480	0.00619661
6677	1628.157	521	0.0067259
6678	1628.401	513	0.00662263
6679	1628.645	506	0.00653226
6680	1628.889	501	0.00646771
6681	1629.132	484	0.00624825
6682	1629.376	506	0.00653226
6683	1629.620	512	0.00660972
6684	1629.864	504	0.00650644
6685	1630.108	519	0.00670008
6686	1630.352	504	0.00650644
6687	1630.596	495	0.00639025
6688	1630.839	517	0.00667426
6689	1631.083	536	0.00691955
6690	1631.327	487	0.00628698
6691	1631.571	494	0.00637734
6692	1631.815	534	0.00689373
6693	1632.059	495	0.00639025
6694	1632.303	474	0.00611915
6695	1632.546	472	0.00609333
6696	1632.790	514	0.00663554
6697	1633.034	504	0.00650644
6698	1633.278	499	0.00644189
6699	1633.522	487	0.00628698
6700	1633.766	467	0.00602878
6701	1634.010	509	0.00657099
6702	1634.254	483	0.00623534
6703	1634.497	515	0.00664845
6704	1634.741	477	0.00615788
6705	1634.985	467	0.00602878
6706	1635.229	505	0.00651935
6707	1635.473	489	0.0063128
6708	1635.717	518	0.00668717
6709	1635.961	444	0.00573186
6710	1636.204	456	0.00588678
6711	1636.448	500	0.0064548
6712	1636.692	475	0.00613206
6713	1636.936	459	0.00592551
6714	1637.180	486	0.00627407
6715	1637.424	474	0.00611915
6716	1637.668	477	0.00615788
6717	1637.912	477	0.00615788
6718	1638.155	485	0.00626116
6719	1638.399	495	0.00639025
6720	1638.643	496	0.00640316
6721	1638.887	475	0.00613206
6722	1639.131	484	0.00624825
6723	1639.375	506	0.00653226
6724	1639.619	493	0.00636443
6725	1639.862	459	0.00592551
6726	1640.106	467	0.00602878
6727	1640.350	466	0.00601587
6728	1640.594	499	0.00644189
6729	1640.838	459	0.00592551
6730	1641.082	486	0.00627407
6731	1641.326	435	0.00561568
6732	1641.569	444	0.00573186
6733	1641.813	435	0.00561568
6734	1642.057	437	0.0056415
6735	1642.301	448	0.0057835
6736	1642.545	432	0.00557695
6737	1642.789	474	0.00611915
6738	1643.033	406	0.0052413
6739	1643.277	481	0.00620952
6740	1643.520	485	0.00626116
6741	1643.764	479	0.0061837
6742	1644.008	455	0.00587387
6743	1644.252	423	0.00546076
6744	1644.496	417	0.0053833
6745	1644.740	437	0.0056415
6746	1644.984	432	0.00557695
6747	1645.227	448	0.0057835
6748	1645.471	455	0.00587387
6749	1645.715	446	0.00575768
6750	1645.959	389	0.00502184
6751	1646.203	441	0.00569313
6752	1646.447	450	0.00580932
6753	1646.691	457	0.00589969
6754	1646.935	436	0.00562859
6755	1647.178	447	0.00577059
6756	1647.422	439	0.00566732
6757	1647.666	439	0.00566732
6758	1647.910	392	0.00506056
6759	1648.154	475	0.00613206
6760	1648.398	477	0.00615788
6761	1648.642	433	0.00558986
6762	1648.885	420	0.00542203
6763	1649.129	428	0.00552531
6764	1649.373	465	0.00600297
6765	1649.617	411	0.00530585
6766	1649.861	427	0.0055124
6767	1650.105	464	0.00599006
6768	1650.349	458	0.0059126
6769	1650.592	435	0.00561568
6770	1650.836	409	0.00528003
6771	1651.080	434	0.00560277
6772	1651.324	451	0.00582223
6773	1651.568	436	0.00562859
6774	1651.812	409	0.00528003
6775	1652.056	436	0.00562859
6776	1652.300	445	0.00574477
6777	1652.543	468	0.00604169
6778	1652.787	400	0.00516384
6779	1653.031	426	0.00549949
6780	1653.275	440	0.00568023
6781	1653.519	441	0.00569313
6782	1653.763	470	0.00606751
6783	1654.007	405	0.00522839
6784	1654.250	431	0.00556404
6785	1654.494	438	0.00565441
6786	1654.738	428	0.00552531
6787	1654.982	441	0.00569313
6788	1655.226	449	0.00579641
6789	1655.470	404	0.00521548
6790	1655.714	423	0.00546076
6791	1655.957	455	0.00587387
6792	1656.201	439	0.00566732
6793	1656.445	430	0.00555113
6794	1656.689	437	0.0056415
6795	1656.933	395	0.00509929
6796	1657.177	423	0.00546076
6797	1657.421	389	0.00502184
6798	1657.665	369	0.00476364
6799	1657.908	436	0.00562859
6800	1658.152	437	0.0056415
6801	1658.396	415	0.00535748
6802	1658.640	434	0.00560277
6803	1658.884	402	0.00518966
6804	1659.128	403	0.00520257
6805	1659.372	414	0.00534458
6806	1659.615	408	0.00526712
6807	1659.859	424	0.00547367
6808	1660.103	397	0.00512511
6809	1660.347	424	0.00547367
6810	1660.591	428	0.00552531
6811	1660.835	382	0.00493147
6812	1661.079	393	0.00507347
6813	1661.323	374	0.00482819
6814	1661.566	426	0.00549949
6815	1661.810	387	0.00499602
6816	1662.054	384	0.00495729
6817	1662.298	391	0.00504765
6818	1662.542	419	0.00540912
6819	1662.786	374	0.00482819
6820	1663.030	382	0.00493147
6821	1663.273	408	0.00526712
6822	1663.517	397	0.00512511
6823	1663.761	407	0.00525421
6824	1664.005	419	0.00540912
6825	1664.249	437	0.0056415
6826	1664.493	411	0.00530585
6827	1664.737	367	0.00473782
6828	1664.980	398	0.00513802
6829	1665.224	401	0.00517675
6830	1665.468	352	0.00454418
6831	1665.712	351	0.00453127
6832	1665.956	383	0.00494438
6833	1666.200	375	0.0048411
6834	1666.444	375	0.0048411
6835	1666.688	418	0.00539621
6836	1666.931	389	0.00502184
6837	1667.175	388	0.00500893
6838	1667.419	399	0.00515093
6839	1667.663	418	0.00539621
6840	1667.907	366	0.00472491
6841	1668.151	376	0.00485401
6842	1668.395	389	0.00502184
6843	1668.638	396	0.0051122
6844	1668.882	385	0.0049702
6845	1669.126	394	0.00508638
6846	1669.370	357	0.00460873
6847	1669.614	395	0.00509929
6848	1669.858	370	0.00477655
6849	1670.102	385	0.0049702
6850	1670.345	354	0.00457
6851	1670.589	380	0.00490565
6852	1670.833	347	0.00447963
6853	1671.077	390	0.00503474
6854	1671.321	379	0.00489274
6855	1671.565	380	0.00490565
6856	1671.809	372	0.00480237
6857	1672.053	363	0.00468619
6858	1672.296	362	0.00467328
6859	1672.540	375	0.0048411
6860	1672.784	377	0.00486692
6861	1673.028	356	0.00459582
6862	1673.272	382	0.00493147
6863	1673.516	382	0.00493147
6864	1673.760	348	0.00449254
6865	1674.003	351	0.00453127
6866	1674.247	363	0.00468619
6867	1674.491	392	0.00506056
6868	1674.735	373	0.00481528
6869	1674.979	351	0.00453127
6870	1675.223	359	0.00463455
6871	1675.467	344	0.0044409
6872	1675.711	356	0.00459582
6873	1675.954	363	0.00468619
6874	1676.198	352	0.00454418
6875	1676.442	358	0.00462164
6876	1676.686	367	0.00473782
6877	1676.930	328	0.00423435
6878	1677.174	376	0.00485401
6879	1677.418	339	0.00437636
6880	1677.661	340	0.00438926
6881	1677.905	355	0.00458291
6882	1678.149	343	0.00442799
6883	1678.393	365	0.004712
6884	1678.637	314	0.00405362
6885	1678.881	303	0.00391161
6886	1679.125	340	0.00438926
6887	1679.368	367	0.00473782
6888	1679.612	337	0.00435054
6889	1679.856	345	0.00445381
6890	1680.100	336	0.00433763
6891	1680.344	326	0.00420853
6892	1680.588	346	0.00446672
6893	1680.832	331	0.00427308
6894	1681.076	318	0.00410525
6895	1681.319	329	0.00424726
6896	1681.563	354	0.00457
6897	1681.807	305	0.00393743
6898	1682.051	347	0.00447963
6899	1682.295	326	0.00420853
6900	1682.539	320	0.00413107
6901	1682.783	351	0.00453127
6902	1683.026	285	0.00367924
6903	1683.270	319	0.00411816
6904	1683.514	329	0.00424726
6905	1683.758	327	0.00422144
6906	1684.002	290	0.00374378
6907	1684.246	329	0.00424726
6908	1684.490	319	0.00411816
6909	1684.733	301	0.00388579
6910	1684.977	319	0.00411816
6911	1685.221	292	0.0037696
6912	1685.465	258	0.00333068
6913	1685.709	290	0.00374378
6914	1685.953	306	0.00395034
6915	1686.197	296	0.00382124
6916	1686.441	338	0.00436345
6917	1686.684	296	0.00382124
6918	1686.928	318	0.00410525
6919	1687.172	304	0.00392452
6920	1687.416	305	0.00393743
6921	1687.660	310	0.00400198
6922	1687.904	296	0.00382124
6923	1688.148	281	0.0036276
6924	1688.391	307	0.00396325
6925	1688.635	306	0.00395034
6926	1688.879	332	0.00428599
6927	1689.123	296	0.00382124
6928	1689.367	319	0.00411816
6929	1689.611	287	0.00370506
6930	1689.855	308	0.00397616
6931	1690.099	297	0.00383415
6932	1690.342	312	0.0040278
6933	1690.586	308	0.00397616
6934	1690.830	313	0.00404071
6935	1691.074	306	0.00395034
6936	1691.318	271	0.0034985
6937	1691.562	296	0.00382124
6938	1691.806	295	0.00380833
6939	1692.049	285	0.00367924
6940	1692.293	306	0.00395034
6941	1692.537	262	0.00338232
6942	1692.781	293	0.00378251
6943	1693.025	306	0.00395034
6944	1693.269	324	0.00418271
6945	1693.513	283	0.00365342
6946	1693.756	295	0.00380833
6947	1694.000	323	0.0041698
6948	1694.244	289	0.00373088
6949	1694.488	239	0.00308539
6950	1694.732	258	0.00333068
6951	1694.976	285	0.00367924
6952	1695.220	267	0.00344686
6953	1695.464	251	0.00324031
6954	1695.707	279	0.00360178
6955	1695.951	249	0.00321449
6956	1696.195	239	0.00308539
6957	1696.439	275	0.00355014
6958	1696.683	272	0.00351141
6959	1696.927	253	0.00326613
6960	1697.171	275	0.00355014
6961	1697.414	247	0.00318867
6962	1697.658	222	0.00286593
6963	1697.902	260	0.0033565
6964	1698.146	272	0.00351141
6965	1698.390	241	0.00311121
6966	1698.634	268	0.00345977
6967	1698.878	247	0.00318867
6968	1699.122	228	0.00294339
6969	1699.365	250	0.0032274
6970	1699.609	246	0.00317576
6971	1699.853	241	0.00311121
6972	1700.097	277	0.00357596
6973	1700.341	281	0.0036276
6974	1700.585	247	0.00318867
6975	1700.829	251	0.00324031
6976	1701.072	264	0.00340814
6977	1701.316	269	0.00347268
6978	1701.560	266	0.00343395
6979	1701.804	220	0.00284011
6980	1702.048	218	0.00281429
6981	1702.292	230	0.00296921
6982	1702.536	250	0.0032274
6983	1702.779	228	0.00294339
6984	1703.023	237	0.00305958
6985	1703.267	257	0.00331777
6986	1703.511	235	0.00303376
6987	1703.755	216	0.00278847
6988	1703.999	225	0.00290466
6989	1704.243	221	0.00285302
6990	1704.487	230	0.00296921
6991	1704.730	248	0.00320158
6992	1704.974	223	0.00287884
6993	1705.218	249	0.00321449
6994	1705.462	234	0.00302085
6995	1705.706	208	0.0026852
6996	1705.950	243	0.00313703
6997	1706.194	224	0.00289175
6998	1706.437	212	0.00273684
6999	1706.681	229	0.0029563
7000	1706.925	225	0.00290466
7001	1707.169	197	0.00254319
7002	1707.413	167	0.0021559
7003	1707.657	198	0.0025561
7004	1707.901	221	0.00285302
7005	1708.144	184	0.00237537
7006	1708.388	206	0.00265938
7007	1708.632	220	0.00284011
7008	1708.876	234	0.00302085
7009	1709.120	198	0.0025561
7010	1709.364	214	0.00276265
7011	1709.608	201	0.00259483
7012	1709.852	200	0.00258192
7013	1710.095	157	0.00202681
7014	1710.339	170	0.00219463
7015	1710.583	172	0.00222045
7016	1710.827	184	0.00237537
7017	1711.071	214	0.00276265
7018	1711.315	207	0.00267229
7019	1711.559	211	0.00272393
7020	1711.802	212	0.00273684
7021	1712.046	217	0.00280138
7022	1712.290	223	0.00287884
7023	1712.534	203	0.00262065
7024	1712.778	188	0.00242701
7025	1713.022	201	0.00259483
7026	1713.266	185	0.00238828
7027	1713.510	211	0.00272393
7028	1713.753	189	0.00243991
7029	1713.997	188	0.00242701
7030	1714.241	205	0.00264647
7031	1714.485	178	0.00229791
7032	1714.729	175	0.00225918
7033	1714.973	180	0.00232373
7034	1715.217	157	0.00202681
7035	1715.460	180	0.00232373
7036	1715.704	163	0.00210427
7037	1715.948	174	0.00224627
7038	1716.192	165	0.00213008
7039	1716.436	160	0.00206554
7040	1716.680	163	0.00210427
7041	1716.924	181	0.00233664
7042	1717.167	169	0.00218172
7043	1717.411	161	0.00207845
7044	1717.655	158	0.00203972
7045	1717.899	156	0.0020139
7046	1718.143	157	0.00202681
7047	1718.387	142	0.00183316
7048	1718.631	158	0.00203972
7049	1718.875	178	0.00229791
7050	1719.118	143	0.00184607
7051	1719.362	131	0.00169116
7052	1719.606	160	0.00206554
7053	1719.850	163	0.00210427
7054	1720.094	154	0.00198808
7055	1720.338	134	0.00172989
7056	1720.582	146	0.0018848
7057	1720.825	156	0.0020139
7058	1721.069	150	0.00193644
7059	1721.313	153	0.00197517
7060	1721.557	130	0.00167825
7061	1721.801	152	0.00196226
7062	1722.045	150	0.00193644
7063	1722.289	128	0.00165243
7064	1722.532	135	0.0017428
7065	1722.776	142	0.00183316
7066	1723.020	156	0.0020139
7067	1723.264	147	0.00189771
7068	1723.508	150	0.00193644
7069	1723.752	157	0.00202681
7070	1723.996	139	0.00179443
7071	1724.240	126	0.00162661
7072	1724.483	144	0.00185898
7073	1724.727	119	0.00153624
7074	1724.971	142	0.00183316
7075	1725.215	134	0.00172989
7076	1725.459	115	0.0014846
7077	1725.703	142	0.00183316
7078	1725.947	130	0.00167825
7079	1726.190	128	0.00165243
7080	1726.434	116	0.00149751
7081	1726.678	139	0.00179443
7082	1726.922	130	0.00167825
7083	1727.166	146	0.0018848
7084	1727.410	117	0.00151042
7085	1727.654	116	0.00149751
7086	1727.898	124	0.00160079
7087	1728.141	125	0.0016137
7088	1728.385	124	0.00160079
7089	1728.629	117	0.00151042
7090	1728.873	124	0.00160079
7091	1729.117	126	0.00162661
7092	1729.361	109	0.00140715
7093	1729.605	134	0.00172989
7094	1729.848	111	0.00143297
7095	1730.092	126	0.00162661
7096	1730.336	116	0.00149751
7097	1730.580	131	0.00169116
7098	1730.824	106	0.00136842
7099	1731.068	123	0.00158788
7100	1731.312	122	0.00157497
7101	1731.555	93	0.00120059
7102	1731.799	123	0.00158788
7103	1732.043	85	0.00109732
7104	1732.287	111	0.00143297
7105	1732.531	101	0.00130387
7106	1732.775	120	0.00154915
7107	1733.019	100	0.00129096
7108	1733.263	108	0.00139424
7109	1733.506	114	0.00147169
7110	1733.750	100	0.00129096
7111	1733.994	107	0.00138133
7112	1734.238	96	0.00123932
7113	1734.482	107	0.00138133
7114	1734.726	74	0.000955311
7115	1734.970	119	0.00153624
7116	1735.213	95	0.00122641
7117	1735.457	91	0.00117477
7118	1735.701	105	0.00135551
7119	1735.945	119	0.00153624
7120	1736.189	86	0.00111023
7121	1736.433	100	0.00129096
7122	1736.677	98	0.00126514
7123	1736.920	76	0.00098113
7124	1737.164	102	0.00131678
7125	1737.408	94	0.0012135
7126	1737.652	100	0.00129096
7127	1737.896	93	0.00120059
7128	1738.140	93	0.00120059
7129	1738.384	85	0.00109732
7130	1738.628	85	0.00109732
7131	1738.871	96	0.00123932
7132	1739.115	104	0.0013426
7133	1739.359	79	0.00101986
7134	1739.603	88	0.00113605
7135	1739.847	87	0.00112314
7136	1740.091	88	0.00113605
7137	1740.335	77	0.000994039
7138	1740.578	96	0.00123932
7139	1740.822	72	0.000929491
7140	1741.066	83	0.0010715
7141	1741.310	79	0.00101986
7142	1741.554	72	0.000929491
7143	1741.798	78	0.00100695
7144	1742.042	96	0.00123932
7145	1742.286	76	0.00098113
7146	1742.529	75	0.00096822
7147	1742.773	84	0.00108441
7148	1743.017	61	0.000787486
7149	1743.261	69	0.000890763
7150	1743.505	70	0.000903672
7151	1743.749	90	0.00116186
7152	1743.993	77	0.000994039
7153	1744.236	77	0.000994039
7154	1744.480	83	0.0010715
7155	1744.724	79	0.00101986
7156	1744.968	77	0.000994039
7157	1745.212	78	0.00100695
7158	1745.456	63	0.000813305
7159	1745.700	77	0.000994039
7160	1745.943	73	0.000942401
7161	1746.187	78	0.00100695
7162	1746.431	78	0.00100695
7163	1746.675	74	0.000955311
7164	1746.919	70	0.000903672
7165	1747.163	81	0.00104568
7166	1747.407	77	0.000994039
7167	1747.651	79	0.00101986
7168	1747.894	60	0.000774576
7169	1748.138	59	0.000761667
7170	1748.382	65	0.000839124
7171	1748.626	59	0.000761667
7172	1748.870	59	0.000761667
7173	1749.114	76	0.00098113
7174	1749.358	63	0.000813305
7175	1749.601	76	0.00098113
7176	1749.845	72	0.000929491
7177	1750.089	76	0.00098113
7178	1750.333	48	0.000619661
7179	1750.577	57	0.000735847
7180	1750.821	62	0.000800395
7181	1751.065	63	0.000813305
7182	1751.309	63	0.000813305
7183	1751.552	68	0.000877853
7184	1751.796	66	0.000852034
7185	1752.040	66	0.000852034
7186	1752.284	61	0.000787486
7187	1752.528	60	0.000774576
7188	1752.772	70	0.000903672
7189	1753.016	70	0.000903672
7190	1753.259	55	0.000710028
7191	1753.503	50	0.00064548
7192	1753.747	64	0.000826215
7193	1753.991	70	0.000903672
7194	1754.235	62	0.000800395
7195	1754.479	66	0.000852034
7196	1754.723	71	0.000916582
7197	1754.966	64	0.000826215
7198	1755.210	60	0.000774576
7199	1755.454	66	0.000852034
7200	1755.698	53	0.000684209
7201	1755.942	66	0.000852034
7202	1756.186	53	0.000684209
7203	1756.430	59	0.000761667
7204	1756.674	60	0.000774576
7205	1756.917	68	0.000877853
7206	1757.161	59	0.000761667
7207	1757.405	54	0.000697119
7208	1757.649	74	0.000955311
7209	1757.893	54	0.000697119
7210	1758.137	61	0.000787486
7211	1758.381	50	0.00064548
7212	1758.624	47	0.000606751
7213	1758.868	50	0.00064548
7214	1759.112	56	0.000722938
7215	1759.356	59	0.000761667
7216	1759.600	64	0.000826215
7217	1759.844	57	0.000735847
7218	1760.088	63	0.000813305
7219	1760.331	62	0.000800395
7220	1760.575	62	0.000800395
7221	1760.819	62	0.000800395
7222	1761.063	64	0.000826215
7223	1761.307	75	0.00096822
7224	1761.551	43	0.000555113
7225	1761.795	59	0.000761667
7226	1762.039	59	0.000761667
7227	1762.282	59	0.000761667
7228	1762.526	64	0.000826215
7229	1762.770	55	0.000710028
7230	1763.014	52	0.000671299
7231	1763.258	60	0.000774576
7232	1763.502	50	0.00064548
7233	1763.746	59	0.000761667
7234	1763.989	63	0.000813305
7235	1764.233	64	0.000826215
7236	1764.477	66	0.000852034
7237	1764.721	62	0.000800395
7238	1764.965	61	0.000787486
7239	1765.209	61	0.000787486
7240	1765.453	51	0.00065839
7241	1765.697	64	0.000826215
7242	1765.940	51	0.00065839
7243	1766.184	57	0.000735847
7244	1766.428	41	0.000529294
7245	1766.672	66	0.000852034
7246	1766.916	57	0.000735847
7247	1767.160	63	0.000813305
7248	1767.404	55	0.000710028
7249	1767.647	48	0.000619661
7250	1767.891	61	0.000787486
7251	1768.135	45	0.000580932
7252	1768.379	55	0.000710028
7253	1768.623	51	0.00065839
7254	1768.867	37	0.000477655
7255	1769.111	69	0.000890763
7256	1769.354	68	0.000877853
7257	1769.598	48	0.000619661
7258	1769.842	47	0.000606751
7259	1770.086	56	0.000722938
7260	1770.330	59	0.000761667
7261	1770.574	48	0.000619661
7262	1770.818	57	0.000735847
7263	1771.062	48	0.000619661
7264	1771.305	56	0.000722938
7265	1771.549	52	0.000671299
7266	1771.793	56	0.000722938
7267	1772.037	54	0.000697119
7268	1772.281	61	0.000787486
7269	1772.525	69	0.000890763
7270	1772.769	50	0.00064548
7271	1773.012	46	0.000593842
7272	1773.256	54	0.000697119
7273	1773.500	56	0.000722938
7274	1773.744	58	0.000748757
7275	1773.988	55	0.000710028
7276	1774.232	43	0.000555113
7277	1774.476	53	0.000684209
7278	1774.719	55	0.000710028
7279	1774.963	46	0.000593842
7280	1775.207	60	0.000774576
7281	1775.451	41	0.000529294
7282	1775.695	44	0.000568023
7283	1775.939	47	0.000606751
7284	1776.183	52	0.000671299
7285	1776.427	47	0.000606751
7286	1776.670	48	0.000619661
7287	1776.914	56	0.000722938
7288	1777.158	50	0.00064548
7289	1777.402	51	0.00065839
7290	1777.646	57	0.000735847
7291	1777.890	50	0.00064548
7292	1778.134	51	0.00065839
7293	1778.377	61	0.000787486
7294	1778.621	56	0.000722938
7295	1778.865	58	0.000748757
7296	1779.109	54	0.000697119
7297	1779.353	53	0.000684209
7298	1779.597	42	0.000542203
7299	1779.841	55	0.000710028
7300	1780.085	51	0.00065839
7301	1780.328	55	0.000710028
7302	1780.572	47	0.000606751
7303	1780.816	64	0.000826215
7304	1781.060	54	0.000697119
7305	1781.304	49	0.000632571
7306	1781.548	53	0.000684209
7307	1781.792	53	0.000684209
7308	1782.035	49	0.000632571
7309	1782.279	52	0.000671299
7310	1782.523	30	0.000387288
7311	1782.767	44	0.000568023
7312	1783.011	55	0.000710028
7313	1783.255	54	0.000697119
7314	1783.499	38	0.000490565
7315	1783.742	41	0.000529294
7316	1783.986	45	0.000580932
7317	1784.230	57	0.000735847
7318	1784.474	43	0.000555113
7319	1784.718	50	0.00064548
7320	1784.962	47	0.000606751
7321	1785.206	54	0.000697119
7322	1785.450	47	0.000606751
7323	1785.693	53	0.000684209
7324	1785.937	43	0.000555113
7325	1786.181	66	0.000852034
7326	1786.425	62	0.000800395
7327	1786.669	47	0.000606751
7328	1786.913	50	0.00064548
7329	1787.157	49	0.000632571
7330	1787.400	60	0.000774576
7331	1787.644	38	0.000490565
7332	1787.888	49	0.000632571
7333	1788.132	44	0.000568023
7334	1788.376	53	0.000684209
7335	1788.620	58	0.000748757
7336	1788.864	49	0.000632571
7337	1789.108	60	0.000774576
7338	1789.351	46	0.000593842
7339	1789.595	42	0.000542203
7340	1789.839	62	0.000800395
7341	1790.083	67	0.000864943
7342	1790.327	46	0.000593842
7343	1790.571	54	0.000697119
7344	1790.815	62	0.000800395
7345	1791.058	60	0.000774576
7346	1791.302	50	0.00064548
7347	1791.546	54	0.000697119
7348	1791.790	47	0.000606751
7349	1792.034	39	0.000503474
7350	1792.278	54	0.000697119
7351	1792.522	60	0.000774576
7352	1792.765	46	0.000593842
7353	1793.009	46	0.000593842
7354	1793.253	50	0.00064548
7355	1793.497	46	0.000593842
7356	1793.741	45	0.000580932
7357	1793.985	46	0.000593842
7358	1794.229	54	0.000697119
7359	1794.473	51	0.00065839
7360	1794.716	55	0.000710028
7361	1794.960	47	0.000606751
7362	1795.204	49	0.000632571
7363	1795.448	48	0.000619661
7364	1795.692	46	0.000593842
7365	1795.936	46	0.000593842
7366	1796.180	48	0.000619661
7367	1796.423	36	0.000464746
7368	1796.667	43	0.000555113
7369	1796.911	57	0.000735847
7370	1797.155	48	0.000619661
7371	1797.399	48	0.000619661
7372	1797.643	53	0.000684209
7373	1797.887	53	0.000684209
7374	1798.130	52	0.000671299
7375	1798.374	52	0.000671299
7376	1798.618	38	0.000490565
7377	1798.862	57	0.000735847
7378	1799.106	46	0.000593842
7379	1799.350	57	0.000735847
7380	1799.594	41	0.000529294
7381	1799.838	53	0.000684209
7382	1800.081	41	0.000529294
7383	1800.325	58	0.000748757
7384	1800.569	49	0.000632571
7385	1800.813	55	0.000710028
7386	1801.057	53	0.000684209
7387	1801.301	57	0.000735847
7388	1801.545	48	0.000619661
7389	1801.788	47	0.000606751
7390	1802.032	54	0.000697119
7391	1802.276	54	0.000697119
7392	1802.520	56	0.000722938
7393	1802.764	61	0.000787486
7394	1803.008	50	0.00064548
7395	1803.252	38	0.000490565
7396	1803.496	54	0.000697119
7397	1803.739	43	0.000555113
7398	1803.983	48	0.000619661
7399	1804.227	32	0.000413107
7400	1804.471	50	0.00064548
7401	1804.715	59	0.000761667
7402	1804.959	37	0.000477655
7403	1805.203	47	0.000606751
7404	1805.446	40	0.000516384
7405	1805.690	44	0.000568023
7406	1805.934	46	0.000593842
7407	1806.178	41	0.000529294
7408	1806.422	38	0.000490565
7409	1806.666	51	0.00065839
7410	1806.910	36	0.000464746
7411	1807.153	43	0.000555113
7412	1807.397	51	0.00065839
7413	1807.641	49	0.000632571
7414	1807.885	40	0.000516384
7415	1808.129	35	0.000451836
7416	1808.373	44	0.000568023
7417	1808.617	53	0.000684209
7418	1808.861	46	0.000593842
7419	1809.104	43	0.000555113
7420	1809.348	44	0.000568023
7421	1809.592	39	0.000503474
7422	1809.836	40	0.000516384
7423	1810.080	43	0.000555113
7424	1810.324	51	0.00065839
7425	1810.568	49	0.000632571
7426	1810.811	54	0.000697119
7427	1811.055	49	0.000632571
7428	1811.299	59	0.000761667
7429	1811.543	38	0.000490565
7430	1811.787	47	0.000606751
7431	1812.031	52	0.000671299
7432	1812.275	64	0.000826215
7433	1812.518	46	0.000593842
7434	1812.762	37	0.000477655
7435	1813.006	40	0.000516384
7436	1813.250	48	0.000619661
7437	1813.494	43	0.000555113
7438	1813.738	51	0.00065839
7439	1813.982	43	0.000555113
7440	1814.226	36	0.000464746
7441	1814.469	42	0.000542203
7442	1814.713	51	0.00065839
7443	1814.957	45	0.000580932
7444	1815.201	55	0.000710028
7445	1815.445	37	0.000477655
7446	1815.689	49	0.000632571
7447	1815.933	46	0.000593842
7448	1816.176	49	0.000632571
7449	1816.420	43	0.000555113
7450	1816.664	55	0.000710028
7451	1816.908	52	0.000671299
7452	1817.152	54	0.000697119
7453	1817.396	53	0.000684209
7454	1817.640	51	0.00065839
7455	1817.884	48	0.000619661
7456	1818.127	52	0.000671299
7457	1818.371	53	0.000684209
7458	1818.615	55	0.000710028
7459	1818.859	41	0.000529294
7460	1819.103	44	0.000568023
7461	1819.347	46	0.000593842
7462	1819.591	50	0.00064548
7463	1819.834	66	0.000852034
7464	1820.078	47	0.000606751
7465	1820.322	36	0.000464746
7466	1820.566	55	0.000710028
7467	1820.810	42	0.000542203
7468	1821.054	49	0.000632571
7469	1821.298	47	0.000606751
7470	1821.541	35	0.000451836
7471	1821.785	57	0.000735847
7472	1822.029	42	0.000542203
7473	1822.273	57	0.000735847
7474	1822.517	64	0.000826215
7475	1822.761	44	0.000568023
7476	1823.005	56	0.000722938
7477	1823.249	45	0.000580932
7478	1823.492	34	0.000438926
7479	1823.736	56	0.000722938
7480	1823.980	51	0.00065839
7481	1824.224	36	0.000464746
7482	1824.468	51	0.00065839
7483	1824.712	41	0.000529294
7484	1824.956	63	0.000813305
7485	1825.199	57	0.000735847
7486	1825.443	62	0.000800395
7487	1825.687	52	0.000671299
7488	1825.931	67	0.000864943
7489	1826.175	67	0.000864943
7490	1826.419	62	0.000800395
7491	1826.663	70	0.000903672
7492	1826.906	69	0.000890763
7493	1827.150	63	0.000813305
7494	1827.394	69	0.000890763
7495	1827.638	62	0.000800395
7496	1827.882	77	0.000994039
7497	1828.126	69	0.000890763
7498	1828.370	69	0.000890763
7499	1828.614	70	0.000903672
7500	1828.857	55	0.000710028
7501	1829.101	53	0.000684209
7502	1829.345	61	0.000787486
7503	1829.589	65	0.000839124
7504	1829.833	63	0.000813305
7505	1830.077	73	0.000942401
7506	1830.321	66	0.000852034
7507	1830.564	72	0.000929491
7508	1830.808	60	0.000774576
7509	1831.052	71	0.000916582
7510	1831.296	74	0.000955311
7511	1831.540	76	0.00098113
7512	1831.784	79	0.00101986
7513	1832.028	78	0.00100695
7514	1832.272	103	0.00132969
7515	1832.515	100	0.00129096
7516	1832.759	94	0.0012135
7517	1833.003	125	0.0016137
7518	1833.247	132	0.00170407
7519	1833.491	176	0.00227209
7520	1833.735	248	0.00320158
7521	1833.979	350	0.00451836
7522	1834.222	571	0.00737138
7523	1834.466	949	0.0122512
7524	1834.710	1526	0.0197001
7525	1834.954	2414	0.0311638
7526	1835.198	3973	0.0512899
7527	1835.442	6132	0.0791617
7528	1835.686	9239	0.119272
7529	1835.929	13188	0.170252
7530	1836.173	18500	0.238828
7531	1836.417	23689	0.305816
7532	1836.661	29064	0.375205
7533	1836.905	34080	0.439959
7534	1837.149	37187	0.480069
7535	1837.393	38525	0.497342
7536	1837.637	37385	0.482625
7537	1837.880	33919	0.437881
7538	1838.124	29193	0.37687
7539	1838.368	23758	0.306706
7540	1838.612	17717	0.228719
7541	1838.856	12655	0.163371
7542	1839.100	8395	0.108376
7543	1839.344	5232	0.067543
7544	1839.587	3116	0.0402263
7545	1839.831	1676	0.0216365
7546	1840.075	935	0.0120705
7547	1840.319	419	0.00540912
7548	1840.563	224	0.00289175
7549	1840.807	131	0.00169116
7550	1841.051	57	0.000735847
7551	1841.295	63	0.000813305
7552	1841.538	48	0.000619661
7553	1841.782	50	0.00064548
7554	1842.026	43	0.000555113
7555	1842.270	39	0.000503474
7556	1842.514	34	0.000438926
7557	1842.758	37	0.000477655
7558	1843.002	20	0.000258192
7559	1843.245	32	0.000413107
7560	1843.489	17	0.000219463
7561	1843.733	28	0.000361469
7562	1843.977	22	0.000284011
7563	1844.221	25	0.00032274
7564	1844.465	24	0.00030983
7565	1844.709	22	0.000284011
7566	1844.952	25	0.00032274
7567	1845.196	29	0.000374378
7568	1845.440	14	0.000180734
7569	1845.684	28	0.000361469
7570	1845.928	23	0.000296921
7571	1846.172	19	0.000245282
7572	1846.416	22	0.000284011
7573	1846.660	25	0.00032274
7574	1846.903	25	0.00032274
7575	1847.147	23	0.000296921
7576	1847.391	25	0.00032274
7577	1847.635	24	0.00030983
7578	1847.879	21	0.000271102
7579	1848.123	30	0.000387288
7580	1848.367	31	0.000400198
7581	1848.610	26	0.00033565
7582	1848.854	23	0.000296921
7583	1849.098	29	0.000374378
7584	1849.342	38	0.000490565
7585	1849.586	53	0.000684209
7586	1849.830	58	0.000748757
7587	1850.074	82	0.00105859
7588	1850.317	110	0.00142006
7589	1850.561	123	0.00158788
7590	1850.805	163	0.00210427
7591	1851.049	176	0.00227209
7592	1851.293	157	0.00202681
7593	1851.537	180	0.00232373
7594	1851.781	195	0.00251737
7595	1852.025	171	0.00220754
7596	1852.268	147	0.00189771
7597	1852.512	152	0.00196226
7598	1852.756	109	0.00140715
7599	1853.000	89	0.00114895
7600	1853.244	90	0.00116186
7601	1853.488	87	0.00112314
7602	1853.732	67	0.000864943
7603	1853.975	54	0.000697119
7604	1854.219	61	0.000787486
7605	1854.463	36	0.000464746
7606	1854.707	29	0.000374378
7607	1854.951	26	0.00033565
7608	1855.195	25	0.00032274
7609	1855.439	25	0.00032274
7610	1855.683	16	0.000206554
7611	1855.926	15	0.000193644
7612	1856.170	15	0.000193644
7613	1856.414	11	0.000142006
7614	1856.658	22	0.000284011
7615	1856.902	33	0.000426017
7616	1857.146	19	0.000245282
7617	1857.390	28	0.000361469
7618	1857.633	21	0.000271102
7619	1857.877	22	0.000284011
7620	1858.121	17	0.000219463
7621	1858.365	12	0.000154915
7622	1858.609	13	0.000167825
7623	1858.853	22	0.000284011
7624	1859.097	16	0.000206554
7625	1859.340	14	0.000180734
7626	1859.584	19	0.000245282
7627	1859.828	25	0.00032274
7628	1860.072	14	0.000180734
7629	1860.316	16	0.000206554
7630	1860.560	17	0.000219463
7631	1860.804	15	0.000193644
7632	1861.048	19	0.000245282
7633	1861.291	13	0.000167825
7634	1861.535	15	0.000193644
7635	1861.779	14	0.000180734
7636	1862.023	7	9.03672e-05
7637	1862.267	23	0.000296921
7638	1862.511	14	0.000180734
7639	1862.755	12	0.000154915
7640	1862.998	11	0.000142006
7641	1863.242	7	9.03672e-05
7642	1863.486	10	0.000129096
7643	1863.730	8	0.000103277
7644	1863.974	14	0.000180734
7645	1864.218	16	0.000206554
7646	1864.462	13	0.000167825
7647	1864.705	11	0.000142006
7648	1864.949	13	0.000167825
7649	1865.193	13	0.000167825
7650	1865.437	14	0.000180734
7651	1865.681	12	0.000154915
7652	1865.925	8	0.000103277
7653	1866.169	9	0.000116186
7654	1866.413	7	9.03672e-05
7655	1866.656	8	0.000103277
7656	1866.900	9	0.000116186
7657	1867.144	15	0.000193644
7658	1867.388	14	0.000180734
7659	1867.632	12	0.000154915
7660	1867.876	6	7.74576e-05
7661	1868.120	13	0.000167825
7662	1868.363	12	0.000154915
7663	1868.607	16	0.000206554
7664	1868.851	6	7.74576e-05
7665	1869.095	12	0.000154915
7666	1869.339	11	0.000142006
7667	1869.583	16	0.000206554
7668	1869.827	12	0.000154915
7669	1870.071	7	9.03672e-05
7670	1870.314	12	0.000154915
7671	1870.558	10	0.000129096
7672	1870.802	12	0.000154915
7673	1871.046	10	0.000129096
7674	1871.290	10	0.000129096
7675	1871.534	10	0.000129096
7676	1871.778	6	7.74576e-05
7677	1872.021	16	0.000206554
7678	1872.265	8	0.000103277
7679	1872.509	9	0.000116186
7680	1872.753	13	0.000167825
7681	1872.997	11	0.000142006
7682	1873.241	15	0.000193644
7683	1873.485	4	5.16384e-05
7684	1873.728	9	0.000116186
7685	1873.972	12	0.000154915
7686	1874.216	13	0.000167825
7687	1874.460	7	9.03672e-05
7688	1874.704	9	0.000116186
7689	1874.948	7	9.03672e-05
7690	1875.192	11	0.000142006
7691	1875.436	14	0.000180734
7692	1875.679	10	0.000129096
7693	1875.923	14	0.000180734
7694	1876.167	8	0.000103277
7695	1876.411	8	0.000103277
7696	1876.655	6	7.74576e-05
7697	1876.899	10	0.000129096
7698	1877.143	11	0.000142006
7699	1877.386	12	0.000154915
7700	1877.630	6	7.74576e-05
7701	1877.874	7	9.03672e-05
7702	1878.118	3	3.87288e-05
7703	1878.362	12	0.000154915
7704	1878.606	9	0.000116186
7705	1878.850	2	2.58192e-05
7706	1879.093	6	7.74576e-05
7707	1879.337	5	6.4548e-05
7708	1879.581	10	0.000129096
7709	1879.825	14	0.000180734
7710	1880.069	2	2.58192e-05
7711	1880.313	8	0.000103277
7712	1880.557	10	0.000129096
7713	1880.801	13	0.000167825
7714	1881.044	6	7.74576e-05
7715	1881.288	9	0.000116186
7716	1881.532	9	0.000116186
7717	1881.776	15	0.000193644
7718	1882.020	9	0.000116186
7719	1882.264	7	9.03672e-05
7720	1882.508	9	0.000116186
7721	1882.751	15	0.000193644
7722	1882.995	12	0.000154915
7723	1883.239	7	9.03672e-05
7724	1883.483	16	0.000206554
7725	1883.727	13	0.000167825
7726	1883.971	14	0.000180734
7727	1884.215	11	0.000142006
7728	1884.459	18	0.000232373
7729	1884.702	10	0.000129096
7730	1884.946	14	0.000180734
7731	1885.190	10	0.000129096
7732	1885.434	6	7.74576e-05
7733	1885.678	10	0.000129096
7734	1885.922	12	0.000154915
7735	1886.166	8	0.000103277
7736	1886.409	10	0.000129096
7737	1886.653	16	0.000206554
7738	1886.897	10	0.000129096
7739	1887.141	9	0.000116186
7740	1887.385	9	0.000116186
7741	1887.629	10	0.000129096
7742	1887.873	10	0.000129096
7743	1888.116	12	0.000154915
7744	1888.360	8	0.000103277
7745	1888.604	9	0.000116186
7746	1888.848	7	9.03672e-05
7747	1889.092	11	0.000142006
7748	1889.336	8	0.000103277
7749	1889.580	7	9.03672e-05
7750	1889.824	3	3.87288e-05
7751	1890.067	8	0.000103277
7752	1890.311	16	0.000206554
7753	1890.555	11	0.000142006
7754	1890.799	13	0.000167825
7755	1891.043	7	9.03672e-05
7756	1891.287	11	0.000142006
7757	1891.531	12	0.000154915
7758	1891.774	16	0.000206554
7759	1892.018	8	0.000103277
7760	1892.262	11	0.000142006
7761	1892.506	10	0.000129096
7762	1892.750	6	7.74576e-05
7763	1892.994	8	0.000103277
7764	1893.238	11	0.000142006
7765	1893.482	7	9.03672e-05
7766	1893.725	8	0.000103277
7767	1893.969	9	0.000116186
7768	1894.213	5	6.4548e-05
7769	1894.457	4	5.16384e-05
7770	1894.701	10	0.000129096
7771	1894.945	9	0.000116186
7772	1895.189	10	0.000129096
7773	1895.432	4	5.16384e-05
7774	1895.676	6	7.74576e-05
7775	1895.920	9	0.000116186
7776	1896.164	9	0.000116186
7777	1896.408	13	0.000167825
7778	1896.652	8	0.000103277
7779	1896.896	8	0.000103277
7780	1897.139	15	0.000193644
7781	1897.383	6	7.74576e-05
7782	1897.627	10	0.000129096
7783	1897.871	5	6.4548e-05
7784	1898.115	10	0.000129096
7785	1898.359	5	6.4548e-05
7786	1898.603	10	0.000129096
7787	1898.847	11	0.000142006
7788	1899.090	5	6.4548e-05
7789	1899.334	11	0.000142006
7790	1899.578	6	7.74576e-05
7791	1899.822	13	0.000167825
7792	1900.066	11	0.000142006
7793	1900.310	7	9.03672e-05
7794	1900.554	13	0.000167825
7795	1900.797	8	0.000103277
7796	1901.041	7	9.03672e-05
7797	1901.285	6	7.74576e-05
7798	1901.529	10	0.000129096
7799	1901.773	7	9.03672e-05
7800	1902.017	11	0.000142006
7801	1902.261	7	9.03672e-05
7802	1902.504	7	9.03672e-05
7803	1902.748	8	0.000103277
7804	1902.992	12	0.000154915
7805	1903.236	8	0.000103277
7806	1903.480	6	7.74576e-05
7807	1903.724	5	6.4548e-05
7808	1903.968	13	0.000167825
7809	1904.212	9	0.000116186
7810	1904.455	10	0.000129096
7811	1904.699	7	9.03672e-05
7812	1904.943	7	9.03672e-05
7813	1905.187	13	0.000167825
7814	1905.431	2	2.58192e-05
7815	1905.675	9	0.000116186
7816	1905.919	15	0.000193644
7817	1906.162	6	7.74576e-05
7818	1906.406	10	0.000129096
7819	1906.650	5	6.4548e-05
7820	1906.894	11	0.000142006
7821	1907.138	7	9.03672e-05
7822	1907.382	13	0.000167825
7823	1907.626	10	0.000129096
7824	1907.870	9	0.000116186
7825	1908.113	11	0.000142006
7826	1908.357	7	9.03672e-05
7827	1908.601	9	0.000116186
7828	1908.845	11	0.000142006
7829	1909.089	7	9.03672e-05
7830	1909.333	6	7.74576e-05
7831	1909.577	10	0.000129096
7832	1909.820	7	9.03672e-05
7833	1910.064	9	0.000116186
7834	1910.308	3	3.87288e-05
7835	1910.552	9	0.000116186
7836	1910.796	11	0.000142006
7837	1911.040	7	9.03672e-05
7838	1911.284	11	0.000142006
7839	1911.527	9	0.000116186
7840	1911.771	8	0.000103277
7841	1912.015	12	0.000154915
7842	1912.259	10	0.000129096
7843	1912.503	14	0.000180734
7844	1912.747	11	0.000142006
7845	1912.991	7	9.03672e-05
7846	1913.235	9	0.000116186
7847	1913.478	9	0.000116186
7848	1913.722	9	0.000116186
7849	1913.966	15	0.000193644
7850	1914.210	12	0.000154915
7851	1914.454	9	0.000116186
7852	1914.698	9	0.000116186
7853	1914.942	7	9.03672e-05
7854	1915.185	5	6.4548e-05
7855	1915.429	11	0.000142006
7856	1915.673	6	7.74576e-05
7857	1915.917	9	0.000116186
7858	1916.161	5	6.4548e-05
7859	1916.405	8	0.000103277
7860	1916.649	18	0.000232373
7861	1916.892	7	9.03672e-05
7862	1917.136	6	7.74576e-05
7863	1917.380	6	7.74576e-05
7864	1917.624	9	0.000116186
7865	1917.868	10	0.000129096
7866	1918.112	8	0.000103277
7867	1918.356	14	0.000180734
7868	1918.600	13	0.000167825
7869	1918.843	10	0.000129096
7870	1919.087	9	0.000116186
7871	1919.331	12	0.000154915
7872	1919.575	12	0.000154915
7873	1919.819	5	6.4548e-05
7874	1920.063	7	9.03672e-05
7875	1920.307	10	0.000129096
7876	1920.550	13	0.000167825
7877	1920.794	7	9.03672e-05
7878	1921.038	6	7.74576e-05
7879	1921.282	8	0.000103277
7880	1921.526	5	6.4548e-05
7881	1921.770	9	0.000116186
7882	1922.014	6	7.74576e-05
7883	1922.258	17	0.000219463
7884	1922.501	7	9.03672e-05
7885	1922.745	7	9.03672e-05
7886	1922.989	10	0.000129096
7887	1923.233	12	0.000154915
7888	1923.477	5	6.4548e-05
7889	1923.721	12	0.000154915
7890	1923.965	13	0.000167825
7891	1924.208	6	7.74576e-05
7892	1924.452	10	0.000129096
7893	1924.696	10	0.000129096
7894	1924.940	7	9.03672e-05
7895	1925.184	6	7.74576e-05
7896	1925.428	10	0.000129096
7897	1925.672	4	5.16384e-05
7898	1925.915	14	0.000180734
7899	1926.159	8	0.000103277
7900	1926.403	3	3.87288e-05
7901	1926.647	5	6.4548e-05
7902	1926.891	11	0.000142006
7903	1927.135	9	0.000116186
7904	1927.379	5	6.4548e-05
7905	1927.623	8	0.000103277
7906	1927.866	6	7.74576e-05
7907	1928.110	6	7.74576e-05
7908	1928.354	8	0.000103277
7909	1928.598	8	0.000103277
7910	1928.842	5	6.4548e-05
7911	1929.086	12	0.000154915
7912	1929.330	8	0.000103277
7913	1929.573	16	0.000206554
7914	1929.817	6	7.74576e-05
7915	1930.061	8	0.000103277
7916	1930.305	8	0.000103277
7917	1930.549	8	0.000103277
7918	1930.793	3	3.87288e-05
7919	1931.037	9	0.000116186
7920	1931.280	8	0.000103277
7921	1931.524	8	0.000103277
7922	1931.768	8	0.000103277
7923	1932.012	8	0.000103277
7924	1932.256	10	0.000129096
7925	1932.500	9	0.000116186
7926	1932.744	5	6.4548e-05
7927	1932.988	4	5.16384e-05
7928	1933.231	15	0.000193644
7929	1933.475	9	0.000116186
7930	1933.719	6	7.74576e-05
7931	1933.963	14	0.000180734
7932	1934.207	9	0.000116186
7933	1934.451	15	0.000193644
7934	1934.695	11	0.000142006
7935	1934.938	9	0.000116186
7936	1935.182	8	0.000103277
7937	1935.426	9	0.000116186
7938	1935.670	11	0.000142006
7939	1935.914	12	0.000154915
7940	1936.158	12	0.000154915
7941	1936.402	6	7.74576e-05
7942	1936.646	7	9.03672e-05
7943	1936.889	10	0.000129096
7944	1937.133	10	0.000129096
7945	1937.377	10	0.000129096
7946	1937.621	8	0.000103277
7947	1937.865	14	0.000180734
7948	1938.109	12	0.000154915
7949	1938.353	10	0.000129096
7950	1938.596	8	0.000103277
7951	1938.840	8	0.000103277
7952	1939.084	7	9.03672e-05
7953	1939.328	18	0.000232373
7954	1939.572	6	7.74576e-05
7955	1939.816	13	0.000167825
7956	1940.060	11	0.000142006
7957	1940.303	3	3.87288e-05
7958	1940.547	9	0.000116186
7959	1940.791	9	0.000116186
7960	1941.035	11	0.000142006
7961	1941.279	13	0.000167825
7962	1941.523	11	0.000142006
7963	1941.767	9	0.000116186
7964	1942.011	8	0.000103277
7965	1942.254	5	6.4548e-05
7966	1942.498	8	0.000103277
7967	1942.742	14	0.000180734
7968	1942.986	10	0.000129096
7969	1943.230	15	0.000193644
7970	1943.474	9	0.000116186
7971	1943.718	8	0.000103277
7972	1943.961	8	0.000103277
7973	1944.205	8	0.000103277
7974	1944.449	8	0.000103277
7975	1944.693	10	0.000129096
7976	1944.937	13	0.000167825
7977	1945.181	10	0.000129096
7978	1945.425	3	3.87288e-05
7979	1945.669	4	5.16384e-05
7980	1945.912	13	0.000167825
7981	1946.156	4	5.16384e-05
7982	1946.400	8	0.000103277
7983	1946.644	12	0.000154915
7984	1946.888	10	0.000129096
7985	1947.132	5	6.4548e-05
7986	1947.376	8	0.000103277
7987	1947.619	8	0.000103277
7988	1947.863	7	9.03672e-05
7989	1948.107	6	7.74576e-05
7990	1948.351	8	0.000103277
7991	1948.595	6	7.74576e-05
7992	1948.839	8	0.000103277
7993	1949.083	5	6.4548e-05
7994	1949.326	18	0.000232373
7995	1949.570	10	0.000129096
7996	1949.814	11	0.000142006
7997	1950.058	13	0.000167825
7998	1950.302	8	0.000103277
7999	1950.546	8	0.000103277
8000	1950.790	8	0.000103277
8001	1951.034	4	5.16384e-05
8002	1951.277	14	0.000180734
8003	1951.521	7	9.03672e-05
8004	1951.765	7	9.03672e-05
8005	1952.009	10	0.000129096
8006	1952.253	12	0.000154915
8007	1952.497	7	9.03672e-05
8008	1952.741	7	9.03672e-05
8009	1952.984	8	0.000103277
8010	1953.228	8	0.000103277
8011	1953.472	12	0.000154915
8012	1953.716	3	3.87288e-05
8013	1953.960	10	0.000129096
8014	1954.204	8	0.000103277
8015	1954.448	16	0.000206554
8016	1954.691	7	9.03672e-05
8017	1954.935	14	0.000180734
8018	1955.179	8	0.000103277
8019	1955.423	7	9.03672e-05
8020	1955.667	8	0.000103277
8021	1955.911	11	0.000142006
8022	1956.155	7	9.03672e-05
8023	1956.399	10	0.000129096
8024	1956.642	6	7.74576e-05
8025	1956.886	7	9.03672e-05
8026	1957.130	11	0.000142006
8027	1957.374	9	0.000116186
8028	1957.618	16	0.000206554
8029	1957.862	12	0.000154915
8030	1958.106	5	6.4548e-05
8031	1958.349	11	0.000142006
8032	1958.593	11	0.000142006
8033	1958.837	11	0.000142006
8034	1959.081	6	7.74576e-05
8035	1959.325	10	0.000129096
8036	1959.569	8	0.000103277
8037	1959.813	12	0.000154915
8038	1960.057	7	9.03672e-05
8039	1960.300	11	0.000142006
8040	1960.544	7	9.03672e-05
8041	1960.788	10	0.000129096
8042	1961.032	13	0.000167825
8043	1961.276	11	0.000142006
8044	1961.520	12	0.000154915
8045	1961.764	9	0.000116186
8046	1962.007	7	9.03672e-05
8047	1962.251	3	3.87288e-05
8048	1962.495	15	0.000193644
8049	1962.739	12	0.000154915
8050	1962.983	11	0.000142006
8051	1963.227	13	0.000167825
8052	1963.471	11	0.000142006
8053	1963.714	12	0.000154915
8054	1963.958	13	0.000167825
8055	1964.202	10	0.000129096
8056	1964.446	15	0.000193644
8057	1964.690	11	0.000142006
8058	1964.934	5	6.4548e-05
8059	1965.178	11	0.000142006
8060	1965.422	7	9.03672e-05
8061	1965.665	9	0.000116186
8062	1965.909	5	6.4548e-05
8063	1966.153	9	0.000116186
8064	1966.397	19	0.000245282
8065	1966.641	9	0.000116186
8066	1966.885	10	0.000129096
8067	1967.129	10	0.000129096
8068	1967.372	7	9.03672e-05
8069	1967.616	6	7.74576e-05
8070	1967.860	5	6.4548e-05
8071	1968.104	14	0.000180734
8072	1968.348	7	9.03672e-05
8073	1968.592	5	6.4548e-05
8074	1968.836	7	9.03672e-05
8075	1969.079	10	0.000129096
8076	1969.323	10	0.000129096
8077	1969.567	12	0.000154915
8078	1969.811	5	6.4548e-05
8079	1970.055	7	9.03672e-05
8080	1970.299	4	5.16384e-05
8081	1970.543	14	0.000180734
8082	1970.787	6	7.74576e-05
8083	1971.030	10	0.000129096
8084	1971.274	4	5.16384e-05
8085	1971.518	8	0.000103277
8086	1971.762	11	0.000142006
8087	1972.006	8	0.000103277
8088	1972.250	14	0.000180734
8089	1972.494	10	0.000129096
8090	1972.737	5	6.4548e-05
8091	1972.981	8	0.000103277
8092	1973.225	15	0.000193644
8093	1973.469	14	0.000180734
8094	1973.713	6	7.74576e-05
8095	1973.957	7	9.03672e-05
8096	1974.201	4	5.16384e-05
8097	1974.445	9	0.000116186
8098	1974.688	6	7.74576e-05
8099	1974.932	8	0.000103277
8100	1975.176	10	0.000129096
8101	1975.420	12	0.000154915
8102	1975.664	8	0.000103277
8103	1975.908	14	0.000180734
8104	1976.152	3	3.87288e-05
8105	1976.395	7	9.03672e-05
8106	1976.639	6	7.74576e-05
8107	1976.883	6	7.74576e-05
8108	1977.127	8	0.000103277
8109	1977.371	9	0.000116186
8110	1977.615	13	0.000167825
8111	1977.859	11	0.000142006
8112	1978.102	6	7.74576e-05
8113	1978.346	14	0.000180734
8114	1978.590	7	9.03672e-05
8115	1978.834	9	0.000116186
8116	1979.078	11	0.000142006
8117	1979.322	8	0.000103277
8118	1979.566	15	0.000193644
8119	1979.810	7	9.03672e-05
8120	1980.053	8	0.000103277
8121	1980.297	8	0.000103277
8122	1980.541	9	0.000116186
8123	1980.785	7	9.03672e-05
8124	1981.029	7	9.03672e-05
8125	1981.273	12	0.000154915
8126	1981.517	16	0.000206554
8127	1981.760	4	5.16384e-05
8128	1982.004	11	0.000142006
8129	1982.248	9	0.000116186
8130	1982.492	16	0.000206554
8131	1982.736	9	0.000116186
8132	1982.980	4	5.16384e-05
8133	1983.224	11	0.000142006
8134	1983.468	5	6.4548e-05
8135	1983.711	5	6.4548e-05
8136	1983.955	9	0.000116186
8137	1984.199	9	0.000116186
8138	1984.443	13	0.000167825
8139	1984.687	3	3.87288e-05
8140	1984.931	7	9.03672e-05
8141	1985.175	10	0.000129096
8142	1985.418	4	5.16384e-05
8143	1985.662	6	7.74576e-05
8144	1985.906	10	0.000129096
8145	1986.150	12	0.000154915
8146	1986.394	10	0.000129096
8147	1986.638	9	0.000116186
8148	1986.882	10	0.000129096
8149	1987.125	7	9.03672e-05
8150	1987.369	11	0.000142006
8151	1987.613	5	6.4548e-05
8152	1987.857	8	0.000103277
8153	1988.101	7	9.03672e-05
8154	1988.345	13	0.000167825
8155	1988.589	10	0.000129096
8156	1988.833	6	7.74576e-05
8157	1989.076	9	0.000116186
8158	1989.320	8	0.000103277
8159	1989.564	7	9.03672e-05
8160	1989.808	8	0.000103277
8161	1990.052	7	9.03672e-05
8162	1990.296	7	9.03672e-05
8163	1990.540	4	5.16384e-05
8164	1990.783	6	7.74576e-05
8165	1991.027	7	9.03672e-05
8166	1991.271	7	9.03672e-05
8167	1991.515	9	0.000116186
8168	1991.759	10	0.000129096
8169	1992.003	12	0.000154915
8170	1992.247	14	0.000180734
8171	1992.490	10	0.000129096
8172	1992.734	4	5.16384e-05
8173	1992.978	13	0.000167825
8174	1993.222	8	0.000103277
8175	1993.466	8	0.000103277
8176	1993.710	4	5.16384e-05
8177	1993.954	10	0.000129096
8178	1994.198	13	0.000167825
8179	1994.441	7	9.03672e-05
8180	1994.685	9	0.000116186
8181	1994.929	10	0.000129096
8182	1995.173	4	5.16384e-05
8183	1995.417	7	9.03672e-05
8184	1995.661	3	3.87288e-05
8185	1995.905	6	7.74576e-05
8186	1996.148	8	0.000103277
8187	1996.392	9	0.000116186
8188	1996.636	7	9.03672e-05
8189	1996.880	10	0.000129096
8190	1997.124	10	0.000129096
8191	1997.368	7	9.03672e-05
8192	1997.612	9	0.000116186
