#
# Sample name: Sample title.                                                   
# Sample id:   
# Sample type: 
# User name:   
# Sample description: 
#
# Start time:    2025-12-17, 10:49:09
# Real time (s): 12351.430
# Live time (s): 12032.110
#
# Total counts:  23907440
#
# Left marker:  20 (4.751 keV)
# Right marker: 50 (12.067 keV)
# Counts:       455452
#
# Energy calibration coefficients ( E = sum(Ai * n**i) )
#     A0: -0.126274
#     A1: 0.243864
#     A2: 0.000000
#     A3: 0.000000
# Energy unit: keV
#
# Channel data
# n	energy(keV)	counts	rate(1/s)
#-----------------------------------------------------------------------
1	0.118	5	0.000415555
2	0.361	4	0.000332444
3	0.605	2	0.000166222
4	0.849	4	0.000332444
5	1.093	5	0.000415555
6	1.337	5	0.000415555
7	1.581	5	0.000415555
8	1.825	5	0.000415555
9	2.069	5	0.000415555
10	2.312	5	0.000415555
11	2.556	4	0.000332444
12	2.800	6	0.000498666
13	3.044	4	0.000332444
14	3.288	4	0.000332444
15	3.532	11	0.00091422
16	3.776	11	0.00091422
17	4.019	6	0.000498666
18	4.263	11	0.00091422
19	4.507	4	0.000332444
20	4.751	3	0.000249333
21	4.995	10	0.000831109
22	5.239	6	0.000498666
23	5.483	5	0.000415555
24	5.726	9	0.000747998
25	5.970	12	0.000997331
26	6.214	77	0.00639954
27	6.458	795	0.0660732
28	6.702	3043	0.252907
29	6.946	5911	0.491269
30	7.190	8055	0.669459
31	7.434	9064	0.753318
32	7.677	9624	0.79986
33	7.921	9890	0.821967
34	8.165	9748	0.810165
35	8.409	9395	0.780827
36	8.653	8619	0.716333
37	8.897	8075	0.671121
38	9.141	8099	0.673116
39	9.384	8764	0.728384
40	9.628	9839	0.817729
41	9.872	11432	0.950124
42	10.116	13754	1.14311
43	10.360	16710	1.38878
44	10.604	20661	1.71716
45	10.848	26148	2.17318
46	11.091	32232	2.67883
47	11.335	39921	3.31787
48	11.579	50032	4.15821
49	11.823	61464	5.10833
50	12.067	74058	6.15503
51	12.311	83052	6.90253
52	12.555	90264	7.50193
53	12.799	96333	8.00633
54	13.042	107964	8.97299
55	13.286	128303	10.6634
56	13.530	156569	13.0126
57	13.774	182867	15.1982
58	14.018	199567	16.5862
59	14.262	199581	16.5874
60	14.506	180051	14.9642
61	14.749	147414	12.2517
62	14.993	112064	9.31374
63	15.237	84310	7.00708
64	15.481	65878	5.47518
65	15.725	55483	4.61124
66	15.969	49447	4.10959
67	16.213	44627	3.70899
68	16.457	40612	3.3753
69	16.700	38162	3.17168
70	16.944	38376	3.18947
71	17.188	42151	3.50321
72	17.432	46935	3.90081
73	17.676	50959	4.23525
74	17.920	50237	4.17524
75	18.164	45887	3.81371
76	18.407	37395	3.10793
77	18.651	29020	2.41188
78	18.895	23415	1.94604
79	19.139	21371	1.77616
80	19.383	22846	1.89875
81	19.627	28052	2.33143
82	19.871	37619	3.12655
83	20.114	52311	4.34762
84	20.358	73400	6.10034
85	20.602	103760	8.62359
86	20.846	154173	12.8135
87	21.090	238587	19.8292
88	21.334	376814	31.3174
89	21.578	567816	47.1917
90	21.822	780987	64.9086
91	22.065	941246	78.2278
92	22.309	983721	81.758
93	22.553	872962	72.5527
94	22.797	664834	55.255
95	23.041	434246	36.0906
96	23.285	248205	20.6286
97	23.529	133097	11.0618
98	23.772	81648	6.78584
99	24.016	73953	6.1463
100	24.260	95845	7.96577
101	24.504	134289	11.1609
102	24.748	177422	14.7457
103	24.992	208639	17.3402
104	25.236	212686	17.6765
105	25.479	188126	15.6353
106	25.723	146790	12.1999
107	25.967	101367	8.42471
108	26.211	64165	5.33281
109	26.455	39297	3.26601
110	26.699	25289	2.10179
111	26.943	17395	1.44571
112	27.187	13977	1.16164
113	27.430	12610	1.04803
114	27.674	12158	1.01046
115	27.918	12971	1.07803
116	28.162	13993	1.16297
117	28.406	15583	1.29512
118	28.650	16485	1.37008
119	28.894	17610	1.46358
120	29.137	19264	1.60105
121	29.381	22108	1.83742
122	29.625	28192	2.34306
123	29.869	40229	3.34347
124	30.113	61100	5.07808
125	30.357	88560	7.36031
126	30.601	118220	9.82538
127	30.845	140287	11.6594
128	31.088	145389	12.0834
129	31.332	131254	10.9086
130	31.576	105804	8.79347
131	31.820	78183	6.49786
132	32.064	56834	4.72353
133	32.308	47015	3.90746
134	32.552	47490	3.94694
135	32.795	56209	4.67158
136	33.039	67560	5.61498
137	33.283	76021	6.31818
138	33.527	78431	6.51847
139	33.771	71814	5.96853
140	34.015	59134	4.91468
141	34.259	47160	3.91951
142	34.502	39624	3.29319
143	34.746	36678	3.04834
144	34.990	36960	3.07178
145	35.234	36228	3.01094
146	35.478	33499	2.78413
147	35.722	28525	2.37074
148	35.966	23169	1.9256
149	36.210	18244	1.51628
150	36.453	14760	1.22672
151	36.697	12805	1.06424
152	36.941	11923	0.990932
153	37.185	13077	1.08684
154	37.429	15616	1.29786
155	37.673	18214	1.51378
156	37.917	19433	1.61509
157	38.160	19226	1.59789
158	38.404	16877	1.40266
159	38.648	14120	1.17353
160	38.892	11419	0.949044
161	39.136	9185	0.763374
162	39.380	7361	0.61178
163	39.624	5815	0.48329
164	39.868	4748	0.394611
165	40.111	4189	0.348152
166	40.355	3923	0.326044
167	40.599	3876	0.322138
168	40.843	3623	0.301111
169	41.087	3603	0.299449
170	41.331	3728	0.309838
171	41.575	3695	0.307095
172	41.818	3600	0.299199
173	42.062	3832	0.318481
174	42.306	3752	0.311832
175	42.550	3823	0.317733
176	42.794	3943	0.327706
177	43.038	3976	0.330449
178	43.282	4238	0.352224
179	43.525	4187	0.347986
180	43.769	4376	0.363693
181	44.013	4329	0.359787
182	44.257	4156	0.345409
183	44.501	4062	0.337597
184	44.745	4041	0.335851
185	44.989	3967	0.329701
186	45.233	3972	0.330117
187	45.476	3906	0.324631
188	45.720	3959	0.329036
189	45.964	4090	0.339924
190	46.208	3838	0.31898
191	46.452	4018	0.33394
192	46.696	4128	0.343082
193	46.940	4260	0.354053
194	47.183	4334	0.360203
195	47.427	4333	0.36012
196	47.671	4565	0.379401
197	47.915	4837	0.402008
198	48.159	5112	0.424863
199	48.403	5308	0.441153
200	48.647	5793	0.481462
201	48.890	6203	0.515537
202	49.134	6612	0.54953
203	49.378	6778	0.563326
204	49.622	7228	0.600726
205	49.866	7487	0.622252
206	50.110	7603	0.631892
207	50.354	7563	0.628568
208	50.598	7717	0.641367
209	50.841	7701	0.640037
210	51.085	7658	0.636464
211	51.329	7734	0.64278
212	51.573	7898	0.65641
213	51.817	8072	0.670872
214	52.061	8270	0.687327
215	52.305	8573	0.71251
216	52.548	9070	0.753816
217	52.792	9635	0.800774
218	53.036	10178	0.845903
219	53.280	10575	0.878898
220	53.524	10180	0.846069
221	53.768	9538	0.792712
222	54.012	8623	0.716666
223	54.256	7891	0.655828
224	54.499	7416	0.616351
225	54.743	6927	0.575709
226	54.987	6607	0.549114
227	55.231	6482	0.538725
228	55.475	6402	0.532076
229	55.719	6160	0.511963
230	55.963	6159	0.51188
231	56.206	5863	0.487279
232	56.450	6012	0.499663
233	56.694	5747	0.477639
234	56.938	5730	0.476226
235	57.182	5698	0.473566
236	57.426	5596	0.465089
237	57.670	5926	0.492515
238	57.913	6877	0.571554
239	58.157	9835	0.817396
240	58.401	17154	1.42569
241	58.645	31763	2.63985
242	58.889	55229	4.59013
243	59.133	85335	7.09227
244	59.377	113978	9.47282
245	59.621	130691	10.8619
246	59.864	127716	10.6146
247	60.108	106241	8.82979
248	60.352	74999	6.23324
249	60.596	45484	3.78022
250	60.840	24941	2.07287
251	61.084	13236	1.10006
252	61.328	7809	0.649013
253	61.571	6045	0.502406
254	61.815	5424	0.450794
255	62.059	5353	0.444893
256	62.303	4970	0.413061
257	62.547	4849	0.403005
258	62.791	4576	0.380316
259	63.035	4353	0.361782
260	63.278	4147	0.344661
261	63.522	4218	0.350562
262	63.766	4297	0.357128
263	64.010	4261	0.354136
264	64.254	4342	0.360868
265	64.498	4381	0.364109
266	64.742	4489	0.373085
267	64.986	4555	0.37857
268	65.229	4766	0.396107
269	65.473	4944	0.4109
270	65.717	5148	0.427855
271	65.961	5368	0.44614
272	66.205	5570	0.462928
273	66.449	5452	0.453121
274	66.693	5416	0.450129
275	66.936	5260	0.437164
276	67.180	5012	0.416552
277	67.424	5057	0.420292
278	67.668	4891	0.406496
279	67.912	4776	0.396938
280	68.156	4663	0.387546
281	68.400	4583	0.380897
282	68.644	4792	0.398268
283	68.887	4643	0.385884
284	69.131	4704	0.390954
285	69.375	4915	0.40849
286	69.619	4674	0.388461
287	69.863	4735	0.39353
288	70.107	4777	0.397021
289	70.351	4906	0.407742
290	70.594	4970	0.413061
291	70.838	4878	0.405415
292	71.082	4996	0.415222
293	71.326	4895	0.406828
294	71.570	4835	0.401841
295	71.814	4659	0.387214
296	72.058	4719	0.392201
297	72.301	4514	0.375163
298	72.545	4623	0.384222
299	72.789	4442	0.369179
300	73.033	4614	0.383474
301	73.277	4562	0.379152
302	73.521	4489	0.373085
303	73.765	4342	0.360868
304	74.009	4464	0.371007
305	74.252	4327	0.359621
306	74.496	4496	0.373667
307	74.740	4333	0.36012
308	74.984	4354	0.361865
309	75.228	4297	0.357128
310	75.472	4306	0.357876
311	75.716	4164	0.346074
312	75.959	4157	0.345492
313	76.203	4156	0.345409
314	76.447	3958	0.328953
315	76.691	4034	0.33527
316	76.935	3976	0.330449
317	77.179	3951	0.328371
318	77.423	4066	0.337929
319	77.666	4023	0.334355
320	77.910	3943	0.327706
321	78.154	4075	0.338677
322	78.398	4349	0.361449
323	78.642	4516	0.375329
324	78.886	5070	0.421372
325	79.130	5965	0.495757
326	79.374	7347	0.610616
327	79.617	8801	0.731459
328	79.861	11788	0.979712
329	80.105	16439	1.36626
330	80.349	24783	2.05974
331	80.593	35046	2.91271
332	80.837	45627	3.7921
333	81.081	51074	4.24481
334	81.324	50195	4.17175
335	81.568	41958	3.48717
336	81.812	30527	2.53713
337	82.056	19832	1.64826
338	82.300	12026	0.999492
339	82.544	7235	0.601308
340	82.788	5140	0.42719
341	83.032	4389	0.364774
342	83.275	4055	0.337015
343	83.519	3999	0.332361
344	83.763	4159	0.345658
345	84.007	4162	0.345908
346	84.251	4187	0.347986
347	84.495	4249	0.353138
348	84.739	4177	0.347154
349	84.982	4215	0.350313
350	85.226	4170	0.346573
351	85.470	4126	0.342916
352	85.714	3962	0.329286
353	85.958	4096	0.340422
354	86.202	4220	0.350728
355	86.446	4610	0.383141
356	86.689	5847	0.48595
357	86.933	8717	0.724478
358	87.177	14241	1.18358
359	87.421	22860	1.89992
360	87.665	33359	2.7725
361	87.909	42919	3.56704
362	88.153	47745	3.96813
363	88.397	45552	3.78587
364	88.640	38143	3.1701
365	88.884	27493	2.28497
366	89.128	17927	1.48993
367	89.372	10607	0.881558
368	89.616	6797	0.564905
369	89.860	4936	0.410236
370	90.104	4097	0.340506
371	90.347	4061	0.337514
372	90.591	3937	0.327208
373	90.835	3802	0.315988
374	91.079	4005	0.332859
375	91.323	3922	0.325961
376	91.567	3939	0.327374
377	91.811	3938	0.327291
378	92.055	3906	0.324631
379	92.298	3955	0.328704
380	92.542	3921	0.325878
381	92.786	4045	0.336184
382	93.030	3846	0.319645
383	93.274	4010	0.333275
384	93.518	3877	0.322221
385	93.762	4036	0.335436
386	94.005	3914	0.325296
387	94.249	3881	0.322554
388	94.493	3918	0.325629
389	94.737	3762	0.312663
390	94.981	3924	0.326127
391	95.225	3869	0.321556
392	95.469	3835	0.31873
393	95.712	3829	0.318232
394	95.956	3880	0.32247
395	96.200	3914	0.325296
396	96.444	3842	0.319312
397	96.688	3859	0.320725
398	96.932	3809	0.31657
399	97.176	3961	0.329202
400	97.420	3807	0.316403
401	97.663	3791	0.315074
402	97.907	3800	0.315822
403	98.151	3864	0.321141
404	98.395	3891	0.323385
405	98.639	3858	0.320642
406	98.883	3800	0.315822
407	99.127	4107	0.341337
408	99.370	4024	0.334438
409	99.614	3946	0.327956
410	99.858	3874	0.321972
411	100.102	3840	0.319146
412	100.346	3956	0.328787
413	100.590	3956	0.328787
414	100.834	3975	0.330366
415	101.077	3858	0.320642
416	101.321	4042	0.335934
417	101.565	4074	0.338594
418	101.809	3961	0.329202
419	102.053	4081	0.339176
420	102.297	4084	0.339425
421	102.541	4049	0.336516
422	102.785	4068	0.338095
423	103.028	3967	0.329701
424	103.272	4126	0.342916
425	103.516	4095	0.340339
426	103.760	3939	0.327374
427	104.004	3920	0.325795
428	104.248	3837	0.318897
429	104.492	3810	0.316653
430	104.735	3777	0.31391
431	104.979	3867	0.32139
432	105.223	3656	0.303854
433	105.467	3733	0.310253
434	105.711	3686	0.306347
435	105.955	3752	0.311832
436	106.199	3732	0.31017
437	106.443	3595	0.298784
438	106.686	3719	0.30909
439	106.930	3727	0.309754
440	107.174	3681	0.305931
441	107.418	3671	0.3051
442	107.662	3705	0.307926
443	107.906	3628	0.301526
444	108.150	3535	0.293797
445	108.393	3627	0.301443
446	108.637	3598	0.299033
447	108.881	3613	0.30028
448	109.125	3638	0.302358
449	109.369	3712	0.308508
450	109.613	3844	0.319478
451	109.857	3724	0.309505
452	110.100	3867	0.32139
453	110.344	3951	0.328371
454	110.588	3895	0.323717
455	110.832	3997	0.332194
456	111.076	4084	0.339425
457	111.320	4287	0.356297
458	111.564	4493	0.373417
459	111.808	4826	0.401093
460	112.051	4757	0.395359
461	112.295	4696	0.390289
462	112.539	4415	0.366935
463	112.783	4169	0.34649
464	113.027	3858	0.320642
465	113.271	3784	0.314492
466	113.515	3538	0.294047
467	113.758	3468	0.288229
468	114.002	3469	0.288312
469	114.246	3455	0.287148
470	114.490	3531	0.293465
471	114.734	3597	0.29895
472	114.978	3506	0.291387
473	115.222	3536	0.29388
474	115.465	3599	0.299116
475	115.709	3540	0.294213
476	115.953	3606	0.299698
477	116.197	3716	0.30884
478	116.441	3596	0.298867
479	116.685	3629	0.30161
480	116.929	3540	0.294213
481	117.173	3391	0.281829
482	117.416	3483	0.289475
483	117.660	3482	0.289392
484	117.904	3447	0.286483
485	118.148	3329	0.276676
486	118.392	3406	0.283076
487	118.636	3410	0.283408
488	118.880	3368	0.279918
489	119.123	3362	0.279419
490	119.367	3370	0.280084
491	119.611	3373	0.280333
492	119.855	3383	0.281164
493	120.099	3652	0.303521
494	120.343	4099	0.340672
495	120.587	5573	0.463177
496	120.831	9459	0.786146
497	121.074	17744	1.47472
498	121.318	32088	2.66686
499	121.562	52485	4.36208
500	121.806	75042	6.23681
501	122.050	93318	7.75575
502	122.294	99020	8.22965
503	122.538	90236	7.4996
504	122.781	71209	5.91825
505	123.025	47545	3.95151
506	123.269	28441	2.36376
507	123.513	15400	1.27991
508	123.757	8004	0.66522
509	124.001	4766	0.396107
510	124.245	3625	0.301277
511	124.488	3048	0.253322
512	124.732	3065	0.254735
513	124.976	2949	0.245094
514	125.220	2962	0.246175
515	125.464	2988	0.248335
516	125.708	2983	0.24792
517	125.952	3009	0.250081
518	126.196	2986	0.248169
519	126.439	3013	0.250413
520	126.683	2961	0.246092
521	126.927	2977	0.247421
522	127.171	3001	0.249416
523	127.415	2948	0.245011
524	127.659	2905	0.241437
525	127.903	2843	0.236284
526	128.146	2834	0.235536
527	128.390	2978	0.247504
528	128.634	3031	0.251909
529	128.878	2878	0.239193
530	129.122	2936	0.244014
531	129.366	2887	0.239941
532	129.610	2817	0.234124
533	129.853	2941	0.244429
534	130.097	2958	0.245842
535	130.341	2918	0.242518
536	130.585	2979	0.247587
537	130.829	2772	0.230384
538	131.073	2933	0.243764
539	131.317	2839	0.235952
540	131.561	2835	0.23562
541	131.804	2910	0.241853
542	132.048	2827	0.234955
543	132.292	2891	0.240274
544	132.536	2872	0.238695
545	132.780	2949	0.245094
546	133.024	2850	0.236866
547	133.268	2859	0.237614
548	133.511	3006	0.249831
549	133.755	2887	0.239941
550	133.999	2826	0.234872
551	134.243	2819	0.23429
552	134.487	2959	0.245925
553	134.731	3043	0.252907
554	134.975	3141	0.261051
555	135.219	3497	0.290639
556	135.462	4446	0.369511
557	135.706	6005	0.499081
558	135.950	8359	0.694724
559	136.194	11061	0.91929
560	136.438	13314	1.10654
561	136.682	14302	1.18865
562	136.926	13482	1.1205
563	137.169	11381	0.945886
564	137.413	8631	0.717331
565	137.657	6249	0.51936
566	137.901	4456	0.370342
567	138.145	3489	0.289974
568	138.389	3242	0.269446
569	138.633	2915	0.242268
570	138.876	2915	0.242268
571	139.120	2857	0.237448
572	139.364	2818	0.234207
573	139.608	2732	0.227059
574	139.852	2774	0.23055
575	140.096	2718	0.225896
576	140.340	2884	0.239692
577	140.584	2852	0.237032
578	140.827	2746	0.228223
579	141.071	2839	0.235952
580	141.315	2812	0.233708
581	141.559	2937	0.244097
582	141.803	2862	0.237864
583	142.047	2834	0.235536
584	142.291	2845	0.236451
585	142.534	2823	0.234622
586	142.778	2906	0.24152
587	143.022	2901	0.241105
588	143.266	2876	0.239027
589	143.510	3036	0.252325
590	143.754	2956	0.245676
591	143.998	2997	0.249083
592	144.242	2935	0.243931
593	144.485	2873	0.238778
594	144.729	2875	0.238944
595	144.973	2874	0.238861
596	145.217	2905	0.241437
597	145.461	2969	0.246756
598	145.705	2930	0.243515
599	145.949	2899	0.240939
600	146.192	2951	0.24526
601	146.436	2849	0.236783
602	146.680	2970	0.246839
603	146.924	2845	0.236451
604	147.168	2915	0.242268
605	147.412	2803	0.23296
606	147.656	2890	0.240191
607	147.899	2812	0.233708
608	148.143	2934	0.243848
609	148.387	3023	0.251244
610	148.631	2995	0.248917
611	148.875	2902	0.241188
612	149.119	2979	0.247587
613	149.363	2910	0.241853
614	149.607	3015	0.250579
615	149.850	2907	0.241604
616	150.094	2952	0.245344
617	150.338	3063	0.254569
618	150.582	2919	0.242601
619	150.826	2972	0.247006
620	151.070	2964	0.246341
621	151.314	3031	0.251909
622	151.557	3005	0.249748
623	151.801	2971	0.246923
624	152.045	2876	0.239027
625	152.289	2945	0.244762
626	152.533	2955	0.245593
627	152.777	2969	0.246756
628	153.021	2946	0.244845
629	153.264	2888	0.240024
630	153.508	2999	0.24925
631	153.752	2970	0.246839
632	153.996	2975	0.247255
633	154.240	2946	0.244845
634	154.484	2939	0.244263
635	154.728	2943	0.244596
636	154.972	2887	0.239941
637	155.215	3013	0.250413
638	155.459	2965	0.246424
639	155.703	3045	0.253073
640	155.947	3087	0.256563
641	156.191	2972	0.247006
642	156.435	2892	0.240357
643	156.679	3016	0.250663
644	156.922	2952	0.245344
645	157.166	2990	0.248502
646	157.410	2938	0.24418
647	157.654	2920	0.242684
648	157.898	3004	0.249665
649	158.142	2827	0.234955
650	158.386	2920	0.242684
651	158.630	2900	0.241022
652	158.873	2896	0.240689
653	159.117	2898	0.240856
654	159.361	3019	0.250912
655	159.605	3041	0.25274
656	159.849	3098	0.257478
657	160.093	3236	0.268947
658	160.337	3472	0.288561
659	160.580	3561	0.295958
660	160.824	3708	0.308175
661	161.068	3610	0.300031
662	161.312	3500	0.290888
663	161.556	3227	0.268199
664	161.800	3076	0.255649
665	162.044	2969	0.246756
666	162.287	2835	0.23562
667	162.531	2934	0.243848
668	162.775	2902	0.241188
669	163.019	3011	0.250247
670	163.263	2970	0.246839
671	163.507	2783	0.231298
672	163.751	2959	0.245925
673	163.995	3089	0.25673
674	164.238	3560	0.295875
675	164.482	5021	0.4173
676	164.726	8071	0.670788
677	164.970	14573	1.21118
678	165.214	25023	2.07969
679	165.458	37734	3.13611
680	165.702	52426	4.35717
681	165.945	62053	5.15728
682	166.189	63797	5.30223
683	166.433	56257	4.67557
684	166.677	43279	3.59696
685	166.921	29057	2.41495
686	167.165	17553	1.45885
687	167.409	9618	0.799361
688	167.652	5563	0.462346
689	167.896	3858	0.320642
690	168.140	3212	0.266952
691	168.384	2882	0.239526
692	168.628	2780	0.231048
693	168.872	2791	0.231963
694	169.116	2695	0.223984
695	169.360	2800	0.232711
696	169.603	2836	0.235703
697	169.847	2754	0.228888
698	170.091	2848	0.2367
699	170.335	2735	0.227308
700	170.579	2809	0.233459
701	170.823	2850	0.236866
702	171.067	2894	0.240523
703	171.310	2757	0.229137
704	171.554	2819	0.23429
705	171.798	2876	0.239027
706	172.042	2989	0.248419
707	172.286	2903	0.241271
708	172.530	2889	0.240108
709	172.774	2863	0.237947
710	173.018	2914	0.242185
711	173.261	2920	0.242684
712	173.505	2828	0.235038
713	173.749	2894	0.240523
714	173.993	2870	0.238528
715	174.237	2872	0.238695
716	174.481	2914	0.242185
717	174.725	2939	0.244263
718	174.968	2941	0.244429
719	175.212	2907	0.241604
720	175.456	2988	0.248335
721	175.700	2948	0.245011
722	175.944	2912	0.242019
723	176.188	2963	0.246258
724	176.432	2862	0.237864
725	176.675	2911	0.241936
726	176.919	2903	0.241271
727	177.163	2894	0.240523
728	177.407	2871	0.238612
729	177.651	2896	0.240689
730	177.895	2818	0.234207
731	178.139	2769	0.230134
732	178.383	2792	0.232046
733	178.626	2780	0.231048
734	178.870	2823	0.234622
735	179.114	2763	0.229636
736	179.358	2818	0.234207
737	179.602	2791	0.231963
738	179.846	2742	0.22789
739	180.090	2857	0.237448
740	180.333	2775	0.230633
741	180.577	2751	0.228638
742	180.821	2799	0.232628
743	181.065	2680	0.222737
744	181.309	2768	0.230051
745	181.553	2697	0.22415
746	181.797	2808	0.233376
747	182.041	2649	0.220161
748	182.284	2656	0.220743
749	182.528	2699	0.224316
750	182.772	2716	0.225729
751	183.016	2740	0.227724
752	183.260	2705	0.224815
753	183.504	2680	0.222737
754	183.748	2768	0.230051
755	183.991	2722	0.226228
756	184.235	2702	0.224566
757	184.479	2727	0.226644
758	184.723	2713	0.22548
759	184.967	2736	0.227392
760	185.211	2710	0.225231
761	185.455	2655	0.22066
762	185.698	2786	0.231547
763	185.942	2660	0.221075
764	186.186	2758	0.22922
765	186.430	2670	0.221906
766	186.674	2590	0.215257
767	186.918	2819	0.23429
768	187.162	2728	0.226727
769	187.406	2774	0.23055
770	187.649	2813	0.233791
771	187.893	2730	0.226893
772	188.137	2838	0.235869
773	188.381	2713	0.22548
774	188.625	2735	0.227308
775	188.869	2751	0.228638
776	189.113	2689	0.223485
777	189.356	2778	0.230882
778	189.600	2769	0.230134
779	189.844	2681	0.22282
780	190.088	2793	0.232129
781	190.332	2680	0.222737
782	190.576	2658	0.220909
783	190.820	2689	0.223485
784	191.063	2666	0.221574
785	191.307	2641	0.219496
786	191.551	2590	0.215257
787	191.795	2692	0.223735
788	192.039	2716	0.225729
789	192.283	2682	0.222904
790	192.527	2642	0.219579
791	192.771	2650	0.220244
792	193.014	2625	0.218166
793	193.258	2705	0.224815
794	193.502	2625	0.218166
795	193.746	2691	0.223652
796	193.990	2645	0.219828
797	194.234	2671	0.221989
798	194.478	2632	0.218748
799	194.721	2787	0.23163
800	194.965	2811	0.233625
801	195.209	2653	0.220493
802	195.453	2762	0.229552
803	195.697	2708	0.225064
804	195.941	2751	0.228638
805	196.185	2628	0.218416
806	196.429	2656	0.220743
807	196.672	2796	0.232378
808	196.916	2758	0.22922
809	197.160	2790	0.23188
810	197.404	2742	0.22789
811	197.648	2813	0.233791
812	197.892	2906	0.24152
813	198.136	2915	0.242268
814	198.379	3103	0.257893
815	198.623	3290	0.273435
816	198.867	3531	0.293465
817	199.111	3891	0.323385
818	199.355	3957	0.32887
819	199.599	3964	0.329452
820	199.843	3797	0.315572
821	200.086	3457	0.287315
822	200.330	3092	0.256979
823	200.574	2984	0.248003
824	200.818	2790	0.23188
825	201.062	2768	0.230051
826	201.306	2671	0.221989
827	201.550	2853	0.237116
828	201.794	2802	0.232877
829	202.037	2732	0.227059
830	202.281	2741	0.227807
831	202.525	2695	0.223984
832	202.769	2704	0.224732
833	203.013	2825	0.234788
834	203.257	2900	0.241022
835	203.501	2984	0.248003
836	203.744	3018	0.250829
837	203.988	2896	0.240689
838	204.232	3038	0.252491
839	204.476	2949	0.245094
840	204.720	2860	0.237697
841	204.964	2920	0.242684
842	205.208	2846	0.236534
843	205.451	2672	0.222072
844	205.695	2662	0.221241
845	205.939	2597	0.215839
846	206.183	2578	0.21426
847	206.427	2731	0.226976
848	206.671	2627	0.218332
849	206.915	2618	0.217584
850	207.159	2590	0.215257
851	207.402	2628	0.218416
852	207.646	2527	0.210021
853	207.890	2558	0.212598
854	208.134	2573	0.213844
855	208.378	2615	0.217335
856	208.622	2547	0.211684
857	208.866	2507	0.208359
858	209.109	2587	0.215008
859	209.353	2497	0.207528
860	209.597	2474	0.205616
861	209.841	2520	0.20944
862	210.085	2528	0.210104
863	210.329	2546	0.2116
864	210.573	2439	0.202708
865	210.817	2483	0.206364
866	211.060	2457	0.204204
867	211.304	2435	0.202375
868	211.548	2543	0.211351
869	211.792	2452	0.203788
870	212.036	2356	0.195809
871	212.280	2538	0.210936
872	212.524	2448	0.203456
873	212.767	2426	0.201627
874	213.011	2388	0.198469
875	213.255	2481	0.206198
876	213.499	2448	0.203456
877	213.743	2458	0.204287
878	213.987	2497	0.207528
879	214.231	2415	0.200713
880	214.474	2463	0.204702
881	214.718	2466	0.204952
882	214.962	2484	0.206448
883	215.206	2487	0.206697
884	215.450	2414	0.20063
885	215.694	2499	0.207694
886	215.938	2519	0.209356
887	216.182	2387	0.198386
888	216.425	2429	0.201876
889	216.669	2386	0.198303
890	216.913	2411	0.20038
891	217.157	2486	0.206614
892	217.401	2476	0.205783
893	217.645	2381	0.197887
894	217.889	2369	0.19689
895	218.132	2410	0.200297
896	218.376	2363	0.196391
897	218.620	2400	0.199466
898	218.864	2366	0.19664
899	219.108	2490	0.206946
900	219.352	2342	0.194646
901	219.596	2455	0.204037
902	219.839	2351	0.195394
903	220.083	2323	0.193067
904	220.327	2357	0.195892
905	220.571	2361	0.196225
906	220.815	2338	0.194313
907	221.059	2398	0.1993
908	221.303	2427	0.20171
909	221.547	2393	0.198884
910	221.790	2357	0.195892
911	222.034	2341	0.194563
912	222.278	2333	0.193898
913	222.522	2382	0.19797
914	222.766	2585	0.214842
915	223.010	2613	0.217169
916	223.254	2488	0.20678
917	223.497	2616	0.217418
918	223.741	2791	0.231963
919	223.985	2628	0.218416
920	224.229	2483	0.206364
921	224.473	2453	0.203871
922	224.717	2338	0.194313
923	224.961	2304	0.191488
924	225.205	2266	0.188329
925	225.448	2285	0.189909
926	225.692	2425	0.201544
927	225.936	2325	0.193233
928	226.180	2343	0.194729
929	226.424	2297	0.190906
930	226.668	2348	0.195144
931	226.912	2288	0.190158
932	227.155	2364	0.196474
933	227.399	2284	0.189825
934	227.643	2356	0.195809
935	227.887	2258	0.187665
936	228.131	2257	0.187581
937	228.375	2292	0.19049
938	228.619	2280	0.189493
939	228.862	2373	0.197222
940	229.106	2326	0.193316
941	229.350	2263	0.18808
942	229.594	2340	0.19448
943	229.838	2251	0.187083
944	230.082	2153	0.178938
945	230.326	2319	0.192734
946	230.570	2219	0.184423
947	230.813	2207	0.183426
948	231.057	2287	0.190075
949	231.301	2215	0.184091
950	231.545	2281	0.189576
951	231.789	2286	0.189992
952	232.033	2221	0.184589
953	232.277	2176	0.180849
954	232.520	2188	0.181847
955	232.764	2205	0.18326
956	233.008	2166	0.180018
957	233.252	2159	0.179437
958	233.496	2159	0.179437
959	233.740	2246	0.186667
960	233.984	2256	0.187498
961	234.228	2249	0.186917
962	234.471	2240	0.186169
963	234.715	2126	0.176694
964	234.959	2199	0.182761
965	235.203	2216	0.184174
966	235.447	2221	0.184589
967	235.691	2199	0.182761
968	235.935	2100	0.174533
969	236.178	2134	0.177359
970	236.422	2124	0.176528
971	236.666	2120	0.176195
972	236.910	2112	0.17553
973	237.154	2158	0.179353
974	237.398	2091	0.173785
975	237.642	2111	0.175447
976	237.885	2153	0.178938
977	238.129	2130	0.177026
978	238.373	2125	0.176611
979	238.617	2097	0.174284
980	238.861	2069	0.171957
981	239.105	2128	0.17686
982	239.349	2122	0.176361
983	239.593	2095	0.174117
984	239.836	2053	0.170627
985	240.080	2023	0.168133
986	240.324	2047	0.170128
987	240.568	2055	0.170793
988	240.812	2038	0.16938
989	241.056	2082	0.173037
990	241.300	1980	0.16456
991	241.543	1988	0.165225
992	241.787	2019	0.167801
993	242.031	2115	0.17578
994	242.275	2031	0.168798
995	242.519	2045	0.169962
996	242.763	2039	0.169463
997	243.007	1949	0.161983
998	243.250	1972	0.163895
999	243.494	2019	0.167801
1000	243.738	1935	0.16082
1001	243.982	2032	0.168881
1002	244.226	1962	0.163064
1003	244.470	1920	0.159573
1004	244.714	1937	0.160986
1005	244.958	1946	0.161734
1006	245.201	2011	0.167136
1007	245.445	1938	0.161069
1008	245.689	1949	0.161983
1009	245.933	1984	0.164892
1010	246.177	1982	0.164726
1011	246.421	1954	0.162399
1012	246.665	1954	0.162399
1013	246.908	2041	0.169629
1014	247.152	1923	0.159822
1015	247.396	1890	0.15708
1016	247.640	1945	0.161651
1017	247.884	1978	0.164393
1018	248.128	1831	0.152176
1019	248.372	1943	0.161485
1020	248.616	1944	0.161568
1021	248.859	1866	0.155085
1022	249.103	1965	0.163313
1023	249.347	2007	0.166804
1024	249.591	1791	0.148852
1025	249.835	1856	0.154254
1026	250.079	1902	0.158077
1027	250.323	1922	0.159739
1028	250.566	1960	0.162897
1029	250.810	1827	0.151844
1030	251.054	1964	0.16323
1031	251.298	1926	0.160072
1032	251.542	1838	0.152758
1033	251.786	1834	0.152425
1034	252.030	1891	0.157163
1035	252.273	1845	0.15334
1036	252.517	1836	0.152592
1037	252.761	1943	0.161485
1038	253.005	1862	0.154753
1039	253.249	1903	0.15816
1040	253.493	1839	0.152841
1041	253.737	1931	0.160487
1042	253.981	1956	0.162565
1043	254.224	1807	0.150181
1044	254.468	1913	0.158991
1045	254.712	1873	0.155667
1046	254.956	1871	0.155501
1047	255.200	1895	0.157495
1048	255.444	1938	0.161069
1049	255.688	1915	0.159157
1050	255.931	1886	0.156747
1051	256.175	1859	0.154503
1052	256.419	1823	0.151511
1053	256.663	1878	0.156082
1054	256.907	1880	0.156249
1055	257.151	1801	0.149683
1056	257.395	1792	0.148935
1057	257.638	1802	0.149766
1058	257.882	1794	0.149101
1059	258.126	1874	0.15575
1060	258.370	1819	0.151179
1061	258.614	1844	0.153257
1062	258.858	1802	0.149766
1063	259.102	1882	0.156415
1064	259.346	1857	0.154337
1065	259.589	1850	0.153755
1066	259.833	1747	0.145195
1067	260.077	1810	0.150431
1068	260.321	1836	0.152592
1069	260.565	1903	0.15816
1070	260.809	1899	0.157828
1071	261.053	1739	0.14453
1072	261.296	1854	0.154088
1073	261.540	1761	0.146358
1074	261.784	1788	0.148602
1075	262.028	1764	0.146608
1076	262.272	1841	0.153007
1077	262.516	1764	0.146608
1078	262.760	1802	0.149766
1079	263.004	1773	0.147356
1080	263.247	1807	0.150181
1081	263.491	1848	0.153589
1082	263.735	1718	0.142785
1083	263.979	1756	0.145943
1084	264.223	1729	0.143699
1085	264.467	1833	0.152342
1086	264.711	1783	0.148187
1087	264.954	1776	0.147605
1088	265.198	1726	0.143449
1089	265.442	1737	0.144364
1090	265.686	1836	0.152592
1091	265.930	1851	0.153838
1092	266.174	1808	0.150265
1093	266.418	1873	0.155667
1094	266.661	1838	0.152758
1095	266.905	1734	0.144114
1096	267.149	1869	0.155334
1097	267.393	1785	0.148353
1098	267.637	1756	0.145943
1099	267.881	1857	0.154337
1100	268.125	1774	0.147439
1101	268.369	1750	0.145444
1102	268.612	1786	0.148436
1103	268.856	1750	0.145444
1104	269.100	1727	0.143533
1105	269.344	1793	0.149018
1106	269.588	1764	0.146608
1107	269.832	1699	0.141205
1108	270.076	1743	0.144862
1109	270.319	1804	0.149932
1110	270.563	1765	0.146691
1111	270.807	1799	0.149517
1112	271.051	1750	0.145444
1113	271.295	1779	0.147854
1114	271.539	1741	0.144696
1115	271.783	1797	0.14935
1116	272.026	1814	0.150763
1117	272.270	1802	0.149766
1118	272.514	1764	0.146608
1119	272.758	1792	0.148935
1120	273.002	1760	0.146275
1121	273.246	1750	0.145444
1122	273.490	1666	0.138463
1123	273.734	1756	0.145943
1124	273.977	1781	0.148021
1125	274.221	1773	0.147356
1126	274.465	1786	0.148436
1127	274.709	1760	0.146275
1128	274.953	1862	0.154753
1129	275.197	1927	0.160155
1130	275.441	2180	0.181182
1131	275.684	2741	0.227807
1132	275.928	3370	0.280084
1133	276.172	4255	0.353637
1134	276.416	5156	0.42852
1135	276.660	5648	0.469411
1136	276.904	5657	0.470159
1137	277.148	5229	0.434587
1138	277.392	4369	0.363112
1139	277.635	3528	0.293215
1140	277.879	2849	0.236783
1141	278.123	2233	0.185587
1142	278.367	1947	0.161817
1143	278.611	1795	0.149184
1144	278.855	1788	0.148602
1145	279.099	1761	0.146358
1146	279.342	1707	0.14187
1147	279.586	1701	0.141372
1148	279.830	1696	0.140956
1149	280.074	1715	0.142535
1150	280.318	1629	0.135388
1151	280.562	1711	0.142203
1152	280.806	1696	0.140956
1153	281.049	1756	0.145943
1154	281.293	1669	0.138712
1155	281.537	1726	0.143449
1156	281.781	1725	0.143366
1157	282.025	1751	0.145527
1158	282.269	1637	0.136053
1159	282.513	1783	0.148187
1160	282.757	1802	0.149766
1161	283.000	1656	0.137632
1162	283.244	1701	0.141372
1163	283.488	1710	0.14212
1164	283.732	1731	0.143865
1165	283.976	1764	0.146608
1166	284.220	1733	0.144031
1167	284.464	1641	0.136385
1168	284.707	1651	0.137216
1169	284.951	1742	0.144779
1170	285.195	1735	0.144197
1171	285.439	1677	0.139377
1172	285.683	1705	0.141704
1173	285.927	1720	0.142951
1174	286.171	1701	0.141372
1175	286.415	1693	0.140707
1176	286.658	1724	0.143283
1177	286.902	1765	0.146691
1178	287.146	1810	0.150431
1179	287.390	1694	0.14079
1180	287.634	1762	0.146441
1181	287.878	1687	0.140208
1182	288.122	1738	0.144447
1183	288.365	1685	0.140042
1184	288.609	1756	0.145943
1185	288.853	1624	0.134972
1186	289.097	1702	0.141455
1187	289.341	1744	0.144945
1188	289.585	1717	0.142701
1189	289.829	1673	0.139045
1190	290.072	1765	0.146691
1191	290.316	1747	0.145195
1192	290.560	1706	0.141787
1193	290.804	1680	0.139626
1194	291.048	1708	0.141953
1195	291.292	1604	0.13331
1196	291.536	1742	0.144779
1197	291.780	1731	0.143865
1198	292.023	1709	0.142037
1199	292.267	1657	0.137715
1200	292.511	1658	0.137798
1201	292.755	1674	0.139128
1202	292.999	1651	0.137216
1203	293.243	1701	0.141372
1204	293.487	1756	0.145943
1205	293.730	1734	0.144114
1206	293.974	1734	0.144114
1207	294.218	1645	0.136718
1208	294.462	1709	0.142037
1209	294.706	1686	0.140125
1210	294.950	1708	0.141953
1211	295.194	1690	0.140457
1212	295.437	1760	0.146275
1213	295.681	1670	0.138795
1214	295.925	1620	0.13464
1215	296.169	1778	0.147771
1216	296.413	1650	0.137133
1217	296.657	1804	0.149932
1218	296.901	1695	0.140873
1219	297.145	1754	0.145777
1220	297.388	1720	0.142951
1221	297.632	1653	0.137382
1222	297.876	1707	0.14187
1223	298.120	1698	0.141122
1224	298.364	1677	0.139377
1225	298.608	1688	0.140291
1226	298.852	1714	0.142452
1227	299.095	1670	0.138795
1228	299.339	1664	0.138297
1229	299.583	1662	0.13813
1230	299.827	1731	0.143865
1231	300.071	1628	0.135305
1232	300.315	1748	0.145278
1233	300.559	1755	0.14586
1234	300.803	1699	0.141205
1235	301.046	1830	0.152093
1236	301.290	1790	0.148769
1237	301.534	1948	0.1619
1238	301.778	2353	0.19556
1239	302.022	3192	0.26529
1240	302.266	4484	0.372669
1241	302.510	6235	0.518197
1242	302.753	8332	0.69248
1243	302.997	10099	0.839337
1244	303.241	11191	0.930095
1245	303.485	10718	0.890783
1246	303.729	9444	0.7849
1247	303.973	7185	0.597152
1248	304.217	5233	0.43492
1249	304.460	3691	0.306762
1250	304.704	2736	0.227392
1251	304.948	2062	0.171375
1252	305.192	1827	0.151844
1253	305.436	1754	0.145777
1254	305.680	1720	0.142951
1255	305.924	1619	0.134557
1256	306.168	1765	0.146691
1257	306.411	1792	0.148935
1258	306.655	1716	0.142618
1259	306.899	1834	0.152425
1260	307.143	1872	0.155584
1261	307.387	1913	0.158991
1262	307.631	1956	0.162565
1263	307.875	1842	0.15309
1264	308.118	1814	0.150763
1265	308.362	1844	0.153257
1266	308.606	1740	0.144613
1267	308.850	1752	0.14561
1268	309.094	1745	0.145029
1269	309.338	1769	0.147023
1270	309.582	1776	0.147605
1271	309.825	1690	0.140457
1272	310.069	1750	0.145444
1273	310.313	1708	0.141953
1274	310.557	1757	0.146026
1275	310.801	1788	0.148602
1276	311.045	1828	0.151927
1277	311.289	1854	0.154088
1278	311.533	1825	0.151677
1279	311.776	1812	0.150597
1280	312.020	1808	0.150265
1281	312.264	1787	0.148519
1282	312.508	1771	0.147189
1283	312.752	1685	0.140042
1284	312.996	1676	0.139294
1285	313.240	1676	0.139294
1286	313.483	1743	0.144862
1287	313.727	1680	0.139626
1288	313.971	1773	0.147356
1289	314.215	1775	0.147522
1290	314.459	1732	0.143948
1291	314.703	1729	0.143699
1292	314.947	1695	0.140873
1293	315.191	1763	0.146525
1294	315.434	1721	0.143034
1295	315.678	1708	0.141953
1296	315.922	1649	0.13705
1297	316.166	1721	0.143034
1298	316.410	1699	0.141205
1299	316.654	1681	0.139709
1300	316.898	1615	0.134224
1301	317.141	1690	0.140457
1302	317.385	1704	0.141621
1303	317.629	1698	0.141122
1304	317.873	1691	0.140541
1305	318.117	1806	0.150098
1306	318.361	1875	0.155833
1307	318.605	2164	0.179852
1308	318.848	2590	0.215257
1309	319.092	3914	0.325296
1310	319.336	6191	0.51454
1311	319.580	9689	0.805262
1312	319.824	14560	1.2101
1313	320.068	19246	1.59955
1314	320.312	23521	1.95485
1315	320.556	24759	2.05774
1316	320.799	23199	1.92809
1317	321.043	19309	1.60479
1318	321.287	14110	1.1727
1319	321.531	9573	0.795621
1320	321.775	5954	0.494843
1321	322.019	3571	0.296789
1322	322.263	2464	0.204785
1323	322.506	1927	0.160155
1324	322.750	1809	0.150348
1325	322.994	1756	0.145943
1326	323.238	1715	0.142535
1327	323.482	1816	0.150929
1328	323.726	1762	0.146441
1329	323.970	1704	0.141621
1330	324.213	1775	0.147522
1331	324.457	1745	0.145029
1332	324.701	1738	0.144447
1333	324.945	1760	0.146275
1334	325.189	1724	0.143283
1335	325.433	1736	0.144281
1336	325.677	1727	0.143533
1337	325.921	1718	0.142785
1338	326.164	1740	0.144613
1339	326.408	1693	0.140707
1340	326.652	1741	0.144696
1341	326.896	1855	0.154171
1342	327.140	1676	0.139294
1343	327.384	1773	0.147356
1344	327.628	1671	0.138878
1345	327.871	1637	0.136053
1346	328.115	1666	0.138463
1347	328.359	1705	0.141704
1348	328.603	1752	0.14561
1349	328.847	1657	0.137715
1350	329.091	1671	0.138878
1351	329.335	1688	0.140291
1352	329.579	1735	0.144197
1353	329.822	1692	0.140624
1354	330.066	1728	0.143616
1355	330.310	1773	0.147356
1356	330.554	1765	0.146691
1357	330.798	1689	0.140374
1358	331.042	1797	0.14935
1359	331.286	1770	0.147106
1360	331.529	1757	0.146026
1361	331.773	1756	0.145943
1362	332.017	1795	0.149184
1363	332.261	1857	0.154337
1364	332.505	1790	0.148769
1365	332.749	1800	0.1496
1366	332.993	1807	0.150181
1367	333.236	1954	0.162399
1368	333.480	1994	0.165723
1369	333.724	2091	0.173785
1370	333.968	2132	0.177193
1371	334.212	2181	0.181265
1372	334.456	2208	0.183509
1373	334.700	2079	0.172788
1374	334.944	1859	0.154503
1375	335.187	1838	0.152758
1376	335.431	1817	0.151013
1377	335.675	1664	0.138297
1378	335.919	1704	0.141621
1379	336.163	1705	0.141704
1380	336.407	1690	0.140457
1381	336.651	1769	0.147023
1382	336.894	1690	0.140457
1383	337.138	1755	0.14586
1384	337.382	1731	0.143865
1385	337.626	1717	0.142701
1386	337.870	1834	0.152425
1387	338.114	1755	0.14586
1388	338.358	1832	0.152259
1389	338.602	1832	0.152259
1390	338.845	1789	0.148685
1391	339.089	1753	0.145693
1392	339.333	1773	0.147356
1393	339.577	1727	0.143533
1394	339.821	1778	0.147771
1395	340.065	1728	0.143616
1396	340.309	1660	0.137964
1397	340.552	1605	0.133393
1398	340.796	1673	0.139045
1399	341.040	1538	0.127825
1400	341.284	1573	0.130734
1401	341.528	1652	0.137299
1402	341.772	1639	0.136219
1403	342.016	1628	0.135305
1404	342.259	1620	0.13464
1405	342.503	1648	0.136967
1406	342.747	1536	0.127658
1407	342.991	1608	0.133642
1408	343.235	1567	0.130235
1409	343.479	1583	0.131565
1410	343.723	1548	0.128656
1411	343.967	1543	0.12824
1412	344.210	1535	0.127575
1413	344.454	1513	0.125747
1414	344.698	1505	0.125082
1415	344.942	1453	0.12076
1416	345.186	1524	0.126661
1417	345.430	1434	0.119181
1418	345.674	1465	0.121758
1419	345.917	1534	0.127492
1420	346.161	1481	0.123087
1421	346.405	1435	0.119264
1422	346.649	1462	0.121508
1423	346.893	1387	0.115275
1424	347.137	1457	0.121093
1425	347.381	1418	0.117851
1426	347.624	1421	0.118101
1427	347.868	1411	0.11727
1428	348.112	1408	0.11702
1429	348.356	1413	0.117436
1430	348.600	1441	0.119763
1431	348.844	1351	0.112283
1432	349.088	1358	0.112865
1433	349.332	1352	0.112366
1434	349.575	1376	0.114361
1435	349.819	1337	0.111119
1436	350.063	1350	0.1122
1437	350.307	1301	0.108127
1438	350.551	1363	0.11328
1439	350.795	1350	0.1122
1440	351.039	1355	0.112615
1441	351.282	1376	0.114361
1442	351.526	1315	0.109291
1443	351.770	1235	0.102642
1444	352.014	1340	0.111369
1445	352.258	1328	0.110371
1446	352.502	1263	0.104969
1447	352.746	1323	0.109956
1448	352.990	1289	0.10713
1449	353.233	1310	0.108875
1450	353.477	1343	0.111618
1451	353.721	1333	0.110787
1452	353.965	1388	0.115358
1453	354.209	1418	0.117851
1454	354.453	1547	0.128573
1455	354.697	1929	0.160321
1456	354.940	2984	0.248003
1457	355.184	5108	0.424531
1458	355.428	8755	0.727636
1459	355.672	13056	1.0851
1460	355.916	19108	1.58808
1461	356.160	24671	2.05043
1462	356.404	27774	2.30832
1463	356.647	27778	2.30866
1464	356.891	24689	2.05193
1465	357.135	19067	1.58468
1466	357.379	13457	1.11842
1467	357.623	8492	0.705778
1468	357.867	5099	0.423783
1469	358.111	2940	0.244346
1470	358.355	2048	0.170211
1471	358.598	1498	0.1245
1472	358.842	1322	0.109873
1473	359.086	1259	0.104637
1474	359.330	1310	0.108875
1475	359.574	1193	0.0991514
1476	359.818	1253	0.104138
1477	360.062	1296	0.107712
1478	360.305	1247	0.103639
1479	360.549	1278	0.106216
1480	360.793	1308	0.108709
1481	361.037	1240	0.103058
1482	361.281	1260	0.10472
1483	361.525	1197	0.0994838
1484	361.769	1251	0.103972
1485	362.012	1184	0.0984034
1486	362.256	1303	0.108294
1487	362.500	1244	0.10339
1488	362.744	1203	0.0999825
1489	362.988	1248	0.103722
1490	363.232	1230	0.102226
1491	363.476	1281	0.106465
1492	363.720	1282	0.106548
1493	363.963	1160	0.0964087
1494	364.207	1261	0.104803
1495	364.451	1219	0.101312
1496	364.695	1307	0.108626
1497	364.939	1230	0.102226
1498	365.183	1183	0.0983202
1499	365.427	1212	0.10073
1500	365.670	1213	0.100814
1501	365.914	1198	0.0995669
1502	366.158	1255	0.104304
1503	366.402	1267	0.105302
1504	366.646	1193	0.0991514
1505	366.890	1217	0.101146
1506	367.134	1244	0.10339
1507	367.378	1214	0.100897
1508	367.621	1187	0.0986527
1509	367.865	1199	0.09965
1510	368.109	1214	0.100897
1511	368.353	1141	0.0948296
1512	368.597	1204	0.100066
1513	368.841	1177	0.0978216
1514	369.085	1142	0.0949127
1515	369.328	1238	0.102891
1516	369.572	1133	0.0941647
1517	369.816	1196	0.0994007
1518	370.060	1201	0.0998162
1519	370.304	1123	0.0933336
1520	370.548	1151	0.0956607
1521	370.792	1235	0.102642
1522	371.035	1236	0.102725
1523	371.279	1209	0.100481
1524	371.523	1259	0.104637
1525	371.767	1210	0.100564
1526	372.011	1217	0.101146
1527	372.255	1159	0.0963256
1528	372.499	1165	0.0968242
1529	372.743	1122	0.0932505
1530	372.986	1202	0.0998994
1531	373.230	1158	0.0962425
1532	373.474	1183	0.0983202
1533	373.718	1202	0.0998994
1534	373.962	1219	0.101312
1535	374.206	1239	0.102974
1536	374.450	1205	0.100149
1537	374.693	1113	0.0925025
1538	374.937	1167	0.0969905
1539	375.181	1202	0.0998994
1540	375.425	1121	0.0931674
1541	375.669	1131	0.0939985
1542	375.913	1188	0.0987358
1543	376.157	1234	0.102559
1544	376.401	1216	0.101063
1545	376.644	1189	0.0988189
1546	376.888	1118	0.092918
1547	377.132	1161	0.0964918
1548	377.376	1199	0.09965
1549	377.620	1211	0.100647
1550	377.864	1183	0.0983202
1551	378.108	1228	0.10206
1552	378.351	1202	0.0998994
1553	378.595	1106	0.0919207
1554	378.839	1181	0.098154
1555	379.083	1164	0.0967411
1556	379.327	1164	0.0967411
1557	379.571	1184	0.0984034
1558	379.815	1119	0.0930011
1559	380.058	1187	0.0986527
1560	380.302	1077	0.0895105
1561	380.546	1107	0.0920038
1562	380.790	1161	0.0964918
1563	381.034	1122	0.0932505
1564	381.278	1178	0.0979047
1565	381.522	1148	0.0954114
1566	381.766	1170	0.0972398
1567	382.009	1168	0.0970736
1568	382.253	1187	0.0986527
1569	382.497	1280	0.106382
1570	382.741	1299	0.107961
1571	382.985	1565	0.130069
1572	383.229	2047	0.170128
1573	383.473	2598	0.215922
1574	383.716	3439	0.285819
1575	383.960	4294	0.356878
1576	384.204	4678	0.388793
1577	384.448	4771	0.396522
1578	384.692	4569	0.379734
1579	384.936	3924	0.326127
1580	385.180	3124	0.259639
1581	385.423	2418	0.200962
1582	385.667	1897	0.157661
1583	385.911	1643	0.136551
1584	386.155	1495	0.124251
1585	386.399	1525	0.126744
1586	386.643	1668	0.138629
1587	386.887	1841	0.153007
1588	387.131	2008	0.166887
1589	387.374	2119	0.176112
1590	387.618	1995	0.165806
1591	387.862	1912	0.158908
1592	388.106	1702	0.141455
1593	388.350	1523	0.126578
1594	388.594	1338	0.111202
1595	388.838	1179	0.0979878
1596	389.081	1145	0.095162
1597	389.325	1145	0.095162
1598	389.569	1146	0.0952451
1599	389.813	1174	0.0975722
1600	390.057	1101	0.0915051
1601	390.301	1114	0.0925856
1602	390.545	1180	0.0980709
1603	390.789	1232	0.102393
1604	391.032	1260	0.10472
1605	391.276	1306	0.108543
1606	391.520	1236	0.102725
1607	391.764	1299	0.107961
1608	392.008	1243	0.103307
1609	392.252	1331	0.110621
1610	392.496	1217	0.101146
1611	392.739	1195	0.0993176
1612	392.983	1151	0.0956607
1613	393.227	1136	0.094414
1614	393.471	1084	0.0900923
1615	393.715	1053	0.0875158
1616	393.959	1089	0.0905078
1617	394.203	1007	0.0836927
1618	394.446	1089	0.0905078
1619	394.690	1090	0.0905909
1620	394.934	1083	0.0900092
1621	395.178	1104	0.0917545
1622	395.422	1050	0.0872665
1623	395.666	1050	0.0872665
1624	395.910	1078	0.0895936
1625	396.154	1093	0.0908403
1626	396.397	1043	0.0866847
1627	396.641	1103	0.0916714
1628	396.885	1062	0.0882638
1629	397.129	1055	0.087682
1630	397.373	1097	0.0911727
1631	397.617	1036	0.0861029
1632	397.861	1068	0.0887625
1633	398.104	1012	0.0841083
1634	398.348	1068	0.0887625
1635	398.592	1008	0.0837758
1636	398.836	1089	0.0905078
1637	399.080	1080	0.0897598
1638	399.324	1095	0.0910065
1639	399.568	1033	0.0858536
1640	399.811	1049	0.0871834
1641	400.055	1050	0.0872665
1642	400.299	1057	0.0878483
1643	400.543	1029	0.0855212
1644	400.787	1067	0.0886794
1645	401.031	1018	0.0846069
1646	401.275	1017	0.0845238
1647	401.519	1010	0.0839421
1648	401.762	1040	0.0864354
1649	402.006	1111	0.0923363
1650	402.250	1072	0.0890949
1651	402.494	1050	0.0872665
1652	402.738	1083	0.0900092
1653	402.982	988	0.0821136
1654	403.226	1054	0.0875989
1655	403.469	1037	0.086186
1656	403.713	987	0.0820305
1657	403.957	1049	0.0871834
1658	404.201	990	0.0822798
1659	404.445	1059	0.0880145
1660	404.689	997	0.0828616
1661	404.933	1022	0.0849394
1662	405.177	1062	0.0882638
1663	405.420	1033	0.0858536
1664	405.664	1025	0.0851887
1665	405.908	1024	0.0851056
1666	406.152	994	0.0826123
1667	406.396	992	0.0824461
1668	406.640	1082	0.089926
1669	406.884	1035	0.0860198
1670	407.127	1034	0.0859367
1671	407.371	1049	0.0871834
1672	407.615	1080	0.0897598
1673	407.859	1001	0.0831941
1674	408.103	1002	0.0832772
1675	408.347	1021	0.0848563
1676	408.591	1031	0.0856874
1677	408.834	1053	0.0875158
1678	409.078	994	0.0826123
1679	409.322	1011	0.0840252
1680	409.566	1030	0.0856043
1681	409.810	1063	0.0883469
1682	410.054	1047	0.0870172
1683	410.298	1019	0.0846901
1684	410.542	983	0.0816981
1685	410.785	1019	0.0846901
1686	411.029	1032	0.0857705
1687	411.273	1023	0.0850225
1688	411.517	1042	0.0866016
1689	411.761	958	0.0796203
1690	412.005	1075	0.0893443
1691	412.249	1052	0.0874327
1692	412.492	1041	0.0865185
1693	412.736	1026	0.0852718
1694	412.980	1029	0.0855212
1695	413.224	1000	0.0831109
1696	413.468	1025	0.0851887
1697	413.712	1039	0.0863523
1698	413.956	1055	0.087682
1699	414.199	999	0.0830278
1700	414.443	1051	0.0873496
1701	414.687	1119	0.0930011
1702	414.931	1129	0.0938323
1703	415.175	1189	0.0988189
1704	415.419	1157	0.0961594
1705	415.663	1135	0.0943309
1706	415.907	1102	0.0915883
1707	416.150	1082	0.089926
1708	416.394	1052	0.0874327
1709	416.638	1023	0.0850225
1710	416.882	1008	0.0837758
1711	417.126	1000	0.0831109
1712	417.370	1042	0.0866016
1713	417.614	1002	0.0832772
1714	417.857	967	0.0803683
1715	418.101	1041	0.0865185
1716	418.345	1060	0.0880976
1717	418.589	1052	0.0874327
1718	418.833	1037	0.086186
1719	419.077	1068	0.0887625
1720	419.321	1056	0.0877652
1721	419.565	1091	0.090674
1722	419.808	1045	0.0868509
1723	420.052	1083	0.0900092
1724	420.296	1085	0.0901754
1725	420.540	1014	0.0842745
1726	420.784	1003	0.0833603
1727	421.028	979	0.0813656
1728	421.272	1040	0.0864354
1729	421.515	1029	0.0855212
1730	421.759	1010	0.0839421
1731	422.003	1019	0.0846901
1732	422.247	1074	0.0892612
1733	422.491	1063	0.0883469
1734	422.735	998	0.0829447
1735	422.979	1091	0.090674
1736	423.222	958	0.0796203
1737	423.466	1083	0.0900092
1738	423.710	1023	0.0850225
1739	423.954	1049	0.0871834
1740	424.198	994	0.0826123
1741	424.442	1039	0.0863523
1742	424.686	1043	0.0866847
1743	424.930	957	0.0795372
1744	425.173	1018	0.0846069
1745	425.417	1022	0.0849394
1746	425.661	1006	0.0836096
1747	425.905	1028	0.085438
1748	426.149	983	0.0816981
1749	426.393	1043	0.0866847
1750	426.637	1062	0.0882638
1751	426.880	1025	0.0851887
1752	427.124	1089	0.0905078
1753	427.368	1014	0.0842745
1754	427.612	998	0.0829447
1755	427.856	1112	0.0924194
1756	428.100	991	0.0823629
1757	428.344	978	0.0812825
1758	428.588	1048	0.0871003
1759	428.831	1014	0.0842745
1760	429.075	999	0.0830278
1761	429.319	1020	0.0847732
1762	429.563	1068	0.0887625
1763	429.807	1047	0.0870172
1764	430.051	1002	0.0832772
1765	430.295	969	0.0805345
1766	430.538	1037	0.086186
1767	430.782	1001	0.0831941
1768	431.026	988	0.0821136
1769	431.270	1068	0.0887625
1770	431.514	962	0.0799527
1771	431.758	1021	0.0848563
1772	432.002	1012	0.0841083
1773	432.245	983	0.0816981
1774	432.489	1002	0.0832772
1775	432.733	1064	0.08843
1776	432.977	1023	0.0850225
1777	433.221	1026	0.0852718
1778	433.465	1003	0.0833603
1779	433.709	1028	0.085438
1780	433.953	974	0.0809501
1781	434.196	1046	0.086934
1782	434.440	1042	0.0866016
1783	434.684	1065	0.0885132
1784	434.928	1022	0.0849394
1785	435.172	1021	0.0848563
1786	435.416	1053	0.0875158
1787	435.660	1037	0.086186
1788	435.903	1059	0.0880145
1789	436.147	1083	0.0900092
1790	436.391	1098	0.0912558
1791	436.635	1241	0.103141
1792	436.879	1279	0.106299
1793	437.123	1388	0.115358
1794	437.367	1414	0.117519
1795	437.610	1480	0.123004
1796	437.854	1504	0.124999
1797	438.098	1343	0.111618
1798	438.342	1274	0.105883
1799	438.586	1274	0.105883
1800	438.830	1071	0.0890118
1801	439.074	1011	0.0840252
1802	439.318	968	0.0804514
1803	439.561	1080	0.0897598
1804	439.805	1052	0.0874327
1805	440.049	1020	0.0847732
1806	440.293	975	0.0810332
1807	440.537	1028	0.085438
1808	440.781	1035	0.0860198
1809	441.025	1055	0.087682
1810	441.268	1049	0.0871834
1811	441.512	1020	0.0847732
1812	441.756	1088	0.0904247
1813	442.000	1008	0.0837758
1814	442.244	1042	0.0866016
1815	442.488	1051	0.0873496
1816	442.732	1011	0.0840252
1817	442.976	969	0.0805345
1818	443.219	1117	0.0928349
1819	443.463	1000	0.0831109
1820	443.707	1014	0.0842745
1821	443.951	1005	0.0835265
1822	444.195	1047	0.0870172
1823	444.439	1124	0.0934167
1824	444.683	1032	0.0857705
1825	444.926	1099	0.0913389
1826	445.170	1097	0.0911727
1827	445.414	975	0.0810332
1828	445.658	1073	0.089178
1829	445.902	988	0.0821136
1830	446.146	1038	0.0862692
1831	446.390	1063	0.0883469
1832	446.633	1055	0.087682
1833	446.877	1069	0.0888456
1834	447.121	1030	0.0856043
1835	447.365	1012	0.0841083
1836	447.609	1059	0.0880145
1837	447.853	1067	0.0886794
1838	448.097	1058	0.0879314
1839	448.341	1040	0.0864354
1840	448.584	1064	0.08843
1841	448.828	1085	0.0901754
1842	449.072	1084	0.0900923
1843	449.316	1090	0.0905909
1844	449.560	1028	0.085438
1845	449.804	1024	0.0851056
1846	450.048	1055	0.087682
1847	450.291	1017	0.0845238
1848	450.535	1010	0.0839421
1849	450.779	1042	0.0866016
1850	451.023	1047	0.0870172
1851	451.267	1056	0.0877652
1852	451.511	1040	0.0864354
1853	451.755	1071	0.0890118
1854	451.998	942	0.0782905
1855	452.242	1076	0.0894274
1856	452.486	1017	0.0845238
1857	452.730	1037	0.086186
1858	452.974	1049	0.0871834
1859	453.218	1098	0.0912558
1860	453.462	1056	0.0877652
1861	453.706	1026	0.0852718
1862	453.949	1046	0.086934
1863	454.193	1050	0.0872665
1864	454.437	1066	0.0885963
1865	454.681	1050	0.0872665
1866	454.925	1049	0.0871834
1867	455.169	1036	0.0861029
1868	455.413	1024	0.0851056
1869	455.656	1070	0.0889287
1870	455.900	1116	0.0927518
1871	456.144	1064	0.08843
1872	456.388	1027	0.0853549
1873	456.632	1039	0.0863523
1874	456.876	1045	0.0868509
1875	457.120	1010	0.0839421
1876	457.364	1045	0.0868509
1877	457.607	1070	0.0889287
1878	457.851	1032	0.0857705
1879	458.095	1034	0.0859367
1880	458.339	1091	0.090674
1881	458.583	1103	0.0916714
1882	458.827	1034	0.0859367
1883	459.071	1053	0.0875158
1884	459.314	1116	0.0927518
1885	459.558	1048	0.0871003
1886	459.802	1081	0.0898429
1887	460.046	1054	0.0875989
1888	460.290	1083	0.0900092
1889	460.534	1076	0.0894274
1890	460.778	1093	0.0908403
1891	461.021	1052	0.0874327
1892	461.265	1048	0.0871003
1893	461.509	1099	0.0913389
1894	461.753	1055	0.087682
1895	461.997	1089	0.0905078
1896	462.241	1100	0.091422
1897	462.485	1089	0.0905078
1898	462.729	1066	0.0885963
1899	462.972	1099	0.0913389
1900	463.216	1074	0.0892612
1901	463.460	1077	0.0895105
1902	463.704	1075	0.0893443
1903	463.948	1080	0.0897598
1904	464.192	1020	0.0847732
1905	464.436	1058	0.0879314
1906	464.679	1137	0.0944971
1907	464.923	1106	0.0919207
1908	465.167	1035	0.0860198
1909	465.411	1095	0.0910065
1910	465.655	1076	0.0894274
1911	465.899	1046	0.086934
1912	466.143	1033	0.0858536
1913	466.386	1065	0.0885132
1914	466.630	1075	0.0893443
1915	466.874	1152	0.0957438
1916	467.118	1021	0.0848563
1917	467.362	1053	0.0875158
1918	467.606	1040	0.0864354
1919	467.850	1064	0.08843
1920	468.094	1107	0.0920038
1921	468.337	1141	0.0948296
1922	468.581	1052	0.0874327
1923	468.825	1095	0.0910065
1924	469.069	1135	0.0943309
1925	469.313	1088	0.0904247
1926	469.557	1075	0.0893443
1927	469.801	1074	0.0892612
1928	470.044	1085	0.0901754
1929	470.288	1047	0.0870172
1930	470.532	1048	0.0871003
1931	470.776	1029	0.0855212
1932	471.020	1088	0.0904247
1933	471.264	1025	0.0851887
1934	471.508	1070	0.0889287
1935	471.752	1024	0.0851056
1936	471.995	1088	0.0904247
1937	472.239	1038	0.0862692
1938	472.483	1049	0.0871834
1939	472.727	1053	0.0875158
1940	472.971	1090	0.0905909
1941	473.215	1106	0.0919207
1942	473.459	1041	0.0865185
1943	473.702	1020	0.0847732
1944	473.946	1083	0.0900092
1945	474.190	1061	0.0881807
1946	474.434	1073	0.089178
1947	474.678	1108	0.0920869
1948	474.922	981	0.0815318
1949	475.166	1055	0.087682
1950	475.409	1044	0.0867678
1951	475.653	1060	0.0880976
1952	475.897	1020	0.0847732
1953	476.141	1021	0.0848563
1954	476.385	1034	0.0859367
1955	476.629	1030	0.0856043
1956	476.873	1064	0.08843
1957	477.117	979	0.0813656
1958	477.360	991	0.0823629
1959	477.604	999	0.0830278
1960	477.848	970	0.0806176
1961	478.092	1016	0.0844407
1962	478.336	1019	0.0846901
1963	478.580	972	0.0807838
1964	478.824	976	0.0811163
1965	479.067	939	0.0780412
1966	479.311	945	0.0785398
1967	479.555	958	0.0796203
1968	479.799	978	0.0812825
1969	480.043	943	0.0783736
1970	480.287	932	0.0774594
1971	480.531	897	0.0745505
1972	480.775	917	0.0762127
1973	481.018	924	0.0767945
1974	481.262	964	0.0801189
1975	481.506	923	0.0767114
1976	481.750	900	0.0747998
1977	481.994	926	0.0769607
1978	482.238	912	0.0757972
1979	482.482	942	0.0782905
1980	482.725	900	0.0747998
1981	482.969	937	0.077875
1982	483.213	907	0.0753816
1983	483.457	862	0.0716416
1984	483.701	902	0.0749661
1985	483.945	926	0.0769607
1986	484.189	919	0.076379
1987	484.432	961	0.0798696
1988	484.676	911	0.0757141
1989	484.920	907	0.0753816
1990	485.164	933	0.0775425
1991	485.408	905	0.0752154
1992	485.652	934	0.0776256
1993	485.896	970	0.0806176
1994	486.140	936	0.0777918
1995	486.383	914	0.0759634
1996	486.627	890	0.0739687
1997	486.871	876	0.0728052
1998	487.115	917	0.0762127
1999	487.359	841	0.0698963
2000	487.603	887	0.0737194
2001	487.847	860	0.0714754
2002	488.090	920	0.0764621
2003	488.334	857	0.0712261
2004	488.578	883	0.073387
2005	488.822	883	0.073387
2006	489.066	908	0.0754647
2007	489.310	884	0.0734701
2008	489.554	905	0.0752154
2009	489.797	894	0.0743012
2010	490.041	904	0.0751323
2011	490.285	853	0.0708936
2012	490.529	885	0.0735532
2013	490.773	914	0.0759634
2014	491.017	862	0.0716416
2015	491.261	869	0.0722234
2016	491.505	887	0.0737194
2017	491.748	847	0.070395
2018	491.992	906	0.0752985
2019	492.236	856	0.071143
2020	492.480	868	0.0721403
2021	492.724	882	0.0733039
2022	492.968	882	0.0733039
2023	493.212	813	0.0675692
2024	493.455	854	0.0709767
2025	493.699	906	0.0752985
2026	493.943	839	0.0697301
2027	494.187	909	0.0755478
2028	494.431	874	0.072639
2029	494.675	845	0.0702287
2030	494.919	887	0.0737194
2031	495.163	848	0.0704781
2032	495.406	902	0.0749661
2033	495.650	852	0.0708105
2034	495.894	824	0.0684834
2035	496.138	882	0.0733039
2036	496.382	799	0.0664056
2037	496.626	872	0.0724727
2038	496.870	854	0.0709767
2039	497.113	835	0.0693976
2040	497.357	862	0.0716416
2041	497.601	887	0.0737194
2042	497.845	854	0.0709767
2043	498.089	915	0.0760465
2044	498.333	861	0.0715585
2045	498.577	848	0.0704781
2046	498.820	916	0.0761296
2047	499.064	875	0.0727221
2048	499.308	885	0.0735532
2049	499.552	896	0.0744674
2050	499.796	873	0.0725559
2051	500.040	861	0.0715585
2052	500.284	888	0.0738025
2053	500.528	890	0.0739687
2054	500.771	848	0.0704781
2055	501.015	852	0.0708105
2056	501.259	842	0.0699794
2057	501.503	872	0.0724727
2058	501.747	800	0.0664888
2059	501.991	850	0.0706443
2060	502.235	914	0.0759634
2061	502.478	863	0.0717247
2062	502.722	907	0.0753816
2063	502.966	797	0.0662394
2064	503.210	800	0.0664888
2065	503.454	862	0.0716416
2066	503.698	872	0.0724727
2067	503.942	872	0.0724727
2068	504.185	863	0.0717247
2069	504.429	835	0.0693976
2070	504.673	842	0.0699794
2071	504.917	840	0.0698132
2072	505.161	878	0.0729714
2073	505.405	856	0.071143
2074	505.649	844	0.0701456
2075	505.893	878	0.0729714
2076	506.136	817	0.0679016
2077	506.380	809	0.0672368
2078	506.624	906	0.0752985
2079	506.868	874	0.072639
2080	507.112	839	0.0697301
2081	507.356	823	0.0684003
2082	507.600	840	0.0698132
2083	507.843	856	0.071143
2084	508.087	871	0.0723896
2085	508.331	896	0.0744674
2086	508.575	857	0.0712261
2087	508.819	843	0.0700625
2088	509.063	915	0.0760465
2089	509.307	903	0.0750492
2090	509.551	952	0.0791216
2091	509.794	998	0.0829447
2092	510.038	1060	0.0880976
2093	510.282	1147	0.0953283
2094	510.526	1105	0.0918376
2095	510.770	1210	0.100564
2096	511.014	1242	0.103224
2097	511.258	1277	0.106133
2098	511.501	1441	0.119763
2099	511.745	1381	0.114776
2100	511.989	1338	0.111202
2101	512.233	1401	0.116438
2102	512.477	1534	0.127492
2103	512.721	2092	0.173868
2104	512.965	3396	0.282245
2105	513.208	5722	0.475561
2106	513.452	9949	0.826871
2107	513.696	16068	1.33543
2108	513.940	23864	1.98336
2109	514.184	31872	2.64891
2110	514.428	38059	3.16312
2111	514.672	41599	3.45733
2112	514.916	39765	3.30491
2113	515.159	33843	2.81272
2114	515.403	25791	2.14351
2115	515.647	17384	1.4448
2116	515.891	10794	0.8971
2117	516.135	6073	0.504733
2118	516.379	3342	0.277757
2119	516.623	1949	0.161983
2120	516.866	1273	0.1058
2121	517.110	981	0.0815318
2122	517.354	898	0.0746336
2123	517.598	943	0.0783736
2124	517.842	891	0.0740518
2125	518.086	933	0.0775425
2126	518.330	868	0.0721403
2127	518.573	911	0.0757141
2128	518.817	851	0.0707274
2129	519.061	896	0.0744674
2130	519.305	867	0.0720572
2131	519.549	849	0.0705612
2132	519.793	865	0.071891
2133	520.037	844	0.0701456
2134	520.281	870	0.0723065
2135	520.524	827	0.0687327
2136	520.768	805	0.0669043
2137	521.012	853	0.0708936
2138	521.256	851	0.0707274
2139	521.500	859	0.0713923
2140	521.744	891	0.0740518
2141	521.988	852	0.0708105
2142	522.231	852	0.0708105
2143	522.475	825	0.0685665
2144	522.719	797	0.0662394
2145	522.963	850	0.0706443
2146	523.207	877	0.0728883
2147	523.451	850	0.0706443
2148	523.695	842	0.0699794
2149	523.939	875	0.0727221
2150	524.182	888	0.0738025
2151	524.426	873	0.0725559
2152	524.670	929	0.0772101
2153	524.914	906	0.0752985
2154	525.158	871	0.0723896
2155	525.402	898	0.0746336
2156	525.646	949	0.0788723
2157	525.889	914	0.0759634
2158	526.133	920	0.0764621
2159	526.377	984	0.0817812
2160	526.621	940	0.0781243
2161	526.865	995	0.0826954
2162	527.109	990	0.0822798
2163	527.353	980	0.0814487
2164	527.596	1069	0.0888456
2165	527.840	1063	0.0883469
2166	528.084	1010	0.0839421
2167	528.328	998	0.0829447
2168	528.572	980	0.0814487
2169	528.816	953	0.0792047
2170	529.060	876	0.0728052
2171	529.304	822	0.0683172
2172	529.547	867	0.0720572
2173	529.791	831	0.0690652
2174	530.035	824	0.0684834
2175	530.279	836	0.0694807
2176	530.523	847	0.070395
2177	530.767	811	0.067403
2178	531.011	774	0.0643279
2179	531.254	819	0.0680679
2180	531.498	788	0.0654914
2181	531.742	791	0.0657408
2182	531.986	804	0.0668212
2183	532.230	794	0.0659901
2184	532.474	765	0.0635799
2185	532.718	806	0.0669874
2186	532.962	770	0.0639954
2187	533.205	814	0.0676523
2188	533.449	810	0.0673199
2189	533.693	743	0.0617514
2190	533.937	821	0.0682341
2191	534.181	826	0.0686496
2192	534.425	792	0.0658239
2193	534.669	771	0.0640785
2194	534.912	732	0.0608372
2195	535.156	798	0.0663225
2196	535.400	802	0.066655
2197	535.644	801	0.0665719
2198	535.888	796	0.0661563
2199	536.132	790	0.0656576
2200	536.376	766	0.063663
2201	536.619	788	0.0654914
2202	536.863	771	0.0640785
2203	537.107	820	0.068151
2204	537.351	807	0.0670705
2205	537.595	766	0.063663
2206	537.839	758	0.0629981
2207	538.083	789	0.0655745
2208	538.327	769	0.0639123
2209	538.570	709	0.0589257
2210	538.814	776	0.0644941
2211	539.058	797	0.0662394
2212	539.302	784	0.065159
2213	539.546	797	0.0662394
2214	539.790	804	0.0668212
2215	540.034	771	0.0640785
2216	540.277	794	0.0659901
2217	540.521	723	0.0600892
2218	540.765	745	0.0619177
2219	541.009	765	0.0635799
2220	541.253	757	0.062915
2221	541.497	826	0.0686496
2222	541.741	759	0.0630812
2223	541.984	763	0.0634136
2224	542.228	754	0.0626657
2225	542.472	737	0.0612528
2226	542.716	754	0.0626657
2227	542.960	790	0.0656576
2228	543.204	797	0.0662394
2229	543.448	779	0.0647434
2230	543.692	804	0.0668212
2231	543.935	720	0.0598399
2232	544.179	753	0.0625825
2233	544.423	766	0.063663
2234	544.667	774	0.0643279
2235	544.911	749	0.0622501
2236	545.155	754	0.0626657
2237	545.399	790	0.0656576
2238	545.642	772	0.0641616
2239	545.886	740	0.0615021
2240	546.130	766	0.063663
2241	546.374	730	0.060671
2242	546.618	761	0.0632474
2243	546.862	787	0.0654083
2244	547.106	786	0.0653252
2245	547.350	795	0.0660732
2246	547.593	791	0.0657408
2247	547.837	734	0.0610034
2248	548.081	785	0.0652421
2249	548.325	775	0.064411
2250	548.569	749	0.0622501
2251	548.813	760	0.0631643
2252	549.057	724	0.0601723
2253	549.300	790	0.0656576
2254	549.544	798	0.0663225
2255	549.788	806	0.0669874
2256	550.032	761	0.0632474
2257	550.276	758	0.0629981
2258	550.520	729	0.0605879
2259	550.764	758	0.0629981
2260	551.007	803	0.0667381
2261	551.251	784	0.065159
2262	551.495	730	0.060671
2263	551.739	694	0.057679
2264	551.983	759	0.0630812
2265	552.227	777	0.0645772
2266	552.471	786	0.0653252
2267	552.715	760	0.0631643
2268	552.958	778	0.0646603
2269	553.202	775	0.064411
2270	553.446	743	0.0617514
2271	553.690	758	0.0629981
2272	553.934	765	0.0635799
2273	554.178	724	0.0601723
2274	554.422	745	0.0619177
2275	554.665	766	0.063663
2276	554.909	724	0.0601723
2277	555.153	744	0.0618345
2278	555.397	771	0.0640785
2279	555.641	757	0.062915
2280	555.885	753	0.0625825
2281	556.129	770	0.0639954
2282	556.372	723	0.0600892
2283	556.616	759	0.0630812
2284	556.860	747	0.0620839
2285	557.104	763	0.0634136
2286	557.348	782	0.0649928
2287	557.592	746	0.0620008
2288	557.836	763	0.0634136
2289	558.080	688	0.0571803
2290	558.323	749	0.0622501
2291	558.567	700	0.0581777
2292	558.811	783	0.0650759
2293	559.055	767	0.0637461
2294	559.299	766	0.063663
2295	559.543	780	0.0648265
2296	559.787	781	0.0649096
2297	560.030	710	0.0590088
2298	560.274	772	0.0641616
2299	560.518	781	0.0649096
2300	560.762	756	0.0628319
2301	561.006	755	0.0627488
2302	561.250	772	0.0641616
2303	561.494	687	0.0570972
2304	561.738	757	0.062915
2305	561.981	795	0.0660732
2306	562.225	761	0.0632474
2307	562.469	734	0.0610034
2308	562.713	781	0.0649096
2309	562.957	756	0.0628319
2310	563.201	754	0.0626657
2311	563.445	723	0.0600892
2312	563.688	746	0.0620008
2313	563.932	748	0.062167
2314	564.176	765	0.0635799
2315	564.420	754	0.0626657
2316	564.664	689	0.0572634
2317	564.908	748	0.062167
2318	565.152	728	0.0605048
2319	565.395	712	0.059175
2320	565.639	780	0.0648265
2321	565.883	728	0.0605048
2322	566.127	773	0.0642448
2323	566.371	742	0.0616683
2324	566.615	759	0.0630812
2325	566.859	716	0.0595074
2326	567.103	771	0.0640785
2327	567.346	745	0.0619177
2328	567.590	761	0.0632474
2329	567.834	730	0.060671
2330	568.078	806	0.0669874
2331	568.322	788	0.0654914
2332	568.566	759	0.0630812
2333	568.810	736	0.0611697
2334	569.053	766	0.063663
2335	569.297	773	0.0642448
2336	569.541	766	0.063663
2337	569.785	755	0.0627488
2338	570.029	767	0.0637461
2339	570.273	758	0.0629981
2340	570.517	793	0.065907
2341	570.761	764	0.0634968
2342	571.004	771	0.0640785
2343	571.248	755	0.0627488
2344	571.492	772	0.0641616
2345	571.736	784	0.065159
2346	571.980	750	0.0623332
2347	572.224	757	0.062915
2348	572.468	780	0.0648265
2349	572.711	770	0.0639954
2350	572.955	744	0.0618345
2351	573.199	775	0.064411
2352	573.443	702	0.0583439
2353	573.687	747	0.0620839
2354	573.931	729	0.0605879
2355	574.175	748	0.062167
2356	574.418	773	0.0642448
2357	574.662	735	0.0610865
2358	574.906	772	0.0641616
2359	575.150	748	0.062167
2360	575.394	722	0.0600061
2361	575.638	715	0.0594243
2362	575.882	767	0.0637461
2363	576.126	712	0.059175
2364	576.369	728	0.0605048
2365	576.613	710	0.0590088
2366	576.857	852	0.0708105
2367	577.101	723	0.0600892
2368	577.345	789	0.0655745
2369	577.589	752	0.0624994
2370	577.833	745	0.0619177
2371	578.076	736	0.0611697
2372	578.320	708	0.0588425
2373	578.564	746	0.0620008
2374	578.808	822	0.0683172
2375	579.052	779	0.0647434
2376	579.296	750	0.0623332
2377	579.540	680	0.0565154
2378	579.783	728	0.0605048
2379	580.027	836	0.0694807
2380	580.271	796	0.0661563
2381	580.515	782	0.0649928
2382	580.759	751	0.0624163
2383	581.003	817	0.0679016
2384	581.247	836	0.0694807
2385	581.491	780	0.0648265
2386	581.734	764	0.0634968
2387	581.978	759	0.0630812
2388	582.222	777	0.0645772
2389	582.466	757	0.062915
2390	582.710	768	0.0638292
2391	582.954	745	0.0619177
2392	583.198	779	0.0647434
2393	583.441	817	0.0679016
2394	583.685	747	0.0620839
2395	583.929	768	0.0638292
2396	584.173	769	0.0639123
2397	584.417	755	0.0627488
2398	584.661	795	0.0660732
2399	584.905	756	0.0628319
2400	585.149	781	0.0649096
2401	585.392	765	0.0635799
2402	585.636	767	0.0637461
2403	585.880	761	0.0632474
2404	586.124	773	0.0642448
2405	586.368	776	0.0644941
2406	586.612	797	0.0662394
2407	586.856	744	0.0618345
2408	587.099	725	0.0602554
2409	587.343	781	0.0649096
2410	587.587	786	0.0653252
2411	587.831	753	0.0625825
2412	588.075	748	0.062167
2413	588.319	819	0.0680679
2414	588.563	811	0.067403
2415	588.806	707	0.0587594
2416	589.050	801	0.0665719
2417	589.294	756	0.0628319
2418	589.538	798	0.0663225
2419	589.782	743	0.0617514
2420	590.026	781	0.0649096
2421	590.270	799	0.0664056
2422	590.514	761	0.0632474
2423	590.757	799	0.0664056
2424	591.001	787	0.0654083
2425	591.245	731	0.0607541
2426	591.489	746	0.0620008
2427	591.733	839	0.0697301
2428	591.977	756	0.0628319
2429	592.221	785	0.0652421
2430	592.464	734	0.0610034
2431	592.708	754	0.0626657
2432	592.952	794	0.0659901
2433	593.196	788	0.0654914
2434	593.440	755	0.0627488
2435	593.684	775	0.064411
2436	593.928	797	0.0662394
2437	594.171	747	0.0620839
2438	594.415	811	0.067403
2439	594.659	755	0.0627488
2440	594.903	782	0.0649928
2441	595.147	796	0.0661563
2442	595.391	796	0.0661563
2443	595.635	747	0.0620839
2444	595.879	731	0.0607541
2445	596.122	768	0.0638292
2446	596.366	796	0.0661563
2447	596.610	803	0.0667381
2448	596.854	822	0.0683172
2449	597.098	814	0.0676523
2450	597.342	796	0.0661563
2451	597.586	780	0.0648265
2452	597.829	784	0.065159
2453	598.073	792	0.0658239
2454	598.317	816	0.0678185
2455	598.561	779	0.0647434
2456	598.805	776	0.0644941
2457	599.049	751	0.0624163
2458	599.293	755	0.0627488
2459	599.537	792	0.0658239
2460	599.780	845	0.0702287
2461	600.024	823	0.0684003
2462	600.268	761	0.0632474
2463	600.512	794	0.0659901
2464	600.756	746	0.0620008
2465	601.000	788	0.0654914
2466	601.244	769	0.0639123
2467	601.487	739	0.061419
2468	601.731	775	0.064411
2469	601.975	799	0.0664056
2470	602.219	831	0.0690652
2471	602.463	796	0.0661563
2472	602.707	794	0.0659901
2473	602.951	796	0.0661563
2474	603.194	768	0.0638292
2475	603.438	770	0.0639954
2476	603.682	806	0.0669874
2477	603.926	852	0.0708105
2478	604.170	799	0.0664056
2479	604.414	793	0.065907
2480	604.658	783	0.0650759
2481	604.902	868	0.0721403
2482	605.145	810	0.0673199
2483	605.389	776	0.0644941
2484	605.633	812	0.0674861
2485	605.877	773	0.0642448
2486	606.121	792	0.0658239
2487	606.365	774	0.0643279
2488	606.609	795	0.0660732
2489	606.852	807	0.0670705
2490	607.096	835	0.0693976
2491	607.340	824	0.0684834
2492	607.584	809	0.0672368
2493	607.828	803	0.0667381
2494	608.072	758	0.0629981
2495	608.316	818	0.0679848
2496	608.559	804	0.0668212
2497	608.803	803	0.0667381
2498	609.047	757	0.062915
2499	609.291	779	0.0647434
2500	609.535	777	0.0645772
2501	609.779	806	0.0669874
2502	610.023	801	0.0665719
2503	610.267	861	0.0715585
2504	610.510	833	0.0692314
2505	610.754	818	0.0679848
2506	610.998	820	0.068151
2507	611.242	824	0.0684834
2508	611.486	785	0.0652421
2509	611.730	843	0.0700625
2510	611.974	774	0.0643279
2511	612.217	795	0.0660732
2512	612.461	834	0.0693145
2513	612.705	825	0.0685665
2514	612.949	794	0.0659901
2515	613.193	814	0.0676523
2516	613.437	827	0.0687327
2517	613.681	866	0.0719741
2518	613.925	766	0.063663
2519	614.168	873	0.0725559
2520	614.412	789	0.0655745
2521	614.656	812	0.0674861
2522	614.900	835	0.0693976
2523	615.144	844	0.0701456
2524	615.388	821	0.0682341
2525	615.632	772	0.0641616
2526	615.875	803	0.0667381
2527	616.119	835	0.0693976
2528	616.363	793	0.065907
2529	616.607	841	0.0698963
2530	616.851	827	0.0687327
2531	617.095	825	0.0685665
2532	617.339	806	0.0669874
2533	617.582	832	0.0691483
2534	617.826	866	0.0719741
2535	618.070	785	0.0652421
2536	618.314	845	0.0702287
2537	618.558	811	0.067403
2538	618.802	836	0.0694807
2539	619.046	838	0.069647
2540	619.290	884	0.0734701
2541	619.533	822	0.0683172
2542	619.777	861	0.0715585
2543	620.021	846	0.0703119
2544	620.265	840	0.0698132
2545	620.509	846	0.0703119
2546	620.753	794	0.0659901
2547	620.997	851	0.0707274
2548	621.240	881	0.0732207
2549	621.484	826	0.0686496
2550	621.728	852	0.0708105
2551	621.972	852	0.0708105
2552	622.216	859	0.0713923
2553	622.460	817	0.0679016
2554	622.704	844	0.0701456
2555	622.948	847	0.070395
2556	623.191	868	0.0721403
2557	623.435	841	0.0698963
2558	623.679	866	0.0719741
2559	623.923	883	0.073387
2560	624.167	834	0.0693145
2561	624.411	869	0.0722234
2562	624.655	917	0.0762127
2563	624.898	880	0.0731376
2564	625.142	816	0.0678185
2565	625.386	844	0.0701456
2566	625.630	863	0.0717247
2567	625.874	846	0.0703119
2568	626.118	843	0.0700625
2569	626.362	840	0.0698132
2570	626.605	901	0.074883
2571	626.849	840	0.0698132
2572	627.093	857	0.0712261
2573	627.337	836	0.0694807
2574	627.581	851	0.0707274
2575	627.825	847	0.070395
2576	628.069	819	0.0680679
2577	628.313	836	0.0694807
2578	628.556	845	0.0702287
2579	628.800	833	0.0692314
2580	629.044	927	0.0770438
2581	629.288	926	0.0769607
2582	629.532	888	0.0738025
2583	629.776	831	0.0690652
2584	630.020	852	0.0708105
2585	630.263	856	0.071143
2586	630.507	842	0.0699794
2587	630.751	883	0.073387
2588	630.995	845	0.0702287
2589	631.239	892	0.074135
2590	631.483	831	0.0690652
2591	631.727	833	0.0692314
2592	631.970	922	0.0766283
2593	632.214	799	0.0664056
2594	632.458	806	0.0669874
2595	632.702	817	0.0679016
2596	632.946	896	0.0744674
2597	633.190	820	0.068151
2598	633.434	865	0.071891
2599	633.678	923	0.0767114
2600	633.921	885	0.0735532
2601	634.165	871	0.0723896
2602	634.409	808	0.0671536
2603	634.653	875	0.0727221
2604	634.897	892	0.074135
2605	635.141	864	0.0718079
2606	635.385	880	0.0731376
2607	635.628	907	0.0753816
2608	635.872	879	0.0730545
2609	636.116	927	0.0770438
2610	636.360	820	0.068151
2611	636.604	926	0.0769607
2612	636.848	849	0.0705612
2613	637.092	862	0.0716416
2614	637.336	951	0.0790385
2615	637.579	868	0.0721403
2616	637.823	904	0.0751323
2617	638.067	948	0.0787892
2618	638.311	904	0.0751323
2619	638.555	897	0.0745505
2620	638.799	849	0.0705612
2621	639.043	858	0.0713092
2622	639.286	867	0.0720572
2623	639.530	933	0.0775425
2624	639.774	883	0.073387
2625	640.018	881	0.0732207
2626	640.262	879	0.0730545
2627	640.506	940	0.0781243
2628	640.750	877	0.0728883
2629	640.993	905	0.0752154
2630	641.237	877	0.0728883
2631	641.481	922	0.0766283
2632	641.725	905	0.0752154
2633	641.969	921	0.0765452
2634	642.213	915	0.0760465
2635	642.457	908	0.0754647
2636	642.701	870	0.0723065
2637	642.944	931	0.0773763
2638	643.188	933	0.0775425
2639	643.432	916	0.0761296
2640	643.676	895	0.0743843
2641	643.920	923	0.0767114
2642	644.164	906	0.0752985
2643	644.408	873	0.0725559
2644	644.651	910	0.075631
2645	644.895	926	0.0769607
2646	645.139	906	0.0752985
2647	645.383	957	0.0795372
2648	645.627	944	0.0784567
2649	645.871	909	0.0755478
2650	646.115	924	0.0767945
2651	646.358	935	0.0777087
2652	646.602	934	0.0776256
2653	646.846	913	0.0758803
2654	647.090	922	0.0766283
2655	647.334	922	0.0766283
2656	647.578	937	0.077875
2657	647.822	933	0.0775425
2658	648.066	941	0.0782074
2659	648.309	949	0.0788723
2660	648.553	944	0.0784567
2661	648.797	978	0.0812825
2662	649.041	902	0.0749661
2663	649.285	982	0.0816149
2664	649.529	952	0.0791216
2665	649.773	967	0.0803683
2666	650.016	925	0.0768776
2667	650.260	891	0.0740518
2668	650.504	983	0.0816981
2669	650.748	941	0.0782074
2670	650.992	900	0.0747998
2671	651.236	942	0.0782905
2672	651.480	894	0.0743012
2673	651.724	932	0.0774594
2674	651.967	899	0.0747167
2675	652.211	950	0.0789554
2676	652.455	943	0.0783736
2677	652.699	966	0.0802852
2678	652.943	986	0.0819474
2679	653.187	900	0.0747998
2680	653.431	985	0.0818643
2681	653.674	987	0.0820305
2682	653.918	938	0.0779581
2683	654.162	971	0.0807007
2684	654.406	878	0.0729714
2685	654.650	917	0.0762127
2686	654.894	913	0.0758803
2687	655.138	971	0.0807007
2688	655.381	1016	0.0844407
2689	655.625	915	0.0760465
2690	655.869	1015	0.0843576
2691	656.113	934	0.0776256
2692	656.357	956	0.0794541
2693	656.601	980	0.0814487
2694	656.845	926	0.0769607
2695	657.089	984	0.0817812
2696	657.332	902	0.0749661
2697	657.576	1000	0.0831109
2698	657.820	981	0.0815318
2699	658.064	961	0.0798696
2700	658.308	996	0.0827785
2701	658.552	927	0.0770438
2702	658.796	962	0.0799527
2703	659.039	1001	0.0831941
2704	659.283	939	0.0780412
2705	659.527	1034	0.0859367
2706	659.771	1002	0.0832772
2707	660.015	1065	0.0885132
2708	660.259	1258	0.104554
2709	660.503	1638	0.136136
2710	660.746	2450	0.203622
2711	660.990	3923	0.326044
2712	661.234	6014	0.499829
2713	661.478	9309	0.77368
2714	661.722	13249	1.10114
2715	661.966	17229	1.43192
2716	662.210	20544	1.70743
2717	662.454	21898	1.81996
2718	662.697	20925	1.7391
2719	662.941	18105	1.50472
2720	663.185	14540	1.20843
2721	663.429	10375	0.862276
2722	663.673	6866	0.57064
2723	663.917	4275	0.355299
2724	664.161	2608	0.216753
2725	664.404	1726	0.143449
2726	664.648	1351	0.112283
2727	664.892	1110	0.0922531
2728	665.136	1062	0.0882638
2729	665.380	1005	0.0835265
2730	665.624	1057	0.0878483
2731	665.868	958	0.0796203
2732	666.112	1019	0.0846901
2733	666.355	977	0.0811994
2734	666.599	1050	0.0872665
2735	666.843	983	0.0816981
2736	667.087	1024	0.0851056
2737	667.331	961	0.0798696
2738	667.575	1016	0.0844407
2739	667.819	999	0.0830278
2740	668.062	972	0.0807838
2741	668.306	1008	0.0837758
2742	668.550	1007	0.0836927
2743	668.794	990	0.0822798
2744	669.038	1033	0.0858536
2745	669.282	1032	0.0857705
2746	669.526	1045	0.0868509
2747	669.769	1006	0.0836096
2748	670.013	1050	0.0872665
2749	670.257	1020	0.0847732
2750	670.501	1039	0.0863523
2751	670.745	994	0.0826123
2752	670.989	1046	0.086934
2753	671.233	1017	0.0845238
2754	671.477	1044	0.0867678
2755	671.720	1000	0.0831109
2756	671.964	983	0.0816981
2757	672.208	1036	0.0861029
2758	672.452	954	0.0792878
2759	672.696	1015	0.0843576
2760	672.940	1059	0.0880145
2761	673.184	994	0.0826123
2762	673.427	1015	0.0843576
2763	673.671	974	0.0809501
2764	673.915	1032	0.0857705
2765	674.159	1038	0.0862692
2766	674.403	1009	0.0838589
2767	674.647	1041	0.0865185
2768	674.891	1029	0.0855212
2769	675.135	1009	0.0838589
2770	675.378	1042	0.0866016
2771	675.622	1051	0.0873496
2772	675.866	999	0.0830278
2773	676.110	1068	0.0887625
2774	676.354	1005	0.0835265
2775	676.598	1108	0.0920869
2776	676.842	1050	0.0872665
2777	677.085	1023	0.0850225
2778	677.329	1035	0.0860198
2779	677.573	1001	0.0831941
2780	677.817	970	0.0806176
2781	678.061	1037	0.086186
2782	678.305	1013	0.0841914
2783	678.549	999	0.0830278
2784	678.792	1114	0.0925856
2785	679.036	1059	0.0880145
2786	679.280	1049	0.0871834
2787	679.524	1072	0.0890949
2788	679.768	1074	0.0892612
2789	680.012	1029	0.0855212
2790	680.256	1068	0.0887625
2791	680.500	1075	0.0893443
2792	680.743	1080	0.0897598
2793	680.987	989	0.0821967
2794	681.231	1053	0.0875158
2795	681.475	1046	0.086934
2796	681.719	1024	0.0851056
2797	681.963	1119	0.0930011
2798	682.207	1037	0.086186
2799	682.450	1038	0.0862692
2800	682.694	1074	0.0892612
2801	682.938	1027	0.0853549
2802	683.182	1034	0.0859367
2803	683.426	1117	0.0928349
2804	683.670	1075	0.0893443
2805	683.914	1041	0.0865185
2806	684.157	1091	0.090674
2807	684.401	995	0.0826954
2808	684.645	1043	0.0866847
2809	684.889	1075	0.0893443
2810	685.133	1041	0.0865185
2811	685.377	1064	0.08843
2812	685.621	1019	0.0846901
2813	685.865	1101	0.0915051
2814	686.108	1035	0.0860198
2815	686.352	1097	0.0911727
2816	686.596	1016	0.0844407
2817	686.840	1039	0.0863523
2818	687.084	1016	0.0844407
2819	687.328	1064	0.08843
2820	687.572	1056	0.0877652
2821	687.815	1129	0.0938323
2822	688.059	1082	0.089926
2823	688.303	1044	0.0867678
2824	688.547	1036	0.0861029
2825	688.791	1082	0.089926
2826	689.035	1057	0.0878483
2827	689.279	1115	0.0926687
2828	689.523	1053	0.0875158
2829	689.766	1064	0.08843
2830	690.010	1006	0.0836096
2831	690.254	1096	0.0910896
2832	690.498	1003	0.0833603
2833	690.742	1046	0.086934
2834	690.986	1037	0.086186
2835	691.230	1084	0.0900923
2836	691.473	1043	0.0866847
2837	691.717	1068	0.0887625
2838	691.961	1028	0.085438
2839	692.205	1092	0.0907571
2840	692.449	1057	0.0878483
2841	692.693	1146	0.0952451
2842	692.937	1177	0.0978216
2843	693.180	1137	0.0944971
2844	693.424	1126	0.0935829
2845	693.668	1108	0.0920869
2846	693.912	1053	0.0875158
2847	694.156	1036	0.0861029
2848	694.400	1095	0.0910065
2849	694.644	1090	0.0905909
2850	694.888	985	0.0818643
2851	695.131	1051	0.0873496
2852	695.375	1015	0.0843576
2853	695.619	1003	0.0833603
2854	695.863	1069	0.0888456
2855	696.107	1027	0.0853549
2856	696.351	987	0.0820305
2857	696.595	1022	0.0849394
2858	696.838	989	0.0821967
2859	697.082	1046	0.086934
2860	697.326	973	0.0808669
2861	697.570	1026	0.0852718
2862	697.814	945	0.0785398
2863	698.058	1027	0.0853549
2864	698.302	992	0.0824461
2865	698.545	963	0.0800358
2866	698.789	949	0.0788723
2867	699.033	943	0.0783736
2868	699.277	914	0.0759634
2869	699.521	929	0.0772101
2870	699.765	932	0.0774594
2871	700.009	944	0.0784567
2872	700.253	903	0.0750492
2873	700.496	953	0.0792047
2874	700.740	886	0.0736363
2875	700.984	892	0.074135
2876	701.228	879	0.0730545
2877	701.472	852	0.0708105
2878	701.716	865	0.071891
2879	701.960	842	0.0699794
2880	702.203	877	0.0728883
2881	702.447	864	0.0718079
2882	702.691	791	0.0657408
2883	702.935	786	0.0653252
2884	703.179	831	0.0690652
2885	703.423	793	0.065907
2886	703.667	796	0.0661563
2887	703.911	802	0.066655
2888	704.154	778	0.0646603
2889	704.398	793	0.065907
2890	704.642	780	0.0648265
2891	704.886	776	0.0644941
2892	705.130	760	0.0631643
2893	705.374	791	0.0657408
2894	705.618	754	0.0626657
2895	705.861	749	0.0622501
2896	706.105	789	0.0655745
2897	706.349	719	0.0597568
2898	706.593	808	0.0671536
2899	706.837	764	0.0634968
2900	707.081	750	0.0623332
2901	707.325	756	0.0628319
2902	707.568	739	0.061419
2903	707.812	784	0.065159
2904	708.056	764	0.0634968
2905	708.300	781	0.0649096
2906	708.544	793	0.065907
2907	708.788	779	0.0647434
2908	709.032	757	0.062915
2909	709.276	761	0.0632474
2910	709.519	704	0.0585101
2911	709.763	715	0.0594243
2912	710.007	737	0.0612528
2913	710.251	745	0.0619177
2914	710.495	759	0.0630812
2915	710.739	768	0.0638292
2916	710.983	664	0.0551857
2917	711.226	711	0.0590919
2918	711.470	717	0.0595905
2919	711.714	742	0.0616683
2920	711.958	696	0.0578452
2921	712.202	766	0.063663
2922	712.446	729	0.0605879
2923	712.690	694	0.057679
2924	712.933	715	0.0594243
2925	713.177	731	0.0607541
2926	713.421	717	0.0595905
2927	713.665	737	0.0612528
2928	713.909	681	0.0565986
2929	714.153	683	0.0567648
2930	714.397	695	0.0577621
2931	714.641	725	0.0602554
2932	714.884	700	0.0581777
2933	715.128	713	0.0592581
2934	715.372	709	0.0589257
2935	715.616	716	0.0595074
2936	715.860	692	0.0575128
2937	716.104	691	0.0574297
2938	716.348	698	0.0580114
2939	716.591	718	0.0596737
2940	716.835	726	0.0603385
2941	717.079	702	0.0583439
2942	717.323	718	0.0596737
2943	717.567	699	0.0580945
2944	717.811	679	0.0564323
2945	718.055	709	0.0589257
2946	718.299	685	0.056931
2947	718.542	689	0.0572634
2948	718.786	729	0.0605879
2949	719.030	691	0.0574297
2950	719.274	668	0.0555181
2951	719.518	679	0.0564323
2952	719.762	715	0.0594243
2953	720.006	700	0.0581777
2954	720.249	724	0.0601723
2955	720.493	633	0.0526092
2956	720.737	660	0.0548532
2957	720.981	677	0.0562661
2958	721.225	645	0.0536066
2959	721.469	631	0.052443
2960	721.713	689	0.0572634
2961	721.956	727	0.0604217
2962	722.200	651	0.0541052
2963	722.444	676	0.056183
2964	722.688	638	0.0530248
2965	722.932	683	0.0567648
2966	723.176	712	0.059175
2967	723.420	670	0.0556843
2968	723.664	670	0.0556843
2969	723.907	659	0.0547701
2970	724.151	677	0.0562661
2971	724.395	687	0.0570972
2972	724.639	722	0.0600061
2973	724.883	636	0.0528586
2974	725.127	682	0.0566817
2975	725.371	684	0.0568479
2976	725.614	711	0.0590919
2977	725.858	669	0.0556012
2978	726.102	693	0.0575959
2979	726.346	698	0.0580114
2980	726.590	664	0.0551857
2981	726.834	656	0.0545208
2982	727.078	678	0.0563492
2983	727.322	639	0.0531079
2984	727.565	647	0.0537728
2985	727.809	673	0.0559337
2986	728.053	659	0.0547701
2987	728.297	653	0.0542714
2988	728.541	668	0.0555181
2989	728.785	670	0.0556843
2990	729.029	665	0.0552688
2991	729.272	614	0.0510301
2992	729.516	652	0.0541883
2993	729.760	622	0.051695
2994	730.004	601	0.0499497
2995	730.248	658	0.054687
2996	730.492	674	0.0560168
2997	730.736	642	0.0533572
2998	730.979	650	0.0540221
2999	731.223	676	0.056183
3000	731.467	652	0.0541883
3001	731.711	619	0.0514457
3002	731.955	623	0.0517781
3003	732.199	630	0.0523599
3004	732.443	664	0.0551857
3005	732.687	658	0.054687
3006	732.930	633	0.0526092
3007	733.174	637	0.0529417
3008	733.418	622	0.051695
3009	733.662	648	0.0538559
3010	733.906	636	0.0528586
3011	734.150	625	0.0519443
3012	734.394	619	0.0514457
3013	734.637	697	0.0579283
3014	734.881	621	0.0516119
3015	735.125	612	0.0508639
3016	735.369	638	0.0530248
3017	735.613	641	0.0532741
3018	735.857	647	0.0537728
3019	736.101	635	0.0527754
3020	736.344	613	0.050947
3021	736.588	691	0.0574297
3022	736.832	661	0.0549363
3023	737.076	674	0.0560168
3024	737.320	626	0.0520274
3025	737.564	598	0.0497003
3026	737.808	665	0.0552688
3027	738.052	686	0.0570141
3028	738.295	651	0.0541052
3029	738.539	656	0.0545208
3030	738.783	664	0.0551857
3031	739.027	652	0.0541883
3032	739.271	613	0.050947
3033	739.515	603	0.0501159
3034	739.759	638	0.0530248
3035	740.002	606	0.0503652
3036	740.246	602	0.0500328
3037	740.490	648	0.0538559
3038	740.734	618	0.0513626
3039	740.978	639	0.0531079
3040	741.222	634	0.0526923
3041	741.466	627	0.0521106
3042	741.710	622	0.051695
3043	741.953	637	0.0529417
3044	742.197	639	0.0531079
3045	742.441	622	0.051695
3046	742.685	589	0.0489523
3047	742.929	647	0.0537728
3048	743.173	638	0.0530248
3049	743.417	614	0.0510301
3050	743.660	592	0.0492017
3051	743.904	657	0.0546039
3052	744.148	619	0.0514457
3053	744.392	603	0.0501159
3054	744.636	624	0.0518612
3055	744.880	585	0.0486199
3056	745.124	581	0.0482875
3057	745.367	665	0.0552688
3058	745.611	646	0.0536897
3059	745.855	616	0.0511963
3060	746.099	606	0.0503652
3061	746.343	633	0.0526092
3062	746.587	638	0.0530248
3063	746.831	645	0.0536066
3064	747.075	603	0.0501159
3065	747.318	624	0.0518612
3066	747.562	629	0.0522768
3067	747.806	595	0.049451
3068	748.050	624	0.0518612
3069	748.294	601	0.0499497
3070	748.538	572	0.0475395
3071	748.782	591	0.0491186
3072	749.025	573	0.0476226
3073	749.269	598	0.0497003
3074	749.513	627	0.0521106
3075	749.757	625	0.0519443
3076	750.001	541	0.044963
3077	750.245	649	0.053939
3078	750.489	603	0.0501159
3079	750.732	617	0.0512795
3080	750.976	606	0.0503652
3081	751.220	629	0.0522768
3082	751.464	625	0.0519443
3083	751.708	584	0.0485368
3084	751.952	604	0.050199
3085	752.196	602	0.0500328
3086	752.440	610	0.0506977
3087	752.683	627	0.0521106
3088	752.927	587	0.0487861
3089	753.171	586	0.048703
3090	753.415	597	0.0496172
3091	753.659	642	0.0533572
3092	753.903	573	0.0476226
3093	754.147	567	0.0471239
3094	754.390	585	0.0486199
3095	754.634	593	0.0492848
3096	754.878	593	0.0492848
3097	755.122	585	0.0486199
3098	755.366	611	0.0507808
3099	755.610	567	0.0471239
3100	755.854	572	0.0475395
3101	756.098	554	0.0460435
3102	756.341	576	0.0478719
3103	756.585	577	0.047955
3104	756.829	599	0.0497835
3105	757.073	572	0.0475395
3106	757.317	560	0.0465421
3107	757.561	593	0.0492848
3108	757.805	637	0.0529417
3109	758.048	578	0.0480381
3110	758.292	541	0.044963
3111	758.536	582	0.0483706
3112	758.780	526	0.0437164
3113	759.024	585	0.0486199
3114	759.268	573	0.0476226
3115	759.512	566	0.0470408
3116	759.755	520	0.0432177
3117	759.999	594	0.0493679
3118	760.243	581	0.0482875
3119	760.487	536	0.0445475
3120	760.731	583	0.0484537
3121	760.975	516	0.0428852
3122	761.219	583	0.0484537
3123	761.463	563	0.0467915
3124	761.706	518	0.0430515
3125	761.950	585	0.0486199
3126	762.194	538	0.0447137
3127	762.438	567	0.0471239
3128	762.682	568	0.047207
3129	762.926	563	0.0467915
3130	763.170	548	0.0455448
3131	763.413	550	0.045711
3132	763.657	561	0.0466252
3133	763.901	528	0.0438826
3134	764.145	568	0.047207
3135	764.389	526	0.0437164
3136	764.633	542	0.0450461
3137	764.877	573	0.0476226
3138	765.121	528	0.0438826
3139	765.364	527	0.0437995
3140	765.608	558	0.0463759
3141	765.852	558	0.0463759
3142	766.096	557	0.0462928
3143	766.340	553	0.0459604
3144	766.584	528	0.0438826
3145	766.828	528	0.0438826
3146	767.071	526	0.0437164
3147	767.315	548	0.0455448
3148	767.559	556	0.0462097
3149	767.803	549	0.0456279
3150	768.047	515	0.0428021
3151	768.291	535	0.0444644
3152	768.535	543	0.0451292
3153	768.778	540	0.0448799
3154	769.022	594	0.0493679
3155	769.266	520	0.0432177
3156	769.510	543	0.0451292
3157	769.754	517	0.0429684
3158	769.998	485	0.0403088
3159	770.242	516	0.0428852
3160	770.486	500	0.0415555
3161	770.729	505	0.041971
3162	770.973	504	0.0418879
3163	771.217	532	0.044215
3164	771.461	566	0.0470408
3165	771.705	539	0.0447968
3166	771.949	529	0.0439657
3167	772.193	501	0.0416386
3168	772.436	535	0.0444644
3169	772.680	552	0.0458772
3170	772.924	541	0.044963
3171	773.168	530	0.0440488
3172	773.412	539	0.0447968
3173	773.656	527	0.0437995
3174	773.900	521	0.0433008
3175	774.143	525	0.0436332
3176	774.387	530	0.0440488
3177	774.631	519	0.0431346
3178	774.875	509	0.0423035
3179	775.119	539	0.0447968
3180	775.363	497	0.0413061
3181	775.607	555	0.0461266
3182	775.851	518	0.0430515
3183	776.094	517	0.0429684
3184	776.338	484	0.0402257
3185	776.582	495	0.0411399
3186	776.826	510	0.0423866
3187	777.070	538	0.0447137
3188	777.314	529	0.0439657
3189	777.558	485	0.0403088
3190	777.801	496	0.041223
3191	778.045	527	0.0437995
3192	778.289	506	0.0420541
3193	778.533	470	0.0390621
3194	778.777	492	0.0408906
3195	779.021	484	0.0402257
3196	779.265	515	0.0428021
3197	779.509	503	0.0418048
3198	779.752	500	0.0415555
3199	779.996	512	0.0425528
3200	780.240	525	0.0436332
3201	780.484	494	0.0410568
3202	780.728	507	0.0421372
3203	780.972	471	0.0391453
3204	781.216	497	0.0413061
3205	781.459	498	0.0413892
3206	781.703	468	0.0388959
3207	781.947	499	0.0414724
3208	782.191	494	0.0410568
3209	782.435	509	0.0423035
3210	782.679	545	0.0452955
3211	782.923	493	0.0409737
3212	783.166	484	0.0402257
3213	783.410	523	0.043467
3214	783.654	501	0.0416386
3215	783.898	475	0.0394777
3216	784.142	471	0.0391453
3217	784.386	506	0.0420541
3218	784.630	535	0.0444644
3219	784.874	490	0.0407244
3220	785.117	520	0.0432177
3221	785.361	474	0.0393946
3222	785.605	492	0.0408906
3223	785.849	471	0.0391453
3224	786.093	474	0.0393946
3225	786.337	468	0.0388959
3226	786.581	512	0.0425528
3227	786.824	488	0.0405581
3228	787.068	508	0.0422204
3229	787.312	478	0.039727
3230	787.556	467	0.0388128
3231	787.800	490	0.0407244
3232	788.044	475	0.0394777
3233	788.288	469	0.038979
3234	788.531	517	0.0429684
3235	788.775	440	0.0365688
3236	789.019	471	0.0391453
3237	789.263	509	0.0423035
3238	789.507	484	0.0402257
3239	789.751	475	0.0394777
3240	789.995	455	0.0378155
3241	790.239	448	0.0372337
3242	790.482	452	0.0375661
3243	790.726	463	0.0384804
3244	790.970	445	0.0369844
3245	791.214	429	0.0356546
3246	791.458	491	0.0408075
3247	791.702	458	0.0380648
3248	791.946	490	0.0407244
3249	792.189	448	0.0372337
3250	792.433	466	0.0387297
3251	792.677	461	0.0383141
3252	792.921	458	0.0380648
3253	793.165	468	0.0388959
3254	793.409	495	0.0411399
3255	793.653	445	0.0369844
3256	793.897	494	0.0410568
3257	794.140	466	0.0387297
3258	794.384	469	0.038979
3259	794.628	478	0.039727
3260	794.872	471	0.0391453
3261	795.116	458	0.0380648
3262	795.360	452	0.0375661
3263	795.604	478	0.039727
3264	795.847	469	0.038979
3265	796.091	475	0.0394777
3266	796.335	441	0.0366519
3267	796.579	442	0.036735
3268	796.823	443	0.0368181
3269	797.067	432	0.0359039
3270	797.311	479	0.0398101
3271	797.554	471	0.0391453
3272	797.798	487	0.040475
3273	798.042	478	0.039727
3274	798.286	447	0.0371506
3275	798.530	454	0.0377324
3276	798.774	464	0.0385635
3277	799.018	495	0.0411399
3278	799.262	452	0.0375661
3279	799.505	479	0.0398101
3280	799.749	489	0.0406413
3281	799.993	450	0.0373999
3282	800.237	440	0.0365688
3283	800.481	474	0.0393946
3284	800.725	460	0.038231
3285	800.969	442	0.036735
3286	801.212	466	0.0387297
3287	801.456	469	0.038979
3288	801.700	439	0.0364857
3289	801.944	447	0.0371506
3290	802.188	478	0.039727
3291	802.432	461	0.0383141
3292	802.676	430	0.0357377
3293	802.919	451	0.037483
3294	803.163	424	0.035239
3295	803.407	448	0.0372337
3296	803.651	494	0.0410568
3297	803.895	449	0.0373168
3298	804.139	453	0.0376493
3299	804.383	441	0.0366519
3300	804.627	441	0.0366519
3301	804.870	455	0.0378155
3302	805.114	468	0.0388959
3303	805.358	468	0.0388959
3304	805.602	480	0.0398933
3305	805.846	433	0.035987
3306	806.090	441	0.0366519
3307	806.334	467	0.0388128
3308	806.577	509	0.0423035
3309	806.821	393	0.0326626
3310	807.065	507	0.0421372
3311	807.309	434	0.0360701
3312	807.553	458	0.0380648
3313	807.797	478	0.039727
3314	808.041	436	0.0362364
3315	808.285	441	0.0366519
3316	808.528	456	0.0378986
3317	808.772	411	0.0341586
3318	809.016	444	0.0369013
3319	809.260	450	0.0373999
3320	809.504	456	0.0378986
3321	809.748	439	0.0364857
3322	809.992	463	0.0384804
3323	810.235	450	0.0373999
3324	810.479	476	0.0395608
3325	810.723	440	0.0365688
3326	810.967	429	0.0356546
3327	811.211	468	0.0388959
3328	811.455	471	0.0391453
3329	811.699	429	0.0356546
3330	811.942	448	0.0372337
3331	812.186	440	0.0365688
3332	812.430	461	0.0383141
3333	812.674	491	0.0408075
3334	812.918	468	0.0388959
3335	813.162	558	0.0463759
3336	813.406	583	0.0484537
3337	813.650	734	0.0610034
3338	813.893	844	0.0701456
3339	814.137	958	0.0796203
3340	814.381	1061	0.0881807
3341	814.625	1204	0.100066
3342	814.869	1242	0.103224
3343	815.113	1217	0.101146
3344	815.357	1103	0.0916714
3345	815.600	992	0.0824461
3346	815.844	840	0.0698132
3347	816.088	740	0.0615021
3348	816.332	610	0.0506977
3349	816.576	546	0.0453786
3350	816.820	465	0.0386466
3351	817.064	452	0.0375661
3352	817.308	459	0.0381479
3353	817.551	440	0.0365688
3354	817.795	410	0.0340755
3355	818.039	470	0.0390621
3356	818.283	443	0.0368181
3357	818.527	439	0.0364857
3358	818.771	449	0.0373168
3359	819.015	440	0.0365688
3360	819.258	482	0.0400595
3361	819.502	483	0.0401426
3362	819.746	487	0.040475
3363	819.990	456	0.0378986
3364	820.234	464	0.0385635
3365	820.478	450	0.0373999
3366	820.722	473	0.0393115
3367	820.965	433	0.035987
3368	821.209	486	0.0403919
3369	821.453	462	0.0383973
3370	821.697	480	0.0398933
3371	821.941	515	0.0428021
3372	822.185	480	0.0398933
3373	822.429	477	0.0396439
3374	822.673	475	0.0394777
3375	822.916	494	0.0410568
3376	823.160	480	0.0398933
3377	823.404	526	0.0437164
3378	823.648	449	0.0373168
3379	823.892	449	0.0373168
3380	824.136	446	0.0370675
3381	824.380	467	0.0388128
3382	824.623	432	0.0359039
3383	824.867	462	0.0383973
3384	825.111	477	0.0396439
3385	825.355	490	0.0407244
3386	825.599	437	0.0363195
3387	825.843	461	0.0383141
3388	826.087	419	0.0348235
3389	826.330	449	0.0373168
3390	826.574	463	0.0384804
3391	826.818	419	0.0348235
3392	827.062	449	0.0373168
3393	827.306	457	0.0379817
3394	827.550	480	0.0398933
3395	827.794	456	0.0378986
3396	828.038	442	0.036735
3397	828.281	449	0.0373168
3398	828.525	466	0.0387297
3399	828.769	448	0.0372337
3400	829.013	458	0.0380648
3401	829.257	409	0.0339924
3402	829.501	476	0.0395608
3403	829.745	448	0.0372337
3404	829.988	416	0.0345742
3405	830.232	484	0.0402257
3406	830.476	504	0.0418879
3407	830.720	438	0.0364026
3408	830.964	427	0.0354884
3409	831.208	418	0.0347404
3410	831.452	463	0.0384804
3411	831.696	470	0.0390621
3412	831.939	455	0.0378155
3413	832.183	460	0.038231
3414	832.427	481	0.0399764
3415	832.671	448	0.0372337
3416	832.915	458	0.0380648
3417	833.159	452	0.0375661
3418	833.403	468	0.0388959
3419	833.646	447	0.0371506
3420	833.890	459	0.0381479
3421	834.134	468	0.0388959
3422	834.378	448	0.0372337
3423	834.622	484	0.0402257
3424	834.866	464	0.0385635
3425	835.110	456	0.0378986
3426	835.353	489	0.0406413
3427	835.597	491	0.0408075
3428	835.841	435	0.0361533
3429	836.085	452	0.0375661
3430	836.329	468	0.0388959
3431	836.573	443	0.0368181
3432	836.817	448	0.0372337
3433	837.061	465	0.0386466
3434	837.304	440	0.0365688
3435	837.548	471	0.0391453
3436	837.792	492	0.0408906
3437	838.036	463	0.0384804
3438	838.280	450	0.0373999
3439	838.524	456	0.0378986
3440	838.768	474	0.0393946
3441	839.011	460	0.038231
3442	839.255	440	0.0365688
3443	839.499	474	0.0393946
3444	839.743	477	0.0396439
3445	839.987	420	0.0349066
3446	840.231	471	0.0391453
3447	840.475	450	0.0373999
3448	840.718	505	0.041971
3449	840.962	444	0.0369013
3450	841.206	488	0.0405581
3451	841.450	468	0.0388959
3452	841.694	443	0.0368181
3453	841.938	463	0.0384804
3454	842.182	472	0.0392284
3455	842.426	483	0.0401426
3456	842.669	452	0.0375661
3457	842.913	422	0.0350728
3458	843.157	445	0.0369844
3459	843.401	445	0.0369844
3460	843.645	461	0.0383141
3461	843.889	480	0.0398933
3462	844.133	449	0.0373168
3463	844.376	470	0.0390621
3464	844.620	492	0.0408906
3465	844.864	458	0.0380648
3466	845.108	480	0.0398933
3467	845.352	442	0.036735
3468	845.596	470	0.0390621
3469	845.840	456	0.0378986
3470	846.084	471	0.0391453
3471	846.327	481	0.0399764
3472	846.571	479	0.0398101
3473	846.815	472	0.0392284
3474	847.059	465	0.0386466
3475	847.303	466	0.0387297
3476	847.547	464	0.0385635
3477	847.791	496	0.041223
3478	848.034	443	0.0368181
3479	848.278	457	0.0379817
3480	848.522	456	0.0378986
3481	848.766	446	0.0370675
3482	849.010	479	0.0398101
3483	849.254	469	0.038979
3484	849.498	470	0.0390621
3485	849.741	494	0.0410568
3486	849.985	459	0.0381479
3487	850.229	419	0.0348235
3488	850.473	466	0.0387297
3489	850.717	486	0.0403919
3490	850.961	538	0.0447137
3491	851.205	468	0.0388959
3492	851.449	461	0.0383141
3493	851.692	494	0.0410568
3494	851.936	467	0.0388128
3495	852.180	495	0.0411399
3496	852.424	453	0.0376493
3497	852.668	486	0.0403919
3498	852.912	468	0.0388959
3499	853.156	490	0.0407244
3500	853.399	545	0.0452955
3501	853.643	480	0.0398933
3502	853.887	450	0.0373999
3503	854.131	453	0.0376493
3504	854.375	524	0.0435501
3505	854.619	456	0.0378986
3506	854.863	443	0.0368181
3507	855.106	470	0.0390621
3508	855.350	480	0.0398933
3509	855.594	467	0.0388128
3510	855.838	508	0.0422204
3511	856.082	469	0.038979
3512	856.326	473	0.0393115
3513	856.570	481	0.0399764
3514	856.814	449	0.0373168
3515	857.057	461	0.0383141
3516	857.301	489	0.0406413
3517	857.545	463	0.0384804
3518	857.789	476	0.0395608
3519	858.033	440	0.0365688
3520	858.277	494	0.0410568
3521	858.521	491	0.0408075
3522	858.764	454	0.0377324
3523	859.008	486	0.0403919
3524	859.252	490	0.0407244
3525	859.496	459	0.0381479
3526	859.740	469	0.038979
3527	859.984	500	0.0415555
3528	860.228	457	0.0379817
3529	860.472	487	0.040475
3530	860.715	481	0.0399764
3531	860.959	477	0.0396439
3532	861.203	421	0.0349897
3533	861.447	459	0.0381479
3534	861.691	469	0.038979
3535	861.935	535	0.0444644
3536	862.179	465	0.0386466
3537	862.422	463	0.0384804
3538	862.666	514	0.042719
3539	862.910	464	0.0385635
3540	863.154	494	0.0410568
3541	863.398	483	0.0401426
3542	863.642	477	0.0396439
3543	863.886	486	0.0403919
3544	864.129	448	0.0372337
3545	864.373	485	0.0403088
3546	864.617	507	0.0421372
3547	864.861	488	0.0405581
3548	865.105	468	0.0388959
3549	865.349	472	0.0392284
3550	865.593	461	0.0383141
3551	865.837	470	0.0390621
3552	866.080	518	0.0430515
3553	866.324	449	0.0373168
3554	866.568	473	0.0393115
3555	866.812	479	0.0398101
3556	867.056	459	0.0381479
3557	867.300	500	0.0415555
3558	867.544	440	0.0365688
3559	867.787	501	0.0416386
3560	868.031	494	0.0410568
3561	868.275	471	0.0391453
3562	868.519	506	0.0420541
3563	868.763	542	0.0450461
3564	869.007	528	0.0438826
3565	869.251	482	0.0400595
3566	869.495	458	0.0380648
3567	869.738	519	0.0431346
3568	869.982	468	0.0388959
3569	870.226	500	0.0415555
3570	870.470	504	0.0418879
3571	870.714	525	0.0436332
3572	870.958	454	0.0377324
3573	871.202	466	0.0387297
3574	871.445	467	0.0388128
3575	871.689	510	0.0423866
3576	871.933	475	0.0394777
3577	872.177	489	0.0406413
3578	872.421	496	0.041223
3579	872.665	489	0.0406413
3580	872.909	470	0.0390621
3581	873.152	480	0.0398933
3582	873.396	489	0.0406413
3583	873.640	469	0.038979
3584	873.884	496	0.041223
3585	874.128	491	0.0408075
3586	874.372	520	0.0432177
3587	874.616	481	0.0399764
3588	874.860	459	0.0381479
3589	875.103	481	0.0399764
3590	875.347	499	0.0414724
3591	875.591	513	0.0426359
3592	875.835	519	0.0431346
3593	876.079	501	0.0416386
3594	876.323	500	0.0415555
3595	876.567	495	0.0411399
3596	876.810	515	0.0428021
3597	877.054	467	0.0388128
3598	877.298	519	0.0431346
3599	877.542	510	0.0423866
3600	877.786	491	0.0408075
3601	878.030	483	0.0401426
3602	878.274	461	0.0383141
3603	878.517	521	0.0433008
3604	878.761	471	0.0391453
3605	879.005	504	0.0418879
3606	879.249	527	0.0437995
3607	879.493	479	0.0398101
3608	879.737	506	0.0420541
3609	879.981	511	0.0424697
3610	880.225	497	0.0413061
3611	880.468	506	0.0420541
3612	880.712	507	0.0421372
3613	880.956	504	0.0418879
3614	881.200	532	0.044215
3615	881.444	497	0.0413061
3616	881.688	497	0.0413061
3617	881.932	506	0.0420541
3618	882.175	485	0.0403088
3619	882.419	486	0.0403919
3620	882.663	523	0.043467
3621	882.907	496	0.041223
3622	883.151	508	0.0422204
3623	883.395	505	0.041971
3624	883.639	469	0.038979
3625	883.883	527	0.0437995
3626	884.126	505	0.041971
3627	884.370	500	0.0415555
3628	884.614	492	0.0408906
3629	884.858	481	0.0399764
3630	885.102	506	0.0420541
3631	885.346	517	0.0429684
3632	885.590	503	0.0418048
3633	885.833	478	0.039727
3634	886.077	471	0.0391453
3635	886.321	502	0.0417217
3636	886.565	503	0.0418048
3637	886.809	492	0.0408906
3638	887.053	527	0.0437995
3639	887.297	538	0.0447137
3640	887.540	534	0.0443812
3641	887.784	490	0.0407244
3642	888.028	508	0.0422204
3643	888.272	504	0.0418879
3644	888.516	506	0.0420541
3645	888.760	546	0.0453786
3646	889.004	540	0.0448799
3647	889.248	511	0.0424697
3648	889.491	545	0.0452955
3649	889.735	547	0.0454617
3650	889.979	504	0.0418879
3651	890.223	537	0.0446306
3652	890.467	567	0.0471239
3653	890.711	520	0.0432177
3654	890.955	549	0.0456279
3655	891.198	519	0.0431346
3656	891.442	499	0.0414724
3657	891.686	514	0.042719
3658	891.930	528	0.0438826
3659	892.174	531	0.0441319
3660	892.418	522	0.0433839
3661	892.662	521	0.0433008
3662	892.905	518	0.0430515
3663	893.149	544	0.0452124
3664	893.393	494	0.0410568
3665	893.637	524	0.0435501
3666	893.881	518	0.0430515
3667	894.125	498	0.0413892
3668	894.369	509	0.0423035
3669	894.613	530	0.0440488
3670	894.856	535	0.0444644
3671	895.100	501	0.0416386
3672	895.344	577	0.047955
3673	895.588	563	0.0467915
3674	895.832	606	0.0503652
3675	896.076	675	0.0560999
3676	896.320	773	0.0642448
3677	896.563	1051	0.0873496
3678	896.807	1495	0.124251
3679	897.051	2665	0.221491
3680	897.295	4595	0.381895
3681	897.539	7707	0.640536
3682	897.783	12225	1.01603
3683	898.027	17958	1.49251
3684	898.271	24786	2.05999
3685	898.514	31192	2.5924
3686	898.758	35821	2.97712
3687	899.002	37449	3.11242
3688	899.246	35606	2.95925
3689	899.490	31322	2.6032
3690	899.734	24624	2.04652
3691	899.978	17927	1.48993
3692	900.221	11884	0.98769
3693	900.465	7054	0.586265
3694	900.709	4235	0.351975
3695	900.953	2359	0.196059
3696	901.197	1371	0.113945
3697	901.441	873	0.0725559
3698	901.685	714	0.0593412
3699	901.928	588	0.0488692
3700	902.172	579	0.0481212
3701	902.416	557	0.0462928
3702	902.660	568	0.047207
3703	902.904	592	0.0492017
3704	903.148	629	0.0522768
3705	903.392	610	0.0506977
3706	903.636	591	0.0491186
3707	903.879	548	0.0455448
3708	904.123	583	0.0484537
3709	904.367	590	0.0490355
3710	904.611	561	0.0466252
3711	904.855	575	0.0477888
3712	905.099	576	0.0478719
3713	905.343	547	0.0454617
3714	905.586	579	0.0481212
3715	905.830	590	0.0490355
3716	906.074	544	0.0452124
3717	906.318	536	0.0445475
3718	906.562	533	0.0442981
3719	906.806	556	0.0462097
3720	907.050	565	0.0469577
3721	907.293	559	0.046459
3722	907.537	567	0.0471239
3723	907.781	551	0.0457941
3724	908.025	515	0.0428021
3725	908.269	596	0.0495341
3726	908.513	535	0.0444644
3727	908.757	520	0.0432177
3728	909.001	565	0.0469577
3729	909.244	522	0.0433839
3730	909.488	538	0.0447137
3731	909.732	510	0.0423866
3732	909.976	539	0.0447968
3733	910.220	531	0.0441319
3734	910.464	552	0.0458772
3735	910.708	555	0.0461266
3736	910.951	606	0.0503652
3737	911.195	620	0.0515288
3738	911.439	622	0.051695
3739	911.683	671	0.0557674
3740	911.927	710	0.0590088
3741	912.171	762	0.0633305
3742	912.415	892	0.074135
3743	912.659	996	0.0827785
3744	912.902	1049	0.0871834
3745	913.146	1060	0.0880976
3746	913.390	1004	0.0834434
3747	913.634	973	0.0808669
3748	913.878	933	0.0775425
3749	914.122	826	0.0686496
3750	914.366	747	0.0620839
3751	914.609	718	0.0596737
3752	914.853	731	0.0607541
3753	915.097	665	0.0552688
3754	915.341	626	0.0520274
3755	915.585	654	0.0543546
3756	915.829	603	0.0501159
3757	916.073	595	0.049451
3758	916.316	580	0.0482043
3759	916.560	544	0.0452124
3760	916.804	540	0.0448799
3761	917.048	546	0.0453786
3762	917.292	548	0.0455448
3763	917.536	580	0.0482043
3764	917.780	544	0.0452124
3765	918.024	538	0.0447137
3766	918.267	587	0.0487861
3767	918.511	554	0.0460435
3768	918.755	536	0.0445475
3769	918.999	531	0.0441319
3770	919.243	579	0.0481212
3771	919.487	533	0.0442981
3772	919.731	553	0.0459604
3773	919.974	560	0.0465421
3774	920.218	531	0.0441319
3775	920.462	589	0.0489523
3776	920.706	561	0.0466252
3777	920.950	528	0.0438826
3778	921.194	570	0.0473732
3779	921.438	574	0.0477057
3780	921.682	590	0.0490355
3781	921.925	577	0.047955
3782	922.169	547	0.0454617
3783	922.413	518	0.0430515
3784	922.657	568	0.047207
3785	922.901	525	0.0436332
3786	923.145	526	0.0437164
3787	923.389	507	0.0421372
3788	923.632	532	0.044215
3789	923.876	569	0.0472901
3790	924.120	557	0.0462928
3791	924.364	575	0.0477888
3792	924.608	631	0.052443
3793	924.852	533	0.0442981
3794	925.096	546	0.0453786
3795	925.339	546	0.0453786
3796	925.583	566	0.0470408
3797	925.827	492	0.0408906
3798	926.071	503	0.0418048
3799	926.315	538	0.0447137
3800	926.559	588	0.0488692
3801	926.803	543	0.0451292
3802	927.047	549	0.0456279
3803	927.290	561	0.0466252
3804	927.534	503	0.0418048
3805	927.778	581	0.0482875
3806	928.022	541	0.044963
3807	928.266	570	0.0473732
3808	928.510	580	0.0482043
3809	928.754	530	0.0440488
3810	928.997	547	0.0454617
3811	929.241	509	0.0423035
3812	929.485	548	0.0455448
3813	929.729	575	0.0477888
3814	929.973	549	0.0456279
3815	930.217	552	0.0458772
3816	930.461	569	0.0472901
3817	930.704	550	0.045711
3818	930.948	567	0.0471239
3819	931.192	528	0.0438826
3820	931.436	573	0.0476226
3821	931.680	580	0.0482043
3822	931.924	583	0.0484537
3823	932.168	585	0.0486199
3824	932.412	571	0.0474563
3825	932.655	575	0.0477888
3826	932.899	548	0.0455448
3827	933.143	535	0.0444644
3828	933.387	578	0.0480381
3829	933.631	528	0.0438826
3830	933.875	541	0.044963
3831	934.119	591	0.0491186
3832	934.362	571	0.0474563
3833	934.606	567	0.0471239
3834	934.850	571	0.0474563
3835	935.094	576	0.0478719
3836	935.338	584	0.0485368
3837	935.582	562	0.0467083
3838	935.826	586	0.048703
3839	936.070	509	0.0423035
3840	936.313	572	0.0475395
3841	936.557	541	0.044963
3842	936.801	533	0.0442981
3843	937.045	577	0.047955
3844	937.289	509	0.0423035
3845	937.533	575	0.0477888
3846	937.777	592	0.0492017
3847	938.020	595	0.049451
3848	938.264	598	0.0497003
3849	938.508	551	0.0457941
3850	938.752	564	0.0468746
3851	938.996	587	0.0487861
3852	939.240	568	0.047207
3853	939.484	599	0.0497835
3854	939.727	587	0.0487861
3855	939.971	573	0.0476226
3856	940.215	582	0.0483706
3857	940.459	589	0.0489523
3858	940.703	570	0.0473732
3859	940.947	566	0.0470408
3860	941.191	553	0.0459604
3861	941.435	609	0.0506146
3862	941.678	618	0.0513626
3863	941.922	595	0.049451
3864	942.166	573	0.0476226
3865	942.410	553	0.0459604
3866	942.654	589	0.0489523
3867	942.898	594	0.0493679
3868	943.142	589	0.0489523
3869	943.385	567	0.0471239
3870	943.629	565	0.0469577
3871	943.873	557	0.0462928
3872	944.117	582	0.0483706
3873	944.361	590	0.0490355
3874	944.605	617	0.0512795
3875	944.849	587	0.0487861
3876	945.092	588	0.0488692
3877	945.336	590	0.0490355
3878	945.580	581	0.0482875
3879	945.824	547	0.0454617
3880	946.068	561	0.0466252
3881	946.312	552	0.0458772
3882	946.556	591	0.0491186
3883	946.800	594	0.0493679
3884	947.043	619	0.0514457
3885	947.287	578	0.0480381
3886	947.531	627	0.0521106
3887	947.775	551	0.0457941
3888	948.019	568	0.047207
3889	948.263	567	0.0471239
3890	948.507	596	0.0495341
3891	948.750	591	0.0491186
3892	948.994	597	0.0496172
3893	949.238	587	0.0487861
3894	949.482	583	0.0484537
3895	949.726	612	0.0508639
3896	949.970	597	0.0496172
3897	950.214	568	0.047207
3898	950.458	595	0.049451
3899	950.701	565	0.0469577
3900	950.945	590	0.0490355
3901	951.189	549	0.0456279
3902	951.433	573	0.0476226
3903	951.677	634	0.0526923
3904	951.921	596	0.0495341
3905	952.165	620	0.0515288
3906	952.408	616	0.0511963
3907	952.652	572	0.0475395
3908	952.896	601	0.0499497
3909	953.140	603	0.0501159
3910	953.384	573	0.0476226
3911	953.628	549	0.0456279
3912	953.872	574	0.0477057
3913	954.115	636	0.0528586
3914	954.359	589	0.0489523
3915	954.603	578	0.0480381
3916	954.847	579	0.0481212
3917	955.091	560	0.0465421
3918	955.335	576	0.0478719
3919	955.579	585	0.0486199
3920	955.823	632	0.0525261
3921	956.066	595	0.049451
3922	956.310	590	0.0490355
3923	956.554	599	0.0497835
3924	956.798	607	0.0504483
3925	957.042	608	0.0505315
3926	957.286	596	0.0495341
3927	957.530	620	0.0515288
3928	957.773	582	0.0483706
3929	958.017	645	0.0536066
3930	958.261	543	0.0451292
3931	958.505	624	0.0518612
3932	958.749	585	0.0486199
3933	958.993	585	0.0486199
3934	959.237	606	0.0503652
3935	959.481	542	0.0450461
3936	959.724	558	0.0463759
3937	959.968	536	0.0445475
3938	960.212	578	0.0480381
3939	960.456	568	0.047207
3940	960.700	574	0.0477057
3941	960.944	603	0.0501159
3942	961.188	579	0.0481212
3943	961.431	565	0.0469577
3944	961.675	562	0.0467083
3945	961.919	586	0.048703
3946	962.163	592	0.0492017
3947	962.407	538	0.0447137
3948	962.651	580	0.0482043
3949	962.895	535	0.0444644
3950	963.138	544	0.0452124
3951	963.382	548	0.0455448
3952	963.626	598	0.0497003
3953	963.870	521	0.0433008
3954	964.114	533	0.0442981
3955	964.358	544	0.0452124
3956	964.602	546	0.0453786
3957	964.846	546	0.0453786
3958	965.089	536	0.0445475
3959	965.333	519	0.0431346
3960	965.577	495	0.0411399
3961	965.821	496	0.041223
3962	966.065	504	0.0418879
3963	966.309	491	0.0408075
3964	966.553	517	0.0429684
3965	966.796	516	0.0428852
3966	967.040	521	0.0433008
3967	967.284	499	0.0414724
3968	967.528	486	0.0403919
3969	967.772	485	0.0403088
3970	968.016	505	0.041971
3971	968.260	525	0.0436332
3972	968.503	490	0.0407244
3973	968.747	492	0.0408906
3974	968.991	467	0.0388128
3975	969.235	471	0.0391453
3976	969.479	454	0.0377324
3977	969.723	491	0.0408075
3978	969.967	501	0.0416386
3979	970.211	451	0.037483
3980	970.454	499	0.0414724
3981	970.698	469	0.038979
3982	970.942	477	0.0396439
3983	971.186	479	0.0398101
3984	971.430	493	0.0409737
3985	971.674	429	0.0356546
3986	971.918	444	0.0369013
3987	972.161	431	0.0358208
3988	972.405	442	0.036735
3989	972.649	450	0.0373999
3990	972.893	459	0.0381479
3991	973.137	445	0.0369844
3992	973.381	475	0.0394777
3993	973.625	483	0.0401426
3994	973.869	449	0.0373168
3995	974.112	455	0.0378155
3996	974.356	489	0.0406413
3997	974.600	436	0.0362364
3998	974.844	446	0.0370675
3999	975.088	476	0.0395608
4000	975.332	467	0.0388128
4001	975.576	453	0.0376493
4002	975.819	455	0.0378155
4003	976.063	470	0.0390621
4004	976.307	424	0.035239
4005	976.551	483	0.0401426
4006	976.795	466	0.0387297
4007	977.039	508	0.0422204
4008	977.283	484	0.0402257
4009	977.526	472	0.0392284
4010	977.770	477	0.0396439
4011	978.014	463	0.0384804
4012	978.258	461	0.0383141
4013	978.502	447	0.0371506
4014	978.746	432	0.0359039
4015	978.990	465	0.0386466
4016	979.234	447	0.0371506
4017	979.477	458	0.0380648
4018	979.721	471	0.0391453
4019	979.965	414	0.0344079
4020	980.209	449	0.0373168
4021	980.453	439	0.0364857
4022	980.697	445	0.0369844
4023	980.941	461	0.0383141
4024	981.184	449	0.0373168
4025	981.428	458	0.0380648
4026	981.672	444	0.0369013
4027	981.916	483	0.0401426
4028	982.160	415	0.034491
4029	982.404	446	0.0370675
4030	982.648	465	0.0386466
4031	982.891	492	0.0408906
4032	983.135	417	0.0346573
4033	983.379	445	0.0369844
4034	983.623	456	0.0378986
4035	983.867	448	0.0372337
4036	984.111	474	0.0393946
4037	984.355	460	0.038231
4038	984.599	427	0.0354884
4039	984.842	421	0.0349897
4040	985.086	447	0.0371506
4041	985.330	445	0.0369844
4042	985.574	458	0.0380648
4043	985.818	444	0.0369013
4044	986.062	407	0.0338262
4045	986.306	453	0.0376493
4046	986.549	442	0.036735
4047	986.793	447	0.0371506
4048	987.037	468	0.0388959
4049	987.281	429	0.0356546
4050	987.525	460	0.038231
4051	987.769	449	0.0373168
4052	988.013	458	0.0380648
4053	988.257	457	0.0379817
4054	988.500	442	0.036735
4055	988.744	440	0.0365688
4056	988.988	460	0.038231
4057	989.232	462	0.0383973
4058	989.476	423	0.0351559
4059	989.720	480	0.0398933
4060	989.964	437	0.0363195
4061	990.207	439	0.0364857
4062	990.451	438	0.0364026
4063	990.695	388	0.032247
4064	990.939	480	0.0398933
4065	991.183	442	0.036735
4066	991.427	466	0.0387297
4067	991.671	407	0.0338262
4068	991.914	458	0.0380648
4069	992.158	443	0.0368181
4070	992.402	434	0.0360701
4071	992.646	440	0.0365688
4072	992.890	450	0.0373999
4073	993.134	473	0.0393115
4074	993.378	435	0.0361533
4075	993.622	475	0.0394777
4076	993.865	411	0.0341586
4077	994.109	480	0.0398933
4078	994.353	450	0.0373999
4079	994.597	433	0.035987
4080	994.841	436	0.0362364
4081	995.085	454	0.0377324
4082	995.329	444	0.0369013
4083	995.572	457	0.0379817
4084	995.816	455	0.0378155
4085	996.060	467	0.0388128
4086	996.304	461	0.0383141
4087	996.548	433	0.035987
4088	996.792	399	0.0331613
4089	997.036	477	0.0396439
4090	997.279	425	0.0353222
4091	997.523	435	0.0361533
4092	997.767	483	0.0401426
4093	998.011	456	0.0378986
4094	998.255	456	0.0378986
4095	998.499	465	0.0386466
4096	998.743	448	0.0372337
4097	998.987	441	0.0366519
4098	999.230	440	0.0365688
4099	999.474	457	0.0379817
4100	999.718	420	0.0349066
4101	999.962	458	0.0380648
4102	1000.206	426	0.0354053
4103	1000.450	430	0.0357377
4104	1000.694	398	0.0330782
4105	1000.937	457	0.0379817
4106	1001.181	432	0.0359039
4107	1001.425	480	0.0398933
4108	1001.669	468	0.0388959
4109	1001.913	443	0.0368181
4110	1002.157	458	0.0380648
4111	1002.401	486	0.0403919
4112	1002.645	447	0.0371506
4113	1002.888	432	0.0359039
4114	1003.132	446	0.0370675
4115	1003.376	404	0.0335768
4116	1003.620	437	0.0363195
4117	1003.864	430	0.0357377
4118	1004.108	414	0.0344079
4119	1004.352	416	0.0345742
4120	1004.595	454	0.0377324
4121	1004.839	425	0.0353222
4122	1005.083	460	0.038231
4123	1005.327	436	0.0362364
4124	1005.571	406	0.033743
4125	1005.815	447	0.0371506
4126	1006.059	465	0.0386466
4127	1006.302	410	0.0340755
4128	1006.546	397	0.032995
4129	1006.790	422	0.0350728
4130	1007.034	415	0.034491
4131	1007.278	406	0.033743
4132	1007.522	453	0.0376493
4133	1007.766	464	0.0385635
4134	1008.010	456	0.0378986
4135	1008.253	424	0.035239
4136	1008.497	416	0.0345742
4137	1008.741	415	0.034491
4138	1008.985	469	0.038979
4139	1009.229	453	0.0376493
4140	1009.473	420	0.0349066
4141	1009.717	454	0.0377324
4142	1009.960	408	0.0339093
4143	1010.204	409	0.0339924
4144	1010.448	431	0.0358208
4145	1010.692	415	0.034491
4146	1010.936	447	0.0371506
4147	1011.180	408	0.0339093
4148	1011.424	462	0.0383973
4149	1011.668	467	0.0388128
4150	1011.911	425	0.0353222
4151	1012.155	406	0.033743
4152	1012.399	433	0.035987
4153	1012.643	430	0.0357377
4154	1012.887	420	0.0349066
4155	1013.131	389	0.0323302
4156	1013.375	421	0.0349897
4157	1013.618	428	0.0355715
4158	1013.862	452	0.0375661
4159	1014.106	459	0.0381479
4160	1014.350	409	0.0339924
4161	1014.594	444	0.0369013
4162	1014.838	407	0.0338262
4163	1015.082	403	0.0334937
4164	1015.325	431	0.0358208
4165	1015.569	425	0.0353222
4166	1015.813	437	0.0363195
4167	1016.057	445	0.0369844
4168	1016.301	438	0.0364026
4169	1016.545	473	0.0393115
4170	1016.789	457	0.0379817
4171	1017.033	428	0.0355715
4172	1017.276	463	0.0384804
4173	1017.520	441	0.0366519
4174	1017.764	410	0.0340755
4175	1018.008	422	0.0350728
4176	1018.252	400	0.0332444
4177	1018.496	384	0.0319146
4178	1018.740	412	0.0342417
4179	1018.983	441	0.0366519
4180	1019.227	454	0.0377324
4181	1019.471	439	0.0364857
4182	1019.715	469	0.038979
4183	1019.959	439	0.0364857
4184	1020.203	421	0.0349897
4185	1020.447	412	0.0342417
4186	1020.690	439	0.0364857
4187	1020.934	416	0.0345742
4188	1021.178	421	0.0349897
4189	1021.422	460	0.038231
4190	1021.666	400	0.0332444
4191	1021.910	428	0.0355715
4192	1022.154	421	0.0349897
4193	1022.398	405	0.0336599
4194	1022.641	444	0.0369013
4195	1022.885	438	0.0364026
4196	1023.129	425	0.0353222
4197	1023.373	440	0.0365688
4198	1023.617	461	0.0383141
4199	1023.861	418	0.0347404
4200	1024.105	432	0.0359039
4201	1024.348	429	0.0356546
4202	1024.592	435	0.0361533
4203	1024.836	438	0.0364026
4204	1025.080	417	0.0346573
4205	1025.324	398	0.0330782
4206	1025.568	414	0.0344079
4207	1025.812	443	0.0368181
4208	1026.056	428	0.0355715
4209	1026.299	449	0.0373168
4210	1026.543	422	0.0350728
4211	1026.787	447	0.0371506
4212	1027.031	441	0.0366519
4213	1027.275	431	0.0358208
4214	1027.519	402	0.0334106
4215	1027.763	416	0.0345742
4216	1028.006	454	0.0377324
4217	1028.250	397	0.032995
4218	1028.494	453	0.0376493
4219	1028.738	430	0.0357377
4220	1028.982	391	0.0324964
4221	1029.226	415	0.034491
4222	1029.470	428	0.0355715
4223	1029.713	421	0.0349897
4224	1029.957	400	0.0332444
4225	1030.201	430	0.0357377
4226	1030.445	406	0.033743
4227	1030.689	428	0.0355715
4228	1030.933	456	0.0378986
4229	1031.177	398	0.0330782
4230	1031.421	464	0.0385635
4231	1031.664	410	0.0340755
4232	1031.908	452	0.0375661
4233	1032.152	404	0.0335768
4234	1032.396	435	0.0361533
4235	1032.640	439	0.0364857
4236	1032.884	390	0.0324133
4237	1033.128	405	0.0336599
4238	1033.371	434	0.0360701
4239	1033.615	417	0.0346573
4240	1033.859	436	0.0362364
4241	1034.103	423	0.0351559
4242	1034.347	412	0.0342417
4243	1034.591	398	0.0330782
4244	1034.835	444	0.0369013
4245	1035.078	392	0.0325795
4246	1035.322	412	0.0342417
4247	1035.566	456	0.0378986
4248	1035.810	424	0.035239
4249	1036.054	413	0.0343248
4250	1036.298	398	0.0330782
4251	1036.542	407	0.0338262
4252	1036.786	420	0.0349066
4253	1037.029	420	0.0349066
4254	1037.273	395	0.0328288
4255	1037.517	408	0.0339093
4256	1037.761	393	0.0326626
4257	1038.005	423	0.0351559
4258	1038.249	447	0.0371506
4259	1038.493	379	0.031499
4260	1038.736	372	0.0309173
4261	1038.980	414	0.0344079
4262	1039.224	469	0.038979
4263	1039.468	404	0.0335768
4264	1039.712	382	0.0317484
4265	1039.956	426	0.0354053
4266	1040.200	424	0.035239
4267	1040.444	397	0.032995
4268	1040.687	411	0.0341586
4269	1040.931	418	0.0347404
4270	1041.175	417	0.0346573
4271	1041.419	407	0.0338262
4272	1041.663	444	0.0369013
4273	1041.907	425	0.0353222
4274	1042.151	435	0.0361533
4275	1042.394	421	0.0349897
4276	1042.638	424	0.035239
4277	1042.882	404	0.0335768
4278	1043.126	370	0.030751
4279	1043.370	364	0.0302524
4280	1043.614	417	0.0346573
4281	1043.858	457	0.0379817
4282	1044.101	411	0.0341586
4283	1044.345	431	0.0358208
4284	1044.589	401	0.0333275
4285	1044.833	378	0.0314159
4286	1045.077	407	0.0338262
4287	1045.321	441	0.0366519
4288	1045.565	357	0.0296706
4289	1045.809	408	0.0339093
4290	1046.052	412	0.0342417
4291	1046.296	414	0.0344079
4292	1046.540	435	0.0361533
4293	1046.784	403	0.0334937
4294	1047.028	427	0.0354884
4295	1047.272	399	0.0331613
4296	1047.516	420	0.0349066
4297	1047.759	397	0.032995
4298	1048.003	395	0.0328288
4299	1048.247	442	0.036735
4300	1048.491	456	0.0378986
4301	1048.735	410	0.0340755
4302	1048.979	411	0.0341586
4303	1049.223	415	0.034491
4304	1049.466	401	0.0333275
4305	1049.710	403	0.0334937
4306	1049.954	384	0.0319146
4307	1050.198	393	0.0326626
4308	1050.442	376	0.0312497
4309	1050.686	392	0.0325795
4310	1050.930	386	0.0320808
4311	1051.174	418	0.0347404
4312	1051.417	412	0.0342417
4313	1051.661	407	0.0338262
4314	1051.905	422	0.0350728
4315	1052.149	446	0.0370675
4316	1052.393	420	0.0349066
4317	1052.637	446	0.0370675
4318	1052.881	394	0.0327457
4319	1053.124	451	0.037483
4320	1053.368	437	0.0363195
4321	1053.612	433	0.035987
4322	1053.856	410	0.0340755
4323	1054.100	383	0.0318315
4324	1054.344	416	0.0345742
4325	1054.588	419	0.0348235
4326	1054.832	445	0.0369844
4327	1055.075	428	0.0355715
4328	1055.319	424	0.035239
4329	1055.563	423	0.0351559
4330	1055.807	420	0.0349066
4331	1056.051	379	0.031499
4332	1056.295	403	0.0334937
4333	1056.539	425	0.0353222
4334	1056.782	376	0.0312497
4335	1057.026	388	0.032247
4336	1057.270	407	0.0338262
4337	1057.514	401	0.0333275
4338	1057.758	395	0.0328288
4339	1058.002	412	0.0342417
4340	1058.246	411	0.0341586
4341	1058.489	378	0.0314159
4342	1058.733	415	0.034491
4343	1058.977	411	0.0341586
4344	1059.221	416	0.0345742
4345	1059.465	392	0.0325795
4346	1059.709	423	0.0351559
4347	1059.953	400	0.0332444
4348	1060.197	412	0.0342417
4349	1060.440	399	0.0331613
4350	1060.684	380	0.0315822
4351	1060.928	380	0.0315822
4352	1061.172	429	0.0356546
4353	1061.416	420	0.0349066
4354	1061.660	430	0.0357377
4355	1061.904	415	0.034491
4356	1062.147	413	0.0343248
4357	1062.391	407	0.0338262
4358	1062.635	407	0.0338262
4359	1062.879	461	0.0383141
4360	1063.123	416	0.0345742
4361	1063.367	381	0.0316653
4362	1063.611	424	0.035239
4363	1063.855	421	0.0349897
4364	1064.098	395	0.0328288
4365	1064.342	395	0.0328288
4366	1064.586	397	0.032995
4367	1064.830	401	0.0333275
4368	1065.074	389	0.0323302
4369	1065.318	429	0.0356546
4370	1065.562	429	0.0356546
4371	1065.805	406	0.033743
4372	1066.049	449	0.0373168
4373	1066.293	406	0.033743
4374	1066.537	404	0.0335768
4375	1066.781	419	0.0348235
4376	1067.025	380	0.0315822
4377	1067.269	411	0.0341586
4378	1067.512	419	0.0348235
4379	1067.756	386	0.0320808
4380	1068.000	422	0.0350728
4381	1068.244	422	0.0350728
4382	1068.488	438	0.0364026
4383	1068.732	395	0.0328288
4384	1068.976	406	0.033743
4385	1069.220	364	0.0302524
4386	1069.463	387	0.0321639
4387	1069.707	430	0.0357377
4388	1069.951	409	0.0339924
4389	1070.195	445	0.0369844
4390	1070.439	405	0.0336599
4391	1070.683	417	0.0346573
4392	1070.927	382	0.0317484
4393	1071.170	416	0.0345742
4394	1071.414	412	0.0342417
4395	1071.658	391	0.0324964
4396	1071.902	414	0.0344079
4397	1072.146	414	0.0344079
4398	1072.390	401	0.0333275
4399	1072.634	399	0.0331613
4400	1072.877	388	0.032247
4401	1073.121	418	0.0347404
4402	1073.365	404	0.0335768
4403	1073.609	429	0.0356546
4404	1073.853	439	0.0364857
4405	1074.097	379	0.031499
4406	1074.341	400	0.0332444
4407	1074.585	393	0.0326626
4408	1074.828	430	0.0357377
4409	1075.072	404	0.0335768
4410	1075.316	402	0.0334106
4411	1075.560	424	0.035239
4412	1075.804	440	0.0365688
4413	1076.048	428	0.0355715
4414	1076.292	426	0.0354053
4415	1076.535	450	0.0373999
4416	1076.779	374	0.0310835
4417	1077.023	431	0.0358208
4418	1077.267	423	0.0351559
4419	1077.511	379	0.031499
4420	1077.755	428	0.0355715
4421	1077.999	395	0.0328288
4422	1078.243	425	0.0353222
4423	1078.486	415	0.034491
4424	1078.730	434	0.0360701
4425	1078.974	419	0.0348235
4426	1079.218	387	0.0321639
4427	1079.462	391	0.0324964
4428	1079.706	402	0.0334106
4429	1079.950	420	0.0349066
4430	1080.193	428	0.0355715
4431	1080.437	419	0.0348235
4432	1080.681	407	0.0338262
4433	1080.925	430	0.0357377
4434	1081.169	405	0.0336599
4435	1081.413	402	0.0334106
4436	1081.657	420	0.0349066
4437	1081.900	439	0.0364857
4438	1082.144	404	0.0335768
4439	1082.388	420	0.0349066
4440	1082.632	429	0.0356546
4441	1082.876	414	0.0344079
4442	1083.120	439	0.0364857
4443	1083.364	403	0.0334937
4444	1083.608	459	0.0381479
4445	1083.851	421	0.0349897
4446	1084.095	423	0.0351559
4447	1084.339	453	0.0376493
4448	1084.583	453	0.0376493
4449	1084.827	403	0.0334937
4450	1085.071	382	0.0317484
4451	1085.315	444	0.0369013
4452	1085.558	431	0.0358208
4453	1085.802	455	0.0378155
4454	1086.046	429	0.0356546
4455	1086.290	431	0.0358208
4456	1086.534	423	0.0351559
4457	1086.778	448	0.0372337
4458	1087.022	438	0.0364026
4459	1087.265	416	0.0345742
4460	1087.509	427	0.0354884
4461	1087.753	413	0.0343248
4462	1087.997	389	0.0323302
4463	1088.241	467	0.0388128
4464	1088.485	424	0.035239
4465	1088.729	444	0.0369013
4466	1088.973	451	0.037483
4467	1089.216	437	0.0363195
4468	1089.460	411	0.0341586
4469	1089.704	427	0.0354884
4470	1089.948	398	0.0330782
4471	1090.192	428	0.0355715
4472	1090.436	417	0.0346573
4473	1090.680	402	0.0334106
4474	1090.923	425	0.0353222
4475	1091.167	423	0.0351559
4476	1091.411	441	0.0366519
4477	1091.655	399	0.0331613
4478	1091.899	438	0.0364026
4479	1092.143	422	0.0350728
4480	1092.387	450	0.0373999
4481	1092.631	415	0.034491
4482	1092.874	399	0.0331613
4483	1093.118	426	0.0354053
4484	1093.362	386	0.0320808
4485	1093.606	405	0.0336599
4486	1093.850	435	0.0361533
4487	1094.094	435	0.0361533
4488	1094.338	463	0.0384804
4489	1094.581	399	0.0331613
4490	1094.825	430	0.0357377
4491	1095.069	409	0.0339924
4492	1095.313	414	0.0344079
4493	1095.557	417	0.0346573
4494	1095.801	419	0.0348235
4495	1096.045	419	0.0348235
4496	1096.288	401	0.0333275
4497	1096.532	446	0.0370675
4498	1096.776	405	0.0336599
4499	1097.020	428	0.0355715
4500	1097.264	430	0.0357377
4501	1097.508	428	0.0355715
4502	1097.752	438	0.0364026
4503	1097.996	449	0.0373168
4504	1098.239	434	0.0360701
4505	1098.483	441	0.0366519
4506	1098.727	463	0.0384804
4507	1098.971	401	0.0333275
4508	1099.215	467	0.0388128
4509	1099.459	490	0.0407244
4510	1099.703	416	0.0345742
4511	1099.946	449	0.0373168
4512	1100.190	394	0.0327457
4513	1100.434	440	0.0365688
4514	1100.678	414	0.0344079
4515	1100.922	431	0.0358208
4516	1101.166	453	0.0376493
4517	1101.410	404	0.0335768
4518	1101.653	415	0.034491
4519	1101.897	435	0.0361533
4520	1102.141	443	0.0368181
4521	1102.385	459	0.0381479
4522	1102.629	434	0.0360701
4523	1102.873	434	0.0360701
4524	1103.117	407	0.0338262
4525	1103.361	420	0.0349066
4526	1103.604	438	0.0364026
4527	1103.848	433	0.035987
4528	1104.092	455	0.0378155
4529	1104.336	435	0.0361533
4530	1104.580	398	0.0330782
4531	1104.824	455	0.0378155
4532	1105.068	467	0.0388128
4533	1105.311	426	0.0354053
4534	1105.555	443	0.0368181
4535	1105.799	406	0.033743
4536	1106.043	445	0.0369844
4537	1106.287	427	0.0354884
4538	1106.531	410	0.0340755
4539	1106.775	429	0.0356546
4540	1107.019	445	0.0369844
4541	1107.262	452	0.0375661
4542	1107.506	417	0.0346573
4543	1107.750	430	0.0357377
4544	1107.994	474	0.0393946
4545	1108.238	425	0.0353222
4546	1108.482	456	0.0378986
4547	1108.726	412	0.0342417
4548	1108.969	410	0.0340755
4549	1109.213	426	0.0354053
4550	1109.457	464	0.0385635
4551	1109.701	420	0.0349066
4552	1109.945	433	0.035987
4553	1110.189	414	0.0344079
4554	1110.433	407	0.0338262
4555	1110.676	424	0.035239
4556	1110.920	442	0.036735
4557	1111.164	436	0.0362364
4558	1111.408	449	0.0373168
4559	1111.652	483	0.0401426
4560	1111.896	400	0.0332444
4561	1112.140	463	0.0384804
4562	1112.384	418	0.0347404
4563	1112.627	444	0.0369013
4564	1112.871	384	0.0319146
4565	1113.115	427	0.0354884
4566	1113.359	446	0.0370675
4567	1113.603	445	0.0369844
4568	1113.847	454	0.0377324
4569	1114.091	435	0.0361533
4570	1114.334	446	0.0370675
4571	1114.578	455	0.0378155
4572	1114.822	415	0.034491
4573	1115.066	423	0.0351559
4574	1115.310	447	0.0371506
4575	1115.554	410	0.0340755
4576	1115.798	397	0.032995
4577	1116.042	408	0.0339093
4578	1116.285	416	0.0345742
4579	1116.529	426	0.0354053
4580	1116.773	484	0.0402257
4581	1117.017	375	0.0311666
4582	1117.261	382	0.0317484
4583	1117.505	412	0.0342417
4584	1117.749	414	0.0344079
4585	1117.992	413	0.0343248
4586	1118.236	419	0.0348235
4587	1118.480	386	0.0320808
4588	1118.724	382	0.0317484
4589	1118.968	388	0.032247
4590	1119.212	420	0.0349066
4591	1119.456	356	0.0295875
4592	1119.699	367	0.0305017
4593	1119.943	359	0.0298368
4594	1120.187	368	0.0305848
4595	1120.431	364	0.0302524
4596	1120.675	354	0.0294213
4597	1120.919	366	0.0304186
4598	1121.163	393	0.0326626
4599	1121.407	368	0.0305848
4600	1121.650	344	0.0285902
4601	1121.894	330	0.0274266
4602	1122.138	355	0.0295044
4603	1122.382	399	0.0331613
4604	1122.626	354	0.0294213
4605	1122.870	336	0.0279253
4606	1123.114	327	0.0271773
4607	1123.357	347	0.0288395
4608	1123.601	380	0.0315822
4609	1123.845	325	0.0270111
4610	1124.089	374	0.0310835
4611	1124.333	331	0.0275097
4612	1124.577	350	0.0290888
4613	1124.821	328	0.0272604
4614	1125.064	326	0.0270942
4615	1125.308	299	0.0248502
4616	1125.552	375	0.0311666
4617	1125.796	297	0.0246839
4618	1126.040	352	0.0292551
4619	1126.284	318	0.0264293
4620	1126.528	316	0.0262631
4621	1126.772	357	0.0296706
4622	1127.015	315	0.0261799
4623	1127.259	316	0.0262631
4624	1127.503	341	0.0283408
4625	1127.747	312	0.0259306
4626	1127.991	337	0.0280084
4627	1128.235	297	0.0246839
4628	1128.479	328	0.0272604
4629	1128.722	325	0.0270111
4630	1128.966	345	0.0286733
4631	1129.210	299	0.0248502
4632	1129.454	359	0.0298368
4633	1129.698	329	0.0273435
4634	1129.942	317	0.0263462
4635	1130.186	344	0.0285902
4636	1130.430	337	0.0280084
4637	1130.673	348	0.0289226
4638	1130.917	352	0.0292551
4639	1131.161	301	0.0250164
4640	1131.405	344	0.0285902
4641	1131.649	312	0.0259306
4642	1131.893	331	0.0275097
4643	1132.137	314	0.0260968
4644	1132.380	291	0.0241853
4645	1132.624	293	0.0243515
4646	1132.868	314	0.0260968
4647	1133.112	306	0.0254319
4648	1133.356	328	0.0272604
4649	1133.600	315	0.0261799
4650	1133.844	310	0.0257644
4651	1134.087	331	0.0275097
4652	1134.331	334	0.0277591
4653	1134.575	353	0.0293382
4654	1134.819	301	0.0250164
4655	1135.063	310	0.0257644
4656	1135.307	322	0.0267617
4657	1135.551	316	0.0262631
4658	1135.795	284	0.0236035
4659	1136.038	304	0.0252657
4660	1136.282	308	0.0255982
4661	1136.526	273	0.0226893
4662	1136.770	301	0.0250164
4663	1137.014	353	0.0293382
4664	1137.258	303	0.0251826
4665	1137.502	306	0.0254319
4666	1137.745	276	0.0229386
4667	1137.989	303	0.0251826
4668	1138.233	311	0.0258475
4669	1138.477	318	0.0264293
4670	1138.721	325	0.0270111
4671	1138.965	320	0.0265955
4672	1139.209	304	0.0252657
4673	1139.452	290	0.0241022
4674	1139.696	322	0.0267617
4675	1139.940	342	0.0284239
4676	1140.184	300	0.0249333
4677	1140.428	323	0.0268448
4678	1140.672	290	0.0241022
4679	1140.916	338	0.0280915
4680	1141.160	298	0.0247671
4681	1141.403	289	0.0240191
4682	1141.647	314	0.0260968
4683	1141.891	298	0.0247671
4684	1142.135	341	0.0283408
4685	1142.379	289	0.0240191
4686	1142.623	294	0.0244346
4687	1142.867	320	0.0265955
4688	1143.110	326	0.0270942
4689	1143.354	328	0.0272604
4690	1143.598	318	0.0264293
4691	1143.842	300	0.0249333
4692	1144.086	308	0.0255982
4693	1144.330	269	0.0223568
4694	1144.574	289	0.0240191
4695	1144.818	320	0.0265955
4696	1145.061	294	0.0244346
4697	1145.305	347	0.0288395
4698	1145.549	279	0.023188
4699	1145.793	310	0.0257644
4700	1146.037	293	0.0243515
4701	1146.281	295	0.0245177
4702	1146.525	290	0.0241022
4703	1146.768	282	0.0234373
4704	1147.012	297	0.0246839
4705	1147.256	306	0.0254319
4706	1147.500	299	0.0248502
4707	1147.744	300	0.0249333
4708	1147.988	285	0.0236866
4709	1148.232	291	0.0241853
4710	1148.475	302	0.0250995
4711	1148.719	303	0.0251826
4712	1148.963	293	0.0243515
4713	1149.207	278	0.0231048
4714	1149.451	304	0.0252657
4715	1149.695	329	0.0273435
4716	1149.939	304	0.0252657
4717	1150.183	326	0.0270942
4718	1150.426	336	0.0279253
4719	1150.670	303	0.0251826
4720	1150.914	270	0.02244
4721	1151.158	278	0.0231048
4722	1151.402	314	0.0260968
4723	1151.646	305	0.0253488
4724	1151.890	284	0.0236035
4725	1152.133	311	0.0258475
4726	1152.377	300	0.0249333
4727	1152.621	314	0.0260968
4728	1152.865	338	0.0280915
4729	1153.109	308	0.0255982
4730	1153.353	296	0.0246008
4731	1153.597	290	0.0241022
4732	1153.841	300	0.0249333
4733	1154.084	303	0.0251826
4734	1154.328	286	0.0237697
4735	1154.572	277	0.0230217
4736	1154.816	262	0.0217751
4737	1155.060	306	0.0254319
4738	1155.304	292	0.0242684
4739	1155.548	269	0.0223568
4740	1155.791	310	0.0257644
4741	1156.035	277	0.0230217
4742	1156.279	280	0.0232711
4743	1156.523	305	0.0253488
4744	1156.767	306	0.0254319
4745	1157.011	316	0.0262631
4746	1157.255	278	0.0231048
4747	1157.498	284	0.0236035
4748	1157.742	270	0.02244
4749	1157.986	269	0.0223568
4750	1158.230	307	0.0255151
4751	1158.474	318	0.0264293
4752	1158.718	293	0.0243515
4753	1158.962	271	0.0225231
4754	1159.206	285	0.0236866
4755	1159.449	263	0.0218582
4756	1159.693	287	0.0238528
4757	1159.937	296	0.0246008
4758	1160.181	324	0.0269279
4759	1160.425	259	0.0215257
4760	1160.669	297	0.0246839
4761	1160.913	296	0.0246008
4762	1161.156	285	0.0236866
4763	1161.400	272	0.0226062
4764	1161.644	267	0.0221906
4765	1161.888	286	0.0237697
4766	1162.132	277	0.0230217
4767	1162.376	283	0.0235204
4768	1162.620	320	0.0265955
4769	1162.863	298	0.0247671
4770	1163.107	267	0.0221906
4771	1163.351	257	0.0213595
4772	1163.595	284	0.0236035
4773	1163.839	269	0.0223568
4774	1164.083	303	0.0251826
4775	1164.327	272	0.0226062
4776	1164.571	276	0.0229386
4777	1164.814	290	0.0241022
4778	1165.058	323	0.0268448
4779	1165.302	275	0.0228555
4780	1165.546	306	0.0254319
4781	1165.790	273	0.0226893
4782	1166.034	299	0.0248502
4783	1166.278	234	0.019448
4784	1166.521	315	0.0261799
4785	1166.765	286	0.0237697
4786	1167.009	273	0.0226893
4787	1167.253	279	0.023188
4788	1167.497	281	0.0233542
4789	1167.741	267	0.0221906
4790	1167.985	288	0.023936
4791	1168.229	282	0.0234373
4792	1168.472	253	0.0210271
4793	1168.716	278	0.0231048
4794	1168.960	250	0.0207777
4795	1169.204	273	0.0226893
4796	1169.448	285	0.0236866
4797	1169.692	285	0.0236866
4798	1169.936	280	0.0232711
4799	1170.179	277	0.0230217
4800	1170.423	314	0.0260968
4801	1170.667	266	0.0221075
4802	1170.911	278	0.0231048
4803	1171.155	326	0.0270942
4804	1171.399	339	0.0281746
4805	1171.643	496	0.041223
4806	1171.886	655	0.0544377
4807	1172.130	1013	0.0841914
4808	1172.374	1579	0.131232
4809	1172.618	2527	0.210021
4810	1172.862	3967	0.329701
4811	1173.106	6075	0.504899
4812	1173.350	8449	0.702204
4813	1173.594	10739	0.892528
4814	1173.837	13364	1.11069
4815	1174.081	14843	1.23362
4816	1174.325	15643	1.3001
4817	1174.569	14900	1.23835
4818	1174.813	13330	1.10787
4819	1175.057	10867	0.903167
4820	1175.301	8205	0.681925
4821	1175.544	5759	0.478636
4822	1175.788	3662	0.304352
4823	1176.032	2343	0.194729
4824	1176.276	1349	0.112117
4825	1176.520	782	0.0649928
4826	1176.764	470	0.0390621
4827	1177.008	365	0.0303355
4828	1177.251	314	0.0260968
4829	1177.495	280	0.0232711
4830	1177.739	271	0.0225231
4831	1177.983	266	0.0221075
4832	1178.227	279	0.023188
4833	1178.471	260	0.0216088
4834	1178.715	265	0.0220244
4835	1178.959	245	0.0203622
4836	1179.202	260	0.0216088
4837	1179.446	258	0.0214426
4838	1179.690	257	0.0213595
4839	1179.934	233	0.0193648
4840	1180.178	236	0.0196142
4841	1180.422	229	0.0190324
4842	1180.666	254	0.0211102
4843	1180.909	260	0.0216088
4844	1181.153	255	0.0211933
4845	1181.397	280	0.0232711
4846	1181.641	265	0.0220244
4847	1181.885	270	0.02244
4848	1182.129	253	0.0210271
4849	1182.373	221	0.0183675
4850	1182.617	251	0.0208608
4851	1182.860	235	0.0195311
4852	1183.104	232	0.0192817
4853	1183.348	252	0.020944
4854	1183.592	254	0.0211102
4855	1183.836	246	0.0204453
4856	1184.080	273	0.0226893
4857	1184.324	248	0.0206115
4858	1184.567	256	0.0212764
4859	1184.811	236	0.0196142
4860	1185.055	250	0.0207777
4861	1185.299	249	0.0206946
4862	1185.543	256	0.0212764
4863	1185.787	252	0.020944
4864	1186.031	267	0.0221906
4865	1186.274	232	0.0192817
4866	1186.518	245	0.0203622
4867	1186.762	248	0.0206115
4868	1187.006	246	0.0204453
4869	1187.250	245	0.0203622
4870	1187.494	247	0.0205284
4871	1187.738	253	0.0210271
4872	1187.982	226	0.0187831
4873	1188.225	259	0.0215257
4874	1188.469	217	0.0180351
4875	1188.713	242	0.0201128
4876	1188.957	255	0.0211933
4877	1189.201	253	0.0210271
4878	1189.445	240	0.0199466
4879	1189.689	251	0.0208608
4880	1189.932	250	0.0207777
4881	1190.176	226	0.0187831
4882	1190.420	227	0.0188662
4883	1190.664	251	0.0208608
4884	1190.908	276	0.0229386
4885	1191.152	264	0.0219413
4886	1191.396	236	0.0196142
4887	1191.639	221	0.0183675
4888	1191.883	249	0.0206946
4889	1192.127	210	0.0174533
4890	1192.371	232	0.0192817
4891	1192.615	250	0.0207777
4892	1192.859	254	0.0211102
4893	1193.103	243	0.020196
4894	1193.347	233	0.0193648
4895	1193.590	235	0.0195311
4896	1193.834	243	0.020196
4897	1194.078	257	0.0213595
4898	1194.322	250	0.0207777
4899	1194.566	240	0.0199466
4900	1194.810	231	0.0191986
4901	1195.054	231	0.0191986
4902	1195.297	219	0.0182013
4903	1195.541	249	0.0206946
4904	1195.785	237	0.0196973
4905	1196.029	238	0.0197804
4906	1196.273	254	0.0211102
4907	1196.517	230	0.0191155
4908	1196.761	221	0.0183675
4909	1197.005	235	0.0195311
4910	1197.248	244	0.0202791
4911	1197.492	227	0.0188662
4912	1197.736	225	0.0187
4913	1197.980	232	0.0192817
4914	1198.224	229	0.0190324
4915	1198.468	231	0.0191986
4916	1198.712	212	0.0176195
4917	1198.955	245	0.0203622
4918	1199.199	245	0.0203622
4919	1199.443	232	0.0192817
4920	1199.687	219	0.0182013
4921	1199.931	223	0.0185337
4922	1200.175	204	0.0169546
4923	1200.419	205	0.0170377
4924	1200.662	225	0.0187
4925	1200.906	208	0.0172871
4926	1201.150	247	0.0205284
4927	1201.394	251	0.0208608
4928	1201.638	238	0.0197804
4929	1201.882	209	0.0173702
4930	1202.126	225	0.0187
4931	1202.370	209	0.0173702
4932	1202.613	219	0.0182013
4933	1202.857	223	0.0185337
4934	1203.101	224	0.0186169
4935	1203.345	211	0.0175364
4936	1203.589	207	0.017204
4937	1203.833	239	0.0198635
4938	1204.077	222	0.0184506
4939	1204.320	234	0.019448
4940	1204.564	227	0.0188662
4941	1204.808	216	0.017952
4942	1205.052	245	0.0203622
4943	1205.296	233	0.0193648
4944	1205.540	227	0.0188662
4945	1205.784	222	0.0184506
4946	1206.028	214	0.0177857
4947	1206.271	220	0.0182844
4948	1206.515	211	0.0175364
4949	1206.759	228	0.0189493
4950	1207.003	220	0.0182844
4951	1207.247	206	0.0171209
4952	1207.491	225	0.0187
4953	1207.735	231	0.0191986
4954	1207.978	210	0.0174533
4955	1208.222	198	0.016456
4956	1208.466	199	0.0165391
4957	1208.710	227	0.0188662
4958	1208.954	221	0.0183675
4959	1209.198	210	0.0174533
4960	1209.442	210	0.0174533
4961	1209.685	211	0.0175364
4962	1209.929	197	0.0163729
4963	1210.173	196	0.0162897
4964	1210.417	209	0.0173702
4965	1210.661	226	0.0187831
4966	1210.905	203	0.0168715
4967	1211.149	199	0.0165391
4968	1211.393	207	0.017204
4969	1211.636	204	0.0169546
4970	1211.880	186	0.0154586
4971	1212.124	199	0.0165391
4972	1212.368	207	0.017204
4973	1212.612	185	0.0153755
4974	1212.856	186	0.0154586
4975	1213.100	203	0.0168715
4976	1213.343	193	0.0160404
4977	1213.587	246	0.0204453
4978	1213.831	192	0.0159573
4979	1214.075	229	0.0190324
4980	1214.319	181	0.0150431
4981	1214.563	200	0.0166222
4982	1214.807	198	0.016456
4983	1215.050	203	0.0168715
4984	1215.294	194	0.0161235
4985	1215.538	223	0.0185337
4986	1215.782	209	0.0173702
4987	1216.026	210	0.0174533
4988	1216.270	182	0.0151262
4989	1216.514	190	0.0157911
4990	1216.758	204	0.0169546
4991	1217.001	193	0.0160404
4992	1217.245	207	0.017204
4993	1217.489	193	0.0160404
4994	1217.733	200	0.0166222
4995	1217.977	193	0.0160404
4996	1218.221	199	0.0165391
4997	1218.465	182	0.0151262
4998	1218.708	181	0.0150431
4999	1218.952	215	0.0178689
5000	1219.196	203	0.0168715
5001	1219.440	192	0.0159573
5002	1219.684	176	0.0146275
5003	1219.928	189	0.015708
5004	1220.172	180	0.01496
5005	1220.416	200	0.0166222
5006	1220.659	180	0.01496
5007	1220.903	206	0.0171209
5008	1221.147	184	0.0152924
5009	1221.391	220	0.0182844
5010	1221.635	208	0.0172871
5011	1221.879	195	0.0162066
5012	1222.123	184	0.0152924
5013	1222.366	197	0.0163729
5014	1222.610	189	0.015708
5015	1222.854	189	0.015708
5016	1223.098	179	0.0148769
5017	1223.342	205	0.0170377
5018	1223.586	198	0.016456
5019	1223.830	204	0.0169546
5020	1224.073	196	0.0162897
5021	1224.317	166	0.0137964
5022	1224.561	182	0.0151262
5023	1224.805	206	0.0171209
5024	1225.049	176	0.0146275
5025	1225.293	173	0.0143782
5026	1225.537	181	0.0150431
5027	1225.781	186	0.0154586
5028	1226.024	198	0.016456
5029	1226.268	215	0.0178689
5030	1226.512	174	0.0144613
5031	1226.756	192	0.0159573
5032	1227.000	187	0.0155417
5033	1227.244	180	0.01496
5034	1227.488	195	0.0162066
5035	1227.731	154	0.0127991
5036	1227.975	183	0.0152093
5037	1228.219	184	0.0152924
5038	1228.463	176	0.0146275
5039	1228.707	191	0.0158742
5040	1228.951	181	0.0150431
5041	1229.195	200	0.0166222
5042	1229.438	212	0.0176195
5043	1229.682	218	0.0181182
5044	1229.926	227	0.0188662
5045	1230.170	214	0.0177857
5046	1230.414	198	0.016456
5047	1230.658	175	0.0145444
5048	1230.902	170	0.0141289
5049	1231.146	194	0.0161235
5050	1231.389	176	0.0146275
5051	1231.633	206	0.0171209
5052	1231.877	190	0.0157911
5053	1232.121	180	0.01496
5054	1232.365	194	0.0161235
5055	1232.609	196	0.0162897
5056	1232.853	189	0.015708
5057	1233.096	192	0.0159573
5058	1233.340	177	0.0147106
5059	1233.584	170	0.0141289
5060	1233.828	178	0.0147937
5061	1234.072	182	0.0151262
5062	1234.316	191	0.0158742
5063	1234.560	192	0.0159573
5064	1234.804	174	0.0144613
5065	1235.047	190	0.0157911
5066	1235.291	184	0.0152924
5067	1235.535	195	0.0162066
5068	1235.779	205	0.0170377
5069	1236.023	187	0.0155417
5070	1236.267	176	0.0146275
5071	1236.511	183	0.0152093
5072	1236.754	196	0.0162897
5073	1236.998	176	0.0146275
5074	1237.242	196	0.0162897
5075	1237.486	167	0.0138795
5076	1237.730	201	0.0167053
5077	1237.974	176	0.0146275
5078	1238.218	203	0.0168715
5079	1238.461	159	0.0132146
5080	1238.705	180	0.01496
5081	1238.949	188	0.0156249
5082	1239.193	168	0.0139626
5083	1239.437	178	0.0147937
5084	1239.681	208	0.0172871
5085	1239.925	169	0.0140457
5086	1240.169	177	0.0147106
5087	1240.412	190	0.0157911
5088	1240.656	173	0.0143782
5089	1240.900	200	0.0166222
5090	1241.144	192	0.0159573
5091	1241.388	191	0.0158742
5092	1241.632	174	0.0144613
5093	1241.876	163	0.0135471
5094	1242.119	168	0.0139626
5095	1242.363	195	0.0162066
5096	1242.607	191	0.0158742
5097	1242.851	171	0.014212
5098	1243.095	196	0.0162897
5099	1243.339	179	0.0148769
5100	1243.583	193	0.0160404
5101	1243.826	190	0.0157911
5102	1244.070	184	0.0152924
5103	1244.314	189	0.015708
5104	1244.558	186	0.0154586
5105	1244.802	179	0.0148769
5106	1245.046	176	0.0146275
5107	1245.290	212	0.0176195
5108	1245.534	173	0.0143782
5109	1245.777	176	0.0146275
5110	1246.021	180	0.01496
5111	1246.265	170	0.0141289
5112	1246.509	195	0.0162066
5113	1246.753	181	0.0150431
5114	1246.997	177	0.0147106
5115	1247.241	182	0.0151262
5116	1247.484	190	0.0157911
5117	1247.728	180	0.01496
5118	1247.972	186	0.0154586
5119	1248.216	182	0.0151262
5120	1248.460	194	0.0161235
5121	1248.704	180	0.01496
5122	1248.948	173	0.0143782
5123	1249.192	181	0.0150431
5124	1249.435	190	0.0157911
5125	1249.679	175	0.0145444
5126	1249.923	178	0.0147937
5127	1250.167	164	0.0136302
5128	1250.411	177	0.0147106
5129	1250.655	208	0.0172871
5130	1250.899	217	0.0180351
5131	1251.142	171	0.014212
5132	1251.386	173	0.0143782
5133	1251.630	183	0.0152093
5134	1251.874	184	0.0152924
5135	1252.118	168	0.0139626
5136	1252.362	167	0.0138795
5137	1252.606	181	0.0150431
5138	1252.849	179	0.0148769
5139	1253.093	184	0.0152924
5140	1253.337	170	0.0141289
5141	1253.581	184	0.0152924
5142	1253.825	167	0.0138795
5143	1254.069	184	0.0152924
5144	1254.313	199	0.0165391
5145	1254.557	163	0.0135471
5146	1254.800	182	0.0151262
5147	1255.044	199	0.0165391
5148	1255.288	186	0.0154586
5149	1255.532	155	0.0128822
5150	1255.776	174	0.0144613
5151	1256.020	190	0.0157911
5152	1256.264	176	0.0146275
5153	1256.507	169	0.0140457
5154	1256.751	169	0.0140457
5155	1256.995	157	0.0130484
5156	1257.239	172	0.0142951
5157	1257.483	195	0.0162066
5158	1257.727	167	0.0138795
5159	1257.971	189	0.015708
5160	1258.215	187	0.0155417
5161	1258.458	182	0.0151262
5162	1258.702	137	0.0113862
5163	1258.946	174	0.0144613
5164	1259.190	176	0.0146275
5165	1259.434	197	0.0163729
5166	1259.678	181	0.0150431
5167	1259.922	203	0.0168715
5168	1260.165	173	0.0143782
5169	1260.409	168	0.0139626
5170	1260.653	173	0.0143782
5171	1260.897	184	0.0152924
5172	1261.141	175	0.0145444
5173	1261.385	188	0.0156249
5174	1261.629	207	0.017204
5175	1261.872	196	0.0162897
5176	1262.116	195	0.0162066
5177	1262.360	187	0.0155417
5178	1262.604	188	0.0156249
5179	1262.848	196	0.0162897
5180	1263.092	178	0.0147937
5181	1263.336	177	0.0147106
5182	1263.580	175	0.0145444
5183	1263.823	194	0.0161235
5184	1264.067	187	0.0155417
5185	1264.311	169	0.0140457
5186	1264.555	182	0.0151262
5187	1264.799	182	0.0151262
5188	1265.043	183	0.0152093
5189	1265.287	175	0.0145444
5190	1265.530	194	0.0161235
5191	1265.774	189	0.015708
5192	1266.018	180	0.01496
5193	1266.262	177	0.0147106
5194	1266.506	174	0.0144613
5195	1266.750	175	0.0145444
5196	1266.994	161	0.0133809
5197	1267.237	179	0.0148769
5198	1267.481	184	0.0152924
5199	1267.725	165	0.0137133
5200	1267.969	170	0.0141289
5201	1268.213	170	0.0141289
5202	1268.457	182	0.0151262
5203	1268.701	171	0.014212
5204	1268.945	163	0.0135471
5205	1269.188	184	0.0152924
5206	1269.432	180	0.01496
5207	1269.676	206	0.0171209
5208	1269.920	179	0.0148769
5209	1270.164	181	0.0150431
5210	1270.408	172	0.0142951
5211	1270.652	164	0.0136302
5212	1270.895	169	0.0140457
5213	1271.139	202	0.0167884
5214	1271.383	180	0.01496
5215	1271.627	173	0.0143782
5216	1271.871	175	0.0145444
5217	1272.115	182	0.0151262
5218	1272.359	178	0.0147937
5219	1272.603	173	0.0143782
5220	1272.846	191	0.0158742
5221	1273.090	186	0.0154586
5222	1273.334	170	0.0141289
5223	1273.578	168	0.0139626
5224	1273.822	157	0.0130484
5225	1274.066	179	0.0148769
5226	1274.310	172	0.0142951
5227	1274.553	182	0.0151262
5228	1274.797	200	0.0166222
5229	1275.041	186	0.0154586
5230	1275.285	175	0.0145444
5231	1275.529	186	0.0154586
5232	1275.773	183	0.0152093
5233	1276.017	166	0.0137964
5234	1276.260	176	0.0146275
5235	1276.504	171	0.014212
5236	1276.748	197	0.0163729
5237	1276.992	169	0.0140457
5238	1277.236	206	0.0171209
5239	1277.480	172	0.0142951
5240	1277.724	177	0.0147106
5241	1277.968	209	0.0173702
5242	1278.211	176	0.0146275
5243	1278.455	142	0.0118018
5244	1278.699	173	0.0143782
5245	1278.943	184	0.0152924
5246	1279.187	186	0.0154586
5247	1279.431	179	0.0148769
5248	1279.675	203	0.0168715
5249	1279.918	176	0.0146275
5250	1280.162	205	0.0170377
5251	1280.406	206	0.0171209
5252	1280.650	178	0.0147937
5253	1280.894	168	0.0139626
5254	1281.138	179	0.0148769
5255	1281.382	174	0.0144613
5256	1281.625	153	0.012716
5257	1281.869	208	0.0172871
5258	1282.113	194	0.0161235
5259	1282.357	179	0.0148769
5260	1282.601	160	0.0132978
5261	1282.845	161	0.0133809
5262	1283.089	173	0.0143782
5263	1283.333	193	0.0160404
5264	1283.576	191	0.0158742
5265	1283.820	184	0.0152924
5266	1284.064	199	0.0165391
5267	1284.308	182	0.0151262
5268	1284.552	182	0.0151262
5269	1284.796	178	0.0147937
5270	1285.040	159	0.0132146
5271	1285.283	175	0.0145444
5272	1285.527	194	0.0161235
5273	1285.771	177	0.0147106
5274	1286.015	204	0.0169546
5275	1286.259	184	0.0152924
5276	1286.503	171	0.014212
5277	1286.747	166	0.0137964
5278	1286.991	142	0.0118018
5279	1287.234	178	0.0147937
5280	1287.478	176	0.0146275
5281	1287.722	184	0.0152924
5282	1287.966	182	0.0151262
5283	1288.210	179	0.0148769
5284	1288.454	200	0.0166222
5285	1288.698	172	0.0142951
5286	1288.941	164	0.0136302
5287	1289.185	188	0.0156249
5288	1289.429	182	0.0151262
5289	1289.673	187	0.0155417
5290	1289.917	184	0.0152924
5291	1290.161	178	0.0147937
5292	1290.405	189	0.015708
5293	1290.648	211	0.0175364
5294	1290.892	186	0.0154586
5295	1291.136	154	0.0127991
5296	1291.380	200	0.0166222
5297	1291.624	173	0.0143782
5298	1291.868	182	0.0151262
5299	1292.112	183	0.0152093
5300	1292.356	169	0.0140457
5301	1292.599	206	0.0171209
5302	1292.843	136	0.0113031
5303	1293.087	177	0.0147106
5304	1293.331	174	0.0144613
5305	1293.575	169	0.0140457
5306	1293.819	191	0.0158742
5307	1294.063	194	0.0161235
5308	1294.306	190	0.0157911
5309	1294.550	176	0.0146275
5310	1294.794	164	0.0136302
5311	1295.038	187	0.0155417
5312	1295.282	189	0.015708
5313	1295.526	177	0.0147106
5314	1295.770	190	0.0157911
5315	1296.013	219	0.0182013
5316	1296.257	193	0.0160404
5317	1296.501	178	0.0147937
5318	1296.745	179	0.0148769
5319	1296.989	176	0.0146275
5320	1297.233	179	0.0148769
5321	1297.477	183	0.0152093
5322	1297.721	179	0.0148769
5323	1297.964	215	0.0178689
5324	1298.208	194	0.0161235
5325	1298.452	202	0.0167884
5326	1298.696	191	0.0158742
5327	1298.940	191	0.0158742
5328	1299.184	182	0.0151262
5329	1299.428	186	0.0154586
5330	1299.671	182	0.0151262
5331	1299.915	179	0.0148769
5332	1300.159	196	0.0162897
5333	1300.403	184	0.0152924
5334	1300.647	191	0.0158742
5335	1300.891	186	0.0154586
5336	1301.135	162	0.013464
5337	1301.379	195	0.0162066
5338	1301.622	190	0.0157911
5339	1301.866	182	0.0151262
5340	1302.110	191	0.0158742
5341	1302.354	193	0.0160404
5342	1302.598	184	0.0152924
5343	1302.842	201	0.0167053
5344	1303.086	183	0.0152093
5345	1303.329	178	0.0147937
5346	1303.573	166	0.0137964
5347	1303.817	191	0.0158742
5348	1304.061	178	0.0147937
5349	1304.305	171	0.014212
5350	1304.549	181	0.0150431
5351	1304.793	167	0.0138795
5352	1305.036	198	0.016456
5353	1305.280	175	0.0145444
5354	1305.524	188	0.0156249
5355	1305.768	151	0.0125498
5356	1306.012	178	0.0147937
5357	1306.256	187	0.0155417
5358	1306.500	164	0.0136302
5359	1306.744	200	0.0166222
5360	1306.987	181	0.0150431
5361	1307.231	209	0.0173702
5362	1307.475	167	0.0138795
5363	1307.719	222	0.0184506
5364	1307.963	193	0.0160404
5365	1308.207	190	0.0157911
5366	1308.451	183	0.0152093
5367	1308.694	203	0.0168715
5368	1308.938	203	0.0168715
5369	1309.182	170	0.0141289
5370	1309.426	166	0.0137964
5371	1309.670	173	0.0143782
5372	1309.914	196	0.0162897
5373	1310.158	186	0.0154586
5374	1310.402	184	0.0152924
5375	1310.645	201	0.0167053
5376	1310.889	176	0.0146275
5377	1311.133	191	0.0158742
5378	1311.377	184	0.0152924
5379	1311.621	186	0.0154586
5380	1311.865	182	0.0151262
5381	1312.109	186	0.0154586
5382	1312.352	213	0.0177026
5383	1312.596	207	0.017204
5384	1312.840	189	0.015708
5385	1313.084	215	0.0178689
5386	1313.328	171	0.014212
5387	1313.572	183	0.0152093
5388	1313.816	191	0.0158742
5389	1314.059	194	0.0161235
5390	1314.303	199	0.0165391
5391	1314.547	201	0.0167053
5392	1314.791	180	0.01496
5393	1315.035	167	0.0138795
5394	1315.279	195	0.0162066
5395	1315.523	180	0.01496
5396	1315.767	202	0.0167884
5397	1316.010	183	0.0152093
5398	1316.254	197	0.0163729
5399	1316.498	172	0.0142951
5400	1316.742	190	0.0157911
5401	1316.986	185	0.0153755
5402	1317.230	174	0.0144613
5403	1317.474	181	0.0150431
5404	1317.717	209	0.0173702
5405	1317.961	184	0.0152924
5406	1318.205	177	0.0147106
5407	1318.449	158	0.0131315
5408	1318.693	193	0.0160404
5409	1318.937	198	0.016456
5410	1319.181	186	0.0154586
5411	1319.424	179	0.0148769
5412	1319.668	197	0.0163729
5413	1319.912	184	0.0152924
5414	1320.156	178	0.0147937
5415	1320.400	171	0.014212
5416	1320.644	185	0.0153755
5417	1320.888	177	0.0147106
5418	1321.132	196	0.0162897
5419	1321.375	179	0.0148769
5420	1321.619	213	0.0177026
5421	1321.863	211	0.0175364
5422	1322.107	222	0.0184506
5423	1322.351	180	0.01496
5424	1322.595	205	0.0170377
5425	1322.839	218	0.0181182
5426	1323.082	266	0.0221075
5427	1323.326	224	0.0186169
5428	1323.570	271	0.0225231
5429	1323.814	310	0.0257644
5430	1324.058	336	0.0279253
5431	1324.302	377	0.0313328
5432	1324.546	438	0.0364026
5433	1324.790	516	0.0428852
5434	1325.033	527	0.0437995
5435	1325.277	610	0.0506977
5436	1325.521	659	0.0547701
5437	1325.765	638	0.0530248
5438	1326.009	696	0.0578452
5439	1326.253	679	0.0564323
5440	1326.497	713	0.0592581
5441	1326.740	601	0.0499497
5442	1326.984	574	0.0477057
5443	1327.228	541	0.044963
5444	1327.472	464	0.0385635
5445	1327.716	410	0.0340755
5446	1327.960	366	0.0304186
5447	1328.204	330	0.0274266
5448	1328.447	281	0.0233542
5449	1328.691	295	0.0245177
5450	1328.935	232	0.0192817
5451	1329.179	233	0.0193648
5452	1329.423	224	0.0186169
5453	1329.667	238	0.0197804
5454	1329.911	259	0.0215257
5455	1330.155	225	0.0187
5456	1330.398	254	0.0211102
5457	1330.642	303	0.0251826
5458	1330.886	387	0.0321639
5459	1331.130	530	0.0440488
5460	1331.374	902	0.0749661
5461	1331.618	1331	0.110621
5462	1331.862	2142	0.178024
5463	1332.105	3255	0.270526
5464	1332.349	4832	0.401592
5465	1332.593	6682	0.555347
5466	1332.837	8941	0.743095
5467	1333.081	10948	0.909899
5468	1333.325	12388	1.02958
5469	1333.569	13431	1.11626
5470	1333.812	13059	1.08535
5471	1334.056	12152	1.00996
5472	1334.300	10045	0.834849
5473	1334.544	8019	0.666467
5474	1334.788	5886	0.489191
5475	1335.032	4112	0.341752
5476	1335.276	2644	0.219745
5477	1335.520	1616	0.134307
5478	1335.763	932	0.0774594
5479	1336.007	552	0.0458772
5480	1336.251	346	0.0287564
5481	1336.495	252	0.020944
5482	1336.739	201	0.0167053
5483	1336.983	200	0.0166222
5484	1337.227	194	0.0161235
5485	1337.470	203	0.0168715
5486	1337.714	185	0.0153755
5487	1337.958	197	0.0163729
5488	1338.202	219	0.0182013
5489	1338.446	190	0.0157911
5490	1338.690	203	0.0168715
5491	1338.934	200	0.0166222
5492	1339.178	217	0.0180351
5493	1339.421	200	0.0166222
5494	1339.665	197	0.0163729
5495	1339.909	191	0.0158742
5496	1340.153	207	0.017204
5497	1340.397	206	0.0171209
5498	1340.641	221	0.0183675
5499	1340.885	216	0.017952
5500	1341.128	212	0.0176195
5501	1341.372	175	0.0145444
5502	1341.616	199	0.0165391
5503	1341.860	202	0.0167884
5504	1342.104	188	0.0156249
5505	1342.348	191	0.0158742
5506	1342.592	222	0.0184506
5507	1342.835	179	0.0148769
5508	1343.079	205	0.0170377
5509	1343.323	190	0.0157911
5510	1343.567	192	0.0159573
5511	1343.811	178	0.0147937
5512	1344.055	198	0.016456
5513	1344.299	187	0.0155417
5514	1344.543	207	0.017204
5515	1344.786	198	0.016456
5516	1345.030	203	0.0168715
5517	1345.274	203	0.0168715
5518	1345.518	175	0.0145444
5519	1345.762	203	0.0168715
5520	1346.006	167	0.0138795
5521	1346.250	167	0.0138795
5522	1346.493	197	0.0163729
5523	1346.737	180	0.01496
5524	1346.981	196	0.0162897
5525	1347.225	192	0.0159573
5526	1347.469	185	0.0153755
5527	1347.713	205	0.0170377
5528	1347.957	206	0.0171209
5529	1348.200	219	0.0182013
5530	1348.444	201	0.0167053
5531	1348.688	220	0.0182844
5532	1348.932	216	0.017952
5533	1349.176	198	0.016456
5534	1349.420	187	0.0155417
5535	1349.664	199	0.0165391
5536	1349.908	196	0.0162897
5537	1350.151	220	0.0182844
5538	1350.395	212	0.0176195
5539	1350.639	169	0.0140457
5540	1350.883	212	0.0176195
5541	1351.127	168	0.0139626
5542	1351.371	195	0.0162066
5543	1351.615	181	0.0150431
5544	1351.858	190	0.0157911
5545	1352.102	221	0.0183675
5546	1352.346	171	0.014212
5547	1352.590	191	0.0158742
5548	1352.834	209	0.0173702
5549	1353.078	175	0.0145444
5550	1353.322	213	0.0177026
5551	1353.566	196	0.0162897
5552	1353.809	176	0.0146275
5553	1354.053	190	0.0157911
5554	1354.297	219	0.0182013
5555	1354.541	194	0.0161235
5556	1354.785	181	0.0150431
5557	1355.029	186	0.0154586
5558	1355.273	201	0.0167053
5559	1355.516	186	0.0154586
5560	1355.760	239	0.0198635
5561	1356.004	184	0.0152924
5562	1356.248	190	0.0157911
5563	1356.492	203	0.0168715
5564	1356.736	186	0.0154586
5565	1356.980	199	0.0165391
5566	1357.223	194	0.0161235
5567	1357.467	189	0.015708
5568	1357.711	196	0.0162897
5569	1357.955	191	0.0158742
5570	1358.199	171	0.014212
5571	1358.443	181	0.0150431
5572	1358.687	209	0.0173702
5573	1358.931	213	0.0177026
5574	1359.174	175	0.0145444
5575	1359.418	205	0.0170377
5576	1359.662	214	0.0177857
5577	1359.906	212	0.0176195
5578	1360.150	199	0.0165391
5579	1360.394	181	0.0150431
5580	1360.638	166	0.0137964
5581	1360.881	194	0.0161235
5582	1361.125	177	0.0147106
5583	1361.369	203	0.0168715
5584	1361.613	186	0.0154586
5585	1361.857	172	0.0142951
5586	1362.101	199	0.0165391
5587	1362.345	198	0.016456
5588	1362.589	179	0.0148769
5589	1362.832	206	0.0171209
5590	1363.076	189	0.015708
5591	1363.320	198	0.016456
5592	1363.564	211	0.0175364
5593	1363.808	175	0.0145444
5594	1364.052	183	0.0152093
5595	1364.296	211	0.0175364
5596	1364.539	199	0.0165391
5597	1364.783	206	0.0171209
5598	1365.027	151	0.0125498
5599	1365.271	170	0.0141289
5600	1365.515	200	0.0166222
5601	1365.759	188	0.0156249
5602	1366.003	201	0.0167053
5603	1366.246	194	0.0161235
5604	1366.490	202	0.0167884
5605	1366.734	186	0.0154586
5606	1366.978	187	0.0155417
5607	1367.222	202	0.0167884
5608	1367.466	201	0.0167053
5609	1367.710	200	0.0166222
5610	1367.954	178	0.0147937
5611	1368.197	207	0.017204
5612	1368.441	198	0.016456
5613	1368.685	204	0.0169546
5614	1368.929	208	0.0172871
5615	1369.173	184	0.0152924
5616	1369.417	204	0.0169546
5617	1369.661	194	0.0161235
5618	1369.904	184	0.0152924
5619	1370.148	212	0.0176195
5620	1370.392	190	0.0157911
5621	1370.636	191	0.0158742
5622	1370.880	205	0.0170377
5623	1371.124	219	0.0182013
5624	1371.368	199	0.0165391
5625	1371.611	204	0.0169546
5626	1371.855	205	0.0170377
5627	1372.099	209	0.0173702
5628	1372.343	202	0.0167884
5629	1372.587	193	0.0160404
5630	1372.831	195	0.0162066
5631	1373.075	226	0.0187831
5632	1373.319	208	0.0172871
5633	1373.562	199	0.0165391
5634	1373.806	197	0.0163729
5635	1374.050	205	0.0170377
5636	1374.294	200	0.0166222
5637	1374.538	213	0.0177026
5638	1374.782	199	0.0165391
5639	1375.026	201	0.0167053
5640	1375.269	193	0.0160404
5641	1375.513	185	0.0153755
5642	1375.757	203	0.0168715
5643	1376.001	206	0.0171209
5644	1376.245	190	0.0157911
5645	1376.489	192	0.0159573
5646	1376.733	212	0.0176195
5647	1376.977	193	0.0160404
5648	1377.220	184	0.0152924
5649	1377.464	207	0.017204
5650	1377.708	206	0.0171209
5651	1377.952	218	0.0181182
5652	1378.196	190	0.0157911
5653	1378.440	225	0.0187
5654	1378.684	178	0.0147937
5655	1378.927	195	0.0162066
5656	1379.171	196	0.0162897
5657	1379.415	209	0.0173702
5658	1379.659	188	0.0156249
5659	1379.903	187	0.0155417
5660	1380.147	197	0.0163729
5661	1380.391	205	0.0170377
5662	1380.634	228	0.0189493
5663	1380.878	224	0.0186169
5664	1381.122	178	0.0147937
5665	1381.366	212	0.0176195
5666	1381.610	221	0.0183675
5667	1381.854	195	0.0162066
5668	1382.098	211	0.0175364
5669	1382.342	233	0.0193648
5670	1382.585	203	0.0168715
5671	1382.829	206	0.0171209
5672	1383.073	224	0.0186169
5673	1383.317	205	0.0170377
5674	1383.561	205	0.0170377
5675	1383.805	205	0.0170377
5676	1384.049	222	0.0184506
5677	1384.292	204	0.0169546
5678	1384.536	194	0.0161235
5679	1384.780	223	0.0185337
5680	1385.024	201	0.0167053
5681	1385.268	198	0.016456
5682	1385.512	179	0.0148769
5683	1385.756	202	0.0167884
5684	1385.999	198	0.016456
5685	1386.243	196	0.0162897
5686	1386.487	203	0.0168715
5687	1386.731	173	0.0143782
5688	1386.975	190	0.0157911
5689	1387.219	208	0.0172871
5690	1387.463	187	0.0155417
5691	1387.707	206	0.0171209
5692	1387.950	208	0.0172871
5693	1388.194	191	0.0158742
5694	1388.438	194	0.0161235
5695	1388.682	186	0.0154586
5696	1388.926	186	0.0154586
5697	1389.170	201	0.0167053
5698	1389.414	201	0.0167053
5699	1389.657	243	0.020196
5700	1389.901	188	0.0156249
5701	1390.145	188	0.0156249
5702	1390.389	217	0.0180351
5703	1390.633	192	0.0159573
5704	1390.877	198	0.016456
5705	1391.121	180	0.01496
5706	1391.365	193	0.0160404
5707	1391.608	184	0.0152924
5708	1391.852	187	0.0155417
5709	1392.096	198	0.016456
5710	1392.340	204	0.0169546
5711	1392.584	199	0.0165391
5712	1392.828	195	0.0162066
5713	1393.072	199	0.0165391
5714	1393.315	193	0.0160404
5715	1393.559	200	0.0166222
5716	1393.803	177	0.0147106
5717	1394.047	198	0.016456
5718	1394.291	195	0.0162066
5719	1394.535	229	0.0190324
5720	1394.779	213	0.0177026
5721	1395.022	238	0.0197804
5722	1395.266	210	0.0174533
5723	1395.510	218	0.0181182
5724	1395.754	180	0.01496
5725	1395.998	198	0.016456
5726	1396.242	223	0.0185337
5727	1396.486	211	0.0175364
5728	1396.730	209	0.0173702
5729	1396.973	216	0.017952
5730	1397.217	200	0.0166222
5731	1397.461	182	0.0151262
5732	1397.705	206	0.0171209
5733	1397.949	215	0.0178689
5734	1398.193	180	0.01496
5735	1398.437	213	0.0177026
5736	1398.680	182	0.0151262
5737	1398.924	192	0.0159573
5738	1399.168	216	0.017952
5739	1399.412	225	0.0187
5740	1399.656	209	0.0173702
5741	1399.900	209	0.0173702
5742	1400.144	207	0.017204
5743	1400.388	198	0.016456
5744	1400.631	231	0.0191986
5745	1400.875	198	0.016456
5746	1401.119	186	0.0154586
5747	1401.363	214	0.0177857
5748	1401.607	227	0.0188662
5749	1401.851	226	0.0187831
5750	1402.095	206	0.0171209
5751	1402.338	218	0.0181182
5752	1402.582	213	0.0177026
5753	1402.826	211	0.0175364
5754	1403.070	203	0.0168715
5755	1403.314	189	0.015708
5756	1403.558	223	0.0185337
5757	1403.802	205	0.0170377
5758	1404.045	194	0.0161235
5759	1404.289	210	0.0174533
5760	1404.533	217	0.0180351
5761	1404.777	225	0.0187
5762	1405.021	214	0.0177857
5763	1405.265	205	0.0170377
5764	1405.509	199	0.0165391
5765	1405.753	215	0.0178689
5766	1405.996	225	0.0187
5767	1406.240	192	0.0159573
5768	1406.484	242	0.0201128
5769	1406.728	203	0.0168715
5770	1406.972	217	0.0180351
5771	1407.216	213	0.0177026
5772	1407.460	218	0.0181182
5773	1407.703	245	0.0203622
5774	1407.947	179	0.0148769
5775	1408.191	197	0.0163729
5776	1408.435	210	0.0174533
5777	1408.679	198	0.016456
5778	1408.923	207	0.017204
5779	1409.167	218	0.0181182
5780	1409.410	193	0.0160404
5781	1409.654	230	0.0191155
5782	1409.898	207	0.017204
5783	1410.142	209	0.0173702
5784	1410.386	195	0.0162066
5785	1410.630	216	0.017952
5786	1410.874	227	0.0188662
5787	1411.118	180	0.01496
5788	1411.361	217	0.0180351
5789	1411.605	189	0.015708
5790	1411.849	247	0.0205284
5791	1412.093	218	0.0181182
5792	1412.337	205	0.0170377
5793	1412.581	226	0.0187831
5794	1412.825	205	0.0170377
5795	1413.068	213	0.0177026
5796	1413.312	233	0.0193648
5797	1413.556	202	0.0167884
5798	1413.800	224	0.0186169
5799	1414.044	215	0.0178689
5800	1414.288	222	0.0184506
5801	1414.532	211	0.0175364
5802	1414.776	203	0.0168715
5803	1415.019	208	0.0172871
5804	1415.263	197	0.0163729
5805	1415.507	214	0.0177857
5806	1415.751	215	0.0178689
5807	1415.995	245	0.0203622
5808	1416.239	208	0.0172871
5809	1416.483	213	0.0177026
5810	1416.726	183	0.0152093
5811	1416.970	215	0.0178689
5812	1417.214	224	0.0186169
5813	1417.458	200	0.0166222
5814	1417.702	205	0.0170377
5815	1417.946	218	0.0181182
5816	1418.190	215	0.0178689
5817	1418.433	210	0.0174533
5818	1418.677	230	0.0191155
5819	1418.921	192	0.0159573
5820	1419.165	215	0.0178689
5821	1419.409	200	0.0166222
5822	1419.653	234	0.019448
5823	1419.897	235	0.0195311
5824	1420.141	218	0.0181182
5825	1420.384	213	0.0177026
5826	1420.628	214	0.0177857
5827	1420.872	235	0.0195311
5828	1421.116	207	0.017204
5829	1421.360	227	0.0188662
5830	1421.604	184	0.0152924
5831	1421.848	214	0.0177857
5832	1422.091	230	0.0191155
5833	1422.335	244	0.0202791
5834	1422.579	205	0.0170377
5835	1422.823	223	0.0185337
5836	1423.067	216	0.017952
5837	1423.311	197	0.0163729
5838	1423.555	206	0.0171209
5839	1423.798	223	0.0185337
5840	1424.042	216	0.017952
5841	1424.286	238	0.0197804
5842	1424.530	224	0.0186169
5843	1424.774	226	0.0187831
5844	1425.018	225	0.0187
5845	1425.262	193	0.0160404
5846	1425.506	209	0.0173702
5847	1425.749	245	0.0203622
5848	1425.993	237	0.0196973
5849	1426.237	231	0.0191986
5850	1426.481	245	0.0203622
5851	1426.725	228	0.0189493
5852	1426.969	220	0.0182844
5853	1427.213	227	0.0188662
5854	1427.456	217	0.0180351
5855	1427.700	218	0.0181182
5856	1427.944	208	0.0172871
5857	1428.188	227	0.0188662
5858	1428.432	228	0.0189493
5859	1428.676	211	0.0175364
5860	1428.920	236	0.0196142
5861	1429.164	230	0.0191155
5862	1429.407	228	0.0189493
5863	1429.651	221	0.0183675
5864	1429.895	220	0.0182844
5865	1430.139	203	0.0168715
5866	1430.383	225	0.0187
5867	1430.627	217	0.0180351
5868	1430.871	218	0.0181182
5869	1431.114	222	0.0184506
5870	1431.358	247	0.0205284
5871	1431.602	219	0.0182013
5872	1431.846	234	0.019448
5873	1432.090	232	0.0192817
5874	1432.334	212	0.0176195
5875	1432.578	213	0.0177026
5876	1432.821	183	0.0152093
5877	1433.065	227	0.0188662
5878	1433.309	217	0.0180351
5879	1433.553	241	0.0200297
5880	1433.797	217	0.0180351
5881	1434.041	204	0.0169546
5882	1434.285	221	0.0183675
5883	1434.529	206	0.0171209
5884	1434.772	228	0.0189493
5885	1435.016	216	0.017952
5886	1435.260	209	0.0173702
5887	1435.504	211	0.0175364
5888	1435.748	235	0.0195311
5889	1435.992	231	0.0191986
5890	1436.236	226	0.0187831
5891	1436.479	242	0.0201128
5892	1436.723	212	0.0176195
5893	1436.967	208	0.0172871
5894	1437.211	231	0.0191986
5895	1437.455	237	0.0196973
5896	1437.699	232	0.0192817
5897	1437.943	225	0.0187
5898	1438.186	215	0.0178689
5899	1438.430	210	0.0174533
5900	1438.674	237	0.0196973
5901	1438.918	222	0.0184506
5902	1439.162	216	0.017952
5903	1439.406	239	0.0198635
5904	1439.650	217	0.0180351
5905	1439.894	238	0.0197804
5906	1440.137	232	0.0192817
5907	1440.381	225	0.0187
5908	1440.625	206	0.0171209
5909	1440.869	203	0.0168715
5910	1441.113	189	0.015708
5911	1441.357	260	0.0216088
5912	1441.601	228	0.0189493
5913	1441.844	215	0.0178689
5914	1442.088	191	0.0158742
5915	1442.332	225	0.0187
5916	1442.576	214	0.0177857
5917	1442.820	227	0.0188662
5918	1443.064	248	0.0206115
5919	1443.308	229	0.0190324
5920	1443.552	226	0.0187831
5921	1443.795	206	0.0171209
5922	1444.039	238	0.0197804
5923	1444.283	239	0.0198635
5924	1444.527	221	0.0183675
5925	1444.771	218	0.0181182
5926	1445.015	200	0.0166222
5927	1445.259	250	0.0207777
5928	1445.502	220	0.0182844
5929	1445.746	224	0.0186169
5930	1445.990	191	0.0158742
5931	1446.234	255	0.0211933
5932	1446.478	208	0.0172871
5933	1446.722	216	0.017952
5934	1446.966	239	0.0198635
5935	1447.209	224	0.0186169
5936	1447.453	224	0.0186169
5937	1447.697	230	0.0191155
5938	1447.941	218	0.0181182
5939	1448.185	216	0.017952
5940	1448.429	233	0.0193648
5941	1448.673	231	0.0191986
5942	1448.917	216	0.017952
5943	1449.160	235	0.0195311
5944	1449.404	252	0.020944
5945	1449.648	256	0.0212764
5946	1449.892	215	0.0178689
5947	1450.136	203	0.0168715
5948	1450.380	233	0.0193648
5949	1450.624	209	0.0173702
5950	1450.867	237	0.0196973
5951	1451.111	215	0.0178689
5952	1451.355	184	0.0152924
5953	1451.599	204	0.0169546
5954	1451.843	248	0.0206115
5955	1452.087	235	0.0195311
5956	1452.331	214	0.0177857
5957	1452.575	230	0.0191155
5958	1452.818	250	0.0207777
5959	1453.062	235	0.0195311
5960	1453.306	204	0.0169546
5961	1453.550	203	0.0168715
5962	1453.794	205	0.0170377
5963	1454.038	233	0.0193648
5964	1454.282	221	0.0183675
5965	1454.525	239	0.0198635
5966	1454.769	226	0.0187831
5967	1455.013	224	0.0186169
5968	1455.257	233	0.0193648
5969	1455.501	243	0.020196
5970	1455.745	240	0.0199466
5971	1455.989	227	0.0188662
5972	1456.232	248	0.0206115
5973	1456.476	230	0.0191155
5974	1456.720	237	0.0196973
5975	1456.964	251	0.0208608
5976	1457.208	247	0.0205284
5977	1457.452	273	0.0226893
5978	1457.696	206	0.0171209
5979	1457.940	227	0.0188662
5980	1458.183	253	0.0210271
5981	1458.427	229	0.0190324
5982	1458.671	214	0.0177857
5983	1458.915	221	0.0183675
5984	1459.159	232	0.0192817
5985	1459.403	229	0.0190324
5986	1459.647	235	0.0195311
5987	1459.890	227	0.0188662
5988	1460.134	235	0.0195311
5989	1460.378	222	0.0184506
5990	1460.622	235	0.0195311
5991	1460.866	237	0.0196973
5992	1461.110	251	0.0208608
5993	1461.354	229	0.0190324
5994	1461.597	251	0.0208608
5995	1461.841	246	0.0204453
5996	1462.085	242	0.0201128
5997	1462.329	256	0.0212764
5998	1462.573	228	0.0189493
5999	1462.817	240	0.0199466
6000	1463.061	233	0.0193648
6001	1463.305	221	0.0183675
6002	1463.548	213	0.0177026
6003	1463.792	217	0.0180351
6004	1464.036	245	0.0203622
6005	1464.280	234	0.019448
6006	1464.524	246	0.0204453
6007	1464.768	242	0.0201128
6008	1465.012	271	0.0225231
6009	1465.255	235	0.0195311
6010	1465.499	237	0.0196973
6011	1465.743	242	0.0201128
6012	1465.987	217	0.0180351
6013	1466.231	251	0.0208608
6014	1466.475	255	0.0211933
6015	1466.719	233	0.0193648
6016	1466.963	231	0.0191986
6017	1467.206	243	0.020196
6018	1467.450	240	0.0199466
6019	1467.694	235	0.0195311
6020	1467.938	247	0.0205284
6021	1468.182	230	0.0191155
6022	1468.426	266	0.0221075
6023	1468.670	251	0.0208608
6024	1468.913	225	0.0187
6025	1469.157	242	0.0201128
6026	1469.401	223	0.0185337
6027	1469.645	236	0.0196142
6028	1469.889	272	0.0226062
6029	1470.133	230	0.0191155
6030	1470.377	232	0.0192817
6031	1470.620	279	0.023188
6032	1470.864	249	0.0206946
6033	1471.108	256	0.0212764
6034	1471.352	255	0.0211933
6035	1471.596	268	0.0222737
6036	1471.840	264	0.0219413
6037	1472.084	212	0.0176195
6038	1472.328	238	0.0197804
6039	1472.571	227	0.0188662
6040	1472.815	244	0.0202791
6041	1473.059	261	0.021692
6042	1473.303	248	0.0206115
6043	1473.547	248	0.0206115
6044	1473.791	257	0.0213595
6045	1474.035	224	0.0186169
6046	1474.278	228	0.0189493
6047	1474.522	247	0.0205284
6048	1474.766	233	0.0193648
6049	1475.010	212	0.0176195
6050	1475.254	234	0.019448
6051	1475.498	285	0.0236866
6052	1475.742	241	0.0200297
6053	1475.985	267	0.0221906
6054	1476.229	243	0.020196
6055	1476.473	259	0.0215257
6056	1476.717	251	0.0208608
6057	1476.961	230	0.0191155
6058	1477.205	239	0.0198635
6059	1477.449	271	0.0225231
6060	1477.693	266	0.0221075
6061	1477.936	260	0.0216088
6062	1478.180	256	0.0212764
6063	1478.424	262	0.0217751
6064	1478.668	227	0.0188662
6065	1478.912	229	0.0190324
6066	1479.156	244	0.0202791
6067	1479.400	239	0.0198635
6068	1479.643	238	0.0197804
6069	1479.887	257	0.0213595
6070	1480.131	253	0.0210271
6071	1480.375	249	0.0206946
6072	1480.619	234	0.019448
6073	1480.863	256	0.0212764
6074	1481.107	254	0.0211102
6075	1481.351	248	0.0206115
6076	1481.594	258	0.0214426
6077	1481.838	237	0.0196973
6078	1482.082	258	0.0214426
6079	1482.326	242	0.0201128
6080	1482.570	268	0.0222737
6081	1482.814	266	0.0221075
6082	1483.058	245	0.0203622
6083	1483.301	228	0.0189493
6084	1483.545	228	0.0189493
6085	1483.789	248	0.0206115
6086	1484.033	257	0.0213595
6087	1484.277	251	0.0208608
6088	1484.521	258	0.0214426
6089	1484.765	290	0.0241022
6090	1485.008	268	0.0222737
6091	1485.252	255	0.0211933
6092	1485.496	250	0.0207777
6093	1485.740	241	0.0200297
6094	1485.984	258	0.0214426
6095	1486.228	251	0.0208608
6096	1486.472	250	0.0207777
6097	1486.716	267	0.0221906
6098	1486.959	247	0.0205284
6099	1487.203	265	0.0220244
6100	1487.447	257	0.0213595
6101	1487.691	238	0.0197804
6102	1487.935	247	0.0205284
6103	1488.179	239	0.0198635
6104	1488.423	256	0.0212764
6105	1488.666	254	0.0211102
6106	1488.910	274	0.0227724
6107	1489.154	263	0.0218582
6108	1489.398	282	0.0234373
6109	1489.642	258	0.0214426
6110	1489.886	260	0.0216088
6111	1490.130	263	0.0218582
6112	1490.373	287	0.0238528
6113	1490.617	240	0.0199466
6114	1490.861	233	0.0193648
6115	1491.105	217	0.0180351
6116	1491.349	251	0.0208608
6117	1491.593	262	0.0217751
6118	1491.837	223	0.0185337
6119	1492.081	239	0.0198635
6120	1492.324	252	0.020944
6121	1492.568	261	0.021692
6122	1492.812	258	0.0214426
6123	1493.056	252	0.020944
6124	1493.300	254	0.0211102
6125	1493.544	263	0.0218582
6126	1493.788	235	0.0195311
6127	1494.031	257	0.0213595
6128	1494.275	253	0.0210271
6129	1494.519	275	0.0228555
6130	1494.763	247	0.0205284
6131	1495.007	283	0.0235204
6132	1495.251	241	0.0200297
6133	1495.495	241	0.0200297
6134	1495.739	258	0.0214426
6135	1495.982	282	0.0234373
6136	1496.226	255	0.0211933
6137	1496.470	249	0.0206946
6138	1496.714	248	0.0206115
6139	1496.958	283	0.0235204
6140	1497.202	253	0.0210271
6141	1497.446	250	0.0207777
6142	1497.689	276	0.0229386
6143	1497.933	232	0.0192817
6144	1498.177	284	0.0236035
6145	1498.421	279	0.023188
6146	1498.665	256	0.0212764
6147	1498.909	307	0.0255151
6148	1499.153	256	0.0212764
6149	1499.396	258	0.0214426
6150	1499.640	281	0.0233542
6151	1499.884	247	0.0205284
6152	1500.128	234	0.019448
6153	1500.372	272	0.0226062
6154	1500.616	266	0.0221075
6155	1500.860	277	0.0230217
6156	1501.104	292	0.0242684
6157	1501.347	253	0.0210271
6158	1501.591	239	0.0198635
6159	1501.835	273	0.0226893
6160	1502.079	272	0.0226062
6161	1502.323	274	0.0227724
6162	1502.567	280	0.0232711
6163	1502.811	265	0.0220244
6164	1503.054	261	0.021692
6165	1503.298	241	0.0200297
6166	1503.542	261	0.021692
6167	1503.786	239	0.0198635
6168	1504.030	267	0.0221906
6169	1504.274	276	0.0229386
6170	1504.518	251	0.0208608
6171	1504.762	279	0.023188
6172	1505.005	287	0.0238528
6173	1505.249	259	0.0215257
6174	1505.493	235	0.0195311
6175	1505.737	297	0.0246839
6176	1505.981	247	0.0205284
6177	1506.225	260	0.0216088
6178	1506.469	262	0.0217751
6179	1506.712	271	0.0225231
6180	1506.956	254	0.0211102
6181	1507.200	270	0.02244
6182	1507.444	290	0.0241022
6183	1507.688	277	0.0230217
6184	1507.932	279	0.023188
6185	1508.176	283	0.0235204
6186	1508.419	294	0.0244346
6187	1508.663	265	0.0220244
6188	1508.907	256	0.0212764
6189	1509.151	256	0.0212764
6190	1509.395	287	0.0238528
6191	1509.639	280	0.0232711
6192	1509.883	302	0.0250995
6193	1510.127	284	0.0236035
6194	1510.370	271	0.0225231
6195	1510.614	263	0.0218582
6196	1510.858	286	0.0237697
6197	1511.102	251	0.0208608
6198	1511.346	297	0.0246839
6199	1511.590	288	0.023936
6200	1511.834	251	0.0208608
6201	1512.077	278	0.0231048
6202	1512.321	282	0.0234373
6203	1512.565	266	0.0221075
6204	1512.809	267	0.0221906
6205	1513.053	270	0.02244
6206	1513.297	271	0.0225231
6207	1513.541	275	0.0228555
6208	1513.784	293	0.0243515
6209	1514.028	297	0.0246839
6210	1514.272	266	0.0221075
6211	1514.516	259	0.0215257
6212	1514.760	258	0.0214426
6213	1515.004	252	0.020944
6214	1515.248	274	0.0227724
6215	1515.492	294	0.0244346
6216	1515.735	240	0.0199466
6217	1515.979	248	0.0206115
6218	1516.223	277	0.0230217
6219	1516.467	269	0.0223568
6220	1516.711	295	0.0245177
6221	1516.955	303	0.0251826
6222	1517.199	279	0.023188
6223	1517.442	290	0.0241022
6224	1517.686	292	0.0242684
6225	1517.930	266	0.0221075
6226	1518.174	270	0.02244
6227	1518.418	281	0.0233542
6228	1518.662	262	0.0217751
6229	1518.906	290	0.0241022
6230	1519.150	264	0.0219413
6231	1519.393	281	0.0233542
6232	1519.637	268	0.0222737
6233	1519.881	256	0.0212764
6234	1520.125	263	0.0218582
6235	1520.369	267	0.0221906
6236	1520.613	278	0.0231048
6237	1520.857	299	0.0248502
6238	1521.100	262	0.0217751
6239	1521.344	285	0.0236866
6240	1521.588	258	0.0214426
6241	1521.832	262	0.0217751
6242	1522.076	290	0.0241022
6243	1522.320	292	0.0242684
6244	1522.564	277	0.0230217
6245	1522.807	290	0.0241022
6246	1523.051	275	0.0228555
6247	1523.295	270	0.02244
6248	1523.539	322	0.0267617
6249	1523.783	305	0.0253488
6250	1524.027	282	0.0234373
6251	1524.271	282	0.0234373
6252	1524.515	268	0.0222737
6253	1524.758	296	0.0246008
6254	1525.002	298	0.0247671
6255	1525.246	305	0.0253488
6256	1525.490	312	0.0259306
6257	1525.734	284	0.0236035
6258	1525.978	281	0.0233542
6259	1526.222	301	0.0250164
6260	1526.465	332	0.0275928
6261	1526.709	275	0.0228555
6262	1526.953	306	0.0254319
6263	1527.197	308	0.0255982
6264	1527.441	315	0.0261799
6265	1527.685	312	0.0259306
6266	1527.929	299	0.0248502
6267	1528.172	268	0.0222737
6268	1528.416	295	0.0245177
6269	1528.660	276	0.0229386
6270	1528.904	308	0.0255982
6271	1529.148	310	0.0257644
6272	1529.392	284	0.0236035
6273	1529.636	283	0.0235204
6274	1529.880	317	0.0263462
6275	1530.123	286	0.0237697
6276	1530.367	311	0.0258475
6277	1530.611	287	0.0238528
6278	1530.855	308	0.0255982
6279	1531.099	316	0.0262631
6280	1531.343	278	0.0231048
6281	1531.587	269	0.0223568
6282	1531.830	299	0.0248502
6283	1532.074	273	0.0226893
6284	1532.318	305	0.0253488
6285	1532.562	275	0.0228555
6286	1532.806	311	0.0258475
6287	1533.050	265	0.0220244
6288	1533.294	291	0.0241853
6289	1533.538	334	0.0277591
6290	1533.781	312	0.0259306
6291	1534.025	271	0.0225231
6292	1534.269	308	0.0255982
6293	1534.513	292	0.0242684
6294	1534.757	307	0.0255151
6295	1535.001	281	0.0233542
6296	1535.245	288	0.023936
6297	1535.488	308	0.0255982
6298	1535.732	299	0.0248502
6299	1535.976	306	0.0254319
6300	1536.220	305	0.0253488
6301	1536.464	283	0.0235204
6302	1536.708	308	0.0255982
6303	1536.952	296	0.0246008
6304	1537.195	346	0.0287564
6305	1537.439	318	0.0264293
6306	1537.683	272	0.0226062
6307	1537.927	292	0.0242684
6308	1538.171	302	0.0250995
6309	1538.415	291	0.0241853
6310	1538.659	297	0.0246839
6311	1538.903	307	0.0255151
6312	1539.146	311	0.0258475
6313	1539.390	285	0.0236866
6314	1539.634	318	0.0264293
6315	1539.878	334	0.0277591
6316	1540.122	273	0.0226893
6317	1540.366	302	0.0250995
6318	1540.610	321	0.0266786
6319	1540.853	319	0.0265124
6320	1541.097	321	0.0266786
6321	1541.341	272	0.0226062
6322	1541.585	261	0.021692
6323	1541.829	287	0.0238528
6324	1542.073	324	0.0269279
6325	1542.317	297	0.0246839
6326	1542.560	300	0.0249333
6327	1542.804	317	0.0263462
6328	1543.048	298	0.0247671
6329	1543.292	310	0.0257644
6330	1543.536	303	0.0251826
6331	1543.780	307	0.0255151
6332	1544.024	289	0.0240191
6333	1544.268	335	0.0278422
6334	1544.511	299	0.0248502
6335	1544.755	315	0.0261799
6336	1544.999	338	0.0280915
6337	1545.243	315	0.0261799
6338	1545.487	338	0.0280915
6339	1545.731	325	0.0270111
6340	1545.975	331	0.0275097
6341	1546.218	346	0.0287564
6342	1546.462	303	0.0251826
6343	1546.706	334	0.0277591
6344	1546.950	308	0.0255982
6345	1547.194	322	0.0267617
6346	1547.438	320	0.0265955
6347	1547.682	339	0.0281746
6348	1547.926	285	0.0236866
6349	1548.169	330	0.0274266
6350	1548.413	303	0.0251826
6351	1548.657	304	0.0252657
6352	1548.901	274	0.0227724
6353	1549.145	309	0.0256813
6354	1549.389	318	0.0264293
6355	1549.633	335	0.0278422
6356	1549.876	320	0.0265955
6357	1550.120	330	0.0274266
6358	1550.364	311	0.0258475
6359	1550.608	303	0.0251826
6360	1550.852	310	0.0257644
6361	1551.096	357	0.0296706
6362	1551.340	295	0.0245177
6363	1551.583	303	0.0251826
6364	1551.827	319	0.0265124
6365	1552.071	338	0.0280915
6366	1552.315	324	0.0269279
6367	1552.559	306	0.0254319
6368	1552.803	289	0.0240191
6369	1553.047	313	0.0260137
6370	1553.291	331	0.0275097
6371	1553.534	355	0.0295044
6372	1553.778	352	0.0292551
6373	1554.022	323	0.0268448
6374	1554.266	351	0.0291719
6375	1554.510	321	0.0266786
6376	1554.754	312	0.0259306
6377	1554.998	331	0.0275097
6378	1555.241	321	0.0266786
6379	1555.485	353	0.0293382
6380	1555.729	291	0.0241853
6381	1555.973	326	0.0270942
6382	1556.217	338	0.0280915
6383	1556.461	358	0.0297537
6384	1556.705	363	0.0301693
6385	1556.949	305	0.0253488
6386	1557.192	333	0.0276759
6387	1557.436	332	0.0275928
6388	1557.680	338	0.0280915
6389	1557.924	301	0.0250164
6390	1558.168	339	0.0281746
6391	1558.412	341	0.0283408
6392	1558.656	327	0.0271773
6393	1558.899	356	0.0295875
6394	1559.143	324	0.0269279
6395	1559.387	332	0.0275928
6396	1559.631	304	0.0252657
6397	1559.875	338	0.0280915
6398	1560.119	365	0.0303355
6399	1560.363	335	0.0278422
6400	1560.606	354	0.0294213
6401	1560.850	347	0.0288395
6402	1561.094	355	0.0295044
6403	1561.338	354	0.0294213
6404	1561.582	367	0.0305017
6405	1561.826	354	0.0294213
6406	1562.070	337	0.0280084
6407	1562.314	350	0.0290888
6408	1562.557	332	0.0275928
6409	1562.801	332	0.0275928
6410	1563.045	340	0.0282577
6411	1563.289	317	0.0263462
6412	1563.533	340	0.0282577
6413	1563.777	335	0.0278422
6414	1564.021	372	0.0309173
6415	1564.264	331	0.0275097
6416	1564.508	336	0.0279253
6417	1564.752	329	0.0273435
6418	1564.996	351	0.0291719
6419	1565.240	396	0.0329119
6420	1565.484	361	0.0300031
6421	1565.728	337	0.0280084
6422	1565.971	337	0.0280084
6423	1566.215	336	0.0279253
6424	1566.459	351	0.0291719
6425	1566.703	308	0.0255982
6426	1566.947	332	0.0275928
6427	1567.191	327	0.0271773
6428	1567.435	364	0.0302524
6429	1567.679	314	0.0260968
6430	1567.922	344	0.0285902
6431	1568.166	374	0.0310835
6432	1568.410	326	0.0270942
6433	1568.654	319	0.0265124
6434	1568.898	360	0.0299199
6435	1569.142	360	0.0299199
6436	1569.386	347	0.0288395
6437	1569.629	347	0.0288395
6438	1569.873	375	0.0311666
6439	1570.117	341	0.0283408
6440	1570.361	385	0.0319977
6441	1570.605	362	0.0300862
6442	1570.849	353	0.0293382
6443	1571.093	326	0.0270942
6444	1571.337	343	0.0285071
6445	1571.580	342	0.0284239
6446	1571.824	364	0.0302524
6447	1572.068	367	0.0305017
6448	1572.312	391	0.0324964
6449	1572.556	313	0.0260137
6450	1572.800	375	0.0311666
6451	1573.044	362	0.0300862
6452	1573.287	376	0.0312497
6453	1573.531	349	0.0290057
6454	1573.775	388	0.032247
6455	1574.019	385	0.0319977
6456	1574.263	372	0.0309173
6457	1574.507	349	0.0290057
6458	1574.751	314	0.0260968
6459	1574.994	347	0.0288395
6460	1575.238	364	0.0302524
6461	1575.482	367	0.0305017
6462	1575.726	378	0.0314159
6463	1575.970	371	0.0308342
6464	1576.214	367	0.0305017
6465	1576.458	362	0.0300862
6466	1576.702	371	0.0308342
6467	1576.945	351	0.0291719
6468	1577.189	380	0.0315822
6469	1577.433	360	0.0299199
6470	1577.677	363	0.0301693
6471	1577.921	343	0.0285071
6472	1578.165	387	0.0321639
6473	1578.409	361	0.0300031
6474	1578.652	378	0.0314159
6475	1578.896	372	0.0309173
6476	1579.140	377	0.0313328
6477	1579.384	352	0.0292551
6478	1579.628	349	0.0290057
6479	1579.872	367	0.0305017
6480	1580.116	360	0.0299199
6481	1580.359	386	0.0320808
6482	1580.603	359	0.0298368
6483	1580.847	362	0.0300862
6484	1581.091	358	0.0297537
6485	1581.335	407	0.0338262
6486	1581.579	355	0.0295044
6487	1581.823	403	0.0334937
6488	1582.067	321	0.0266786
6489	1582.310	379	0.031499
6490	1582.554	342	0.0284239
6491	1582.798	371	0.0308342
6492	1583.042	380	0.0315822
6493	1583.286	381	0.0316653
6494	1583.530	342	0.0284239
6495	1583.774	359	0.0298368
6496	1584.017	372	0.0309173
6497	1584.261	387	0.0321639
6498	1584.505	398	0.0330782
6499	1584.749	374	0.0310835
6500	1584.993	368	0.0305848
6501	1585.237	397	0.032995
6502	1585.481	367	0.0305017
6503	1585.725	364	0.0302524
6504	1585.968	419	0.0348235
6505	1586.212	407	0.0338262
6506	1586.456	359	0.0298368
6507	1586.700	374	0.0310835
6508	1586.944	370	0.030751
6509	1587.188	406	0.033743
6510	1587.432	395	0.0328288
6511	1587.675	380	0.0315822
6512	1587.919	394	0.0327457
6513	1588.163	387	0.0321639
6514	1588.407	454	0.0377324
6515	1588.651	396	0.0329119
6516	1588.895	390	0.0324133
6517	1589.139	385	0.0319977
6518	1589.382	397	0.032995
6519	1589.626	375	0.0311666
6520	1589.870	377	0.0313328
6521	1590.114	421	0.0349897
6522	1590.358	402	0.0334106
6523	1590.602	375	0.0311666
6524	1590.846	357	0.0296706
6525	1591.090	372	0.0309173
6526	1591.333	357	0.0296706
6527	1591.577	374	0.0310835
6528	1591.821	373	0.0310004
6529	1592.065	390	0.0324133
6530	1592.309	396	0.0329119
6531	1592.553	335	0.0278422
6532	1592.797	392	0.0325795
6533	1593.040	401	0.0333275
6534	1593.284	409	0.0339924
6535	1593.528	391	0.0324964
6536	1593.772	412	0.0342417
6537	1594.016	393	0.0326626
6538	1594.260	395	0.0328288
6539	1594.504	410	0.0340755
6540	1594.748	370	0.030751
6541	1594.991	373	0.0310004
6542	1595.235	377	0.0313328
6543	1595.479	375	0.0311666
6544	1595.723	381	0.0316653
6545	1595.967	414	0.0344079
6546	1596.211	382	0.0317484
6547	1596.455	371	0.0308342
6548	1596.698	411	0.0341586
6549	1596.942	397	0.032995
6550	1597.186	401	0.0333275
6551	1597.430	395	0.0328288
6552	1597.674	405	0.0336599
6553	1597.918	392	0.0325795
6554	1598.162	385	0.0319977
6555	1598.405	384	0.0319146
6556	1598.649	360	0.0299199
6557	1598.893	360	0.0299199
6558	1599.137	430	0.0357377
6559	1599.381	361	0.0300031
6560	1599.625	399	0.0331613
6561	1599.869	423	0.0351559
6562	1600.113	349	0.0290057
6563	1600.356	400	0.0332444
6564	1600.600	404	0.0335768
6565	1600.844	386	0.0320808
6566	1601.088	394	0.0327457
6567	1601.332	374	0.0310835
6568	1601.576	363	0.0301693
6569	1601.820	388	0.032247
6570	1602.063	388	0.032247
6571	1602.307	398	0.0330782
6572	1602.551	391	0.0324964
6573	1602.795	380	0.0315822
6574	1603.039	384	0.0319146
6575	1603.283	416	0.0345742
6576	1603.527	381	0.0316653
6577	1603.770	410	0.0340755
6578	1604.014	408	0.0339093
6579	1604.258	395	0.0328288
6580	1604.502	351	0.0291719
6581	1604.746	371	0.0308342
6582	1604.990	402	0.0334106
6583	1605.234	410	0.0340755
6584	1605.478	376	0.0312497
6585	1605.721	422	0.0350728
6586	1605.965	380	0.0315822
6587	1606.209	415	0.034491
6588	1606.453	402	0.0334106
6589	1606.697	392	0.0325795
6590	1606.941	374	0.0310835
6591	1607.185	367	0.0305017
6592	1607.428	367	0.0305017
6593	1607.672	416	0.0345742
6594	1607.916	383	0.0318315
6595	1608.160	410	0.0340755
6596	1608.404	384	0.0319146
6597	1608.648	393	0.0326626
6598	1608.892	364	0.0302524
6599	1609.136	368	0.0305848
6600	1609.379	378	0.0314159
6601	1609.623	371	0.0308342
6602	1609.867	356	0.0295875
6603	1610.111	367	0.0305017
6604	1610.355	351	0.0291719
6605	1610.599	358	0.0297537
6606	1610.843	383	0.0318315
6607	1611.086	320	0.0265955
6608	1611.330	339	0.0281746
6609	1611.574	329	0.0273435
6610	1611.818	320	0.0265955
6611	1612.062	314	0.0260968
6612	1612.306	339	0.0281746
6613	1612.550	287	0.0238528
6614	1612.793	269	0.0223568
6615	1613.037	338	0.0280915
6616	1613.281	318	0.0264293
6617	1613.525	318	0.0264293
6618	1613.769	300	0.0249333
6619	1614.013	269	0.0223568
6620	1614.257	301	0.0250164
6621	1614.501	260	0.0216088
6622	1614.744	306	0.0254319
6623	1614.988	296	0.0246008
6624	1615.232	283	0.0235204
6625	1615.476	290	0.0241022
6626	1615.720	265	0.0220244
6627	1615.964	275	0.0228555
6628	1616.208	302	0.0250995
6629	1616.451	272	0.0226062
6630	1616.695	295	0.0245177
6631	1616.939	260	0.0216088
6632	1617.183	269	0.0223568
6633	1617.427	259	0.0215257
6634	1617.671	253	0.0210271
6635	1617.915	261	0.021692
6636	1618.158	243	0.020196
6637	1618.402	252	0.020944
6638	1618.646	265	0.0220244
6639	1618.890	250	0.0207777
6640	1619.134	248	0.0206115
6641	1619.378	254	0.0211102
6642	1619.622	281	0.0233542
6643	1619.866	220	0.0182844
6644	1620.109	263	0.0218582
6645	1620.353	231	0.0191986
6646	1620.597	255	0.0211933
6647	1620.841	236	0.0196142
6648	1621.085	264	0.0219413
6649	1621.329	249	0.0206946
6650	1621.573	232	0.0192817
6651	1621.816	244	0.0202791
6652	1622.060	217	0.0180351
6653	1622.304	249	0.0206946
6654	1622.548	244	0.0202791
6655	1622.792	263	0.0218582
6656	1623.036	239	0.0198635
6657	1623.280	242	0.0201128
6658	1623.524	229	0.0190324
6659	1623.767	250	0.0207777
6660	1624.011	217	0.0180351
6661	1624.255	239	0.0198635
6662	1624.499	255	0.0211933
6663	1624.743	215	0.0178689
6664	1624.987	207	0.017204
6665	1625.231	249	0.0206946
6666	1625.474	234	0.019448
6667	1625.718	228	0.0189493
6668	1625.962	227	0.0188662
6669	1626.206	231	0.0191986
6670	1626.450	243	0.020196
6671	1626.694	220	0.0182844
6672	1626.938	220	0.0182844
6673	1627.181	230	0.0191155
6674	1627.425	205	0.0170377
6675	1627.669	213	0.0177026
6676	1627.913	195	0.0162066
6677	1628.157	231	0.0191986
6678	1628.401	219	0.0182013
6679	1628.645	226	0.0187831
6680	1628.889	223	0.0185337
6681	1629.132	212	0.0176195
6682	1629.376	230	0.0191155
6683	1629.620	216	0.017952
6684	1629.864	231	0.0191986
6685	1630.108	229	0.0190324
6686	1630.352	232	0.0192817
6687	1630.596	208	0.0172871
6688	1630.839	203	0.0168715
6689	1631.083	200	0.0166222
6690	1631.327	210	0.0174533
6691	1631.571	196	0.0162897
6692	1631.815	259	0.0215257
6693	1632.059	212	0.0176195
6694	1632.303	201	0.0167053
6695	1632.546	233	0.0193648
6696	1632.790	189	0.015708
6697	1633.034	215	0.0178689
6698	1633.278	208	0.0172871
6699	1633.522	225	0.0187
6700	1633.766	193	0.0160404
6701	1634.010	206	0.0171209
6702	1634.254	199	0.0165391
6703	1634.497	215	0.0178689
6704	1634.741	200	0.0166222
6705	1634.985	215	0.0178689
6706	1635.229	218	0.0181182
6707	1635.473	228	0.0189493
6708	1635.717	208	0.0172871
6709	1635.961	189	0.015708
6710	1636.204	219	0.0182013
6711	1636.448	222	0.0184506
6712	1636.692	218	0.0181182
6713	1636.936	211	0.0175364
6714	1637.180	195	0.0162066
6715	1637.424	208	0.0172871
6716	1637.668	201	0.0167053
6717	1637.912	205	0.0170377
6718	1638.155	223	0.0185337
6719	1638.399	188	0.0156249
6720	1638.643	211	0.0175364
6721	1638.887	213	0.0177026
6722	1639.131	199	0.0165391
6723	1639.375	191	0.0158742
6724	1639.619	210	0.0174533
6725	1639.862	189	0.015708
6726	1640.106	215	0.0178689
6727	1640.350	205	0.0170377
6728	1640.594	189	0.015708
6729	1640.838	199	0.0165391
6730	1641.082	226	0.0187831
6731	1641.326	184	0.0152924
6732	1641.569	214	0.0177857
6733	1641.813	208	0.0172871
6734	1642.057	206	0.0171209
6735	1642.301	201	0.0167053
6736	1642.545	211	0.0175364
6737	1642.789	207	0.017204
6738	1643.033	191	0.0158742
6739	1643.277	198	0.016456
6740	1643.520	188	0.0156249
6741	1643.764	196	0.0162897
6742	1644.008	194	0.0161235
6743	1644.252	184	0.0152924
6744	1644.496	209	0.0173702
6745	1644.740	228	0.0189493
6746	1644.984	195	0.0162066
6747	1645.227	183	0.0152093
6748	1645.471	195	0.0162066
6749	1645.715	199	0.0165391
6750	1645.959	203	0.0168715
6751	1646.203	196	0.0162897
6752	1646.447	189	0.015708
6753	1646.691	192	0.0159573
6754	1646.935	199	0.0165391
6755	1647.178	208	0.0172871
6756	1647.422	168	0.0139626
6757	1647.666	199	0.0165391
6758	1647.910	197	0.0163729
6759	1648.154	183	0.0152093
6760	1648.398	223	0.0185337
6761	1648.642	178	0.0147937
6762	1648.885	178	0.0147937
6763	1649.129	182	0.0151262
6764	1649.373	177	0.0147106
6765	1649.617	203	0.0168715
6766	1649.861	193	0.0160404
6767	1650.105	187	0.0155417
6768	1650.349	186	0.0154586
6769	1650.592	187	0.0155417
6770	1650.836	164	0.0136302
6771	1651.080	191	0.0158742
6772	1651.324	199	0.0165391
6773	1651.568	183	0.0152093
6774	1651.812	187	0.0155417
6775	1652.056	189	0.015708
6776	1652.300	202	0.0167884
6777	1652.543	195	0.0162066
6778	1652.787	189	0.015708
6779	1653.031	171	0.014212
6780	1653.275	209	0.0173702
6781	1653.519	191	0.0158742
6782	1653.763	169	0.0140457
6783	1654.007	175	0.0145444
6784	1654.250	198	0.016456
6785	1654.494	203	0.0168715
6786	1654.738	200	0.0166222
6787	1654.982	210	0.0174533
6788	1655.226	189	0.015708
6789	1655.470	202	0.0167884
6790	1655.714	171	0.014212
6791	1655.957	179	0.0148769
6792	1656.201	187	0.0155417
6793	1656.445	194	0.0161235
6794	1656.689	178	0.0147937
6795	1656.933	183	0.0152093
6796	1657.177	184	0.0152924
6797	1657.421	197	0.0163729
6798	1657.665	172	0.0142951
6799	1657.908	176	0.0146275
6800	1658.152	184	0.0152924
6801	1658.396	176	0.0146275
6802	1658.640	212	0.0176195
6803	1658.884	163	0.0135471
6804	1659.128	174	0.0144613
6805	1659.372	174	0.0144613
6806	1659.615	192	0.0159573
6807	1659.859	178	0.0147937
6808	1660.103	199	0.0165391
6809	1660.347	206	0.0171209
6810	1660.591	167	0.0138795
6811	1660.835	182	0.0151262
6812	1661.079	172	0.0142951
6813	1661.323	166	0.0137964
6814	1661.566	171	0.014212
6815	1661.810	173	0.0143782
6816	1662.054	172	0.0142951
6817	1662.298	165	0.0137133
6818	1662.542	187	0.0155417
6819	1662.786	201	0.0167053
6820	1663.030	169	0.0140457
6821	1663.273	186	0.0154586
6822	1663.517	179	0.0148769
6823	1663.761	183	0.0152093
6824	1664.005	180	0.01496
6825	1664.249	186	0.0154586
6826	1664.493	175	0.0145444
6827	1664.737	170	0.0141289
6828	1664.980	162	0.013464
6829	1665.224	180	0.01496
6830	1665.468	195	0.0162066
6831	1665.712	157	0.0130484
6832	1665.956	177	0.0147106
6833	1666.200	197	0.0163729
6834	1666.444	166	0.0137964
6835	1666.688	173	0.0143782
6836	1666.931	177	0.0147106
6837	1667.175	182	0.0151262
6838	1667.419	159	0.0132146
6839	1667.663	156	0.0129653
6840	1667.907	176	0.0146275
6841	1668.151	154	0.0127991
6842	1668.395	167	0.0138795
6843	1668.638	157	0.0130484
6844	1668.882	139	0.0115524
6845	1669.126	165	0.0137133
6846	1669.370	180	0.01496
6847	1669.614	172	0.0142951
6848	1669.858	168	0.0139626
6849	1670.102	180	0.01496
6850	1670.345	186	0.0154586
6851	1670.589	166	0.0137964
6852	1670.833	185	0.0153755
6853	1671.077	162	0.013464
6854	1671.321	129	0.0107213
6855	1671.565	154	0.0127991
6856	1671.809	150	0.0124666
6857	1672.053	152	0.0126329
6858	1672.296	186	0.0154586
6859	1672.540	167	0.0138795
6860	1672.784	152	0.0126329
6861	1673.028	172	0.0142951
6862	1673.272	157	0.0130484
6863	1673.516	130	0.0108044
6864	1673.760	169	0.0140457
6865	1674.003	154	0.0127991
6866	1674.247	176	0.0146275
6867	1674.491	160	0.0132978
6868	1674.735	144	0.011968
6869	1674.979	153	0.012716
6870	1675.223	134	0.0111369
6871	1675.467	149	0.0123835
6872	1675.711	156	0.0129653
6873	1675.954	180	0.01496
6874	1676.198	166	0.0137964
6875	1676.442	146	0.0121342
6876	1676.686	152	0.0126329
6877	1676.930	149	0.0123835
6878	1677.174	153	0.012716
6879	1677.418	169	0.0140457
6880	1677.661	146	0.0121342
6881	1677.905	187	0.0155417
6882	1678.149	152	0.0126329
6883	1678.393	165	0.0137133
6884	1678.637	141	0.0117186
6885	1678.881	142	0.0118018
6886	1679.125	160	0.0132978
6887	1679.368	155	0.0128822
6888	1679.612	171	0.014212
6889	1679.856	140	0.0116355
6890	1680.100	168	0.0139626
6891	1680.344	180	0.01496
6892	1680.588	159	0.0132146
6893	1680.832	134	0.0111369
6894	1681.076	152	0.0126329
6895	1681.319	136	0.0113031
6896	1681.563	159	0.0132146
6897	1681.807	176	0.0146275
6898	1682.051	185	0.0153755
6899	1682.295	131	0.0108875
6900	1682.539	152	0.0126329
6901	1682.783	148	0.0123004
6902	1683.026	136	0.0113031
6903	1683.270	137	0.0113862
6904	1683.514	131	0.0108875
6905	1683.758	157	0.0130484
6906	1684.002	148	0.0123004
6907	1684.246	147	0.0122173
6908	1684.490	141	0.0117186
6909	1684.733	132	0.0109706
6910	1684.977	154	0.0127991
6911	1685.221	124	0.0103058
6912	1685.465	128	0.0106382
6913	1685.709	155	0.0128822
6914	1685.953	138	0.0114693
6915	1686.197	139	0.0115524
6916	1686.441	133	0.0110538
6917	1686.684	141	0.0117186
6918	1686.928	126	0.010472
6919	1687.172	124	0.0103058
6920	1687.416	145	0.0120511
6921	1687.660	151	0.0125498
6922	1687.904	136	0.0113031
6923	1688.148	160	0.0132978
6924	1688.391	113	0.00939154
6925	1688.635	156	0.0129653
6926	1688.879	130	0.0108044
6927	1689.123	135	0.01122
6928	1689.367	129	0.0107213
6929	1689.611	124	0.0103058
6930	1689.855	137	0.0113862
6931	1690.099	127	0.0105551
6932	1690.342	126	0.010472
6933	1690.586	130	0.0108044
6934	1690.830	121	0.0100564
6935	1691.074	152	0.0126329
6936	1691.318	113	0.00939154
6937	1691.562	148	0.0123004
6938	1691.806	136	0.0113031
6939	1692.049	129	0.0107213
6940	1692.293	131	0.0108875
6941	1692.537	115	0.00955776
6942	1692.781	115	0.00955776
6943	1693.025	150	0.0124666
6944	1693.269	115	0.00955776
6945	1693.513	131	0.0108875
6946	1693.756	108	0.00897598
6947	1694.000	138	0.0114693
6948	1694.244	116	0.00964087
6949	1694.488	111	0.00922531
6950	1694.732	129	0.0107213
6951	1694.976	115	0.00955776
6952	1695.220	113	0.00939154
6953	1695.464	149	0.0123835
6954	1695.707	114	0.00947465
6955	1695.951	118	0.00980709
6956	1696.195	125	0.0103889
6957	1696.439	144	0.011968
6958	1696.683	106	0.00880976
6959	1696.927	134	0.0111369
6960	1697.171	145	0.0120511
6961	1697.414	116	0.00964087
6962	1697.658	118	0.00980709
6963	1697.902	108	0.00897598
6964	1698.146	119	0.0098902
6965	1698.390	94	0.00781243
6966	1698.634	104	0.00864354
6967	1698.878	115	0.00955776
6968	1699.122	126	0.010472
6969	1699.365	116	0.00964087
6970	1699.609	112	0.00930843
6971	1699.853	122	0.0101395
6972	1700.097	117	0.00972398
6973	1700.341	106	0.00880976
6974	1700.585	105	0.00872665
6975	1700.829	109	0.00905909
6976	1701.072	109	0.00905909
6977	1701.316	121	0.0100564
6978	1701.560	115	0.00955776
6979	1701.804	96	0.00797865
6980	1702.048	124	0.0103058
6981	1702.292	113	0.00939154
6982	1702.536	103	0.00856043
6983	1702.779	95	0.00789554
6984	1703.023	105	0.00872665
6985	1703.267	108	0.00897598
6986	1703.511	92	0.00764621
6987	1703.755	118	0.00980709
6988	1703.999	118	0.00980709
6989	1704.243	112	0.00930843
6990	1704.487	109	0.00905909
6991	1704.730	107	0.00889287
6992	1704.974	100	0.00831109
6993	1705.218	101	0.00839421
6994	1705.462	103	0.00856043
6995	1705.706	98	0.00814487
6996	1705.950	105	0.00872665
6997	1706.194	95	0.00789554
6998	1706.437	105	0.00872665
6999	1706.681	83	0.00689821
7000	1706.925	98	0.00814487
7001	1707.169	100	0.00831109
7002	1707.413	97	0.00806176
7003	1707.657	104	0.00864354
7004	1707.901	91	0.0075631
7005	1708.144	78	0.00648265
7006	1708.388	95	0.00789554
7007	1708.632	85	0.00706443
7008	1708.876	92	0.00764621
7009	1709.120	105	0.00872665
7010	1709.364	90	0.00747998
7011	1709.608	89	0.00739687
7012	1709.852	89	0.00739687
7013	1710.095	92	0.00764621
7014	1710.339	98	0.00814487
7015	1710.583	95	0.00789554
7016	1710.827	86	0.00714754
7017	1711.071	96	0.00797865
7018	1711.315	92	0.00764621
7019	1711.559	94	0.00781243
7020	1711.802	94	0.00781243
7021	1712.046	108	0.00897598
7022	1712.290	114	0.00947465
7023	1712.534	100	0.00831109
7024	1712.778	86	0.00714754
7025	1713.022	92	0.00764621
7026	1713.266	79	0.00656576
7027	1713.510	87	0.00723065
7028	1713.753	109	0.00905909
7029	1713.997	85	0.00706443
7030	1714.241	85	0.00706443
7031	1714.485	71	0.00590088
7032	1714.729	107	0.00889287
7033	1714.973	65	0.00540221
7034	1715.217	82	0.0068151
7035	1715.460	96	0.00797865
7036	1715.704	72	0.00598399
7037	1715.948	87	0.00723065
7038	1716.192	99	0.00822798
7039	1716.436	97	0.00806176
7040	1716.680	83	0.00689821
7041	1716.924	77	0.00639954
7042	1717.167	83	0.00689821
7043	1717.411	78	0.00648265
7044	1717.655	86	0.00714754
7045	1717.899	65	0.00540221
7046	1718.143	58	0.00482043
7047	1718.387	87	0.00723065
7048	1718.631	70	0.00581777
7049	1718.875	63	0.00523599
7050	1719.118	77	0.00639954
7051	1719.362	59	0.00490355
7052	1719.606	77	0.00639954
7053	1719.850	71	0.00590088
7054	1720.094	72	0.00598399
7055	1720.338	62	0.00515288
7056	1720.582	67	0.00556843
7057	1720.825	65	0.00540221
7058	1721.069	72	0.00598399
7059	1721.313	64	0.0053191
7060	1721.557	46	0.0038231
7061	1721.801	81	0.00673199
7062	1722.045	61	0.00506977
7063	1722.289	65	0.00540221
7064	1722.532	55	0.0045711
7065	1722.776	62	0.00515288
7066	1723.020	66	0.00548532
7067	1723.264	83	0.00689821
7068	1723.508	74	0.00615021
7069	1723.752	72	0.00598399
7070	1723.996	50	0.00415555
7071	1724.240	59	0.00490355
7072	1724.483	66	0.00548532
7073	1724.727	53	0.00440488
7074	1724.971	71	0.00590088
7075	1725.215	55	0.0045711
7076	1725.459	67	0.00556843
7077	1725.703	60	0.00498666
7078	1725.947	65	0.00540221
7079	1726.190	49	0.00407244
7080	1726.434	59	0.00490355
7081	1726.678	58	0.00482043
7082	1726.922	55	0.0045711
7083	1727.166	78	0.00648265
7084	1727.410	53	0.00440488
7085	1727.654	57	0.00473732
7086	1727.898	71	0.00590088
7087	1728.141	45	0.00373999
7088	1728.385	64	0.0053191
7089	1728.629	44	0.00365688
7090	1728.873	53	0.00440488
7091	1729.117	55	0.0045711
7092	1729.361	55	0.0045711
7093	1729.605	50	0.00415555
7094	1729.848	55	0.0045711
7095	1730.092	52	0.00432177
7096	1730.336	63	0.00523599
7097	1730.580	62	0.00515288
7098	1730.824	55	0.0045711
7099	1731.068	38	0.00315822
7100	1731.312	56	0.00465421
7101	1731.555	53	0.00440488
7102	1731.799	52	0.00432177
7103	1732.043	52	0.00432177
7104	1732.287	51	0.00423866
7105	1732.531	41	0.00340755
7106	1732.775	58	0.00482043
7107	1733.019	48	0.00398933
7108	1733.263	41	0.00340755
7109	1733.506	36	0.00299199
7110	1733.750	50	0.00415555
7111	1733.994	41	0.00340755
7112	1734.238	53	0.00440488
7113	1734.482	63	0.00523599
7114	1734.726	55	0.0045711
7115	1734.970	50	0.00415555
7116	1735.213	40	0.00332444
7117	1735.457	48	0.00398933
7118	1735.701	37	0.0030751
7119	1735.945	51	0.00423866
7120	1736.189	39	0.00324133
7121	1736.433	54	0.00448799
7122	1736.677	39	0.00324133
7123	1736.920	46	0.0038231
7124	1737.164	42	0.00349066
7125	1737.408	46	0.0038231
7126	1737.652	51	0.00423866
7127	1737.896	34	0.00282577
7128	1738.140	45	0.00373999
7129	1738.384	52	0.00432177
7130	1738.628	39	0.00324133
7131	1738.871	49	0.00407244
7132	1739.115	59	0.00490355
7133	1739.359	47	0.00390621
7134	1739.603	35	0.00290888
7135	1739.847	39	0.00324133
7136	1740.091	38	0.00315822
7137	1740.335	48	0.00398933
7138	1740.578	39	0.00324133
7139	1740.822	41	0.00340755
7140	1741.066	42	0.00349066
7141	1741.310	38	0.00315822
7142	1741.554	40	0.00332444
7143	1741.798	42	0.00349066
7144	1742.042	44	0.00365688
7145	1742.286	32	0.00265955
7146	1742.529	38	0.00315822
7147	1742.773	41	0.00340755
7148	1743.017	42	0.00349066
7149	1743.261	43	0.00357377
7150	1743.505	32	0.00265955
7151	1743.749	39	0.00324133
7152	1743.993	41	0.00340755
7153	1744.236	24	0.00199466
7154	1744.480	49	0.00407244
7155	1744.724	38	0.00315822
7156	1744.968	32	0.00265955
7157	1745.212	52	0.00432177
7158	1745.456	37	0.0030751
7159	1745.700	42	0.00349066
7160	1745.943	46	0.0038231
7161	1746.187	44	0.00365688
7162	1746.431	36	0.00299199
7163	1746.675	40	0.00332444
7164	1746.919	44	0.00365688
7165	1747.163	33	0.00274266
7166	1747.407	33	0.00274266
7167	1747.651	40	0.00332444
7168	1747.894	35	0.00290888
7169	1748.138	31	0.00257644
7170	1748.382	44	0.00365688
7171	1748.626	33	0.00274266
7172	1748.870	46	0.0038231
7173	1749.114	37	0.0030751
7174	1749.358	21	0.00174533
7175	1749.601	34	0.00282577
7176	1749.845	29	0.00241022
7177	1750.089	33	0.00274266
7178	1750.333	30	0.00249333
7179	1750.577	32	0.00265955
7180	1750.821	33	0.00274266
7181	1751.065	36	0.00299199
7182	1751.309	34	0.00282577
7183	1751.552	38	0.00315822
7184	1751.796	32	0.00265955
7185	1752.040	30	0.00249333
7186	1752.284	44	0.00365688
7187	1752.528	29	0.00241022
7188	1752.772	32	0.00265955
7189	1753.016	40	0.00332444
7190	1753.259	28	0.00232711
7191	1753.503	21	0.00174533
7192	1753.747	42	0.00349066
7193	1753.991	30	0.00249333
7194	1754.235	39	0.00324133
7195	1754.479	28	0.00232711
7196	1754.723	35	0.00290888
7197	1754.966	31	0.00257644
7198	1755.210	25	0.00207777
7199	1755.454	39	0.00324133
7200	1755.698	32	0.00265955
7201	1755.942	34	0.00282577
7202	1756.186	30	0.00249333
7203	1756.430	28	0.00232711
7204	1756.674	31	0.00257644
7205	1756.917	37	0.0030751
7206	1757.161	30	0.00249333
7207	1757.405	29	0.00241022
7208	1757.649	27	0.002244
7209	1757.893	37	0.0030751
7210	1758.137	16	0.00132978
7211	1758.381	16	0.00132978
7212	1758.624	23	0.00191155
7213	1758.868	38	0.00315822
7214	1759.112	27	0.002244
7215	1759.356	19	0.00157911
7216	1759.600	23	0.00191155
7217	1759.844	30	0.00249333
7218	1760.088	25	0.00207777
7219	1760.331	27	0.002244
7220	1760.575	34	0.00282577
7221	1760.819	25	0.00207777
7222	1761.063	16	0.00132978
7223	1761.307	34	0.00282577
7224	1761.551	32	0.00265955
7225	1761.795	18	0.001496
7226	1762.039	20	0.00166222
7227	1762.282	36	0.00299199
7228	1762.526	24	0.00199466
7229	1762.770	34	0.00282577
7230	1763.014	21	0.00174533
7231	1763.258	24	0.00199466
7232	1763.502	28	0.00232711
7233	1763.746	40	0.00332444
7234	1763.989	23	0.00191155
7235	1764.233	35	0.00290888
7236	1764.477	21	0.00174533
7237	1764.721	29	0.00241022
7238	1764.965	33	0.00274266
7239	1765.209	29	0.00241022
7240	1765.453	31	0.00257644
7241	1765.697	33	0.00274266
7242	1765.940	38	0.00315822
7243	1766.184	42	0.00349066
7244	1766.428	31	0.00257644
7245	1766.672	30	0.00249333
7246	1766.916	23	0.00191155
7247	1767.160	34	0.00282577
7248	1767.404	26	0.00216088
7249	1767.647	21	0.00174533
7250	1767.891	20	0.00166222
7251	1768.135	27	0.002244
7252	1768.379	17	0.00141289
7253	1768.623	35	0.00290888
7254	1768.867	30	0.00249333
7255	1769.111	30	0.00249333
7256	1769.354	33	0.00274266
7257	1769.598	23	0.00191155
7258	1769.842	32	0.00265955
7259	1770.086	23	0.00191155
7260	1770.330	20	0.00166222
7261	1770.574	25	0.00207777
7262	1770.818	27	0.002244
7263	1771.062	24	0.00199466
7264	1771.305	29	0.00241022
7265	1771.549	21	0.00174533
7266	1771.793	25	0.00207777
7267	1772.037	26	0.00216088
7268	1772.281	34	0.00282577
7269	1772.525	28	0.00232711
7270	1772.769	25	0.00207777
7271	1773.012	37	0.0030751
7272	1773.256	14	0.00116355
7273	1773.500	29	0.00241022
7274	1773.744	30	0.00249333
7275	1773.988	27	0.002244
7276	1774.232	27	0.002244
7277	1774.476	21	0.00174533
7278	1774.719	28	0.00232711
7279	1774.963	31	0.00257644
7280	1775.207	30	0.00249333
7281	1775.451	28	0.00232711
7282	1775.695	23	0.00191155
7283	1775.939	27	0.002244
7284	1776.183	30	0.00249333
7285	1776.427	31	0.00257644
7286	1776.670	30	0.00249333
7287	1776.914	25	0.00207777
7288	1777.158	28	0.00232711
7289	1777.402	29	0.00241022
7290	1777.646	22	0.00182844
7291	1777.890	33	0.00274266
7292	1778.134	27	0.002244
7293	1778.377	25	0.00207777
7294	1778.621	19	0.00157911
7295	1778.865	25	0.00207777
7296	1779.109	17	0.00141289
7297	1779.353	19	0.00157911
7298	1779.597	23	0.00191155
7299	1779.841	21	0.00174533
7300	1780.085	27	0.002244
7301	1780.328	26	0.00216088
7302	1780.572	22	0.00182844
7303	1780.816	17	0.00141289
7304	1781.060	27	0.002244
7305	1781.304	18	0.001496
7306	1781.548	26	0.00216088
7307	1781.792	22	0.00182844
7308	1782.035	32	0.00265955
7309	1782.279	27	0.002244
7310	1782.523	29	0.00241022
7311	1782.767	21	0.00174533
7312	1783.011	33	0.00274266
7313	1783.255	22	0.00182844
7314	1783.499	17	0.00141289
7315	1783.742	24	0.00199466
7316	1783.986	30	0.00249333
7317	1784.230	22	0.00182844
7318	1784.474	29	0.00241022
7319	1784.718	17	0.00141289
7320	1784.962	19	0.00157911
7321	1785.206	16	0.00132978
7322	1785.450	28	0.00232711
7323	1785.693	25	0.00207777
7324	1785.937	27	0.002244
7325	1786.181	23	0.00191155
7326	1786.425	22	0.00182844
7327	1786.669	34	0.00282577
7328	1786.913	30	0.00249333
7329	1787.157	29	0.00241022
7330	1787.400	27	0.002244
7331	1787.644	26	0.00216088
7332	1787.888	22	0.00182844
7333	1788.132	25	0.00207777
7334	1788.376	30	0.00249333
7335	1788.620	26	0.00216088
7336	1788.864	25	0.00207777
7337	1789.108	23	0.00191155
7338	1789.351	23	0.00191155
7339	1789.595	26	0.00216088
7340	1789.839	31	0.00257644
7341	1790.083	28	0.00232711
7342	1790.327	32	0.00265955
7343	1790.571	30	0.00249333
7344	1790.815	23	0.00191155
7345	1791.058	19	0.00157911
7346	1791.302	29	0.00241022
7347	1791.546	24	0.00199466
7348	1791.790	27	0.002244
7349	1792.034	32	0.00265955
7350	1792.278	27	0.002244
7351	1792.522	32	0.00265955
7352	1792.765	33	0.00274266
7353	1793.009	10	0.000831109
7354	1793.253	24	0.00199466
7355	1793.497	28	0.00232711
7356	1793.741	20	0.00166222
7357	1793.985	22	0.00182844
7358	1794.229	14	0.00116355
7359	1794.473	21	0.00174533
7360	1794.716	24	0.00199466
7361	1794.960	26	0.00216088
7362	1795.204	26	0.00216088
7363	1795.448	30	0.00249333
7364	1795.692	33	0.00274266
7365	1795.936	23	0.00191155
7366	1796.180	40	0.00332444
7367	1796.423	30	0.00249333
7368	1796.667	23	0.00191155
7369	1796.911	26	0.00216088
7370	1797.155	30	0.00249333
7371	1797.399	22	0.00182844
7372	1797.643	25	0.00207777
7373	1797.887	20	0.00166222
7374	1798.130	32	0.00265955
7375	1798.374	26	0.00216088
7376	1798.618	21	0.00174533
7377	1798.862	29	0.00241022
7378	1799.106	26	0.00216088
7379	1799.350	26	0.00216088
7380	1799.594	26	0.00216088
7381	1799.838	28	0.00232711
7382	1800.081	36	0.00299199
7383	1800.325	29	0.00241022
7384	1800.569	17	0.00141289
7385	1800.813	34	0.00282577
7386	1801.057	31	0.00257644
7387	1801.301	22	0.00182844
7388	1801.545	24	0.00199466
7389	1801.788	26	0.00216088
7390	1802.032	27	0.002244
7391	1802.276	28	0.00232711
7392	1802.520	22	0.00182844
7393	1802.764	20	0.00166222
7394	1803.008	24	0.00199466
7395	1803.252	18	0.001496
7396	1803.496	20	0.00166222
7397	1803.739	18	0.001496
7398	1803.983	17	0.00141289
7399	1804.227	24	0.00199466
7400	1804.471	24	0.00199466
7401	1804.715	26	0.00216088
7402	1804.959	26	0.00216088
7403	1805.203	26	0.00216088
7404	1805.446	16	0.00132978
7405	1805.690	22	0.00182844
7406	1805.934	25	0.00207777
7407	1806.178	24	0.00199466
7408	1806.422	29	0.00241022
7409	1806.666	31	0.00257644
7410	1806.910	29	0.00241022
7411	1807.153	33	0.00274266
7412	1807.397	20	0.00166222
7413	1807.641	27	0.002244
7414	1807.885	25	0.00207777
7415	1808.129	22	0.00182844
7416	1808.373	25	0.00207777
7417	1808.617	23	0.00191155
7418	1808.861	21	0.00174533
7419	1809.104	33	0.00274266
7420	1809.348	18	0.001496
7421	1809.592	18	0.001496
7422	1809.836	19	0.00157911
7423	1810.080	25	0.00207777
7424	1810.324	30	0.00249333
7425	1810.568	23	0.00191155
7426	1810.811	20	0.00166222
7427	1811.055	22	0.00182844
7428	1811.299	26	0.00216088
7429	1811.543	29	0.00241022
7430	1811.787	25	0.00207777
7431	1812.031	26	0.00216088
7432	1812.275	26	0.00216088
7433	1812.518	25	0.00207777
7434	1812.762	18	0.001496
7435	1813.006	29	0.00241022
7436	1813.250	27	0.002244
7437	1813.494	20	0.00166222
7438	1813.738	25	0.00207777
7439	1813.982	23	0.00191155
7440	1814.226	14	0.00116355
7441	1814.469	29	0.00241022
7442	1814.713	19	0.00157911
7443	1814.957	24	0.00199466
7444	1815.201	22	0.00182844
7445	1815.445	20	0.00166222
7446	1815.689	19	0.00157911
7447	1815.933	20	0.00166222
7448	1816.176	17	0.00141289
7449	1816.420	29	0.00241022
7450	1816.664	22	0.00182844
7451	1816.908	31	0.00257644
7452	1817.152	18	0.001496
7453	1817.396	17	0.00141289
7454	1817.640	27	0.002244
7455	1817.884	26	0.00216088
7456	1818.127	23	0.00191155
7457	1818.371	22	0.00182844
7458	1818.615	34	0.00282577
7459	1818.859	23	0.00191155
7460	1819.103	27	0.002244
7461	1819.347	24	0.00199466
7462	1819.591	31	0.00257644
7463	1819.834	25	0.00207777
7464	1820.078	22	0.00182844
7465	1820.322	23	0.00191155
7466	1820.566	33	0.00274266
7467	1820.810	15	0.00124666
7468	1821.054	28	0.00232711
7469	1821.298	26	0.00216088
7470	1821.541	26	0.00216088
7471	1821.785	26	0.00216088
7472	1822.029	20	0.00166222
7473	1822.273	23	0.00191155
7474	1822.517	15	0.00124666
7475	1822.761	26	0.00216088
7476	1823.005	17	0.00141289
7477	1823.249	29	0.00241022
7478	1823.492	30	0.00249333
7479	1823.736	30	0.00249333
7480	1823.980	28	0.00232711
7481	1824.224	28	0.00232711
7482	1824.468	20	0.00166222
7483	1824.712	24	0.00199466
7484	1824.956	20	0.00166222
7485	1825.199	30	0.00249333
7486	1825.443	29	0.00241022
7487	1825.687	25	0.00207777
7488	1825.931	28	0.00232711
7489	1826.175	29	0.00241022
7490	1826.419	33	0.00274266
7491	1826.663	35	0.00290888
7492	1826.906	27	0.002244
7493	1827.150	34	0.00282577
7494	1827.394	36	0.00299199
7495	1827.638	33	0.00274266
7496	1827.882	30	0.00249333
7497	1828.126	27	0.002244
7498	1828.370	30	0.00249333
7499	1828.614	32	0.00265955
7500	1828.857	27	0.002244
7501	1829.101	35	0.00290888
7502	1829.345	27	0.002244
7503	1829.589	32	0.00265955
7504	1829.833	37	0.0030751
7505	1830.077	33	0.00274266
7506	1830.321	20	0.00166222
7507	1830.564	33	0.00274266
7508	1830.808	35	0.00290888
7509	1831.052	27	0.002244
7510	1831.296	29	0.00241022
7511	1831.540	31	0.00257644
7512	1831.784	35	0.00290888
7513	1832.028	35	0.00290888
7514	1832.272	36	0.00299199
7515	1832.515	40	0.00332444
7516	1832.759	41	0.00340755
7517	1833.003	52	0.00432177
7518	1833.247	63	0.00523599
7519	1833.491	103	0.00856043
7520	1833.735	139	0.0115524
7521	1833.979	191	0.0158742
7522	1834.222	252	0.020944
7523	1834.466	434	0.0360701
7524	1834.710	675	0.0560999
7525	1834.954	1203	0.0999825
7526	1835.198	1841	0.153007
7527	1835.442	2726	0.22656
7528	1835.686	4113	0.341835
7529	1835.929	5846	0.485867
7530	1836.173	7951	0.660815
7531	1836.417	10238	0.85089
7532	1836.661	12451	1.03481
7533	1836.905	14302	1.18865
7534	1837.149	15873	1.31922
7535	1837.393	16071	1.33568
7536	1837.637	15603	1.29678
7537	1837.880	14162	1.17702
7538	1838.124	12076	1.00365
7539	1838.368	9837	0.817562
7540	1838.612	7370	0.612528
7541	1838.856	5308	0.441153
7542	1839.100	3622	0.301028
7543	1839.344	2232	0.185504
7544	1839.587	1266	0.105218
7545	1839.831	726	0.0603385
7546	1840.075	399	0.0331613
7547	1840.319	195	0.0162066
7548	1840.563	107	0.00889287
7549	1840.807	79	0.00656576
7550	1841.051	64	0.0053191
7551	1841.295	44	0.00365688
7552	1841.538	64	0.0053191
7553	1841.782	52	0.00432177
7554	1842.026	58	0.00482043
7555	1842.270	57	0.00473732
7556	1842.514	41	0.00340755
7557	1842.758	41	0.00340755
7558	1843.002	38	0.00315822
7559	1843.245	38	0.00315822
7560	1843.489	33	0.00274266
7561	1843.733	34	0.00282577
7562	1843.977	19	0.00157911
7563	1844.221	28	0.00232711
7564	1844.465	40	0.00332444
7565	1844.709	37	0.0030751
7566	1844.952	21	0.00174533
7567	1845.196	25	0.00207777
7568	1845.440	23	0.00191155
7569	1845.684	31	0.00257644
7570	1845.928	30	0.00249333
7571	1846.172	23	0.00191155
7572	1846.416	24	0.00199466
7573	1846.660	26	0.00216088
7574	1846.903	33	0.00274266
7575	1847.147	28	0.00232711
7576	1847.391	26	0.00216088
7577	1847.635	26	0.00216088
7578	1847.879	37	0.0030751
7579	1848.123	25	0.00207777
7580	1848.367	16	0.00132978
7581	1848.610	37	0.0030751
7582	1848.854	35	0.00290888
7583	1849.098	28	0.00232711
7584	1849.342	47	0.00390621
7585	1849.586	77	0.00639954
7586	1849.830	76	0.00631643
7587	1850.074	119	0.0098902
7588	1850.317	138	0.0114693
7589	1850.561	169	0.0140457
7590	1850.805	212	0.0176195
7591	1851.049	227	0.0188662
7592	1851.293	247	0.0205284
7593	1851.537	250	0.0207777
7594	1851.781	255	0.0211933
7595	1852.025	197	0.0163729
7596	1852.268	202	0.0167884
7597	1852.512	172	0.0142951
7598	1852.756	157	0.0130484
7599	1853.000	128	0.0106382
7600	1853.244	112	0.00930843
7601	1853.488	85	0.00706443
7602	1853.732	71	0.00590088
7603	1853.975	66	0.00548532
7604	1854.219	55	0.0045711
7605	1854.463	48	0.00398933
7606	1854.707	44	0.00365688
7607	1854.951	32	0.00265955
7608	1855.195	16	0.00132978
7609	1855.439	30	0.00249333
7610	1855.683	21	0.00174533
7611	1855.926	15	0.00124666
7612	1856.170	21	0.00174533
7613	1856.414	18	0.001496
7614	1856.658	12	0.000997331
7615	1856.902	19	0.00157911
7616	1857.146	15	0.00124666
7617	1857.390	16	0.00132978
7618	1857.633	16	0.00132978
7619	1857.877	15	0.00124666
7620	1858.121	14	0.00116355
7621	1858.365	21	0.00174533
7622	1858.609	17	0.00141289
7623	1858.853	14	0.00116355
7624	1859.097	20	0.00166222
7625	1859.340	20	0.00166222
7626	1859.584	20	0.00166222
7627	1859.828	14	0.00116355
7628	1860.072	26	0.00216088
7629	1860.316	22	0.00182844
7630	1860.560	16	0.00132978
7631	1860.804	13	0.00108044
7632	1861.048	6	0.000498666
7633	1861.291	13	0.00108044
7634	1861.535	16	0.00132978
7635	1861.779	12	0.000997331
7636	1862.023	16	0.00132978
7637	1862.267	10	0.000831109
7638	1862.511	13	0.00108044
7639	1862.755	9	0.000747998
7640	1862.998	12	0.000997331
7641	1863.242	16	0.00132978
7642	1863.486	7	0.000581777
7643	1863.730	7	0.000581777
7644	1863.974	10	0.000831109
7645	1864.218	14	0.00116355
7646	1864.462	9	0.000747998
7647	1864.705	14	0.00116355
7648	1864.949	7	0.000581777
7649	1865.193	15	0.00124666
7650	1865.437	10	0.000831109
7651	1865.681	12	0.000997331
7652	1865.925	3	0.000249333
7653	1866.169	11	0.00091422
7654	1866.413	6	0.000498666
7655	1866.656	5	0.000415555
7656	1866.900	11	0.00091422
7657	1867.144	13	0.00108044
7658	1867.388	6	0.000498666
7659	1867.632	6	0.000498666
7660	1867.876	11	0.00091422
7661	1868.120	11	0.00091422
7662	1868.363	18	0.001496
7663	1868.607	9	0.000747998
7664	1868.851	13	0.00108044
7665	1869.095	8	0.000664888
7666	1869.339	7	0.000581777
7667	1869.583	5	0.000415555
7668	1869.827	16	0.00132978
7669	1870.071	7	0.000581777
7670	1870.314	8	0.000664888
7671	1870.558	7	0.000581777
7672	1870.802	7	0.000581777
7673	1871.046	9	0.000747998
7674	1871.290	9	0.000747998
7675	1871.534	9	0.000747998
7676	1871.778	4	0.000332444
7677	1872.021	13	0.00108044
7678	1872.265	9	0.000747998
7679	1872.509	10	0.000831109
7680	1872.753	7	0.000581777
7681	1872.997	8	0.000664888
7682	1873.241	8	0.000664888
7683	1873.485	16	0.00132978
7684	1873.728	12	0.000997331
7685	1873.972	10	0.000831109
7686	1874.216	12	0.000997331
7687	1874.460	5	0.000415555
7688	1874.704	3	0.000249333
7689	1874.948	11	0.00091422
7690	1875.192	10	0.000831109
7691	1875.436	7	0.000581777
7692	1875.679	8	0.000664888
7693	1875.923	5	0.000415555
7694	1876.167	4	0.000332444
7695	1876.411	8	0.000664888
7696	1876.655	8	0.000664888
7697	1876.899	13	0.00108044
7698	1877.143	11	0.00091422
7699	1877.386	11	0.00091422
7700	1877.630	8	0.000664888
7701	1877.874	11	0.00091422
7702	1878.118	10	0.000831109
7703	1878.362	9	0.000747998
7704	1878.606	9	0.000747998
7705	1878.850	12	0.000997331
7706	1879.093	18	0.001496
7707	1879.337	7	0.000581777
7708	1879.581	4	0.000332444
7709	1879.825	8	0.000664888
7710	1880.069	7	0.000581777
7711	1880.313	11	0.00091422
7712	1880.557	5	0.000415555
7713	1880.801	8	0.000664888
7714	1881.044	9	0.000747998
7715	1881.288	8	0.000664888
7716	1881.532	3	0.000249333
7717	1881.776	8	0.000664888
7718	1882.020	7	0.000581777
7719	1882.264	9	0.000747998
7720	1882.508	12	0.000997331
7721	1882.751	7	0.000581777
7722	1882.995	9	0.000747998
7723	1883.239	9	0.000747998
7724	1883.483	10	0.000831109
7725	1883.727	6	0.000498666
7726	1883.971	9	0.000747998
7727	1884.215	6	0.000498666
7728	1884.459	10	0.000831109
7729	1884.702	11	0.00091422
7730	1884.946	7	0.000581777
7731	1885.190	11	0.00091422
7732	1885.434	11	0.00091422
7733	1885.678	12	0.000997331
7734	1885.922	9	0.000747998
7735	1886.166	10	0.000831109
7736	1886.409	10	0.000831109
7737	1886.653	14	0.00116355
7738	1886.897	7	0.000581777
7739	1887.141	8	0.000664888
7740	1887.385	13	0.00108044
7741	1887.629	10	0.000831109
7742	1887.873	7	0.000581777
7743	1888.116	6	0.000498666
7744	1888.360	4	0.000332444
7745	1888.604	7	0.000581777
7746	1888.848	6	0.000498666
7747	1889.092	10	0.000831109
7748	1889.336	7	0.000581777
7749	1889.580	9	0.000747998
7750	1889.824	9	0.000747998
7751	1890.067	8	0.000664888
7752	1890.311	8	0.000664888
7753	1890.555	15	0.00124666
7754	1890.799	8	0.000664888
7755	1891.043	13	0.00108044
7756	1891.287	5	0.000415555
7757	1891.531	12	0.000997331
7758	1891.774	12	0.000997331
7759	1892.018	9	0.000747998
7760	1892.262	6	0.000498666
7761	1892.506	7	0.000581777
7762	1892.750	10	0.000831109
7763	1892.994	7	0.000581777
7764	1893.238	13	0.00108044
7765	1893.482	3	0.000249333
7766	1893.725	7	0.000581777
7767	1893.969	10	0.000831109
7768	1894.213	12	0.000997331
7769	1894.457	7	0.000581777
7770	1894.701	7	0.000581777
7771	1894.945	8	0.000664888
7772	1895.189	10	0.000831109
7773	1895.432	6	0.000498666
7774	1895.676	9	0.000747998
7775	1895.920	12	0.000997331
7776	1896.164	10	0.000831109
7777	1896.408	15	0.00124666
7778	1896.652	14	0.00116355
7779	1896.896	8	0.000664888
7780	1897.139	9	0.000747998
7781	1897.383	15	0.00124666
7782	1897.627	14	0.00116355
7783	1897.871	9	0.000747998
7784	1898.115	6	0.000498666
7785	1898.359	5	0.000415555
7786	1898.603	4	0.000332444
7787	1898.847	11	0.00091422
7788	1899.090	5	0.000415555
7789	1899.334	4	0.000332444
7790	1899.578	10	0.000831109
7791	1899.822	13	0.00108044
7792	1900.066	9	0.000747998
7793	1900.310	9	0.000747998
7794	1900.554	12	0.000997331
7795	1900.797	6	0.000498666
7796	1901.041	8	0.000664888
7797	1901.285	6	0.000498666
7798	1901.529	7	0.000581777
7799	1901.773	9	0.000747998
7800	1902.017	12	0.000997331
7801	1902.261	10	0.000831109
7802	1902.504	7	0.000581777
7803	1902.748	11	0.00091422
7804	1902.992	7	0.000581777
7805	1903.236	9	0.000747998
7806	1903.480	8	0.000664888
7807	1903.724	11	0.00091422
7808	1903.968	12	0.000997331
7809	1904.212	8	0.000664888
7810	1904.455	10	0.000831109
7811	1904.699	7	0.000581777
7812	1904.943	10	0.000831109
7813	1905.187	10	0.000831109
7814	1905.431	8	0.000664888
7815	1905.675	8	0.000664888
7816	1905.919	4	0.000332444
7817	1906.162	9	0.000747998
7818	1906.406	5	0.000415555
7819	1906.650	4	0.000332444
7820	1906.894	8	0.000664888
7821	1907.138	4	0.000332444
7822	1907.382	12	0.000997331
7823	1907.626	11	0.00091422
7824	1907.870	9	0.000747998
7825	1908.113	9	0.000747998
7826	1908.357	9	0.000747998
7827	1908.601	9	0.000747998
7828	1908.845	5	0.000415555
7829	1909.089	8	0.000664888
7830	1909.333	6	0.000498666
7831	1909.577	5	0.000415555
7832	1909.820	3	0.000249333
7833	1910.064	7	0.000581777
7834	1910.308	11	0.00091422
7835	1910.552	11	0.00091422
7836	1910.796	5	0.000415555
7837	1911.040	8	0.000664888
7838	1911.284	13	0.00108044
7839	1911.527	6	0.000498666
7840	1911.771	6	0.000498666
7841	1912.015	10	0.000831109
7842	1912.259	5	0.000415555
7843	1912.503	12	0.000997331
7844	1912.747	8	0.000664888
7845	1912.991	6	0.000498666
7846	1913.235	14	0.00116355
7847	1913.478	7	0.000581777
7848	1913.722	7	0.000581777
7849	1913.966	10	0.000831109
7850	1914.210	5	0.000415555
7851	1914.454	8	0.000664888
7852	1914.698	12	0.000997331
7853	1914.942	5	0.000415555
7854	1915.185	7	0.000581777
7855	1915.429	9	0.000747998
7856	1915.673	11	0.00091422
7857	1915.917	10	0.000831109
7858	1916.161	8	0.000664888
7859	1916.405	3	0.000249333
7860	1916.649	9	0.000747998
7861	1916.892	9	0.000747998
7862	1917.136	8	0.000664888
7863	1917.380	9	0.000747998
7864	1917.624	6	0.000498666
7865	1917.868	5	0.000415555
7866	1918.112	7	0.000581777
7867	1918.356	6	0.000498666
7868	1918.600	13	0.00108044
7869	1918.843	13	0.00108044
7870	1919.087	14	0.00116355
7871	1919.331	6	0.000498666
7872	1919.575	10	0.000831109
7873	1919.819	5	0.000415555
7874	1920.063	7	0.000581777
7875	1920.307	9	0.000747998
7876	1920.550	13	0.00108044
7877	1920.794	4	0.000332444
7878	1921.038	7	0.000581777
7879	1921.282	11	0.00091422
7880	1921.526	9	0.000747998
7881	1921.770	7	0.000581777
7882	1922.014	9	0.000747998
7883	1922.258	9	0.000747998
7884	1922.501	9	0.000747998
7885	1922.745	11	0.00091422
7886	1922.989	8	0.000664888
7887	1923.233	10	0.000831109
7888	1923.477	7	0.000581777
7889	1923.721	11	0.00091422
7890	1923.965	8	0.000664888
7891	1924.208	6	0.000498666
7892	1924.452	4	0.000332444
7893	1924.696	8	0.000664888
7894	1924.940	10	0.000831109
7895	1925.184	10	0.000831109
7896	1925.428	7	0.000581777
7897	1925.672	7	0.000581777
7898	1925.915	4	0.000332444
7899	1926.159	7	0.000581777
7900	1926.403	15	0.00124666
7901	1926.647	6	0.000498666
7902	1926.891	12	0.000997331
7903	1927.135	19	0.00157911
7904	1927.379	6	0.000498666
7905	1927.623	10	0.000831109
7906	1927.866	17	0.00141289
7907	1928.110	3	0.000249333
7908	1928.354	7	0.000581777
7909	1928.598	15	0.00124666
7910	1928.842	10	0.000831109
7911	1929.086	8	0.000664888
7912	1929.330	6	0.000498666
7913	1929.573	11	0.00091422
7914	1929.817	10	0.000831109
7915	1930.061	10	0.000831109
7916	1930.305	8	0.000664888
7917	1930.549	10	0.000831109
7918	1930.793	11	0.00091422
7919	1931.037	11	0.00091422
7920	1931.280	8	0.000664888
7921	1931.524	12	0.000997331
7922	1931.768	8	0.000664888
7923	1932.012	7	0.000581777
7924	1932.256	6	0.000498666
7925	1932.500	8	0.000664888
7926	1932.744	12	0.000997331
7927	1932.988	5	0.000415555
7928	1933.231	19	0.00157911
7929	1933.475	10	0.000831109
7930	1933.719	8	0.000664888
7931	1933.963	6	0.000498666
7932	1934.207	10	0.000831109
7933	1934.451	5	0.000415555
7934	1934.695	9	0.000747998
7935	1934.938	7	0.000581777
7936	1935.182	5	0.000415555
7937	1935.426	13	0.00108044
7938	1935.670	7	0.000581777
7939	1935.914	10	0.000831109
7940	1936.158	8	0.000664888
7941	1936.402	9	0.000747998
7942	1936.646	9	0.000747998
7943	1936.889	4	0.000332444
7944	1937.133	9	0.000747998
7945	1937.377	9	0.000747998
7946	1937.621	4	0.000332444
7947	1937.865	10	0.000831109
7948	1938.109	10	0.000831109
7949	1938.353	5	0.000415555
7950	1938.596	7	0.000581777
7951	1938.840	6	0.000498666
7952	1939.084	8	0.000664888
7953	1939.328	8	0.000664888
7954	1939.572	9	0.000747998
7955	1939.816	4	0.000332444
7956	1940.060	4	0.000332444
7957	1940.303	8	0.000664888
7958	1940.547	12	0.000997331
7959	1940.791	7	0.000581777
7960	1941.035	9	0.000747998
7961	1941.279	11	0.00091422
7962	1941.523	7	0.000581777
7963	1941.767	12	0.000997331
7964	1942.011	8	0.000664888
7965	1942.254	6	0.000498666
7966	1942.498	4	0.000332444
7967	1942.742	6	0.000498666
7968	1942.986	15	0.00124666
7969	1943.230	7	0.000581777
7970	1943.474	11	0.00091422
7971	1943.718	6	0.000498666
7972	1943.961	11	0.00091422
7973	1944.205	12	0.000997331
7974	1944.449	12	0.000997331
7975	1944.693	11	0.00091422
7976	1944.937	10	0.000831109
7977	1945.181	10	0.000831109
7978	1945.425	10	0.000831109
7979	1945.669	10	0.000831109
7980	1945.912	9	0.000747998
7981	1946.156	7	0.000581777
7982	1946.400	9	0.000747998
7983	1946.644	6	0.000498666
7984	1946.888	9	0.000747998
7985	1947.132	8	0.000664888
7986	1947.376	6	0.000498666
7987	1947.619	7	0.000581777
7988	1947.863	7	0.000581777
7989	1948.107	7	0.000581777
7990	1948.351	10	0.000831109
7991	1948.595	11	0.00091422
7992	1948.839	11	0.00091422
7993	1949.083	6	0.000498666
7994	1949.326	10	0.000831109
7995	1949.570	8	0.000664888
7996	1949.814	7	0.000581777
7997	1950.058	8	0.000664888
7998	1950.302	11	0.00091422
7999	1950.546	10	0.000831109
8000	1950.790	5	0.000415555
8001	1951.034	10	0.000831109
8002	1951.277	11	0.00091422
8003	1951.521	5	0.000415555
8004	1951.765	7	0.000581777
8005	1952.009	12	0.000997331
8006	1952.253	12	0.000997331
8007	1952.497	8	0.000664888
8008	1952.741	5	0.000415555
8009	1952.984	9	0.000747998
8010	1953.228	10	0.000831109
8011	1953.472	9	0.000747998
8012	1953.716	15	0.00124666
8013	1953.960	7	0.000581777
8014	1954.204	4	0.000332444
8015	1954.448	9	0.000747998
8016	1954.691	6	0.000498666
8017	1954.935	6	0.000498666
8018	1955.179	12	0.000997331
8019	1955.423	8	0.000664888
8020	1955.667	9	0.000747998
8021	1955.911	10	0.000831109
8022	1956.155	6	0.000498666
8023	1956.399	12	0.000997331
8024	1956.642	4	0.000332444
8025	1956.886	8	0.000664888
8026	1957.130	10	0.000831109
8027	1957.374	11	0.00091422
8028	1957.618	10	0.000831109
8029	1957.862	12	0.000997331
8030	1958.106	9	0.000747998
8031	1958.349	7	0.000581777
8032	1958.593	6	0.000498666
8033	1958.837	11	0.00091422
8034	1959.081	10	0.000831109
8035	1959.325	9	0.000747998
8036	1959.569	8	0.000664888
8037	1959.813	14	0.00116355
8038	1960.057	13	0.00108044
8039	1960.300	7	0.000581777
8040	1960.544	9	0.000747998
8041	1960.788	9	0.000747998
8042	1961.032	11	0.00091422
8043	1961.276	12	0.000997331
8044	1961.520	8	0.000664888
8045	1961.764	5	0.000415555
8046	1962.007	5	0.000415555
8047	1962.251	5	0.000415555
8048	1962.495	9	0.000747998
8049	1962.739	9	0.000747998
8050	1962.983	7	0.000581777
8051	1963.227	2	0.000166222
8052	1963.471	6	0.000498666
8053	1963.714	17	0.00141289
8054	1963.958	5	0.000415555
8055	1964.202	4	0.000332444
8056	1964.446	9	0.000747998
8057	1964.690	11	0.00091422
8058	1964.934	5	0.000415555
8059	1965.178	10	0.000831109
8060	1965.422	7	0.000581777
8061	1965.665	8	0.000664888
8062	1965.909	10	0.000831109
8063	1966.153	12	0.000997331
8064	1966.397	10	0.000831109
8065	1966.641	5	0.000415555
8066	1966.885	12	0.000997331
8067	1967.129	5	0.000415555
8068	1967.372	15	0.00124666
8069	1967.616	7	0.000581777
8070	1967.860	5	0.000415555
8071	1968.104	9	0.000747998
8072	1968.348	9	0.000747998
8073	1968.592	6	0.000498666
8074	1968.836	11	0.00091422
8075	1969.079	10	0.000831109
8076	1969.323	6	0.000498666
8077	1969.567	10	0.000831109
8078	1969.811	10	0.000831109
8079	1970.055	7	0.000581777
8080	1970.299	8	0.000664888
8081	1970.543	7	0.000581777
8082	1970.787	7	0.000581777
8083	1971.030	11	0.00091422
8084	1971.274	6	0.000498666
8085	1971.518	10	0.000831109
8086	1971.762	7	0.000581777
8087	1972.006	12	0.000997331
8088	1972.250	7	0.000581777
8089	1972.494	12	0.000997331
8090	1972.737	6	0.000498666
8091	1972.981	7	0.000581777
8092	1973.225	7	0.000581777
8093	1973.469	9	0.000747998
8094	1973.713	6	0.000498666
8095	1973.957	8	0.000664888
8096	1974.201	5	0.000415555
8097	1974.445	8	0.000664888
8098	1974.688	11	0.00091422
8099	1974.932	5	0.000415555
8100	1975.176	10	0.000831109
8101	1975.420	8	0.000664888
8102	1975.664	4	0.000332444
8103	1975.908	8	0.000664888
8104	1976.152	10	0.000831109
8105	1976.395	7	0.000581777
8106	1976.639	7	0.000581777
8107	1976.883	7	0.000581777
8108	1977.127	8	0.000664888
8109	1977.371	15	0.00124666
8110	1977.615	9	0.000747998
8111	1977.859	9	0.000747998
8112	1978.102	10	0.000831109
8113	1978.346	4	0.000332444
8114	1978.590	5	0.000415555
8115	1978.834	5	0.000415555
8116	1979.078	13	0.00108044
8117	1979.322	8	0.000664888
8118	1979.566	10	0.000831109
8119	1979.810	6	0.000498666
8120	1980.053	9	0.000747998
8121	1980.297	12	0.000997331
8122	1980.541	7	0.000581777
8123	1980.785	6	0.000498666
8124	1981.029	9	0.000747998
8125	1981.273	11	0.00091422
8126	1981.517	9	0.000747998
8127	1981.760	9	0.000747998
8128	1982.004	7	0.000581777
8129	1982.248	6	0.000498666
8130	1982.492	14	0.00116355
8131	1982.736	11	0.00091422
8132	1982.980	8	0.000664888
8133	1983.224	7	0.000581777
8134	1983.468	8	0.000664888
8135	1983.711	9	0.000747998
8136	1983.955	7	0.000581777
8137	1984.199	2	0.000166222
8138	1984.443	6	0.000498666
8139	1984.687	7	0.000581777
8140	1984.931	9	0.000747998
8141	1985.175	7	0.000581777
8142	1985.418	6	0.000498666
8143	1985.662	5	0.000415555
8144	1985.906	8	0.000664888
8145	1986.150	7	0.000581777
8146	1986.394	7	0.000581777
8147	1986.638	11	0.00091422
8148	1986.882	6	0.000498666
8149	1987.125	8	0.000664888
8150	1987.369	7	0.000581777
8151	1987.613	9	0.000747998
8152	1987.857	7	0.000581777
8153	1988.101	9	0.000747998
8154	1988.345	13	0.00108044
8155	1988.589	11	0.00091422
8156	1988.833	8	0.000664888
8157	1989.076	8	0.000664888
8158	1989.320	7	0.000581777
8159	1989.564	11	0.00091422
8160	1989.808	9	0.000747998
8161	1990.052	8	0.000664888
8162	1990.296	3	0.000249333
8163	1990.540	11	0.00091422
8164	1990.783	7	0.000581777
8165	1991.027	4	0.000332444
8166	1991.271	14	0.00116355
8167	1991.515	8	0.000664888
8168	1991.759	12	0.000997331
8169	1992.003	9	0.000747998
8170	1992.247	7	0.000581777
8171	1992.490	6	0.000498666
8172	1992.734	6	0.000498666
8173	1992.978	8	0.000664888
8174	1993.222	5	0.000415555
8175	1993.466	10	0.000831109
8176	1993.710	9	0.000747998
8177	1993.954	13	0.00108044
8178	1994.198	7	0.000581777
8179	1994.441	9	0.000747998
8180	1994.685	9	0.000747998
8181	1994.929	4	0.000332444
8182	1995.173	8	0.000664888
8183	1995.417	14	0.00116355
8184	1995.661	11	0.00091422
8185	1995.905	11	0.00091422
8186	1996.148	7	0.000581777
8187	1996.392	10	0.000831109
8188	1996.636	6	0.000498666
8189	1996.880	13	0.00108044
8190	1997.124	12	0.000997331
8191	1997.368	9	0.000747998
8192	1997.612	11	0.00091422
